frame,matches,corr_3d2d,inliers,success,pnp_success,pnp_inliers,t_norm,rot_angle,reproj_rmse
1,250,243,235,True,True,235,0.005574189093519097,0.29521694765385814,0.5183336439218865
2,250,248,242,True,True,242,0.004536514734775219,0.2560060697719712,0.5033945327708138
3,250,247,237,True,True,237,0.00557856691841994,0.4837889763836397,0.5785357547059624
4,250,247,227,True,True,227,0.008401156926947397,0.5229431429628911,0.7235185328013619
5,250,240,229,True,True,229,0.0055471620475095506,0.5936389210571119,0.6939792900315218
6,250,240,209,True,True,209,0.0045888226883723645,0.7353803842729211,0.7182262388339515
7,250,236,211,True,True,211,0.0030098447550419515,0.5832102661797396,0.7835918468520651
8,250,237,214,True,True,214,0.002559102252146398,0.9044152753801957,0.8138747760198225
9,250,225,205,True,True,205,0.005105852363041434,1.2019050629509467,0.7929520523589001
10,250,220,204,True,True,204,0.004981465309566192,0.9979341279924696,0.7584008684988903
11,250,231,216,True,True,216,0.0028553009925763023,0.8672780840627927,0.75664334974464
12,250,240,234,True,True,234,0.0053642957108724085,0.14494034181771892,0.3833474931300422
13,250,230,217,True,True,217,0.0024401186018282407,0.25780093870627663,0.6078775260180131
14,250,237,224,True,True,224,0.00904013637187094,0.33595277317076266,0.613418019490697
15,250,229,224,True,True,224,0.004602089889949666,0.42494051727055915,0.6573657483027864
16,250,224,207,True,True,207,0.001679561862912933,0.6068985861727522,0.6122752839619441
17,250,221,212,True,True,212,0.0022951595067163136,0.24869551185875474,0.5563840404511577
18,250,237,227,True,True,227,0.0025541862010386284,0.14474550794961863,0.46906084635137874
19,250,242,237,True,True,237,0.003732210441276916,0.10937742286259407,0.27525712237385913
20,250,233,223,True,True,223,0.0041642515445886865,0.44498070425125097,0.5296041633846202
21,250,240,231,True,True,231,0.003645265787874643,0.692117433841828,0.6508361402492389
22,250,240,213,True,True,213,0.00613842519947235,1.1653250770642378,0.7765948607245068
23,250,236,218,True,True,218,0.001277593833050288,0.9919058046469438,0.8083746310079016
24,250,226,215,True,True,215,0.004168342374759808,0.6799031004853919,0.7310355911628217
25,250,241,232,True,True,232,0.005887079185210977,0.3543398305500273,0.6346037389425765
26,250,242,225,True,True,225,0.007574348640969504,0.28820515492697124,0.5593431564036385
27,250,246,240,True,True,240,0.0036573198532328303,0.17948640705498897,0.459515439902838
28,250,239,220,True,True,220,0.00268061441400279,0.33437946243227445,0.5780296243517575
29,250,234,224,True,True,224,0.0020175464844231364,0.3900024764613519,0.5918360753030153
30,250,236,220,True,True,220,0.0024740696531512867,0.47925768775016386,0.5489650707306143
31,250,228,224,True,True,224,0.0036677029935896204,0.40848308846527526,0.5520824061600816
32,250,242,232,True,True,232,0.0019240861198623193,0.24090208257716655,0.353465522242388
33,250,230,229,True,True,229,0.00248873035445143,0.12026803149324951,0.39563104206568106
34,250,242,236,False,False,236,0.00029503198471236624,0.054265870968758755,
35,250,239,236,True,True,236,0.00291477460375573,0.11014095702358925,0.26229549091406223
36,250,244,242,True,True,242,0.002325084644599913,0.12421156321809183,0.20733952576552583
37,250,243,233,True,True,233,0.002962446844774422,0.2576414441750632,0.40664892359901644
38,250,235,219,True,True,219,0.002854442280958574,0.3494094472023101,0.5347991147438036
39,250,241,232,True,True,232,0.002723011937153862,0.3891200843500698,0.6795434052443109
40,250,244,233,True,True,233,0.0036574455950199158,0.27601444526847196,0.4986496215057864
41,250,241,221,True,True,221,0.0022862229684760195,0.7354164894609271,0.6806648739993356
42,250,237,225,True,True,225,0.005382597513618801,0.7357147384042052,0.6825513802753639
43,250,234,216,True,True,216,0.003794956802819125,0.6307905680711642,0.670263896759598
44,250,242,233,True,True,233,0.005099823992290336,0.1713131067483936,0.4048297833168334
45,250,237,228,True,True,228,0.0018808966411395219,0.7782225964758795,0.8403247244109386
46,250,242,230,True,True,230,0.0018557783540782214,1.0525248781379304,0.7358788040731041
47,250,234,221,True,True,221,0.003733207366115285,0.6295341896541098,0.6974307699792751
48,250,237,231,True,True,231,0.00628782537690638,0.21732518070760828,0.4377388682551915
49,250,222,209,True,True,209,0.004876647773912644,0.4363386401464178,0.6291296823549688
50,250,228,222,True,True,222,0.00399113525285523,0.23223401434011398,0.5010499862516945
51,250,224,214,True,True,214,0.0036445223608054193,0.1408039793744729,0.49373235891047684
52,250,224,214,True,True,214,0.006586913396878453,0.5702735201709156,0.683527735925267
53,250,236,231,True,True,231,0.0036726962680414385,0.5980029154560805,0.699955774895276
54,250,232,219,True,True,219,0.0037992636233625246,0.7069682458250653,0.7224620942567734
55,250,233,217,True,True,217,0.005727200923657046,0.6907342092657037,0.5545190485453684
56,250,230,213,True,True,213,0.004802267165128206,0.3579139067346509,0.6526809441488499
57,250,241,235,True,True,235,0.002776831370781311,0.06776912267446687,0.22708649908275846
58,250,216,200,True,True,200,0.0051423024011204785,0.47083082908250995,0.5576776122703268
59,250,232,221,True,True,221,0.0037256324284721835,0.6567820260139524,0.7144561533486296
60,250,235,213,True,True,213,0.0019574868392307075,0.7536868940478672,0.739687962661819
61,250,229,212,True,True,212,0.004349477216226205,0.5839589802395062,0.6376431997617881
62,250,235,231,True,True,231,0.005289207459085134,0.2633011231993581,0.44192298257416657
63,250,240,234,True,True,234,0.004014480027894629,0.16966871573789902,0.2782690761603864
64,250,221,217,True,True,217,0.0030925295859516857,0.3287964571849024,0.5267025848573987
65,250,217,211,True,True,211,0.004822449022577134,0.41209131560569756,0.637817846682711
66,250,227,217,True,True,217,0.0036291150324843395,0.27141608081953233,0.5373887503510775
67,250,227,224,True,True,224,0.0030868346359099173,0.17647307682869962,0.3453006147366972
68,250,243,243,False,False,243,4.448926448472184e-08,0.0,
69,250,242,240,True,True,240,0.0006611597177036822,0.012581050536592822,0.10368342370360692
70,250,226,226,True,True,226,0.0008425442020560907,0.028915621031332685,0.08146799155596979
71,250,229,225,True,True,225,0.0018176700965518609,0.05785481229986439,0.28427761511515626
72,250,228,224,True,True,224,0.002313357295006075,0.16112867362234864,0.36047360509598825
73,250,238,234,True,True,234,0.004065797523971542,0.1415180364714049,0.38343252826625546
74,250,238,223,True,True,223,0.006168238017160522,0.378062206514778,0.6131344847960891
75,250,234,218,True,True,218,0.004130633595026921,0.4502537790402942,0.7025149663598091
76,250,238,217,True,True,217,0.004777997366345794,0.437433478851805,0.6611521551613448
77,250,236,222,True,True,222,0.00430254279002264,0.2478866432578828,0.5688162596575796
78,250,234,233,True,True,233,0.004185549644568021,0.17885759028819145,0.45225548575171426
79,250,245,241,True,True,241,0.00031618645045713815,0.0033514827667965566,0.1281889170314868
80,250,237,234,True,True,234,0.0011771232032171787,0.011402410673262186,0.18707194437502705
81,250,241,238,True,True,238,0.0019558595264627444,0.09514114452004602,0.22529880739830915
82,250,238,237,False,False,237,1.52879329010661e-08,0.0,
83,250,242,240,False,False,240,4.162484004427608e-08,0.0,
84,250,244,238,True,True,238,0.0026772114651139513,0.0891575779789602,0.22717510372766883
85,250,231,229,True,True,229,0.001806123124786962,0.05025041984568837,0.17013957572742247
86,250,234,231,True,True,231,0.00395953474557511,0.11505173462221044,0.2541086509067521
87,250,234,224,True,True,224,0.0017064500179580016,0.05800622568205581,0.16187248900790177
88,250,229,226,True,True,226,0.002630849639079654,0.09171022220242603,0.1876745638003785
89,250,239,235,True,True,235,0.0026225722850167494,0.12221278599819664,0.3064935473763399
90,250,237,237,True,True,237,0.0008619739851688121,0.0295887735378865,0.12588300488859158
91,250,247,243,True,True,243,0.0010015485433094936,0.03831528552698303,0.2005524252994402
92,250,243,238,True,True,238,0.0014529985960466312,0.07487811878398175,0.27018280544607604
93,250,234,234,True,True,234,0.0016333016833343975,0.14876324614716135,0.28903073589745304
94,250,232,230,True,True,230,0.001223606127257658,0.11685241509452823,0.2700521243518436
95,250,242,236,False,False,236,0.00028072711392906067,0.02501100327925325,
96,250,237,236,False,False,236,0.00011583000825314632,0.0011864898229290142,
97,250,247,243,False,False,243,0.00015998403063215074,0.010345897166738435,
98,250,241,240,True,True,240,0.003715049100088735,0.12268178671749053,0.3653626698568524
99,250,243,240,True,True,240,0.000774844639214393,0.04590036468730566,0.23680276246772727
100,250,238,237,False,False,237,0.00018375150162429815,0.0048722720419025365,
101,250,207,204,True,True,204,0.00232434719784024,0.07540233337541233,0.20517496410346184
102,250,232,232,True,True,232,0.0034244310048882572,0.12908669722456867,0.31830341067751955
103,250,228,226,True,True,226,0.0023439608976641045,0.14288327575808504,0.4285318818254886
104,250,238,225,True,True,225,0.004492524912123726,0.13312887250984068,0.32192738619777633
105,250,238,235,True,True,235,0.0013130199021135853,0.023152402364642548,0.17773710265958517
106,250,237,233,True,True,233,0.0007394357260139652,0.01252888093416503,0.16503444571094542
107,250,234,234,True,True,234,0.005284472460232343,0.17188589919214642,0.283969182274622
108,250,225,216,True,True,216,0.00395143864155081,0.14690528837634975,0.34894046633751097
109,250,229,227,True,True,227,0.0045338920968498175,0.16658965284613572,0.37986896653199753
110,250,230,221,True,True,221,0.004268024323355086,0.14521759749988125,0.3729805629538555
111,250,237,227,True,True,227,0.001484251312781852,0.061644712273706104,0.2621397127003534
112,250,232,227,True,True,227,0.0018332802872889319,0.04317782298181705,0.12093474532287617
113,250,233,232,False,False,232,0.00020379510949778873,0.002489757076768969,
114,250,245,242,False,False,242,6.977961204645251e-05,0.001446094975837285,
115,250,238,235,True,True,235,0.0004925709533710872,0.013534924835197684,0.12132149477803514
116,250,245,244,False,False,244,5.4093701171664126e-08,0.0,
117,250,230,223,True,True,223,0.0008223447018722366,0.07014136049285206,0.21112505103918194
118,250,238,229,True,True,229,0.0019370187946629483,0.10848169293495513,0.3551909552904252
119,250,245,241,True,True,241,0.003530539754031183,0.1453421038215137,0.3500905141904921
120,250,243,241,True,True,241,0.002638281900643354,0.08181963332132444,0.2196742057937725
121,250,245,245,False,False,245,8.70560852671613e-05,0.005012591822324267,
122,250,233,231,False,False,231,0.0001604957278664275,0.0024151824401912,
123,250,235,229,True,True,229,0.0035514278915499665,0.1345706858814197,0.2729043159176967
124,250,240,234,True,True,234,0.004838042435214372,0.1821662340007951,0.4311219942311859
125,250,242,234,True,True,234,0.004135512747380694,0.1490582549349347,0.41896722588187774
126,250,240,240,True,True,240,0.004056413536651256,0.12137781230055616,0.31678514834858157
127,250,231,228,False,False,228,0.0001626234996074527,0.0025928789372423053,
128,250,238,236,False,False,236,0.0002981735887350929,0.0039723066509143945,
129,250,242,238,True,True,238,0.00030532426087687153,0.014372242914099938,0.11494441311643232
130,250,245,245,True,True,245,0.0037012638755496282,0.11958844543566848,0.3640876606168772
131,250,228,216,True,True,216,0.004018898486531401,0.26494506487421243,0.45678605369086056
132,250,236,198,True,True,198,0.010876209875159712,0.4275777405894179,0.5604447509460373
133,250,235,225,True,True,225,0.007377292682507911,0.2684288236830758,0.6378632580967761
134,250,232,212,True,True,212,0.006970156539513725,0.31179395583631964,0.7481724249168521
135,250,248,230,True,True,230,0.012502089815608837,0.6671851117543491,0.6912013528656876
136,250,244,210,True,True,210,0.017753125751646035,1.03170143935911,0.8830256133107448
137,250,250,225,True,True,225,0.0226389098237912,1.0666722404418216,0.8444185520016585
138,250,248,239,True,True,239,0.028302236060285875,0.9547612673736466,0.8531694948997399
139,250,244,228,True,True,228,0.026919824874719864,1.0080966334095494,0.7931354850690482
140,250,245,219,True,True,219,0.02965619340367451,0.8870287227336796,0.7760803470025912
141,250,249,227,True,True,227,0.03254630859238763,0.7521728316592834,0.8164047916446008
142,250,243,217,True,True,217,0.03511613149864709,0.7706812033666315,0.8273532353103145
143,250,240,223,True,True,223,0.03374977676535199,1.4971929107801853,0.8510851131908916
144,250,246,232,True,True,232,0.03629021399383524,1.8241364290722426,0.7786699489215871
145,250,241,218,True,True,218,0.030702234624651912,2.015476498532622,0.8004672647436033
146,250,246,219,True,True,219,0.03207473657747928,1.746516046835911,0.7975478281887888
147,250,240,225,True,True,225,0.03327406561311002,1.3348513544471006,0.7684134208792075
148,250,240,215,True,True,215,0.030599995985704995,1.6712317574135136,0.8145059664500552
149,250,240,204,True,True,204,0.04316065717939751,2.5436185871752963,0.8132145280792177
150,247,230,207,True,True,207,0.05064734361516354,1.178534228222848,0.8061397248453949
151,250,232,199,True,True,199,0.04509591366368221,1.2086977838749813,0.7643243259346201
152,250,236,224,True,True,224,0.03126913834831906,1.3504344640740322,0.8210473828493404
153,250,233,215,True,True,215,0.025690516693032812,1.2020039844812647,0.844982160161323
154,250,239,204,True,True,204,0.02377426703872143,1.094926037801157,0.7848567104506641
155,250,225,203,True,True,203,0.028005062868610306,0.7647652876409009,0.8127379090995058
156,250,230,219,True,True,219,0.026453277570187075,1.0741404336604596,0.6306623566523618
157,250,238,220,True,True,220,0.019630490147334468,1.5360631052926275,0.8097080782580797
158,250,244,235,True,True,235,0.02477146439922052,1.462181309401336,0.8578683202545349
159,250,222,184,True,True,184,0.033906452843861894,1.1378575730801266,0.7923843518333407
160,250,226,192,True,True,192,0.03297738011538935,0.6915990001854175,0.8170928173637384
161,250,220,184,True,True,184,0.039835975426159395,0.5650242185652878,0.8371837931566739
162,250,220,193,True,True,193,0.039660644853514664,0.4492517428216567,0.9915262157309902
163,250,218,192,True,True,192,0.041447638564069,0.6525271218337453,0.6929677101282021
164,250,226,215,True,True,215,0.04177087539551306,0.4871038961567438,0.5662067093958316
165,250,211,198,True,True,198,0.04397513834753571,0.38956475446530114,0.5106150935045095
166,250,212,209,True,True,209,0.04950912974813944,0.48730514209529946,0.7656660774095512
167,250,220,200,True,True,200,0.04540565814981779,0.634584974817055,0.6951668017822322
168,250,217,197,True,True,197,0.0500664894661862,0.7639420339639482,0.6934401574558271
169,250,207,187,True,True,187,0.0516272445408204,0.522360900894132,0.6495959976417529
170,250,219,201,True,True,201,0.04768937441008462,0.5536016122221512,0.636459828751647
171,250,226,206,True,True,206,0.0490113926170539,0.5573520358512205,0.6705210722951647
172,250,227,215,True,True,215,0.05076507393573103,0.9199353411328007,0.769541827444166
173,250,226,207,True,True,207,0.0606592552251642,1.233732981019615,0.8320709418502756
174,250,243,232,True,True,232,0.051194249845232354,1.1748917512486834,0.838331932061521
175,250,237,222,True,True,222,0.04440025414062465,1.1490449504720768,0.8026676181093011
176,250,240,236,True,True,236,0.05362597222253957,0.8284776951604642,0.5994863685903522
177,250,246,212,True,True,212,0.05100008990617852,1.240333833866922,0.8525780187663297
178,250,246,209,True,True,209,0.05600631842855441,1.309734099282448,0.8467906904954936
179,250,243,219,True,True,219,0.05569946543215149,1.4116406581422336,0.7524174141504797
180,250,233,222,True,True,222,0.04317893906998865,1.4602424028006056,0.7620400902749092
181,250,222,214,True,True,214,0.05509039321997291,1.047468374104855,0.7593351699527799
182,250,217,203,True,True,203,0.05443040724753909,1.026260656273451,0.7837041227745435
183,250,224,195,True,True,195,0.05606572143669913,1.2854254418894935,0.7623394616938002
184,250,226,212,True,True,212,0.0548089712934468,1.2604684891079965,0.8663580164311941
185,250,225,208,True,True,208,0.04791722182558474,1.6094181051880114,0.8034305629914067
186,250,237,215,True,True,215,0.04619987627693713,1.7055443405962007,0.796088566749223
187,250,240,203,True,True,203,0.04915678322555394,1.5605194646013303,0.7938037924178195
188,250,248,244,True,True,244,0.044699774200184235,1.5039263754715397,0.7031757518276676
189,250,242,228,True,True,228,0.03687246243997257,1.3045283056386494,0.6542983718216536
190,250,235,198,True,True,198,0.03716374638811358,1.2056245272791408,0.6679382850129135
191,250,237,230,True,True,230,0.03270205823663123,0.9478450325446186,0.7131667213246529
192,250,228,214,True,True,214,0.027851495247701096,0.9468139823691101,0.7356538773258913
193,250,228,218,True,True,218,0.025705424613601133,0.8032279458060466,0.702800070712885
194,250,213,208,True,True,208,0.022960031761823214,0.8820730976391985,0.7477080926936376
195,250,213,205,True,True,205,0.029920859797551,1.3047583781198628,0.5930708229282443
196,250,215,202,True,True,202,0.03178463572790429,1.9525743929108637,0.7636363884579519
197,250,229,221,True,True,221,0.03164059417846904,2.127513395033042,0.7874987041417474
198,250,228,198,True,True,198,0.03508192333533718,2.29517262485586,0.8256090167363286
199,250,219,193,True,True,193,0.03898143179360388,1.621242108604863,0.7073618412940483
200,250,188,185,True,True,185,0.0414922051221783,1.2794946960895741,0.7450566428152106
201,250,191,179,True,True,179,0.0406237688602996,0.9488483255920124,0.6926150200782204
202,250,180,161,True,True,161,0.0423875504835733,0.9182714986503493,0.7031852093527566
203,250,190,176,True,True,176,0.04147397056657448,0.9124795562989451,0.7093692278366652
204,250,200,187,True,True,187,0.04889235804943399,0.8218962551072103,0.7317966921289548
205,250,152,137,True,True,137,0.05141333125435662,0.8665041686758406,0.6670135109094477
206,250,159,153,True,True,153,0.04723227128929972,1.3267879308347472,0.8023180507962903
207,250,163,158,True,True,158,0.051006332451140036,1.120703480851308,0.7040847248134018
208,250,193,184,True,True,184,0.05340920867538238,1.1980972940198862,0.8180224282048164
209,250,193,180,True,True,180,0.05509563936745669,1.4134272587476246,0.8176093443161679
210,250,214,198,True,True,198,0.05694178910900988,1.6939855174558955,0.7807335927427216
211,250,211,189,True,True,189,0.06181563612486037,1.5767979951632334,0.7830693056408623
212,250,221,205,True,True,205,0.05511436261866969,1.2305031969550264,0.8682734664284291
213,250,227,214,True,True,214,0.054329542565718834,1.9326635165667834,0.8563904042027866
214,250,220,195,True,True,195,0.06596476653394696,1.9011190096257515,0.8624723544097521
215,250,243,205,True,True,205,0.03850901928260912,2.8334292161061385,0.9133644699446458
216,250,249,220,True,True,220,0.05437200709585787,2.2354955825828795,0.8417727949425488
217,250,248,227,True,True,227,0.06353865614342984,1.8433031326862859,0.9294614855513882
218,244,237,217,True,True,217,0.05881672506756677,1.7469978750049155,0.8655994481766573
219,250,248,220,True,True,220,0.06398628664567066,1.3667973770026678,0.8638408253359328
220,238,236,207,True,True,207,0.057398174846666025,1.9393146330939217,0.7886734388836484
221,213,209,192,True,True,192,0.0531327071663058,2.1642113023653233,0.7614689804593885
222,239,217,199,True,True,199,0.07486543524072616,1.8156293709359888,0.7180453561051603
223,250,236,220,True,True,220,0.06629886446785581,2.443374218685894,0.8738772360528722
224,250,240,217,True,True,217,0.049014486100617836,2.805575064746163,0.7877378912859558
225,250,225,198,True,True,198,0.06353423991714435,2.4263197839626387,0.8109527924628777
226,250,236,204,True,True,204,0.057162794557414943,2.2424525600946263,0.8568810019036561
227,250,240,220,True,True,220,0.056896092911442396,2.088872716291271,0.8096732426969162
228,250,240,220,True,True,220,0.05450202237955654,2.2220503642415297,0.8023183250311032
229,250,250,223,True,True,223,0.06079577671040699,2.347453688938958,0.7957553677891676
230,250,249,229,True,True,229,0.062127371726983495,2.267340692398793,0.7982438610237923
231,250,248,237,True,True,237,0.0618563476799547,2.2032959331612325,0.8070188329791452
232,250,246,227,True,True,227,0.06177556990215735,2.0995184278439973,0.7517073835812723
233,250,249,228,True,True,228,0.05366065565190712,2.3432750172019547,0.787851955368911
234,250,250,235,True,True,235,0.05960793196563699,2.7203341056860655,0.7957326036401536
235,250,250,222,True,True,222,0.05490762710544143,3.2554930212464113,0.8285833112374763
236,250,250,221,True,True,221,0.05993747720793606,2.513730539248591,0.7962468687463167
237,250,246,228,True,True,228,0.0500189905184636,2.044306913741329,0.8406988157601835
238,250,248,236,True,True,236,0.049102692624999625,1.6590447920581555,0.801411615817692
239,250,249,234,True,True,234,0.0415723823942859,2.032679744185082,0.8462109690364031
240,250,250,232,True,True,232,0.04008737477476545,2.2688148893636795,0.8808725351151605
241,250,250,212,True,True,212,0.02873038865606763,2.779401510823153,0.8302584328894218
242,250,250,233,True,True,233,0.03108260257811381,3.0337372823697684,0.905527342352125
243,250,249,220,True,True,220,0.027953374620281465,3.082436835302904,0.890515286904996
244,250,248,225,True,True,225,0.026154959631104906,2.84847093998528,0.8484616095456151
245,250,250,228,True,True,228,0.017139281012946074,2.311012045605689,0.8858042380424609
246,250,250,215,True,True,215,0.01535521674818778,0.7928293946817911,0.8299462473014224
247,250,250,242,True,True,242,0.02044408983833351,1.3733479816518188,0.603799036360618
248,194,194,171,True,True,171,0.027996513322609096,3.7775492977963907,0.9469435473997921
249,167,167,156,True,True,156,0.038037309373075257,5.140259803155778,0.9342569130763144
250,168,168,147,True,True,147,0.03678164962791999,6.270091894084738,0.9055880140304495
251,132,132,119,True,True,119,0.037852880565030604,6.835070528213851,0.9180600856035064
252,152,152,142,True,True,142,0.04862153508843021,6.188320306944614,0.8744140037795057
253,184,184,156,True,True,156,0.043163514676204606,5.429664331883956,0.8879519316144538
254,172,172,152,True,True,152,0.021012447590055282,5.341995679514635,0.872970460893219
255,182,182,161,True,True,161,0.034160691477740805,4.336803089124864,0.8962145367786555
256,160,156,147,True,True,147,0.03193734814481406,4.093789439225819,0.8083150660951031
257,166,165,155,True,True,155,0.03955115859038523,3.6758506901320662,0.9337276907518303
258,174,164,145,True,True,145,0.052390303400469046,3.3924144922472923,0.8118299209600162
259,190,176,161,True,True,161,0.04891194476339903,2.9934657774275157,0.7856292517576781
260,250,238,218,True,True,218,0.04662528257749704,2.0176111678182624,0.8389707908111416
261,250,237,207,True,True,207,0.05056490158670723,2.271848475459336,0.7815931361449953
262,193,180,169,True,True,169,0.04226977214193084,3.1603322601794432,0.8078096367528554
263,172,165,153,True,True,153,0.040037419371658556,3.7815481841784098,0.8353662833324632
264,167,149,129,True,True,129,0.03971662745002837,4.202278324281502,0.7625513368050884
265,149,136,120,True,True,120,0.04993041663687866,3.8398127614083193,0.8710194262015413
266,139,126,113,True,True,113,0.03408153561585233,4.374747915479123,0.9323572564791801
267,167,155,141,True,True,141,0.03228198831284842,4.920093314190947,0.7845964365087069
268,143,143,122,True,True,122,0.025985269858955762,4.991058379132684,0.7737317649615262
269,166,166,146,True,True,146,0.031113512318684505,4.981182791019682,0.8399594140265294
270,152,152,136,True,True,136,0.04295271638688541,4.3247297137338805,0.8622637279018611
271,189,189,155,True,True,155,0.041662075858553645,3.6459947770335193,0.8490103674214796
272,250,250,229,True,True,229,0.04086940598263212,2.3684238835122016,0.7732558730498211
273,250,246,221,True,True,221,0.05316165398033414,1.35459394784327,0.8017482450070853
274,250,244,216,True,True,216,0.05438188762073295,1.4322828743103322,0.8147845186503524
275,250,246,222,True,True,222,0.052729395968809004,3.0641719860533967,0.8451788400299991
276,212,210,186,True,True,186,0.05122074276764176,5.0508132707995985,0.8299163297729264
277,226,225,197,True,True,197,0.08093659459044587,5.298092643136977,0.928206384861673
278,187,187,157,True,True,157,0.063755617729665,5.659558790323726,0.953302231350776
279,191,190,170,True,True,170,0.05964409180471924,5.957756325624883,0.8768687783407249
280,180,173,148,True,True,148,0.054218808054224146,5.842803363478702,0.9109887453088351
281,196,182,159,True,True,159,0.06052581490872386,5.143287780499862,0.8684473844550927
282,200,193,172,True,True,172,0.045653337724828984,5.12186560489488,0.8911306135477723
283,250,250,215,True,True,215,0.04800898257421942,4.43718704079683,0.801860591231799
284,250,229,199,True,True,199,0.0579141044278383,3.4449819366924563,0.8667703359852491
285,250,235,201,True,True,201,0.043520338023741535,1.7230863659269897,0.7537506892354563
286,250,207,193,True,True,193,0.037175837508377454,0.6067697720016167,0.7222024765313301
287,250,228,204,True,True,204,0.03630718301563379,2.288118964021936,0.8527248786730985
288,250,218,186,True,True,186,0.041301426775023464,3.864887956729505,0.8979940384342566
289,226,211,196,True,True,196,0.04240907648733962,4.878020877526936,0.9370716399921084
290,187,183,156,True,True,156,0.050938205492849185,5.269693709508014,0.8105139728277853
291,186,164,154,True,True,154,0.03613317598362749,4.609049995373039,0.9517033229811509
292,238,215,202,True,True,202,0.04800964054241537,3.6117638728032784,0.8675611309839435
293,250,234,199,True,True,199,0.032519828332809676,2.73711411693211,0.7636743890675577
294,250,241,230,True,True,230,0.035550669720130164,1.8271726816309155,0.8839666813287893
295,250,249,224,True,True,224,0.045686856130062486,1.5335967272449083,0.821698368651526
296,250,250,229,True,True,229,0.034986375315388445,1.0374901824326448,0.5536129090287945
297,250,249,231,True,True,231,0.03722244239240861,0.9873325794573568,0.7285573253028577
298,250,249,218,True,True,218,0.048005794065485524,1.973925257624281,0.7845770859913677
299,250,250,220,True,True,220,0.03466558008302491,3.9581224103590387,0.9039747806532653
300,221,212,204,True,True,204,0.0354718447960577,4.954754360327299,0.8454418111344795
301,225,214,198,True,True,198,0.02501927493240808,5.124904166560111,0.9012080031765374
302,250,242,202,True,True,202,0.023266783506685696,4.4318914855820175,0.8436418766309265
303,250,245,216,True,True,216,0.023539444884246554,3.816488413188055,0.7633467016883201
304,250,231,212,True,True,212,0.024131467170631457,3.9885198386183776,0.7955483932862953
305,250,229,208,True,True,208,0.0249646219939994,3.7590057732473205,0.7820255136437123
306,250,235,216,True,True,216,0.03379915327660332,3.4111036078609,0.7949404865080857
307,250,214,205,True,True,205,0.03132406872991568,1.8704732854603074,0.7358300684249495
308,250,228,208,True,True,208,0.04015150736066292,1.6854763786351075,0.6844894138084942
309,250,233,218,True,True,218,0.037456312992070605,2.980519582784513,0.8501268116537977
310,250,226,209,True,True,209,0.0323487453338089,3.687344684728602,0.8848030399939213
311,250,223,193,True,True,193,0.02646057150475365,4.212341552514908,0.7955929984749941
312,250,235,204,True,True,204,0.03995296076680236,4.064621768754115,0.8456362609268974
313,250,237,217,True,True,217,0.0279429265249246,3.286299995119136,0.8861020078519324
314,250,228,205,True,True,205,0.03126499190614232,2.929341287236933,0.8763565843832674
315,250,215,199,True,True,199,0.030801558869568434,3.0177498595762664,0.8614691339451943
316,250,221,200,True,True,200,0.03017344992795017,2.4763375443786337,0.7703121940516423
317,250,218,186,True,True,186,0.03223185531609042,1.0895850556673812,0.6898324606470246
318,250,224,210,True,True,210,0.035622692752683136,2.5818553301458698,0.8298269709092421
319,250,238,209,True,True,209,0.04161137100370519,4.491532428207563,0.8400940527177563
320,250,249,227,True,True,227,0.03726814559523712,5.080044680916353,0.9042148347295507
321,250,228,220,True,True,220,0.03916607708313285,4.308405164207141,0.869300547567266
322,250,218,182,True,True,182,0.032884760226479307,3.921687291188275,0.7986874721326401
323,250,200,180,True,True,180,0.037945533194294244,3.3735905225693688,0.8451840666904195
324,250,194,172,True,True,172,0.03465527188479681,2.647564715470883,0.8374216969425018
325,250,229,214,True,True,214,0.0335128225314313,2.03070297412904,0.8261560220782055
326,250,184,179,True,True,179,0.03176617943115368,1.6739024112932828,0.7172407001438765
327,250,227,201,True,True,201,0.030473641774844788,2.9499210241242726,0.824341693704071
328,250,189,179,True,True,179,0.03440006748989625,4.24843562379069,0.8924413639623541
329,250,172,150,True,True,150,0.026313296065036035,5.482492381040283,0.8774682496291536
330,243,146,128,True,True,128,0.02812407206800295,6.040415866652723,0.9232658969204761
331,250,176,161,True,True,161,0.03517993275773883,6.361007091944212,0.8356948292688787
332,250,194,169,True,True,169,0.028996843399903407,6.185080494351897,0.8144021119389316
333,250,236,217,True,True,217,0.03315031728668654,5.594746439119985,0.8040010894945536
334,227,220,200,True,True,200,0.03695787256432458,4.829058702595518,0.832894441667332
335,217,216,184,True,True,184,0.04128428355628719,3.9766819207217488,0.8451422604687148
336,198,192,177,True,True,177,0.04176923914543927,4.521464984581693,0.8445953690294214
337,170,163,151,True,True,151,0.04814241074147816,5.5929495398049625,0.8696012346460834
338,195,180,163,True,True,163,0.05128932049849689,6.437113347528261,0.8653020301578469
339,196,182,162,True,True,162,0.04873053565910113,6.609899746929494,0.8373169927122952
340,210,198,173,True,True,173,0.05701661288341867,6.7266205918509,0.8063949739664915
341,234,214,184,True,True,184,0.04999780169192609,6.467733346167184,0.7544033050879253
342,250,240,221,True,True,221,0.04576126905847486,5.998513353031058,0.8200107632968724
343,250,248,237,True,True,237,0.04611029650089669,5.687615478690325,0.8279667130323113
344,203,196,181,True,True,181,0.03809211796543849,5.795359261754337,0.8427430668943178
345,188,179,163,True,True,163,0.03387470144015157,6.098628020104543,0.8056633771925262
346,212,200,175,True,True,175,0.04180718874947829,5.996428232440649,0.867176967209138
347,209,209,192,True,True,192,0.0334552335330409,5.680242665603294,0.9015610936792228
348,226,225,208,True,True,208,0.0287814414489217,5.83580334481092,0.8669719811974965
349,236,230,205,True,True,205,0.023110168433799566,5.531937391886461,0.9250444326893789
350,246,219,193,True,True,193,0.029318985217659247,5.336726609929241,0.905958420180893
351,250,216,193,True,True,193,0.026713970411778625,4.38393859771843,0.8280223544672047
352,250,192,172,True,True,172,0.02167250128235566,4.180334083512972,0.8703122031911855
353,250,225,210,True,True,210,0.023582469080687153,4.338451381413754,0.8427514699436852
354,250,231,200,True,True,200,0.0254291890902261,4.902406916151031,0.7797086198598308
355,250,197,190,True,True,190,0.026280182231267827,4.961140013814153,0.7772205882285085
356,250,232,210,True,True,210,0.03726041028948225,4.833340686647475,0.8504683471193862
357,250,222,180,True,True,180,0.04089740878118483,5.561856210882759,0.861315868959259
358,250,206,161,True,True,161,0.04659827163612517,6.162940768101937,0.8958685620302291
359,250,226,212,True,True,212,0.044103299547522574,6.5407303916937085,0.9028385347869442
360,237,237,218,True,True,218,0.051362369028497036,6.638604240175885,0.885711684493251
361,236,231,214,True,True,214,0.048912327579395364,6.311111334275181,0.9184375717619416
362,207,206,170,True,True,170,0.049685286822587396,5.666036813436565,0.8580558716287776
363,250,246,217,True,True,217,0.05637029448192456,5.476985064749805,0.8871914374699037
364,237,221,189,True,True,189,0.04970804327337893,6.168202901068962,0.8506977288178537
365,250,238,207,True,True,207,0.043040672236597376,6.486456815009546,0.8866049043057465
366,250,239,216,True,True,216,0.04135746088002772,6.020888881194574,0.7883123998944965
367,250,242,228,True,True,228,0.029950802554294054,5.401068487517769,0.8144474112154212
368,250,247,228,True,True,228,0.030666706339307476,5.095102190873762,0.8453507225723955
369,250,249,223,True,True,223,0.02330466525683262,5.2842632645876195,0.8488018182737378
370,189,189,166,True,True,166,0.02307720736364505,6.008240493188612,0.8352499178562637
371,211,211,198,True,True,198,0.026237483433233406,6.457948776463933,0.9011959548077432
372,200,196,185,True,True,185,0.020745916263224515,6.665045152811902,0.8134841873691917
373,195,195,181,True,True,181,0.017403043434741257,6.883862906991643,0.9002173305222331
374,207,206,183,True,True,183,0.028319348003254634,7.238350797389621,0.9069318905469305
375,216,206,172,True,True,172,0.03540671334827147,7.595442647430716,0.9479436451011619
376,235,215,194,True,True,194,0.037163973099904365,7.101452426904783,0.9281204249144138
377,243,207,169,True,True,169,0.030612199961520665,6.883295947656395,0.8554014961556434
378,212,186,171,True,True,171,0.037010633470833325,6.715152275985109,0.8782489116421395
379,250,192,185,True,True,185,0.03256545566768747,5.25343400046782,0.8935604450666317
380,250,199,190,True,True,190,0.039640120885429495,3.8748343068267252,0.8451067153097496
381,197,158,153,True,True,153,0.04020845958214185,4.896858918184388,0.8243810649644062
382,188,144,132,True,True,132,0.0372225090560278,5.72812189363742,0.7975718835945642
383,200,167,150,True,True,150,0.05795762990912669,4.794165617511971,0.8546077677060915
384,240,198,175,True,True,175,0.05667160888028714,3.867499026575551,0.7864981062354174
385,250,201,190,True,True,190,0.0531862786931326,3.33536279940927,0.8054461023020068
386,250,194,181,True,True,181,0.052194884025382006,2.840761470708544,0.8773165677652824
387,250,207,190,True,True,190,0.04030967530078195,2.560118075107816,0.7668331651574547
388,250,196,191,True,True,191,0.048020212899806264,1.0000589440862782,0.7435778880949482
389,232,205,187,True,True,187,0.04351218032448658,1.5368559503919714,0.8483716027613695
390,197,174,160,True,True,160,0.04166568062923082,3.541971694868537,0.8739753900154925
391,202,185,178,True,True,178,0.05039645757614931,4.027852694251693,0.8666855118284709
392,225,212,190,True,True,190,0.05521171259960187,4.072998530450204,0.8426429419027545
393,215,204,189,True,True,189,0.04951386418721857,4.276910065143735,0.8830723611282997
394,195,195,166,True,True,166,0.05668918368297459,4.6850951681288535,0.7997470076145319
395,183,183,164,True,True,164,0.05566661287917504,5.632187847912897,0.9278399135762702
396,161,160,138,True,True,138,0.05624060730432446,5.605695929321987,0.903769639625164
397,150,150,133,True,True,133,0.04527877144095386,5.6792962602919035,0.8326734896088448
398,206,206,196,True,True,196,0.05178780345216617,4.703905572457041,0.8268551828572556
399,203,200,182,True,True,182,0.05796139090944776,3.352438748409813,0.8375006446504804
400,210,207,199,True,True,199,0.04319966509610052,3.8992827816662743,0.771515950348425
401,197,192,168,True,True,168,0.04253845145169393,4.670500008306419,0.8687291206911354
402,194,191,177,True,True,177,0.042451146578476116,5.153112302132096,0.8138477338298591
403,195,192,167,True,True,167,0.03257806548362478,5.332300023142259,0.8360647093841055
404,192,191,171,True,True,171,0.042732927368028494,4.257844660098429,0.7381834667500006
405,205,202,186,True,True,186,0.045872783594373336,3.0130794464986046,0.8483142707274742
406,205,203,190,True,True,190,0.026817704479125373,2.9641355858543594,0.8983692098318566
407,196,194,186,True,True,186,0.039272750635831695,2.9913547556159448,0.8527310140135795
408,191,190,180,True,True,180,0.03570393122352404,2.7796513982744724,0.9263869347403457
409,222,222,200,True,True,200,0.019003422639843053,2.650103521137566,0.8725896693081626
410,250,250,230,True,True,230,0.023266051403363235,0.539456500150637,0.7534089432660466
411,250,249,240,True,True,240,0.017451659417876013,3.6300657393141345,0.812461354651564
412,250,249,232,True,True,232,0.015345189195884379,5.336033337652575,0.8799298939196756
413,250,245,212,True,True,212,0.017330264753127718,4.712106075584842,0.8459700644278161
414,250,242,205,True,True,205,0.014615356015522924,4.544230432815605,0.8673721253371536
415,250,245,211,True,True,211,0.02013096826630653,3.9715601470002335,0.889005197326199
416,250,244,225,True,True,225,0.0209827720360309,3.654981859306148,0.8363486515304821
417,250,246,206,True,True,206,0.042676347460567685,3.3160940455124823,0.8716282379454967
418,250,250,220,True,True,220,0.03184431505550813,4.345223005082509,0.8033716594610281
419,250,247,228,True,True,228,0.04024471501656575,4.750396592073003,0.8374222551865795
420,250,247,240,True,True,240,0.03881510763748052,5.520023926528992,0.7532265364793321
421,250,249,238,True,True,238,0.04093931080784882,5.630201781590209,0.7835633790213468
422,250,250,215,True,True,215,0.019330214183733756,5.803672490574018,0.7585962548460656
423,250,249,230,True,True,230,0.04197162929301828,4.6304267778264565,0.8085983618696526
424,250,250,220,True,True,220,0.03283353312808632,3.4910234347985867,0.7377679966168558
425,250,249,228,True,True,228,0.032827911256776324,1.5315965347551272,0.7195462216774546
426,250,247,213,True,True,213,0.03764182926763061,1.0508626063164566,0.7839741427358498
427,250,250,230,True,True,230,0.03003333604314746,2.220576563291945,0.7218372453984031
428,244,244,226,True,True,226,0.031273130552440354,3.4101610862472036,0.8183751867158904
429,196,196,173,True,True,173,0.035944065701559065,4.738480403730481,0.7518794985600793
430,197,197,187,True,True,187,0.02896464180369765,6.04747309834888,0.7600063729367007
431,169,169,148,True,True,148,0.04038186774949236,6.505710822258293,0.8823339676439945
432,204,204,181,True,True,181,0.045455519735848056,5.763965981370766,0.784495792725591
433,218,218,181,True,True,181,0.033274489531827094,5.22361316115574,0.8142719461171913
434,190,190,172,True,True,172,0.04473575658734502,3.6626099031887773,0.7731550421561776
435,227,227,206,True,True,206,0.04685190626802764,2.361648907396803,0.7952837225998075
436,250,250,231,True,True,231,0.05243751743959366,1.7990131833049368,0.7624185959814914
437,232,232,194,True,True,194,0.05475723894674861,2.5670394603255455,0.8273681384060695
438,229,229,204,True,True,204,0.05888249908111536,3.219214690894841,0.8213932520798258
439,167,159,128,True,True,128,0.08420300898326484,3.5654395347770156,0.8887199534761484
440,176,176,155,True,True,155,0.060829085573757276,3.7680133034276997,0.8063425676314327
441,212,204,174,True,True,174,0.06242836556596259,3.7581727240222245,0.843956127812067
442,210,210,196,True,True,196,0.0663960615264731,4.1724902042553245,0.8658496994451862
443,250,246,211,True,True,211,0.07531043412244472,4.372658125222093,0.8762232403313006
444,250,236,213,True,True,213,0.06257303642785265,4.211274797026901,0.7999781568035664
445,250,236,219,True,True,219,0.0705844123197668,3.923483536106999,0.7667528423857585
446,250,242,214,True,True,214,0.06363466456236504,3.9179979526244773,0.7791341979770541
447,250,234,229,True,True,229,0.0670317465958684,4.035850235599479,0.7277978958195676
448,250,229,224,True,True,224,0.06417913414716761,4.506471475089304,0.8039313687478891
449,250,230,203,True,True,203,0.05330974595260231,4.616457752717015,0.8515627259734461
450,250,232,210,True,True,210,0.0584739876680941,3.8750670455821394,0.7184954326621308
451,250,233,221,True,True,221,0.052331876053179543,2.890589254863727,0.6198458951837126
452,250,223,195,True,True,195,0.05224550045986777,2.491270373921314,0.7881780285336668
453,250,230,212,True,True,212,0.027052887836175724,3.3099783536943868,0.8086021877836046
454,250,229,201,True,True,201,0.03837978093224335,3.8684131667648307,0.8916530822924356
455,250,222,198,True,True,198,0.02968120940938783,3.8619205919741506,0.8523141469593216
456,250,231,195,True,True,195,0.031654534570304434,2.8698294548328045,0.7207747768966064
457,250,220,210,True,True,210,0.037190229296265184,1.5863330730753455,0.745637611246541
458,250,219,198,True,True,198,0.02796525015488473,1.6246863223004788,0.6872147614569832
459,250,215,196,True,True,196,0.028310834307946165,1.2383680319933665,0.6897601215484237
460,250,201,198,True,True,198,0.02793610201537947,1.3198679993942242,0.7153078081208081
461,250,197,184,True,True,184,0.025244906577278757,0.9096727213955207,0.6257398006944517
462,250,194,186,True,True,186,0.024855420612028566,0.543673297589611,0.6972968308970192
463,250,214,206,True,True,206,0.02867145186677282,0.8546895451631963,0.6189577251573647
464,250,229,218,True,True,218,0.0317130177358144,1.0411609951961402,0.8112686063234925
465,250,232,210,True,True,210,0.029884069868198745,1.9799447183263081,0.7910091011088507
466,250,236,205,True,True,205,0.040092958846623075,2.457047224412842,0.8206505703837073
467,250,238,215,True,True,215,0.038423515101899466,2.782356320242881,0.8557551441058957
468,250,237,217,True,True,217,0.04105068990813014,2.6250957518797815,0.8255233862110104
469,222,205,189,True,True,189,0.023540718371915147,2.413518214649314,0.8477334980880855
470,250,232,217,True,True,217,0.034724335902572505,2.0827361069616517,0.8340155651530844
471,250,228,211,True,True,211,0.03275154312033952,2.1768882431155525,0.8246322763015631
472,250,226,194,True,True,194,0.04299582777344758,1.7599331370718216,0.7894853469416243
473,250,222,197,True,True,197,0.04426073781586436,1.5333422636301361,0.8477103345457793
474,250,213,189,True,True,189,0.05222613870726219,1.2231175844381423,0.8595699944573952
475,250,195,193,True,True,193,0.05593743292417088,0.3065408822120672,0.7495383987965327
476,250,227,207,True,True,207,0.05208989223628134,1.0010214091144896,0.7495861582163942
477,250,232,215,True,True,215,0.06583002936875615,1.5160473956548786,0.9024410904669263
478,250,237,224,True,True,224,0.07668508984517526,1.5981743971774285,0.8848384801002965
479,250,232,197,True,True,197,0.06698264513600731,1.9196113346239256,0.9004483683495104
480,236,232,210,True,True,210,0.07396920066048693,2.4866344257314377,0.8950122528422461
481,220,219,183,True,True,183,0.0669220343974812,3.056530981998327,0.7698220706117664
482,250,217,198,True,True,198,0.07503298233788039,3.616262123306763,0.8067911264255404
483,219,200,175,True,True,175,0.0696316671747072,4.11992061997362,0.7941245115264816
484,200,172,142,True,True,142,0.06937464553172265,4.321271921768133,0.9172029473474709
485,200,193,168,True,True,168,0.07335686588967841,4.366118690832597,0.8914678156514994
486,247,242,211,True,True,211,0.06089748193613754,4.360319629216292,0.8911816098312331
487,220,215,189,True,True,189,0.06873401669824633,3.769667328877107,0.8995121930557354
488,231,215,200,True,True,200,0.0564787714443607,3.1318383710641546,0.811637379371342
489,250,230,209,True,True,209,0.054424841846496035,1.9927376521663402,0.8179149548022734
490,250,238,219,True,True,219,0.04865357471478375,1.1936870844592185,0.8293292791464038
491,250,235,204,True,True,204,0.05127394411976809,1.2300716684718143,0.7671222329919952
492,250,237,198,True,True,198,0.05992014695701285,1.7008653041366133,0.8128588522449957
493,250,237,218,True,True,218,0.05466392419967337,2.383940190587235,0.8574162190506208
494,250,238,219,True,True,219,0.055785100110629066,2.9750462073827566,0.862247362084893
495,250,229,192,True,True,192,0.05354004361397061,2.8887991921221357,0.8670548390779624
496,250,231,210,True,True,210,0.05801323687727339,2.0117598199084394,0.8327633220445413
497,250,244,202,True,True,202,0.057014397323051004,1.3437256878119308,0.8488061197041178
498,250,233,191,True,True,191,0.05394729856106804,1.662550645544714,0.7783630932895211
499,250,228,207,True,True,207,0.052013304069952075,1.738425288467123,0.8100496863907294
500,250,235,216,True,True,216,0.05253485246789119,1.6344368491163788,0.86414768397583
501,250,221,196,True,True,196,0.053090252657360774,1.2654448142160084,0.8515085027593265
502,250,224,179,True,True,179,0.05173112642676821,1.0906038013194834,0.788854256872546
503,250,224,192,True,True,192,0.05530806719488526,1.114724450078607,0.8443524140006016
504,194,162,132,True,True,132,0.05854581755006496,0.9895434453730033,0.8597796522631317
505,183,155,135,True,True,135,0.05865329830897851,0.836801191073872,0.8884663092072058
506,172,156,132,True,True,132,0.056017791300468155,1.1818506952873238,0.894360139677734
507,123,104,82,True,True,82,0.062338551652245784,1.5338737624007406,0.921752055134115
508,136,109,92,True,True,92,0.059054239951093934,1.763508849479451,0.9600124859471951
509,227,177,163,True,True,163,0.053307914032327236,2.110092176769874,0.9177648877374549
510,160,117,99,True,True,99,0.05502784020485197,1.752013301474724,1.0038314430181696
511,169,120,105,True,True,105,0.05428149606998159,0.7377497870447874,0.8818298728651618
512,176,113,100,True,True,100,0.0560538116467987,0.42456013690144523,0.8389475912430764
513,149,92,78,True,True,78,0.05724837034044467,0.7355411883490582,0.8762618168347178
514,145,79,68,True,True,68,0.059471744872693494,1.2322779278963503,0.935537629809277
515,104,64,52,True,True,52,0.05289461588625909,0.7946572809607791,1.0322010453520831
516,91,63,58,True,True,58,0.06304245530150682,1.5550210539798526,1.0135584932999717
517,144,118,97,True,True,97,0.06038770725416697,1.5429961512822936,1.0357364486662515
518,106,100,88,True,True,88,0.05535325488806277,1.8918189964249814,0.8631741903336135
519,106,86,73,True,True,73,0.05591087615410225,1.9106747852768446,0.9385005337207808
520,104,55,48,True,True,48,0.053564400775383804,1.8068821231943415,0.9060127639519137
521,71,36,32,True,True,32,0.05841986459560479,2.1907349134648895,0.7521244388829269
522,83,52,45,True,True,45,0.05038683471052414,2.3690239459151585,0.8612858231248287
523,55,51,42,True,True,42,0.04749997405595264,2.1701901818590983,0.7695962613840417
524,66,66,62,True,True,62,0.046510336404527036,1.7971805234883516,0.7732383125695562
525,78,78,74,True,True,74,0.05048328180062049,1.8053716947553458,0.9790234640675861
526,108,108,95,True,True,95,0.06089531882014194,2.3228211678166093,0.7680827325755069
527,118,118,101,True,True,101,0.04988818563113001,2.103152024643803,0.7866136450489519
528,120,118,108,True,True,108,0.057002959058350934,1.8852807903135713,0.8496141464732224
529,133,131,113,True,True,113,0.052772375901806036,1.8763838967679674,0.8819051753225633
530,125,118,100,True,True,100,0.058071426669286504,2.1809943876498825,0.8138614240100356
531,100,96,84,True,True,84,0.04461187777128127,2.3369551118415695,0.8111492916746001
532,103,98,90,True,True,90,0.0503519204945687,2.351964286195611,0.8263384379564085
533,113,104,92,True,True,92,0.04966936347010864,2.5198078772368575,0.8496726082453949
534,160,124,111,True,True,111,0.04609722040877683,2.927310609223028,0.761929561764068
535,151,109,96,True,True,96,0.0494963810355931,3.065779179626676,0.8745427518069556
536,158,126,115,True,True,115,0.05210444686801416,3.2322498481506416,0.8634485785224559
537,153,111,91,True,True,91,0.042272199186241095,3.4856466034996334,0.7238204325075994
538,139,114,103,True,True,103,0.05405624187406232,3.9676717188615425,0.8644012196198508
539,159,148,139,True,True,139,0.04637344029939492,4.060981745996585,0.7967473353957139
540,124,117,102,True,True,102,0.048479710826861984,3.999634207639491,0.782475673995016
541,107,104,93,True,True,93,0.03826432161737223,4.178849900393127,0.8132853058717724
542,157,148,136,True,True,136,0.05071328866022577,4.531412181009018,0.8912991870848818
543,132,132,122,True,True,122,0.04711141156786965,4.76290348636132,0.8848504632582865
544,132,131,112,True,True,112,0.056770386999498226,4.951179731205554,0.8621624479636055
545,149,146,135,True,True,135,0.04867986995769529,4.033040163947509,0.841201933078649
546,182,179,169,True,True,169,0.05495856547915035,3.706965990081481,0.8405861523434407
547,180,177,165,True,True,165,0.05617955355292296,3.625219524634933,0.8197931669158302
548,154,154,138,True,True,138,0.06210381920046638,3.3605307080494793,0.7801370603681257
549,156,156,137,True,True,137,0.06335533721433824,3.506948710071602,0.8670929627017221
550,235,235,217,True,True,217,0.04682725221962148,2.228020864868954,0.757158590236548
551,250,244,228,True,True,228,0.05117343880404347,1.155697010630947,0.7573596683396678
552,250,244,230,True,True,230,0.051826811275780704,1.09922523524378,0.7869462931305073
553,250,247,222,True,True,222,0.05819036418161179,1.1379347895487937,0.8076782652267103
554,250,247,223,True,True,223,0.050524318243307706,1.4669036745894866,0.8292456223747712
555,250,249,221,True,True,221,0.04888289377428102,1.879903712476678,0.7321307187266456
556,250,249,224,True,True,224,0.052599795681155664,1.9412530276811355,0.8000260050261715
557,250,247,217,True,True,217,0.05548235699210569,1.8272209016091459,0.845948584212062
558,250,250,219,True,True,219,0.06668901976776934,0.9688131970866913,0.9000398068724565
559,250,250,221,True,True,221,0.06668184903460841,0.8800787318694643,0.8123279679682283
560,250,250,207,True,True,207,0.06430647765693852,0.8435462271237137,0.8909882954250455
561,250,250,194,True,True,194,0.06795366048153223,0.5528470418365207,0.8388528532519622
562,250,250,191,True,True,191,0.06076647116920706,0.7772245935101423,0.8429905047319137
563,250,250,191,True,True,191,0.0591684575426933,1.359649420067572,0.8946669254306479
564,250,250,192,True,True,192,0.05056265893684556,1.9097125892337026,0.8052372867737734
565,250,248,191,True,True,191,0.051653993665926996,1.734620758202037,0.8865019585022775
566,229,227,183,True,True,183,0.05769731032162193,1.1749862223443959,0.9551289711731618
567,247,242,195,True,True,195,0.05731046569630812,1.1252059073048417,0.9262725024315019
568,218,216,174,True,True,174,0.06200421671401413,0.6214080042897973,0.776086206952223
569,169,162,147,True,True,147,0.07048476071853585,0.300723705814751,0.6958688967558769
570,181,178,151,True,True,151,0.07307102309836903,0.6380126115226638,0.751107920569018
571,163,161,128,True,True,128,0.07732672079897421,0.5211851266422689,0.8117935037880378
572,172,169,160,True,True,160,0.06345206678451833,0.24609451214420208,0.8539678076769063
573,206,203,171,True,True,171,0.05867446904275431,0.6375968002172838,0.6656037022309876
574,209,205,175,True,True,175,0.06564228746964938,0.11531992924092156,0.5872955076762219
575,207,197,184,True,True,184,0.06488512488557574,0.5226123505234039,0.7904005040291858
576,210,197,174,True,True,174,0.06015091604791512,0.13880638899365927,0.6290838737447774
577,235,228,197,True,True,197,0.05076719525401192,0.31546834115411165,0.6316177858248198
578,204,195,172,True,True,172,0.05983093108779564,0.5041768236224436,0.6673509739002803
579,240,233,205,True,True,205,0.06396423507777257,0.29782062660549163,0.7320466682446061
580,203,190,170,True,True,170,0.06399767001368983,0.273601958433321,0.62599380438317
581,199,196,179,True,True,179,0.06526205806469026,0.10250626293853568,0.7364455215559373
582,209,205,184,True,True,184,0.06898824771158524,0.34707601383250597,0.8657052745208633
583,181,179,153,True,True,153,0.05891588070098321,0.5599364149963956,0.8161464119758705
584,186,185,175,True,True,175,0.0610916085363229,1.0679477879348331,0.9239974465912264
585,176,176,159,True,True,159,0.05588915377993359,1.3472332666612354,0.9343543474750684
586,206,205,180,True,True,180,0.060247717301742346,1.008996073774265,0.9591857712668929
587,238,238,203,True,True,203,0.05937234400865799,0.2530701759947911,0.8024157161397608
588,227,227,190,True,True,190,0.05805276457235686,0.9354372219673946,0.7990393596757286
589,246,246,195,True,True,195,0.06570748251247839,1.2129140582235602,0.8952179891145535
590,195,195,159,True,True,159,0.06937606596389893,1.241008457065818,0.8933725792224608
591,207,207,177,True,True,177,0.066488858079926,2.5069672250640913,0.871401792226999
592,180,180,155,True,True,155,0.06435059231702728,3.736611821806951,0.9341311333391026
593,146,145,114,True,True,114,0.06103841481720001,4.616710347552169,0.9416681338028772
594,185,185,161,True,True,161,0.060449665282891224,4.888912924232095,0.9161165269664684
595,169,169,153,True,True,153,0.05916550674176984,5.5853963558822155,1.0461167639505469
596,179,179,147,True,True,147,0.05702813335001478,5.921497252102699,0.9756924385285041
597,202,202,176,True,True,176,0.05913692438729406,6.00582866335183,0.9792869172061932
598,217,217,168,True,True,168,0.056022593672438496,5.852343273819152,0.9540468165919576
599,250,250,212,True,True,212,0.05836639671800161,5.891118511802941,0.9952125769723096
600,250,249,219,True,True,219,0.056179364542315945,5.26935338683464,0.9477730226196915
601,250,250,226,True,True,226,0.06016046209009383,5.004184294558629,0.8918058895723033
602,250,247,211,True,True,211,0.055881382386256194,4.6560973856141255,0.8368644703454187
603,250,248,229,True,True,229,0.056773467681059196,4.33252540074797,0.8912510121806393
604,250,248,193,True,True,193,0.05202222531267644,4.257591125213693,0.8416749110820705
605,250,241,211,True,True,211,0.04968848520479118,4.043980153808642,0.8107558930160661
606,250,245,222,True,True,222,0.05554979118245825,3.793519812504362,0.740436563842755
607,250,242,221,True,True,221,0.05185306502213382,3.5594285258354073,0.7560531397322398
608,250,245,226,True,True,226,0.049357577963256793,3.5899551596503843,0.6830653334593088
609,250,250,239,True,True,239,0.054636342066823655,3.736035564987651,0.8323665404191298
610,250,249,238,True,True,238,0.06464402011187022,4.127831186447746,0.7556601187545466
611,250,250,230,True,True,230,0.06129322768628355,3.6758974514227263,0.7483856378895561
612,250,250,221,True,True,221,0.05136468384886974,3.541158819653883,0.7617342837651914
613,250,250,241,True,True,241,0.05342437057175167,3.382096736597403,0.7536944445778819
614,250,250,230,True,True,230,0.05817379014277491,3.0372400313898495,0.8074098352893649
615,250,250,242,True,True,242,0.04335797883095862,2.9433213485794636,0.7516242397383768
616,250,250,235,True,True,235,0.0493850868779885,3.547009128835836,0.7615488657971307
617,250,250,234,True,True,234,0.057837298583861045,3.843874950057693,0.7910588171802829
618,250,250,234,True,True,234,0.05071388598135774,3.526608476802337,0.8166492755234361
619,250,250,223,True,True,223,0.05056570767280533,3.573807323753299,0.7661572789884687
620,250,250,231,True,True,231,0.05835700297719478,3.6021661277836374,0.8403513753657883
621,250,249,215,True,True,215,0.05811507463234232,3.421902848552466,0.7743648470683069
622,218,218,193,True,True,193,0.06076712277815506,2.9113034626783585,0.8195044038560622
623,250,250,237,True,True,237,0.052774385702748665,2.435865436678877,0.7019441597240045
624,250,249,232,True,True,232,0.05307621014136724,2.533311267577623,0.7461716033125743
625,250,249,233,True,True,233,0.056697756045590186,2.1738366769800828,0.7461827158105626
626,250,249,234,True,True,234,0.05516709990675227,2.4356732529059304,0.7787499625490688
627,250,250,231,True,True,231,0.06100870561679637,2.587974524602898,0.7036873513344518
628,250,250,231,True,True,231,0.05726241251216803,2.5688469957992126,0.8258179796693734
629,250,249,226,True,True,226,0.058251491663501,2.8349600514170827,0.8690810064240644
630,250,246,212,True,True,212,0.052122100847885704,3.1255485348599192,0.940946795008111
631,157,156,132,True,True,132,0.05958458574695049,3.21356990899895,0.9309797424785139
632,218,217,193,True,True,193,0.06091373205383761,2.874601811227075,0.9111595074547013
633,208,208,176,True,True,176,0.04766926703156174,2.5285389557564892,0.8715874133314662
634,214,214,182,True,True,182,0.05915975416057583,3.074991632998072,0.9074213396417783
635,213,213,178,True,True,178,0.05283796429352309,2.6821797539598715,0.9173350598873372
636,193,189,166,True,True,166,0.06579546340271945,3.461997265354122,0.9191618972541199
637,189,189,166,True,True,166,0.06518031531256009,4.049070950176528,0.9511344385268349
638,213,206,164,True,True,164,0.06538164803090807,4.185435152297848,0.9896898698687423
639,174,156,115,True,True,115,0.04555775339996852,3.8658075129502647,1.0582092619415628
640,225,161,109,True,True,109,0.045191785930310466,3.434874488235687,0.9856692587837965
641,201,137,103,True,True,103,0.05851679690331473,3.2034715628253965,0.9477990011906123
642,175,128,100,True,True,100,0.06215856029470961,3.2136749882074156,0.8589531227824796
643,136,80,61,True,True,61,0.05787831651419109,3.326228687966114,0.9531432715154797
644,116,77,59,True,True,59,0.05989943967821948,2.767483396653245,1.0227041858074875
645,107,91,68,True,True,68,0.059185798931979776,2.3310750456405205,0.861663284617745
646,91,88,71,True,True,71,0.05502204555299141,2.2062307981218994,0.937058576113945
647,113,108,83,True,True,83,0.060581625176889566,2.1394566242617974,1.0132412470407308
648,78,73,63,True,True,63,0.057793888688563895,2.4972599687401265,0.8987364124428107
649,79,69,63,True,True,63,0.06423159975808392,1.9559047416057207,0.949187550610921
650,79,71,61,True,True,61,0.059302618470863995,2.3767664236396384,0.9412631333836751
651,60,55,43,True,True,43,0.05889226757076907,2.5545083535913258,1.0596954659435565
652,33,33,0,False,False,0,,,
653,41,40,32,True,True,32,0.07068003082790866,3.1260288462297354,1.065443180931358
654,22,22,0,False,False,0,,,
655,30,30,0,False,False,0,,,
656,64,64,51,True,True,51,0.06570173400021484,4.7841776995428145,0.8850976014345576
657,57,57,56,True,True,56,0.06701475064785394,4.769847123768807,0.7983912090275096
658,45,45,39,True,True,39,0.0696678629833978,4.821642729195811,0.7433498024759839
659,43,43,40,True,True,40,0.10383702012183155,5.874973798288393,0.9932756938856354
660,30,30,0,False,False,0,,,
661,41,41,38,True,True,38,0.061777476127282537,5.001662294221211,0.740796893045011
662,35,35,31,True,True,31,0.07298544625864009,3.9553874872656056,0.8366883421945606
663,19,19,0,False,False,0,,,
664,86,86,81,True,True,81,0.05980900404561265,3.832902440929275,0.8479058905547313
665,117,117,100,True,True,100,0.055269791821423796,2.9671370329868227,0.8117465979951927
666,145,145,115,True,True,115,0.06906879543315289,2.3064345563891036,0.8698451907792515
667,191,181,161,True,True,161,0.049388615866247244,2.6663459642025904,0.937543002138603
668,221,197,160,True,True,160,0.06258037676898606,2.749522580354423,0.8370753327474222
669,212,190,169,True,True,169,0.05100695567245317,2.997701236247959,0.9067636283774352
670,250,214,181,True,True,181,0.04967300563133118,2.9995948722977532,1.0314414396427747
671,242,208,182,True,True,182,0.05730866447635135,2.8492620357264142,1.027316233660878
672,240,222,187,True,True,187,0.057341029268671295,3.4751001972794047,1.0011741299021628
673,231,224,197,True,True,197,0.05837228805221324,4.331867417207177,0.9291161105413143
674,206,198,173,True,True,173,0.06296296976685366,4.671301960108242,0.918557240166553
675,204,198,163,True,True,163,0.07621515153568659,4.492733087072093,0.9251100514064081
676,193,193,181,True,True,181,0.06377405947356354,4.696959435630689,0.882568920854985
677,155,155,141,True,True,141,0.060116177802973854,5.671964377295149,0.8294396865712983
678,168,168,157,True,True,157,0.07755660081439389,6.012577777825869,0.8955972395518091
679,135,135,117,True,True,117,0.06718581306023337,6.054006015400593,0.8925011417698736
680,126,126,112,True,True,112,0.05458290857486499,6.346662130420963,0.9026758673678819
681,120,120,100,True,True,100,0.050831828443775484,6.147326918182003,0.9403514018975098
682,141,141,129,True,True,129,0.06133482594648547,5.5411683549878825,0.7839000548710782
683,191,191,169,True,True,169,0.0567048273334704,4.752760625901307,0.8152058343294998
684,212,212,188,True,True,188,0.05278758821892993,3.923087839544361,0.812485466702607
685,238,238,207,True,True,207,0.057361612388129965,3.5792208140689787,0.8877642689202618
686,228,228,220,True,True,220,0.06025465169757443,2.8064716876377886,0.8859228736015328
687,203,203,185,True,True,185,0.045401567974423296,2.75077432512119,0.7441780320182119
688,204,204,196,True,True,196,0.05199460178963292,2.3260102881696407,0.7929724840198884
689,201,199,172,True,True,172,0.08444533759157263,2.235010681391325,0.7370317963344052
690,206,205,185,True,True,185,0.05287517892270615,1.596681449340597,0.8708140188929733
691,216,216,200,True,True,200,0.050844876780588945,1.9979697132619518,0.9240352609359065
692,186,186,157,True,True,157,0.041478813836237936,2.6999079516672646,0.8910687968264104
693,182,182,164,True,True,164,0.05488426295815011,2.9961999653698577,0.8180508654667317
694,184,183,166,True,True,166,0.055611279818349006,3.1063646114605836,0.8172975095259337
695,187,187,170,True,True,170,0.05510806857315617,2.7642670508115588,0.8907643989466459
696,177,176,161,True,True,161,0.0631533251845352,2.8328339143942705,0.8511560198759524
697,211,209,186,True,True,186,0.06813844116318454,2.9777212541097673,0.9286546276376951
698,224,214,172,True,True,172,0.057784367872608655,3.136960253645737,0.8876022163957568
699,250,244,210,True,True,210,0.062402220120716785,3.7537368903830295,0.9633480856516468
700,250,247,197,True,True,197,0.06805190692398824,3.851205389405178,0.9279564284192843
701,250,247,202,True,True,202,0.0623972352318252,3.8856419399305966,0.8932270934172393
702,250,249,211,True,True,211,0.06602487254910125,4.432654411156269,0.9283339958600078
703,250,246,205,True,True,205,0.06768731782788656,4.349581838237867,0.9258770584407785
704,250,248,201,True,True,201,0.061260905448188865,4.1340872847167445,0.9658998527895143
705,250,247,209,True,True,209,0.06552446828890923,4.184967783166988,0.8574939239449233
706,250,248,222,True,True,222,0.061233507627833104,4.010677700528587,0.9024542613497671
707,250,243,206,True,True,206,0.0639225865903777,3.960745721112354,0.8539437388973347
708,250,242,216,True,True,216,0.05822787054949693,3.2338083709027376,0.8678437121939045
709,250,242,224,True,True,224,0.058633117757034246,2.7717909438830888,0.9028963646309545
710,250,250,223,True,True,223,0.05897024491875174,2.848737868513731,0.8376403444796231
711,250,250,224,True,True,224,0.06112613529581326,3.1669085963097428,0.8365246016422849
712,250,250,219,True,True,219,0.06345805684791644,3.3529562460840743,0.9018253424802087
713,250,250,238,True,True,238,0.05545811371588746,3.4357161526047277,0.8198020662504638
714,250,250,220,True,True,220,0.051548794692185464,3.7435675098649672,0.8235871125777812
715,250,250,235,True,True,235,0.0540309325505542,3.8355034639760754,0.8646787256274405
716,250,250,232,True,True,232,0.0571822627568783,4.175594207881258,0.8203327149998373
717,250,250,239,True,True,239,0.05657812798300628,4.636966048399392,0.8005591709238613
718,250,250,236,True,True,236,0.052116129879052425,4.597442634170778,0.78475916974242
719,250,250,234,True,True,234,0.057621608493712416,4.784810642836165,0.8275461978272322
720,250,250,241,True,True,241,0.05299931434627279,4.986213365200434,0.8611571097273112
721,250,250,233,True,True,233,0.05322117746869969,5.007393685800743,0.8721401069834205
722,250,250,231,True,True,231,0.04945271995377671,4.7447957969178765,0.7750503784697516
723,250,250,229,True,True,229,0.060730336361377514,5.739924786334823,0.8452089833077399
724,250,250,230,True,True,230,0.051799645705977775,5.57745090618019,0.7841287500532029
725,250,249,231,True,True,231,0.049510354071421826,4.878478179000877,0.7778077400774875
726,250,250,233,True,True,233,0.05101527092152137,4.504797461868233,0.8456708142193823
727,250,250,225,True,True,225,0.051923739571550276,4.816431848536779,0.8746635931846614
728,250,247,204,True,True,204,0.054474150829901216,4.607753239065809,0.8264767742596554
729,137,134,108,True,True,108,0.055420768780027385,4.092297727185481,0.9424657651346047
730,250,249,207,True,True,207,0.06379020256556277,3.176901359024922,0.886620915301806
731,232,232,181,True,True,181,0.06375155299379943,3.307705044784771,0.8720442580429447
732,249,248,217,True,True,217,0.06234074608445856,3.2100943989680832,0.8876619551975227
733,250,249,227,True,True,227,0.05419019201461188,2.639612192353236,0.8786427911434744
734,244,240,199,True,True,199,0.05969265145523187,2.821022629753746,0.9083429205638399
735,250,249,216,True,True,216,0.058822267794985984,2.2917584280678693,0.9946014142558911
736,248,246,203,True,True,203,0.05875136394978505,2.3140524977944428,0.875879009408746
737,218,205,178,True,True,178,0.055230818404133554,2.227640222656859,0.9183806308023946
738,250,169,120,True,True,120,0.0606679555640746,3.2685729625941016,1.0060296210931003
739,232,127,98,True,True,98,0.0760078343854774,2.9394451142839895,0.9797147316613422
740,199,138,102,True,True,102,0.06925501664249463,3.435739763584555,0.8908346676318903
741,161,97,79,True,True,79,0.06660143486267928,3.9751627287756763,0.9692586100366007
742,127,101,77,True,True,77,0.07740320519716086,3.725286339827003,0.8569547163252172
743,101,98,81,True,True,81,0.07995825060518799,3.194946474097481,0.9284203086044134
744,72,70,59,True,True,59,0.06707420159650045,3.9709409506518414,0.9078791438688744
745,66,62,48,True,True,48,0.07440113140712327,3.6949297527999985,0.9431403162086408
746,56,52,41,True,True,41,0.07410392220467582,4.3005669560233875,0.869149673874965
747,37,37,30,True,True,30,0.0688204555310049,4.843151047543509,0.988508577410511
748,40,39,33,True,True,33,0.07893416037821029,4.766011387521371,0.6433162714167054
749,37,37,33,True,True,33,0.07394856327720004,5.165216998934073,0.8440466060730221
750,39,39,0,False,False,0,,,
751,24,24,0,False,False,0,,,
752,8,8,0,False,False,0,,,
753,11,11,0,False,False,0,,,
754,39,39,33,True,True,33,0.09551362095718216,3.516094620905705,0.8487131480600878
755,49,49,40,True,True,40,0.07723873837732775,3.572252273130683,0.6870339184443605
756,84,84,71,True,True,71,0.06748392077018478,2.944236840183637,0.840359063179139
757,112,112,102,True,True,102,0.06579213468908204,2.868530325682781,0.8542476502533802
758,111,111,103,True,True,103,0.06183769353302903,2.902076656497635,0.8198634705868227
759,138,138,128,True,True,128,0.06321587786831512,2.6706946059750845,0.8272539331522453
760,196,196,170,True,True,170,0.05911640852915939,2.491263232080096,0.7245928419245512
761,184,184,172,True,True,172,0.06425196202389599,2.2945162557169363,0.8891610424362845
762,250,249,237,True,True,237,0.06591845556771911,1.7250254907587785,0.8166301165730501
763,250,243,224,True,True,224,0.06316161472685512,1.98549946802211,0.768170010338335
764,250,241,225,True,True,225,0.0566824503275688,2.829465631835024,0.8261500613101874
765,250,228,212,True,True,212,0.060761085754240336,3.2805851975829188,0.8868256278860227
766,250,237,225,True,True,225,0.06234247302917443,3.1441230643102744,0.822845074932439
767,250,234,225,True,True,225,0.0554140039830603,3.4401320983283017,0.8192197073681827
768,250,238,210,True,True,210,0.05118590023660792,3.886657413431725,0.8540062290409788
769,236,233,217,True,True,217,0.05618666243375261,4.334464861244519,0.8301943050750042
770,210,201,179,True,True,179,0.050596856612106327,4.278826798310642,0.8656236805535774
771,219,212,193,True,True,193,0.05723982103754293,4.887947457714675,0.8827388567227223
772,250,242,219,True,True,219,0.060722828103752235,4.524542383977611,0.8442082821640999
773,250,243,234,True,True,234,0.05758310512604502,3.911567776477934,0.8963389834396929
774,250,244,226,True,True,226,0.05836071764839601,2.9489008848303024,0.832905346842671
775,250,246,224,True,True,224,0.058305554362544455,3.0008433987629215,0.8185036441626345
776,250,242,226,True,True,226,0.05211677939334268,3.262892229103285,0.7297651012696651
777,250,243,204,True,True,204,0.059193726810207854,3.3163273247839373,0.6933507403449353
778,250,244,200,True,True,200,0.05635898464449384,3.727638543484552,0.8529707353976064
779,250,244,214,True,True,214,0.053445343138063164,2.7203058031500316,0.810809220623523
780,250,246,227,True,True,227,0.05790118822441713,1.5092674255130336,0.9065053681824676
781,250,246,211,True,True,211,0.051207767653314355,1.0836643205965664,0.8749135439935729
782,250,250,222,True,True,222,0.06431536155741588,0.8793212746183973,0.7383276395936648
783,250,250,230,True,True,230,0.05981477460610628,0.7590971723637567,0.798325723498585
784,250,250,219,True,True,219,0.06522529973429278,1.2486018259282492,0.8012036829591551
785,250,246,222,True,True,222,0.06480276804770096,1.5133746278421107,0.8789548910605703
786,250,249,220,True,True,220,0.059501926137964206,1.1598059444877378,0.8320551904477453
787,250,248,211,True,True,211,0.06486387144249112,0.908329126283092,0.931383599047241
788,250,245,208,True,True,208,0.0657162327387376,1.3468857994451469,0.8721702314169898
789,250,249,205,True,True,205,0.06715516715691326,1.750092900666259,0.9052523563213097
790,250,246,200,True,True,200,0.061016090617605184,1.5674393396381676,0.8918632908688217
791,250,247,204,True,True,204,0.0680688534319112,1.0491587609459252,0.8843859382473946
792,250,245,204,True,True,204,0.07277057698630102,0.3887727567232931,0.7695917677335133
793,232,226,183,True,True,183,0.06720810483404964,0.7222801647281037,0.8863920226279325
794,159,151,117,True,True,117,0.07519113111679351,1.0726536579841226,0.9226551975271043
795,128,123,110,True,True,110,0.06780569274624146,1.4991854929300392,0.812540760690052
796,135,127,117,True,True,117,0.06340645326196669,1.5222293125527486,0.9231897815042954
797,180,173,147,True,True,147,0.06061843263919864,1.8673093080165586,0.8388585051066749
798,163,161,143,True,True,143,0.06402833214864993,1.8088054422107351,0.7538008401676717
799,132,130,116,True,True,116,0.06899846065335971,1.2661704005718983,0.8170111295369528
800,142,142,114,True,True,114,0.0649965700512344,1.9118402984083103,0.9568635215672769
801,142,135,103,True,True,103,0.06765980631627558,1.3247244818995423,0.9130134160813725
802,136,129,109,True,True,109,0.07758355909977475,1.4317882491801366,0.8776069711066519
803,134,132,106,True,True,106,0.0691590296454958,1.3001755615309885,0.8743591624630405
804,170,165,141,True,True,141,0.07388074859847611,0.5285531926186312,0.7681283300584757
805,148,147,119,True,True,119,0.07133285159644243,0.7052021661665469,0.795557203628513
806,154,149,125,True,True,125,0.0700501180329238,1.492419161827501,0.8676996274004322
807,154,154,135,True,True,135,0.06968480674605224,1.5191086266816884,0.934150205086555
808,159,155,129,True,True,129,0.07339372286474652,1.9012445242599156,0.7888387306468749
809,171,163,141,True,True,141,0.06981679197825204,1.7340422501284103,0.6958028025792926
810,167,157,130,True,True,130,0.06880801720700576,1.352854705024912,0.8790303116623902
811,149,140,111,True,True,111,0.06952268533181653,0.7515667897085329,0.9175690774821905
812,180,176,156,True,True,156,0.07141232941744646,0.45497640783612064,0.8914959007122625
813,234,212,197,True,True,197,0.0736842965029113,0.14255024103642172,0.7263251834196455
814,189,177,159,True,True,159,0.07367903647915103,0.38337003951689735,0.8253054578641016
815,192,161,140,True,True,140,0.07143411547514222,1.2111006557077715,0.8205549860560083
816,193,180,156,True,True,156,0.07324289866296857,1.124497734202538,0.8191741002287376
817,181,171,145,True,True,145,0.059676806613489716,1.7002416014394313,0.8928135872390611
818,158,152,144,True,True,144,0.0685328330559342,1.7139232932311528,0.8956021762351468
819,157,152,143,True,True,143,0.06709588298907859,1.6172180685900164,0.8494285864971322
820,197,187,169,True,True,169,0.06956036614158063,1.3426408853538234,0.824373213207051
821,220,215,192,True,True,192,0.06626243681458562,1.0722876919304551,0.8079568985374757
822,212,210,192,True,True,192,0.07288220628287233,1.1969526379828719,0.8096903695796088
823,199,198,182,True,True,182,0.07393231192955857,0.977647416298388,0.8437637913368057
824,199,194,173,True,True,173,0.07428891150173997,0.7100120639716053,0.8012589956002106
825,203,200,188,True,True,188,0.06198523139071955,0.7191011684793907,0.8158319488254839
826,232,228,207,True,True,207,0.07780751772157875,1.4341963337241082,0.8844348040091372
827,219,216,192,True,True,192,0.07274635929955749,1.8004501386291483,0.9253604204950583
828,215,214,187,True,True,187,0.07229159456249415,1.6409126236538303,0.8851001669163013
829,250,247,200,True,True,200,0.0778498115848169,2.1892416678742164,0.8263835785314931
830,250,250,212,True,True,212,0.07849191191000027,1.2867370640315396,0.905856192977285
831,250,246,222,True,True,222,0.07185212204302523,1.3260530602792642,0.9062026798762132
832,250,247,208,True,True,208,0.07115193249508169,1.013585760782658,0.8472101916213962
833,250,245,223,True,True,223,0.0759422804584177,1.218792771514635,0.9167251373972232
834,250,242,202,True,True,202,0.07908633009346376,0.869628266918673,0.8955222051194163
835,220,199,170,True,True,170,0.07821724906935384,0.5400431410901328,0.8455810298598012
836,220,197,159,True,True,159,0.0721134177670016,0.3664387147536097,0.8997872323894329
837,250,225,172,True,True,172,0.06762887448603906,1.0364437101288186,0.872901256618811
838,250,221,172,True,True,172,0.0702737448372688,0.6833464189603143,0.9436431009910106
839,250,205,163,True,True,163,0.07080819822097949,1.1423839073983342,0.8647948563916844
840,250,211,173,True,True,173,0.07263117306051654,1.441414906122286,0.9409152868510288
841,242,196,162,True,True,162,0.06993836272669847,1.32827947618361,1.0118094612552664
842,227,203,152,True,True,152,0.0688537897606343,1.4071435912116752,0.9517790016984515
843,157,137,112,True,True,112,0.06972201762330855,1.2496501364533625,0.9863186070602943
844,127,121,94,True,True,94,0.0693498129156314,0.9178418716033299,0.9441538397710103
845,127,121,100,True,True,100,0.07216009696606383,1.360568977583843,0.976908854353864
846,149,136,106,True,True,106,0.07220873435991948,0.27350915817546634,0.8171788444032259
847,139,123,107,True,True,107,0.07459147564997007,0.29333610684514844,0.7037263377008777
848,94,84,75,True,True,75,0.06604850799218648,0.7422077839309885,0.8749950458197351
849,112,110,104,True,True,104,0.0675796189149933,0.4747442463267808,0.7810822733647088
850,95,94,74,True,True,74,0.06448679626191997,0.4384696298637138,0.7695954901384133
851,113,106,84,True,True,84,0.0699960952465006,0.24524069052369923,0.8052873556252388
852,100,97,82,True,True,82,0.05508499561266057,0.7086264703813959,0.648402113157199
853,106,100,84,True,True,84,0.06951108404142231,1.4118900372670802,0.8812697360555862
854,93,89,81,True,True,81,0.07469766416694533,1.9184352755396985,0.9201212845116318
855,92,86,77,True,True,77,0.07278530793318479,1.6865543726541463,0.8496253759991255
856,81,80,66,True,True,66,0.0702911785545686,2.0486602232578455,0.7862277736931248
857,99,97,91,True,True,91,0.06894569821707415,2.6858334389161986,0.7488229541545821
858,82,81,70,True,True,70,0.06542269683398846,2.766552007702824,0.8828977108390033
859,80,76,64,True,True,64,0.061274401478384595,2.7762391819955186,0.8273153926739389
860,88,83,73,True,True,73,0.0748523881284705,3.021706508914666,0.9510636609906111
861,121,115,104,True,True,104,0.0631303959240307,3.1598765585688215,0.8225008574051622
862,137,137,117,True,True,117,0.06380789028144837,3.015460400905034,0.9038976226186055
863,131,127,103,True,True,103,0.06008093875500586,2.8862348736263588,0.9094987563123831
864,126,113,90,True,True,90,0.06141988444793202,2.863929568180729,0.867012557044116
865,145,143,118,True,True,118,0.06880564641821096,3.0946745264912012,0.8046898929221221
866,131,128,104,True,True,104,0.06538180319521301,2.91031986557852,0.8824586254376273
867,136,128,105,True,True,105,0.05273785420724929,2.5798119128688857,0.8901113581600162
868,181,169,143,True,True,143,0.05713065628359872,2.382944893645111,0.8311890093149797
869,193,190,177,True,True,177,0.06109642782869878,2.387656321314341,0.6845598407157383
870,222,220,184,True,True,184,0.06343337345495369,2.3439077739627674,0.8119869086971423
871,250,249,221,True,True,221,0.06700982514822293,2.279266969943245,0.8052114430680605
872,250,250,218,True,True,218,0.057828570470528015,3.1063279484597075,0.8283775148502712
873,250,245,207,True,True,207,0.06604858538818414,3.823222605265679,0.866302329216965
874,250,249,235,True,True,235,0.054474416644144846,4.262429242914322,0.9382901817474326
875,250,250,230,True,True,230,0.05785645916525193,4.057599787878563,0.7876137946790633
876,164,160,143,True,True,143,0.05849268189816932,3.500847219930011,0.8526803720060386
877,184,184,161,True,True,161,0.054316239538635985,3.802292188443622,0.8416964051258881
878,232,232,204,True,True,204,0.06596149103006342,3.3995386990903156,0.7712306917968932
879,231,219,209,True,True,209,0.049265617787898223,3.2828527843747657,0.7662190608404488
880,193,185,171,True,True,171,0.03773159100293727,3.863557227418492,0.9114116688916457
881,191,191,178,True,True,178,0.04584347448953026,4.587154494900387,0.8871127245613183
882,237,235,203,True,True,203,0.0545342981138518,4.195458493088852,0.8129508618918362
883,204,204,176,True,True,176,0.06238623939886157,4.081387651789379,0.8833841854585596
884,145,145,135,True,True,135,0.04374724510250916,3.052157513097361,0.8682149676679042
885,158,158,142,True,True,142,0.03327131232731699,2.850867114071174,0.8198798256326705
886,181,181,161,True,True,161,0.03471801923514169,2.337218210359377,0.7633832910359327
887,216,216,189,True,True,189,0.031061163136131296,1.540357749590618,0.8235843880865065
888,224,224,170,True,True,170,0.04310870221388725,1.3533952844579884,0.8627350304746394
889,192,192,163,True,True,163,0.05408404310146543,1.0435696173496507,0.8366839651725534
890,175,175,163,True,True,163,0.05679788021251803,0.40758380490455115,0.7592796432889737
891,199,197,167,True,True,167,0.06053779217362358,0.4215507323962243,0.8010197868523112
892,164,164,141,True,True,141,0.05400440251389318,0.871863698421936,0.92866337490925
893,191,189,156,True,True,156,0.057771157079081585,1.0580944777949373,0.9202103791893481
894,174,174,140,True,True,140,0.059064319063799504,2.45002072060008,0.8896970780043024
895,160,160,132,True,True,132,0.06497249164021784,3.5627134497940336,0.9295877218147208
896,146,146,118,True,True,118,0.05400329851334225,3.7953076667123558,0.8748897823840459
897,184,184,166,True,True,166,0.05484981601764348,3.721066107090048,0.8212352541397682
898,165,165,136,True,True,136,0.05828560470025878,3.2673185202077115,0.9525769071479261
899,169,169,152,True,True,152,0.04989685393044835,3.564160672813288,0.8862615574223438
900,159,159,146,True,True,146,0.05241828447542906,4.026072736841593,0.8979383411806772
901,162,162,145,True,True,145,0.05826869006586316,4.127993684464484,0.9347471915734015
902,167,167,138,True,True,138,0.04659678582315808,5.427768760672708,0.8694795999033279
903,162,157,127,True,True,127,0.05248076937728771,5.727100236478079,0.8839519332916578
904,144,140,116,True,True,116,0.04339232862740093,5.118847702337066,0.9466996189721193
905,137,133,111,True,True,111,0.05010344864037368,4.319968936009492,0.9262060392714027
906,138,134,104,True,True,104,0.05252207766894617,3.9200046745867203,0.9713187881746357
907,131,126,100,True,True,100,0.049662181521567525,3.6274586799721797,0.9195831538385864
908,125,115,94,True,True,94,0.05273995844991927,3.4218185315743352,0.9288329900491831
909,111,106,84,True,True,84,0.05290406300292161,2.8364544603576753,1.0483266609773552
910,239,207,174,True,True,174,0.053354918176319314,2.422567078009456,0.8285419844300982
911,239,209,172,True,True,172,0.05609601339284467,1.9513408594253996,0.8737112421471153
912,217,201,154,True,True,154,0.04886423271369191,1.8262031651143007,0.8669212805460811
913,189,177,152,True,True,152,0.04912100616121092,1.8269984822999972,0.9517607678240442
914,193,181,140,True,True,140,0.05073373994451973,1.9184884824074762,0.9141386469546606
915,158,147,123,True,True,123,0.050608472603716044,1.8748308874146151,0.9168969085705285
916,142,133,109,True,True,109,0.052806928767281706,1.5911309601873669,0.8011964184957202
917,128,121,96,True,True,96,0.04327202226705498,1.8589304780866538,0.9262136605813028
918,199,174,139,True,True,139,0.05307608866801081,0.9927318996290606,0.9236219698371884
919,190,151,129,True,True,129,0.05513721361665354,0.5090942531738589,0.9362030983606602
920,181,169,143,True,True,143,0.053886339877038995,0.3839412756919581,0.9256928566110871
921,160,157,134,True,True,134,0.0572236932313007,0.70020453343838,0.8917000207089986
922,113,113,99,True,True,99,0.07175319095527408,2.0921750725131267,0.9029686366632173
923,124,123,106,True,True,106,0.059015040880374896,1.3568216649675668,0.8209680709650138
924,116,115,98,True,True,98,0.056834154902765124,1.64697320574423,0.9063274856379999
925,132,132,116,True,True,116,0.061491821697263076,1.7644572400559406,0.8055229331049532
926,150,150,131,True,True,131,0.05940056791636435,1.986970986500043,0.853416966181731
927,131,131,105,True,True,105,0.06241547550556353,2.7314540945662937,0.9111213730357642
928,141,141,133,True,True,133,0.06219069643730787,3.083877710294346,0.883503248801399
929,156,156,142,True,True,142,0.06037322932304383,3.391339406838128,0.906258737365669
930,146,146,120,True,True,120,0.061922408179195615,3.8521016736201354,0.9035398539141872
931,157,157,143,True,True,143,0.05984677597592794,4.521148057552218,0.8691397149946226
932,153,153,136,True,True,136,0.061411716852787214,5.013523661612656,0.8407927500675698
933,146,146,129,True,True,129,0.060085715466575866,5.256638343396072,0.8539367885262037
934,152,152,129,True,True,129,0.05759304796379424,5.631073665847267,0.85824866483093
935,128,128,116,True,True,116,0.060101845446277766,6.316815713545863,0.890257278413067
936,135,135,107,True,True,107,0.05526846349432216,5.956090774873512,0.9272320829792117
937,217,214,190,True,True,190,0.05567619461280821,5.9925204399895176,0.8917136848435543
938,177,177,161,True,True,161,0.05792617120985099,6.13186645645134,0.9564293031951283
939,221,221,200,True,True,200,0.05945991243069466,6.3270112195831985,0.8725160987985989
940,234,234,184,True,True,184,0.05801524903098696,6.146904891847283,0.8657161467360286
941,187,187,163,True,True,163,0.056572546771395206,5.908957576637353,0.954075547571823
942,250,250,209,True,True,209,0.06068721745099645,5.727822281527194,0.9390128218008724
943,240,240,205,True,True,205,0.05286099941966971,6.168579344866767,0.9517290943688461
944,250,250,227,True,True,227,0.05929074565660773,6.165044996090668,0.9108624986925087
945,250,250,223,True,True,223,0.06016635826091111,6.152965865432036,0.8733906786566209
946,250,250,230,True,True,230,0.059725135367667895,6.2525159407842175,0.8170803063916694
947,250,250,209,True,True,209,0.05930185438660015,5.53172801558091,0.8969580531992857
948,250,250,234,True,True,234,0.05511428580421784,6.491402987443647,0.8996314268752298
949,250,250,222,True,True,222,0.05356388270619794,6.752357980470468,0.8279372955336947
950,243,243,204,True,True,204,0.06076718889655922,6.322033670126792,0.9554206028115364
951,250,249,215,True,True,215,0.06047042864007698,6.516768485200421,0.9508153471809515
952,250,249,215,True,True,215,0.04986979072179616,6.550097413807634,0.889103018322686
953,249,245,196,True,True,196,0.046429302567121696,6.242561321427761,0.906119450778229
954,250,250,199,True,True,199,0.04353158445312109,6.091240881705596,0.9633198633295637
955,233,228,186,True,True,186,0.05416184142177699,5.338014098683658,0.9456640169204396
956,226,225,187,True,True,187,0.05566673750627308,5.456526486471994,0.9621148176180777
957,216,212,186,True,True,186,0.052380464898348494,4.935584943163658,0.8600159842918323
958,177,166,139,True,True,139,0.052730803968870824,4.154459727851317,0.9027546352381098
959,149,148,121,True,True,121,0.056917044215188124,4.055811456733474,0.9640419460832218
960,185,181,151,True,True,151,0.054872961707018796,3.7112787084284444,0.9569070463567951
961,207,187,157,True,True,157,0.05833369274335299,3.2744724355565493,0.8636477325863989
962,195,188,159,True,True,159,0.06099474966246098,2.570887459388051,0.8813904043113803
963,173,156,130,True,True,130,0.057840458608610645,2.0620639309014632,0.941936514101398
964,164,154,136,True,True,136,0.057361678404650736,1.946581533381994,0.9551023142384963
965,158,145,128,True,True,128,0.05796882153617041,1.4369516197380512,0.8663244033792844
966,134,130,115,True,True,115,0.05746957778901595,1.4171546089616187,0.9305485757623454
967,132,129,107,True,True,107,0.0598087288378614,1.7019042436047689,0.8580676179201725
968,164,158,140,True,True,140,0.0528641515765685,1.8775925173602535,0.8256350818078171
969,156,154,143,True,True,143,0.059128583083451834,2.3143500499302254,0.8489909555218611
970,134,132,117,True,True,117,0.06396819817156106,2.473290791156028,0.8474791943794714
971,115,114,102,True,True,102,0.06580773772686654,2.7659300357704333,0.7625996250353689
972,102,102,89,True,True,89,0.05901179685099306,2.528367498023259,0.8829980704469358
973,109,108,93,True,True,93,0.06368756055361371,2.969801449447953,0.8830071214875608
974,123,119,105,True,True,105,0.06541540614885158,3.2571382257092893,0.8488123566417187
975,137,137,111,True,True,111,0.06508055551046955,3.009563191964874,0.8693156346250596
976,144,143,124,True,True,124,0.06498713176163211,3.022086887455953,0.8868774509131584
977,143,141,118,True,True,118,0.06449314226405028,2.9032709873354325,0.8759831567190901
978,136,135,112,True,True,112,0.06293460494758327,2.7892944948752754,0.8612707390163644
979,136,133,100,True,True,100,0.059840827164665836,2.7260909155211883,0.9569182250708845
980,118,113,97,True,True,97,0.06305103827667764,2.869004984645311,0.9051230679763447
981,94,88,68,True,True,68,0.06451393635594527,2.5671036739226767,0.8628758687978815
982,70,69,53,True,True,53,0.0661825278301097,2.0745997799958795,0.9871158037120644
983,154,154,123,True,True,123,0.06395962542878432,1.7550279926751104,1.0099478427791084
984,160,160,129,True,True,129,0.06365198545208271,1.6433510961457587,0.9333025757463124
985,144,144,109,True,True,109,0.06433582022581759,1.5452140411272108,0.9312787099019851
986,95,94,67,True,True,67,0.06313914898204037,0.5509277999775056,0.7559053122713008
987,102,102,84,True,True,84,0.05817981009690099,1.7559187454279266,0.9402843955415996
988,108,108,90,True,True,90,0.055299847492264055,0.8846094046760393,0.8554955588885248
989,91,91,71,True,True,71,0.05748379268323282,0.8894081545135615,0.771202058602694
990,88,88,76,True,True,76,0.07080503487072537,0.8208350935504629,0.8424229829963958
991,111,110,97,True,True,97,0.04346231036229949,0.46439574585947546,0.7608686541538658
992,132,130,116,True,True,116,0.0621115950227258,0.6529786077226103,0.7152200427275205
993,126,126,119,True,True,119,0.06629381138388744,1.3277483127333782,0.8309144114963228
994,186,180,171,True,True,171,0.056267563393578864,0.9339974693499489,0.7648980879899813
995,250,243,217,True,True,217,0.059112872483150676,0.6244912325745507,0.7555618437665268
996,250,250,227,True,True,227,0.06053550431538911,0.6002970582606728,0.7274972412032068
997,250,250,232,True,True,232,0.060809359710014985,1.1291090190228914,0.8418169965630558
998,250,250,200,True,True,200,0.05492843453550481,0.8522238434071158,0.7665151260525858
999,250,250,231,True,True,231,0.0534746746740735,0.7334637909621528,0.7657927434591734
1000,250,250,239,True,True,239,0.05324781519803465,0.4681110966016573,0.7287632458086917
1001,250,237,196,True,True,196,0.057720397166571326,0.7067442251989703,0.8369796351040112
1002,250,215,197,True,True,197,0.05391847324315462,1.3107461343617925,0.8800726814817225
1003,250,224,205,True,True,205,0.060799024413416135,1.6209124435948565,0.8589235759021705
1004,250,230,210,True,True,210,0.05965900847308606,2.09487901994099,0.9470435183103998
1005,222,207,177,True,True,177,0.06117083034777215,2.469709789286834,0.8220293566239288
1006,173,158,137,True,True,137,0.053394891777153904,2.740907190331883,0.7830998057611083
1007,159,153,135,True,True,135,0.06167630604536891,3.2037413488086246,0.8707041553204136
1008,184,169,155,True,True,155,0.059693690883343274,3.394769880499046,0.7757795324692828
1009,206,204,186,True,True,186,0.053310654958276985,3.3616785276860237,0.8072240052162366
1010,202,201,181,True,True,181,0.050999309925330076,3.4142815467589784,0.9152603520144545
1011,154,152,130,True,True,130,0.058045941996796316,3.570741579347317,0.8817178123442995
1012,168,168,150,True,True,150,0.06438543867379506,3.7283559257163263,0.9321363004984741
1013,154,149,129,True,True,129,0.058184736173587284,3.619347717385774,0.8551220990567295
1014,158,151,136,True,True,136,0.06080377671653866,3.0319576582346497,0.8501463732761827
1015,185,175,146,True,True,146,0.06680191697564751,2.592930670825475,0.8951546825429011
1016,233,222,201,True,True,201,0.06225952836838654,2.0205349362520093,0.8775470278039117
1017,246,241,226,True,True,226,0.06735474755686992,1.1033656339958224,0.7751396197327076
1018,250,237,225,True,True,225,0.06441708313864891,0.9664155510608915,0.7636524017251405
1019,250,238,212,True,True,212,0.06871730970973833,1.6282050203449805,0.8356438084138809
1020,250,241,231,True,True,231,0.06020649598830461,1.3734720971009062,0.7588054244766931
1021,250,247,228,True,True,228,0.06210945220308047,1.0665056408809275,0.857014534292028
1022,250,247,223,True,True,223,0.05173645292984863,1.387020044177152,0.877516059890466
1023,250,246,222,True,True,222,0.05911770347213624,1.8256496035690863,0.8699480119275235
1024,250,245,223,True,True,223,0.052460204779909654,1.8847607047954409,0.7747549305938575
1025,250,248,234,True,True,234,0.06547685380720569,1.7034159196551957,0.8209135232716399
1026,250,248,236,True,True,236,0.06599404373836544,1.792244287868094,0.8381081439516138
1027,250,244,228,True,True,228,0.06014682896444425,1.8642015465265103,0.9274991728672161
1028,250,247,227,True,True,227,0.05728043763499564,1.296652230390175,0.8315092404264103
1029,250,245,234,True,True,234,0.05601666041609574,1.4773754082988042,0.7705832470503848
1030,250,243,214,True,True,214,0.05495518044226667,1.50269647931838,0.7736411470118334
1031,250,246,221,True,True,221,0.05816426666395483,1.630901769213608,0.7904459400063251
1032,250,242,224,True,True,224,0.05400789279152516,1.8288912278501168,0.6825456555595608
1033,250,249,234,True,True,234,0.06067486526103057,2.017223366564472,0.7220086737249679
1034,250,241,232,True,True,232,0.05391776660707906,2.160612515280195,0.818195362167521
1035,250,245,238,True,True,238,0.06087504717360264,2.4744921672932945,0.7784772603888548
1036,250,239,222,True,True,222,0.0695965530021879,2.775360657631169,0.768546456300756
1037,250,237,212,True,True,212,0.07179151318846733,2.59758695125209,0.741591945952883
1038,250,234,214,True,True,214,0.06148073404574944,2.7274717610685397,0.8172769625759632
1039,250,237,216,True,True,216,0.06125882545601538,2.744031520365361,0.77822494120115
1040,250,242,225,True,True,225,0.056116860034947876,1.810055872971303,0.6114043151112017
1041,250,239,226,True,True,226,0.0587214081451527,1.8670762666397014,0.6945655994240001
1042,250,249,216,True,True,216,0.054783036079047644,2.100915682492992,0.7838573452063727
1043,250,250,222,True,True,222,0.05943494024560747,1.6213987938746364,0.7687313824496687
1044,250,250,224,True,True,224,0.06293595402002604,0.9195955688087899,0.7034170095814793
1045,250,250,240,True,True,240,0.055253456669823134,0.658978962170045,0.5892135716150958
1046,250,250,234,True,True,234,0.051674901057915036,0.7785425520815112,0.6689235794842118
1047,250,250,235,True,True,235,0.06112115789533336,1.539782738567151,0.7089287307405985
1048,250,250,224,True,True,224,0.06625597071788368,2.4128895823475833,0.746839841783246
1049,250,250,231,True,True,231,0.06596481205480843,3.163765466159863,0.7119123044349714
1050,250,250,229,True,True,229,0.05892141386970016,3.414217785508469,0.791555314211685
1051,250,250,218,True,True,218,0.05945298925502346,3.278383103108651,0.8596990289995161
1052,250,249,219,True,True,219,0.061173697613795375,3.61862204692411,0.8513391425943387
1053,250,250,217,True,True,217,0.05268751014022081,3.756904669305369,0.8349820118258501
1054,250,250,228,True,True,228,0.04993011833297466,3.9565160317495223,0.859565235182747
1055,250,249,216,True,True,216,0.05088083335226254,3.628198217247366,0.8582446370321292
1056,250,250,218,True,True,218,0.062375056397001825,3.1001760909479974,0.89804473889442
1057,250,250,223,True,True,223,0.059461644987839034,2.586747562417769,0.8589495708132572
1058,250,250,223,True,True,223,0.059912309792820306,2.2076406003702855,0.8302342442467716
1059,250,250,230,True,True,230,0.058700426537678506,1.609591577707664,0.8259626313790803
1060,250,250,227,True,True,227,0.037559111014834674,1.3949976896130964,0.838252144314541
1061,250,250,219,True,True,219,0.0643310965064904,1.9411085386447424,0.8255005302358908
1062,250,249,217,True,True,217,0.04316593694669716,2.1386833512527246,0.7961165804271833
1063,250,250,240,True,True,240,0.04623301295408912,2.1135783227429044,0.842458242063816
1064,250,250,226,True,True,226,0.04946609143871535,2.134607413769792,0.8583204471609075
1065,250,250,228,True,True,228,0.04642159922775768,2.208767315457113,0.8369891475031451
1066,250,250,225,True,True,225,0.05514077335042889,1.9099103630858567,0.8099737566743604
1067,250,250,209,True,True,209,0.05247159226808306,1.8213181679701607,0.7975161844325926
1068,250,250,229,True,True,229,0.06149860800744448,1.9232092132909913,0.7150555583081563
1069,250,248,236,True,True,236,0.06111661364181702,1.9106505997158922,0.8130103736587327
1070,250,250,219,True,True,219,0.06611857758538955,2.2896188214362687,0.7564478303264357
1071,250,250,217,True,True,217,0.0664018492958773,3.188612754086343,0.8350892035034656
1072,250,250,220,True,True,220,0.06380569024341821,3.371701147140076,0.8458057458028636
1073,250,250,238,True,True,238,0.059646048159224585,3.2892828591559713,0.7778881832795123
1074,250,250,229,True,True,229,0.057926060321145875,3.4541925437212075,0.7819573041333893
1075,250,250,212,True,True,212,0.05128058619272713,3.5229809638232794,0.8011527673724771
1076,250,250,227,True,True,227,0.058037485944546656,3.678759991705193,0.7885918022554722
1077,250,250,218,True,True,218,0.058967621352139295,4.174386831231449,0.7589950428232121
1078,250,249,222,True,True,222,0.06491805712963944,4.655461032867994,0.7485640104592592
1079,250,250,228,True,True,228,0.06056377797551267,4.103836271732363,0.7721986034960223
1080,250,250,225,True,True,225,0.05869773305535957,4.0427492784654495,0.8440930423413012
1081,250,249,218,True,True,218,0.06305681143833824,4.524896471706324,0.7756906163198356
1082,250,245,226,True,True,226,0.0570473337056879,4.190049338460367,0.7757360952610426
1083,250,248,211,True,True,211,0.05844624893581436,4.570128571849479,0.8401327810548246
1084,250,249,221,True,True,221,0.05830182326203012,4.544073686804945,0.8162244847433815
1085,250,248,213,True,True,213,0.04913555094273947,4.172662942288501,0.8175678573832295
1086,250,244,220,True,True,220,0.054154125808889286,3.854231662231602,0.8805593992414542
1087,250,249,227,True,True,227,0.05710410471816278,3.5306254564079564,0.8110933898406405
1088,250,246,224,True,True,224,0.05679448016641125,3.1554121998632243,0.8348469742433668
1089,229,226,190,True,True,190,0.05360636381177243,2.4868609468383447,0.9271761522569686
1090,249,239,209,True,True,209,0.05526444294967888,2.1924166628158344,0.9101445885219469
1091,250,229,211,True,True,211,0.05678480387674443,2.2979066074592165,0.8168043197517079
1092,250,227,188,True,True,188,0.053016752359452045,2.1918622795151497,0.7943705312547985
1093,250,223,198,True,True,198,0.04949910087840361,1.7444356556168967,0.7996808283666395
1094,250,232,208,True,True,208,0.052254682737629565,2.043093765528236,0.9021109120140406
1095,250,221,194,True,True,194,0.05041020468734613,1.7692431862534146,0.9008306366384309
1096,250,217,190,True,True,190,0.0499533120468398,1.7486069692855906,0.8285833050328866
1097,250,232,201,True,True,201,0.05183685255440232,1.4597699594172222,0.8196287955276651
1098,208,201,175,True,True,175,0.05279766070764945,1.448535090083353,0.9120061430910833
1099,218,201,177,True,True,177,0.05624378349753167,1.1029034303399265,0.8371468958694365
1100,234,221,198,True,True,198,0.05743158368120253,1.096888703543688,0.8747613194524391
1101,208,189,169,True,True,169,0.05577211666430217,1.4481802979029887,0.8985577822517299
1102,214,204,176,True,True,176,0.05563478266387953,1.5152801711928523,0.8569685315124096
1103,191,187,162,True,True,162,0.05832061074406679,1.60945474284927,0.8656225978756524
1104,175,163,147,True,True,147,0.05691551541088982,1.2507083607845193,0.9294395757212859
1105,124,123,110,True,True,110,0.05800284139747889,1.2736757309088766,0.9059767162142474
1106,121,118,106,True,True,106,0.055335533866647066,1.9909411241392587,0.8103672215836822
1107,108,105,91,True,True,91,0.05096392781122424,1.6954734921049197,0.879923245837308
1108,146,136,115,True,True,115,0.05093815491982264,1.7128497636140296,0.8745923382649613
1109,142,131,118,True,True,118,0.050191586416329,1.6106217747601603,0.8518611965949949
1110,127,121,107,True,True,107,0.052600099236629345,1.4686214389367693,0.7639510931227258
1111,93,87,72,True,True,72,0.05448728514279364,2.311948707364003,0.8374103563037666
1112,81,78,62,True,True,62,0.060695791221286134,2.9905483898246548,1.0722430869407065
1113,88,82,68,True,True,68,0.06295841827566882,3.0785902337011475,0.9953946928185128
1114,120,109,95,True,True,95,0.060233925853281946,3.8031933101145667,1.014720706700243
1115,126,126,98,True,True,98,0.056483420293153556,4.416499585451835,0.9501507825339348
1116,119,115,98,True,True,98,0.05199068103113835,4.776392512444868,1.0021251543784193
1117,126,125,109,True,True,109,0.05219500687825026,4.699192916081194,1.039994313423252
1118,112,103,78,True,True,78,0.04947394614878952,5.270782726538337,0.9176140594010626
1119,99,95,73,True,True,73,0.05479130390775339,5.424495302437745,0.9893798078864472
1120,117,110,89,True,True,89,0.056159181163889266,5.470553965661413,0.9732518432069676
1121,118,118,96,True,True,96,0.05163274857410417,5.8256092148006395,0.9867142684735228
1122,250,239,182,True,True,182,0.05035695971549773,5.638729722862849,0.9124074171591868
1123,250,241,203,True,True,203,0.04816265439691278,5.463463414672323,0.9163746750729042
1124,227,212,160,True,True,160,0.039888207137676206,6.299464417188152,0.9513069633347906
1125,214,194,137,True,True,137,0.0500345473475143,5.845058464939525,0.8038655966361216
1126,225,190,137,True,True,137,0.04333797317122208,6.419262436529783,0.889954367409961
1127,188,172,131,True,True,131,0.043405881478451654,7.2001353712795035,0.9154139973444686
1128,177,161,147,True,True,147,0.04248649562733228,7.000180261261839,0.9830659183410353
1129,122,119,108,True,True,108,0.042903165084784006,6.670294037846024,0.8870802032966747
1130,111,105,81,True,True,81,0.04519697143450643,7.133222432197199,0.9968024123917067
1131,120,117,107,True,True,107,0.045712304611899034,7.691813972432473,0.906121115880613
1132,87,87,70,True,True,70,0.0513297554507962,7.810640311938272,0.8431523146360256
1133,83,83,76,True,True,76,0.04461741302843345,8.178827482022246,0.8847222350998176
1134,77,77,66,True,True,66,0.04774960283531706,8.130640713716868,0.8525571362970801
1135,75,75,68,True,True,68,0.048699014057436645,7.890210299323112,0.9005188369190341
1136,80,80,71,True,True,71,0.05149589466451919,7.65440601135742,0.8623815546668304
1137,63,63,55,True,True,55,0.04227959581567229,8.306345245412624,0.8998287563400315
1138,59,54,42,True,True,42,0.05098907443028498,7.918914643491194,0.9950187184774569
1139,88,86,66,True,True,66,0.056124536332745306,6.710991725025475,0.936447628722637
1140,79,75,63,True,True,63,0.05793282593900205,5.9621352462641415,0.9000911852409513
1141,103,90,64,True,True,64,0.06497484217045275,5.287768725053306,0.978212735840221
1142,83,59,52,True,True,52,0.04879430193855539,5.125257698027666,0.8262505067848717
1143,117,83,77,True,True,77,0.06485509613609294,4.29257216451529,0.8563896619531245
1144,143,94,79,True,True,79,0.046973623708012835,4.41041406274177,0.8340583076072892
1145,228,139,125,True,True,125,0.06074612486496303,3.3855038892342,0.6819558411808082
1146,250,154,137,True,True,137,0.05357415613382019,2.8932328405607435,0.9054488668786737
1147,250,163,157,True,True,157,0.05004378691858475,2.1687529062497415,0.7792579427940693
1148,250,182,166,True,True,166,0.046464239999141295,2.0034814610397516,0.8521322125395241
1149,250,172,161,True,True,161,0.04494225492231065,1.5740482226707395,0.8028424197550842
1150,250,186,160,True,True,160,0.05224371345754642,1.8191667548041135,0.8226845251257563
1151,250,192,174,True,True,174,0.044467011170693835,1.7877598339029979,0.7420652870962181
1152,250,179,155,True,True,155,0.03691245614184767,1.1605274535987977,0.7711917489423725
1153,250,176,146,True,True,146,0.046453364949613454,0.9064235132780187,0.7520029747272982
1154,250,196,152,True,True,152,0.058143444240059225,1.1767566125738893,0.8900996504344041
1155,250,209,180,True,True,180,0.048990369978335495,1.7056348978058868,0.8008948696354592
1156,250,231,180,True,True,180,0.049454333794264914,2.2141668138404116,0.8513015747925597
1157,250,233,203,True,True,203,0.05331617044757733,2.6474276161118575,0.8613007676782459
1158,238,238,213,True,True,213,0.05036019530759602,2.9746773361438175,0.8827865468738896
1159,209,206,171,True,True,171,0.05724844847227019,3.5383197390760612,0.8703511970229862
1160,198,188,168,True,True,168,0.05258685803755422,3.837288753245532,0.8989981279512119
1161,215,214,181,True,True,181,0.05135970899558702,4.233481222352115,0.9227558320734951
1162,215,212,178,True,True,178,0.04916936285180105,4.208920870878036,0.893086207060004
1163,250,250,207,True,True,207,0.0546625816758546,4.295575649900424,0.8987029879355122
1164,250,245,212,True,True,212,0.05587713427087811,3.9139088579627614,0.9377027167587266
1165,250,240,212,True,True,212,0.05149067686058739,3.5534604386309687,0.9445242686556066
1166,250,249,219,True,True,219,0.05439975074407738,3.4980292400962583,0.899366642154282
1167,250,248,226,True,True,226,0.05553520751226596,3.2623511391150273,0.8488163739145881
1168,250,249,225,True,True,225,0.056799573178909456,3.159483280133765,0.8058623672199503
1169,250,250,205,True,True,205,0.05941200386348754,3.01500596351505,0.9068826891559698
1170,250,240,217,True,True,217,0.05267009751162955,2.7039357026457447,0.85502524682254
1171,250,245,208,True,True,208,0.04857755404762174,2.0866785405062553,0.8872438973180535
1172,250,222,202,True,True,202,0.048704559561285846,2.0766111507126315,0.7910156879322345
1173,250,222,184,True,True,184,0.04766755820827604,2.0241994648072663,0.7901237665101452
1174,250,202,185,True,True,185,0.0488867092512842,1.802988925357442,0.8624369846269174
1175,250,184,153,True,True,153,0.05030088728845919,1.7126412668047712,0.8078392008967581
1176,250,185,161,True,True,161,0.04758764537162663,2.1736592238365713,0.9550312443327349
1177,248,206,178,True,True,178,0.0524169373927381,2.410256480621898,0.8959638982705225
1178,228,184,160,True,True,160,0.050732498896247306,3.260198474980073,0.8784668276722213
1179,166,126,111,True,True,111,0.05010898953693172,4.155768848195268,0.8886518317427629
1180,133,95,76,True,True,76,0.04637432945441989,5.487682491054491,0.9070329702652257
1181,103,79,75,True,True,75,0.047543253482476164,6.0015586559459235,0.9139886800964478
1182,110,106,95,True,True,95,0.04541492400084062,6.995088865150783,0.9927931253467693
1183,118,111,97,True,True,97,0.04980488308389177,7.229549034582589,0.9150389616418969
1184,117,116,107,True,True,107,0.0436062707788227,7.12870200201513,0.8736019706384849
1185,106,102,86,True,True,86,0.04731185117355005,7.009233549376162,0.8743958013534734
1186,113,105,92,True,True,92,0.05390350461420845,6.967741637825387,0.8838371390443137
1187,151,140,118,True,True,118,0.050419493603666925,6.172839258064568,0.935141860543389
1188,226,174,167,True,True,167,0.04718666570624171,5.071830601821119,0.8907210732555976
1189,250,168,144,True,True,144,0.05115358071935175,4.522267152120422,0.8059797598964051
1190,250,188,168,True,True,168,0.035480719405869256,4.034307445196644,0.8748947718001242
1191,250,209,186,True,True,186,0.05040644735629053,3.2834732184555997,0.7933544049343726
1192,250,221,196,True,True,196,0.05330489504048818,3.353216092305042,0.820651310401473
1193,250,232,213,True,True,213,0.045321955695853317,3.1408558652829024,0.8332007388086192
1194,250,211,197,True,True,197,0.04034880097583786,3.584647662042652,0.803444158199328
1195,250,208,189,True,True,189,0.04111665194986678,3.913701441050439,0.8297094843991621
1196,250,213,188,True,True,188,0.046737038641498606,3.50341045834511,0.7725115798569517
1197,250,231,216,True,True,216,0.0375626853551124,4.186206357616183,0.776110165872856
1198,250,223,193,True,True,193,0.045842971808824844,4.4792897197877535,0.8471650510250223
1199,250,230,207,True,True,207,0.04415453248137099,4.088866051396339,0.7712156731540074
1200,250,224,200,True,True,200,0.045922420433893205,3.861864431296175,0.7830004203746289
1201,250,216,192,True,True,192,0.054340796946697426,4.043452792036057,0.7954679117949509
1202,250,229,221,True,True,221,0.048161531077967314,3.507030623159235,0.7900101266172818
1203,250,243,227,True,True,227,0.05340874791110077,3.0535427767395045,0.8103854624080193
1204,250,235,221,True,True,221,0.04853687527232768,3.037779474884159,0.7916379832297946
1205,250,241,223,True,True,223,0.044477410070188864,3.4172687595811415,0.863686011965553
1206,250,232,206,True,True,206,0.053352500257214254,3.1523069785184865,0.8479486706014389
1207,250,216,188,True,True,188,0.05063485607784295,3.3599226246760425,0.8087026873143105
1208,250,220,192,True,True,192,0.05751363325796201,3.7996467236378613,0.8421913591458068
1209,250,235,202,True,True,202,0.06196478187268733,4.076439078031506,0.8544298977549015
1210,250,246,206,True,True,206,0.05247513130109865,4.24432927562487,0.9102586617386415
1211,250,230,198,True,True,198,0.05673837256033181,3.942668136241004,0.9176394024637133
1212,240,205,163,True,True,163,0.0632208182752668,3.7363303264019057,0.8803118625139701
1213,227,206,179,True,True,179,0.059550079485960264,3.474610024164205,0.8720066868082739
1214,162,147,128,True,True,128,0.05915546282720153,3.582024260266953,0.9241109833226671
1215,112,104,83,True,True,83,0.061035833801629365,3.750945577115221,0.8857507242373858
1216,85,81,70,True,True,70,0.06610836783904288,3.670165463061848,0.9028373233652232
1217,61,57,47,True,True,47,0.056699886005019795,3.7988179044245562,0.8955666532141968
1218,67,67,57,True,True,57,0.056800434526419946,4.069433444247784,0.9518626352282872
1219,84,84,78,True,True,78,0.06494112297072799,3.571590191268932,0.8376502120099788
1220,108,108,101,True,True,101,0.06348149557416,2.7862326867555915,0.8035999107008677
1221,130,130,122,True,True,122,0.05715198554104679,2.7905907446543883,0.7670695265691444
1222,147,147,131,True,True,131,0.05380018101989696,2.569315052975959,0.8896216818474477
1223,173,173,148,True,True,148,0.059503682068562457,2.562934672088414,0.8671744924085062
1224,250,217,200,True,True,200,0.06055121153171993,2.2561755112638338,0.9264940509612241
1225,250,191,169,True,True,169,0.05292595974095133,2.3958310852924662,0.9410822231866273
1226,224,183,162,True,True,162,0.056839471843924155,2.4450112659303245,0.9178764124600474
1227,241,216,182,True,True,182,0.05806549135692228,2.831011810691647,0.8110356830089042
1228,250,213,181,True,True,181,0.05190927518806369,2.3795233195423946,0.9316644584329049
1229,248,225,191,True,True,191,0.05992091230118272,2.5455152254677675,0.9110618427665416
1230,228,222,195,True,True,195,0.05248973133633227,2.5496765817061378,0.9113950488228846
1231,182,173,144,True,True,144,0.05769809405336875,2.89943131342986,0.979486951519448
1232,183,179,148,True,True,148,0.06166555527028694,3.3536465661477037,1.0657148372865655
1233,176,171,142,True,True,142,0.05877283722706459,3.6036296330060305,0.9484796563552012
1234,210,209,187,True,True,187,0.06174323161454903,3.810894547561547,0.9166797298974109
1235,224,224,201,True,True,201,0.059815468743287116,4.060038855367678,0.9809361900777066
1236,213,213,186,True,True,186,0.0699370411363492,4.456675703616511,0.9807735415152632
1237,235,235,206,True,True,206,0.06022126940190281,4.483996236040324,0.8920208502591218
1238,243,242,215,True,True,215,0.05406522018273141,4.220462263736237,0.8784402340820834
1239,243,243,224,True,True,224,0.057470129904986664,4.559479111876474,0.8642735905702065
1240,220,220,207,True,True,207,0.05268847268282103,4.730810162241342,0.8025853350508712
1241,153,153,125,True,True,125,0.05959883212375476,4.159985456523032,0.8348803949116005
1242,188,188,169,True,True,169,0.06429032017760936,3.8513969320110557,0.8588204428332329
1243,236,232,209,True,True,209,0.051474975744829926,3.725907219052352,0.8284589464767331
1244,250,246,230,True,True,230,0.06069870683261714,3.3213314230327766,0.8655274765453159
1245,250,245,222,True,True,222,0.06125945170077009,2.7722833637050766,0.8398938035345779
1246,250,245,233,True,True,233,0.05624852222568256,2.2607093070364708,0.8335941877979315
1247,250,241,224,True,True,224,0.05439426552372567,1.7937666709305315,0.7867922990265283
1248,250,241,229,True,True,229,0.06225046181835459,1.9869531277506165,0.8213076437117758
1249,250,244,217,True,True,217,0.06809000041525058,2.309566392593566,0.8182357026688939
1250,250,245,219,True,True,219,0.05795895343303124,1.6513643766849893,0.8482129229832885
1251,250,245,217,True,True,217,0.0671959777586097,1.680433901700818,0.764250213896332
1252,250,239,217,True,True,217,0.043220366960973824,1.386481431091819,0.8074692524435187
1253,250,240,215,True,True,215,0.05391288542564598,1.865787368297645,0.9109763030769024
1254,250,244,233,True,True,233,0.06161982161661007,2.3764988854886333,0.8398512884202863
1255,250,241,220,True,True,220,0.06644843297033824,1.722065646151467,0.9188610415227961
1256,250,247,216,True,True,216,0.06262109918201796,1.2927977482518098,0.8603240282381113
1257,250,244,222,True,True,222,0.0712760661136535,1.9491626316310195,0.8046754247928453
1258,250,242,226,True,True,226,0.06944051962924133,2.507583967760784,0.8731954576344941
1259,250,240,203,True,True,203,0.081442215013716,2.7451577935741733,0.7748206715303197
1260,208,202,187,True,True,187,0.054813144115955434,2.1489949084761206,0.7893449361138786
1261,231,224,214,True,True,214,0.06745442828511566,2.696059188524843,0.7908044564225217
1262,235,231,207,True,True,207,0.06947293798631489,2.8528080646168252,0.8814316139047489
1263,220,214,197,True,True,197,0.06632043824980098,2.6615257623267907,0.9192553454731018
1264,227,218,204,True,True,204,0.07466280606218569,2.451820696690021,0.8622267288174803
1265,217,212,196,True,True,196,0.05778910401760805,1.85365749464138,0.8444876988176012
1266,227,215,190,True,True,190,0.06295839405854184,1.664618029631369,0.847223451714787
1267,221,215,198,True,True,198,0.06429830267628951,0.9533316149979634,0.8789041877024419
1268,171,162,132,True,True,132,0.04644331454883738,0.4732185408739551,0.8582661350552723
1269,250,244,210,True,True,210,0.07408436600597869,0.49913600912201705,0.8540941034856352
1270,239,230,209,True,True,209,0.06426873850411953,1.251280494829886,0.8648586357254933
1271,250,245,205,True,True,205,0.06333924722566381,0.8874369718718181,0.8852055824928166
1272,250,245,214,True,True,214,0.06661824791066628,0.5411807241113457,0.8424967351674065
1273,250,239,210,True,True,210,0.06908878282823902,1.0611361511881972,0.85472586909403
1274,250,244,223,True,True,223,0.06724509178207647,1.3431332865583225,0.8386104972839591
1275,250,246,211,True,True,211,0.06324373471653495,1.7453617617559685,0.9091742554025594
1276,250,248,205,True,True,205,0.06783348641072735,1.2372093934967385,0.9588115318557622
1277,196,181,156,True,True,156,0.05922970887607343,1.0676552383082674,0.8735165865161174
1278,209,202,165,True,True,165,0.06718575737771862,0.7279102288327762,0.8565419556435026
1279,223,220,195,True,True,195,0.0672302307275309,0.8847127161814248,0.871340493411909
1280,226,215,180,True,True,180,0.06936515861529151,1.019948641434558,0.8068577473209366
1281,250,230,194,True,True,194,0.06852760965832619,0.9220695097980379,0.8729360437953234
1282,250,219,188,True,True,188,0.06965949720058746,0.9659248262115003,0.8798952870645858
1283,250,237,177,True,True,177,0.060791573750165015,0.8459684003409779,0.9397749280917223
1284,250,242,205,True,True,205,0.061945456319671625,0.2756640226846198,0.8169698538481392
1285,178,175,142,True,True,142,0.060623524233187676,0.31638119073724547,0.8536755373251997
1286,188,184,153,True,True,153,0.054014310913311644,0.14579254088565674,0.8839451517393032
1287,196,188,148,True,True,148,0.0702828308131768,0.40161652468192516,0.8451175633274491
1288,172,172,132,True,True,132,0.07245808177911675,0.8379333480807444,0.838303874179636
1289,174,164,137,True,True,137,0.07326503108544759,0.9284340871412831,0.9068017488269431
1290,207,202,178,True,True,178,0.07170843863811602,0.8314416883233796,0.9880383258578884
1291,179,173,135,True,True,135,0.07008501900597153,1.4199221955314372,0.9315980691517257
1292,179,166,142,True,True,142,0.06610072055156592,2.029564322646259,0.9177444080111413
1293,163,159,136,True,True,136,0.06430880425079577,2.04540419778124,0.8489380923475286
1294,176,170,139,True,True,139,0.06440362372135315,2.253170528534237,0.90582798244884
1295,169,160,127,True,True,127,0.06413194612820958,2.109426771799297,0.8883476917880467
1296,164,156,125,True,True,125,0.06714265270490186,1.6993319827609623,0.9321318402843872
1297,161,151,134,True,True,134,0.068329623933495,1.274977691663373,0.9122127346500627
1298,144,131,110,True,True,110,0.06814140917382831,0.6227430580357228,0.932541803745656
1299,138,115,99,True,True,99,0.06955277602378614,0.3538411741074008,0.8582161937504538
1300,127,111,85,True,True,85,0.06921332234974799,0.13036684167342735,0.68253040269058
1301,132,122,112,True,True,112,0.0670230167468514,0.5010562112615691,0.8391549438812763
1302,142,110,98,True,True,98,0.0667811015550322,0.46353878657754927,0.7988921355202416
1303,142,111,103,True,True,103,0.06649584955702424,0.5991352988787456,0.7734491391165154
1304,124,114,95,True,True,95,0.06376909474670918,0.5798381374373655,0.84154772299393
1305,116,103,91,True,True,91,0.06560231813516504,0.1938259504153128,0.8737395964885338
1306,104,94,75,True,True,75,0.06447242824196184,1.0272870173105795,0.8819863621187796
1307,103,97,86,True,True,86,0.06388217307521447,1.478109403632586,0.9685766957869409
1308,107,99,86,True,True,86,0.06593494050633267,1.6833587403943187,0.9249430378303752
1309,102,98,79,True,True,79,0.07573298001036446,2.06472606628351,0.8753291827521389
1310,198,195,162,True,True,162,0.07476025855354017,2.4634520404379123,0.9252793129739469
1311,211,209,167,True,True,167,0.06364660002707373,3.102217466715057,0.8407126330453625
1312,213,208,184,True,True,184,0.06379554638908111,2.5960376947307258,0.7936222252653484
1313,225,215,194,True,True,194,0.06126937348588438,2.3931314856895014,0.7536813427589273
1314,205,198,183,True,True,183,0.0571418816648858,2.946128384143458,0.8414867102188951
1315,250,240,200,True,True,200,0.056740212142948415,3.064524587280308,0.8991401741049301
1316,250,243,201,True,True,201,0.05737748305251909,2.705327406273266,0.8759614685459169
1317,250,245,208,True,True,208,0.058951733193675256,2.904355734767313,0.7489309612250136
1318,250,250,217,True,True,217,0.0630538953912412,2.599928317445094,0.8288964054610725
1319,250,250,237,True,True,237,0.060668354159634015,2.8711355584059306,0.8285958644802998
1320,250,250,230,True,True,230,0.050319506942399415,2.787051199550707,0.785341575528247
1321,250,250,230,True,True,230,0.05737086635201297,2.587676451782116,0.7130833465113781
1322,250,250,233,True,True,233,0.047021061096235724,2.740925538686344,0.6916668062783912
1323,250,250,225,True,True,225,0.05579390598121203,2.9768093115184926,0.756135788648131
1324,250,250,236,True,True,236,0.04848761390277906,3.084735357060972,0.9034358780936308
1325,250,250,234,True,True,234,0.054049197119792954,3.1523866920099977,0.7872849914900178
1326,250,250,218,True,True,218,0.046772361885060225,3.064181420836399,0.8598066518605442
1327,250,250,235,True,True,235,0.0485966399525775,3.1977496692615697,0.9059305534606845
1328,250,250,229,True,True,229,0.053796302837513396,3.2111272167076494,0.8917201067033186
1329,250,250,229,True,True,229,0.045916449746164344,3.358170794454752,0.8003800865837996
1330,250,250,233,True,True,233,0.05001294513053638,3.34018774650645,0.7166142816353371
1331,250,250,231,True,True,231,0.04492754878455025,3.079655480553171,0.7492357997380189
1332,250,250,209,True,True,209,0.03653882209264153,2.790069817473397,0.8237491154877351
1333,250,250,226,True,True,226,0.048387457836087236,2.762100745879674,0.8857293201208025
1334,250,250,211,True,True,211,0.03948321813746016,2.752601290217507,0.8620954862714365
1335,249,249,207,True,True,207,0.05138502388123633,2.7783865490293045,0.9167655452921288
1336,250,250,224,True,True,224,0.04610328501771956,2.259979512427935,0.9288752749713487
1337,250,249,224,True,True,224,0.04756648541090727,2.395072540665958,0.8692493756918733
1338,250,249,207,True,True,207,0.04858799475493399,2.276234768650853,0.8748447390617463
1339,250,250,223,True,True,223,0.049934836002859445,2.3424465832972996,0.8098117456189976
1340,250,249,220,True,True,220,0.051313326940485085,2.3497655421975456,0.8024636041737203
1341,250,250,226,True,True,226,0.048968446545810194,2.7184837235559893,0.770480979464311
1342,247,247,220,True,True,220,0.04964092908428903,2.61621223763304,0.8482271575970542
1343,250,250,210,True,True,210,0.05203260199904182,2.5232996541495885,0.735258383905086
1344,215,215,188,True,True,188,0.05160459749419549,2.6986803995416597,0.8255763031316423
1345,180,180,158,True,True,158,0.04691123591505297,3.147133761283029,0.8773437701576369
1346,211,211,180,True,True,180,0.041372013429189516,3.367914473565078,0.8498170585101599
1347,171,170,146,True,True,146,0.04469022785993155,2.8507225838944485,0.9710933212952154
1348,176,172,156,True,True,156,0.04121574906435241,2.960062180884528,0.9360344284618377
1349,185,182,163,True,True,163,0.05180535010205193,3.503858803941205,0.8790948025342542
1350,178,168,138,True,True,138,0.05038397355682947,3.8799825270207853,0.8730802874588671
1351,184,171,150,True,True,150,0.053338793223483685,4.108054292003869,0.8347011559273848
1352,196,175,148,True,True,148,0.0469959401441604,4.4134646916733145,0.9259729440679177
1353,203,179,147,True,True,147,0.0502869543189792,4.528217475256417,0.7993258107172734
1354,200,190,155,True,True,155,0.046589283050136314,3.770006580442187,0.8606363424821866
1355,225,217,187,True,True,187,0.046977565952922525,4.026762412230592,0.9330791285423983
1356,230,215,182,True,True,182,0.04488571058314147,4.444437278623885,0.9600036863813444
1357,232,211,155,True,True,155,0.045035759146248106,4.597859297714914,0.9903018090322386
1358,228,207,164,True,True,164,0.04029083021213026,4.544810870994412,0.972823773326478
1359,220,212,161,True,True,161,0.03856392267289465,4.515343187508587,0.9022394962771239
1360,184,178,138,True,True,138,0.047186541113695864,3.6165522892752664,1.0159586552158373
1361,148,137,107,True,True,107,0.04586319366471484,3.3487151146669363,0.9938299329327719
1362,170,161,103,True,True,103,0.05275621358143049,2.647987628671165,0.9360731886811837
1363,127,125,79,True,True,79,0.05203791519361172,2.355752881277036,0.9823683966785304
1364,106,102,73,True,True,73,0.050247564539359045,1.3350410817393268,1.0152192737013315
1365,111,111,87,True,True,87,0.058590465567234115,0.567690321078339,0.8725635384618996
1366,105,105,90,True,True,90,0.05030347404076278,0.9606400160639756,0.9591243723802809
1367,107,107,71,True,True,71,0.052809426651467394,1.3107812897912663,0.896279684715315
1368,121,121,92,True,True,92,0.05541851470221684,1.5196808479482957,0.8639560139702058
1369,108,108,80,True,True,80,0.05816329492136113,1.8407403411677243,0.9277420257631409
1370,125,123,88,True,True,88,0.05305430366277568,1.9306000391922797,0.9291229713032984
1371,107,106,86,True,True,86,0.05643684567186356,1.8870102268051954,0.9819531557148726
1372,114,111,87,True,True,87,0.05720207594056475,1.873780528015642,0.9180745108017473
1373,109,107,89,True,True,89,0.048782729989200815,1.7406989535690416,0.8878541067481939
1374,107,107,93,True,True,93,0.05761628122051999,1.9007265607702826,0.9446451463254387
1375,97,97,93,True,True,93,0.059806704984581426,2.1009054842510313,0.8814162867305855
1376,105,105,93,True,True,93,0.05434203270757786,2.2263496213127274,0.9614047011914559
1377,113,113,102,True,True,102,0.0614930192619218,2.602853223257011,0.9195550554914138
1378,117,117,106,True,True,106,0.059386957090883555,2.219597067108546,0.9215877720661906
1379,138,138,123,True,True,123,0.05577387994607766,1.9415384818917976,0.8969604721419782
1380,129,129,108,True,True,108,0.057409157036063384,1.9103067067951662,0.8807854652431844
1381,145,145,128,True,True,128,0.06195517972661195,2.177641388137677,0.84484229371591
1382,118,118,99,True,True,99,0.06105987263553695,2.5027343921753333,0.7649366879337749
1383,105,105,88,True,True,88,0.060282111598614095,2.4818629476263587,0.8412737391645924
1384,121,121,96,True,True,96,0.07718355384825745,2.986769825953774,1.0359739829636527
1385,106,106,89,True,True,89,0.05148969584642401,2.9798421263110195,0.9160249068008794
1386,89,89,78,True,True,78,0.05620603082689082,3.6998489829047116,0.9316653805352652
1387,100,100,83,True,True,83,0.06378236981746489,3.985650856722067,0.9045482401286249
1388,111,111,91,True,True,91,0.08655886062954692,4.207260528680606,0.9729003661166217
1389,104,104,91,True,True,91,0.0551485631095872,4.1722728384970065,0.8936805652409607
1390,106,106,87,True,True,87,0.057626217539213244,4.759081950440065,0.8573401978873655
1391,149,149,130,True,True,130,0.047382939362722955,4.64310913632982,0.9703159297587913
1392,209,205,177,True,True,177,0.06231344562769041,4.542595821664443,0.8762260405242231
1393,193,193,167,True,True,167,0.06918639802690763,4.621483698538389,0.9688592100336707
1394,214,214,181,True,True,181,0.06874399887521707,4.299632071430289,0.8684091367694381
1395,238,238,203,True,True,203,0.05797880014841029,4.452238014508389,0.8514851864293824
1396,250,250,206,True,True,206,0.05504318455253783,4.23400522015358,0.9533503123823066
1397,250,250,205,True,True,205,0.057760501853822296,3.7978556336994607,0.8767114369593952
1398,250,250,216,True,True,216,0.0552565278748981,3.6279986896290786,0.9063395810524877
1399,250,250,220,True,True,220,0.05959238862036243,4.071001666157148,0.8173089789350153
1400,250,250,223,True,True,223,0.05150269467051728,4.015739737613079,0.8210269710446627
1401,250,250,223,True,True,223,0.05981076320060446,4.136837985705943,0.7453944208905756
1402,250,250,225,True,True,225,0.05738338004568197,4.520747204939373,0.856070554744545
1403,250,250,222,True,True,222,0.05305965182064104,5.067026347595725,0.814400849256554
1404,250,250,227,True,True,227,0.05434721548764286,5.192944387488055,0.8325365921646084
1405,250,250,234,True,True,234,0.04936617566018567,5.324801399010476,0.8723377309954558
1406,250,250,234,True,True,234,0.051194695851584676,5.637613721436797,0.8430522575349942
1407,250,250,223,True,True,223,0.0470755224272501,5.8440238445870225,0.794514810899677
1408,250,250,217,True,True,217,0.050979732226696384,6.208673125111353,0.8937030290493602
1409,250,250,227,True,True,227,0.04703557350719955,6.1822866199644295,0.8270675131813675
1410,250,247,207,True,True,207,0.04363155673186481,6.396832984846619,0.8109223287922139
1411,250,250,231,True,True,231,0.0385250607699239,6.499263284253386,0.8606628769985732
1412,250,246,220,True,True,220,0.04659356681459832,6.141832625319435,0.865373536746842
1413,250,247,215,True,True,215,0.040341981542492064,6.167096249430427,0.8353350187588255
1414,250,249,226,True,True,226,0.037055631362262545,5.991244809142061,0.8707362111156882
1415,250,246,225,True,True,225,0.041514675986920865,5.779813287293514,0.7992629327715801
1416,250,246,219,True,True,219,0.04195740399587143,5.504296402068455,0.90594596380997
1417,250,242,202,True,True,202,0.03785186317601122,5.083314982990499,0.8888962533203905
1418,237,231,184,True,True,184,0.035463410096524865,4.951978730889878,0.9192226519529958
1419,229,225,196,True,True,196,0.04038467298046016,4.795782587724456,0.9323877410187851
1420,219,215,189,True,True,189,0.0388084788346225,4.725486046347403,0.8350352387533423
1421,238,232,174,True,True,174,0.044939032104802996,4.5422729578061505,0.912725367153523
1422,178,175,154,True,True,154,0.042337000820286,4.362643489915742,0.8924395144175499
1423,169,169,136,True,True,136,0.04249509683231605,3.964216510193991,0.8433802965100851
1424,147,147,119,True,True,119,0.04129673592319362,4.987090655965302,0.8693292336178435
1425,127,126,117,True,True,117,0.04697214318567199,4.778403326210751,0.8279973575728783
1426,144,140,124,True,True,124,0.04399189606862909,4.844960579113915,0.8310158701952703
1427,170,164,152,True,True,152,0.03881280424910022,4.427468276887923,0.846489045532693
1428,140,138,121,True,True,121,0.043674932744753904,4.070844218580833,0.8570200964206173
1429,160,158,134,True,True,134,0.043531683024392864,3.978784353602243,0.8427732853703735
1430,142,136,117,True,True,117,0.054657048991757114,4.225584816214752,0.9096337810780846
1431,155,152,136,True,True,136,0.045632262862025305,3.470919925277709,0.9746988696098297
1432,149,149,126,True,True,126,0.051162190557165796,3.087739434014879,0.8407467979537063
1433,175,167,157,True,True,157,0.04287658396240133,2.6222836250105925,0.9216613797146691
1434,215,174,168,True,True,168,0.03718615040786667,2.146571523390634,0.8622589840722972
1435,194,141,123,True,True,123,0.03787490826449907,2.194629977094816,0.9890362162839108
1436,176,142,126,True,True,126,0.04067201449342843,2.9192780004322967,0.8813646074295541
1437,150,137,127,True,True,127,0.03756244169871523,3.4188040232119037,0.8849867282847064
1438,153,140,121,True,True,121,0.032822668255619296,3.9401743798501685,0.8461965678914015
1439,159,141,129,True,True,129,0.03612397237809498,4.897635450175711,0.9344999288861339
1440,153,135,109,True,True,109,0.038654782238887415,5.106968828911973,0.826412365391596
1441,164,150,123,True,True,123,0.03931885643793279,5.304756544594999,0.9155055776832693
1442,141,141,129,True,True,129,0.035208009081523,5.318794342703712,0.9268139239280119
1443,137,133,123,True,True,123,0.03480917383890849,4.926648333709029,0.8126485658280316
1444,136,119,107,True,True,107,0.037819631296010583,4.903792495230696,0.8807198256719833
1445,168,149,139,True,True,139,0.04106888013138809,4.355345601207575,0.8908190191167874
1446,162,148,121,True,True,121,0.042633933198111346,4.076513938493556,0.9577158407402552
1447,183,161,143,True,True,143,0.04494737265725353,3.5801695157877527,0.832459758105548
1448,201,163,144,True,True,144,0.0526202706852684,3.1494440057765973,0.9162087799523392
1449,236,179,153,True,True,153,0.05341194260908262,2.933350793883248,0.8483944920822399
1450,250,192,172,True,True,172,0.0483292047704197,2.7828150730111756,0.8304249967933174
1451,243,195,161,True,True,161,0.05401220643707192,2.6832663282592413,0.9082933912702285
1452,250,215,171,True,True,171,0.055673031604336884,2.3823105014640555,0.8537234781576856
1453,242,208,182,True,True,182,0.05279124485234181,2.8394994452645634,0.8844639093283472
1454,231,203,179,True,True,179,0.05457740026283761,3.4142835630328605,0.8586351909242261
1455,225,186,167,True,True,167,0.05457556920052943,3.458418750637749,0.88189155370212
1456,185,142,127,True,True,127,0.05220031645884594,3.165577025821118,0.8557284198590309
1457,151,125,113,True,True,113,0.060013008782390964,3.1727873551111823,0.9297781660376977
1458,151,146,132,True,True,132,0.05926882032546673,2.9963341098574396,0.8207730133025123
1459,119,113,97,True,True,97,0.05930707172819465,2.585634484714579,0.868655679861681
1460,140,139,124,True,True,124,0.056728432004749876,2.9231425537675495,0.7972493195381877
1461,129,115,100,True,True,100,0.06951379657590771,3.2625327577945926,0.8667894085271823
1462,135,132,111,True,True,111,0.06496205083253725,3.291529905487892,0.8332720407070635
1463,148,148,121,True,True,121,0.06885008792237095,3.5978758855865514,0.8719026294327921
1464,129,128,117,True,True,117,0.06623480926637235,3.738083923452695,0.9020366054923278
1465,115,114,95,True,True,95,0.06468553511703144,4.109330651408746,0.8206546681524368
1466,110,108,98,True,True,98,0.06803420030539806,4.020792530830774,0.9312288923910451
1467,88,81,59,True,True,59,0.0707420758772535,4.25450318382005,0.8745807580740813
1468,75,75,63,True,True,63,0.06954197208261606,4.6676319777930555,0.8224543887979617
1469,49,49,42,True,True,42,0.0695733706009407,4.712983256637293,0.8607882035140002
1470,45,43,37,True,True,37,0.06772289026776838,4.958142736605139,0.7615445400480817
1471,37,34,0,False,False,0,,,
1472,44,43,30,True,True,30,0.06684706779147703,5.409344053143618,0.8985771400653616
1473,38,37,32,True,True,32,0.06610355135882606,5.2795891557155485,0.9998590202746549
1474,92,90,68,True,True,68,0.05936142834498486,4.553575783592242,0.8293084134123725
1475,89,78,64,True,True,64,0.05970221755807633,4.618630016429715,0.878174521573683
1476,112,106,98,True,True,98,0.06203154857812085,3.7181555748870943,0.7695245053671084
1477,126,121,109,True,True,109,0.057294516182452467,2.9254377988701377,0.8276161434707847
1478,154,148,140,True,True,140,0.04945095646939934,2.2758488754804858,0.8614383019626332
1479,175,172,151,True,True,151,0.05480177143494505,2.345028270505487,0.9225675506934127
1480,222,220,197,True,True,197,0.0531577476356122,2.060161445484326,0.8745785138488638
1481,236,224,191,True,True,191,0.05670930581286315,2.360798518573768,0.9069840123545121
1482,189,179,160,True,True,160,0.054665477600495734,3.05221479904235,0.8406333146362842
1483,194,168,147,True,True,147,0.05988368752845273,3.6741687899788973,0.9136350718126464
1484,199,165,142,True,True,142,0.06137353406219578,3.4745575689460533,0.8833662772008531
1485,211,198,184,True,True,184,0.06505865263443215,3.8104173142365725,0.9210217874981905
1486,228,202,178,True,True,178,0.053695983139947064,4.085971356566778,0.8739228648479609
1487,200,164,148,True,True,148,0.061103207264180635,4.32220562857522,0.8333014274420779
1488,221,186,159,True,True,159,0.058475464509382444,4.815936708273396,0.8537741567451419
1489,204,197,173,True,True,173,0.062820371269459,4.649516455375904,0.7686505871300908
1490,174,169,155,True,True,155,0.07387484322733513,4.548661124216265,0.7767624123929799
1491,165,163,147,True,True,147,0.0669892037265279,4.488588385904199,0.7519470479962476
1492,166,162,142,True,True,142,0.07118426541289397,4.496844196569086,0.8351834229421048
1493,170,167,148,True,True,148,0.06649610997560797,4.590009076157406,0.8280321113650555
1494,172,169,153,True,True,153,0.06288127261132329,4.722441304309089,0.8765920434620955
1495,171,171,153,True,True,153,0.06742825182848429,4.304534451915665,0.8765094773614961
1496,180,177,156,True,True,156,0.07135455712461188,4.078291500308822,0.8272622154144081
1497,186,184,172,True,True,172,0.06256960350208604,4.452787111038337,0.8647017887703966
1498,244,243,233,True,True,233,0.05725133224634376,4.128393143050924,0.8269956049093113
1499,244,242,199,True,True,199,0.04786024164847491,4.115653247199143,0.8356214498296987
1500,199,193,175,True,True,175,0.06701809232132623,3.630651508170044,0.903735578063706
1501,224,219,191,True,True,191,0.06969738241516064,3.1643406543554495,0.8714489227618035
1502,240,232,205,True,True,205,0.06255053150032147,3.078879595963864,0.9077125519990257
1503,250,246,220,True,True,220,0.06070492708120398,2.771246611272839,0.8514241979950803
1504,250,249,238,True,True,238,0.06401252489222833,2.7352190604562687,0.8172745465432875
1505,250,246,216,True,True,216,0.061961571866314846,2.5024084905485013,0.7688663799473504
1506,240,234,221,True,True,221,0.06505284175051518,2.141715523131201,0.8745535067436226
1507,250,239,215,True,True,215,0.06808323878416944,2.433935010670851,0.8104812375462755
1508,250,245,221,True,True,221,0.04876715097634173,2.5003660797467466,0.8425788454338073
1509,250,245,229,True,True,229,0.06375464757583182,2.608514542226508,0.730349136433466
1510,250,247,230,True,True,230,0.06284949010027394,2.7652454149940713,0.8534440787116695
1511,250,248,208,True,True,208,0.06336531708773889,2.795083235085815,0.8835900397314934
1512,236,233,207,True,True,207,0.055536910913470384,3.1891716179051994,0.905807168836237
1513,250,247,212,True,True,212,0.05698993647033686,3.4477893264805877,0.9453726068371301
1514,185,184,163,True,True,163,0.06066047169882609,3.426772230300118,0.8700081007373642
1515,178,178,158,True,True,158,0.058667781664309596,3.429632890021152,0.9180825103396436
1516,191,189,169,True,True,169,0.05755866723707964,3.3314285532347006,0.8113377899074431
1517,180,178,142,True,True,142,0.05459653349590627,3.24715212331554,0.8549927937059524
1518,150,150,132,True,True,132,0.06334371182904217,4.041643960717751,0.939822281691117
1519,164,164,149,True,True,149,0.05411678265548404,4.2531485582199045,0.8973384904977908
1520,180,172,157,True,True,157,0.06573860661455734,3.663458351682159,0.7866864719605838
1521,172,171,145,True,True,145,0.03899465444925798,3.208274973350612,0.7810905615587372
1522,166,166,143,True,True,143,0.06058082099681582,3.0109893848561775,0.8002860551327131
1523,167,166,157,True,True,157,0.049430821530378005,2.9093671028166193,0.807313989620393
1524,174,174,151,True,True,151,0.057885082269447496,2.965510441534947,0.8444041479062592
1525,159,159,140,True,True,140,0.04719426182333002,2.435547498479063,0.9150372956048434
1526,192,192,167,True,True,167,0.044413039033936424,3.0122359933684537,0.8650443897278084
1527,180,180,156,True,True,156,0.051562911294762585,3.256938093330413,0.8459171493215869
1528,194,194,167,True,True,167,0.04019980811378309,3.688957456863189,0.80080502527655
1529,194,193,178,True,True,178,0.035357438285597786,3.3174733258607447,0.933778480960315
1530,190,190,169,True,True,169,0.0507949186774823,3.0729164526220676,0.8764915038982823
1531,165,164,141,True,True,141,0.03856063903026653,3.2241638065002176,0.862460970831565
1532,166,166,148,True,True,148,0.0603028543476334,3.757731498493079,0.8408808905776309
1533,154,152,140,True,True,140,0.047230615884891886,2.734620587412043,0.7957693386010558
1534,180,176,162,True,True,162,0.062407667554546194,2.4495894164552654,0.7700318335420102
1535,194,188,183,True,True,183,0.05691485924330755,2.491975473943853,0.8414986091858133
1536,181,173,166,True,True,166,0.05870239014746833,2.472386041082999,0.8871545540051619
1537,224,203,183,True,True,183,0.05882333606102465,2.4225581742234152,0.8294598614808806
1538,194,184,163,True,True,163,0.06438320700272186,2.9981255244697307,0.8955978351520067
1539,170,167,140,True,True,140,0.0675554292999442,2.961444977055576,0.9468432152474948
1540,182,180,161,True,True,161,0.0628378668538238,3.079056343325586,0.8541912768554307
1541,174,174,159,True,True,159,0.06113923162216932,3.315312661759347,0.9051889098929996
1542,178,176,155,True,True,155,0.059784370682631496,3.4703907436833576,0.8854634211818402
1543,170,167,142,True,True,142,0.05713052714888022,4.0612114751816915,0.9499774778254205
1544,170,170,135,True,True,135,0.06537694388771052,4.343294516819915,0.99196737234298
1545,150,150,120,True,True,120,0.058588000198799665,4.2257933225077595,0.8989115417147938
1546,142,142,114,True,True,114,0.06389901259817396,4.683951789542288,0.8504597215340235
1547,141,139,120,True,True,120,0.060407885005809916,4.575067169378547,0.9480765942223334
1548,127,127,102,True,True,102,0.0622822855936499,3.9559374936202363,0.8974571151265984
1549,138,138,111,True,True,111,0.07052690183573447,3.6969791775296743,0.9427946628207554
1550,140,140,111,True,True,111,0.06162671581182756,4.055945599626198,0.8937844361450121
1551,121,121,89,True,True,89,0.052467395062787,4.134547910216758,0.9706617583559622
1552,134,134,100,True,True,100,0.044825113162867886,4.036333592181325,0.9838100967905553
1553,102,102,81,True,True,81,0.05421163312007958,3.3176792939676765,1.0281807505401652
1554,94,94,68,True,True,68,0.0625840982364531,2.5812565425886267,0.9087792302794013
1555,100,100,69,True,True,69,0.05379057616434321,1.9420324010189762,0.8997946267045751
1556,114,114,98,True,True,98,0.057331755957984,1.7681646730461906,0.8667818893855151
1557,100,100,80,True,True,80,0.04186747866013681,2.4041188732835237,0.9676087628802476
1558,119,119,101,True,True,101,0.055777708052582205,2.2891340261223783,0.8509899705543418
1559,113,113,89,True,True,89,0.06114983339307756,2.3701716425465995,0.8870612421662035
1560,127,127,106,True,True,106,0.057589750113035354,1.9355303103260608,0.887127021046359
1561,129,129,108,True,True,108,0.05124493886789179,1.6953194511104483,1.0409557553743582
1562,120,120,95,True,True,95,0.05536062389933563,2.2708162893665516,0.9252075174543246
1563,125,125,108,True,True,108,0.051940192596198476,2.710153846528996,0.9633144241962538
1564,125,125,111,True,True,111,0.0514725859407455,2.909174655059967,0.8734097293524512
1565,140,140,114,True,True,114,0.062238514424192454,2.9536958534628273,1.0454132984531854
1566,126,126,108,True,True,108,0.057610668694733656,2.9766773097028056,0.8477383434674399
1567,154,154,130,True,True,130,0.05858637762688171,3.1556187884342375,0.9561555822963991
1568,131,131,117,True,True,117,0.05928091103708346,3.051944217923323,1.0005267656585788
1569,130,130,97,True,True,97,0.06130122212909729,3.102066727668154,0.9393056864387064
1570,142,141,105,True,True,105,0.043915708388493194,2.5358065782596375,1.066961673334684
1571,124,123,103,True,True,103,0.05766191456206462,2.9553481673604147,0.8902373020529981
1572,173,172,141,True,True,141,0.06539917014138306,3.2656728643117705,0.857864339509423
1573,165,155,125,True,True,125,0.06845873534435055,3.395346725306139,0.8804125455644625
1574,214,214,184,True,True,184,0.05616670012918793,3.1910130631661846,1.0363047266117205
1575,175,175,151,True,True,151,0.062379677929635904,3.446743397789412,0.8864612006301773
1576,191,191,166,True,True,166,0.058275998611630915,3.736129943288822,0.8886600247666208
1577,194,194,163,True,True,163,0.06492671022066356,4.1133408340420825,0.8264242690514545
1578,183,177,153,True,True,153,0.05133694137406883,3.557902299007611,0.842310785462596
1579,227,227,186,True,True,186,0.05743622565883661,3.3084606439259834,0.9118363689200887
1580,236,235,209,True,True,209,0.0520283709031051,3.3971034975714245,0.8312817031212864
1581,221,221,187,True,True,187,0.06630276288582403,4.533891750686782,0.8541689883636132
1582,250,250,220,True,True,220,0.057036038451121034,4.186200536798216,0.8368431008869031
1583,250,250,214,True,True,214,0.050748566026218064,3.7000186722365687,0.9298261775572959
1584,250,250,208,True,True,208,0.0616978494853711,4.130894770804448,0.8961431116582216
1585,250,250,205,True,True,205,0.05897482044667431,4.218683759316752,0.8703116614262962
1586,250,249,210,True,True,210,0.05167682619699893,4.499030685910126,0.8524697506209507
1587,230,230,208,True,True,208,0.054100202038410955,4.586547025329875,0.8364207587535494
1588,250,250,225,True,True,225,0.054619698055640764,4.635722630998485,0.9490086252651011
1589,248,248,218,True,True,218,0.050006743752802466,4.071364935624748,0.9151443196484063
1590,247,247,224,True,True,224,0.05211008773926685,4.477973101596689,0.8815231801367093
1591,235,233,204,True,True,204,0.04947050207230159,4.316049275733921,0.886019052617547
1592,220,220,191,True,True,191,0.05159295997648244,4.333756936939013,0.837985069907447
1593,250,248,225,True,True,225,0.04571577721549826,5.174821448829985,0.8601613875425702
1594,250,247,215,True,True,215,0.041089150716734094,4.979530858738652,0.8376860546217848
1595,208,208,193,True,True,193,0.05005737015050453,5.5540082349907,0.9257484493192635
1596,185,185,166,True,True,166,0.05083293026733752,5.772869083173265,0.9371716894312099
1597,168,168,151,True,True,151,0.040666678085192594,6.390684694097286,0.9200641827109095
1598,189,189,174,True,True,174,0.045110964752501405,7.178605495505607,0.827471914601987
1599,228,228,207,True,True,207,0.04727583335481103,7.0133871185488585,0.8568877749604873
1600,203,195,176,True,True,176,0.04199061242047212,7.106503828652512,0.83717262112276
1601,170,170,151,True,True,151,0.033312254184243634,7.414706955274311,0.8859541637099878
1602,162,160,135,True,True,135,0.0465070007743104,7.257274530833071,0.9022734242961663
1603,154,151,129,True,True,129,0.04611625680304018,7.153126689484856,0.8979529841456972
1604,141,140,113,True,True,113,0.057407883216796574,6.7536340500817404,0.9530588711418053
1605,159,159,131,True,True,131,0.04712685181474229,6.776683532892623,0.8802014068212791
1606,167,167,155,True,True,155,0.03672958887876007,6.396979176391746,0.8251976389224099
1607,130,129,114,True,True,114,0.047312323752441654,6.23523465359563,0.8549489712913185
1608,134,134,121,True,True,121,0.040624592003965274,5.893207185393286,0.9090705029567717
1609,139,139,119,True,True,119,0.04311564637919097,5.014325902191822,0.8483063584606968
1610,126,123,104,True,True,104,0.048729916851237336,4.418760275515287,0.8837906282217206
1611,131,128,106,True,True,106,0.055077464215589296,4.18443924755513,0.9811973587440888
1612,136,131,103,True,True,103,0.07274815848428778,3.775244204871223,1.0172918989708317
1613,184,171,139,True,True,139,0.055384229102107475,3.8242238288293655,0.881274582612185
1614,206,187,166,True,True,166,0.05719626188817075,3.258685481735135,0.9247159147616582
1615,212,194,170,True,True,170,0.055054489144417816,3.3206725030062687,0.9356461408210701
1616,201,179,154,True,True,154,0.05736185052290979,3.2428653061941954,0.9729728198279242
1617,181,149,123,True,True,123,0.053382669602006876,3.5617734875014735,0.895377249391239
1618,179,161,136,True,True,136,0.05070928952880902,3.2393587394452856,0.892227324642136
1619,176,165,139,True,True,139,0.05560410102678547,3.303913613581558,1.0339712970890402
1620,193,174,152,True,True,152,0.050430180576609376,3.2500787092315986,0.8965525453046059
1621,218,193,172,True,True,172,0.04996948533623307,3.140787361370153,0.8918450577167832
1622,211,187,168,True,True,168,0.04749583210677332,3.4345820764183266,0.8637827403565244
1623,168,148,125,True,True,125,0.049211174688593616,3.7220397290027685,0.8459633540801678
1624,152,130,119,True,True,119,0.0421545868644725,4.275399859806463,0.8945867354593984
1625,149,130,107,True,True,107,0.04923271816979569,4.585086247291124,0.8888977563428859
1626,142,114,94,True,True,94,0.04987451975000026,4.944821451612362,0.8263503001773289
1627,134,114,92,True,True,92,0.03910996539239661,4.62073950178376,0.9082292996660254
1628,122,106,96,True,True,96,0.033315156105674565,4.207585987363901,0.8887477179957417
1629,128,114,103,True,True,103,0.0455247180343904,4.834604175272135,0.795404705981723
1630,137,117,106,True,True,106,0.04435744717487471,5.173383448280436,0.8211000537861649
1631,149,120,112,True,True,112,0.04922154112719084,6.327557547245035,0.8502111953126408
1632,164,105,98,True,True,98,0.044411204705262775,6.182127730650562,0.8645882651509635
1633,194,144,129,True,True,129,0.04993267258102025,6.208552124508077,0.8609825278745613
1634,177,151,132,True,True,132,0.04482548382572298,5.732002423727183,0.8052059512760955
1635,200,179,163,True,True,163,0.047554798960041396,5.066504521187513,0.8673198321186789
1636,226,197,181,True,True,181,0.041165635714081,4.768297882142239,0.8456632727934643
1637,250,205,192,True,True,192,0.04270537258337604,4.529414937912201,0.9048892967518983
1638,250,208,177,True,True,177,0.04923254453268864,4.33912196942575,0.8859413550930653
1639,250,224,200,True,True,200,0.03692494634761398,3.697992483949616,0.8090572318980082
1640,250,230,215,True,True,215,0.04352582860498214,2.794209287846044,0.7993985318204253
1641,250,246,216,True,True,216,0.03851590322614233,3.2782306045932814,0.8732073045314545
1642,248,237,211,True,True,211,0.049635142785633794,3.360379134621529,0.8430478785592176
1643,222,221,198,True,True,198,0.05103135336713505,3.4802345121411107,0.8075988086270134
1644,249,233,203,True,True,203,0.05532695545558182,3.41265040514773,0.8796452028569142
1645,212,204,182,True,True,182,0.058568497222464024,3.616163691619925,0.8881879667496669
1646,162,152,142,True,True,142,0.05912235626028049,4.052096160717416,0.9369516328160665
1647,153,145,119,True,True,119,0.06154300406562029,4.4262358667062065,0.9896590004316069
1648,159,155,131,True,True,131,0.05472635798347147,4.233340921610134,0.9456235368897274
1649,154,149,130,True,True,130,0.05844041212167734,4.498267454619037,0.9187061814535938
1650,146,141,115,True,True,115,0.06385669663914358,4.564119127379162,0.9737654862430672
1651,109,108,81,True,True,81,0.0628498179543508,4.958223762849017,0.9046193402946171
1652,86,86,70,True,True,70,0.06685111916894548,4.6860967368850215,1.0153492313821437
1653,88,86,68,True,True,68,0.06522808405016135,4.719568277088956,0.9453700409243503
1654,115,113,80,True,True,80,0.06864322928207864,4.408507294921026,0.977996167682688
1655,78,78,61,True,True,61,0.06805042651421363,4.304403778180577,0.9172536489813847
1656,77,76,60,True,True,60,0.06192979416340687,4.172383486904257,0.8162180178832107
1657,77,75,57,True,True,57,0.0670758192729845,3.6784434214474007,0.8113328794597282
1658,65,64,57,True,True,57,0.06708904900597511,4.295508634174091,0.8063368279043377
1659,72,72,60,True,True,60,0.0721340163266043,4.239998640226075,0.7005380504690856
1660,64,64,56,True,True,56,0.0760903046855095,4.252665303353482,0.9062070570733668
1661,72,72,58,True,True,58,0.06390749668558672,3.815506586179358,0.8668219690397735
1662,138,137,117,True,True,117,0.06137635438401038,3.747895557856015,0.900142833407073
1663,132,132,118,True,True,118,0.07869541117920395,3.5772061855295285,0.8574689820216357
1664,133,128,117,True,True,117,0.05783544953978857,2.9769466260278614,0.7937836542210792
1665,150,147,136,True,True,136,0.052821313155942046,3.10751676439916,0.8528831670022399
1666,159,159,148,True,True,148,0.056654236535657196,3.625167910016464,0.7967252805325649
1667,163,163,141,True,True,141,0.0514002733707965,4.070621690621515,0.8769708610509505
1668,198,195,167,True,True,167,0.05898029602801688,3.9211056753132407,0.8366367140003119
1669,125,121,118,True,True,118,0.05508305673381097,3.6812974523076964,0.8407458666690895
1670,117,114,107,True,True,107,0.05283771562756574,3.5077208792110475,0.8624173887731935
1671,115,110,100,True,True,100,0.05617150487588926,3.5857446374112314,0.8513094170131142
1672,117,111,100,True,True,100,0.05272513503931042,3.6091877596404376,0.8239566994376153
1673,108,106,79,True,True,79,0.060404856141974377,3.6628270409725174,0.9566310533644613
1674,104,96,84,True,True,84,0.051795291761023605,3.801117690981324,0.8770064206411509
1675,107,100,82,True,True,82,0.04914255835563962,3.7390430038377294,0.7687155540768746
1676,78,76,67,True,True,67,0.06730768081119141,3.629715637103821,0.8306650644917978
1677,68,64,59,True,True,59,0.05510693730732866,3.094895160950568,0.9031817966408453
1678,65,65,55,True,True,55,0.05755627708350118,3.0975733368349863,0.8400602780567274
1679,56,56,51,True,True,51,0.05026950798634748,3.51722445224272,0.94815940187852
1680,71,71,65,True,True,65,0.0528567887953014,2.9780206383191095,0.881827160997575
1681,82,82,75,True,True,75,0.05716943056700977,2.5104456231769205,0.8066500087981004
1682,89,89,82,True,True,82,0.04943467121686042,2.5183849016408204,0.751029929101473
1683,83,81,74,True,True,74,0.06430151816726805,3.0868469430911736,0.8370635017602674
1684,76,72,71,True,True,71,0.060791646621148755,3.3485394688900887,0.8598634986078328
1685,82,79,74,True,True,74,0.06472494698376567,3.2855004885072785,0.7751792018897726
1686,106,103,82,True,True,82,0.07733739134377673,3.2555300265422114,0.8480079173767978
1687,95,89,76,True,True,76,0.06889027342382023,3.7088043999644085,0.7825352884683819
1688,107,107,102,True,True,102,0.07431754871203239,3.575346879487319,0.8437866849868796
1689,84,75,63,True,True,63,0.062227171899107786,3.3479436976503676,0.8674769788248975
1690,97,84,77,True,True,77,0.06969131114464547,3.781878081921761,0.7703639839731442
1691,92,84,64,True,True,64,0.0631844880796407,4.114833549947165,0.7768370409370611
1692,75,70,55,True,True,55,0.0692370857084227,3.8039035506775325,0.8646152668975406
1693,63,60,55,True,True,55,0.06790408184433454,3.3287752463948013,0.921156203358605
1694,72,66,61,True,True,61,0.07487261014851514,3.1335533915442526,0.8784993106046353
1695,140,128,112,True,True,112,0.06881114825635763,2.8215426899562996,0.801268722496682
1696,153,141,129,True,True,129,0.07008569305210605,2.6458167131557784,0.8051660331414556
1697,141,137,126,True,True,126,0.06116848598938357,2.219617486770003,0.9251574783181088
1698,139,131,124,True,True,124,0.0690520742930806,1.7600904271688793,0.8492614005935346
1699,165,156,150,True,True,150,0.06531436333825458,1.116796872768218,0.7188005856261925
1700,147,135,119,True,True,119,0.06365283629438274,1.7290702872313917,0.8071977397849786
1701,153,146,124,True,True,124,0.06466578736825575,1.935629028394918,0.9278970502378056
1702,163,157,141,True,True,141,0.06539697844805382,0.7410890445553749,0.865008253536831
1703,250,238,197,True,True,197,0.061049265548002975,0.4683464699985219,0.6943693921811095
1704,250,235,215,True,True,215,0.0621047131452283,1.1160063458402696,0.8443143776598824
1705,250,229,190,True,True,190,0.0621248354902042,1.5416148922178725,0.9125013450313028
1706,250,231,216,True,True,216,0.06616391818716395,1.465637379036561,0.8318787011543655
1707,239,224,200,True,True,200,0.07158262481271183,0.9995895416731747,0.8276405345054569
1708,208,189,167,True,True,167,0.06914274219586365,1.2478089502963206,0.8231715756069825
1709,204,195,158,True,True,158,0.08277466628152855,1.5210671327946028,0.837221351594984
1710,222,204,174,True,True,174,0.07494073962733996,1.0420026854736408,0.8446232261741162
1711,223,212,171,True,True,171,0.06893732138197248,1.1681448622175354,0.8632232214373919
1712,225,214,184,True,True,184,0.06385902431091783,1.094881335494241,0.865186251733866
1713,233,223,199,True,True,199,0.06499949025607896,0.620307176449317,0.813926562752107
1714,231,214,192,True,True,192,0.06850206577014097,0.2525470091681447,0.7970411944477364
1715,250,241,222,True,True,222,0.06894568816676741,0.46314900609168475,0.8439926420978758
1716,250,237,230,True,True,230,0.061709640150683316,0.4301834250663806,0.7316619585648737
1717,250,235,233,True,True,233,0.061098461103097745,0.3110608882211674,0.6641151798301382
1718,250,235,223,True,True,223,0.06386274975078554,0.5162585011160614,0.7675754691007809
1719,250,235,222,True,True,222,0.060084468193504804,1.2046365489213435,0.8281120545165295
1720,250,233,222,True,True,222,0.06303563929766187,0.7311593391721521,0.7813631578649939
1721,250,232,223,True,True,223,0.061000309403846924,0.37191131845088676,0.7196317385863842
1722,250,238,213,True,True,213,0.048357644388235116,0.4020719978633223,0.7547830342793208
1723,250,237,222,True,True,222,0.061554183732930645,0.8908310328570149,0.7856934643919326
1724,250,244,218,True,True,218,0.06117481016212221,0.8096743615523142,0.7645934098008322
1725,250,232,214,True,True,214,0.05474631902087997,0.8633679402525379,0.7545623587565771
1726,250,240,219,True,True,219,0.06346591370402152,0.3880646799828019,0.8361615675835614
1727,250,228,221,True,True,221,0.060233151511795,0.1186415428211884,0.6767276828568359
1728,250,230,208,True,True,208,0.06181784048673829,0.33762284324724984,0.6815188896136626
1729,250,225,198,True,True,198,0.06329900854449207,0.8176799998617735,0.9566693049924582
1730,250,212,180,True,True,180,0.06406265221840458,0.5378095488072974,0.8972384445047701
1731,250,217,209,True,True,209,0.06249646574772545,0.35017062102403174,0.7192588555675751
1732,250,234,214,True,True,214,0.06820147744318562,0.8114998722370291,0.8629614948069582
1733,250,232,222,True,True,222,0.06314772835800803,1.2838324930388854,0.9395493553427275
1734,250,238,221,True,True,221,0.058807176040530824,0.7960554772119323,0.7695463432215726
1735,250,226,206,True,True,206,0.05832833181598184,0.929377388305754,0.7466519265763912
1736,250,237,211,True,True,211,0.06388901113808629,1.4104823373660234,0.8709223983901019
1737,250,239,210,True,True,210,0.07050928141040425,1.9016339544263308,0.8559635135137209
1738,250,236,211,True,True,211,0.06106231398420169,1.9635451773567452,0.8533969383047965
1739,250,241,199,True,True,199,0.07206764053099371,2.398302224807397,0.8627295378395633
1740,250,229,193,True,True,193,0.06531035577230833,2.2338875171075574,0.8315880532446257
1741,250,228,205,True,True,205,0.06761224503184497,2.161695886774552,0.8388691226358663
1742,250,222,206,True,True,206,0.06841943659814402,2.3940590793150287,0.801108056760195
1743,250,236,226,True,True,226,0.06580476314972955,2.207807788602905,0.8153729833791747
1744,250,238,208,True,True,208,0.06636123472848392,2.428765351977897,0.8857078330618193
1745,250,231,214,True,True,214,0.06937409438702961,2.765118891528692,0.8017188804767641
1746,250,233,215,True,True,215,0.06872437572088393,2.6956277497906234,0.8462638309619662
1747,250,227,196,True,True,196,0.0661260854077286,2.6777456366337704,0.7635813104352674
1748,250,234,210,True,True,210,0.06657370868833397,2.3540600501680347,0.7678461425062603
1749,250,235,222,True,True,222,0.06769524425590254,2.370780932563717,0.6955933667602979
1750,250,236,221,True,True,221,0.06245219058531284,2.4221223074014877,0.7450023272117949
1751,250,240,222,True,True,222,0.06176061099312081,2.09118525850623,0.7808908921332418
1752,250,241,222,True,True,222,0.06946319828384487,2.373672754014298,0.7461217696855017
1753,250,239,210,True,True,210,0.06954466751831516,2.6982062340108977,0.7799228142555148
1754,250,240,217,True,True,217,0.06209653490617988,2.6090411547305155,0.7746739739050006
1755,250,243,227,True,True,227,0.05516079297973231,2.4474810606051705,0.811480655518036
1756,250,248,242,True,True,242,0.07019150356633692,2.7438456561893996,0.7539989425655899
1757,250,247,232,True,True,232,0.06415534164769772,2.859141246671566,0.7950712165091103
1758,250,246,223,True,True,223,0.07087240771800346,3.1945983153453223,0.7849985630490909
1759,250,248,229,True,True,229,0.06026117616090825,2.971133830817604,0.8847387622830776
1760,250,250,229,True,True,229,0.06962929263188797,2.9976985152317193,0.7636593363546423
1761,250,250,212,True,True,212,0.06877138208923843,2.978055223968652,0.8094250198730225
1762,250,249,220,True,True,220,0.07255857177569752,2.9151408706062445,0.7192861978495013
1763,250,248,221,True,True,221,0.06533370991736369,2.876135646859557,0.8113496338157073
1764,250,248,230,True,True,230,0.0580155554319857,3.0229764477971512,0.8079711375209595
1765,250,245,230,True,True,230,0.055214718247608006,3.275766184104517,0.6659268725730054
1766,250,240,201,True,True,201,0.06291202817165326,2.8173004096365917,0.8292680953504941
1767,250,238,213,True,True,213,0.057550378145622104,2.94342239150395,0.8011777663196242
1768,250,238,218,True,True,218,0.050765250395680896,2.5633408048872455,0.7166934273118307
1769,250,242,222,True,True,222,0.07119515756192943,2.780125234607993,0.7521506242654968
1770,250,239,214,True,True,214,0.04110774714609459,2.8161204771807826,0.8255884396641848
1771,250,238,217,True,True,217,0.05244250050198972,2.5737118807977466,0.7063172238546639
1772,250,228,204,True,True,204,0.048155926225623216,3.001322989615004,0.6653617102156857
1773,250,230,215,True,True,215,0.06393183832841697,3.320387224708475,0.810730654591339
1774,250,228,206,True,True,206,0.05012295415472526,3.484569664556716,0.7780110337279325
1775,250,246,225,True,True,225,0.0438076477671291,3.30017751242578,0.8513558414108359
1776,250,235,182,True,True,182,0.07138276438646962,3.7782824338394696,0.8404159153168783
1777,250,225,177,True,True,177,0.06242019908857767,3.472729117417182,0.8277394928809617
1778,250,209,174,True,True,174,0.057272010162017994,3.7799746303918114,0.7988964991924276
1779,250,205,152,True,True,152,0.05744443174438515,3.359378290013607,0.9112437833783773
1780,250,188,142,True,True,142,0.05731889702709325,3.0640115594369863,0.8820159228862005
1781,250,169,143,True,True,143,0.06026451665375046,2.61992880982145,0.9091038525827267
1782,250,171,150,True,True,150,0.06085074322182772,3.3909372118031027,0.8695943981137652
1783,226,155,145,True,True,145,0.05364346096127439,3.512525916564078,0.8999061263855073
1784,202,141,137,True,True,137,0.05448855919206097,3.2020346093811782,0.8939713993300908
1785,211,155,135,True,True,135,0.06101608571055822,2.9594208690148536,0.8600326411435797
1786,221,159,145,True,True,145,0.05445587157137328,2.5000133270623413,0.9159687375847526
1787,209,163,145,True,True,145,0.06181731486407438,1.8175850906913433,0.9081584644873218
1788,231,189,162,True,True,162,0.0601803604720051,1.2308922186081557,0.7705940776026773
1789,208,188,160,True,True,160,0.054182513134703854,1.2829871061164138,0.7442343133526533
1790,212,184,157,True,True,157,0.056264836486800786,1.2240617396158704,0.7770985177257789
1791,150,131,113,True,True,113,0.06338313202873469,1.301885040920275,0.8221762454458672
1792,162,149,128,True,True,128,0.06772272638341226,1.6306620166870247,0.9209055967846002
1793,143,140,109,True,True,109,0.07053514825791012,1.9096504174989064,0.8640236680349737
1794,141,134,118,True,True,118,0.06793344493319987,2.325288928073436,0.922029730667475
1795,151,145,120,True,True,120,0.08332109774052146,2.328801274459277,0.8930750099903508
1796,149,145,123,True,True,123,0.07461195040631452,2.6049477122276965,0.9333091118046182
1797,130,128,97,True,True,97,0.06203150641781335,2.5059528934628172,0.9848691151151892
1798,164,161,136,True,True,136,0.07079508182211856,1.4613762028034212,0.9246078490175917
1799,147,147,116,True,True,116,0.0613633117221969,1.3734821027201523,0.9721935927265063
1800,147,147,127,True,True,127,0.06434701985594815,0.730182943852984,0.9007757714842206
1801,128,125,113,True,True,113,0.056745103367865084,1.0492207256308277,0.9757461930997046
1802,133,130,113,True,True,113,0.06795562345507049,1.860579689577549,0.8725774721345609
1803,108,100,80,True,True,80,0.06389785254750263,1.642042665402083,0.9372467446360602
1804,110,102,84,True,True,84,0.05646190590939569,2.484288310664393,0.9475627304219868
1805,97,92,83,True,True,83,0.06301614985042844,2.3565170218654705,0.834168269380434
1806,110,107,91,True,True,91,0.06237482841529352,2.1194379565184303,0.865528093160274
1807,112,109,95,True,True,95,0.05774504154088633,1.8222959960190765,0.9367679232921695
1808,111,109,98,True,True,98,0.05381697855667038,1.753943583323088,0.882363210970375
1809,121,121,110,True,True,110,0.04729201163540687,1.6629204732600213,0.8562075948735899
1810,127,127,113,True,True,113,0.05683849543827255,1.7535532036913062,0.8951567997328508
1811,130,130,114,True,True,114,0.05824508039312891,2.413845698297463,0.9122615975300219
1812,119,119,96,True,True,96,0.06651307940428391,2.0556954573878587,0.910052397632936
1813,115,115,92,True,True,92,0.07355760851793121,1.317950011326868,0.8583424559269961
1814,113,113,96,True,True,96,0.07004329749482088,1.046565817714493,0.838739515466554
1815,110,110,96,True,True,96,0.06349091499650589,0.4211425863739022,0.9380025351658449
1816,93,93,76,True,True,76,0.07114092762417852,0.8997774551694436,0.8067797201340908
1817,114,113,91,True,True,91,0.058558021967946065,1.3149282578512056,0.960056656880671
1818,90,89,76,True,True,76,0.05939971392544269,1.260078422461395,0.8488203170156432
1819,133,112,82,True,True,82,0.05685970985358251,1.8296082317422098,0.9611433765385684
1820,108,88,78,True,True,78,0.07218614452445851,1.6800392194104021,0.9887119951654091
1821,98,77,71,True,True,71,0.0616138985703374,1.3703440946630572,0.9044874508745842
1822,83,71,62,True,True,62,0.07855418785209178,1.1395739304857397,0.9872656539356689
1823,81,65,60,True,True,60,0.06419173372263803,2.3463676221796272,0.9395796297967346
1824,75,59,45,True,True,45,0.06655303789689858,3.231267100649324,0.9306040769570219
1825,81,66,64,True,True,64,0.06905862793813795,2.4441204094793965,0.8612101697536808
1826,83,72,66,True,True,66,0.06165761146789869,2.7482293652840633,0.9658978498949523
1827,79,72,66,True,True,66,0.05573129574954257,3.329880410623246,0.8009701808984866
1828,76,74,64,True,True,64,0.05376604255824302,3.5453082314116173,0.717003044185431
1829,58,56,45,True,True,45,0.06234745195712216,3.3637019552387795,0.8006594218520676
1830,61,59,50,True,True,50,0.0555823274586722,4.512640136811466,0.8350298243022355
1831,60,60,46,True,True,46,0.05264968257434077,4.875125714550288,0.8190200546267014
1832,50,50,36,True,True,36,0.058133028997490704,4.27067674922934,0.8892529296781719
1833,52,52,42,True,True,42,0.06912569137787868,3.853394063729649,0.8484239431282821
1834,73,71,54,True,True,54,0.05863971447931522,3.9455940816233532,0.8319905197614414
1835,111,86,70,True,True,70,0.05556836899370378,3.6555575090396304,0.9411856689920991
1836,134,114,91,True,True,91,0.050344288800393364,3.351280808275292,0.8501588791715565
1837,125,102,85,True,True,85,0.04816557676036321,3.7047378921223997,0.876814917725274
1838,103,65,56,True,True,56,0.05196365313325782,4.449262725801138,1.0403541976914752
1839,112,93,74,True,True,74,0.054079284850922095,4.255352560595811,0.9735735087292509
1840,140,106,85,True,True,85,0.054819308075310956,4.072733199585103,0.966931451476424
1841,133,95,70,True,True,70,0.05274957805360877,3.686002699155919,0.9584708280487056
1842,161,122,91,True,True,91,0.046431731398008505,3.501977240275514,0.8325738669117753
1843,151,120,95,True,True,95,0.03762754799219614,3.4507525001861983,0.9666030977976512
1844,133,104,88,True,True,88,0.040495639225426504,3.0532614310361725,0.9439636348900176
1845,128,103,91,True,True,91,0.03818969707474489,2.9760338115822362,0.8613528607626866
1846,132,104,91,True,True,91,0.04872098451935147,2.9283781541206912,0.8936840482043936
1847,156,130,119,True,True,119,0.03853641192047857,2.1760469686737394,0.7858934162942074
1848,126,105,97,True,True,97,0.04527482827398482,2.7842678707544106,0.7467961841264579
1849,122,115,105,True,True,105,0.04592783194479217,2.8150930676976857,0.7504810379981685
1850,122,116,108,True,True,108,0.0456885261505497,2.716051628374259,0.7409571493293848
1851,143,138,124,True,True,124,0.028938887077659927,2.1433106290674915,0.7573039437533484
1852,134,116,106,True,True,106,0.05077194659967398,3.6778330859807777,0.7666662991041381
1853,111,93,88,True,True,88,0.06630371780322994,4.012579051588128,0.8485608227671869
1854,124,100,90,True,True,90,0.06957497093040105,4.259008047042209,0.821503101635984
1855,128,109,103,True,True,103,0.05757122939228284,3.371403198134328,0.8295326192893486
1856,129,124,104,True,True,104,0.05767589006093549,3.5607683140678477,0.7651072989280171
1857,135,126,115,True,True,115,0.05282756267766322,3.354758299673103,0.8789887869482073
1858,132,130,116,True,True,116,0.0693414826879233,3.477520914547867,0.8863131503961846
1859,156,153,144,True,True,144,0.07156598497492984,3.0525417312892906,0.8614986413184642
1860,156,154,145,True,True,145,0.068802086001766,3.401082591580285,0.7868801416498226
1861,175,168,157,True,True,157,0.06718873592545377,4.024478264887236,0.7828734126465438
1862,128,121,116,True,True,116,0.06823570485478476,4.722172275691355,0.8276668766269833
1863,114,110,91,True,True,91,0.07824809813418684,4.955605826323574,0.7901379379109768
1864,139,139,127,True,True,127,0.08244649248124163,5.033176802172765,0.9004197814191301
1865,163,163,149,True,True,149,0.07162115266863388,4.9286067179149295,0.8378518413196214
1866,232,228,201,True,True,201,0.06453784125509705,5.15430398974745,0.8631105045463683
1867,229,226,193,True,True,193,0.06856445532182379,4.9021234312163635,0.8549814619970861
1868,250,248,226,True,True,226,0.06554534855026016,5.081974051677732,0.9023633724652051
1869,250,247,211,True,True,211,0.06577522389468313,5.032888243899453,0.8707207814660243
1870,229,227,193,True,True,193,0.05799791111676302,5.166019485332665,0.8809619472773274
1871,231,227,204,True,True,204,0.06568497160691442,4.915905983081335,0.9533595158649479
1872,210,201,165,True,True,165,0.06172835055219447,4.654351083197369,0.923979187185809
1873,217,191,141,True,True,141,0.05047320994938712,5.39370433693529,1.0243476997673742
1874,250,197,170,True,True,170,0.06064591752989812,4.827147679622295,0.8811128573002126
1875,250,196,170,True,True,170,0.05437007166782023,4.306793576214053,0.9252803734958907
1876,250,196,178,True,True,178,0.05616859740032973,3.1755256120769353,0.8646426940338362
1877,250,174,157,True,True,157,0.047799915524876585,2.1808809114395076,0.8597600778269744
1878,250,169,141,True,True,141,0.048720104372854865,1.7793549496760552,0.755475225655191
1879,250,183,155,True,True,155,0.04967715305900279,1.2628606138111198,0.8063894877973121
1880,250,205,183,True,True,183,0.05676404613609374,1.4018996103273655,0.8871504454499004
1881,250,224,205,True,True,205,0.05721067361788458,0.7249844102313178,0.86391343154206
1882,203,183,155,True,True,155,0.05553501282830242,0.6003998834578747,0.8327343419202724
1883,170,148,126,True,True,126,0.06121823609132694,0.5080413802204415,0.9165258827631118
1884,154,146,132,True,True,132,0.06003637539028172,0.7378968675467474,0.9012996902805313
1885,163,158,132,True,True,132,0.055666951518724944,1.1754156799912385,0.902177890093545
1886,140,140,119,True,True,119,0.05819953018092119,1.5326478473528888,0.8851085180241002
1887,139,137,111,True,True,111,0.06146229800159108,1.7818273757337082,0.7651184257802416
1888,136,136,116,True,True,116,0.0582021966398936,1.8274376182018648,0.9541081845442638
1889,139,139,113,True,True,113,0.063312220264548,1.4505185738828044,0.946924344448847
1890,117,116,96,True,True,96,0.06387637285227853,1.3567286860031431,0.9124096909086093
1891,250,230,180,True,True,180,0.06489044004840615,1.2210947621015635,0.9292828746262977
1892,234,217,174,True,True,174,0.06561556059009743,0.9809478147412306,0.8917332329014002
1893,250,210,172,True,True,172,0.06113809459225508,1.1138829809047204,0.9485802202885923
1894,250,195,170,True,True,170,0.060394015451016324,1.615995164455416,0.8956353150064472
1895,250,205,164,True,True,164,0.06474637889604624,1.7864416378359007,0.8622909655229248
1896,250,214,187,True,True,187,0.06349416040423722,1.6931858277481597,1.0169616326107012
1897,250,220,181,True,True,181,0.05933031951708407,1.6568688292205354,0.9058691795281935
1898,226,162,147,True,True,147,0.06465263529279322,1.776302816376883,0.8341400085916696
1899,250,183,151,True,True,151,0.06495009196575913,1.912601014098848,0.8499442119735967
1900,250,194,161,True,True,161,0.06465975142078445,1.1265762636597276,0.8351423076108311
1901,216,201,154,True,True,154,0.06389916028901506,1.0143491768606268,0.9015621131665903
1902,245,230,171,True,True,171,0.06539511284517932,1.7446304417103284,0.9561072661240282
1903,209,205,144,True,True,144,0.05510867475721612,2.08376219188817,0.9555506238546311
1904,216,197,143,True,True,143,0.06747908689682766,3.177437712351506,0.9212051877363028
1905,175,165,124,True,True,124,0.053313505473516105,2.488002448664062,0.9483200268198915
1906,165,156,107,True,True,107,0.059865905161025,2.16185431890275,0.9520563149899969
1907,155,136,111,True,True,111,0.06795492652316618,1.6232445617555271,0.9055968847152855
1908,150,121,98,True,True,98,0.08296110802285962,1.0921738659918054,0.9589204761577349
1909,153,129,122,True,True,122,0.07234930506214993,1.3530094756988855,0.9268478325638875
1910,137,130,109,True,True,109,0.06864941189857877,1.3352162713669924,0.8381461761216963
1911,143,128,113,True,True,113,0.08937574229635722,2.0200087026595117,0.8730826646182014
1912,138,136,116,True,True,116,0.06990315845798294,0.9969962156356506,0.8120561215031541
1913,167,159,133,True,True,133,0.07700286568716763,0.9700641661840357,0.8322644055019672
1914,170,170,156,True,True,156,0.07118802857407704,0.7250280446436713,0.7291596486758412
1915,168,167,158,True,True,158,0.06037860999824031,0.9310625824271146,0.7795153703399822
1916,181,181,150,True,True,150,0.0766882317855655,0.8273994829010355,0.8538255930235087
1917,188,188,172,True,True,172,0.0685967867327012,2.0008874505247265,0.9607556399598689
1918,198,198,190,True,True,190,0.06195732757404967,2.7252654522360524,0.9297410017434098
1919,192,192,182,True,True,182,0.06098677984303381,4.357729332820022,0.8585863565431446
1920,189,188,163,True,True,163,0.0594519632420817,5.586929146978718,0.9339508560170114
1921,193,193,167,True,True,167,0.08107386580082852,6.036818308436065,0.8695391331562415
1922,204,204,187,True,True,187,0.07274611517513196,5.894398166250816,0.9746037649098478
1923,150,146,120,True,True,120,0.05761282843350438,5.692954414459563,0.9087527904697397
1924,157,146,121,True,True,121,0.05742499628133181,5.5873732262702545,0.88306446192519
1925,146,123,112,True,True,112,0.06390683906862432,4.942888940056592,0.8657103183201968
1926,124,118,109,True,True,109,0.05481545454944299,4.883043582659793,1.034897443530246
1927,122,108,86,True,True,86,0.058092675401801484,4.354744867340563,0.8152777369905213
1928,124,108,100,True,True,100,0.059894452459137264,3.6499348170887167,0.8113738660700717
1929,174,121,98,True,True,98,0.05689455882017125,3.4088359015740193,0.82192854512265
1930,182,155,144,True,True,144,0.0633972758546016,3.7774257749602604,0.7579376461731914
1931,103,99,83,True,True,83,0.08222761321083817,4.966223233877976,0.9369862578950976
1932,165,141,129,True,True,129,0.06426943908028353,6.1919520626398095,0.820722848913495
1933,128,112,101,True,True,101,0.07757106382253773,6.851321181443646,0.8966484232930493
1934,131,101,90,True,True,90,0.07558691500745227,7.496457504646204,0.8495465557363929
1935,163,136,106,True,True,106,0.07268860075412882,8.02586993270362,0.8675836643577304
1936,178,158,131,True,True,131,0.07267455671269026,8.568436246949341,0.8378760855904962
1937,177,172,164,True,True,164,0.06767275264012715,8.771955893664545,0.8666640811836562
1938,132,128,111,True,True,111,0.04278170321433295,9.108095047292645,0.8987320011886982
1939,120,116,94,True,True,94,0.045458230181014934,8.919168376725901,0.9236157810498921
1940,178,164,145,True,True,145,0.04989421404339718,9.496416699122314,0.8844519486998175
1941,187,166,151,True,True,151,0.061609763262929135,9.347266275983175,0.9430366428038061
1942,221,211,180,True,True,180,0.053609291636921186,8.919612091483788,0.9180780700047505
1943,250,249,225,True,True,225,0.05446894766776838,8.665748148645537,0.911961845422259
1944,250,250,204,True,True,204,0.06175643477995986,8.109535754792416,0.8918596476218741
1945,250,250,211,True,True,211,0.042686989665706214,6.931715274607032,0.9371115669945111
1946,250,243,210,True,True,210,0.05306900294848221,5.421784877850071,0.8179482122457246
1947,143,140,113,True,True,113,0.05229786733261519,4.427260877605318,0.8676262971698273
1948,250,247,204,True,True,204,0.04865604064583176,4.122959629586677,0.8261972232080687
1949,250,248,221,True,True,221,0.049716030834315895,3.2583245138190495,0.7633385953499308
1950,250,250,236,True,True,236,0.04744741265289255,2.7987647020871576,0.8415632900468659
1951,250,246,223,True,True,223,0.04690905805328234,2.495944456929795,0.8131103807615601
1952,250,248,240,True,True,240,0.044006761308944264,2.2157951583464657,0.8060224068351453
1953,250,249,231,True,True,231,0.04302253387574309,2.3325125962993973,0.8127192716735622
1954,250,236,219,True,True,219,0.04149166766912571,3.2417995859466116,0.7988344512580967
1955,250,225,211,True,True,211,0.04060389276219485,4.123241386707116,0.8621828183030003
1956,250,187,183,True,True,183,0.042200492917441275,4.4614530256527845,0.8032664060722814
1957,250,200,181,True,True,181,0.04067086656792236,5.335167957920532,0.80991571103617
1958,246,209,196,True,True,196,0.04235704080650061,5.786672444589082,0.8663968804791279
1959,221,194,170,True,True,170,0.03705398840964247,6.04233570618943,0.8626502994031612
1960,205,166,147,True,True,147,0.03862548632887292,6.12814196582457,0.870995339137323
1961,217,177,161,True,True,161,0.043752132509988356,6.488997094955779,0.8997195957739418
1962,216,197,172,True,True,172,0.03607967703576108,6.666318964070058,0.8465344223990083
1963,164,159,145,True,True,145,0.04291978610381255,7.1246168710282864,0.8989080205513837
1964,166,157,145,True,True,145,0.04304442416408943,7.200305953397295,0.8555975403113968
1965,182,179,162,True,True,162,0.045715530728180846,7.336566934466925,0.9186122734159992
1966,174,172,150,True,True,150,0.04759223427350406,7.448900743881413,0.8129644004888454
1967,189,189,163,True,True,163,0.04604369647001431,7.2074993192233485,0.8031685753889969
1968,213,213,188,True,True,188,0.04930566393105943,6.498800341802284,0.8754072417272887
1969,183,183,162,True,True,162,0.05986460899607867,6.174676487269133,0.8574163737879583
1970,194,194,175,True,True,175,0.06238652717540716,5.965028164480789,0.8074700184771223
1971,192,192,163,True,True,163,0.0442365945254707,5.74329391550708,0.9317502293556095
1972,161,160,146,True,True,146,0.05692472743505852,4.842264256092373,0.8672618172436347
1973,146,146,129,True,True,129,0.0634637264626147,4.768668048318302,0.9315712385021935
1974,127,127,110,True,True,110,0.060681415340129254,4.483020687457229,0.866003010054585
1975,149,149,128,True,True,128,0.060698353796549004,3.527320083399781,0.911400260323426
1976,190,189,160,True,True,160,0.059682512589410715,3.7106219042158215,0.901095903299409
1977,192,191,173,True,True,173,0.0581151113753329,3.650378224788857,0.915155112790932
1978,206,206,190,True,True,190,0.05791907554533145,3.717448089030045,0.8728680871432284
1979,200,200,179,True,True,179,0.05786390975467425,3.8006978200610106,0.8502428359900798
1980,199,199,186,True,True,186,0.05723914148221334,3.082377686750731,0.8379817318413642
1981,212,211,178,True,True,178,0.07074173655024428,2.075251801879226,0.8937591764565832
1982,196,194,169,True,True,169,0.056909414989907925,1.3645025324292543,0.8691116459662415
1983,203,203,171,True,True,171,0.061021678793415385,1.1755626354541893,0.8259166711584118
1984,207,204,174,True,True,174,0.0685811867405778,1.390460956612706,0.87656203915487
1985,216,209,183,True,True,183,0.053181306092388386,1.8332856026135644,0.8935936259140298
1986,189,186,155,True,True,155,0.065653828817117,1.8887097123558032,0.8708696302766145
1987,211,209,180,True,True,180,0.06342979413161241,1.7381973439364669,0.8474689641847097
1988,172,171,159,True,True,159,0.06306674659805159,1.5183226637408391,0.8341085661377676
1989,164,164,145,True,True,145,0.04961656270979584,1.2773200395475426,0.9360367208932738
1990,201,194,163,True,True,163,0.0709632799505116,1.6236953504165226,0.8515229597162673
1991,196,195,174,True,True,174,0.0641765169230698,1.7441782999518491,0.8506184142664319
1992,209,205,192,True,True,192,0.07982094743983258,1.6842600149836802,0.7973013954320324
1993,217,217,200,True,True,200,0.06592970754253084,2.314283928499188,0.7750063530310491
1994,203,203,194,True,True,194,0.08085441057441359,2.729039723492096,0.765586523713736
1995,199,199,175,True,True,175,0.07154829195756372,2.9795041843194388,0.7793527285228254
1996,225,225,198,True,True,198,0.07241175012444266,3.747503362893584,0.7848889180479153
1997,250,250,237,True,True,237,0.07727477297112674,3.8854692121375987,0.8427878556100279
1998,250,250,227,True,True,227,0.07406339014759329,4.360093733398929,0.8056929982462179
1999,250,250,230,True,True,230,0.0751285167237256,4.237922816344447,0.7866102272968607
2000,250,250,226,True,True,226,0.06525677220726044,3.892328709810539,0.801302251218782
2001,250,250,229,True,True,229,0.06960042362083486,4.536212679881212,0.7949955904217385
2002,250,250,234,True,True,234,0.07225624142216026,4.283818668223364,0.7929047155311629
2003,250,250,228,True,True,228,0.06809217006402997,3.8851244964826273,0.8314709969723538
2004,250,248,221,True,True,221,0.06479701020268064,4.052073093132464,0.8238427295585169
2005,250,250,230,True,True,230,0.06598297104033163,3.442321690178681,0.848675620044726
2006,250,246,205,True,True,205,0.05993638268615496,2.791975882567053,0.845941767315325
2007,250,247,209,True,True,209,0.05851072407145074,3.252240724414957,0.8853965586439037
2008,248,246,214,True,True,214,0.05640872118144408,3.2120112509974597,0.8901730696704405
2009,250,249,209,True,True,209,0.05597562294903359,3.5560687852297783,0.837315953425769
2010,250,246,214,True,True,214,0.05330910541668325,3.6912375629305783,0.856748067214344
2011,250,245,216,True,True,216,0.058045770863125117,2.406350061640305,0.8637827517580466
2012,200,200,172,True,True,172,0.05233499778524863,2.166388221747293,0.9102938402520505
2013,187,187,162,True,True,162,0.06250829279323543,2.0583549352100663,0.9153014698330744
2014,177,177,159,True,True,159,0.05396746933246019,2.339161251330164,0.9167536704298037
2015,182,182,155,True,True,155,0.06360682582332325,1.8572007077962798,0.8072975633264152
2016,132,132,108,True,True,108,0.0698253233991938,2.4003933448839803,0.884021003013262
2017,152,152,133,True,True,133,0.06904164803762916,2.337135294615165,0.9012248118446871
2018,163,163,131,True,True,131,0.06876025664977399,3.132316242831943,0.9247641014696149
2019,135,135,121,True,True,121,0.06307935865484149,3.438703316584772,0.8305760500228911
2020,106,106,90,True,True,90,0.06417546252176229,3.3032386346933347,0.8517150568895855
2021,94,94,80,True,True,80,0.06716849930166062,2.9840201953310426,0.8110238017885429
2022,87,83,77,True,True,77,0.06612822337499016,3.007269467153451,0.7862144627937038
2023,84,84,68,True,True,68,0.07246414650367179,3.149749245841186,0.8358450023676949
2024,72,72,59,True,True,59,0.05341678346299788,3.5976426260810626,0.9173699052908055
2025,83,83,69,True,True,69,0.06091052203507001,2.9992861266421857,0.9120634381397598
2026,94,94,77,True,True,77,0.05720093352665584,3.2634888716539447,0.9471643985065603
2027,72,72,65,True,True,65,0.061510280246261886,2.913054031365133,0.8964932718290152
2028,79,79,71,True,True,71,0.05655834003602365,2.5998400551599863,0.8191985299557913
2029,94,94,81,True,True,81,0.04347776364873768,2.789660033883576,0.9485719932782302
2030,114,114,94,True,True,94,0.051501740768713715,1.4694196389210101,0.9011338428249778
2031,148,148,134,True,True,134,0.05409293302995968,1.5902850225538387,0.8358598573599176
2032,155,155,133,True,True,133,0.04385511340562858,1.5665689950604396,0.774900995733578
2033,157,157,130,True,True,130,0.05621705833909164,2.4653175119513393,0.789575435792427
2034,156,156,141,True,True,141,0.05192809589075016,2.976545821764538,0.8634870586967331
2035,146,146,125,True,True,125,0.05519183304076217,3.471057891232824,0.9140943084658376
2036,175,175,162,True,True,162,0.05041805391033651,3.384815254408666,0.8853596856725954
2037,169,169,144,True,True,144,0.04427670579283071,3.751725618960404,0.8002203098295623
2038,250,250,235,True,True,235,0.05042149462824264,4.046065518222767,0.9029757725182855
2039,250,250,230,True,True,230,0.04754481498994052,4.599982859383507,0.8939228669195514
2040,250,250,227,True,True,227,0.04836790277373521,4.96293897718691,0.8455468085999425
2041,250,250,232,True,True,232,0.04511280153534379,5.321430018212805,0.8424086944241116
2042,250,250,236,True,True,236,0.04681805714192434,5.323327331430201,0.7938317537360167
2043,250,250,213,True,True,213,0.04614389185056219,5.686200262860393,0.7972380948135708
2044,250,250,229,True,True,229,0.048165554520800354,5.7200220312862164,0.859916236792116
2045,250,249,220,True,True,220,0.050243589143937194,5.691444611900305,0.8055485353851755
2046,250,250,226,True,True,226,0.04571611482641157,5.267742220440097,0.8455859769213272
2047,250,249,219,True,True,219,0.04623645507425828,5.1635978095209945,0.877538128431253
2048,250,249,209,True,True,209,0.046281658637796395,4.403000621017796,0.8105704513448713
2049,250,248,224,True,True,224,0.04163677566440393,4.493678750604062,0.8863868976369533
2050,250,249,219,True,True,219,0.04508414471734659,4.817634156934604,0.8342467020048642
2051,250,250,225,True,True,225,0.04074789065168591,4.654704695941222,0.8920469961448941
2052,250,250,201,True,True,201,0.03987891646560277,4.492789678267148,0.8306080962008349
2053,250,249,212,True,True,212,0.03902210710258341,4.87674803999394,0.8552826254540762
2054,250,249,226,True,True,226,0.03929547749228986,5.349185570418961,0.81698220252591
2055,250,250,227,True,True,227,0.04239990219413748,5.630395523168481,0.8744642224765605
2056,250,247,212,True,True,212,0.041271061435183075,6.071014401455641,0.914424519119758
2057,241,240,205,True,True,205,0.04484815613319728,6.254973705528105,0.9727449720893526
2058,239,239,192,True,True,192,0.04777001062799938,6.3907004120110305,0.9336962983699492
2059,169,169,147,True,True,147,0.048006863991437665,7.038839621843558,0.9212178567860316
2060,202,202,183,True,True,183,0.05066307016235755,6.708141148828502,0.8790609728977473
2061,204,204,175,True,True,175,0.04347767608989194,5.692814708502807,0.91296077086884
2062,199,195,182,True,True,182,0.046974231018655534,4.757351740277701,0.8354381696899602
2063,190,190,153,True,True,153,0.050400042675698545,4.69925110859366,0.8458780985715488
2064,164,163,138,True,True,138,0.05379897476830539,4.884433597554502,0.8107931659541902
2065,170,170,154,True,True,154,0.05444258914441604,4.203404450161305,0.8391944751151039
2066,158,158,132,True,True,132,0.05424129610737069,3.597629474353131,0.8364091146282956
2067,154,151,129,True,True,129,0.051164030690157375,3.7199094169341778,0.8315003245956116
2068,131,129,115,True,True,115,0.06366539778485969,3.726281802895617,0.9065555649982142
2069,144,142,127,True,True,127,0.057986353824192156,3.452738698358417,0.8536588204002105
2070,140,138,121,True,True,121,0.05595929149108394,3.180469761309689,0.8557736594317863
2071,203,201,183,True,True,183,0.05387185393424135,2.703800420181969,0.8081805900077612
2072,201,201,182,True,True,182,0.05086876667759357,2.764646753860809,0.8499039325348007
2073,206,206,183,True,True,183,0.056292219123726096,2.519076917325662,0.8253667181395185
2074,229,226,205,True,True,205,0.0567291687892474,2.417202688630392,0.8963817112982341
2075,225,212,192,True,True,192,0.05477700861236835,2.478475486484961,0.8793380390308517
2076,246,236,212,True,True,212,0.05714696572049562,1.9082721380652765,0.9036026739863999
2077,217,211,186,True,True,186,0.05771772131674225,1.6539671433336354,0.8833549615038241
2078,180,175,140,True,True,140,0.0590987690570051,1.9154331034102932,0.871880700733959
2079,174,156,124,True,True,124,0.062191194418199786,1.9587025310946102,0.9226983432593983
2080,170,159,126,True,True,126,0.0666595908305095,0.9713044234739436,0.9234932735889879
2081,128,120,99,True,True,99,0.05472803713135817,1.4938157004112829,0.9908002262764912
2082,130,125,96,True,True,96,0.03777901125227442,1.760935304388493,1.098062871087198
2083,146,146,121,True,True,121,0.035982504703177876,1.80286200160006,1.0354887233114414
2084,138,137,124,True,True,124,0.04495687138659267,2.083788937358766,0.9337792085484681
2085,103,102,91,True,True,91,0.03369053551269993,2.388255506629119,0.894398488965678
2086,79,79,66,True,True,66,0.051557044079119374,1.8412464637101729,0.7842281152938572
2087,77,76,63,True,True,63,0.05091422757858568,1.1193475543989502,0.8903787981280904
2088,78,78,62,True,True,62,0.05847736651689758,0.6133822703849021,0.9567253382986777
2089,93,93,76,True,True,76,0.05317003934537792,0.9170571672593009,0.8206341565314069
2090,107,107,95,True,True,95,0.04454576946189829,0.8650581128713705,0.6463564440903595
2091,110,110,94,True,True,94,0.0553620360722821,2.1629399558829703,0.7334197473264518
2092,114,114,91,True,True,91,0.04939902029772209,2.274631839803601,0.7847129031438013
2093,115,115,102,True,True,102,0.031078655771728567,2.030037553401482,0.9180866651443462
2094,86,86,66,True,True,66,0.03599867339094267,3.009426639299251,0.9453083299801703
2095,69,69,60,True,True,60,0.04183923165566071,3.6603746546371836,0.8429161651154764
2096,66,66,59,True,True,59,0.04709365180845756,3.6015525271788635,0.8235847415451623
2097,59,59,56,True,True,56,0.04502693343554285,3.266961494418327,0.8099131695208243
2098,51,50,43,True,True,43,0.04248177555119874,3.52912529050171,0.8885970883399018
2099,63,63,59,True,True,59,0.04223176216289529,3.4468519719411432,0.7744156226914481
2100,62,62,60,True,True,60,0.04403236096196818,3.4061033823966986,0.9086163708977938
2101,69,69,65,True,True,65,0.0545520777804122,3.708850183833408,0.811524575565496
2102,44,44,40,True,True,40,0.04320505432421514,3.977689504681828,0.8255863616819084
2103,55,55,50,True,True,50,0.0597431054821094,3.8030826913773215,0.8477464032204872
2104,53,53,50,True,True,50,0.06340349382830562,3.757560353856417,0.7738106400560889
2105,65,65,61,True,True,61,0.05822150330027364,3.8540286731224866,0.8480521530362992
2106,60,60,54,True,True,54,0.04873253712924118,3.7789402180590517,0.724643452647638
2107,65,65,62,True,True,62,0.05423452342829467,4.020091070192167,0.7379629947938751
2108,60,58,51,True,True,51,0.04831803086631992,4.023593162048411,0.7981471556948482
2109,73,65,58,True,True,58,0.04937403675104798,4.2274538398597885,0.7739925672159563
2110,56,48,44,True,True,44,0.045968593153448235,4.249721714659259,0.9074618952151955
2111,56,42,34,True,True,34,0.05431610149408321,4.412438639931872,0.7557039053765209
2112,147,120,93,True,True,93,0.06426592987776095,4.489609539568299,0.9687281072044294
2113,179,137,107,True,True,107,0.058428414830048105,4.458487712051036,0.9086147602283907
2114,157,114,95,True,True,95,0.06055557543321107,3.99729677678586,0.9600377199563002
2115,173,124,107,True,True,107,0.053405044946478915,3.4940257782004354,0.9127451270230078
2116,200,157,136,True,True,136,0.050539779750867195,3.325652700135552,0.8860926021780774
2117,186,163,146,True,True,146,0.049033463086589714,3.6296218407032574,0.8842872912682029
2118,218,181,157,True,True,157,0.05311188087275559,4.207968993300972,0.9407730803148667
2119,212,172,145,True,True,145,0.0530604870168271,3.5330935322754136,1.0014555036245631
2120,250,212,178,True,True,178,0.046772548239703865,2.454593803216118,0.9516190805664686
2121,250,210,174,True,True,174,0.04994852706794076,1.864305835474067,0.7343639316846367
2122,250,236,219,True,True,219,0.05104821661496613,1.4922220323169035,0.7860323845069865
2123,250,224,196,True,True,196,0.054483744254761504,1.3372992627738742,0.8184462070187017
2124,250,209,186,True,True,186,0.05348344936601858,1.8320314508221998,0.8863198630550447
2125,250,219,192,True,True,192,0.05809346595836204,2.83582701363754,0.7815513507014012
2126,247,232,209,True,True,209,0.05618008156191904,3.456680403785108,0.858177703100617
2127,250,249,208,True,True,208,0.05596522140715047,4.2906271725523,0.7805791045057063
2128,250,240,219,True,True,219,0.055789274379183726,4.761541082695504,0.8113652615073288
2129,250,236,206,True,True,206,0.054079502805515316,4.445943017052721,0.8044016921846447
2130,250,237,201,True,True,201,0.049457550472627114,4.152021250263501,0.864690889318722
2131,250,234,192,True,True,192,0.051747318004629644,3.6204160584740177,0.9408872573511626
2132,250,233,178,True,True,178,0.04482692220528825,3.3821656547175536,0.932507485145311
2133,250,205,165,True,True,165,0.04835808522925996,3.728630504696835,0.9255054344768463
2134,208,176,135,True,True,135,0.05300216541894066,4.461439797519595,0.9824844572092915
2135,179,151,112,True,True,112,0.05490383953585118,4.678752600821528,0.9599381006947558
2136,183,123,100,True,True,100,0.05419673900204514,4.7541850628297535,0.9228269562552704
2137,167,126,112,True,True,112,0.05443647765876008,4.8510745353995,0.8617459581291154
2138,123,106,93,True,True,93,0.051465201116082625,5.075577289143657,0.8611433285228608
2139,119,108,100,True,True,100,0.0495028382002752,5.1465770048415305,0.9030246603939271
2140,116,108,93,True,True,93,0.0478448586458958,5.519027433028163,0.9488645015354819
2141,105,68,58,True,True,58,0.049784170315825924,5.830066033531052,0.9598220119232035
2142,117,83,72,True,True,72,0.052224096751603194,6.312846609980529,0.8962182258405041
2143,139,92,81,True,True,81,0.05022708541029474,6.9768032214340305,0.9574932353480593
2144,200,118,99,True,True,99,0.05350536903631134,6.595095386231551,0.8350509973709288
2145,250,156,144,True,True,144,0.04836891136618907,6.564813885023504,0.768281337943627
2146,250,175,165,True,True,165,0.05179671315819576,6.287589754925017,0.852042497121193
2147,250,201,186,True,True,186,0.047914344975608404,5.513164196636787,0.7886369466350884
2148,250,216,203,True,True,203,0.0402000950259972,5.140863811783501,0.7559480115457086
2149,250,225,216,True,True,216,0.04710944125841674,5.3811684510633135,0.7246411848751254
2150,250,224,209,True,True,209,0.04333285406466457,5.567113545281393,0.7936435306246677
2151,249,204,181,True,True,181,0.04782770017319326,5.44601221465349,0.8367877607903855
2152,250,243,239,True,True,239,0.038877161204658506,5.477899707211911,0.698680626521876
2153,250,242,224,True,True,224,0.038816040138516104,6.165939689698755,0.7555515233174075
2154,250,245,217,True,True,217,0.027813777565125368,7.3298162112162855,0.7681757825146415
2155,250,242,231,True,True,231,0.03343919712602343,7.267069816704798,0.8298795352586842
2156,250,243,224,True,True,224,0.040584286608439914,7.423963712551973,0.7279760185540984
2157,250,240,216,True,True,216,0.03068512012547244,7.26226538376619,0.7684235353827078
2158,250,238,221,True,True,221,0.02681511693497736,7.114246217093993,0.822485884210751
2159,250,236,231,True,True,231,0.02979935619645243,6.619099134383556,0.7993908310857278
2160,250,246,221,True,True,221,0.028630812578601495,6.659354197024766,0.8583272556852702
2161,250,248,217,True,True,217,0.018853524289288815,7.132098255558863,0.9263098880600135
2162,250,249,217,True,True,217,0.02489538129186304,7.013359120659825,0.9674415730442948
2163,248,248,208,True,True,208,0.02237445250850671,7.4028656426115145,0.9523299210191211
2164,190,190,153,True,True,153,0.0257195733401274,7.1408598904367695,0.9525102333734424
2165,158,158,122,True,True,122,0.03238172814716603,6.635123777033355,0.9950588123224843
2166,178,173,142,True,True,142,0.029015593966534414,6.294360257121097,1.03720759804973
2167,133,129,103,True,True,103,0.03309502855383095,6.232669239080646,0.9417823673552765
2168,116,113,95,True,True,95,0.03538758851635255,6.648836382767874,0.9778770781598926
2169,109,109,90,True,True,90,0.041478505127032474,6.2772264045245025,1.0349171996618252
2170,114,110,87,True,True,87,0.04696768063360771,4.894692164150403,1.0163334926527976
2171,122,110,90,True,True,90,0.04658192820574276,4.054762572839608,0.9669183236023534
2172,150,130,112,True,True,112,0.052589446317405135,3.373987885020756,0.9338143563233906
2173,150,139,123,True,True,123,0.04651416806241963,3.704189488256957,0.8493307798536147
2174,126,123,110,True,True,110,0.04680101827569014,3.438161613508388,0.9457721955491845
2175,126,122,103,True,True,103,0.04648416682100307,2.4047855132848133,0.9641773459805458
2176,126,121,100,True,True,100,0.04552735374432045,1.9090314527780248,0.8048943900210975
2177,114,109,89,True,True,89,0.04594842035916869,2.2746574458156754,0.8856486975738473
2178,119,113,101,True,True,101,0.04942273545821701,1.7036957171991338,0.9486307987906222
2179,117,105,81,True,True,81,0.035143306595938666,1.2212040871822272,0.8172607433819261
2180,114,111,93,True,True,93,0.05544068396153129,1.2504900684728448,0.94549136283724
2181,89,89,73,True,True,73,0.0513585822463471,1.5801791163131857,0.8832304162282641
2182,83,83,73,True,True,73,0.0454519521903036,1.7354128556390953,0.9145740079344745
2183,84,84,65,True,True,65,0.05162739264049815,1.2473707720091987,0.8984121770797274
2184,82,82,73,True,True,73,0.051704203810772315,1.5187352246045918,0.7319634926859028
2185,71,71,60,True,True,60,0.04999541510997217,1.8484528812961556,0.9222799724177783
2186,76,76,61,True,True,61,0.04262937883191218,1.8829394983137548,1.0136001418202263
2187,79,79,64,True,True,64,0.04939112704041271,2.7435822323512564,0.825541651610842
2188,85,85,69,True,True,69,0.03968027222362562,2.7202751340971,0.8980438402087364
2189,71,71,53,True,True,53,0.04708591695274866,3.539131599637443,0.790224687162874
2190,87,87,73,True,True,73,0.047961570075318774,3.942488830183895,0.8439521708465078
2191,82,82,67,True,True,67,0.04711275600050147,3.8756770893956323,0.908359136646008
2192,79,79,62,True,True,62,0.04454679295374711,4.321549374047036,0.7966048466268035
2193,90,90,74,True,True,74,0.049076747331887105,4.6782859874492475,1.007740235445052
2194,80,80,65,True,True,65,0.05383593083007956,4.972217805196215,0.8854302118576657
2195,108,108,89,True,True,89,0.05629377297061471,5.298262960850694,0.8707889489307458
2196,99,99,85,True,True,85,0.046246525209208134,5.226327294232193,0.8627052197991205
2197,105,105,84,True,True,84,0.05767002420849256,5.681679969969661,0.8251185431340693
2198,86,86,77,True,True,77,0.04629406934504253,6.015412549500852,0.912304101786319
2199,126,126,102,True,True,102,0.04920353109396382,5.501022010191813,0.8823115502770176
2200,98,98,77,True,True,77,0.0429268009395199,5.020845018158051,0.9334691759053177
2201,97,97,76,True,True,76,0.04466020037721061,4.94336688941618,0.8554719160067379
2202,94,94,82,True,True,82,0.0406857103302514,4.976573473218259,0.8750239374138786
2203,79,79,59,True,True,59,0.03583754660217229,4.913606876505051,0.9535482657535713
2204,72,72,66,True,True,66,0.03796963263142017,5.062549873728393,0.9040959343708461
2205,69,69,61,True,True,61,0.045037592732119644,5.477922842130113,0.7231121680787105
2206,70,70,59,True,True,59,0.03901982942373374,6.13478397952663,0.8293734175221946
2207,61,61,45,True,True,45,0.027286378941615567,6.756040875476676,0.8170621682346749
2208,35,35,0,False,False,0,,,
2209,38,38,30,True,True,30,0.042787638842996904,6.903423231168382,0.9445533978907075
2210,34,34,0,False,False,0,,,
2211,37,34,0,False,False,0,,,
2212,29,29,0,False,False,0,,,
2213,35,35,0,False,False,0,,,
2214,25,25,0,False,False,0,,,
2215,26,26,0,False,False,0,,,
2216,21,21,0,False,False,0,,,
2217,18,18,0,False,False,0,,,
2218,59,56,47,True,True,47,0.07844054040882248,4.558199938547868,0.8748590969757697
2219,55,55,46,True,True,46,0.13374417243277717,4.648668430054725,0.873498927701408
2220,47,47,37,True,True,37,0.06977586583287548,4.553974430926647,0.7844759666864701
2221,49,46,44,True,True,44,0.05506939770728577,4.232037146845162,0.7809463793722611
2222,60,60,55,True,True,55,0.05530441929566584,4.5929699522148155,0.9675440940477341
2223,45,45,39,True,True,39,0.04269423946420055,4.674725260698159,0.771897704845165
2224,44,44,40,True,True,40,0.05897752200454058,4.863272042703384,0.828582793139186
2225,31,31,0,False,False,0,,,
2226,49,49,45,True,True,45,0.05999836343759998,4.647377100610197,0.8123877759645588
2227,63,63,63,True,True,63,0.06304949661004466,4.6544579776714725,0.7891055420290174
2228,80,80,77,True,True,77,0.06427540831627974,4.635555269794409,0.8324422493925263
2229,93,93,86,True,True,86,0.06204763989653547,4.560668922434456,0.8453976607269273
2230,109,106,97,True,True,97,0.052395622733417094,5.011806377624205,0.8590930316682267
2231,107,105,101,True,True,101,0.05639591047144031,5.558235873518979,0.8812659141003194
2232,105,104,93,True,True,93,0.0632913343271856,5.284540018325799,0.8532724402002683
2233,87,87,76,True,True,76,0.05836232836481725,4.793437983923075,0.829827769798253
2234,78,78,56,True,True,56,0.0526567172485399,5.249524418059899,0.860357027394694
2235,79,77,71,True,True,71,0.054293935594357565,5.475079075236662,0.8301908259032181
2236,88,88,81,True,True,81,0.05768035858867096,4.925777286363394,0.8164571504322315
2237,129,127,109,True,True,109,0.059061670264405675,4.402516613971733,0.8184990809612707
2238,124,123,112,True,True,112,0.05350994240457089,4.381427247186959,0.8852364156770941
2239,126,125,114,True,True,114,0.05350026686380384,3.6471157195068598,0.7938458732188067
2240,130,130,111,True,True,111,0.05034576474332234,3.242446691431649,0.84463321054689
2241,121,121,102,True,True,102,0.049193178397207146,2.6589874427665494,0.8023519607518544
2242,187,184,154,True,True,154,0.04920571785332569,2.7486846906514004,0.8743213918744035
2243,179,140,121,True,True,121,0.04846075915459622,2.7109301686089684,0.9495727291370575
2244,190,154,130,True,True,130,0.04871176957861227,2.532793730323005,0.8821989254897205
2245,184,135,116,True,True,116,0.04627098608634922,2.8016724136402176,0.96469012899029
2246,179,137,120,True,True,120,0.0450380290151458,2.8660825138578976,0.8780466794240119
2247,162,129,103,True,True,103,0.04988021628663604,2.715202714876182,0.8731571124629992
2248,155,121,109,True,True,109,0.04709511951243425,2.4105655349287143,0.8262294737071799
2249,144,119,112,True,True,112,0.04546914655982757,2.479630623002862,0.8271733444865534
2250,156,114,104,True,True,104,0.04917036036698901,2.7419774439417757,0.8990566595617087
2251,250,182,165,True,True,165,0.05143799012497617,2.8499387757277668,0.8679601468348552
2252,250,180,150,True,True,150,0.05044057041762814,2.5678577748371465,0.8992915922447158
2253,250,184,140,True,True,140,0.05472385041085507,2.4185318000912477,0.8813477993321998
2254,245,166,144,True,True,144,0.05020860844544987,2.1230827233243663,0.8723946900135556
2255,229,160,128,True,True,128,0.05324886697566268,1.6770659217272201,0.8589497566083898
2256,185,130,119,True,True,119,0.05111441197159306,1.5653215429988376,0.8177795961697147
2257,184,128,122,True,True,122,0.040517348175427174,1.504940950838847,0.8395238978951334
2258,162,138,124,True,True,124,0.05168593235988679,0.9768715375692251,0.8017428142083405
2259,209,207,178,True,True,178,0.0482369636034229,0.8265971481246813,0.683667961015326
2260,190,187,163,True,True,163,0.03807084789821672,1.4967796846126313,0.8780835895536919
2261,201,199,182,True,True,182,0.055663808561154035,1.7749839477703415,0.8133494090022998
2262,185,179,153,True,True,153,0.05975657656893023,2.2606787867458484,0.8210894147055591
2263,209,207,180,True,True,180,0.05591190425445593,1.980208954311155,0.7950335973519308
2264,188,184,163,True,True,163,0.05586340119830443,1.8844031638209409,0.7908830769249179
2265,194,193,152,True,True,152,0.04934810566223975,1.8672498924656746,0.811778421204317
2266,208,199,172,True,True,172,0.055427964016764336,1.3627134009946162,0.8425548237907831
2267,201,190,181,True,True,181,0.04854356279305055,1.0572706493653385,0.827808546451366
2268,245,242,202,True,True,202,0.044348556015883514,1.6427761276876138,0.8388317334918135
2269,250,245,216,True,True,216,0.05267942014976029,1.855854898212305,0.8617656619409034
2270,234,234,200,True,True,200,0.05083347375365165,1.4250014471898818,0.8624872599385646
2271,250,246,223,True,True,223,0.047436275408809576,1.5594419460575366,0.8775453973079487
2272,244,220,191,True,True,191,0.06015444761449291,1.5001848255503292,0.7950283696647227
2273,250,230,211,True,True,211,0.051747699842894936,1.4762437196933373,0.845321326504327
2274,250,224,208,True,True,208,0.054261981019128776,1.183488419719505,0.808496132106474
2275,250,237,219,True,True,219,0.054512672480420556,1.2857311144781276,0.8148050074135299
2276,250,240,227,True,True,227,0.044125609321256504,1.0946049227297943,0.751258745520041
2277,250,242,232,True,True,232,0.043632841258386554,1.383997469681587,0.792881780754379
2278,250,243,237,True,True,237,0.04284758850147326,1.2696403944332848,0.7575927135933415
2279,250,248,234,True,True,234,0.052294076159931195,1.3348772208292123,0.8064823951491419
2280,250,250,234,True,True,234,0.04759613959367942,0.9762148728225671,0.7793582041981255
2281,250,249,231,True,True,231,0.05028585096142899,0.7164436930233493,0.7430182656738459
2282,250,247,221,True,True,221,0.052613859058404246,1.0419481132991195,0.7669237999985897
2283,250,247,228,True,True,228,0.05922157124167081,1.2424223308192668,0.8427496897295407
2284,250,249,240,True,True,240,0.051871931761636354,1.2036789433602912,0.847553666991148
2285,250,250,236,True,True,236,0.054224959854254955,1.081921404381156,0.8687220384122494
2286,250,249,232,True,True,232,0.05922897232111639,1.3298392723201804,0.8305644815145989
2287,250,250,246,True,True,246,0.06218032943511182,1.4064281579857034,0.8672460820363116
2288,250,250,210,True,True,210,0.06014708107448906,1.3705549489296627,0.8156816058062969
2289,250,245,218,True,True,218,0.054917161553638724,2.0119341228876944,0.873122037873033
2290,250,244,226,True,True,226,0.05364888847074895,2.349312948722508,0.840351821083445
2291,250,244,196,True,True,196,0.05905459888488412,2.3048552372012687,0.8881778716974431
2292,250,242,213,True,True,213,0.05792537204852078,2.6997304639485704,0.9538346823919868
2293,250,231,192,True,True,192,0.06216214201041463,2.918026687820454,0.9370068070284774
2294,250,219,193,True,True,193,0.06722316445586161,3.504786200054629,0.8523934610334701
2295,250,222,177,True,True,177,0.07241786281446871,3.3879528865434962,0.9076279180435846
2296,250,230,186,True,True,186,0.061127325987946075,2.76457350360118,0.8482580673427523
2297,250,237,206,True,True,206,0.05997796393011936,2.430561509126683,0.8960735894940469
2298,250,231,198,True,True,198,0.06363519552485584,2.6098895856284763,0.8468204091435726
2299,249,238,192,True,True,192,0.05166210265313421,2.369205723875317,0.8505439229393649
2300,250,225,203,True,True,203,0.05219099858421884,2.465458355454976,0.901887202840188
2301,250,228,187,True,True,187,0.05266610158112704,1.9454470282657501,0.8855845221711356
2302,250,243,187,True,True,187,0.05657796295504425,1.1317853605264523,0.951168697992946
2303,250,250,217,True,True,217,0.05138782523465517,1.1533575754694618,0.9006384966329269
2304,250,250,206,True,True,206,0.05333198068306911,1.6599101626547468,0.9739971135619518
2305,250,250,197,True,True,197,0.06255135773030705,1.9999743531483467,0.9177539290670859
2306,250,250,226,True,True,226,0.060867011554167905,2.5244205365296244,0.8906300205565275
2307,250,250,216,True,True,216,0.05804309476033941,2.6492216818634184,0.8890445172813675
2308,244,244,209,True,True,209,0.06466598549351275,2.5701822419251186,0.9516621669510821
2309,220,220,193,True,True,193,0.06439915549822352,2.4615426520061616,0.8887906967880131
2310,216,215,178,True,True,178,0.06637581726647425,2.308711152045383,0.8943731012442503
2311,213,212,159,True,True,159,0.06534829683279689,2.8549837107999294,0.8791159263358794
2312,187,182,159,True,True,159,0.0683466685305732,3.5655987405933556,0.889152259585966
2313,173,173,130,True,True,130,0.07168487401101183,3.2243003275165285,0.8963809595315059
2314,182,182,146,True,True,146,0.07064075749213963,3.194137976986901,0.8491819525479793
2315,171,169,136,True,True,136,0.06741354427392923,3.132677717190631,0.8277817502110917
2316,169,166,143,True,True,143,0.07138084779429314,3.3560602943403657,0.772212190209527
2317,150,148,129,True,True,129,0.06742124412845042,3.002920810400112,0.8483054636005503
2318,180,179,149,True,True,149,0.08115082216868762,2.709065654545486,0.8971602608207624
2319,203,202,188,True,True,188,0.06629398625243406,2.423094756542566,0.8478814246504667
2320,199,197,169,True,True,169,0.05893886554978726,2.159266751598516,0.878840524220265
2321,196,189,156,True,True,156,0.06864596429284671,2.8664548873846196,0.8286487205759208
2322,246,244,207,True,True,207,0.0604760459864311,2.9959456732660263,0.8406624741533482
2323,238,233,206,True,True,206,0.06079962959087249,3.0140265522956016,0.8530338105882451
2324,250,244,217,True,True,217,0.05636486212663852,3.2654559005114834,0.791630467965191
2325,250,245,212,True,True,212,0.06119214062189042,2.993328907978684,0.9013457596950901
2326,250,249,216,True,True,216,0.05546550082078444,2.913035650080746,0.9081751221427341
2327,250,242,212,True,True,212,0.060527761682516466,3.0912234655772224,0.8821761663371702
2328,250,231,181,True,True,181,0.059193583187843346,3.481509113186698,0.924808403464791
2329,250,214,165,True,True,165,0.0628829307117543,4.060708431237364,0.9333320559493984
2330,201,171,146,True,True,146,0.06095838666051684,4.717462855440369,0.8549888523771421
2331,175,150,118,True,True,118,0.07106351053528506,4.648195422971949,0.8599808607583592
2332,182,152,125,True,True,125,0.06426865435989612,5.145576383845804,0.9458685975173248
2333,223,199,159,True,True,159,0.057274422709064646,5.325917513280135,0.8403120858570774
2334,208,172,146,True,True,146,0.06251085547699768,5.451296148063612,0.8859376831788495
2335,224,188,150,True,True,150,0.06906422970240367,5.120498190191931,0.9334092883072768
2336,195,172,140,True,True,140,0.05448020053793305,5.214171258907974,0.9368533117734212
2337,231,225,166,True,True,166,0.06366529542233341,5.286374552668322,0.9940080403386564
2338,247,236,181,True,True,181,0.05732879724531624,5.205896419588962,0.9421518981206624
2339,211,197,178,True,True,178,0.05511208884001843,5.037305404804558,0.8471233882479784
2340,236,222,171,True,True,171,0.05763659015679268,5.121130900548063,0.8699891249093326
2341,247,239,193,True,True,193,0.05468006480827122,4.684603208913598,0.8946575462844625
2342,250,244,209,True,True,209,0.05528605003005201,4.691134942548344,0.8186232093887619
2343,250,244,214,True,True,214,0.05026592750510847,4.960822971372173,0.8169362281655101
2344,250,250,215,True,True,215,0.054026268909647165,5.131691618014065,0.8229466310055213
2345,250,246,221,True,True,221,0.04541212435600915,4.914768741520225,0.8181348744680859
2346,250,250,237,True,True,237,0.04986484676655006,4.658738031538423,0.7600437072022747
2347,250,249,222,True,True,222,0.06455656824256391,4.5402709741432385,0.7440645149914097
2348,221,221,204,True,True,204,0.04035079940401511,3.4910551933583225,0.9302651599764985
2349,232,232,212,True,True,212,0.04775562692978023,3.661536715441248,0.9520854840634663
2350,235,235,210,True,True,210,0.040322793885052256,4.498952300608178,0.8525024810722142
2351,250,250,223,True,True,223,0.05396011512737539,3.8660955190008486,0.8995256273980867
2352,234,234,213,True,True,213,0.04200025476928406,3.527874833786274,0.9527034918465574
2353,250,250,208,True,True,208,0.0565902784979473,3.02239682522967,0.9406636861836281
2354,250,250,232,True,True,232,0.04381229714879864,3.579578960896797,0.848049547677233
2355,241,241,212,True,True,212,0.04248055000700766,3.5377407207885185,0.9193899112983769
2356,220,220,190,True,True,190,0.04153258851216397,2.906161035549058,0.8695861574983519
2357,194,194,156,True,True,156,0.053104240319233886,2.9088398243204288,0.8544817946004951
2358,203,203,186,True,True,186,0.046214244576681676,3.6803692409778335,0.8205829330461036
2359,174,174,149,True,True,149,0.06164978042033554,4.034576684646483,0.9029190197682261
2360,204,204,179,True,True,179,0.042021931630475795,4.3872442775482785,0.8776007796262604
2361,190,190,167,True,True,167,0.05462485238758093,4.256881878338653,0.7878532712029345
2362,191,191,166,True,True,166,0.05700695033628337,3.2725799568389426,0.8566512950254036
2363,195,195,156,True,True,156,0.05158651491671251,3.1158740844178965,0.8296376300882107
2364,195,195,160,True,True,160,0.04103213806980417,3.212970843934537,0.86860680640162
2365,169,169,148,True,True,148,0.038474868489312766,3.130085574549881,0.8582396656829677
2366,158,158,135,True,True,135,0.04252197029002608,2.6327468905691953,0.8958443607655209
2367,156,156,140,True,True,140,0.04277624765269915,3.088651125817647,0.9233518458564777
2368,216,216,200,True,True,200,0.042884468074021014,2.4723824212073593,0.8089040293011766
2369,224,224,187,True,True,187,0.0403929080523037,2.0216053291808143,0.8482093629516828
2370,210,210,182,True,True,182,0.0396649967335146,2.3000803891788753,0.846091475574792
2371,201,198,170,True,True,170,0.049217902159379,2.5833133664980727,0.8992153490339768
2372,194,191,169,True,True,169,0.04836360953577292,2.4963472999325482,0.8743483368468102
2373,238,238,200,True,True,200,0.05289500400245506,2.6930496755904216,0.9313537542882333
2374,250,250,217,True,True,217,0.045339462265939545,3.08270132548311,0.9234603097793079
2375,233,233,183,True,True,183,0.04777181473527452,3.536742272406918,0.8281825339923797
2376,240,240,215,True,True,215,0.04679255028643202,3.4842206222398837,0.9267165132388652
2377,250,250,208,True,True,208,0.047735590992276596,3.6059911263146054,0.8862059351513383
2378,250,250,212,True,True,212,0.04773779261020938,4.057096224749295,0.8526599283078182
2379,243,243,206,True,True,206,0.04718808364951362,4.66133030005041,0.8121646451003414
2380,241,241,185,True,True,185,0.044219319656579686,3.896819691934886,0.8785001890825774
2381,250,250,214,True,True,214,0.03989126819929321,3.885956411081353,0.945491666628016
2382,250,250,205,True,True,205,0.04599286051133506,3.7146045381986674,0.8707645985548144
2383,243,243,194,True,True,194,0.047411566394063076,3.1117561917475975,0.9036359188653795
2384,250,250,226,True,True,226,0.05138874211385092,2.171959745528436,0.8384819172439023
2385,220,220,188,True,True,188,0.048826312867536414,1.986616835099546,0.956826573580316
2386,239,238,206,True,True,206,0.05454810780592468,1.6915766456654144,0.8724208229334709
2387,237,237,213,True,True,213,0.054261477876470274,1.9431189138275755,0.7720861222344632
2388,201,201,186,True,True,186,0.04885674240922462,2.277449002557441,0.8161751787206469
2389,169,168,140,True,True,140,0.057261001575072745,2.7811319191244075,0.930076985422028
2390,186,186,154,True,True,154,0.05768738523903081,2.345456709968886,0.8473197127629224
2391,164,164,146,True,True,146,0.05611610364427174,2.770633202810648,0.848653904285236
2392,177,177,164,True,True,164,0.05428812759117279,2.7334503801847,0.8659808151467416
2393,198,198,170,True,True,170,0.05520025983270357,2.8428927382864178,0.8071498565579456
2394,230,230,192,True,True,192,0.0553008332310588,2.5534443362849086,0.8472851147136085
2395,216,216,201,True,True,201,0.05783095906418833,2.5289562953594715,0.8509613227828136
2396,192,192,160,True,True,160,0.05805994864418059,2.383356655383809,0.8128793324519449
2397,230,230,212,True,True,212,0.05038052902604347,2.8757907197665853,0.8918135722985362
2398,250,250,219,True,True,219,0.061324252241719286,2.527435289329644,0.8319511309714642
2399,250,250,228,True,True,228,0.05804760427494931,2.8996589260912,0.7697304418920796
2400,250,250,230,True,True,230,0.05790777432189039,3.5922932663287925,0.8450192003929752
2401,250,250,224,True,True,224,0.060498284041441704,4.453875008846142,0.84803563561405
2402,240,240,220,True,True,220,0.06145611728414404,4.936168036986442,0.8069925556238683
2403,246,246,225,True,True,225,0.05856831354821609,5.638364929505445,0.8564067331569344
2404,227,227,185,True,True,185,0.06706153920264875,5.811442642109711,0.8524937427991429
2405,199,199,172,True,True,172,0.056987007485870544,5.348057629876421,0.8913924218392086
2406,247,233,185,True,True,185,0.05534743809616528,5.040894018010068,0.8451267274313705
2407,250,246,189,True,True,189,0.05251577294635548,4.370034822602263,0.9438351935244387
2408,248,242,214,True,True,214,0.05682978574257958,4.852179495915762,0.8700657691113682
2409,246,246,216,True,True,216,0.05798720964422148,4.493228457995835,0.917003286348728
2410,250,250,214,True,True,214,0.05219991996717568,4.044305669133961,0.9408547026160663
2411,250,249,202,True,True,202,0.05758788011510699,4.035067311346251,0.8511960761969153
2412,250,249,208,True,True,208,0.055492459999485724,4.250717946848812,0.907273319631161
2413,250,239,208,True,True,208,0.053031930193572246,4.434496021224908,0.914746751248079
2414,250,240,209,True,True,209,0.051081455100193136,4.036581904838874,0.892233492098014
2415,250,250,206,True,True,206,0.04948397916680885,4.600619146587953,0.8107583615113318
2416,250,249,206,True,True,206,0.04714840181746057,4.293954342096825,0.8822760726998883
2417,250,248,203,True,True,203,0.04333989855246141,3.870647779893587,0.8590792991988705
2418,250,249,213,True,True,213,0.04504867688625059,4.279136103395935,0.891187757641228
2419,250,247,211,True,True,211,0.045682998514151835,4.0700480518866895,0.9235070752424273
2420,250,248,216,True,True,216,0.04314715740632005,3.462413817721974,0.8893642580707926
2421,250,246,220,True,True,220,0.042337939087861105,3.187544832107525,0.8619216332901434
2422,250,240,204,True,True,204,0.042274076804856654,3.064582564230548,0.9207041755689837
2423,250,238,203,True,True,203,0.04811147002680595,2.872011684447832,0.836298067720527
2424,250,247,188,True,True,188,0.046298587716323066,2.616900480851286,0.8827207531573276
2425,250,248,210,True,True,210,0.04356533972983508,3.081683667249782,0.8323885296751871
2426,250,244,216,True,True,216,0.047069863625834304,3.2813414681929123,0.8714121469856511
2427,250,245,209,True,True,209,0.044927235505785354,2.8198700395598646,0.875358403692427
2428,250,250,191,True,True,191,0.04435919505502265,2.4609254477304607,0.9339665953787447
2429,230,225,206,True,True,206,0.045362944940080537,2.106774381264891,0.8597269429831883
2430,232,229,203,True,True,203,0.050124068102466626,1.6304940806780954,0.9489832360228134
2431,224,224,185,True,True,185,0.05073530113466153,2.2182190654790026,0.8556177164750766
2432,204,204,171,True,True,171,0.05958706472966021,1.707238003587273,0.9661008685958427
2433,210,210,181,True,True,181,0.05653349527452625,1.5768527808440942,0.8844255606588637
2434,215,215,185,True,True,185,0.05429230486270108,1.450470166569439,0.883122858326657
2435,221,221,186,True,True,186,0.052929680675310016,1.0245506623188374,0.8391791209078363
2436,220,220,184,True,True,184,0.050442169356221145,0.879995024212292,0.8853931631445714
2437,242,242,216,True,True,216,0.04915914329966117,0.6601244120477499,0.9022599044376127
2438,218,218,187,True,True,187,0.04970116744609534,0.5803203638688417,0.8592980365649725
2439,207,203,167,True,True,167,0.049862219164330104,0.43910666627845585,0.8984904428270599
2440,219,215,179,True,True,179,0.05078962033587504,0.6219694839510844,0.869925729700784
2441,250,247,212,True,True,212,0.05887864826220328,0.5761373495814865,0.9287925772047236
2442,246,243,211,True,True,211,0.059999454701198024,0.9671975916363268,0.8552959151546329
2443,250,243,191,True,True,191,0.06101366108766108,1.2754240012588676,0.913688589207581
2444,250,234,208,True,True,208,0.06006093506500068,1.3456976327927976,0.9180621331432389
2445,250,239,188,True,True,188,0.05511601433204392,1.2361760763313099,0.8908358402354054
2446,175,156,117,True,True,117,0.054515256080242144,1.1272667390945526,0.9840223059663689
2447,171,155,131,True,True,131,0.059010374137056655,1.156403196070519,0.8268453263960853
2448,204,180,155,True,True,155,0.05398660934368646,1.4395197705357532,0.866887813419123
2449,213,212,185,True,True,185,0.0544823791455039,1.8104493414726543,0.7847935942811435
2450,212,211,186,True,True,186,0.053991253112695196,2.6767957411097276,0.8407415342398145
2451,207,207,178,True,True,178,0.056427629118169634,2.6155540562790143,0.8084830037539743
2452,205,205,184,True,True,184,0.052604537138685625,2.521756686969243,0.7857632694073665
2453,196,196,165,True,True,165,0.05692334482714534,2.6478755547863027,0.8206896805779981
2454,141,141,115,True,True,115,0.04443035146859356,1.2710827958231956,0.9933716052275249
2455,127,123,99,True,True,99,0.057842839560154555,1.7767432033114599,0.8910275866455446
2456,132,130,109,True,True,109,0.05272299448693946,1.250310121329343,0.8983458984732502
2457,139,138,119,True,True,119,0.054343454762961096,1.4752125538146665,0.8393062354119817
2458,156,156,124,True,True,124,0.05064665990737304,2.1839211217682744,1.0019971718674805
2459,165,165,150,True,True,150,0.05216565554824102,2.243784745622287,0.9212509480200793
2460,192,192,163,True,True,163,0.04792356030796037,1.4879818106519798,0.846822117923854
2461,181,181,156,True,True,156,0.04617401248433847,1.2673017884390176,0.84293456655135
2462,164,164,135,True,True,135,0.05282485691069699,1.883077130084725,0.931304699335802
2463,230,229,182,True,True,182,0.044303965866809535,1.7834054190651611,1.0038214416995135
2464,221,213,174,True,True,174,0.049242234481562855,1.7042429684668843,0.9348796957739389
2465,199,183,145,True,True,145,0.04559592130407364,2.110752986487096,0.9758013756859439
2466,163,150,111,True,True,111,0.053227130969787456,3.272683696259937,0.9731329532325631
2467,148,133,104,True,True,104,0.05180218355030026,4.0299668317024535,0.9761226905286199
2468,160,140,102,True,True,102,0.04071692671369825,3.575514561904143,0.9600034570628242
2469,137,125,88,True,True,88,0.048376954768452766,3.1511739344053398,1.0627552095342647
2470,145,137,108,True,True,108,0.039771639773270674,2.215306123009115,0.9974451926686774
2471,199,183,143,True,True,143,0.03854101255466935,1.4975490484606138,0.9401598843565547
2472,203,187,156,True,True,156,0.03822089447971465,1.1814035570811017,0.858761069738008
2473,170,160,129,True,True,129,0.03570069940287951,1.483844349760638,0.9767794003642674
2474,156,149,120,True,True,120,0.039283494109646634,1.7420493620888682,0.9331872794800352
2475,144,139,114,True,True,114,0.03357723947853478,2.754523654782667,1.0412447192014602
2476,115,111,86,True,True,86,0.035289256035097145,3.0698838719981247,1.0549114319634367
2477,131,131,108,True,True,108,0.031739231899351454,3.437860866458304,0.9798531978579653
2478,176,173,131,True,True,131,0.027489750944911732,3.3521211068004337,0.951337049498932
2479,97,94,82,True,True,82,0.03379370042527876,4.0622823305432325,0.9813714201308164
2480,111,108,96,True,True,96,0.022000808878131474,4.17360657778087,0.8776284309857386
2481,123,123,105,True,True,105,0.021054591834004797,3.8698862912001926,0.8890049694685979
2482,137,136,125,True,True,125,0.02428951000389858,3.8214501385315875,0.9460527460179089
2483,115,114,94,True,True,94,0.029322093806088977,4.595555306607167,0.9379356813616067
2484,145,142,127,True,True,127,0.027861648307710696,5.063147583193405,0.7899604585120835
2485,147,147,129,True,True,129,0.027218957983840112,5.469779022448428,0.9333695029715777
2486,186,183,163,True,True,163,0.032213824212716825,5.852699347852064,0.8774927940950513
2487,115,114,105,True,True,105,0.03586232242978937,6.316635301778693,0.8915676635563096
2488,108,108,96,True,True,96,0.03876787609658102,6.276641223220826,0.8533399647279728
2489,147,147,131,True,True,131,0.0430657267888579,5.645344469364559,0.9092132386938228
2490,126,126,121,True,True,121,0.04537514443763794,5.235724295147666,0.8478495702082711
2491,130,130,119,True,True,119,0.051903677228739946,5.049223458320042,0.9172267995640143
2492,129,123,105,True,True,105,0.04877336635025395,5.526911548297377,0.8551652395434182
2493,130,130,108,True,True,108,0.057779033892201716,5.578428279216168,0.8683704236576579
2494,131,131,117,True,True,117,0.05987658068376676,5.7350203828685204,0.9347919629191223
2495,116,116,98,True,True,98,0.060793415038468766,5.950002654193673,0.8775409727689361
2496,157,157,137,True,True,137,0.06787908486042821,5.4826385895778,0.8528321009392597
2497,234,233,212,True,True,212,0.06477468866115914,5.206805642539143,0.7991940346029016
2498,250,246,227,True,True,227,0.061123248155440915,4.422544069987178,0.7947918324220977
2499,214,214,185,True,True,185,0.06126677384363617,4.315729631030831,0.8616772876603596
2500,174,172,144,True,True,144,0.05846051092535846,4.4734928913901895,0.874586330782918
2501,186,180,150,True,True,150,0.055650979288305806,4.589741855410142,0.8587514408175411
2502,153,149,127,True,True,127,0.05201645028714826,4.186965272235475,0.9032677180466505
2503,152,143,116,True,True,116,0.05328845704237494,4.223155332150289,0.8901774995827163
2504,250,219,181,True,True,181,0.0499680781904726,3.9805145884903768,0.9208615596384614
2505,250,233,206,True,True,206,0.04990178541806183,4.196089642241524,0.9186187216503426
2506,250,229,199,True,True,199,0.047127960542748724,3.417071038280418,0.9549838187964685
2507,250,248,205,True,True,205,0.04884726334645878,3.5058105607871233,0.8561164522944004
2508,250,214,181,True,True,181,0.04831487829742337,3.608670617602335,0.9205929702423632
2509,250,243,187,True,True,187,0.04782263649226157,3.3811438444395088,0.9258187146513268
2510,244,231,189,True,True,189,0.04758142879711116,4.5472938682687705,0.8606977051535316
2511,245,226,198,True,True,198,0.04917650153137997,3.754199417180658,0.848524190157681
2512,240,228,182,True,True,182,0.051394027677422696,3.087188457111521,0.8487346167091246
2513,250,234,208,True,True,208,0.04435121491422575,3.0043766099739355,0.8179651678051687
2514,234,230,200,True,True,200,0.048747160400794055,3.071390276102002,0.803613131030627
2515,249,243,225,True,True,225,0.04602482347345113,3.2008867202921336,0.8654741970390702
2516,240,226,203,True,True,203,0.04815924334286984,3.9131096622353496,0.8273430271439141
2517,250,243,210,True,True,210,0.048867614391455844,4.240909232485445,0.8701341420580271
2518,243,232,199,True,True,199,0.05226245191224625,4.390370312556467,0.8696753512631727
2519,234,228,193,True,True,193,0.050191927328545306,4.690305783173533,0.9324621453896806
2520,244,237,202,True,True,202,0.04547457082317455,4.854320480809659,1.013729311454848
2521,247,243,193,True,True,193,0.04713266417375566,4.937917188455583,0.8929434189008713
2522,250,243,197,True,True,197,0.04504120834187638,4.842475894209376,0.912092757832895
2523,235,214,168,True,True,168,0.03777839343821464,5.449950570414053,0.9752038526615827
2524,224,206,159,True,True,159,0.04129865852809479,4.954442054939791,0.9347521810110252
2525,204,189,147,True,True,147,0.035428901316805275,4.822712942369824,0.9058472601938012
2526,209,202,156,True,True,156,0.03716779902494731,4.474490945663338,0.9243195114930038
2527,215,194,152,True,True,152,0.03395592478818636,4.116805524273265,0.9971510020207757
2528,142,130,100,True,True,100,0.03936158778314038,4.046848753008181,0.9046375119673484
2529,144,126,91,True,True,91,0.03701116813968344,3.445702038809111,0.8503898300253341
2530,148,134,112,True,True,112,0.041652019290256206,3.112973089429367,0.8608321034370714
2531,144,131,100,True,True,100,0.04308033010821928,2.880579584725941,0.8412287816313379
2532,132,131,105,True,True,105,0.04541321467561273,2.275401720937456,0.9091082509522085
2533,163,157,134,True,True,134,0.05084212337946387,1.4831464389185272,0.8661247300019854
2534,150,137,122,True,True,122,0.05000552917252713,1.1449523641120183,0.7889863338766592
2535,152,122,108,True,True,108,0.055518781130286916,1.008299539278375,0.8410278710272814
2536,139,132,119,True,True,119,0.057595802690617,1.2307150074237487,0.9945943791384698
2537,161,128,115,True,True,115,0.06549664671147616,1.7072124772608055,0.9004233392593407
2538,176,153,137,True,True,137,0.06393834052684945,1.3154923504211053,0.8960798885238668
2539,167,142,119,True,True,119,0.06350016013973935,1.1967338656856463,0.8643069495892955
2540,171,142,127,True,True,127,0.057479192267179194,1.5029792876977979,0.8773517404352423
2541,205,184,164,True,True,164,0.0611042043025186,1.7829616792886716,0.8026668408723413
2542,183,156,142,True,True,142,0.06483524881590151,1.6228345747374517,0.8268674145054344
2543,152,119,111,True,True,111,0.06605373452223555,1.6555581114905,0.8027297497538282
2544,116,98,87,True,True,87,0.057880326537969415,2.0017236486050294,0.7889472071310019
2545,99,73,66,True,True,66,0.06452343026568196,2.0252580186522473,0.8015748515173924
2546,105,80,66,True,True,66,0.06379506507629147,2.1368778413867684,0.7961915046123433
2547,138,122,105,True,True,105,0.06430345612820887,1.356699001028285,0.8617041915431713
2548,125,110,97,True,True,97,0.048221252707690496,1.591900930907774,0.8970969818033452
2549,103,82,70,True,True,70,0.05209067465644852,1.5687919260107823,0.8707816305248853
2550,92,80,70,True,True,70,0.04759985682618517,2.4460552224935372,0.818689989812316
2551,94,86,74,True,True,74,0.04656554259275981,3.2895669705983845,0.7849071018736431
2552,95,88,78,True,True,78,0.039306588088001096,3.738868557560959,0.9536036142683125
2553,177,147,130,True,True,130,0.04449196406760028,2.671569578426287,0.8597479803857636
2554,164,142,127,True,True,127,0.04563007849222439,1.7337045643898747,0.9883692557143834
2555,177,162,137,True,True,137,0.05216121551234303,1.3260546490940217,0.9398743530329073
2556,173,137,114,True,True,114,0.042980578596839125,0.6933346231202805,0.8561353305814317
2557,157,135,115,True,True,115,0.042915303996828864,1.39829545360031,0.8860033246923908
2558,154,137,117,True,True,117,0.04485181393427471,1.7455014607741361,0.9062507907396831
2559,157,133,116,True,True,116,0.03844182107565129,1.0382660571959486,0.8458246073055219
2560,191,159,139,True,True,139,0.036210356264130016,1.4388724679941551,0.8614450736787831
2561,250,185,158,True,True,158,0.03902944135815698,2.2280507518659585,0.9619995615472728
2562,191,159,142,True,True,142,0.041162915107385574,3.0895720847486077,0.9248157000989196
2563,212,176,142,True,True,142,0.046811045069794145,3.3204518161151375,0.8046444711630918
2564,195,159,134,True,True,134,0.0481606959261109,3.0283057028330598,0.9348970280060566
2565,184,149,133,True,True,133,0.05246512375936846,2.7330715881496315,0.9712448563725538
2566,198,168,131,True,True,131,0.05883012446970765,2.390626507448985,0.9647833051533153
2567,201,166,132,True,True,132,0.05476592940547633,2.261046204033364,0.9581988216971942
2568,173,158,131,True,True,131,0.05886869877695967,2.5352678962131217,0.9403931932161855
2569,166,149,117,True,True,117,0.05498472528538378,2.786447128003469,0.9670921655342274
2570,165,152,130,True,True,130,0.05889024738631024,2.554984412242703,1.0167112799352966
2571,166,161,136,True,True,136,0.06429007118654217,2.1772063789102645,0.8655649033481283
2572,189,168,153,True,True,153,0.05851613792149907,1.9939676823437555,0.9493397455677627
2573,181,164,145,True,True,145,0.05875664117372967,1.0071189112697625,0.9078144963274515
2574,153,131,112,True,True,112,0.05778769741495538,2.389499068467934,0.8388422648005165
2575,147,136,110,True,True,110,0.05695125343836373,2.6228477217359045,0.8075457888568442
2576,145,134,114,True,True,114,0.06652651938042439,2.9973874327456658,0.7824343544530239
2577,92,88,71,True,True,71,0.05835528553895749,2.692461381007556,0.8639494359508656
2578,92,82,71,True,True,71,0.06801381299335688,2.5481601084724277,0.6759741817802164
2579,81,77,68,True,True,68,0.0654016141899025,2.5097537410372035,0.7004862323686605
2580,86,82,68,True,True,68,0.06881212552976414,2.343835373134511,0.7721191819178214
2581,93,89,84,True,True,84,0.06237841098982612,2.267536204185114,0.9568293402209685
2582,123,114,99,True,True,99,0.062454118094193906,3.039094661225711,0.8720179654581071
2583,106,100,93,True,True,93,0.057935509477468276,4.267705752545329,0.8793505954613302
2584,88,79,65,True,True,65,0.050211948456170385,4.688991154452745,0.9232365521470608
2585,88,78,69,True,True,69,0.04878372255880787,5.236103870487285,0.9141316322204849
2586,85,78,76,True,True,76,0.048683866205068864,4.938091729733824,0.8023561485710611
2587,111,102,98,True,True,98,0.04443312723615668,4.526772503440987,0.7518521424534498
2588,125,114,104,True,True,104,0.04159753186362763,4.216880246571852,0.836093937191353
2589,115,102,87,True,True,87,0.044510460751318426,4.526138291506733,0.7551925446676798
2590,108,99,86,True,True,86,0.047064525269605764,4.647510251385771,0.8184119282777459
2591,109,102,92,True,True,92,0.04955596163277707,4.626630404756745,0.8566337711711159
2592,116,100,82,True,True,82,0.047857111286613845,4.783313593296184,0.7918388200254362
2593,106,105,83,True,True,83,0.04428880474758278,5.18441580287767,0.972926056646542
2594,126,112,92,True,True,92,0.04891004001817828,5.875016929814266,0.8888660263821121
2595,113,72,60,True,True,60,0.042782029553766594,5.603116731419084,0.9753824281592394
2596,139,112,86,True,True,86,0.05882692937895004,6.04201806717705,0.8689936326870173
2597,139,121,96,True,True,96,0.0441388920865158,6.427814271332378,0.8548496865366202
2598,165,130,108,True,True,108,0.047193204798224704,6.412172537286597,0.9436434658261296
2599,178,146,115,True,True,115,0.04029891599809545,6.099940618170993,0.9059260299114051
2600,189,155,129,True,True,129,0.03960016177147535,6.097554572009199,0.9102184833222643
2601,236,188,149,True,True,149,0.03164215604022855,5.662097361102135,0.8706933627393432
2602,250,175,152,True,True,152,0.03807639048398761,5.469677304453742,0.8716195182815373
2603,250,199,175,True,True,175,0.03884158669998169,5.278116802130514,0.8639145577303352
2604,250,227,209,True,True,209,0.04125755778438625,4.836191365370019,0.8369602050652981
2605,250,209,198,True,True,198,0.046464617731218585,4.8347897269370845,0.793326059834334
2606,250,207,198,True,True,198,0.033016749508679916,4.124290154451838,0.8470012796758281
2607,250,226,207,True,True,207,0.035566338851034905,3.6623671874172468,0.7939113233596884
2608,250,229,200,True,True,200,0.025503229127734745,3.079157967724928,0.7930400413877206
2609,250,212,198,True,True,198,0.03674557169974067,2.7605567500252914,0.806830957511415
2610,250,219,207,True,True,207,0.03460367422747734,2.284787887126359,0.8063803201120898
2611,250,231,208,True,True,208,0.04613474889290352,2.531844325377962,0.782251877109127
2612,250,229,216,True,True,216,0.03847006034433635,2.5182937709315207,0.7862209683890118
2613,250,232,221,True,True,221,0.03734898089883584,2.2397846027414605,0.9135765773388663
2614,250,230,212,True,True,212,0.04225946051341658,1.5535589291216108,0.852650544821088
2615,250,237,210,True,True,210,0.036931431432841666,1.7125927992803083,0.7787009432598998
2616,250,241,194,True,True,194,0.052687664853673453,2.435935983099721,0.9500862088275717
2617,248,235,203,True,True,203,0.055482267954627955,3.271715018618329,0.9612163463265333
2618,231,217,196,True,True,196,0.05072375262128241,2.888507164405732,0.8793366885731447
2619,250,221,197,True,True,197,0.04600598090356986,2.9218097984349845,0.8944802383582721
2620,250,217,188,True,True,188,0.0508025990007179,3.6496688417930305,0.9239383664487483
2621,250,205,174,True,True,174,0.048959476261854235,3.844232912930079,0.8822765675614046
2622,250,204,180,True,True,180,0.045547538414863906,4.571326645380732,0.8719693485948794
2623,250,202,177,True,True,177,0.04935981233941225,4.515584960789325,0.8483790977106437
2624,250,219,182,True,True,182,0.04787528716722511,4.0855518632147465,0.838121660995168
2625,250,229,190,True,True,190,0.0523678718093382,3.880783303210115,0.8688007789366154
2626,250,206,187,True,True,187,0.04653159591218987,3.9677599940729533,0.8776042767175675
2627,250,201,161,True,True,161,0.06372745271242768,4.166515719422189,0.8643206451872233
2628,250,183,158,True,True,158,0.042701822852512804,4.581869810791994,0.8403466353685964
2629,250,209,195,True,True,195,0.048399075871202415,4.88524995939202,0.7889813018624048
2630,250,197,179,True,True,179,0.045778210228626014,5.691838843043347,0.8898601133169186
2631,250,207,190,True,True,190,0.04009179470349427,5.8267954573808565,0.8351493665859449
2632,250,219,192,True,True,192,0.03628118348128121,5.1551992225941605,0.847669384386706
2633,250,232,222,True,True,222,0.039299541622265434,4.377125484389849,0.7847903043306786
2634,250,202,189,True,True,189,0.040598751890525635,3.746130225586431,0.7476624433874858
2635,250,218,191,True,True,191,0.03828041084566316,3.6667580477620505,0.8136541129075499
2636,250,235,197,True,True,197,0.04775706874226248,3.499377532106246,0.8302892501992947
2637,250,228,198,True,True,198,0.05310395992918464,3.5404466485495307,0.9007956251845042
2638,250,221,205,True,True,205,0.05419457826430795,4.098067064645548,0.9155941015832945
2639,183,169,141,True,True,141,0.05716658840857641,4.61727827935781,0.9241884193347668
2640,165,157,141,True,True,141,0.0573731935882233,4.7549465794731445,0.8536547729757971
2641,144,143,113,True,True,113,0.05954431009964417,4.6206466590457,0.8900335750794099
2642,116,116,104,True,True,104,0.060267431886352564,4.985998076701482,0.9670301361009531
2643,92,91,85,True,True,85,0.06442161634552218,5.548350717665136,0.9586276813736423
2644,95,90,75,True,True,75,0.06546048809638426,5.891396930244195,0.9895063377179099
2645,82,77,62,True,True,62,0.062064875891914326,5.270113410637352,0.8908801349123658
2646,76,75,71,True,True,71,0.06277636194536562,5.140970317739541,0.9598047084724741
2647,75,75,63,True,True,63,0.06175377206021799,4.974976989969178,0.930006407603528
2648,62,61,53,True,True,53,0.0580896250494798,4.214784572533902,1.0231218996964935
2649,50,47,37,True,True,37,0.06621615674827258,3.342645353045293,0.8170537330926775
2650,66,64,52,True,True,52,0.058448441423062956,3.6610755576709297,0.89211988838372
2651,74,71,55,True,True,55,0.06371878290456964,3.5214727476943963,0.9514753633425747
2652,77,73,61,True,True,61,0.06018494609571568,3.1982835991751335,0.9382912510012262
2653,72,65,58,True,True,58,0.057846036807411405,2.5245054329753964,1.0433694521031647
2654,96,82,72,True,True,72,0.056416047900630456,2.0516959106285424,0.9133320263294421
2655,96,72,65,True,True,65,0.054036827915612595,1.8225251364183463,0.9871525511733671
2656,103,77,70,True,True,70,0.054320272160513,2.6104800420792436,0.9458871984624715
2657,119,95,86,True,True,86,0.05342902899310691,3.933444835679312,0.8624432327214352
2658,89,74,65,True,True,65,0.04632051787471136,5.046255144689143,0.9186661424402528
2659,172,159,139,True,True,139,0.05179816807056659,6.016014574074278,0.9164148546711699
2660,155,144,126,True,True,126,0.047359226889619174,6.902533464430476,0.9186846266882248
2661,213,186,164,True,True,164,0.038979421097836885,7.146410748168997,0.8771597264379999
2662,217,195,158,True,True,158,0.04431840749438498,7.846435907754283,0.8778114980971085
2663,250,215,175,True,True,175,0.031775617655458645,8.251620087793185,0.8709990726788023
2664,250,234,189,True,True,189,0.023074763785965877,8.639062089775834,0.8875327180526243
2665,250,238,212,True,True,212,0.03188751217928675,8.795381687555786,0.9506904057461248
2666,250,238,194,True,True,194,0.01248575995991446,8.451145473637489,1.0296600705438894
2667,250,233,193,True,True,193,0.02156164833267978,8.7569885960628,0.8528995402650069
2668,241,223,183,True,True,183,0.026960835677489064,9.096162863455229,0.9957465585792655
2669,229,222,198,True,True,198,0.030168025999639334,8.447266099549381,0.873839869572571
2670,226,201,147,True,True,147,0.028986694737819375,8.28733139362851,0.954971598038096
2671,178,163,138,True,True,138,0.036379593266709684,8.385298410047566,0.9197323556016004
2672,211,201,156,True,True,156,0.03915506104433197,8.010574324767362,0.9418945899733625
2673,194,181,165,True,True,165,0.050540896139328086,8.20465556713646,0.9855053029672348
2674,199,195,159,True,True,159,0.04829103737038027,7.880139830630597,0.8236659628176269
2675,163,160,129,True,True,129,0.05039365877183308,7.118235646716327,0.8830863945924429
2676,162,161,135,True,True,135,0.05669515800057414,6.85902850426707,0.9118315877653103
2677,188,181,160,True,True,160,0.0578118113476576,6.333332687525708,0.9182199746701867
2678,199,193,165,True,True,165,0.060685427502069525,5.7080711053206,0.9313178273042422
2679,181,178,142,True,True,142,0.06385240233499792,4.957698983564464,0.8438843050729643
2680,195,188,151,True,True,151,0.07388550542322067,3.989343178910817,0.9515705924424839
2681,195,194,168,True,True,168,0.06955107336567923,3.1274514806815814,0.9449227514131036
2682,235,235,186,True,True,186,0.05911433930315646,2.684951835987323,0.9319394390708877
2683,240,240,214,True,True,214,0.05976159922458674,2.6006843303583294,0.980890895349503
2684,244,244,218,True,True,218,0.055047847017338634,2.7339811233676627,0.9168578492083245
2685,250,250,216,True,True,216,0.05702275485131068,2.3627272190686814,0.9723823447483522
2686,250,250,207,True,True,207,0.05738861691592252,1.961245845777119,0.9949812471934655
2687,250,250,196,True,True,196,0.05329844788615079,1.9136543474452663,0.907801698725967
2688,250,250,190,True,True,190,0.050722129780248586,1.7776050200155793,0.9325401073443392
2689,250,250,204,True,True,204,0.0560026020739447,1.3772661066854712,0.8674854008985113
2690,250,250,194,True,True,194,0.05587382656162352,1.332200265714533,0.8474234706024674
2691,250,250,217,True,True,217,0.060305149933167344,1.195291707922911,0.8326181594696841
2692,250,250,237,True,True,237,0.04986974361521844,0.8732774107363214,0.8142768913508374
2693,250,250,216,True,True,216,0.05157759215415649,1.3794950814696618,0.8477827106110001
2694,231,231,197,True,True,197,0.0443850962311928,2.098641348408247,0.933536944679064
2695,196,196,166,True,True,166,0.056463658056921856,2.939552118882843,0.9380502068346193
2696,174,174,129,True,True,129,0.03501163909562868,3.712100695373851,1.042200046587719
2697,165,165,128,True,True,128,0.05173072681578436,3.836940098588579,1.0402009688014737
2698,117,117,89,True,True,89,0.055202772128830936,4.6750457619215595,1.0083466373376992
2699,92,92,80,True,True,80,0.054058648438048806,4.055510683664247,0.8501808596896654
2700,70,70,60,True,True,60,0.04178519237674569,3.7532520764082773,0.9380460020913935
2701,73,73,61,True,True,61,0.024797596285799993,3.5394727981945264,0.8814309270838989
2702,88,88,81,True,True,81,0.03345265894433256,2.8682398896057917,1.019395795409481
2703,88,88,79,True,True,79,0.039270293493634825,2.5037452690947317,0.9435481319911503
2704,72,72,59,True,True,59,0.04859698402459909,2.837750207726381,0.8925008603983614
2705,67,67,55,True,True,55,0.04987951420003017,3.4584229213143827,0.8476068199575129
2706,68,68,55,True,True,55,0.039717464068220625,3.4619435988079807,1.0361329409909696
2707,85,85,80,True,True,80,0.04535473298631759,3.6531514558671403,0.9566954908718307
2708,95,95,85,True,True,85,0.05194174670805346,4.118049865289138,0.8191666808895138
2709,105,105,87,True,True,87,0.052246966230648235,3.8948546732948506,0.8040214843799948
2710,85,85,63,True,True,63,0.04275186298137335,4.266641803905095,0.8756584406832196
2711,98,98,80,True,True,80,0.05007085983621081,4.721289698987119,0.9190231875689149
2712,80,80,61,True,True,61,0.05440601060350205,4.636362345672637,0.9300054189030134
2713,112,112,87,True,True,87,0.059920174420870644,4.7158895836663755,0.9569419715586789
2714,109,94,75,True,True,75,0.06295680188646635,4.6427005359226845,0.8654743188594143
2715,70,70,56,True,True,56,0.061770028079117245,4.886293269385836,0.8889220719847567
2716,65,65,60,True,True,60,0.06739707678478013,4.378402715960212,0.8737994210722193
2717,82,82,67,True,True,67,0.05493278896525878,4.677429697130791,0.8079928576939792
2718,81,81,71,True,True,71,0.06408736100390723,4.505920711331102,0.8808908660022257
2719,90,90,73,True,True,73,0.06682231588412087,4.72097826066462,0.8122763401489754
2720,120,120,102,True,True,102,0.05667290666557595,4.448564779814027,0.9377169296873804
2721,135,134,111,True,True,111,0.06893057643995032,4.6326592202202646,0.9687298929983715
2722,159,159,139,True,True,139,0.05798369418414578,4.395246839075006,0.9375593328408658
2723,183,183,157,True,True,157,0.05481124884134786,4.108237344376731,0.9249162167506768
2724,228,228,179,True,True,179,0.055897987112776264,2.9981949806288015,0.941847138488972
2725,250,250,238,True,True,238,0.058418182340015404,2.994810339523854,0.8252363867684196
2726,250,250,232,True,True,232,0.055374155833547094,3.358901449345199,0.7538342659471958
2727,250,250,231,True,True,231,0.04766419835744945,3.747219586207369,0.751057734587186
2728,250,250,229,True,True,229,0.05097867166379808,3.8886965242396827,0.8770071426695675
2729,250,250,223,True,True,223,0.05833656851497451,4.333110058482939,0.8878262804830219
2730,250,250,197,True,True,197,0.06747755557101946,4.743465178888496,0.9296417117888425
2731,247,247,204,True,True,204,0.05748265053609841,5.003939796686905,0.9550818088300385
2732,213,213,175,True,True,175,0.057245552153091385,4.712897178326643,0.9364981113623075
2733,184,180,147,True,True,147,0.05980619169629397,4.433699427177051,1.0319901623283758
2734,148,145,115,True,True,115,0.07064865334610416,3.344696162227387,0.8987615687646405
2735,125,122,101,True,True,101,0.06552554360032462,2.730086911655782,0.8594589304129068
2736,108,108,90,True,True,90,0.06577923078963298,2.476200325242963,0.9888627631201815
2737,106,106,92,True,True,92,0.07181960155813087,2.466263280427312,0.8443153474175327
2738,108,108,95,True,True,95,0.06267010405394144,2.5964466615127773,0.8379140818211932
2739,105,105,91,True,True,91,0.07269235215516984,2.6154086663830185,0.8992169847977957
2740,101,101,89,True,True,89,0.0754705527897419,3.1016061554443013,0.8110091705013488
2741,98,98,82,True,True,82,0.07254242063945192,3.8634648311359676,0.8683782921338042
2742,94,94,82,True,True,82,0.07255553044321851,4.451468936351637,0.9514936854630053
2743,99,99,94,True,True,94,0.07156719577077136,3.690746100699727,0.8820212352428666
2744,103,103,95,True,True,95,0.06555716462093784,2.7604810304365475,0.8806765505248555
2745,127,126,116,True,True,116,0.06576722684671563,3.2118037893190032,0.8346806245558637
2746,136,134,116,True,True,116,0.06381804959437157,3.327861777647772,0.9178230935008743
2747,128,120,105,True,True,105,0.05890364815992423,2.6077262713855403,0.9762184693958368
2748,92,85,71,True,True,71,0.04746102132763769,2.5019061357257013,0.9725143257657338
2749,142,132,116,True,True,116,0.05393734074771355,2.457335447057535,0.8625378193759873
2750,140,121,105,True,True,105,0.06267219849605035,1.6287604438198486,0.8670178294433794
2751,159,138,118,True,True,118,0.05800882644373724,2.1017281912553973,0.9104397707592184
2752,185,160,132,True,True,132,0.06048006669895926,1.7442358735398487,0.8545779629498873
2753,240,204,182,True,True,182,0.06405929947041178,1.24556169611885,0.9481929080433068
2754,250,192,176,True,True,176,0.07197536824621785,1.0038990332346651,0.9342167062244255
2755,250,210,191,True,True,191,0.07564911466379183,0.6410131676313557,0.9029198488148973
2756,250,203,180,True,True,180,0.07063708953697967,0.8861496716670919,0.7678198465531868
2757,250,225,196,True,True,196,0.057325210990086056,1.0502987833778676,0.8065608999197151
2758,250,228,217,True,True,217,0.059592589121038396,1.1385152348671963,0.9033466750994343
2759,250,241,217,True,True,217,0.06302454906240075,0.6633367408855545,0.9009139509981317
2760,250,240,198,True,True,198,0.06366363470766491,0.7222709248773909,0.871319389393973
2761,250,244,224,True,True,224,0.06708946603588027,0.8820088037007434,0.8545575063330825
2762,250,248,217,True,True,217,0.06391210603926237,0.9958135845032924,0.8837379211348025
2763,250,247,213,True,True,213,0.06627924129908329,1.1428430433690902,0.8559524467706814
2764,250,250,228,True,True,228,0.0642116615440826,1.1738881435508892,0.8352609107024443
2765,217,217,202,True,True,202,0.06268554177754679,1.4756215311298717,0.8356955050518753
2766,198,198,179,True,True,179,0.05065137091329046,1.0545206933798903,0.8759789667916538
2767,236,234,186,True,True,186,0.06182073577398681,1.0696421506548084,0.9480315676955074
2768,211,211,181,True,True,181,0.06347340737629442,1.4444391161018018,0.9015549317874821
2769,228,228,214,True,True,214,0.049298577555402893,1.8762005176998875,0.8460601243497871
2770,250,250,223,True,True,223,0.054323075797613946,1.9012887623309056,0.8703676386191751
2771,250,250,240,True,True,240,0.05816582012241184,1.3559836836388302,0.8796876739492655
2772,250,250,234,True,True,234,0.05306000754473216,0.8593328588582794,0.7791619325438277
2773,250,250,236,True,True,236,0.05084839287862837,0.5829340534011942,0.6863697057829088
2774,250,250,243,True,True,243,0.06513278945853561,0.6815794593131453,0.7715147071086806
2775,250,249,240,True,True,240,0.058312784477791715,0.7849317612648177,0.7821689607768147
2776,250,239,230,True,True,230,0.06231746296424323,1.41839686181343,0.7680107920690724
2777,250,225,194,True,True,194,0.047679488685248274,0.878719537058059,0.7300038318750661
2778,250,221,218,True,True,218,0.05913251162931111,0.4346802885482781,0.7085533799119081
2779,250,219,205,True,True,205,0.053170562067969454,0.3596470146846974,0.6262673767505829
2780,250,214,204,True,True,204,0.060395174864461346,0.8348523026135489,0.859196346992011
2781,250,219,193,True,True,193,0.06186839324152107,1.1653322204855305,0.8459250238860565
2782,250,217,200,True,True,200,0.06166904826269021,1.18908266044274,0.8383072994080697
2783,250,227,195,True,True,195,0.060499608486291365,1.1478462896042212,0.8164110960215792
2784,250,208,190,True,True,190,0.06443977068902992,1.3194141746920574,0.8830946772014509
2785,250,215,207,True,True,207,0.06440690135646353,1.4966717544535502,0.8894283752009071
2786,250,221,196,True,True,196,0.06758979785158173,1.5724915936479404,0.8320952608506252
2787,250,211,198,True,True,198,0.06407613091645202,1.3958171385515281,0.8505548267305137
2788,250,218,188,True,True,188,0.054945857326967926,1.053468827857371,0.8530764164080159
2789,250,222,191,True,True,191,0.06624061501266551,1.0864952604460896,0.8918937077498806
2790,250,218,210,True,True,210,0.056983445679082395,0.5630877683235188,0.7971398038870386
2791,250,220,199,True,True,199,0.06153957824141456,0.9674493644409148,0.7494387509447574
2792,250,213,201,True,True,201,0.06194519294161766,0.9440433752850024,0.7848077633643107
2793,250,227,211,True,True,211,0.06691969496109776,1.060598558809291,0.7346521628715924
2794,250,229,215,True,True,215,0.06423696785694719,1.0770035909307625,0.8449527808232724
2795,250,235,224,True,True,224,0.05713069925786647,1.2005293417071652,0.7837745497972618
2796,250,232,218,True,True,218,0.06247858741513737,1.2361709431597843,0.8698701353406981
2797,250,233,204,True,True,204,0.059828934960209024,2.0287979594086707,0.8522246413496465
2798,250,224,214,True,True,214,0.06346817780175436,2.6925334803056384,0.8525904513114244
2799,250,219,211,True,True,211,0.04683292931635942,2.660367093420341,0.8760050546811223
2800,250,221,205,True,True,205,0.04761420643082112,2.7863958048487754,0.8497231308409113
2801,250,223,202,True,True,202,0.043135210766307365,3.308834589861928,0.7880661223777479
2802,250,220,214,True,True,214,0.047914171958481584,3.6107137950398123,0.8615814150550406
2803,250,220,202,True,True,202,0.04744057605702126,4.550826467835968,0.8488912611862144
2804,250,228,201,True,True,201,0.04866543342130033,5.396223755636899,0.8312716599730359
2805,250,230,219,True,True,219,0.04723655368947465,6.312404145501804,0.8548930603904384
2806,250,232,205,True,True,205,0.04546954653332017,7.001480349651531,0.7708382028056715
2807,250,241,224,True,True,224,0.04478230519274488,7.558885350013524,0.8047586565171744
2808,250,250,209,True,True,209,0.05154818051517706,8.208333381767225,0.9083284960795617
2809,250,246,218,True,True,218,0.039912594984256776,8.280726671278758,0.7996191884406428
2810,250,245,219,True,True,219,0.047795148672243375,7.753313937673995,0.8121938210434962
2811,250,249,206,True,True,206,0.05281380535823389,7.943179234536799,0.7874615165664207
2812,250,241,208,True,True,208,0.050413627262514464,7.437004620593279,0.840123296213453
2813,250,250,208,True,True,208,0.046838809710660866,7.072871249199471,0.8719297592205894
2814,250,240,202,True,True,202,0.053056100022366756,6.684650954262268,0.8780136161027791
2815,250,194,163,True,True,163,0.0581170476095139,6.423925539816477,0.8997699686625262
2816,249,220,184,True,True,184,0.05558614167735893,5.306889977502568,0.899046430075027
2817,250,220,206,True,True,206,0.06435712319287211,4.521272778989531,0.869881975049452
2818,250,194,164,True,True,164,0.06078615233291755,3.607578576996916,0.7285055335142944
2819,250,216,191,True,True,191,0.056095260975505525,3.362761711237081,0.7818615141664773
2820,250,233,213,True,True,213,0.057967826884339026,3.245849659004965,0.8175053412213619
2821,250,241,218,True,True,218,0.054645960440577644,3.352945831336775,0.7835984950972865
2822,250,239,219,True,True,219,0.054534543081184404,2.9022294688904307,0.8407124437222149
2823,250,243,222,True,True,222,0.05530771143349975,3.1190194187163054,0.8230268007599013
2824,250,248,236,True,True,236,0.0491675797089717,3.244721706999884,0.8135656709409325
2825,250,248,222,True,True,222,0.04638100235081098,2.7728700903176757,0.823280460740012
2826,250,250,235,True,True,235,0.04950890837994137,2.530003276944215,0.8320384394785681
2827,250,250,216,True,True,216,0.05036041798002241,2.326033271342656,0.8209956426499877
2828,250,250,236,True,True,236,0.04997154156051784,2.131952929524552,0.8839256345929708
2829,250,250,225,True,True,225,0.05886844662522702,2.113484801476117,0.7536841645699107
2830,250,250,225,True,True,225,0.052142464113058465,2.3453799477309647,0.82223990427073
2831,240,240,211,True,True,211,0.04987825550052556,2.7280445093489325,0.8612038111097469
2832,250,249,214,True,True,214,0.055172151991944966,3.0268293048750587,0.8693693517921888
2833,236,235,205,True,True,205,0.04766631902843943,3.3654748971486708,0.9011397537676218
2834,207,207,179,True,True,179,0.06058833579841649,3.5239628236312006,0.9682665743960693
2835,250,250,215,True,True,215,0.05122940720520373,3.409193173066729,0.8788252022543005
2836,231,228,186,True,True,186,0.05563654059641364,3.78796767878576,0.9167879892434146
2837,250,249,224,True,True,224,0.05621146731457911,3.6502165621519658,0.8028578028316716
2838,241,241,213,True,True,213,0.04311143754342116,3.0037315595522576,0.8412740705732266
2839,248,248,220,True,True,220,0.054644277265563514,3.4986024159528464,0.913796114292461
2840,250,250,218,True,True,218,0.046538991678835066,3.296421135006843,0.8165315419030347
2841,250,250,212,True,True,212,0.06668699346212045,3.1964875139790063,0.9127403661505362
2842,250,250,236,True,True,236,0.053278588009827224,4.007300644741855,0.8319870534993998
2843,239,239,223,True,True,223,0.058397450542800135,4.346310620852204,0.8976687756111831
2844,250,250,226,True,True,226,0.05882462784476471,5.050759310362523,0.8631557201569133
2845,250,250,204,True,True,204,0.05114076048798892,4.891167803679972,0.8137937338025929
2846,250,250,222,True,True,222,0.05164438073336493,4.922973080118809,0.879335148524192
2847,250,250,218,True,True,218,0.05423983324682268,5.159549388052453,0.856520267034995
2848,250,250,226,True,True,226,0.05633446385534542,4.6645423847506144,0.8493374255435672
2849,250,247,228,True,True,228,0.05695917825946532,4.133208026509012,0.8008459920642437
2850,250,245,210,True,True,210,0.05190797302288567,4.06004193186958,0.8064841485465809
2851,250,236,198,True,True,198,0.052219626853900664,3.57901966710034,0.8048186159434577
2852,250,235,207,True,True,207,0.05511625912889265,2.9666786863163033,0.7879979199522413
2853,250,242,207,True,True,207,0.05030609732177838,2.413053491434091,0.780460217227893
2854,250,238,216,True,True,216,0.04938443720166182,2.556682842671166,0.7241659428483026
2855,250,236,213,True,True,213,0.04849158531094136,2.8003155077459416,0.8549657546163018
2856,250,235,220,True,True,220,0.05033272585271256,2.4887390696578673,0.7375014286650248
2857,250,239,223,True,True,223,0.04606576204476044,2.92210114860418,0.7821578617036314
2858,250,238,212,True,True,212,0.0478421293183593,3.06335978979534,0.8014240454721876
2859,250,248,235,True,True,235,0.046563088022321675,3.156751978488358,0.7675782546477125
2860,250,247,227,True,True,227,0.04662015166811043,3.0634186573370163,0.8478772556681908
2861,250,246,223,True,True,223,0.05313231634193189,3.126440964432931,0.800924158013063
2862,250,244,219,True,True,219,0.05264194392197928,3.4682794610087124,0.834113488521238
2863,250,245,221,True,True,221,0.050084257394735654,3.5961666234282137,0.8633873518951578
2864,250,240,224,True,True,224,0.05172708122444302,3.5700300010404247,0.7911452438876513
2865,250,244,210,True,True,210,0.05058877835365546,3.6406228860887206,0.85727252011932
2866,250,243,226,True,True,226,0.04768549541534808,3.573082117736488,0.8226340026738406
2867,250,250,228,True,True,228,0.048165905624626054,4.334421452282423,0.8552638485001414
2868,250,249,220,True,True,220,0.046628827720250066,4.21478793121668,0.8597335354669914
2869,250,250,234,True,True,234,0.04578348078586221,4.665416730730437,0.878843566828908
2870,250,250,225,True,True,225,0.046036193358442834,4.941473036494641,0.8341762858772482
2871,233,233,191,True,True,191,0.0515071500288786,4.918214823593451,0.9291965963319837
2872,238,236,216,True,True,216,0.044981295780797195,4.876769840865603,0.8940263896399169
2873,250,250,210,True,True,210,0.04483612428409991,4.044970401642236,0.8423804275324517
2874,250,250,231,True,True,231,0.046809971460660495,3.228941406320806,0.8533843285808492
2875,250,250,228,True,True,228,0.04301971637871138,2.484974500877379,0.8653947641842811
2876,250,248,225,True,True,225,0.039779881382098196,3.260848801290146,0.8472268657270957
2877,250,246,225,True,True,225,0.03744792955755497,4.582551438072968,0.8936796687624372
2878,250,248,230,True,True,230,0.036266706442311926,3.988850120754353,0.9069036742668434
2879,250,247,224,True,True,224,0.03396582997469709,4.0979923244509,0.8288247127003664
2880,250,247,208,True,True,208,0.029683097483949813,4.658088037646067,0.9119212257164787
2881,250,250,221,True,True,221,0.031090825207662973,5.276799314390483,0.9457502457858297
2882,250,249,223,True,True,223,0.03335274786472953,5.6249899548701805,0.9055753745522246
2883,250,239,200,True,True,200,0.03408793947069983,5.565684510378545,0.9069361265363176
2884,243,241,180,True,True,180,0.02654771273954283,5.805173874661222,0.9594771765894218
2885,218,218,185,True,True,185,0.029425910623126522,6.038425051098987,0.9658183228624543
2886,200,200,169,True,True,169,0.030751716255759773,6.663549626863784,0.970717004629648
2887,138,138,107,True,True,107,0.033293334872500704,6.977662838086108,0.88692189535248
2888,144,143,123,True,True,123,0.03159015393654693,6.101986050772435,0.9367326123732421
2889,148,145,124,True,True,124,0.03977925036116013,5.504968188077485,0.8395817887047529
2890,167,167,155,True,True,155,0.03637319305870548,5.16049524536201,0.8266030632618736
2891,152,152,137,True,True,137,0.039820924262018886,5.4588264514676395,0.8658358343120665
2892,140,138,115,True,True,115,0.04001798736068917,5.414297760261616,0.7026323967858197
2893,135,134,124,True,True,124,0.04995889142703516,5.218348557805767,0.8121616953388611
2894,144,144,121,True,True,121,0.04889757673655184,4.971833225368901,0.8409128696572341
2895,102,102,87,True,True,87,0.056155615626485675,4.945093013646049,0.8247140210728096
2896,87,87,78,True,True,78,0.05449290523581166,4.441965493893355,0.8196514431208273
2897,100,99,92,True,True,92,0.053459424230046106,4.206969431395663,0.7999166694538625
2898,96,96,87,True,True,87,0.055155833001698004,4.09245208472154,0.7664385438009691
2899,118,113,96,True,True,96,0.052967837616848076,3.5449537293414535,0.7964329174505459
2900,109,103,89,True,True,89,0.0544877290692242,3.561781725200926,0.8082753146612649
2901,87,83,73,True,True,73,0.05705601255200346,3.532641280786053,0.9590733004580986
2902,120,120,108,True,True,108,0.052108223318109444,3.0193140741699946,0.892037041794229
2903,145,144,127,True,True,127,0.053015929646833666,2.3580146068007113,0.849850891811356
2904,122,118,103,True,True,103,0.05279048127860038,2.5014241511979587,0.8370033859008553
2905,125,118,108,True,True,108,0.05033575558577885,2.6352529803784286,0.8708310626573136
2906,176,160,145,True,True,145,0.048332106362853455,2.420014563725578,0.7921874575960249
2907,173,159,150,True,True,150,0.043026625887340124,2.3117935919351025,0.8295609767099483
2908,165,159,145,True,True,145,0.04078097692177244,2.323643949367433,0.8028949208216252
2909,194,190,182,True,True,182,0.04181000021340284,2.9373391762588548,0.7937747617661919
2910,184,184,176,True,True,176,0.0399680258573478,3.475511365754819,0.8225712657653379
2911,140,138,122,True,True,122,0.038534098677082775,3.4738209276181835,0.8520341425593784
2912,140,132,119,True,True,119,0.04076698201951325,3.4360764872238385,0.8128849994944157
2913,136,136,121,True,True,121,0.03756537963660951,3.242337563032551,0.7279631270834052
2914,113,103,92,True,True,92,0.03995347797530891,3.522575386105929,0.7656116982959196
2915,95,89,79,True,True,79,0.03898228991169992,4.2349102235537535,0.7596884163687332
2916,65,63,57,True,True,57,0.04983380956047,4.729788171495206,0.8156475897334039
2917,81,80,72,True,True,72,0.05071096536900796,4.368409294186479,0.6889942923577778
2918,86,85,78,True,True,78,0.05188065007850304,4.676399030098774,0.736275294471065
2919,86,86,83,True,True,83,0.055791630718468245,4.076861208990294,0.7655476534021946
2920,68,68,65,True,True,65,0.05869588582765785,4.021331422015176,0.8938400654677309
2921,81,81,76,True,True,76,0.05863207516497635,4.470542897961963,0.8149318161631627
2922,86,86,72,True,True,72,0.05386431350080325,4.618109722549708,0.858805923312344
2923,87,87,69,True,True,69,0.06015212544523565,5.412276902328166,0.852818347855125
2924,87,87,68,True,True,68,0.06866868818250017,4.817108535466562,0.9124882896952673
2925,86,82,70,True,True,70,0.05481323535880464,5.210155938341556,0.9583909264325047
2926,73,70,62,True,True,62,0.05817301789111029,5.026758998322956,0.9565193258513065
2927,88,84,70,True,True,70,0.056824191496909066,4.224248215104553,0.8355109703621134
2928,119,116,102,True,True,102,0.05538549782134424,3.59460957641316,0.9547623804652099
2929,164,158,130,True,True,130,0.055761495581501945,3.191031064401628,0.8650697251392183
2930,211,204,149,True,True,149,0.04998530209724194,3.203213497812008,0.8344268749929022
2931,170,158,126,True,True,126,0.04927717433873656,2.8735078946626347,0.9358280023437598
2932,158,139,105,True,True,105,0.04767783014411049,2.7043563630124514,0.8927630719205775
2933,188,150,130,True,True,130,0.043293594197847486,1.951950212658274,0.8855807206173293
2934,159,122,102,True,True,102,0.04490252544062901,2.0520460528545006,0.8789223944252882
2935,160,120,109,True,True,109,0.04582663695406998,2.0509188720358917,0.8469261709422854
2936,159,129,122,True,True,122,0.044468169046616546,1.8342860886643761,0.8741496949970752
2937,158,134,126,True,True,126,0.04197130091865948,1.6377469203725812,0.8570658794425176
2938,160,135,124,True,True,124,0.04044457517455191,2.0283475979670818,0.889301900886822
2939,166,151,142,True,True,142,0.04714256452740829,2.005171910996208,0.8806167297528564
2940,150,134,120,True,True,120,0.046550919013320015,1.966213571068605,0.8807162358980676
2941,149,137,119,True,True,119,0.04466708775636875,1.9330288173993793,0.9293019814174361
2942,132,118,107,True,True,107,0.052748274047391776,1.8717285358199682,0.8589142395101265
2943,106,101,88,True,True,88,0.050379257560393256,2.4500177278031505,0.8912123662201553
2944,78,78,73,True,True,73,0.056691125076196454,3.405444093047389,0.8360042974238026
2945,113,112,95,True,True,95,0.046601463502952266,3.922239027759178,0.8392964286622392
2946,125,125,113,True,True,113,0.05399286324694891,4.041968196552582,0.9175616724091364
2947,141,141,125,True,True,125,0.06056017975988195,4.405297443830199,0.8512446968435151
2948,145,145,123,True,True,123,0.06139125753458941,4.221367941271299,0.8772812071941527
2949,122,118,101,True,True,101,0.057839957033386374,4.895572510074747,0.7943560795822247
2950,121,117,104,True,True,104,0.058458656395626446,4.404036660856222,0.8555655553272454
2951,98,98,81,True,True,81,0.0631812594259562,4.305816378124369,0.945357166859436
2952,104,100,82,True,True,82,0.07408445392336271,4.330569476473821,0.9190791369659478
2953,87,82,73,True,True,73,0.06758633967656331,4.540428003474758,0.8934791430614919
2954,129,128,111,True,True,111,0.05189390308306461,5.040664604610632,0.913528531461134
2955,146,146,125,True,True,125,0.06672646163236302,4.567608585970126,0.9569430261367802
2956,147,146,136,True,True,136,0.04656240612254821,4.656571822786804,0.8357798217344193
2957,153,152,134,True,True,134,0.07952151855596537,4.739424573028126,0.8885298362885732
2958,152,151,137,True,True,137,0.05144068746672018,4.584139660090804,0.8937164822246283
2959,157,157,148,True,True,148,0.04875976663021346,4.514175219681379,0.8714640382682637
2960,204,204,185,True,True,185,0.05918089816738362,3.7639242653880864,0.764645925661569
2961,189,189,179,True,True,179,0.04721399990974071,3.610751671004249,0.7314726316460859
2962,205,205,192,True,True,192,0.044017695526808946,2.859604283491846,0.8658543199982561
2963,183,183,172,True,True,172,0.04862349345505966,3.143471616745421,0.8523259394062346
2964,210,203,188,True,True,188,0.04532447496949622,3.112158438495396,0.8371236335666068
2965,225,221,206,True,True,206,0.04796995090333325,3.0344827541608073,0.8339820488645721
2966,250,244,203,True,True,203,0.04140359992147381,2.724477506391494,0.9172395276812111
2967,250,250,209,True,True,209,0.05033080254044964,2.7202308713378165,0.9294633017345397
2968,250,248,223,True,True,223,0.03552566596192615,2.6198179785241673,0.847146579836461
2969,250,226,198,True,True,198,0.038165266117906625,2.8282158304910436,0.8700492162691948
2970,250,222,209,True,True,209,0.04197782294892277,2.4571812919268816,0.9475122819951505
2971,250,236,213,True,True,213,0.04375942410413142,2.6965933965236735,0.8913795383783619
2972,226,192,165,True,True,165,0.03979179150680226,3.002506787206912,0.8442567330842398
2973,208,183,164,True,True,164,0.042144559614880825,3.786598903129552,0.8772076103099355
2974,199,197,168,True,True,168,0.04586732715031711,3.6366553784196483,0.930132341585995
2975,178,169,140,True,True,140,0.05446397667648025,3.3253152620762916,0.9049315832809852
2976,181,176,148,True,True,148,0.05658472798621003,3.506062701775882,0.8863880567614066
2977,200,199,179,True,True,179,0.04247624472508444,3.1071827901792415,0.8927986667146398
2978,250,228,203,True,True,203,0.04403410355705448,2.916472974213329,0.7528136264767271
2979,250,198,181,True,True,181,0.04203842698891787,3.153200574516046,0.7485866604727666
2980,250,197,176,True,True,176,0.04367841016511687,3.6535860244620575,0.870337907834991
2981,250,202,168,True,True,168,0.043867899973004,3.297925156592217,0.8199029284147681
2982,238,194,175,True,True,175,0.03815660889383559,3.235083968086626,0.8949703664944595
2983,250,203,175,True,True,175,0.04775934306622821,2.177910465489166,0.767872689978175
2984,212,169,152,True,True,152,0.04364539837767609,1.8704065694952725,0.7397704456645361
2985,202,177,152,True,True,152,0.042958925260823976,1.0504161160115673,0.9519677613505766
2986,236,227,203,True,True,203,0.047813391516097876,1.3312253971506667,0.9230181391892635
2987,232,232,199,True,True,199,0.04984041567910965,1.6518707424119805,0.896700533386441
2988,241,238,213,True,True,213,0.04882106842374516,1.8886837295308028,0.7657861713729694
2989,246,246,210,True,True,210,0.04347402188705565,2.097270693001376,0.7213596382288259
2990,243,240,195,True,True,195,0.0495692454631982,2.1764757755231687,0.7286708931822388
2991,218,217,190,True,True,190,0.0501998084127125,2.1633570315712767,0.7276313255414131
2992,242,238,208,True,True,208,0.044721980061259006,2.2987052779182395,0.9086484432146997
2993,250,249,226,True,True,226,0.05093418979121265,2.6502876021250135,0.9143245445814663
2994,250,249,227,True,True,227,0.05126573789108047,2.5008690668896336,0.8265480812437183
2995,250,249,213,True,True,213,0.04956991936257075,2.5153712969062583,0.7943828277841823
2996,250,250,235,True,True,235,0.05328755660080484,2.1896099621986913,0.8187963721311222
2997,250,250,228,True,True,228,0.06305819631337772,1.8920069318821227,0.7558697656952664
2998,250,250,231,True,True,231,0.05359459550951186,2.399909254708611,0.7987737272590099
2999,250,248,208,True,True,208,0.052435217532875014,3.0197867938074974,0.8173405698535785
3000,250,247,223,True,True,223,0.05324653457059101,2.7113917111150236,0.7504213386992138
3001,250,242,197,True,True,197,0.05921501755650027,2.1613646412946776,0.7429306135470338
3002,250,244,196,True,True,196,0.0487572744965827,2.3150418005195594,0.8052912575668223
3003,250,247,213,True,True,213,0.04959182877762014,2.5494627388326543,0.7416545243438636
3004,250,246,198,True,True,198,0.054864783106019686,2.977018882330999,0.7831469265812887
3005,250,247,214,True,True,214,0.04955665578800139,3.0926148179264046,0.7986099394800948
3006,250,248,226,True,True,226,0.04539240547712102,3.1639782168711847,0.8061279538373014
3007,250,242,191,True,True,191,0.05470945233587118,4.253482784415633,0.8009391394053118
3008,250,247,215,True,True,215,0.04337949887309471,4.27508173893862,0.8540539048027034
3009,250,250,221,True,True,221,0.04849910938444689,3.821534516310428,0.8278613365200026
3010,250,250,220,True,True,220,0.03447889488370935,4.43262487038376,0.959551280960313
3011,250,250,234,True,True,234,0.0437987369741255,4.9407264508959585,0.8392488984838767
3012,250,250,231,True,True,231,0.043870027384845696,4.6308717738295355,0.8875960423179521
3013,250,250,233,True,True,233,0.03831005005381381,4.243786648899443,0.9091146338625797
3014,250,249,220,True,True,220,0.04706980289995452,3.7021356714831812,0.8174845336968986
3015,250,250,203,True,True,203,0.04159622460254488,3.4512397364514498,0.9413579677243299
3016,249,249,213,True,True,213,0.04140089801812818,2.9452757120803232,0.8425312906698471
3017,250,250,236,True,True,236,0.051086615870303075,2.080501035685168,0.8811419878070361
3018,148,148,133,True,True,133,0.04365004505420579,1.5984997815092432,0.9233091302322344
3019,158,158,143,True,True,143,0.04025082093140242,1.9819624177787019,0.9124998612658944
3020,168,168,154,True,True,154,0.05108948729481384,2.4621025176515827,0.8942410906898692
3021,184,184,175,True,True,175,0.048979123074235034,1.5768835927186677,0.9692868311671218
3022,206,206,182,True,True,182,0.052644573165155084,1.5893619148309142,0.9587028980703091
3023,189,189,164,True,True,164,0.0442995267961676,2.0910923800452412,0.8958378857288705
3024,185,185,154,True,True,154,0.05942515462559867,1.6078912852056932,0.9167385876922746
3025,216,215,196,True,True,196,0.039990264970219076,1.5771169008094525,0.9720901397119291
3026,148,147,130,True,True,130,0.05107259940193366,0.867455680102187,0.7856507010742426
3027,172,172,153,True,True,153,0.04373546047802974,0.2536477359466487,0.7061038980029303
3028,198,197,163,True,True,163,0.04701534804595557,0.4384700794282134,0.8631422926975145
3029,195,195,175,True,True,175,0.04213413769602308,0.3400083959289157,0.7180643162512645
3030,174,173,147,True,True,147,0.049929803745983846,0.7592013921623169,0.7569690389954367
3031,176,176,148,True,True,148,0.056653621236455017,0.8110632037038856,0.823721579980287
3032,201,201,183,True,True,183,0.05372654151106099,0.5910370268703259,0.7772456127263644
3033,218,218,185,True,True,185,0.0441651683874962,0.5782036755756907,0.7781790079424675
3034,163,159,133,True,True,133,0.05241273041598687,0.728721273178802,0.8885384286929828
3035,201,184,153,True,True,153,0.05137042559858444,1.466203767730383,0.8716885328384775
3036,145,145,125,True,True,125,0.06908306566891288,2.8685918168010467,0.9184069912685301
3037,150,150,129,True,True,129,0.058474070314398094,3.2913978976102403,0.8908443513968871
3038,159,159,146,True,True,146,0.06670502623925136,3.866791305927656,0.9019174967922191
3039,167,167,145,True,True,145,0.06656942833325967,4.0675626657027255,0.8596231049807623
3040,163,163,147,True,True,147,0.0695926238901745,4.336081344699505,0.8408208564783811
3041,157,157,135,True,True,135,0.06298458889766881,4.656287762086238,0.8988994604026126
3042,179,179,158,True,True,158,0.0626627530429725,4.586803769707243,0.8653199964454178
3043,159,159,140,True,True,140,0.06065653162016144,4.525946466713602,0.8899979198837483
3044,181,181,164,True,True,164,0.06114219298961134,4.743389364282928,0.9435933230857332
3045,168,168,143,True,True,143,0.05936161097878347,4.847937485825996,0.9362995787206412
3046,190,186,161,True,True,161,0.05823734675571201,4.797007501857124,0.9528827914873811
3047,178,177,168,True,True,168,0.05982319995764171,4.519591057372699,0.9610938456142701
3048,211,199,149,True,True,149,0.06692518428000456,3.915601161041675,0.8888680762684491
3049,205,190,155,True,True,155,0.06613304614945739,3.6777110410239198,0.8618340890782172
3050,193,182,149,True,True,149,0.06515601986381182,3.212934211599009,0.9157015906325459
3051,204,197,165,True,True,165,0.06465710313961408,2.9924817633709817,0.9089943354990075
3052,250,244,199,True,True,199,0.06324602972014014,3.025664843891807,0.9535857487178745
3053,246,231,179,True,True,179,0.061284613673426254,2.7929682249115735,0.9891964810791869
3054,231,207,166,True,True,166,0.06117465274941374,2.556143023732469,0.9175930366691516
3055,205,180,153,True,True,153,0.06075396152655322,1.9529701890589286,0.9452930170352956
3056,210,184,150,True,True,150,0.05875066308711608,1.8399069039936569,0.9083599124084304
3057,194,170,146,True,True,146,0.061850559298370154,1.7870151572485586,0.9381641966598829
3058,155,120,99,True,True,99,0.05978750222151271,1.7170674855196242,0.8573858917249269
3059,150,129,100,True,True,100,0.059990458066238726,1.6845213071868637,1.0150985996479518
3060,142,116,100,True,True,100,0.06158768754540007,1.5726755750797177,0.9468075860398093
3061,138,110,95,True,True,95,0.058585367857813694,1.3444965421244783,0.9114826142264316
3062,131,112,98,True,True,98,0.05171338441115339,1.6727608816926438,0.9658011665511333
3063,116,89,75,True,True,75,0.05436324960991604,1.4271977578047248,1.0018964769332275
3064,132,103,80,True,True,80,0.058502527818425944,1.5034131609347154,1.0014368791180746
3065,138,99,83,True,True,83,0.046615999136437256,1.6090054715410245,0.9944336948427516
3066,115,93,74,True,True,74,0.05349144125495364,1.8141835206400734,0.9492608405290978
3067,109,71,59,True,True,59,0.045754191852653336,1.6643590589834463,1.0130575622006115
3068,110,82,73,True,True,73,0.05001141784060371,2.7370366139070574,0.9324567462583859
3069,86,62,49,True,True,49,0.05178376001609811,3.127803262888694,0.8777160039768664
3070,111,76,60,True,True,60,0.051287246551186674,3.1169679613134913,0.9220069119230617
3071,115,80,65,True,True,65,0.0521009922540144,2.701867264271082,0.887636782267259
3072,103,74,66,True,True,66,0.05362818422674137,2.8818877178722495,0.7816684926371403
3073,108,77,65,True,True,65,0.05095285322719914,2.640402000466151,1.0151412330715577
3074,109,89,76,True,True,76,0.050989324259204376,2.6714366671583702,0.8271251139690666
3075,114,85,66,True,True,66,0.04379993090675592,2.717532027872799,0.8931434307180158
3076,114,85,74,True,True,74,0.04747819443700748,2.7369662209353915,0.8453175624778791
3077,110,76,65,True,True,65,0.042037978692679605,3.409256807073175,0.8007969406039003
3078,150,104,91,True,True,91,0.04116398721321556,3.7900599037962786,0.9384605025140088
3079,121,96,90,True,True,90,0.056471324532236376,3.91578839132096,0.9324262998292475
3080,135,94,84,True,True,84,0.050355109296169945,4.163147377564578,0.7903847615241367
3081,129,101,92,True,True,92,0.03796469536091564,4.395045825152542,0.8764156221763585
3082,143,124,110,True,True,110,0.03464285219535208,4.712416139447974,0.8398860151636195
3083,174,131,120,True,True,120,0.05175988004520137,5.081353920936103,0.7653594901792077
3084,196,156,135,True,True,135,0.03557661030264922,5.748107637500658,0.8638945505599274
3085,236,212,202,True,True,202,0.028878620193730435,5.496306642764116,0.8732611197228175
3086,229,205,185,True,True,185,0.034644079408604034,5.834726378572409,0.8817837335366898
3087,231,208,188,True,True,188,0.027199400668595893,6.094683169278937,0.7926192953085646
3088,220,202,193,True,True,193,0.031548338642019745,5.802589390602476,0.8813650143397891
3089,250,223,206,True,True,206,0.029317415376496875,6.066653134127649,0.8191743364726961
3090,239,209,198,True,True,198,0.029576139631873326,6.935925480982028,0.8752653804585319
3091,236,212,189,True,True,189,0.023294054838903393,7.296954029917607,0.820993384862107
3092,225,221,208,True,True,208,0.034230209846744526,7.444189021456908,0.9124984459398758
3093,197,195,163,True,True,163,0.04335441927137408,7.36677851504,0.8868408426960342
3094,185,176,153,True,True,153,0.041391048024143264,7.156671323336627,0.8717588050316819
3095,201,200,180,True,True,180,0.03850755625613474,6.521249944948561,0.8867241969729951
3096,250,250,201,True,True,201,0.044745853956805685,5.818332521868865,0.8791028249139525
3097,245,242,200,True,True,200,0.05233425810057895,5.238989127045879,0.9427752462313945
3098,250,245,208,True,True,208,0.05020387424451807,5.271078038325902,0.9019389615799959
3099,250,236,187,True,True,187,0.04786455273933358,4.727852000771472,0.9000246750534366
3100,250,247,209,True,True,209,0.05193557175724436,4.423950844796292,0.8804499676023216
3101,217,215,176,True,True,176,0.052981913839710536,3.978247307404168,0.8679238217257544
3102,203,202,179,True,True,179,0.053489917424534385,3.1227352679538356,0.8820721415239108
3103,250,245,221,True,True,221,0.04597368485044214,2.2456197183878133,0.9089124172640176
3104,247,247,206,True,True,206,0.052779415378310525,1.5206393160383065,0.8935356790988576
3105,250,249,221,True,True,221,0.05149776011126321,1.3401734770303935,0.9616798082360011
3106,250,249,212,True,True,212,0.0475350874639667,1.1995061156278874,0.8441665338088731
3107,230,230,206,True,True,206,0.05951269338347167,1.4921677305457983,0.8971165465914275
3108,226,225,189,True,True,189,0.05130682457785302,1.6131302893478559,0.8807986940095778
3109,250,249,200,True,True,200,0.05556628720816577,1.470078157680721,0.9073308883897189
3110,245,240,203,True,True,203,0.049691567129272425,1.3461452079551006,0.9033411857463574
3111,250,241,220,True,True,220,0.050535878621330646,1.0237486258088293,0.8402456476331954
3112,250,236,196,True,True,196,0.053803538928209764,0.925029440776803,0.8539731639840051
3113,250,244,196,True,True,196,0.04682634354967977,0.811872119680768,0.8829414224973149
3114,244,242,201,True,True,201,0.056242047833291293,0.5889007051593217,0.9580004915494158
3115,250,244,200,True,True,200,0.05629908865006011,0.7985375904340577,0.9034398906334231
3116,250,245,215,True,True,215,0.059042793775084805,0.9437938142475496,0.8046644181949104
3117,250,245,205,True,True,205,0.056335326449171816,0.991820911635154,0.8566384836365127
3118,219,219,180,True,True,180,0.054526732203426284,0.9806993844759243,0.9242060606463055
3119,249,249,201,True,True,201,0.055619466787651804,0.9113865078724765,0.8716392284932113
3120,224,224,187,True,True,187,0.054784145362172666,1.3328368916903215,0.8938522142811596
3121,225,225,197,True,True,197,0.054859878353283445,1.411592832257656,0.9494941173884073
3122,195,191,168,True,True,168,0.0573717028783582,1.2623531693955423,0.9088669381924083
3123,222,219,177,True,True,177,0.056826951460042345,1.3756865984544162,0.9511012125965306
3124,178,172,138,True,True,138,0.058185058524151824,1.3798182701012123,0.9847086988106193
3125,219,216,172,True,True,172,0.05072436930665449,1.1613923083292197,0.9947209431415465
3126,175,174,143,True,True,143,0.06113560460509866,1.421756332040903,0.9820672437714233
3127,177,175,145,True,True,145,0.055839501220864306,1.4475365377725304,0.9678269992518195
3128,180,180,160,True,True,160,0.05604872396770503,1.4578353717887893,0.986846459852916
3129,207,207,183,True,True,183,0.05674849463820179,1.3314812988566735,0.8860361040525696
3130,236,236,202,True,True,202,0.051674463905718275,1.361456608305946,0.9169173166592627
3131,250,248,213,True,True,213,0.05268690067671618,1.7379657069552619,0.9363210765580143
3132,221,221,179,True,True,179,0.05340218123541751,2.394579355220228,0.9330294947283616
3133,185,182,152,True,True,152,0.0526956639450704,2.4199162824249467,0.9697723447674248
3134,234,234,186,True,True,186,0.047793056109724216,2.4058350023762496,0.8838377396533431
3135,209,209,180,True,True,180,0.05239161639868513,2.45676583415805,0.959518792493963
3136,222,216,171,True,True,171,0.0477072809089212,2.3710948498586237,0.8695116992107028
3137,242,241,208,True,True,208,0.05547567360599187,2.3169616096427923,0.91570745690928
3138,211,211,182,True,True,182,0.05658844618870495,1.9823707998515936,0.9190838148313577
3139,215,215,190,True,True,190,0.05068098807408914,2.0273689709382126,0.9348131596061968
3140,243,243,194,True,True,194,0.04865625562770658,1.964401375344169,0.8795866623949523
3141,250,250,223,True,True,223,0.04841769906839771,2.3337823717982698,0.9010178620644185
3142,250,250,216,True,True,216,0.04670410989904399,2.6266199278455886,0.8576353857053295
3143,250,250,212,True,True,212,0.04765850746235157,2.5817090309102757,0.9159346739882802
3144,250,250,216,True,True,216,0.04237883286477026,3.5632975711864088,0.844851115587862
3145,250,250,219,True,True,219,0.043703189708341604,3.8330684779618527,0.865043782175033
3146,250,250,211,True,True,211,0.04543827353911064,4.0150560027920825,0.8611347647320077
3147,250,250,195,True,True,195,0.043144206974117034,4.20261483795126,0.8409437063120114
3148,250,250,209,True,True,209,0.0437750625141916,4.403776293649857,0.9422809107485077
3149,250,248,202,True,True,202,0.04092092651769959,4.958710863346813,0.8506197139078062
3150,250,249,201,True,True,201,0.04722280970648533,5.613225274367352,0.8054521722982141
3151,250,243,200,True,True,200,0.04060271343776974,6.318055748459818,0.8708222726649152
3152,250,246,217,True,True,217,0.05084867695177141,6.657770683980421,0.8660295444077395
3153,250,246,215,True,True,215,0.04176838165052931,6.72040910466249,0.8824247858596913
3154,250,245,199,True,True,199,0.04659487849503508,7.427118400978221,0.8486695797473863
3155,250,244,224,True,True,224,0.03866078725931279,7.449186489995511,0.882380730475185
3156,250,243,230,True,True,230,0.04122996365716149,7.346901805039185,0.8245503160589305
3157,250,245,219,True,True,219,0.04154636287835707,7.0089713103346405,0.8621938198375246
3158,250,248,219,True,True,219,0.05023707534608691,7.450371918536085,0.8665160152205292
3159,250,249,224,True,True,224,0.05338319082324021,6.951064374687108,0.8460435248939121
3160,250,250,223,True,True,223,0.054391344489174626,6.291436395581578,0.8708331619174645
3161,250,249,226,True,True,226,0.055552253869379314,6.458843851921391,0.8468420835422599
3162,250,250,213,True,True,213,0.05454544767647581,6.499440343346562,0.9437212261455167
3163,232,230,186,True,True,186,0.057676566761050756,6.30254213530235,0.9690491766078323
3164,243,241,184,True,True,184,0.06489644937365342,6.457716296952038,1.0241121174004775
3165,219,219,167,True,True,167,0.05932244856444268,6.134973248476467,0.9360128085541802
3166,190,189,161,True,True,161,0.06211529651197488,6.623203261075932,0.9785744502482732
3167,176,175,135,True,True,135,0.06605636233539826,6.168606631582067,0.8749022960669103
3168,153,153,124,True,True,124,0.07009384103454126,5.660720166562215,0.8807200725717482
3169,141,140,115,True,True,115,0.06532789137200902,5.845742374566428,0.9334480118527101
3170,142,140,126,True,True,126,0.06870772274608285,4.993922305927331,0.7225425437315331
3171,119,119,111,True,True,111,0.061288895116939975,5.039277592885571,0.7701722452453986
3172,104,104,91,True,True,91,0.06865611427551525,5.320678239678487,0.8295957660424151
3173,97,97,88,True,True,88,0.06205318501931294,6.144901105110453,0.9304219127807668
3174,109,109,102,True,True,102,0.06445023978467798,6.420895259186444,0.8825934199380719
3175,110,110,96,True,True,96,0.0659988992171174,6.960197618103802,0.8381176988965267
3176,101,101,93,True,True,93,0.06370429955533524,6.340231334992127,0.9121734094669189
3177,113,111,94,True,True,94,0.07361215087013792,5.784972682654431,0.8776888790387992
3178,83,82,73,True,True,73,0.07017688881344719,5.8041786298835945,0.8954591747492209
3179,68,68,63,True,True,63,0.06617005817169966,5.925484052904361,0.9197478330686087
3180,62,62,53,True,True,53,0.06719238417154533,5.781691320154002,0.9567641357903511
3181,60,58,48,True,True,48,0.06514105638237545,6.063872473764617,0.9284985602685464
3182,49,47,39,True,True,39,0.06383323124494697,5.307316645906373,0.9292432085937117
3183,73,73,61,True,True,61,0.06351208290624166,4.941924558394271,0.9220668542203176
3184,81,80,65,True,True,65,0.061491382180914426,3.8732686781994707,0.9319562975475906
3185,62,59,49,True,True,49,0.06106947070685294,2.575187231361785,0.875313015465193
3186,56,51,40,True,True,40,0.06011702452058256,2.586245445533097,0.9753674504814286
3187,43,43,42,True,True,42,0.059233682660746634,2.4921007850570494,0.6916700084289653
3188,47,47,39,True,True,39,0.053332004134811956,2.1400191976636336,1.003702220910559
3189,46,46,38,True,True,38,0.05772725120859393,2.5111998623976914,0.8157922167296856
3190,42,42,37,True,True,37,0.062348187334397884,2.5641322931876225,0.6828421092445742
3191,83,83,60,True,True,60,0.05588094697457538,2.8277310591259277,0.8462033956907717
3192,83,83,72,True,True,72,0.0608764769218947,2.443019587411242,0.8536133989489401
3193,58,54,43,True,True,43,0.05809483287261697,1.9081749457477126,0.9509872879054425
3194,74,53,49,True,True,49,0.054058277524475576,1.8777593117504514,0.984529833699506
3195,67,61,58,True,True,58,0.0553049937697283,2.879602287213191,0.8193091061758816
3196,58,58,53,True,True,53,0.05352362924955596,2.880964927440081,0.8275510410508238
3197,61,60,51,True,True,51,0.05474696622970923,2.6569620607293123,0.9247259240029558
3198,68,68,61,True,True,61,0.05264692453955743,2.5635060966556558,0.8953603831465292
3199,86,86,83,True,True,83,0.059217117003251996,2.411261932796816,0.8769209555688998
3200,114,112,103,True,True,103,0.05235060783494395,1.475720174392788,0.808846849366695
3201,131,131,122,True,True,122,0.03821795149221712,1.403744165124837,0.8614644570984267
3202,154,138,124,True,True,124,0.06080413616094454,1.3558694704874759,0.8277954901129508
3203,165,141,132,True,True,132,0.05982309526619619,1.555942158026716,0.8203482621352994
3204,183,153,136,True,True,136,0.0462711947107391,2.4162533758426608,1.0056742882540277
3205,188,150,127,True,True,127,0.06007721157437559,3.093400883477382,0.9692542302289467
3206,214,147,120,True,True,120,0.053895419492462425,3.5788994515157677,0.9220553723902668
3207,250,181,151,True,True,151,0.05607443724350983,3.1132241295259453,0.888828410304459
3208,240,171,153,True,True,153,0.049621656339722604,3.752084208883434,0.8924929696482693
3209,216,160,139,True,True,139,0.052802907077118384,3.966508354607468,0.9536961135775658
3210,184,147,130,True,True,130,0.0565829964024202,4.164838743424565,0.8992775902164399
3211,156,103,95,True,True,95,0.05441496936340083,4.32011744015237,0.8964614351833988
3212,177,134,121,True,True,121,0.056905492611356204,4.641230918159342,0.8798429915981975
3213,186,138,130,True,True,130,0.049426856980159195,4.453350039793689,0.8767110235625968
3214,159,129,124,True,True,124,0.057687733840568176,4.545219331199328,0.8939478739005188
3215,167,138,125,True,True,125,0.05974410001915534,4.230018395674406,0.8698078907007823
3216,159,148,140,True,True,140,0.060301806907543595,3.3249556008585732,0.8764511371364867
3217,224,221,180,True,True,180,0.05354841884936315,2.6517757688967087,0.8023159869916343
3218,217,212,184,True,True,184,0.07331281554811447,3.0044414868336395,0.818371958529789
3219,234,227,208,True,True,208,0.07521695892719973,2.900136239720036,0.8195772163746958
3220,250,245,231,True,True,231,0.0625305438672235,2.7220648124207596,0.747533518676933
3221,243,242,218,True,True,218,0.07381364739427212,3.0463052375009543,0.7986591238026729
3222,241,236,209,True,True,209,0.0752156989365156,3.8036338490166917,0.8430877998002136
3223,250,236,207,True,True,207,0.06858451513562569,3.8614160896564798,0.8037414208931005
3224,250,237,206,True,True,206,0.052064365916599964,3.948771798254542,0.756388282246885
3225,250,235,209,True,True,209,0.05861754429369687,3.9036189772818743,0.8153158785824637
3226,250,245,223,True,True,223,0.06855543369397947,3.5696958948615483,0.8353575873227389
3227,250,243,217,True,True,217,0.06387184251170833,3.507329775701676,0.8804613263210538
3228,250,232,219,True,True,219,0.06170391138305687,3.5377808884110675,0.8610243921794904
3229,250,245,226,True,True,226,0.06290607685471147,3.7916806330806385,0.8731161549400601
3230,250,241,209,True,True,209,0.07659125232071849,3.314159450444158,0.8500038806110991
3231,250,243,226,True,True,226,0.05584116537353977,2.8532601405388367,0.78949924204443
3232,248,241,223,True,True,223,0.062001890201521484,3.458973235332394,0.8095935950566879
3233,250,240,205,True,True,205,0.07542015670596372,2.676688330726317,0.8013730013301129
3234,245,235,212,True,True,212,0.06478342201891245,2.152143873970556,0.8384954177132176
3235,232,223,207,True,True,207,0.06410709924748584,2.4977615671761932,0.8010769330926968
3236,245,236,198,True,True,198,0.05871578527620375,2.659440235994072,0.7482340681885569
3237,250,244,215,True,True,215,0.06994993173476435,1.9261266004525222,0.8309752707818937
3238,250,250,227,True,True,227,0.06021521415798693,1.2119011622829592,0.886154755731897
3239,238,235,208,True,True,208,0.065229910922742,0.33881732523302327,0.7857270022735218
3240,250,248,230,True,True,230,0.06338423547880813,0.28916452284096056,0.7026479077883515
3241,250,250,230,True,True,230,0.06360359740510799,0.08866223701532752,0.679617797353165
3242,250,247,224,True,True,224,0.06447875573998717,0.31640826887514034,0.8284193346593786
3243,250,250,230,True,True,230,0.06872234287476778,1.0252196504574989,0.7324163056466575
3244,250,250,226,True,True,226,0.06345485574396977,0.9526058191716237,0.687197063426702
3245,250,250,233,True,True,233,0.06447806788566139,1.2420304514008096,0.8352445369886018
3246,250,249,234,True,True,234,0.06216883349519381,1.309992378085814,0.8423257068903095
3247,241,241,214,True,True,214,0.050414467607736976,1.047391466513126,0.8133557691251898
3248,250,250,227,True,True,227,0.06871339576794776,0.1418277673539009,0.7808792098670158
3249,250,250,229,True,True,229,0.06330472740128155,1.2784060338601886,0.8387164973549313
3250,250,250,225,True,True,225,0.0505729472519272,2.1620020743625497,0.8263197268925035
3251,250,250,218,True,True,218,0.06766641565639095,2.732629546139874,0.8035562757930697
3252,250,250,221,True,True,221,0.059724927050515936,2.918511587142953,0.9105478255206304
3253,250,250,216,True,True,216,0.05386085313216806,2.1286106804359886,0.8453111588016202
3254,250,250,214,True,True,214,0.060631786614297266,2.8592501522649862,0.8386491161131739
3255,250,250,208,True,True,208,0.057508790650259496,2.035309587305482,0.9015621914935293
3256,250,250,217,True,True,217,0.06154085299393541,1.7748748502577745,0.8861679629175209
3257,250,250,206,True,True,206,0.06564987429332392,1.0329923590812342,0.895821120149343
3258,250,250,203,True,True,203,0.06708931615483305,1.046177608302674,1.0036727364319145
3259,250,250,203,True,True,203,0.0720200241726719,0.8219938876184575,0.9973609867877119
3260,250,250,194,True,True,194,0.07223359065920798,0.6408345031485706,0.882721791026683
3261,250,249,204,True,True,204,0.06915699679514663,1.6860596805469412,0.9451232049857949
3262,250,249,198,True,True,198,0.07073969461097547,1.2946105537305719,0.9457634821311349
3263,250,247,208,True,True,208,0.06362431647310632,0.9054507441370662,0.8879898315405133
3264,250,241,188,True,True,188,0.06560990787580187,1.6689556888093802,0.969113627621929
3265,250,247,198,True,True,198,0.06644758030187534,1.8845184177398986,0.9335301901887945
3266,250,244,193,True,True,193,0.06644131322863864,1.5016825012786128,0.9150614643740766
3267,250,238,171,True,True,171,0.06972509460729748,0.9244235068451336,0.9820454922128613
3268,250,231,193,True,True,193,0.06850085915894481,1.1108412690428613,0.9495284087200125
3269,250,214,177,True,True,177,0.07138449696247262,0.9250490113697218,0.9676461535613868
3270,225,199,158,True,True,158,0.0697818690182309,0.5354020747199891,0.8860067187513008
3271,241,207,152,True,True,152,0.06546360061255099,0.9989434087819127,0.8509852407733749
3272,154,130,107,True,True,107,0.0633988647536659,1.5506620860252516,0.9960192770977473
3273,135,98,77,True,True,77,0.06156006471530366,0.9592457802035187,0.8552413960888057
3274,131,86,72,True,True,72,0.05638738018378335,1.4728749038186704,0.79811588139899
3275,120,93,78,True,True,78,0.058310452766288844,1.280673185835102,0.8152734374980771
3276,96,92,79,True,True,79,0.058198291267478004,1.01629931566038,0.9132238426439081
3277,102,102,82,True,True,82,0.06316947220368645,0.7543703845725062,0.9210362168914776
3278,96,96,84,True,True,84,0.05948351167650376,0.6390604271682849,0.9586027644651665
3279,107,107,100,True,True,100,0.062227790901904174,1.3762447890566147,0.8903933065858837
3280,154,154,136,True,True,136,0.0719200465777584,2.327164342724853,0.9165847165941403
3281,160,160,122,True,True,122,0.06600863978818136,2.427136588405592,0.9638605425358543
3282,160,160,145,True,True,145,0.0689755666581534,2.915799559513129,0.9176861070505503
3283,148,147,133,True,True,133,0.06668915839422024,2.7566694669431198,0.88988933153923
3284,137,137,122,True,True,122,0.06738794755287451,2.419161964892069,0.8716065311795813
3285,161,161,131,True,True,131,0.0627289868902463,3.02295627356743,0.8167947474487223
3286,147,147,130,True,True,130,0.06400052943424232,3.6573808156275764,0.9028598655392382
3287,189,189,153,True,True,153,0.06327126809066755,3.6717110279971794,0.9574971876519849
3288,158,158,142,True,True,142,0.06349959452690458,4.081034028839967,0.8656398676384829
3289,214,213,177,True,True,177,0.061452091247874645,3.945378876245172,0.8854333647048777
3290,250,249,219,True,True,219,0.06379734697361238,3.8815106268165143,0.8922535155429515
3291,236,235,199,True,True,199,0.06472261971925639,3.893221896425611,0.9488478150404925
3292,249,249,204,True,True,204,0.06367256177560836,3.218942268323828,0.9120010246368737
3293,250,249,221,True,True,221,0.060045898412536845,2.6606022377019882,0.8399065640442707
3294,250,244,210,True,True,210,0.06310276822401026,2.0687403565592617,0.7896248896461929
3295,250,243,228,True,True,228,0.05674705672599937,2.0463830540623715,0.8000729733602914
3296,250,232,201,True,True,201,0.05604795108213121,1.7503908329386293,0.8579826220006876
3297,250,238,207,True,True,207,0.056208516429499325,2.18871973033243,0.828544200294378
3298,250,245,227,True,True,227,0.04947425057368491,2.412633979021973,0.7776029675999441
3299,250,250,222,True,True,222,0.05725605873304954,2.7040808997964394,0.9022539588008884
3300,250,247,230,True,True,230,0.05088070779128166,3.2613309608622236,0.904254029016339
3301,250,244,216,True,True,216,0.05838966820292266,3.5017397971259263,0.8841358548022773
3302,250,245,218,True,True,218,0.055299648675430454,3.3371046211271485,0.9363257817355434
3303,250,246,227,True,True,227,0.06169519113426194,3.835338103553327,0.8806126929231407
3304,215,210,190,True,True,190,0.05194912876682084,3.5835956601952637,0.9388818716788802
3305,250,249,228,True,True,228,0.05628475791294375,3.5757960398756814,0.8660847962383122
3306,234,231,198,True,True,198,0.061600339894273756,4.001735835442515,0.885479384793582
3307,250,248,210,True,True,210,0.0657432312734461,4.649531992636012,0.8027141315530764
3308,250,250,228,True,True,228,0.053492033063384445,4.372148885261599,0.8403638564620771
3309,250,250,227,True,True,227,0.04588065889337593,4.07642313826184,0.8989482758725327
3310,250,250,237,True,True,237,0.049228032260556796,3.4440212274802535,0.8511936981667322
3311,222,222,185,True,True,185,0.06061247798501582,3.203496129136183,0.8764036646720692
3312,179,179,152,True,True,152,0.05884792326496982,3.02226741585918,0.9386758836491406
3313,203,203,176,True,True,176,0.052502767561727226,2.3402861095914482,0.8139116907208833
3314,179,179,150,True,True,150,0.0567509071587423,2.144286735495875,0.8451591684794812
3315,202,202,176,True,True,176,0.0510605790223462,1.8650903486905606,0.9204131021945556
3316,209,200,167,True,True,167,0.05765913363411295,1.8828494216500133,0.85706664976906
3317,201,184,157,True,True,157,0.039132172306504925,2.7657115999185566,0.8019271718922024
3318,200,178,166,True,True,166,0.059020602782315704,3.104295914760834,0.8274198887437911
3319,223,212,177,True,True,177,0.04941809657720049,2.56121100090528,0.9057254193404457
3320,227,221,202,True,True,202,0.05861260981933794,3.373102108107432,0.8507141192794867
3321,232,229,215,True,True,215,0.06136672378875329,3.858731414877668,0.8485577516363552
3322,226,222,205,True,True,205,0.05656713216889723,3.0056032825479684,0.8152114546403897
3323,227,225,195,True,True,195,0.05607430630066309,2.5527644920671135,0.8839161362308287
3324,240,238,220,True,True,220,0.05578887875658259,2.522806136370253,0.8580415558175514
3325,229,229,214,True,True,214,0.05666857575246102,3.093891121702755,0.7885881160327397
3326,197,196,175,True,True,175,0.05531440581274047,3.390373848568891,0.8936492020335216
3327,219,219,189,True,True,189,0.059913898754571655,3.560707982900386,0.8989375993155366
3328,221,218,185,True,True,185,0.053107748612308346,3.6631733599401195,0.8705466405421293
3329,146,146,130,True,True,130,0.05419894356598355,4.0134637297218525,0.8735262343783602
3330,125,125,113,True,True,113,0.055356994374664854,3.3391324023271927,0.8975556781637533
3331,121,120,103,True,True,103,0.051531571128666395,3.0779756769071542,0.8436364708774744
3332,137,137,124,True,True,124,0.05045453877192141,3.2892634235548504,0.8345134222548979
3333,137,137,115,True,True,115,0.04701458104826718,3.8991843250543434,0.8822237845897402
3334,132,132,105,True,True,105,0.05143833549314689,3.679873820111599,0.9799803343504385
3335,171,171,150,True,True,150,0.05584707102480048,3.1675288798410084,0.8566149936784606
3336,145,145,125,True,True,125,0.05691730086136139,3.405318522308323,0.9567834186103663
3337,115,115,93,True,True,93,0.05983472710038144,3.6030752983458596,0.8843598785814512
3338,141,141,108,True,True,108,0.05571397077073315,4.202765703267631,0.9659957717611866
3339,122,120,100,True,True,100,0.060312072653965175,4.500686803772368,0.9739756179838961
3340,138,138,107,True,True,107,0.05641545533443822,4.22651188544545,0.9065224251798321
3341,136,136,105,True,True,105,0.054811762732806246,3.795982823945445,0.9858962785576527
3342,114,114,92,True,True,92,0.052368715138708485,3.6304305481424515,0.9682553767947926
3343,113,113,94,True,True,94,0.06260725671540657,2.7458807210764467,0.9194635883634652
3344,107,107,88,True,True,88,0.046536539029763485,2.689555597132655,0.9534502315796722
3345,120,120,94,True,True,94,0.053622981752960215,3.249702285447962,0.9422555757889727
3346,123,123,100,True,True,100,0.059010508049957944,2.681964626190767,0.8963563235202658
3347,141,141,120,True,True,120,0.060784806809876045,2.690301405790795,0.8903522969905214
3348,156,156,134,True,True,134,0.06213374558609059,2.8353595291776093,0.8560188239253907
3349,141,141,121,True,True,121,0.0521144278206439,2.872368710136753,0.9174953034306861
3350,149,149,136,True,True,136,0.06191546651608465,2.770219189376598,0.9576555014103992
3351,179,179,159,True,True,159,0.0556580024300641,2.9817499597701413,0.9195581028362297
3352,201,201,184,True,True,184,0.06430729912759822,3.2604966011132492,0.9679142615646265
3353,203,203,176,True,True,176,0.05177851154558264,3.26853790601228,0.8534494226413682
3354,230,230,206,True,True,206,0.06345082179255201,3.2854472078431796,0.8209437162913182
3355,241,241,207,True,True,207,0.057488523916893915,2.5702534500740577,0.8575567284833222
3356,250,250,221,True,True,221,0.06302696219731865,2.15121382158977,0.8276587910951461
3357,250,250,210,True,True,210,0.06397901073293286,1.502430859780856,0.8598553091908581
3358,250,250,216,True,True,216,0.06348597629510809,1.76479307372506,0.8974601260495476
3359,250,250,227,True,True,227,0.054985166147902456,1.2830517350065402,0.8578870573412062
3360,248,248,224,True,True,224,0.06333747064424503,2.3224428257201355,0.8133918841359754
3361,182,182,163,True,True,163,0.0637322835852902,2.8192599346644487,0.8671206858972204
3362,192,192,182,True,True,182,0.06122155209337971,3.0848408066131907,0.9144039231192641
3363,202,202,185,True,True,185,0.057335908355914476,2.791162393251258,0.8559079362363835
3364,224,224,199,True,True,199,0.05876072128862459,3.031426458530277,0.8493743271650335
3365,242,242,220,True,True,220,0.056421519304880534,3.0153131188657305,0.8287799779288032
3366,250,250,215,True,True,215,0.061277292890160484,3.4785359471939845,0.836089096955275
3367,250,250,232,True,True,232,0.05487244034280179,3.6543713532150335,0.8448396777682473
3368,250,250,239,True,True,239,0.05530823227617364,3.781507634079148,0.842821074802686
3369,250,250,225,True,True,225,0.05239856497302947,4.296288719402367,0.8871207185783495
3370,234,234,225,True,True,225,0.055155707439395414,4.847292289907911,0.8329715093087604
3371,219,219,193,True,True,193,0.053089320902397215,4.7293743871528715,0.836311475506683
3372,233,233,214,True,True,214,0.051740432313883415,5.04349572609224,0.8727268098108996
3373,211,211,176,True,True,176,0.0447754424154514,4.731298032198151,0.8770091517817128
3374,219,219,183,True,True,183,0.04267499724905081,5.458205104718341,0.8478791512398427
3375,243,242,211,True,True,211,0.04426185021955398,5.909935928303593,0.8267679101445304
3376,246,246,220,True,True,220,0.045679029791314676,6.646031541353241,0.8831172911908615
3377,239,239,215,True,True,215,0.038701621636236916,6.275458501223775,0.8955933655279076
3378,222,222,189,True,True,189,0.03604263179502132,5.889164091628804,0.8233182013837248
3379,226,226,206,True,True,206,0.041800438215429184,6.074013725333249,0.8032920879868419
3380,240,238,200,True,True,200,0.038714123828619156,6.061813073043178,0.8490364270160214
3381,250,247,222,True,True,222,0.04010879142456775,5.489406125814295,0.8780469775468416
3382,250,250,228,True,True,228,0.03871115575330908,4.769958627790525,0.8994358868100621
3383,250,250,229,True,True,229,0.03717937234002273,4.8962281836021475,0.9192977098398001
3384,250,250,236,True,True,236,0.036732959979920654,5.184185269137396,0.834515752659409
3385,250,247,221,True,True,221,0.03743078318359343,4.715657295078409,0.8648230984482382
3386,250,249,222,True,True,222,0.03977995581124509,5.015536516534112,0.92080965649061
3387,250,249,220,True,True,220,0.041312576114893876,5.629709170653254,0.8034990793182637
3388,232,230,185,True,True,185,0.039582401817514545,5.860998575607452,0.8020514516249228
3389,224,224,205,True,True,205,0.04121447795591189,5.87075851481426,0.8748731956495643
3390,200,200,168,True,True,168,0.04872965696324034,5.985182972528209,0.8777136312299137
3391,222,219,197,True,True,197,0.048718384189404974,5.893286036818866,0.8954641046555509
3392,206,206,172,True,True,172,0.04794564944670277,6.222426926409245,0.9382542259797675
3393,199,197,159,True,True,159,0.04798799204820274,5.430736027213968,0.9516302057295413
3394,173,173,145,True,True,145,0.05284390305690018,5.685548204965719,0.9034840257865524
3395,165,165,139,True,True,139,0.04830149653260628,5.722103588686729,0.9545528641043824
3396,149,148,126,True,True,126,0.04476131840341142,4.91524816447737,0.9693998465890936
3397,172,170,133,True,True,133,0.05380926981370949,2.8787638590990636,0.960934551319601
3398,164,163,139,True,True,139,0.05128601778357377,2.9961255170847494,0.8169936955401207
3399,151,150,128,True,True,128,0.04562836766847852,3.128800103481783,0.8633784035863726
3400,161,160,145,True,True,145,0.048232032706550756,2.5906792447897184,0.746879906651113
3401,151,151,124,True,True,124,0.052390228273335816,2.352181848443498,0.7612128014987676
3402,96,96,87,True,True,87,0.05615981748416949,2.3861263330902838,0.8596944831434546
3403,87,78,71,True,True,71,0.054579095298896464,2.511377107369853,0.8036945362630128
3404,71,66,56,True,True,56,0.06357785189068685,2.186537763632271,0.7655383635789363
3405,98,82,77,True,True,77,0.05598395990305631,2.3145771046474937,0.746002871221034
3406,109,80,75,True,True,75,0.04231047637807504,3.235097557106993,0.8051636743778355
3407,120,91,84,True,True,84,0.04736552485652521,3.554187322121672,0.872320360520792
3408,124,92,86,True,True,86,0.04357648402788745,3.621324499963401,0.792517348262286
3409,130,112,102,True,True,102,0.04799603855645197,3.132856693214293,0.8731922845150434
3410,137,119,110,True,True,110,0.04468089180890559,2.6075395374305255,0.7636012706883943
3411,169,156,140,True,True,140,0.04880677983812589,2.8749838316336467,0.8481124333677083
3412,139,130,114,True,True,114,0.048158123595768806,2.4054121383462412,0.7829329021149363
3413,151,147,118,True,True,118,0.038035788627017356,2.379283295502488,0.855800827662543
3414,159,148,130,True,True,130,0.03791987202445989,2.5327660272789005,0.8942358800747958
3415,138,132,115,True,True,115,0.05083343285135587,2.5841343821831826,0.848552728344546
3416,134,126,116,True,True,116,0.04841195370754471,2.3127149624232484,0.9335793273727726
3417,130,129,117,True,True,117,0.052342145401827474,2.461631136323351,0.8711660815578003
3418,135,131,123,True,True,123,0.05037367120692438,2.9143121362805005,0.8823493988225102
3419,110,110,96,True,True,96,0.048896164392704645,2.6937050841690375,0.8896120377299861
3420,99,97,92,True,True,92,0.05311614609562846,2.943893739551006,0.8837143251194929
3421,101,93,86,True,True,86,0.05081777049686143,2.9784154890505863,0.8634445274702587
3422,110,108,101,True,True,101,0.04386352474858339,3.1804145864940483,0.8084017599859331
3423,104,101,88,True,True,88,0.05200082501183095,3.3125395464527094,0.7735946700562278
3424,117,117,108,True,True,108,0.053914813055212576,3.156862055683147,0.9429329632510433
3425,87,83,77,True,True,77,0.05198061655005432,3.0348141865144513,0.8690739218392216
3426,77,73,68,True,True,68,0.0567257748971942,3.1123051323780158,0.8873325304192085
3427,86,69,64,True,True,64,0.04923819144162724,3.283085134486895,0.7932213712998584
3428,181,158,143,True,True,143,0.05909203801292389,3.557136621124293,0.8549195337013595
3429,195,182,158,True,True,158,0.05815280111726493,4.036517134197301,0.9211322179604247
3430,186,169,157,True,True,157,0.057874108854459594,3.067456324641803,0.8720568713514275
3431,203,157,143,True,True,143,0.06340231287607818,2.8604127858325477,0.8427783197836037
3432,141,94,81,True,True,81,0.05812912660086887,3.6349861866410658,0.9230947229230924
3433,119,100,83,True,True,83,0.05437852588233851,3.854106340742794,1.0709279479978742
3434,111,104,86,True,True,86,0.06378705298015593,3.3909579706930035,0.8922608026294735
3435,108,85,67,True,True,67,0.06398622550375031,3.6134067327566406,0.991682085298848
3436,85,81,63,True,True,63,0.06473095355977158,3.7286163702103883,0.9336243902133073
3437,84,84,69,True,True,69,0.06349385757436703,3.597706107979394,0.9484489757054304
3438,69,69,59,True,True,59,0.06732086947999741,3.8529797502579886,0.8688930668808464
3439,78,78,55,True,True,55,0.06506068339843056,3.7673170592462757,1.081413672181634
3440,106,105,82,True,True,82,0.06455076104758406,3.7802848404391862,0.8190629632958865
3441,70,70,55,True,True,55,0.05642847192474609,4.440551458799338,0.9049275356132668
3442,58,58,46,True,True,46,0.05822427507089348,4.157852183253459,0.8916238857115705
3443,58,54,43,True,True,43,0.057278177048774616,3.982017073726205,0.9593773783192235
3444,100,99,83,True,True,83,0.06907311424006136,3.8203232976232218,0.9229006721460336
3445,101,95,81,True,True,81,0.06451599286197167,3.687797998931158,0.8650477543835863
3446,100,96,83,True,True,83,0.05361563754574961,3.7573538814580973,0.7843284604307899
3447,138,133,123,True,True,123,0.06433402900848181,3.5500969763748906,0.8494930579519424
3448,178,148,126,True,True,126,0.06209487998404263,3.48430720533216,0.9123586601816711
3449,178,149,135,True,True,135,0.05326557321335815,4.245626855796102,0.8651733511500972
3450,206,156,140,True,True,140,0.058378212571637215,4.214135098837484,0.8135581302775492
3451,250,162,156,True,True,156,0.05976301749015894,3.0496224825415825,0.8645163218838341
3452,250,199,189,True,True,189,0.05745809009920746,2.4320193358381363,0.8785172341966658
3453,250,216,193,True,True,193,0.056221288261245284,2.5962474824076027,0.7748434823336923
3454,246,212,185,True,True,185,0.05695995082274318,3.2644882629200684,0.8667023201347557
3455,247,219,190,True,True,190,0.054912169613997384,3.466741563275831,0.8286228611614785
3456,250,227,204,True,True,204,0.05598152234557384,4.812959266066967,0.8987461141593704
3457,250,225,192,True,True,192,0.056165868632314396,3.1719739755933842,0.8808864154389161
3458,250,232,214,True,True,214,0.06085381411042038,3.017202957816616,0.8807980404163188
3459,248,210,191,True,True,191,0.0564306706066857,3.7837554352283753,0.8439728168844555
3460,240,208,187,True,True,187,0.05382133901611818,4.188032719630744,0.8529630499498282
3461,250,194,177,True,True,177,0.05518501592832968,4.34697700378555,0.9271439224511268
3462,217,146,127,True,True,127,0.05225311823146773,4.098403377925409,0.8959317349281795
3463,173,144,141,True,True,141,0.05743651196264563,3.7504401858755267,0.9000766186470812
3464,125,124,111,True,True,111,0.05726843216073826,3.765510109469408,0.8683192491428191
3465,112,112,102,True,True,102,0.06674206657035023,4.185436333538977,0.8835325640888965
3466,126,115,104,True,True,104,0.05560965496139617,4.3065990371133385,0.8594534259305286
3467,144,144,126,True,True,126,0.0729755039914938,4.287180990042189,0.8490154679526474
3468,162,159,128,True,True,128,0.06977044691199992,4.406978661453254,0.8929369908926528
3469,194,194,158,True,True,158,0.07350042143911274,3.8174546100154694,0.9045500484944327
3470,193,193,156,True,True,156,0.07472048569957145,4.2293496859185336,0.8650388757781432
3471,226,226,180,True,True,180,0.07734809510232653,3.5696093341594763,0.9248214104005877
3472,250,250,223,True,True,223,0.07395132260814632,3.5247027392855887,0.8696560910804619
3473,250,250,215,True,True,215,0.07281608343098264,3.45417867299012,0.8189371174217634
3474,250,250,225,True,True,225,0.07567916154013136,4.135013128494929,0.903607862680307
3475,245,245,213,True,True,213,0.07094184160261834,2.988116539748774,0.9138883020910498
3476,176,176,155,True,True,155,0.068190668241654,2.2084605429126287,0.918843005046675
3477,241,241,212,True,True,212,0.06242510227056531,2.048464089572668,0.8732456734718159
3478,232,232,207,True,True,207,0.06175062328297762,2.2929477352695926,0.8999813690927577
3479,231,231,201,True,True,201,0.06349342943666209,2.329922674557885,0.8321875823956982
3480,245,245,215,True,True,215,0.06360551188789863,2.2775249333285235,0.8173367539854105
3481,242,242,209,True,True,209,0.0647491576660349,2.136886872248975,0.6913645194613377
3482,242,242,217,True,True,217,0.05814289820455866,2.0857279365894956,0.7895504471316883
3483,250,250,226,True,True,226,0.04816291465500121,2.1461612734902134,0.8183918454832311
3484,149,149,135,True,True,135,0.06377149335648434,1.573592466460163,0.8128752914342487
3485,176,176,154,True,True,154,0.06054433208026098,1.65007506442802,0.8002271457202605
3486,179,179,165,True,True,165,0.07118934399569779,1.815872730814144,0.8759532494485344
3487,195,195,170,True,True,170,0.06935932032245207,2.011595627473117,0.8027216553561272
3488,199,199,184,True,True,184,0.05983205804578495,2.2506220088657,0.8624979873758403
3489,194,194,186,True,True,186,0.05742922014175112,2.710015745369541,0.7991138462639704
3490,193,193,169,True,True,169,0.05971119751796991,2.953832044920929,0.8401104935409819
3491,200,200,172,True,True,172,0.053272647149417963,2.893005433390191,0.8552145863339345
3492,192,192,164,True,True,164,0.06670161085970816,3.077041914999324,0.8475437662534828
3493,198,198,180,True,True,180,0.07894103174383535,2.9787814321421013,0.9251617659522903
3494,182,182,161,True,True,161,0.06452515216987298,3.8530219607726015,0.8265605388265851
3495,192,192,170,True,True,170,0.07234879166003146,3.3267988357819385,0.911907030300427
3496,186,186,167,True,True,167,0.0631666308589555,2.820687516004832,0.738173803329056
3497,193,193,174,True,True,174,0.052371781637145204,2.72072113546011,0.8595907122575334
3498,212,210,178,True,True,178,0.04307157117245977,2.715180806047613,0.9397465111503338
3499,250,249,215,True,True,215,0.04361646817412206,2.1095321203911364,0.8518778486483267
3500,206,206,180,True,True,180,0.06258288122644574,1.970181290443501,0.8884808411390727
3501,196,195,162,True,True,162,0.05451022566382633,1.5754806648909039,0.972929232022201
3502,212,211,187,True,True,187,0.04951842987071776,2.073200707478374,0.9335976455686062
3503,219,219,191,True,True,191,0.05771217970618127,2.1302741178209654,0.8420960864332042
3504,208,208,183,True,True,183,0.07349840504090431,2.1029846848367155,0.9529586071622755
3505,229,229,179,True,True,179,0.036068281425803435,1.7625206190648819,0.8913387703929136
3506,225,225,186,True,True,186,0.06447530073137238,1.5996079708696482,0.8955113021669133
3507,212,210,170,True,True,170,0.04859326880693485,2.433719682137637,0.8414201114811249
3508,250,231,202,True,True,202,0.054708945194743924,2.4326049804975334,0.781983999057585
3509,216,208,178,True,True,178,0.059269409264290356,2.137494398971885,0.8788900728932961
3510,211,209,172,True,True,172,0.06410491626787572,2.3846784426577785,0.8692592404488796
3511,207,207,181,True,True,181,0.058519967520768344,2.0463809623903697,0.9014258175148708
3512,223,223,172,True,True,172,0.05924208295479033,2.101550687829332,0.9182371650993254
3513,224,224,177,True,True,177,0.06231526320797137,2.0040374332766215,0.9103163251593104
3514,206,204,166,True,True,166,0.062151738278811784,2.329612357311976,0.9455406044620256
3515,210,210,172,True,True,172,0.06217654461817581,1.9756714948346024,1.0646826237746325
3516,197,197,156,True,True,156,0.0635155802816025,2.393210238365902,1.0252573456445886
3517,203,200,165,True,True,165,0.06361936680676225,2.9712010982697796,0.9316948190793012
3518,208,197,141,True,True,141,0.06186976631030544,2.660187363117834,0.9317084703686653
3519,157,154,119,True,True,119,0.046274926824581085,3.7205414974866127,0.925140141325265
3520,150,150,118,True,True,118,0.057807329537132766,3.6667523848281927,0.8739754192428325
3521,162,162,133,True,True,133,0.05668346730601743,3.1691920811222953,0.9363932091699688
3522,178,178,147,True,True,147,0.06012598458734638,2.2945543832814175,0.9139377651602741
3523,171,170,142,True,True,142,0.06032645845632593,2.07247900054417,0.8549219587810698
3524,158,158,120,True,True,120,0.06317042731835082,2.3490692357406613,0.906107566570744
3525,182,182,154,True,True,154,0.05892248537963419,2.3999050177672436,1.0341554452668589
3526,250,250,196,True,True,196,0.06504616301372088,2.0616589178586144,0.9880262385729346
3527,250,250,220,True,True,220,0.06944785480816505,1.4693560975387732,0.8943392314557663
3528,250,250,190,True,True,190,0.07785075471712864,2.250320588901942,0.881029168756118
3529,250,250,213,True,True,213,0.07108025863549461,2.284231307079561,0.9218192130333632
3530,250,250,204,True,True,204,0.06496844655686256,3.036365496550291,0.8546843940371354
3531,250,250,205,True,True,205,0.0615152565268857,3.2817180077283883,0.8855134474396602
3532,250,250,220,True,True,220,0.06383879235208145,2.9579698882616006,0.9206125179582464
3533,250,250,217,True,True,217,0.06070774565263571,2.6212811661416957,0.8694710691608909
3534,247,247,205,True,True,205,0.06454588704240291,2.5783065904042126,0.9227040707245024
3535,250,250,211,True,True,211,0.07620604501640126,2.6709424113893787,0.9056524749642038
3536,238,238,203,True,True,203,0.06181121675838191,2.216546924122495,0.9138621899040225
3537,250,250,203,True,True,203,0.06271040907376133,2.2033078037694356,0.8794899412309788
3538,250,250,216,True,True,216,0.05902344416745025,1.9899293821599717,0.8347611337731268
3539,250,250,223,True,True,223,0.06720305033263779,2.2954449945468665,0.87052290196739
3540,250,249,224,True,True,224,0.06514261604439901,2.727445782291526,0.8895818890231609
3541,250,250,207,True,True,207,0.06825190276539975,2.5473797231319795,0.9163496016670676
3542,243,242,198,True,True,198,0.06075642371121526,2.333029540457827,0.9055019176885085
3543,229,229,193,True,True,193,0.05645587082566588,1.7311348130653668,0.9293468900509172
3544,224,224,189,True,True,189,0.06541627039156982,2.147404603933934,0.8567671719230441
3545,192,192,168,True,True,168,0.06550767683261417,2.6474959199335206,0.9529569831195976
3546,190,190,154,True,True,154,0.05404936504011878,2.624787145343229,0.9579498056551047
3547,168,168,145,True,True,145,0.06388113056991518,2.96015274445877,0.8346306047050595
3548,180,180,145,True,True,145,0.0429276768383602,2.8343586342065645,0.924958110324069
3549,160,160,135,True,True,135,0.06567823504169698,2.9494121806651963,0.9274198138422539
3550,161,161,136,True,True,136,0.05951796693462927,2.49698951620642,0.9312934041786631
3551,126,126,109,True,True,109,0.0603029756772858,2.4243219499944413,0.9679059475508699
3552,150,150,126,True,True,126,0.05306362537641427,2.038435159158862,0.8976436386426117
3553,129,129,116,True,True,116,0.05526185632516944,2.1892787560422033,0.8374010997060436
3554,132,131,116,True,True,116,0.05582567251228973,2.4717305657331523,0.8283475491636448
3555,165,165,146,True,True,146,0.052641349010245905,1.8350688514421285,0.8577732126526482
3556,163,163,151,True,True,151,0.05784159754299972,1.6228868621502106,0.9417059354898124
3557,163,163,134,True,True,134,0.05289785108111044,1.6739818569065583,0.8977153346254456
3558,205,205,170,True,True,170,0.05870676784665708,2.0898591450745725,0.8004213642052082
3559,188,188,150,True,True,150,0.05908222545551221,2.273544799524156,0.9427442837933695
3560,235,235,203,True,True,203,0.058417531232081675,2.4934506531317124,0.9212798510294945
3561,250,250,215,True,True,215,0.055269052902696944,2.329403694434471,0.9832539962436202
3562,250,250,220,True,True,220,0.05079957679811762,1.736882477307631,0.9114621747359265
3563,250,250,211,True,True,211,0.050189906292039066,1.5172598114694256,0.873394777351124
3564,250,250,227,True,True,227,0.04312238201390869,1.19775975069445,0.9470305934831462
3565,250,246,209,True,True,209,0.04268575958582059,1.540114511432144,0.9207833274947025
3566,250,250,204,True,True,204,0.044526229046728476,2.4528732675501037,0.8612888406083878
3567,250,246,207,True,True,207,0.04176706865278243,2.946965020055553,0.8403738923308206
3568,250,250,225,True,True,225,0.0417632516641465,3.507464648662783,0.8556849639208609
3569,250,250,208,True,True,208,0.03736493449305605,3.9902159595555857,0.8530648686464858
3570,250,250,200,True,True,200,0.034858656881211314,5.0375717917798974,0.8845609900168965
3571,250,250,201,True,True,201,0.03693743810568516,5.733579127844667,0.8810001032424057
3572,250,250,226,True,True,226,0.03231887015209242,5.5149108776713796,0.8107938451597981
3573,250,250,211,True,True,211,0.030937608229714232,5.3948741395597875,0.8360648946542424
3574,250,248,215,True,True,215,0.025559090537846756,4.63025983212274,0.8253048412268374
3575,250,250,228,True,True,228,0.025315688179209775,4.667513514878352,0.8542310245090172
3576,250,248,207,True,True,207,0.029775143230478408,4.729546194648757,0.8542384996146015
3577,250,249,196,True,True,196,0.03625688498038794,5.063849166255551,0.8406269515292374
3578,250,248,230,True,True,230,0.03709869485973645,5.191822426680822,0.8640635433419872
3579,250,250,213,True,True,213,0.04079950577616879,5.19659821041103,0.8798518153389985
3580,250,249,208,True,True,208,0.0562310105322583,4.671890485536805,0.9096037327034704
3581,250,250,225,True,True,225,0.04870781672460506,4.969354108454692,0.8585882171113626
3582,250,247,222,True,True,222,0.048614183654489045,4.501369640329574,0.8556759611942759
3583,250,250,221,True,True,221,0.05874053269678319,3.8527938699249415,0.8283363145757254
3584,250,250,237,True,True,237,0.0539048822062297,3.8354138992714417,0.7874549248345558
3585,250,250,233,True,True,233,0.048809761530311926,3.543575908214421,0.7984066717653316
3586,250,250,230,True,True,230,0.05238328330160003,2.759042804668152,0.7620892627090551
3587,250,250,232,True,True,232,0.0492646849856199,2.314562620562641,0.7976536971359837
3588,250,249,235,True,True,235,0.05098569412764717,2.33398801676134,0.7998649290436103
3589,250,249,229,True,True,229,0.05166311239360653,2.518153590380208,0.8112177549159246
3590,250,249,224,True,True,224,0.0525149794769087,2.8113995460117,0.8466856077741668
3591,250,249,213,True,True,213,0.05206985749152747,2.977544530793818,0.8488400900797296
3592,247,247,218,True,True,218,0.05350555462514878,3.4391453181390736,0.9046054773600024
3593,199,192,164,True,True,164,0.061171130506617925,3.4027279008736313,0.9348992152538603
3594,203,201,175,True,True,175,0.05769727307083453,3.8069612944783837,0.7788178026868315
3595,216,208,181,True,True,181,0.057236259895363455,3.4718533593471244,0.7900492976109902
3596,227,214,187,True,True,187,0.060693561303759275,3.3818920177153027,0.9202352067754569
3597,246,245,219,True,True,219,0.06137178560740428,3.478128291590016,0.9032281986165471
3598,204,200,174,True,True,174,0.053140439281838925,3.884377430729623,0.8451319300375881
3599,211,201,179,True,True,179,0.05709932158823011,3.4755411092877835,0.8952411517980049
3600,246,237,210,True,True,210,0.05567143325153484,3.609351612134566,0.8456405824756295
3601,224,219,197,True,True,197,0.05973338197212136,3.3911820445304213,0.9224875068527046
3602,215,212,189,True,True,189,0.06015430945417629,2.835474177296264,0.9025887773078068
3603,207,199,171,True,True,171,0.060359067083163236,2.5312126477381995,0.8564096019437549
3604,199,197,168,True,True,168,0.059779499104694184,2.030242543220437,0.8121266377464544
3605,217,215,191,True,True,191,0.053931646727562774,2.0971633102208553,0.9704431891673263
3606,229,222,190,True,True,190,0.05601406181342267,1.81591534768324,0.8367948998147849
3607,233,202,183,True,True,183,0.05707789312775211,1.6855157337415716,0.8789121968686783
3608,209,161,135,True,True,135,0.04979504873273913,2.042564893590374,0.8754349945420643
3609,179,132,116,True,True,116,0.04777822425333436,3.1844615004657992,0.8866032462780321
3610,224,159,146,True,True,146,0.05114738853138256,3.6445517328925963,0.8208967797806935
3611,233,179,164,True,True,164,0.04921471047991117,3.975249270895226,0.8928049692023589
3612,231,202,179,True,True,179,0.04683303158137077,4.338219194586316,0.8696982279650394
3613,231,217,194,True,True,194,0.04832172619067004,5.071891155143353,0.8526910330611095
3614,215,206,178,True,True,178,0.06084072584919965,5.5723757737150725,0.8951457827905062
3615,247,246,235,True,True,235,0.05352214634056376,4.744447487295242,0.9106167151305568
3616,250,247,220,True,True,220,0.048776545787880154,3.953073416736106,0.7303976387183422
3617,234,230,212,True,True,212,0.05017769096309026,3.438521947075616,0.8768312752495645
3618,184,183,165,True,True,165,0.050572642605708214,2.604209904495383,0.8665612944480243
3619,174,174,162,True,True,162,0.05114576608013853,2.105901729576262,0.9018711516327387
3620,184,184,162,True,True,162,0.05080408930408864,2.2013154389922334,0.9390605424767773
3621,172,172,145,True,True,145,0.051426577390716974,2.508547316074308,0.8807096173576355
3622,161,161,124,True,True,124,0.05692423498351139,2.341926422456679,0.9305243377520158
3623,142,142,110,True,True,110,0.056917470436780034,2.669639127861237,0.9907355744408994
3624,122,121,95,True,True,95,0.06030899221947528,3.5504154040949514,0.9470591939107853
3625,101,100,79,True,True,79,0.06897537901554233,3.3673120957722706,0.8753774056582266
3626,94,94,83,True,True,83,0.06487083147791045,3.6370896218214996,0.8292382073416301
3627,104,104,91,True,True,91,0.07525313100726398,3.255142604126056,0.8675226798452025
3628,96,96,84,True,True,84,0.07444567207689518,2.9668137267816936,0.9434939820146725
3629,97,93,84,True,True,84,0.07331081557749386,2.931580178905522,0.8508144491855474
3630,86,83,74,True,True,74,0.06476312388839606,2.651092947021242,0.952191106458148
3631,90,83,77,True,True,77,0.07324090368435654,3.0959242678388237,0.9491752997706068
3632,80,75,66,True,True,66,0.07657375107034181,3.6016321068585775,0.8935139333908606
3633,86,86,70,True,True,70,0.06870510629225483,4.472211822497471,0.9639699476977862
3634,75,72,64,True,True,64,0.072477416535089,3.1670662408843424,0.9187894655997337
3635,56,53,42,True,True,42,0.06554013308332104,3.357220801955495,0.9984299648077917
3636,43,43,38,True,True,38,0.0648933002511301,3.9017249443526376,0.7488870507861662
3637,43,43,32,True,True,32,0.0545391536354569,3.8923863264541154,1.096745843842557
3638,44,43,33,True,True,33,0.059126663057818156,3.0288354195747806,0.9490427434336374
3639,53,53,38,True,True,38,0.07788019093893346,1.9524447598964028,1.067308316386908
3640,77,75,56,True,True,56,0.0657211346684964,1.7950965070944356,0.9991497123558176
3641,84,84,61,True,True,61,0.09092139555026173,1.999490670506242,0.8912975582565955
3642,82,82,71,True,True,71,0.06550734035225848,2.6174457848289383,0.8305795193229879
3643,106,101,91,True,True,91,0.06318186043175343,2.618541373995819,0.733247724679284
3644,83,83,72,True,True,72,0.05365059500316266,2.6177481119072805,0.8285388394413709
3645,86,86,83,True,True,83,0.06049097050840671,2.193316403336628,0.6833291121690083
3646,96,95,92,True,True,92,0.05339123222619751,2.4362890666538752,0.7966985796479028
3647,107,107,92,True,True,92,0.06202583266064418,2.4823730682371297,0.7804520797507478
3648,112,111,103,True,True,103,0.0593077765008782,3.059360874629419,0.771818225001432
3649,111,102,97,True,True,97,0.059270531386768854,3.146710085280578,0.7993104763623373
3650,129,129,119,True,True,119,0.05938086413115041,3.27957521632815,0.9029945162713834
3651,142,141,128,True,True,128,0.06373319075027017,3.099167746160755,0.8716169409020215
3652,154,152,141,True,True,141,0.06574703956498727,3.169741007293282,0.8739242783691153
3653,172,172,151,True,True,151,0.06307923165261799,2.977123247195085,0.8618561595293358
3654,180,180,156,True,True,156,0.06997256093038931,2.929473101710147,0.8658957427567412
3655,196,192,169,True,True,169,0.06640786812301197,2.5221328756536527,0.841394156450747
3656,214,206,190,True,True,190,0.06387620541556807,2.392011198014407,0.9076208862650016
3657,250,228,206,True,True,206,0.056910576392633604,2.0915437844879032,0.8941454600248552
3658,250,234,196,True,True,196,0.058387864335966405,2.6665627922233455,0.8734769162253119
3659,237,229,208,True,True,208,0.06255145138714069,2.5864282608047895,0.901159053161614
3660,250,246,211,True,True,211,0.05862060675056619,2.6309336167797226,0.9221074968408458
3661,228,221,189,True,True,189,0.05296121651154458,2.7643946835458215,0.9054554524716569
3662,249,243,206,True,True,206,0.062458555009897714,2.9870422327798867,0.843399362514968
3663,191,176,150,True,True,150,0.06674049850345282,3.034648330700468,0.903831938538279
3664,207,188,154,True,True,154,0.06427363882162074,3.485222644526951,0.8393086697231292
3665,250,240,217,True,True,217,0.06886565695305137,3.1097794004841712,0.8412973932681667
3666,250,243,231,True,True,231,0.064834887041172,3.7503028957133604,0.8620268184278956
3667,240,232,215,True,True,215,0.06568941922413164,4.640182622882882,0.8909835221766943
3668,250,244,228,True,True,228,0.058928636604567236,4.509902117045729,0.8655390195370928
3669,250,239,210,True,True,210,0.06633574360402504,4.077457378751757,0.7913405037242465
3670,250,243,223,True,True,223,0.06442600423781321,3.537150244616584,0.8453793120365973
3671,250,246,225,True,True,225,0.0556459591112473,3.0021044373993075,0.8200313133485752
3672,250,242,201,True,True,201,0.05449334491228343,2.517454957120675,0.772558041340294
3673,250,245,221,True,True,221,0.06005854265129408,1.683873230693502,0.8302561543757594
3674,250,243,230,True,True,230,0.06333265788030078,1.2535970497738593,0.7489038422244978
3675,250,229,222,True,True,222,0.06660704043745552,1.1679669879402377,0.7488704248245855
3676,250,211,198,True,True,198,0.06546062517034361,2.031614374779788,0.8029323868527456
3677,250,207,181,True,True,181,0.06602741407767201,2.211416361994443,0.7768031905677302
3678,250,210,194,True,True,194,0.05569981470774585,1.8407377578750779,0.8050828718151698
3679,250,205,186,True,True,186,0.06341700352406394,1.4656149317805702,0.8949802762408421
3680,250,197,182,True,True,182,0.05450804264200606,0.7948873688440784,0.7300950122725206
3681,250,161,146,True,True,146,0.055016828821045305,0.43820036202518425,0.8165027700234582
3682,250,171,162,True,True,162,0.055354101872442336,1.155457048574981,0.7921540885492522
3683,250,164,151,True,True,151,0.0575668290403048,1.455632071586916,0.7490296613497076
3684,250,170,152,True,True,152,0.056630686425930075,1.9086347900453677,0.7591839106380749
3685,233,176,157,True,True,157,0.057514029135490696,2.405700704873625,0.8412191252971624
3686,227,178,159,True,True,159,0.05407903938078456,1.3722841847645926,0.833999230035535
3687,250,201,177,True,True,177,0.05654057774081464,0.8995927253095187,0.7914300330665577
3688,162,149,136,True,True,136,0.05462295084421947,1.4383945827756546,0.7996177549529204
3689,167,156,133,True,True,133,0.06052323376426601,1.8511940718082653,0.8242347589076386
3690,160,149,134,True,True,134,0.058905436358074464,1.8309742432023781,0.7527881713903031
3691,158,150,141,True,True,141,0.06120928511236013,1.701571834786604,0.7525834427024307
3692,168,156,140,True,True,140,0.0647721039146736,0.9571448167224749,0.8711745263261205
3693,175,169,155,True,True,155,0.06879048190526496,0.7709220109309781,0.8697447187395972
3694,196,188,172,True,True,172,0.07024397333087702,1.1358297654545215,0.9273171309774305
3695,175,167,148,True,True,148,0.07278332827760223,1.2630573256150832,0.8849865314380715
3696,175,171,149,True,True,149,0.07671652404054362,1.1349680515828555,0.9134462806830373
3697,145,140,131,True,True,131,0.07714389723291104,1.4132314173589364,0.8985321916216589
3698,167,153,131,True,True,131,0.07852404256079958,1.29942750286469,0.9570472108357767
3699,187,170,151,True,True,151,0.07641250683269467,1.8985589919640746,0.901208871065125
3700,182,154,131,True,True,131,0.07485212137353887,2.0948007567029108,0.8884342029914183
3701,200,173,150,True,True,150,0.07384248215270765,1.4303789895892005,0.8914455169812651
3702,150,135,104,True,True,104,0.07685465410920013,1.3542245094528036,0.8657815397044121
3703,167,151,126,True,True,126,0.07683709610729848,1.447598991261987,0.9617297460141169
3704,159,146,112,True,True,112,0.08257616973302849,1.4360956805908023,0.9548208837748852
3705,143,137,110,True,True,110,0.07430936916131411,0.6705692049584567,0.8028672422201889
3706,126,124,105,True,True,105,0.07485846075482465,0.4495326998115501,0.8908925848981721
3707,115,104,84,True,True,84,0.06897562689009112,1.4675936749711092,0.8483826056931074
3708,103,71,60,True,True,60,0.06985795129170641,2.4386847244267718,0.9413463736677692
3709,80,69,67,True,True,67,0.06587654756181943,2.4931788679053017,0.8854911212372785
3710,77,66,51,True,True,51,0.05005045495759917,2.3054685220753863,0.8710209114891343
3711,62,58,45,True,True,45,0.031549238133880705,1.8939551220375501,0.9368539890294648
3712,53,51,39,True,True,39,0.07104765219597563,1.4561668927866247,0.9226065968074257
3713,42,36,0,False,False,0,,,
3714,140,124,115,True,True,115,0.0616439885813753,2.382095030212299,0.8420062614157048
3715,139,120,107,True,True,107,0.060550848773343297,2.520083865851888,0.8061442111698401
3716,102,99,90,True,True,90,0.06957995107970816,2.353954723173137,0.9179582436906313
3717,111,106,93,True,True,93,0.05517203579602655,2.444683763079977,0.8953065618122812
3718,96,93,88,True,True,88,0.09724386907786021,2.4176244989947646,0.823681139049823
3719,81,75,70,True,True,70,0.09067536524605456,2.321700847814316,0.9666839142863759
3720,107,105,97,True,True,97,0.0896458016438661,2.728079709897761,0.7603401029661482
3721,96,95,89,True,True,89,0.08068049176152,1.854796427636,0.762644162848112
3722,174,171,156,True,True,156,0.06725513114594081,1.0082602788553872,0.8679284236499114
3723,211,208,195,True,True,195,0.08420774160056109,0.5942371764747406,0.8462427770193233
3724,210,204,191,True,True,191,0.07902648343298803,1.1913414973230234,0.8524483107850286
3725,223,220,214,True,True,214,0.0760266553098254,1.7168362729272,0.8161325001256855
3726,229,227,207,True,True,207,0.08436933284722149,1.0799300101417721,0.8540325049671352
3727,228,225,208,True,True,208,0.0769545673240462,1.7450511272725993,0.8005814122324967
3728,248,243,223,True,True,223,0.08976459389258089,2.5821323814869594,0.8090997424793958
3729,250,243,203,True,True,203,0.09708560628995869,3.5774210129063317,0.753304728330527
3730,250,243,195,True,True,195,0.09735020582845569,3.2441528064730223,0.8877153387394091
3731,231,230,218,True,True,218,0.08408280397949669,3.0411786501485034,0.892089267617001
3732,214,208,181,True,True,181,0.0835276248650187,2.6310115701967214,0.9371464285571032
3733,215,210,175,True,True,175,0.0820029196285781,2.224333084787664,0.9227786594268844
3734,221,213,198,True,True,198,0.08562905826341867,1.6927013231396788,0.8572854830479296
3735,250,245,241,True,True,241,0.07977305866355124,1.4032246378411166,0.819357190402475
3736,241,236,213,True,True,213,0.06894993691286815,1.6887809546526913,0.8582029318206487
3737,196,191,174,True,True,174,0.07379979340339679,1.7751371090048986,0.9286068316971225
3738,195,190,164,True,True,164,0.07303379450736067,1.6238267145676484,0.8721960202984106
3739,236,229,191,True,True,191,0.06743871846739569,1.3460764438121502,0.8248133705042998
3740,250,244,201,True,True,201,0.07134171897910094,1.3723990855679487,0.817578277007788
3741,250,237,208,True,True,208,0.0660179742509181,1.3622213069706626,0.8519900711052372
3742,250,238,206,True,True,206,0.05756225425913154,1.2166867366881418,0.8708220125595606
3743,250,239,203,True,True,203,0.07469834636717053,1.2898405133122754,0.8912416790260411
3744,235,223,193,True,True,193,0.06860052257782386,0.8617812611747254,0.8848274345338645
3745,201,200,182,True,True,182,0.07307989488561621,0.9362922985695245,0.8329576468827576
3746,183,167,149,True,True,149,0.07025848584365867,1.3772743072826052,0.8640048168907184
3747,198,197,170,True,True,170,0.08191793584130054,2.2074733009512717,0.8502477407795288
3748,209,203,178,True,True,178,0.06375858941216093,2.532157399124745,0.8336555272737786
3749,210,194,175,True,True,175,0.08085679620179001,1.9905733613226977,0.8683639827856777
3750,216,208,186,True,True,186,0.07849788664273337,1.124623579287272,0.9322392502645251
3751,232,227,201,True,True,201,0.08276073638592359,1.331667387128892,0.8102664782291635
3752,250,244,222,True,True,222,0.07408926362047591,1.8706078015708159,0.9182072204150581
3753,250,243,220,True,True,220,0.08391279395003823,1.9924146997406438,0.8894758562930152
3754,220,211,178,True,True,178,0.0773282629548426,1.67085075386524,0.848290630335947
3755,207,191,158,True,True,158,0.07267816658176005,2.0993398821678455,0.9274947805562045
3756,250,244,215,True,True,215,0.06108351978586526,2.156622186970781,0.9535967096052373
3757,250,230,207,True,True,207,0.07901288154798791,2.3559348141632457,0.8734349122160681
3758,248,229,186,True,True,186,0.08338637584458818,1.866175468320596,0.9722566471883483
3759,250,239,200,True,True,200,0.07126514020666873,1.413709507014075,0.9241252244760964
3760,250,245,207,True,True,207,0.0684971371684264,1.6736102084965878,0.9330121841080125
3761,250,238,204,True,True,204,0.0653062007228514,2.159117045771802,0.8387846445639157
3762,218,211,168,True,True,168,0.07011240383329974,2.01889575389294,0.9204261512649824
3763,225,216,180,True,True,180,0.07050623681062909,2.534081970798022,0.9236984699094548
3764,235,228,186,True,True,186,0.07188897083102457,2.080888201186226,0.9217744677595666
3765,235,229,183,True,True,183,0.05749588747485377,2.261221788479698,0.8169194185444971
3766,206,200,173,True,True,173,0.06352128413415196,2.43557817967582,0.8968244452888209
3767,216,212,183,True,True,183,0.0570610103040067,2.6486436500352086,0.9499404183842407
3768,227,220,202,True,True,202,0.06907391084819085,1.99195764507605,0.919630039004341
3769,231,231,192,True,True,192,0.052350053114919165,2.2202929408844576,0.9961682571509864
3770,212,210,175,True,True,175,0.05835030475502302,1.878163015132073,0.9444234489363955
3771,230,227,198,True,True,198,0.07288713772512176,1.224558765427617,0.8882285376933785
3772,250,245,208,True,True,208,0.07396810868306983,0.6244970574766546,0.8624891314054999
3773,250,250,231,True,True,231,0.06453768890960071,0.7743290017069986,0.8167981491655038
3774,250,249,220,True,True,220,0.07006788671034285,0.8026499701815876,0.9190163090719082
3775,250,247,217,True,True,217,0.06562800109701271,0.9561085310516049,0.8115814032731852
3776,250,250,237,True,True,237,0.06931478994547051,1.4563617523646593,0.721140140987843
3777,250,250,240,True,True,240,0.07396844289973635,1.5820160847551012,0.9120931576335604
3778,250,249,219,True,True,219,0.08501527151048535,1.6447080762595716,0.8452400359020775
3779,250,247,213,True,True,213,0.07092409848426112,1.8651442400499987,0.8227456492893163
3780,250,249,224,True,True,224,0.07893931233808524,2.0873714069975846,0.7492141265375628
3781,250,249,230,True,True,230,0.07059282029032103,2.1400992185092163,0.8346847140187543
3782,250,246,217,True,True,217,0.07915277736499071,2.54967350472759,0.837679721045569
3783,250,249,212,True,True,212,0.08386751566679407,2.607428101637669,0.7992780879563885
3784,250,249,223,True,True,223,0.07793591611781428,2.811673163149629,0.8420491773782485
3785,250,249,225,True,True,225,0.06949151888622229,2.8906565442932632,0.7112808480974769
3786,250,247,205,True,True,205,0.0712284821215484,2.6069542860901187,0.8542069108453152
3787,250,218,187,True,True,187,0.07632447843016983,2.3651887786400603,0.8389009183589159
3788,250,215,193,True,True,193,0.07948389541518386,2.252032233395481,0.8379962952082698
3789,250,218,178,True,True,178,0.08563227182613332,2.3153017915639325,0.8583502686576592
3790,250,245,206,True,True,206,0.07790834900597929,2.666304358396581,0.7735183575341086
3791,250,236,210,True,True,210,0.07318474095187957,2.265309025889686,0.898251921449363
3792,250,244,218,True,True,218,0.06919526700772662,1.878698716069478,0.9134616326763038
3793,250,246,216,True,True,216,0.07211389886906107,1.7349662966498154,0.8967147019003704
3794,250,245,198,True,True,198,0.07023310787184797,1.718498691904348,0.8577839171871905
3795,250,247,206,True,True,206,0.06919762529770829,1.7732383798472369,0.8698616758567436
3796,226,225,175,True,True,175,0.06758899268241203,2.1266495036372617,0.9308439923414115
3797,193,191,155,True,True,155,0.07451983584655045,1.496947788765989,0.9698316281034605
3798,158,150,113,True,True,113,0.07302495728109044,1.4898278517667165,0.8744353504953006
3799,127,115,101,True,True,101,0.07906051221333789,1.2984719613268974,0.9383045647387181
3800,118,108,90,True,True,90,0.07518588131162114,1.892739617025678,0.885712478109857
3801,128,118,104,True,True,104,0.07622344766221982,1.8771325048027168,0.8892082271771741
3802,119,106,98,True,True,98,0.07429426501004144,1.9693522273140014,0.8394141163190918
3803,121,103,93,True,True,93,0.0658399711811998,2.3508142770977662,0.8864128712908187
3804,119,97,92,True,True,92,0.07825951037663716,1.3257412996389613,0.886529149261573
3805,110,96,83,True,True,83,0.06670552659502266,2.2696812588158517,0.9346806653867693
3806,127,111,99,True,True,99,0.06956715759247281,2.3637789576294828,0.8276505554752067
3807,102,100,95,True,True,95,0.07020818307785771,2.3712929114421923,0.8251697779437187
3808,102,99,87,True,True,87,0.06727865210298768,2.9769338785283694,0.8309425864468791
3809,89,88,74,True,True,74,0.0744516777704686,3.0607861866083006,0.9535705883556523
3810,89,82,72,True,True,72,0.06708517109471714,3.3934863712596677,0.756765062834242
3811,97,92,85,True,True,85,0.07933438174130078,3.3668824779056954,0.9059859532952339
3812,189,164,147,True,True,147,0.07593267324682755,3.26809037669819,0.9037759749609653
3813,185,171,139,True,True,139,0.08086314387543676,3.299291640309503,0.9164572027329824
3814,167,152,139,True,True,139,0.08047793577836732,2.8816037867782294,0.8547805685462835
3815,163,158,132,True,True,132,0.07781772329647063,2.848399432807272,0.9054995901536691
3816,154,152,134,True,True,134,0.0776077544171557,1.7455762762560811,0.9567865519394724
3817,146,145,127,True,True,127,0.07281098804338938,1.8082247940853329,0.8625778256373329
3818,159,152,126,True,True,126,0.07140371368896922,2.2432922549345573,0.8580877835306122
3819,157,149,132,True,True,132,0.07412396583966052,2.388320451620993,0.911791792745968
3820,182,167,140,True,True,140,0.07130906717826653,2.5110380530371645,0.8491209488645557
3821,165,147,115,True,True,115,0.07506828031860864,2.518742281039383,0.8398218969023558
3822,136,130,107,True,True,107,0.07805170438170453,2.5338672820559087,0.936776495979879
3823,170,160,127,True,True,127,0.07777878692174801,2.7318153672461376,0.8495301449772039
3824,178,170,143,True,True,143,0.07974186894401565,2.314266145354484,0.8667046930455186
3825,206,201,185,True,True,185,0.07645280201027774,1.2743912966584057,0.7683222845474462
3826,209,202,170,True,True,170,0.06701010455886598,0.7887543359476714,0.8222869809978252
3827,250,231,209,True,True,209,0.06753705216450712,1.616191782167879,0.8804053467157832
3828,250,236,221,True,True,221,0.07936500972595324,2.182401456943885,0.8209362304494536
3829,210,202,193,True,True,193,0.0718236573561206,2.5015977619377074,0.8674698197675145
3830,204,195,162,True,True,162,0.05038118698793055,2.644589152339011,0.8136616323768875
3831,207,195,185,True,True,185,0.07378320389986563,2.4176216758172453,0.8463575354310073
3832,210,208,189,True,True,189,0.07814796799700359,2.4350554934896014,0.8233172239328513
3833,226,220,200,True,True,200,0.06764951570952454,2.6121476741507466,0.8196437648688196
3834,236,233,213,True,True,213,0.07112359500056038,2.9290733919645358,0.8166962561562907
3835,218,213,198,True,True,198,0.06418427527504046,3.6849582867554713,0.8126967089507211
3836,202,201,171,True,True,171,0.082554171705567,4.38726820524066,0.8524654907865546
3837,187,183,165,True,True,165,0.06639375204422278,4.998974810071411,0.8105395260126493
3838,181,179,161,True,True,161,0.06296007775665358,4.715322423187235,0.8788542243350574
3839,200,198,179,True,True,179,0.05582879389062578,4.49609117220981,0.8866552557407217
3840,204,200,169,True,True,169,0.0603597098902178,4.632736082370583,0.883846884183232
3841,222,214,189,True,True,189,0.06171570449121099,3.743657335113904,0.8427294878347803
3842,200,199,174,True,True,174,0.04692808766779215,3.3502461206794316,0.9248554412326356
3843,182,180,150,True,True,150,0.061655534873470336,3.098187069193902,0.8003691701338566
3844,138,133,121,True,True,121,0.06420707106889918,2.972155644110435,0.9400269144230458
3845,165,160,148,True,True,148,0.06559021809794041,3.258123516667672,0.9120087229471074
3846,170,167,156,True,True,156,0.07282431217983577,3.1102085129470614,0.8855006655503346
3847,151,141,123,True,True,123,0.07253377107615736,3.4755700678396617,0.8400605645931499
3848,168,158,136,True,True,136,0.07200165577001477,3.265969332958296,0.88555405396063
3849,185,174,155,True,True,155,0.07218252347910223,3.5447569823389498,0.9506160549895587
3850,203,194,170,True,True,170,0.07701908234450085,3.2593018182700213,0.8629512307828511
3851,231,216,189,True,True,189,0.0730758965212352,2.993323917167405,0.8665452058311426
3852,140,127,99,True,True,99,0.07607285927947648,1.9069191887722812,0.8356216592061527
3853,155,137,115,True,True,115,0.07576201898732055,2.266293477169829,0.9812963107813621
3854,160,138,108,True,True,108,0.07970208799788704,2.4104832437331263,1.0859067727071225
3855,139,118,90,True,True,90,0.07530667644641979,3.199368108339792,0.8385215001351699
3856,122,97,73,True,True,73,0.11002149859226057,3.9243347984927737,1.212901489216194
3857,99,85,66,True,True,66,0.07815970063921965,3.742011483821358,0.9660337796246146
3858,88,77,69,True,True,69,0.07533483519084987,3.6634247229676626,0.8382461217975854
3859,87,82,71,True,True,71,0.06935321843670322,4.324406475609912,0.9836053197676842
3860,81,77,69,True,True,69,0.06634195700735934,4.963408000012261,0.9625580869462685
3861,94,92,80,True,True,80,0.07071616268217322,5.10596050408954,0.9395531477484874
3862,103,101,87,True,True,87,0.06979559813330471,4.6729906195765585,0.8801920673428091
3863,95,89,77,True,True,77,0.0644120530081127,3.1633789894837885,0.8918879353806701
3864,109,105,89,True,True,89,0.0757817111044834,3.6802167844429623,0.849124186649359
3865,110,97,89,True,True,89,0.06635090179159213,3.309383521596978,0.7900332170237813
3866,117,114,96,True,True,96,0.06088341233734637,3.177518969057383,0.7554095743828776
3867,119,114,102,True,True,102,0.05731229843579028,2.950408805505627,0.7820238109722218
3868,124,123,108,True,True,108,0.07069576994416035,3.1368090475519206,0.826196706373634
3869,204,202,181,True,True,181,0.06333185279539516,3.2138781719998537,0.8040321995422512
3870,203,198,161,True,True,161,0.05601795314126787,3.3250231918291786,0.894098688833145
3871,240,233,205,True,True,205,0.06211441035244447,4.0570306909497775,0.8249542255788362
3872,250,243,199,True,True,199,0.0702535578674805,4.443170653203566,0.8695542236645565
3873,250,243,205,True,True,205,0.07378489632914222,4.553053446392833,0.8413841137595715
3874,250,245,208,True,True,208,0.06907617590387487,4.335612004084454,0.8659604141493553
3875,250,246,219,True,True,219,0.0819224297137285,4.351426138224711,0.8518026844754342
3876,234,233,212,True,True,212,0.06635346903357028,3.9644501506107983,0.8188801590250986
3877,250,249,227,True,True,227,0.07406515823877152,3.924327615041838,0.8842724941507648
3878,250,248,223,True,True,223,0.06559559257993886,4.118676555655037,0.8451587185760074
3879,250,248,233,True,True,233,0.0628475258746557,4.751687165977239,0.8684431979923392
3880,250,250,222,True,True,222,0.06918723856026554,5.024485912766247,0.8291133646574422
3881,250,250,230,True,True,230,0.060330620723736565,4.667400598439057,0.8153091826638337
3882,250,249,227,True,True,227,0.05736781839064169,3.7501974736620016,0.784802363244085
3883,250,244,212,True,True,212,0.06868552363644181,3.0117041368340765,0.8454259123269894
3884,250,250,227,True,True,227,0.05993610916307638,2.7861711094836985,0.7746311630427778
3885,250,247,234,True,True,234,0.056278109952384414,2.1746333637754356,0.9066599212718426
3886,250,249,232,True,True,232,0.055884336247784105,2.1693561096387093,0.7439433375200519
3887,250,250,232,True,True,232,0.056898653854020785,2.3470566655689287,0.8113798564652955
3888,250,250,236,True,True,236,0.0715010587863798,2.603183399112792,0.8242140536461976
3889,250,250,236,True,True,236,0.05365398236909472,2.974611629422003,0.8356471141871943
3890,250,250,216,True,True,216,0.0544264369254013,2.991958832863003,0.8561340809110916
3891,250,250,221,True,True,221,0.06258321060510535,3.0187386493879647,0.8425029462083793
3892,250,249,227,True,True,227,0.06042380650577381,3.5135994443541625,0.8042207214555487
3893,231,231,197,True,True,197,0.05018082469777263,4.07466255030135,0.8237498139083181
3894,216,216,184,True,True,184,0.0664311292075442,4.288716313202734,0.8304930413401224
3895,194,194,166,True,True,166,0.07045775168072503,3.2531624830113146,0.8764450446433074
3896,205,203,165,True,True,165,0.06506938768448739,3.202636717144981,0.881419361331385
3897,202,200,177,True,True,177,0.06286996718834077,2.9817571320858733,0.8844779625467222
3898,218,218,187,True,True,187,0.0648080767838181,2.9080708657321566,0.8435381373449267
3899,190,190,172,True,True,172,0.0648827733708727,2.5075530651023255,0.9340800440780013
3900,237,237,186,True,True,186,0.05271877626436785,2.3285906581700146,0.9641337758953157
3901,204,203,175,True,True,175,0.06084436095989333,1.6226611777793305,0.8744246228352672
3902,185,182,158,True,True,158,0.0626010637262497,1.5497143498575845,0.8334194350048315
3903,198,190,167,True,True,167,0.054754822270193,1.640105264555584,0.8267283554329969
3904,185,182,165,True,True,165,0.06081477211223553,1.5766175375331135,0.8915826839709469
3905,145,145,121,True,True,121,0.05140687570088575,2.4806037207401874,0.8870445137966423
3906,154,154,138,True,True,138,0.06350936534855399,2.9331304204673856,0.9033816049325177
3907,123,123,95,True,True,95,0.06511590249374412,3.444555657061461,0.9569208162493091
3908,124,123,103,True,True,103,0.07211262416811258,3.517867498911065,0.8298784003353644
3909,133,133,108,True,True,108,0.07734705514924059,3.968102512819872,0.9428477752596678
3910,158,158,124,True,True,124,0.06900301095008302,3.8230376535310024,0.8385560469890259
3911,210,202,167,True,True,167,0.06101051544813654,3.1113262063012694,0.8337869101679052
3912,224,214,164,True,True,164,0.07846789346154866,3.8193184426993967,0.8602584170306
3913,220,220,178,True,True,178,0.07309578692457838,3.557881964471642,0.8038149724064634
3914,239,234,198,True,True,198,0.07419963062057991,3.346137021077977,0.8662708248747581
3915,238,238,211,True,True,211,0.06804931192850773,4.017972182800222,0.8589407228016244
3916,237,237,221,True,True,221,0.0689388924789612,4.440792440213031,0.8739887082786344
3917,250,250,236,True,True,236,0.07189535037911736,4.67484013776598,0.8579387570871242
3918,250,250,216,True,True,216,0.06836519945120921,4.185322904515265,0.8022704706613982
3919,250,250,218,True,True,218,0.06986472891930794,4.136487760954836,0.8487516036928286
3920,250,250,238,True,True,238,0.06903055651624186,3.7405461126670048,0.7594771499284363
3921,250,250,229,True,True,229,0.07033386488345399,4.287092210292294,0.8001640649996825
3922,250,250,229,True,True,229,0.06498945704823252,4.718956806718905,0.8042460675481117
3923,250,250,225,True,True,225,0.06305233056046419,4.847930063738634,0.8286590766370059
3924,250,250,224,True,True,224,0.06691292393087164,5.085016735362768,0.7909012585305492
3925,250,248,229,True,True,229,0.06237318014718517,4.530949469631599,0.812799614208884
3926,250,248,232,True,True,232,0.061317432410624775,3.691394060066361,0.8944293729271594
3927,250,246,218,True,True,218,0.06032527526542603,3.4684723293726147,0.8543035848264592
3928,250,244,207,True,True,207,0.06449581343941176,3.314004230183153,0.8096289716148218
3929,249,240,220,True,True,220,0.06342900263919088,3.435580523917206,0.8538242011622712
3930,233,231,197,True,True,197,0.06266706725758382,3.832556040609302,0.8572279248774018
3931,185,177,157,True,True,157,0.060741361896217955,4.511210990135823,0.9177574482301606
3932,222,219,193,True,True,193,0.06509036305063426,4.122241104034055,0.9089580394060204
3933,197,192,167,True,True,167,0.061658705407010156,3.7073421603772196,0.8601800985710528
3934,133,123,101,True,True,101,0.05537557540192348,3.6750194149020095,0.8318462289239652
3935,101,94,79,True,True,79,0.06228648453216403,4.941532347714796,0.8536067610419306
3936,96,93,84,True,True,84,0.05963068938637911,3.9471004273069012,0.8641599937818405
3937,118,109,92,True,True,92,0.06236476686874985,3.423262868527665,0.80671035591715
3938,130,122,108,True,True,108,0.06340421570408192,3.0909254324676674,0.8517769891997161
3939,131,126,108,True,True,108,0.05805988919012634,2.660305602243913,0.9723229668761767
3940,126,123,104,True,True,104,0.059174134463858837,2.469519286099585,0.8518751027734242
3941,117,117,101,True,True,101,0.06053235530174253,2.656272664013832,0.8688477515481737
3942,108,108,95,True,True,95,0.06801340527316811,2.2518407638361824,0.8787596597815439
3943,70,70,58,True,True,58,0.05972931685347415,3.316999538717207,0.9692727389924473
3944,75,75,58,True,True,58,0.0673413381335441,2.932202341525639,0.7978006907474404
3945,74,73,62,True,True,62,0.0592643525196672,2.7360616306049965,0.999977175548069
3946,82,81,67,True,True,67,0.054752875142613136,2.471017915420775,0.9302244211541193
3947,71,71,60,True,True,60,0.06588546482499825,2.2028026575644764,0.9303167492032901
3948,71,71,61,True,True,61,0.06502213693293905,2.3858215271816947,0.8907428337811356
3949,98,98,83,True,True,83,0.05911166518972548,2.9296687372329684,0.8486458462947795
3950,96,96,81,True,True,81,0.06121469784893099,3.68826703802725,0.858647556340551
3951,106,106,95,True,True,95,0.06891915866223554,4.254126420504525,0.9554086800004615
3952,95,95,83,True,True,83,0.0679282971114544,4.976434574696941,0.8649162412417681
3953,99,99,93,True,True,93,0.05777395162647354,5.264199533665102,0.8960847157948216
3954,103,103,92,True,True,92,0.056423748261232406,5.38270282683473,0.8409723026521322
3955,120,120,107,True,True,107,0.04753897796431347,5.14524814924481,0.7166639759712926
3956,162,161,137,True,True,137,0.04854791256582792,5.319815640581129,0.7940888595560155
3957,175,175,167,True,True,167,0.04299262737731722,4.905594874632204,0.8755029353784622
3958,201,201,165,True,True,165,0.037405833469762756,5.265532680524174,0.8433877271439054
3959,250,250,220,True,True,220,0.04291889171594978,6.105533078302996,0.9005339824836122
3960,250,250,221,True,True,221,0.03984603360484206,6.639762438746269,0.8927678505463091
3961,247,247,213,True,True,213,0.039269019443267605,7.8955104271087295,0.8624011732842359
3962,250,250,219,True,True,219,0.040645546716834804,8.283016179321612,0.8421402377444649
3963,231,230,213,True,True,213,0.03785119279854335,8.57256736966131,0.8958186838049131
3964,250,250,209,True,True,209,0.03357594381547274,8.350160493646209,0.8358950304208735
3965,250,250,217,True,True,217,0.03403599799954791,8.100247694849648,0.9084607913274851
3966,250,246,215,True,True,215,0.042110255594571135,7.567856579673102,0.8143783816054933
3967,250,250,226,True,True,226,0.042589340206580284,7.161980165752968,0.7956341065274711
3968,250,250,212,True,True,212,0.040712432359629104,6.936932704163646,0.8470966863667023
3969,250,249,216,True,True,216,0.04796981477691211,7.189418024250066,0.9013907670242242
3970,250,250,216,True,True,216,0.053330329165183155,6.779660749344357,0.8363118145730106
3971,250,250,204,True,True,204,0.06206066637504835,5.960947236175098,0.939505829177344
3972,250,249,218,True,True,218,0.05661761301819667,5.642228372237125,0.8540604103236094
3973,231,230,191,True,True,191,0.05449632518757732,5.152161365209292,0.9260395215106705
3974,198,198,174,True,True,174,0.056988817587380954,5.430457770493716,0.8270508844588889
3975,170,166,148,True,True,148,0.0660302469548919,5.044102750667135,0.8673913847139024
3976,174,174,143,True,True,143,0.05973670291009672,4.147144916787763,0.9054204237387772
3977,181,179,158,True,True,158,0.0589289490601643,4.001579906681091,0.891212496346572
3978,197,191,165,True,True,165,0.056657386296030746,4.042790965653235,0.8162838463502864
3979,186,185,148,True,True,148,0.06293033430116739,3.468230037839146,0.8616927778607947
3980,169,169,142,True,True,142,0.055447529517276564,2.8660977269281824,0.7900336610222035
3981,165,160,142,True,True,142,0.06044513236055066,2.2331898135055184,0.843040610379513
3982,142,138,115,True,True,115,0.06766167372482867,2.3747584942232915,0.8055725766416084
3983,191,189,158,True,True,158,0.06638182738738423,1.8530566970901454,0.834239412843335
3984,181,180,139,True,True,139,0.06132422369064205,2.269749819567129,0.9512476956621883
3985,176,176,148,True,True,148,0.0630943040678535,2.4118000783502453,0.8158957881807749
3986,226,226,197,True,True,197,0.06540685014093621,2.598624339159422,0.940920425567848
3987,217,209,174,True,True,174,0.0691745673719132,2.7434239600640375,0.9451888523295466
3988,173,169,135,True,True,135,0.07073744535460899,2.645917229515495,0.910560634306711
3989,194,187,159,True,True,159,0.06995484973932604,2.922796274726263,0.8648423409087006
3990,195,191,161,True,True,161,0.06552607458687532,2.4239433165443716,0.8924155428045433
3991,132,114,93,True,True,93,0.06756898779479088,1.463064085777812,0.8624783182390475
3992,128,118,88,True,True,88,0.06282459539270181,1.2753049657862454,0.9046170389322977
3993,152,140,109,True,True,109,0.0577673534051136,0.9156476556600914,0.8336854201090446
3994,133,130,107,True,True,107,0.06625725770672809,1.1599691880974363,0.7913327592113192
3995,116,111,95,True,True,95,0.059502796216005335,2.0783384813655155,0.7441651761534654
3996,118,109,100,True,True,100,0.05036611477303788,3.0918076978772357,0.8719283061582244
3997,103,99,93,True,True,93,0.05600740705542758,5.136952411141544,0.7809170412203366
3998,93,89,80,True,True,80,0.057848761584434506,5.84506125230352,0.8870228946577923
3999,84,84,73,True,True,73,0.05802530141350088,5.608834130045449,0.7628470624177012
4000,83,82,72,True,True,72,0.04871653015963892,4.833335671001873,0.721861557193138
4001,88,85,71,True,True,71,0.047696188687137854,4.861472636477289,0.8426976323723435
4002,98,90,79,True,True,79,0.05273720528850698,5.205292083482214,0.8632185644539524
4003,101,84,76,True,True,76,0.053410206012558636,5.511059137251841,0.8183636234716786
4004,119,85,81,True,True,81,0.053252316098935985,4.255795773908478,0.8000360944352101
4005,113,74,67,True,True,67,0.05980954512976851,4.2163874002356305,0.7734899224015908
4006,130,88,73,True,True,73,0.05549899954155548,4.080987413938131,0.8494790725327912
4007,118,99,90,True,True,90,0.05010226608032836,3.6349888197067752,0.8959433729409991
4008,81,64,56,True,True,56,0.057647141748679596,4.280264334565577,0.8542016659898184
4009,104,87,81,True,True,81,0.05791552682363304,5.2011116019675505,0.8798238936715073
4010,123,109,96,True,True,96,0.06288296191584289,5.789493094681484,0.8690696909572877
4011,72,70,68,True,True,68,0.05712644990446875,5.093914450377715,0.7270948453045559
4012,73,73,67,True,True,67,0.06484792274928364,4.361395340349561,0.7811770800340635
4013,77,77,73,True,True,73,0.06694207682348881,4.436271545895422,0.7828447627327769
4014,74,74,72,True,True,72,0.060156205691574614,3.7325196771693,0.7823201127867945
4015,91,91,78,True,True,78,0.0675070727186825,2.7271273057518544,0.8906228919660216
4016,90,90,79,True,True,79,0.06860363285323756,3.047067293647178,0.8298754363119055
4017,142,142,133,True,True,133,0.06625357608854293,3.3811175287321236,0.9557304367017788
4018,142,140,116,True,True,116,0.059952794186701464,3.4473654086965344,0.9326396773187485
4019,112,105,95,True,True,95,0.07110158326524858,3.6649999968543736,0.899817791470775
4020,97,95,85,True,True,85,0.06982522732877791,3.6897472859736062,0.8136380568843116
4021,82,82,73,True,True,73,0.06476775186180052,4.187444332630531,0.8555156823319922
4022,71,70,62,True,True,62,0.06525621701370446,3.7680516268435458,0.9415634324896702
4023,59,59,49,True,True,49,0.04997528222802926,3.88302809126389,0.905010606411996
4024,62,62,53,True,True,53,0.062492865894062596,3.1981849355926504,1.0330097573593195
4025,76,74,61,True,True,61,0.0733061255301804,3.5299799488287706,0.8955073628782794
4026,73,73,60,True,True,60,0.07018505433585535,3.6579991467199124,0.985944867199888
4027,74,74,64,True,True,64,0.06964539567642858,3.56805758753945,0.997802282347833
4028,58,58,47,True,True,47,0.07035131270516541,3.307876062769872,1.038620655005781
4029,45,45,35,True,True,35,0.07002165470831577,4.5435271811669615,1.0066838420738804
4030,37,37,0,False,False,0,,,
4031,39,39,35,True,True,35,0.0739856667728705,2.3000583476665666,1.0276747091463319
4032,48,48,43,True,True,43,0.08381323453313508,3.9173917622281604,1.0281665437980936
4033,45,45,40,True,True,40,0.08633338415773688,5.2905994786171675,0.8108577214396282
4034,62,62,52,True,True,52,0.05549890859009993,5.670377062332278,0.8186441720005372
4035,52,52,39,True,True,39,0.06150594165933967,4.768314835101431,0.9085105852593195
4036,83,71,62,True,True,62,0.061056631844106556,3.032693281568137,0.9406574787650717
4037,85,77,71,True,True,71,0.05564840303004972,2.0823348206223153,0.8653833654089935
4038,69,65,54,True,True,54,0.06216057886278881,2.1039802690324914,0.8162713012058627
4039,75,74,68,True,True,68,0.06804702091234754,2.0498759274588974,0.8271802807843989
4040,77,77,64,True,True,64,0.07141361879101726,1.4827938640494482,0.8168548212264825
4041,87,86,76,True,True,76,0.05554233133600555,1.0246474175419058,0.9307265432931139
4042,60,60,51,True,True,51,0.06050374812416093,1.5902306386374119,1.0295455027605565
4043,67,67,60,True,True,60,0.06009840202629441,2.2962582619689123,0.9963392224295587
4044,69,69,58,True,True,58,0.05861345452952548,2.569618998956322,0.9639427372630344
4045,93,92,83,True,True,83,0.06087529455156795,2.4792117269407137,1.0151612739082487
4046,105,104,91,True,True,91,0.057996139361674325,2.937528867354,0.8192586593494763
4047,93,88,65,True,True,65,0.07461805671847904,3.8354457121510968,1.0353252136393458
4048,71,71,55,True,True,55,0.07240751811111466,4.5996343350357645,0.8568992389256458
4049,105,105,93,True,True,93,0.06534436166401072,4.721933485211682,0.8783828546832522
4050,126,125,114,True,True,114,0.05733028933352879,5.09215545168528,0.8816223006760492
4051,140,140,129,True,True,129,0.05526420769630184,5.342559037898022,0.9047848412502713
4052,128,122,108,True,True,108,0.08043956221467544,5.617913114271431,0.9095847312169917
4053,86,84,78,True,True,78,0.06922289853612704,5.137837712329615,0.9191898515043148
4054,94,92,82,True,True,82,0.04996377679142104,5.016993647943175,0.8293890495279888
4055,117,110,104,True,True,104,0.06300937707671134,5.0954845699957145,0.9031560398531072
4056,105,102,93,True,True,93,0.07993029904759687,6.054305771284257,0.9215641851421355
4057,250,250,218,True,True,218,0.07436335608042076,5.46810866294446,0.7413111700456348
4058,250,250,210,True,True,210,0.07752018536052722,5.1868797892447684,0.8623329616304207
4059,250,244,208,True,True,208,0.0801191191151848,5.456854473158984,0.8509929953488409
4060,250,247,211,True,True,211,0.07516037599440721,5.404572377922491,0.8775606616692601
4061,250,248,221,True,True,221,0.06811071329419677,4.8623131602422776,0.8021437532018858
4062,250,248,203,True,True,203,0.07172240221366112,4.7469067146189765,0.8142404279268797
4063,250,248,200,True,True,200,0.07111098395140096,4.898246028091108,0.9066372394239683
4064,250,250,217,True,True,217,0.05980996566501868,4.783082595298793,0.8173411669943879
4065,250,250,210,True,True,210,0.06814983615521625,4.299859545154576,0.8745321237584937
4066,250,248,205,True,True,205,0.06537414334679184,3.4642649213464227,0.8307028989012722
4067,250,247,223,True,True,223,0.058543961134800024,3.4885915566115306,0.8862676288017791
4068,250,250,220,True,True,220,0.06264218552256749,3.9229881250478615,0.7498148636130438
4069,250,250,221,True,True,221,0.056562197679767265,4.627019284468701,0.8817886096755699
4070,250,250,219,True,True,219,0.06498097527254772,4.5454558365793165,0.8413926995698028
4071,250,250,217,True,True,217,0.06777307218479095,4.546355594677872,0.8345605753463778
4072,250,250,202,True,True,202,0.06725901916418289,4.735009082143562,0.8381703669160888
4073,250,249,211,True,True,211,0.06509393790126314,4.3677602731811085,0.7521541582020244
4074,250,246,214,True,True,214,0.07125637731283595,4.04807263969463,0.78410483331573
4075,250,248,229,True,True,229,0.06913888972434845,3.764993502269073,0.7185240707694762
4076,250,248,232,True,True,232,0.06907055083236494,3.8651326795769343,0.7108637053182373
4077,250,248,217,True,True,217,0.06895641429109263,3.893066103783221,0.74970626879708
4078,250,249,213,True,True,213,0.061392755830305054,3.3822635739999924,0.8250676643523899
4079,250,250,230,True,True,230,0.050274966166415636,3.237612839900491,0.7642425545321937
4080,250,250,215,True,True,215,0.06948033791170133,2.721264789826501,0.6763542621330446
4081,215,212,173,True,True,173,0.06472965682096363,2.009892586430143,0.9068088821574365
4082,250,247,212,True,True,212,0.05995857921528244,1.7256558155843762,0.8258504997077846
4083,250,245,205,True,True,205,0.05641297658599214,1.660847859877734,0.7812924266039014
4084,250,247,220,True,True,220,0.060035483048613614,1.466503894976984,0.8023630296544499
4085,250,247,216,True,True,216,0.06286389231566554,2.1012058026628817,0.7541481148395146
4086,250,248,205,True,True,205,0.05497515652347635,2.576872284297863,0.7308866480497972
4087,250,246,200,True,True,200,0.05629996885518581,2.026522945886664,0.7813522597553872
4088,250,249,199,True,True,199,0.04086747994971435,1.901787481833333,0.999437407481679
4089,250,245,210,True,True,210,0.03863792345727354,2.282345012962505,0.8812035561126458
4090,250,240,188,True,True,188,0.05266942793059213,2.5365997179129667,0.8265129546446391
4091,250,229,191,True,True,191,0.05361042170900971,2.650155589811851,0.8491842871574632
4092,250,250,186,True,True,186,0.05734974544244762,2.6485188571622564,0.8366036490546273
4093,250,243,194,True,True,194,0.06171770152240501,2.512556936916949,0.8896576485154042
4094,250,247,184,True,True,184,0.06524273894307983,3.130803636084879,0.8586333277300536
4095,250,244,189,True,True,189,0.0655449339622129,3.48448323776048,0.8657791834315592
4096,250,244,186,True,True,186,0.05593947480568437,3.7769874421282474,0.9233856879143207
4097,153,148,128,True,True,128,0.06283062886639373,3.661943967509048,0.8869293891627992
4098,175,175,146,True,True,146,0.05506567801036823,3.4793528318790385,0.8970604892272726
4099,167,167,146,True,True,146,0.050038734804336425,2.6539569860406447,0.8461502667887567
4100,185,185,158,True,True,158,0.05179438653849003,2.047191746349212,0.9187804204557893
4101,187,187,166,True,True,166,0.05427352504322264,1.5410360235160334,0.8293523862566119
4102,184,184,163,True,True,163,0.055589591478609264,1.6237803992758777,0.9309767253943675
4103,214,214,184,True,True,184,0.05821537871887708,2.126779389223524,0.9436023743008909
4104,216,216,178,True,True,178,0.05638823513405945,1.8448146977703126,0.8918007470846605
4105,137,137,114,True,True,114,0.07258229792968433,2.246689781355292,0.9810832883960439
4106,130,130,108,True,True,108,0.06731834424876738,2.745960691985338,0.8368741539772755
4107,114,114,93,True,True,93,0.06845943896058442,2.9590849920826114,0.8700889739621603
4108,125,125,102,True,True,102,0.06040638804411962,2.4159098741661236,0.8052887138675286
4109,131,128,116,True,True,116,0.06387469639404382,2.5019370298215433,0.8801561533590023
4110,137,137,121,True,True,121,0.06521618139452394,2.4878683517372617,0.8093166799340796
4111,143,143,123,True,True,123,0.07599479129843695,2.3483485515533036,0.7543213989162302
4112,129,128,106,True,True,106,0.06132950048805406,2.6283895255403498,0.8569491723178849
4113,144,144,120,True,True,120,0.0843314653359362,3.3381302821977314,0.8526934428468635
4114,86,86,74,True,True,74,0.0543755260788358,3.348628447275074,0.7928824526195878
4115,92,92,87,True,True,87,0.061328344052784624,3.91468596323313,0.7252390465250662
4116,81,81,74,True,True,74,0.06310592190579224,3.7067348180533526,0.69386025570813
4117,80,80,76,True,True,76,0.05949716218823106,3.396430613721199,0.7611133435449098
4118,89,89,84,True,True,84,0.05976158268843251,3.5273792286338974,0.7423985134496031
4119,85,85,80,True,True,80,0.05615211970928005,4.194093232970102,0.6814347859501497
4120,72,70,69,True,True,69,0.06563676147539094,4.5185428426788565,0.7339945021649549
4121,87,83,75,True,True,75,0.04111091556818986,5.386721665253061,0.7220301054483428
4122,68,62,57,True,True,57,0.044765927761468684,5.091261293114159,0.8322145325994982
4123,74,63,52,True,True,52,0.028262957738822873,5.802989043763865,0.8897714898301389
4124,79,63,58,True,True,58,0.052469943319345874,5.661926065995526,0.8715673938185644
4125,70,62,54,True,True,54,0.045084733825582084,5.530262007127603,0.8730022553189251
4126,72,67,58,True,True,58,0.043972067091659704,5.477987684921604,0.8170914206540426
4127,53,53,49,True,True,49,0.056279856900879145,6.448164357057049,0.809121353683906
4128,55,53,45,True,True,45,0.03433475378669073,6.7362379629514155,0.97343360724727
4129,52,50,43,True,True,43,0.053533921399387785,6.479926002376876,0.8429639072256296
4130,66,63,57,True,True,57,0.049711633973550266,6.599614994360098,0.7759953713573924
4131,95,95,83,True,True,83,0.055499769663734495,5.9577145467772645,0.8554778159405166
4132,78,78,69,True,True,69,0.05206791069567827,5.477850621848145,0.8979078635275092
4133,65,65,64,True,True,64,0.053884277784244275,5.568355470697357,0.6892851004734677
4134,69,69,60,True,True,60,0.053565665656853605,4.702687745207034,0.7191900154606387
4135,76,76,70,True,True,70,0.05072870919601827,3.499285244646222,0.7125996696487865
4136,77,77,67,True,True,67,0.06467875198019853,2.9945692105816297,0.8397477910151275
4137,53,53,50,True,True,50,0.05883916797547649,3.592304786162777,0.9312443819758581
4138,77,77,69,True,True,69,0.05998600748570908,4.007341286008599,0.9649210100333195
4139,116,116,102,True,True,102,0.05845150510324842,3.8825784076525443,0.7597626317803648
4140,121,119,111,True,True,111,0.053965516587641406,4.773263940270355,0.8619749156017503
4141,103,101,82,True,True,82,0.04563152740940119,5.535211879917886,0.8096324577313081
4142,111,111,104,True,True,104,0.05769187653510182,4.026804403718782,0.7960614503349734
4143,125,124,110,True,True,110,0.049352218722487094,4.312681093066981,0.8768446313366932
4144,116,114,101,True,True,101,0.05530064235695075,2.728199618524766,0.8620041588320286
4145,131,124,106,True,True,106,0.056516984527585606,2.7013870415831596,0.830172908878558
4146,127,113,96,True,True,96,0.055836198968757696,2.497859600072632,0.9088481191124084
4147,141,129,117,True,True,117,0.05439273888687177,2.9217221219588967,0.8664137559244606
4148,170,160,129,True,True,129,0.05611602843448999,2.878701145256917,0.8742822213741986
4149,168,166,146,True,True,146,0.05071917635652335,3.3243028273556248,0.8296808052139112
4150,149,148,128,True,True,128,0.05178794333400184,3.4463078975253123,0.9109585729758471
4151,173,168,149,True,True,149,0.05654359888689144,3.7142475307197644,0.8512398856381361
4152,199,199,173,True,True,173,0.055988666655926916,3.406652314697345,0.9211209388546014
4153,188,188,157,True,True,157,0.054134109687366726,3.2826148136392272,0.965517921449125
4154,195,190,148,True,True,148,0.0542117406633982,3.024399505266979,0.9777084177043954
4155,195,194,154,True,True,154,0.05292807252388211,3.0947969161898072,1.005705795718839
4156,141,141,114,True,True,114,0.0545609857002942,3.7583842720240206,0.9796016601479919
4157,144,144,115,True,True,115,0.058447635894239236,4.954594039085459,1.0307437842303722
4158,81,81,61,True,True,61,0.06216579827529733,5.857683857972418,1.0319536483546423
4159,60,60,45,True,True,45,0.06266675839555728,6.319565223696683,0.993827013779752
4160,80,79,65,True,True,65,0.06337167499934358,6.636123257221057,0.9386021537626471
4161,108,108,88,True,True,88,0.047995252357556806,5.678916472147596,0.9343010593796279
4162,105,105,85,True,True,85,0.06494966357538666,6.566094022365289,0.8948364291739662
4163,125,125,104,True,True,104,0.06334359301395982,5.966963931087105,0.8401480672060287
4164,150,150,130,True,True,130,0.06005461257333932,5.670487551079365,0.8530286675417099
4165,154,154,141,True,True,141,0.07353290865079734,5.537121401923095,0.8966410969154774
4166,177,177,147,True,True,147,0.06923422742679777,4.856627113376159,0.9063270838057159
4167,215,215,172,True,True,172,0.06981951071739495,4.9527981227869535,0.9583506359884758
4168,199,199,162,True,True,162,0.06455142808227324,4.307981132927734,0.9330526996136174
4169,235,235,190,True,True,190,0.06771112437335434,3.8153650742121754,0.9007299807788457
4170,192,192,151,True,True,151,0.06595643787729853,3.354107113058261,0.8994982182068464
4171,167,167,142,True,True,142,0.06552345493762633,3.189782098217859,0.9081067552941311
4172,125,125,112,True,True,112,0.06328209939877413,3.0593384113470106,0.8647935542413668
4173,150,150,136,True,True,136,0.07170893405370572,3.306958585838748,0.9494850433425757
4174,142,142,128,True,True,128,0.06738612847752395,3.4932482871583055,0.9595478879369432
4175,145,145,130,True,True,130,0.07040768002921173,3.8168771370855703,1.0046688019183911
4176,157,157,138,True,True,138,0.06263698771226249,3.9803467508271138,0.8895083838957798
4177,131,131,111,True,True,111,0.07179622618341619,4.253237310893786,0.989149003128337
4178,154,154,136,True,True,136,0.0627921586638298,4.101162026103013,0.9203515623619397
4179,138,138,123,True,True,123,0.06674448652750564,3.9532675867145937,0.8994251197939724
4180,128,128,111,True,True,111,0.0639629322381701,3.495447539534174,0.9358777820534869
4181,147,147,130,True,True,130,0.0627012642376587,2.9288779233609823,0.9113308447363868
4182,151,151,120,True,True,120,0.06098514717806273,3.3133487116709417,0.8941136498883391
4183,148,148,113,True,True,113,0.06364791937303424,4.051161909258831,0.9377225804988345
4184,163,161,141,True,True,141,0.056773959860872955,4.114140054780612,0.920710926402508
4185,136,133,113,True,True,113,0.052680957774667234,3.986046481858455,0.8448008947645962
4186,141,136,116,True,True,116,0.05355613740412345,3.990312690978812,0.982398540923695
4187,94,94,80,True,True,80,0.05783752272327323,3.56767370225266,0.8027045566519119
4188,89,89,80,True,True,80,0.05688392564211903,3.2533076619871455,0.8327354316601521
4189,95,93,79,True,True,79,0.060584052880839685,3.2673658729134383,0.810917530864666
4190,87,86,78,True,True,78,0.062216665650329184,3.4510685588807917,0.827347858571977
4191,102,98,82,True,True,82,0.06468379713034254,4.114065704698836,0.8365374565320609
4192,99,96,82,True,True,82,0.07215880134065275,3.845810205838532,0.9336471320267606
4193,75,71,66,True,True,66,0.0713366160432906,4.4200313756751655,0.9529138431434142
4194,72,70,60,True,True,60,0.07171687571103409,4.886016855314123,0.8580979097106584
4195,76,73,68,True,True,68,0.06120616525207976,4.130792296198441,0.9170161436607115
4196,110,110,102,True,True,102,0.07080908188226233,4.480219017182541,0.8454205209521578
4197,107,107,98,True,True,98,0.06575367344500845,4.332145539335355,0.8223491438401801
4198,110,110,101,True,True,101,0.06751226548265118,5.1774097277316375,0.918842952699401
4199,98,94,88,True,True,88,0.07994382102210901,4.8564251832131555,0.7686168040752376
4200,86,86,80,True,True,80,0.0692646100601061,4.450737648479803,0.7855337622649311
4201,86,86,75,True,True,75,0.06433154480950898,4.344434072989515,0.8417244321137044
4202,84,84,79,True,True,79,0.06991397507437215,4.702906671542283,0.772350449562099
4203,75,75,61,True,True,61,0.07273065607714253,5.02218612450007,0.8951484069433562
4204,88,88,78,True,True,78,0.07823608320217572,5.8896896110363635,0.8844761240316131
4205,206,206,165,True,True,165,0.07218910927718081,5.346254593110894,0.9320765225316631
4206,160,160,132,True,True,132,0.0655522037608742,5.470491856947082,0.8666463648404806
4207,178,178,152,True,True,152,0.06747355131766983,5.713507366638116,0.9761044549077861
4208,177,177,143,True,True,143,0.0747180065801919,6.4915525985031275,1.0158388706512296
4209,200,198,170,True,True,170,0.06358966277245427,5.671691546268713,0.9403112283618109
4210,196,188,163,True,True,163,0.06667008766287365,5.205474921461567,0.8760684960398224
4211,186,186,137,True,True,137,0.06721373813746609,5.0901137449085505,0.9402096144722968
4212,214,213,188,True,True,188,0.0723985015609559,5.053893975460599,0.8597778413321505
4213,250,247,206,True,True,206,0.06726101947287937,4.503206227920557,0.8226881262955362
4214,250,249,237,True,True,237,0.06743281180477602,4.83518818758927,0.8476188316380406
4215,250,248,215,True,True,215,0.059212611656717144,3.839335464747634,0.788391223531758
4216,250,249,232,True,True,232,0.06403656233474543,4.538082825914523,0.7415975871915145
4217,250,249,239,True,True,239,0.0644653392874663,4.851724282902417,0.8064743124647722
4218,250,250,243,True,True,243,0.0568847398750664,4.693570071976566,0.772101786781493
4219,250,250,231,True,True,231,0.06401375010902753,4.20855185782248,0.8265867217987045
4220,250,250,230,True,True,230,0.06473426156538599,3.9745009521072725,0.810761187400481
4221,250,250,224,True,True,224,0.056707972644201375,4.532063956174787,0.8193806145488204
4222,250,249,227,True,True,227,0.054962143664596036,4.581144296939786,0.8485744443346577
4223,250,249,234,True,True,234,0.05251058010031379,3.97793387746092,0.7972721657325341
4224,241,241,218,True,True,218,0.050725957223872464,3.321739127115202,0.8146565080621453
4225,206,206,179,True,True,179,0.07099287976256544,2.4776059570089664,0.7500551970644858
4226,181,181,171,True,True,171,0.0667030930854278,2.8766214416909506,0.8801239279691566
4227,182,182,161,True,True,161,0.06706961457425678,3.139713960970836,0.9426148592036812
4228,102,102,91,True,True,91,0.07175537380657407,3.008781823906711,0.9261770366996583
4229,118,118,97,True,True,97,0.06599427791435565,2.550943523466764,0.9075695468564344
4230,135,135,115,True,True,115,0.07498467005411275,2.092347136080984,0.8973750506503745
4231,108,108,92,True,True,92,0.08223142549538826,1.4307534160950461,0.8222869129162421
4232,121,121,99,True,True,99,0.061014759354944874,2.385885716510443,0.8833987681418396
4233,111,111,97,True,True,97,0.06547603296861607,3.102291113083969,0.8930971038512503
4234,89,89,74,True,True,74,0.07035007441045153,3.979446707795175,0.8594794556976132
4235,83,83,74,True,True,74,0.07703749738437132,4.462468482644821,0.9493284802836234
4236,38,38,36,True,True,36,0.0808087962290004,4.134338399857376,0.9172237720454282
4237,36,36,34,True,True,34,0.07163313820566976,4.16677194323466,0.9472911282952373
4238,40,40,31,True,True,31,0.0749278161458597,3.7066471788885793,0.902695571073754
4239,30,29,0,False,False,0,,,
4240,25,23,0,False,False,0,,,
4241,18,14,0,False,False,0,,,
4242,10,10,0,False,False,0,,,
4243,5,5,0,False,False,0,,,
4244,4,4,0,False,False,0,,,
4245,69,69,57,True,True,57,0.06947008711139571,0.9159645739864786,0.9342500640495753
4246,73,73,63,True,True,63,0.059893416223784586,1.242731397911375,1.0183602521997577
4247,94,94,74,True,True,74,0.07115093801005817,1.4086552930269143,0.8917300501682429
4248,84,84,74,True,True,74,0.07058093257958893,1.9602537520605314,0.8274951558121333
4249,71,71,60,True,True,60,0.05945616528931637,2.340634528238733,0.9389702929566459
4250,71,71,58,True,True,58,0.10037545484611927,3.0314802848054336,0.842372651156128
4251,80,80,69,True,True,69,0.05838686996060581,2.1681095637483203,0.81082380544174
4252,80,80,69,True,True,69,0.08999237193235915,2.608070542314588,0.8201289544959665
4253,98,98,92,True,True,92,0.05834245498085073,2.4940989473918402,0.7240818161682815
4254,137,137,115,True,True,115,0.05866320182269542,2.5367794566626243,0.6785198614650269
4255,135,134,110,True,True,110,0.05534024949101802,1.6963743041391304,0.755438782262007
4256,120,118,104,True,True,104,0.05235709847895004,1.8488235044574268,0.8429873645557353
4257,127,127,110,True,True,110,0.06917759519331047,2.135144444886619,0.8806195681326221
4258,158,155,149,True,True,149,0.0655961498736179,2.3414234105664913,0.8390129947485739
4259,218,183,157,True,True,157,0.060577132381029894,2.6094350336150884,0.8766099459049852
4260,224,188,167,True,True,167,0.0706635814726882,2.709107680241994,0.8350206256714126
4261,211,186,162,True,True,162,0.06909813322429183,2.2875704723468906,0.8506418413750466
4262,250,229,198,True,True,198,0.06294211961187213,2.104301565398316,0.8954787800014143
4263,250,233,207,True,True,207,0.05469796217231552,1.5786599188527237,0.9271831177774064
4264,250,216,191,True,True,191,0.052328607442019524,1.3910415491053874,0.8403508798918504
4265,250,223,212,True,True,212,0.04942097162964126,1.32870875736054,0.8645571632675785
4266,250,236,196,True,True,196,0.05173817707729922,1.5111286223005207,0.9055725923314516
4267,250,234,216,True,True,216,0.05349589560864124,1.4801300188518425,0.9039262904790442
4268,250,228,205,True,True,205,0.05604569132166339,1.3387974922211179,0.7950414461690744
4269,250,200,183,True,True,183,0.054597099314358494,1.4905745259459555,0.8161584665271768
4270,250,212,206,True,True,206,0.05770236499981678,1.0507433152721959,0.7900872449300549
4271,250,208,174,True,True,174,0.06184115627326481,1.473582405306188,0.9206970661323884
4272,250,209,194,True,True,194,0.059039883388977275,1.7331737574658452,0.8409417830621652
4273,250,233,199,True,True,199,0.06667488070844783,1.8289144402195239,0.8593050117104737
4274,239,212,192,True,True,192,0.06463459299572971,1.5645182599867629,0.8608209902657343
4275,215,190,156,True,True,156,0.06456413375937575,1.8617800027379394,0.8581211545374557
4276,212,205,181,True,True,181,0.06817708494170208,1.9413718823046962,0.9016009802206543
4277,218,210,172,True,True,172,0.06942398563862538,1.9401514439064222,0.9307935240749718
4278,229,222,186,True,True,186,0.06772761018614218,1.902197228615208,0.893311730544882
4279,210,206,184,True,True,184,0.07500952763811941,2.156895061942246,0.9372917013101834
4280,234,234,176,True,True,176,0.07571668020407318,2.5554754211787993,0.9430321019133984
4281,223,223,188,True,True,188,0.07497058063425181,3.1572568879666334,0.9108287560808869
4282,208,208,174,True,True,174,0.0743398360420521,3.138968056093985,0.9311561686577594
4283,215,215,197,True,True,197,0.07665426249823831,2.969575274843489,0.8942552744367703
4284,161,161,135,True,True,135,0.09766686998214574,3.8888242630336856,1.001596347636268
4285,151,151,129,True,True,129,0.0842429922671659,5.0710114556597015,0.8486965037747424
4286,154,154,127,True,True,127,0.09026133506453375,5.27393853976848,0.8616916428806981
4287,159,159,134,True,True,134,0.0891737826072331,5.211040371043647,0.9230370079705725
4288,159,159,140,True,True,140,0.09286835523355956,5.001185615975627,0.8058384199230371
4289,153,153,146,True,True,146,0.09259656132270773,5.109235356307978,0.8222446450564466
4290,149,141,127,True,True,127,0.0897710203469252,5.140111454119467,0.7870384134967198
4291,186,179,162,True,True,162,0.07482329785414228,4.55301681948401,0.9166073204571756
4292,163,161,147,True,True,147,0.09272555096929677,5.151508348476661,0.8084602524674176
4293,166,162,146,True,True,146,0.08161732700550757,5.086699216901648,0.9355243060260486
4294,170,161,153,True,True,153,0.07418386452957192,4.911430137867133,0.8863134299978431
4295,171,164,147,True,True,147,0.07392422646162422,5.233823381992445,0.8460069923069221
4296,189,187,167,True,True,167,0.07053132798498091,5.045572679813314,0.8186960170069421
4297,224,213,194,True,True,194,0.06401453296410926,4.468213339466407,0.7983833481575765
4298,250,247,216,True,True,216,0.05609535199141345,3.4624562245583137,0.8348086578307715
4299,244,235,188,True,True,188,0.06160458021555709,3.4527697323929245,0.872865347925595
4300,238,238,207,True,True,207,0.06288235994048687,3.519926185408825,0.9203092293172506
4301,243,236,213,True,True,213,0.06388535870627761,3.7732267907556833,0.8993089529232118
4302,221,216,184,True,True,184,0.06665504600647265,3.5936903883172855,0.9165721366281904
4303,208,207,173,True,True,173,0.06565496419955069,3.7581130209457823,0.8418204495914074
4304,191,182,143,True,True,143,0.06595074919796731,3.2526576150876236,0.8968636591846817
4305,174,170,146,True,True,146,0.08002729264423775,2.5068031427083945,0.8865068879083672
4306,196,194,169,True,True,169,0.07022376682580157,1.5018511574699125,0.8747381453368447
4307,206,202,155,True,True,155,0.0697027297218045,2.151725327833263,0.8049954678165225
4308,176,170,138,True,True,138,0.07894856905933359,2.4882806334027574,0.901754472536445
4309,164,162,143,True,True,143,0.07359379404447076,2.3276738587779473,0.7746774628728107
4310,146,145,119,True,True,119,0.05879861956343929,2.528332638096172,0.8124887876392365
4311,166,163,143,True,True,143,0.061590346389396027,2.909857664398495,0.7726449811285083
4312,177,173,150,True,True,150,0.07665544591594806,2.6030252549222954,0.8724885004191959
4313,188,182,170,True,True,170,0.06917355264808099,2.675421205987054,0.8393930842362092
4314,196,192,166,True,True,166,0.06724192619228875,2.350173261069359,0.8646267242030533
4315,191,188,141,True,True,141,0.07661656768244984,2.996962430742914,0.9585368625588934
4316,215,207,189,True,True,189,0.06329997729174547,2.5053533677598976,0.9031237770828894
4317,220,207,178,True,True,178,0.05110483089772108,3.4027729014494406,0.8944367727436233
4318,139,132,111,True,True,111,0.05312442406074933,3.2165123003335867,0.9634927243931228
4319,189,179,153,True,True,153,0.04825039127495086,2.6486890067288575,0.8977844369503761
4320,250,238,211,True,True,211,0.049562794259549195,1.7016711872904762,0.8853029978411807
4321,250,237,200,True,True,200,0.059927905991116845,0.919245012105564,0.8692632349207001
4322,250,241,211,True,True,211,0.06309409915447423,0.6784532654739721,0.8509753150846966
4323,250,246,224,True,True,224,0.06726888913518253,0.9801257810183316,0.8390417422165186
4324,250,248,226,True,True,226,0.0635569304333535,1.4574899342909915,0.8242209483978777
4325,250,246,197,True,True,197,0.08632082396202859,2.1176579487616944,0.8736656869586991
4326,192,185,166,True,True,166,0.06702431417466091,1.9721307865631124,0.8422110533032325
4327,201,194,171,True,True,171,0.0642323732264161,2.8346514714445403,0.8733141785924162
4328,189,186,163,True,True,163,0.07680312773292865,3.23311795909445,0.8965656607592523
4329,195,187,166,True,True,166,0.0721674581492833,2.4524057986459162,0.906463941953923
4330,187,182,154,True,True,154,0.0759257879237572,2.6169180421206573,0.9280747076190574
4331,217,211,192,True,True,192,0.0699761070169602,2.1805041572048482,0.9449599958167146
4332,189,182,156,True,True,156,0.07065986881186706,2.0829338764788186,0.8752874414419856
4333,207,186,160,True,True,160,0.06029813439872346,1.7167766183439068,0.8869880062141946
4334,139,136,114,True,True,114,0.06442804017498475,1.5003974190938338,0.9364925145943869
4335,183,181,152,True,True,152,0.06915452700073238,0.9401244072698444,0.9133349301756452
4336,165,161,137,True,True,137,0.07051071658116488,1.1524281957828935,0.8750907439794346
4337,148,140,109,True,True,109,0.06452609250883933,1.2953163372635248,0.8396028709278481
4338,165,156,134,True,True,134,0.07119452729459269,1.3291953087239066,0.8907551152748823
4339,148,138,111,True,True,111,0.06781717468986913,1.1994245413485385,0.889879906805502
4340,162,145,118,True,True,118,0.06685563175072518,2.022539854820996,0.9261169152714614
4341,116,105,82,True,True,82,0.07026637484274276,2.118820149424514,0.9843535864247107
4342,123,120,97,True,True,97,0.06945658336921613,1.5926985444048551,0.8821091564319173
4343,138,120,103,True,True,103,0.06655482783390217,0.9804284445877255,0.9915837939635257
4344,114,103,90,True,True,90,0.07088679509573913,2.0158815847429103,0.8111582252928482
4345,99,82,69,True,True,69,0.0707339722047255,2.166762970616041,0.9380289799081641
4346,95,81,73,True,True,73,0.07513168801390498,2.2622327124007406,0.9742203705946644
4347,100,91,76,True,True,76,0.07355473856188689,2.45590351854416,0.7837626095510547
4348,87,74,67,True,True,67,0.06642466301331545,2.6716279597150403,0.8881196417257444
4349,95,75,61,True,True,61,0.06799688317914981,2.993809989423497,0.8198904857548422
4350,121,103,86,True,True,86,0.0771128153278884,2.982536414077718,0.8712188659022213
4351,118,89,77,True,True,77,0.07576457278532135,2.4607489729282532,0.8000069933421178
4352,138,100,86,True,True,86,0.07145630023948601,1.8510386748189502,0.8619387861322916
4353,137,99,94,True,True,94,0.06557762135167927,2.119030894117302,0.7959459674923479
4354,156,115,101,True,True,101,0.06286834362713516,2.59432555858975,0.7935536115207176
4355,145,93,84,True,True,84,0.06079347497751844,3.5495895636838415,0.7783101170731062
4356,151,101,85,True,True,85,0.0625603448535406,3.773919562046844,0.801827439819887
4357,154,113,99,True,True,99,0.051300695841142795,4.127618459817371,0.984749202478107
4358,174,120,105,True,True,105,0.06440463198543972,3.9979935175484322,0.9676324270559433
4359,183,128,107,True,True,107,0.0621004922806052,4.0441991281115985,0.8907292924353432
4360,245,192,170,True,True,170,0.06842317606393925,3.748479778249114,0.8762631912612596
4361,250,188,161,True,True,161,0.06591980015808757,3.582328566868602,0.8836499097106887
4362,250,197,170,True,True,170,0.05849791148440273,2.6221599730868816,0.8888345641988704
4363,250,169,144,True,True,144,0.06811980895232352,2.3657477536487033,0.945465381987224
4364,250,168,148,True,True,148,0.06614238492659433,2.67618922953892,0.9455154454757886
4365,250,176,152,True,True,152,0.0711155710427052,2.381785099262208,0.8902097655405713
4366,250,184,158,True,True,158,0.07126568999720666,3.343156113913682,0.8862667242892223
4367,250,176,153,True,True,153,0.06961901262081877,2.90391556799267,0.8729692142289237
4368,250,165,138,True,True,138,0.06672408288032575,2.3888098823809707,0.8940566554174618
4369,250,145,132,True,True,132,0.06191159843947379,2.868087942061205,0.8871210749606533
4370,250,195,160,True,True,160,0.06767935066548789,2.3327980801422834,0.7992517960147582
4371,181,138,111,True,True,111,0.08268653581045521,3.757537049062704,0.8033718444727681
4372,126,119,95,True,True,95,0.08744984814457665,5.989043158328458,0.8521436455027362
4373,123,123,110,True,True,110,0.08494087109313321,6.333869954863963,0.8442337670667367
4374,122,122,110,True,True,110,0.0869028287255532,6.040121916132251,0.8116325483312261
4375,132,130,115,True,True,115,0.07730641468227183,5.902158708109859,0.900739136923158
4376,148,142,121,True,True,121,0.08220319802945321,5.8224052131260695,0.8648819032137176
4377,180,172,159,True,True,159,0.08916175164134682,6.466343548404984,0.9384865813564336
4378,167,159,128,True,True,128,0.08553016859338229,6.774766673426531,0.8402113279742454
4379,229,224,187,True,True,187,0.08992488883037772,6.804671054041459,0.8550360090721824
4380,250,248,197,True,True,197,0.07554769756352803,6.603360785112472,0.8634033258844065
4381,250,249,213,True,True,213,0.08263999130034592,6.41640246449646,0.9485113204572873
4382,250,249,213,True,True,213,0.07361883403308932,6.2699105067633365,0.9453518709342711
4383,250,249,201,True,True,201,0.06610745376243413,6.450482456226113,0.9058009310057554
4384,232,226,191,True,True,191,0.07075501366792676,5.368430208938378,0.9010278774496798
4385,250,246,199,True,True,199,0.0634554433463951,4.472867255807978,0.9280654028480294
4386,250,230,201,True,True,201,0.07247782129588189,3.400944182274252,0.9035382907397449
4387,250,229,203,True,True,203,0.06351146215742022,2.207598475164388,0.8403683940736851
4388,250,230,204,True,True,204,0.06168514472989347,2.7654212627795967,0.9351002870868762
4389,250,222,193,True,True,193,0.06997350843995545,3.5824068748996014,0.8606704230908963
4390,250,194,166,True,True,166,0.07130072959530265,4.765673722138223,0.8900686616803236
4391,250,190,157,True,True,157,0.07199924347558438,5.401915536150792,0.9146448606211317
4392,214,163,136,True,True,136,0.07154739017702472,5.745910140440416,0.8736984844580823
4393,148,121,102,True,True,102,0.07206296393684837,5.605856318043558,0.8848869727728161
4394,134,122,103,True,True,103,0.06495942349178957,5.377952744515429,0.8828856837575711
4395,116,107,90,True,True,90,0.06212633143657388,6.047472615354268,0.8410435786892226
4396,98,93,81,True,True,81,0.06890108824469218,6.116761834232658,0.8965533134363615
4397,130,129,113,True,True,113,0.061709272070826555,6.237295982673298,0.8219385302823748
4398,151,149,134,True,True,134,0.06052405918283293,5.506756303486215,0.7934924825767783
4399,141,136,116,True,True,116,0.054846573722792225,5.179817581481454,0.8872883373047937
4400,133,133,118,True,True,118,0.061629378275476314,4.708239531446612,0.7685652202738614
4401,120,120,103,True,True,103,0.06972506437839082,5.133287161427283,0.8832491617945103
4402,105,103,86,True,True,86,0.06532928672544937,6.1684741343635325,0.9219263302409864
4403,99,99,85,True,True,85,0.0617843765277407,5.189107233817633,0.8243492076801046
4404,103,103,77,True,True,77,0.06627506505399133,6.23407301711461,0.7856677414773752
4405,94,94,75,True,True,75,0.059633675869003505,6.1925242436073376,0.7259510153947327
4406,108,106,80,True,True,80,0.059164243260464947,5.709856874179684,0.7837216584888543
4407,117,115,90,True,True,90,0.060380938092141796,5.6247128463102545,0.8756584500708375
4408,103,102,78,True,True,78,0.06561154353098377,5.3382443966806346,0.941853796694452
4409,164,153,132,True,True,132,0.06592193207887408,5.652677335847708,0.9082317469569164
4410,123,116,99,True,True,99,0.07171217262610816,5.356678483627816,0.7413336940019538
4411,103,101,84,True,True,84,0.0760044896542565,5.401736579347516,0.8155006595666078
4412,83,78,68,True,True,68,0.0791134502614803,4.821573455190716,0.7919627465012128
4413,70,67,55,True,True,55,0.07502743846146696,5.413631591403601,0.8975415112368937
4414,72,68,53,True,True,53,0.08114961484464533,4.853861358092918,0.9187015238600216
4415,80,74,63,True,True,63,0.07636789823834977,4.961322261945725,0.7529653764525382
4416,64,64,56,True,True,56,0.16605968977669006,4.593329076454237,0.8832015347597907
4417,111,102,88,True,True,88,0.07451925585637253,5.432808298762977,0.7638032652312391
4418,119,111,101,True,True,101,0.07614628141513444,5.519831479368088,0.8003700877944738
4419,110,103,94,True,True,94,0.07314004837898005,5.558981161336148,0.7549051718897628
4420,158,152,138,True,True,138,0.07712395554523895,5.580478694370949,0.7722581820308239
4421,183,179,158,True,True,158,0.07674773768119394,5.299644332390141,0.7712294622922602
4422,176,176,163,True,True,163,0.07528498531789823,4.95932970066193,0.8073578110125573
4423,173,169,157,True,True,157,0.07572509023692378,5.563950617509662,0.8414379388876337
4424,174,173,156,True,True,156,0.07971648065977055,6.217528174990038,0.9251523849035324
4425,250,250,217,True,True,217,0.07166378403926002,5.978027052178458,0.8448028809744863
4426,213,210,150,True,True,150,0.0687914606105961,5.67663821385046,0.9397468119738155
4427,209,206,169,True,True,169,0.06433238832003968,5.776088639622719,0.9012075672242432
4428,193,189,170,True,True,170,0.05940471277055676,5.45356184089602,0.8049195260447914
4429,186,186,162,True,True,162,0.05908719455218119,5.051581997222835,0.8871198821903685
4430,242,234,209,True,True,209,0.06136829608680203,4.4909465052817925,0.8853071639270204
4431,250,235,205,True,True,205,0.06321821509402017,4.101944688024314,0.8235117771419567
4432,229,220,186,True,True,186,0.06748992180317565,3.9461906342818596,0.8490356987374195
4433,188,188,160,True,True,160,0.0685372007604432,4.422777829700035,0.847309597379259
4434,176,169,158,True,True,158,0.06659574947935962,4.892897070860313,0.8232686172713738
4435,152,148,127,True,True,127,0.06341612991353263,5.207607326849094,0.8469657405552291
4436,182,177,160,True,True,160,0.07839045833030178,5.058314657332755,0.7998368102010847
4437,202,202,181,True,True,181,0.047125132527486235,4.709670146947061,0.8878795187795554
4438,185,179,156,True,True,156,0.0687730451390136,4.373494828738394,0.8857212729922019
4439,179,179,167,True,True,167,0.06383013214255359,5.088230458528475,0.8519729936513878
4440,169,165,157,True,True,157,0.06173029723978739,5.483047325937492,0.7882634828971081
4441,178,178,148,True,True,148,0.08639150535866992,5.5401732934415024,0.8607209542962684
4442,182,179,170,True,True,170,0.059955211453619026,5.287091891554014,0.8347271990308189
4443,185,185,145,True,True,145,0.06160073680940142,4.806272284107593,0.8386130196860017
4444,191,189,166,True,True,166,0.06651934449131419,4.927318505826087,0.8494359235869201
4445,194,193,172,True,True,172,0.06437763600635966,4.654235765906482,0.8340749797068775
4446,181,181,147,True,True,147,0.053320758258989256,4.435798386276192,0.8479414139301806
4447,154,154,141,True,True,141,0.061661594163814885,4.525737275391694,0.8914148156982707
4448,169,167,153,True,True,153,0.0595870270829303,5.01652780083649,0.8543821236843205
4449,151,151,144,True,True,144,0.056913089668876087,4.665693699160427,0.8864760525111848
4450,186,186,154,True,True,154,0.06042193291977123,4.538793225977038,0.9629022315393985
4451,206,203,183,True,True,183,0.060365334105524124,4.75979274814988,0.8265121122694664
4452,194,194,173,True,True,173,0.05311310333543801,4.439605791593046,0.7986761295792071
4453,219,219,197,True,True,197,0.058773551544462954,3.80446351257112,0.8418025093701511
4454,227,226,190,True,True,190,0.05528928390956852,4.333355016741907,0.8029489207589762
4455,249,245,226,True,True,226,0.06300046267503831,4.652788701822082,0.9276142697179518
4456,250,250,221,True,True,221,0.07126240585216685,4.608836117023535,0.9189007963309602
4457,250,250,223,True,True,223,0.07332934263482858,4.614756874695009,0.9030542981803394
4458,244,238,210,True,True,210,0.08119787575797253,4.21560028922967,0.8986624084090495
4459,237,231,200,True,True,200,0.07815394355086973,3.91071409332819,0.8481767673878683
4460,250,245,218,True,True,218,0.07620107657017677,4.150922570412365,0.8466671346698517
4461,250,242,227,True,True,227,0.07368434618507248,4.90813546614538,0.8003646879710822
4462,250,247,233,True,True,233,0.0645859819468322,4.987470465044956,0.8721655710865684
4463,250,247,209,True,True,209,0.0560965485267427,5.412875303447252,0.8465007384437421
4464,250,250,214,True,True,214,0.08183177392029871,5.198093222938196,0.8305585316146352
4465,250,234,204,True,True,204,0.07372768546875964,4.7968689007473255,0.9198070282183958
4466,250,240,200,True,True,200,0.07081696956898381,5.01610926785884,0.9317035389117228
4467,250,232,204,True,True,204,0.0700622518652821,4.747717111508396,0.8810174472307954
4468,227,214,190,True,True,190,0.07477936755015609,4.750624591646228,0.8301007107076412
4469,190,180,156,True,True,156,0.08385984307924788,4.907655999004482,0.8819386870685871
4470,200,193,169,True,True,169,0.06302915734407921,5.1545156102938385,0.8991598067651995
4471,167,165,157,True,True,157,0.06323970483176694,4.6344866270220075,0.8471629806447906
4472,186,182,157,True,True,157,0.07025585947189766,4.006141679087308,0.9815367357187005
4473,182,177,160,True,True,160,0.052943449832366374,4.097315950878874,0.9873080062539978
4474,189,175,157,True,True,157,0.06424748877740268,4.114320808414807,0.857546623283149
4475,192,170,152,True,True,152,0.0706153322156257,4.475301394292569,0.9294770766516538
4476,190,187,174,True,True,174,0.05766476613237233,4.939438684278524,0.8559760327599905
4477,245,228,203,True,True,203,0.07278050152844111,5.136929768912524,0.9159874572697364
4478,250,214,198,True,True,198,0.061948470661692234,4.8022300779286144,0.8341024348312096
4479,250,211,194,True,True,194,0.06779815899703022,4.5204365225473255,0.8550043404468833
4480,250,203,188,True,True,188,0.06901608974935172,4.657550524760076,0.7804869908923273
4481,250,208,199,True,True,199,0.06643983882335511,4.740840572446995,0.8224023341384293
4482,234,210,188,True,True,188,0.06047066508357455,4.491803140039461,0.881084926582486
4483,250,240,215,True,True,215,0.059650024817890814,4.905033790709262,0.781496789333818
4484,250,238,209,True,True,209,0.057691149166080306,5.168020264577202,0.7595489924384627
4485,250,248,227,True,True,227,0.05373840239538485,4.734151543128168,0.7972567787665071
4486,250,238,198,True,True,198,0.06293102040530868,4.027447925803112,0.8238610227507227
4487,250,239,218,True,True,218,0.05881825973991603,4.215684598777818,0.8805112179777408
4488,250,247,232,True,True,232,0.06314698532447488,4.492574700318083,0.8815397623628047
4489,250,246,217,True,True,217,0.06375936190954018,4.068289402932759,0.9015730555675802
4490,221,214,192,True,True,192,0.05443420143565166,4.424252424768798,0.8358229491021353
4491,250,248,227,True,True,227,0.06658088844427029,4.987578929832735,0.8301091958154218
4492,250,248,222,True,True,222,0.06450711489932628,5.353697513366055,0.8131235167668462
4493,250,249,215,True,True,215,0.0646397316414207,5.357039793570773,0.9132888444407913
4494,250,249,223,True,True,223,0.057550692046904,5.416326570255353,0.902482754595275
4495,250,249,211,True,True,211,0.060791968443555,5.757836383220721,0.9475046455659345
4496,250,249,226,True,True,226,0.06386426252244544,6.792242404624623,0.890371825961806
4497,218,217,194,True,True,194,0.06738089985171905,7.213545807303066,0.9029760416696675
4498,182,181,156,True,True,156,0.0638459819880792,6.642569206519884,0.943404640871271
4499,183,181,161,True,True,161,0.06413539212033724,7.351597553232603,0.9089655136359458
4500,200,200,171,True,True,171,0.06130028069483226,6.383994347457315,0.9301195968209411
4501,212,211,180,True,True,180,0.04767822438085834,6.010347592331579,0.8981364402114147
4502,218,215,198,True,True,198,0.06310414559618686,6.1144787067416715,0.9307381277813037
4503,209,193,176,True,True,176,0.04954004768294071,6.640730819529384,0.9203909276781551
4504,182,165,134,True,True,134,0.052813272040301715,6.9870107838151565,0.9233255119647724
4505,169,151,120,True,True,120,0.058590238131356935,6.704462740327953,0.8751189039433727
4506,145,119,109,True,True,109,0.05257467670302974,7.1040288845169774,0.8804321242990333
4507,140,122,96,True,True,96,0.058435564422825464,5.025952683510477,0.7960426764109442
4508,177,159,140,True,True,140,0.05353707333227619,4.526095349699498,0.9070927841422055
4509,192,175,153,True,True,153,0.04374891434061886,4.055982557089276,0.8532590544196792
4510,205,184,161,True,True,161,0.052081943563358456,3.9962540025168374,0.889160483597483
4511,191,181,156,True,True,156,0.04892984438513989,4.28532565887267,0.761867312138515
4512,168,152,142,True,True,142,0.040194865731573354,4.731323874338194,0.8901048278148616
4513,181,168,146,True,True,146,0.050224676840267726,5.378735129181591,0.8327456542392859
4514,171,152,137,True,True,137,0.0480583449709573,5.698036433976496,0.8654280116629678
4515,164,157,140,True,True,140,0.04886815985824647,6.617707604584243,0.8541089106109792
4516,146,145,126,True,True,126,0.04634265932362429,6.518580742970328,0.7891321774563993
4517,165,163,136,True,True,136,0.04253118697169765,6.09680592909678,0.9445279511873903
4518,169,169,145,True,True,145,0.043563837908563434,5.971387642317433,0.95403865913592
4519,155,154,134,True,True,134,0.054666572444435346,5.675737605878588,0.9406163560790393
4520,184,182,166,True,True,166,0.07000247340537262,5.590857936739593,0.8669885397659554
4521,209,207,179,True,True,179,0.04405627273357261,5.35734965761264,0.8190296669654451
4522,191,190,166,True,True,166,0.05666689721397955,4.939862319745921,0.8206097184808145
4523,158,158,149,True,True,149,0.060577493382528325,5.2248853499894246,0.8907834556128584
4524,163,161,146,True,True,146,0.059570105241914355,5.781234773779477,0.8995513395417625
4525,165,164,144,True,True,144,0.06436728839267193,6.657883709908746,0.9275597736461964
4526,141,141,127,True,True,127,0.05578169656870234,7.734066313628707,0.9283274117760937
4527,179,179,152,True,True,152,0.05455392977853737,7.103042517752126,0.932362066184691
4528,158,156,135,True,True,135,0.06345309845337291,7.058322063972784,0.8863860695585656
4529,169,167,139,True,True,139,0.058541965300516065,6.816479015773096,0.8651378087844833
4530,161,161,145,True,True,145,0.06328416823847702,6.175023856356953,0.8787793800407708
4531,163,163,147,True,True,147,0.05459573958115619,5.869385609943679,0.8329603284267861
4532,181,181,155,True,True,155,0.05498685013408362,5.87668355631452,0.8850338192832481
4533,152,152,138,True,True,138,0.04025301100188572,5.812738751113183,0.8742266695586653
4534,176,176,159,True,True,159,0.06391860010855129,6.103671426682367,0.8262331413349081
4535,159,159,144,True,True,144,0.06496131761875319,6.25032352660123,0.9009852666828788
4536,135,135,114,True,True,114,0.0946908931057545,5.745625674256198,0.9528147074348171
4537,112,112,98,True,True,98,0.062080115982782215,6.211798344488316,0.8805401652432162
4538,147,147,120,True,True,120,0.06469361859217197,5.660421518369967,0.9972326685586037
4539,155,155,126,True,True,126,0.05898928059323676,5.247429530398486,0.9525699352707653
4540,139,139,122,True,True,122,0.05534546631499221,5.156427482833042,0.9395795115377362
4541,124,124,104,True,True,104,0.05367473442594628,5.4991715985226906,0.937889919436453
4542,107,107,87,True,True,87,0.05885411744817594,5.132057020559979,0.9645824046153454
4543,99,99,79,True,True,79,0.06649033662060616,4.669882030563203,0.8632429726630798
4544,74,74,57,True,True,57,0.055026141002178265,5.338619056866991,0.941541923722911
4545,59,59,41,True,True,41,0.0723141475502444,4.807242355377503,1.066226872078853
4546,41,41,34,True,True,34,0.06087423570749703,4.693348822371401,1.0245550124160574
4547,26,26,0,False,False,0,,,
4548,80,80,67,True,True,67,0.05415770564908682,4.243163463498547,0.9081142743168518
4549,73,73,59,True,True,59,0.05656604994306718,3.8074291901020634,0.7743731420280082
4550,80,80,75,True,True,75,0.05079408801250174,3.3809861213899453,0.9178500301484065
4551,75,75,61,True,True,61,0.06220358126435558,3.1691096378156396,0.9098038798342661
4552,81,81,62,True,True,62,0.05152755733327455,3.441189955593567,0.931412182145558
4553,80,80,75,True,True,75,0.057530894112503665,3.3238039725884847,0.9595507522484089
4554,98,98,85,True,True,85,0.06629288698879017,3.3723841375628867,0.8671063352714955
4555,99,99,83,True,True,83,0.06194156965728775,3.9597282901262103,0.9701706103454522
4556,101,101,84,True,True,84,0.06605023614377833,4.686592000904794,0.9504990197338326
4557,115,115,95,True,True,95,0.055940945355375006,4.644494787110893,1.0026098892959754
4558,109,109,90,True,True,90,0.06789949443141975,5.036320968799224,0.893275123139024
4559,126,126,105,True,True,105,0.06262434582003774,4.43235760161054,0.9287457697151553
4560,163,163,137,True,True,137,0.06709527887303209,4.8332662550325685,0.940162535851488
4561,151,151,126,True,True,126,0.06171207570583641,5.017245639719875,0.9091440053938047
4562,193,193,158,True,True,158,0.0627587742209015,5.357038098541876,0.8998809308691759
4563,118,117,104,True,True,104,0.04390430233265941,4.8516655037833525,0.903947550875517
4564,185,185,155,True,True,155,0.05476253178321581,4.824516808419024,0.9096345765546067
4565,221,221,185,True,True,185,0.05418652147190459,4.490498092072639,0.8922783532973225
4566,215,215,189,True,True,189,0.06919700791729098,4.664790082124742,0.8812186501361431
4567,228,228,191,True,True,191,0.06301566435818738,5.502780415478742,0.8170837943120628
4568,250,250,223,True,True,223,0.05850227789214583,5.792601360670228,0.8078660137583624
4569,250,250,221,True,True,221,0.05759418621971112,6.091966595551464,0.7923631561317458
4570,250,250,221,True,True,221,0.060228831695905954,6.179126223849696,0.771490907766742
4571,250,250,211,True,True,211,0.05342858403572694,6.264793620881232,0.8864894411354667
4572,250,250,226,True,True,226,0.04961707693313716,5.8437980622162495,0.827387858113914
4573,250,250,231,True,True,231,0.048285883561353195,6.054935892052003,0.7825415050238103
4574,250,250,220,True,True,220,0.054905977868491274,6.484310641784111,0.8605911901035579
4575,250,250,211,True,True,211,0.0443779963134815,6.77325975277419,0.8423801286339138
4576,250,250,216,True,True,216,0.05936382120060777,6.825883820171592,0.8595814728197487
4577,250,249,210,True,True,210,0.048422526913300436,7.451515757928273,0.910914428825763
4578,250,250,221,True,True,221,0.04699152653941897,7.3747397593101685,0.8326248591514916
4579,250,250,228,True,True,228,0.04669506062831534,6.98559983504045,0.9306227058136033
4580,250,249,220,True,True,220,0.04005984806499226,7.136428001936021,0.9214074121201333
4581,234,233,197,True,True,197,0.039125967146491664,7.068519015467839,0.9555408801989709
4582,236,230,199,True,True,199,0.05310082733994465,5.943386012460088,1.0106855714937333
4583,243,243,212,True,True,212,0.047587477328743334,6.042175218822305,0.9569336466962604
4584,209,207,170,True,True,170,0.04156727407936116,5.957260229825961,0.961007767921981
4585,172,170,139,True,True,139,0.0488371867937358,5.737743463212445,0.9479902026660559
4586,142,142,117,True,True,117,0.0493748828659375,5.68722825866744,0.8760448867030506
4587,155,152,124,True,True,124,0.050292510057201846,5.455748353364284,0.9208086229223394
4588,147,147,118,True,True,118,0.057270208213977054,4.765580998572157,0.935126816258884
4589,152,149,129,True,True,129,0.0528057561803094,4.626660149966352,0.9440816138718988
4590,158,157,131,True,True,131,0.05375349880447669,4.214265264485876,0.9119752964177245
4591,174,165,138,True,True,138,0.05761028145139643,3.8891050035206716,0.9122976751968587
4592,160,158,144,True,True,144,0.06479296520022829,3.022438383728004,0.9015263716403394
4593,145,144,130,True,True,130,0.05663096602011907,3.214140668094048,0.8525200154111678
4594,137,137,125,True,True,125,0.06558189711363835,2.46918786777807,0.8314378142726784
4595,129,127,111,True,True,111,0.06777506832890867,2.1940239738027776,0.895890090647724
4596,119,117,108,True,True,108,0.07201054675662631,1.4394088392735203,0.9100543766381529
4597,131,129,114,True,True,114,0.06425414320094476,2.2270189675994088,0.8568969834282751
4598,133,133,118,True,True,118,0.05873314223331039,2.565067333248572,0.8981160201775104
4599,136,134,115,True,True,115,0.07128838277055137,2.8769034890550267,0.8155114627127361
4600,129,126,111,True,True,111,0.06168175623580117,3.5610620255321024,0.9312925569966769
4601,119,118,108,True,True,108,0.06166667601909196,3.3784287637519896,0.8650174442998778
4602,125,125,112,True,True,112,0.05906565908682125,3.2924290784122037,0.8474103849884982
4603,114,114,106,True,True,106,0.05997023209234635,3.0816661634813833,0.9260572539361704
4604,104,102,90,True,True,90,0.058767177143991024,3.4084245462105565,0.8585429044132216
4605,139,138,114,True,True,114,0.05377724801582399,3.9096056081454202,0.9683382340591041
4606,112,111,98,True,True,98,0.05599619700081955,3.7613898744437946,0.9397272422269591
4607,148,142,117,True,True,117,0.055054335525261795,3.4486638630995214,0.8752675689422722
4608,158,137,121,True,True,121,0.04966300135493888,3.213512239664464,0.8482002856129547
4609,168,128,116,True,True,116,0.05187493824263421,2.8159865045150254,0.9050580117203958
4610,181,146,132,True,True,132,0.05198001037337552,3.4472306385362357,0.9585992682702557
4611,146,137,118,True,True,118,0.05141601135010863,3.4504796090284473,0.9074512226759235
4612,172,159,131,True,True,131,0.052001884547164465,3.308282844950228,0.9670416922150668
4613,191,183,148,True,True,148,0.05112719763495394,3.3393473483121072,0.9317192435156574
4614,166,159,137,True,True,137,0.05078859072097105,3.298832159156357,0.921840217752002
4615,138,130,108,True,True,108,0.05293806640345129,3.506448268538442,0.8690571875280624
4616,97,88,73,True,True,73,0.05672493487017281,4.39221753004522,0.9981215941903961
4617,95,86,67,True,True,67,0.050624614507609814,5.0226806586341475,0.8840662748680009
4618,102,99,82,True,True,82,0.05415704174452857,4.760302533959911,0.9833343393549878
4619,123,123,99,True,True,99,0.051695817172655756,4.85198908686685,1.0450256009752108
4620,107,107,91,True,True,91,0.05215885197011094,4.11228018968688,0.9714292633209985
4621,65,65,48,True,True,48,0.05197683506352242,4.228610142105001,0.9895917299892534
4622,72,70,62,True,True,62,0.04991762781146798,4.852047822620245,0.9793703474795189
4623,97,96,72,True,True,72,0.049185652985139376,4.873546448313659,0.9853874325932445
4624,65,65,46,True,True,46,0.052514525341423,4.848678107202477,1.0102488865001185
4625,56,56,46,True,True,46,0.058395953073956355,4.283264139744122,0.974552449901602
4626,39,39,31,True,True,31,0.05891649275930751,4.589488165782658,0.8421221293027457
4627,41,40,33,True,True,33,0.08341180708628405,5.763262872980935,0.8164548294904737
4628,48,46,41,True,True,41,0.08191783543116316,5.881361849715551,0.9353116968698835
4629,60,55,45,True,True,45,0.09224414354750236,6.386801155291811,0.9142301612125094
4630,84,84,77,True,True,77,0.08769288600484319,6.9717712550234605,1.0123627306664482
4631,75,75,65,True,True,65,0.06642181549169907,6.942466356571446,0.7780661104024896
4632,83,83,74,True,True,74,0.07525547042576754,8.007700638799085,0.8182960314720097
4633,67,67,56,True,True,56,0.08468543479611332,7.877863153233888,0.8527288841007253
4634,76,76,70,True,True,70,0.06569535451442689,6.679403649953189,0.90993996395671
4635,81,81,77,True,True,77,0.0697718982140594,6.492996933817059,0.8307712559644763
4636,87,87,78,True,True,78,0.0635444009971283,6.381867802142869,0.8429707540791217
4637,87,86,76,True,True,76,0.09651931651566029,6.858249052255281,0.8576854888574434
4638,157,147,137,True,True,137,0.06082556005354135,6.187922769933288,0.8373662729836021
4639,149,146,119,True,True,119,0.07347631547302254,5.872845713393571,0.8920882303150366
4640,175,156,136,True,True,136,0.06100818030738448,5.801250369517805,0.8309746244047994
4641,169,160,149,True,True,149,0.04627520239174227,6.379175967992491,0.8762805027390064
4642,174,170,146,True,True,146,0.05226780352995952,5.934014569604511,0.8106945909015714
4643,196,196,184,True,True,184,0.04902798942316896,5.083107521632618,0.8241707683991639
4644,232,232,209,True,True,209,0.05271386841695592,4.070953480527228,0.875613888580657
4645,168,168,152,True,True,152,0.04328121377808128,2.7841073302374957,0.9022704500547898
4646,142,142,131,True,True,131,0.05388958724457739,2.0833610559402227,0.8471471451232119
4647,128,128,123,True,True,123,0.05002595141318097,2.6182025574103376,0.8401386008335037
4648,122,122,114,True,True,114,0.05600495699187931,3.4526441692503576,0.8076739452700167
4649,128,128,114,True,True,114,0.05465396668972795,2.5145849301907095,0.8318089227414964
4650,154,154,146,True,True,146,0.05125584962078537,2.6566868050829155,0.7942624706084963
4651,161,161,149,True,True,149,0.059491816041279726,4.196477175621211,0.8412162276337487
4652,106,106,93,True,True,93,0.04940504921734866,4.407204535653961,0.8194934267703494
4653,89,89,83,True,True,83,0.0555524731302114,5.675543816565906,0.7695592736848812
4654,93,93,86,True,True,86,0.0557199353856082,6.317548013637929,0.7571917430447784
4655,74,74,68,True,True,68,0.06466087821934982,7.139670504483746,0.9525881871971552
4656,71,71,60,True,True,60,0.06926306560484626,6.742506323517293,0.9990369602142776
4657,76,76,69,True,True,69,0.0484881147460481,6.569610750639131,0.8749718433360146
4658,96,96,91,True,True,91,0.05600570517626992,5.671905788296288,0.8262196267113859
4659,136,136,122,True,True,122,0.05671419390578561,4.875407756055835,0.8490321226298042
4660,131,128,111,True,True,111,0.05999103024589582,4.522819679167921,0.9458768987077776
4661,140,133,119,True,True,119,0.059612297924251476,4.357227123872332,0.8730948818699006
4662,146,146,123,True,True,123,0.058899582703662204,4.461527936876601,0.8630656038105191
4663,134,134,120,True,True,120,0.06192568626700019,4.951273602072722,0.9192945526002972
4664,115,115,101,True,True,101,0.05755864942356783,5.696241905411414,0.8300420992860265
4665,115,114,100,True,True,100,0.05363419672527665,5.550668664723352,0.7898449214438616
4666,129,128,110,True,True,110,0.05492223136087187,5.041159407018441,0.8253040093601285
4667,118,115,109,True,True,109,0.055284938172155816,5.657736459974599,0.7414385539487186
4668,114,114,105,True,True,105,0.05743333684201537,5.56641771222896,0.7524955766188047
4669,113,113,107,True,True,107,0.060015063660970966,6.16091122478257,0.7647522239343545
4670,85,85,77,True,True,77,0.06315732652012333,7.366282809518276,0.8175772459489246
4671,187,187,166,True,True,166,0.058110352457496364,5.7647855765087215,0.8887097549315123
4672,185,185,140,True,True,140,0.05835904444419386,4.347823535949933,0.8598475918267091
4673,173,172,157,True,True,157,0.06071650024213288,4.205097053056829,0.845844673677938
4674,220,220,194,True,True,194,0.05821587611600246,3.599652121108938,0.8748417110594402
4675,206,206,183,True,True,183,0.05778123003412008,3.2995071008361476,0.8929174285459577
4676,210,207,181,True,True,181,0.05689583840829703,2.7066318859161287,0.904454411137791
4677,208,208,187,True,True,187,0.059636327970369246,2.2139119810041263,0.8543709861612694
4678,193,193,166,True,True,166,0.05945951543358044,2.964936511940525,0.8085830459933413
4679,166,166,154,True,True,154,0.05990192853000741,3.209050975568824,0.8686936308695659
4680,157,157,139,True,True,139,0.05373317527094207,2.8217689440003806,0.8631697258088217
4681,158,156,144,True,True,144,0.06947138054111637,2.813085902068624,0.8410362301159738
4682,140,138,128,True,True,128,0.056766785174619416,3.249878873916992,0.8269852524382432
4683,138,137,129,True,True,129,0.05237133658385887,4.044126836680308,0.9051277294736501
4684,152,152,142,True,True,142,0.0461138941286607,5.242037578096309,0.9391202615971032
4685,150,150,135,True,True,135,0.050380067978421546,5.768157652854897,0.870234465045908
4686,142,142,131,True,True,131,0.0455596388470166,5.283383877212188,0.8777526364966328
4687,170,170,151,True,True,151,0.0483432323320181,5.085045729467426,0.8923236397332571
4688,161,159,144,True,True,144,0.029187728853623213,5.005343494206991,0.9158802953322858
4689,179,176,149,True,True,149,0.05769179625675167,4.652881308187816,0.8177615867144767
4690,210,210,182,True,True,182,0.05556220346154775,4.550847506603029,0.9288553858941586
4691,234,234,215,True,True,215,0.06112988690261311,3.91252047487087,0.8997199107618687
4692,247,247,216,True,True,216,0.06676825109391499,3.6801900448242657,0.9037104258910009
4693,241,240,202,True,True,202,0.07135357234161434,4.468598147074048,0.8065523387725029
4694,250,250,229,True,True,229,0.0659365192191685,4.544814577896777,0.83620202626106
4695,250,250,225,True,True,225,0.06769259934977934,5.050843604694615,0.8567239566020234
4696,250,248,228,True,True,228,0.06653882934241906,4.773038169518329,0.9126721170149521
4697,250,248,222,True,True,222,0.06810343975826286,5.456638868743401,0.7943521030303462
4698,250,250,198,True,True,198,0.06589275489194768,6.053632292737396,0.8951243031778547
4699,213,211,190,True,True,190,0.06325037718535334,6.143845757654747,0.9733787937101143
4700,219,219,184,True,True,184,0.0596788767077733,6.332867578415059,0.9017303748275314
4701,250,248,212,True,True,212,0.06731968384610365,5.951219993712835,0.9096178517855275
4702,238,229,208,True,True,208,0.06418510528035294,4.4065559510558625,0.9366528604356966
4703,186,166,147,True,True,147,0.06997565715727383,4.493567378413492,0.9292248744663253
4704,163,152,136,True,True,136,0.06537905135769999,4.400957927781286,0.9274042407900519
4705,217,200,171,True,True,171,0.06943282455679456,5.320908899305004,0.9581597855389006
4706,250,222,173,True,True,173,0.06437434940467407,4.981825020847074,0.9269525120546228
4707,228,189,152,True,True,152,0.06508329855606627,5.533173777836594,0.9423861681102061
4708,250,216,164,True,True,164,0.06466571343730697,6.010765778132027,0.9316133092259533
4709,236,230,194,True,True,194,0.06570568835776618,5.6407167486161445,0.8567838939984662
4710,165,164,137,True,True,137,0.0610535830409259,5.528178611580159,0.9877165029563992
4711,197,192,159,True,True,159,0.057217185086844494,5.290106635588434,0.8344469541988055
4712,217,210,174,True,True,174,0.07426628337917103,4.620220507136271,0.8411053495370304
4713,216,205,181,True,True,181,0.05796314006357395,4.904438706114089,0.9134008171002012
4714,250,226,189,True,True,189,0.05660273038305027,5.119144394743911,0.8539009013637984
4715,245,228,183,True,True,183,0.0584789402923481,4.680435117614717,0.8915400020351913
4716,230,212,183,True,True,183,0.06458033149650023,4.638497276725691,0.8402086786949852
4717,164,160,143,True,True,143,0.05636217581826558,4.889650132519646,0.8642348665827705
4718,166,153,129,True,True,129,0.061162893162056954,5.677891605131289,0.8976022298719545
4719,127,117,96,True,True,96,0.058172280699024866,4.9628019403825805,0.9366473465296732
4720,117,113,94,True,True,94,0.060380115869850294,4.608568835604685,0.9511355114167417
4721,115,113,81,True,True,81,0.06521833481019794,3.83288113577354,0.9173982074013972
4722,122,121,91,True,True,91,0.06174323321216853,4.842652824506215,0.908792443926156
4723,104,104,81,True,True,81,0.06135508845782115,4.833151724041212,0.972750107989333
4724,84,83,74,True,True,74,0.06558536061186988,5.419749197665557,0.871226122724405
4725,103,103,97,True,True,97,0.07261733696763094,5.427739473989691,0.9202837216881157
4726,116,116,101,True,True,101,0.07528157625043005,4.8329267022341496,0.8234364496014129
4727,123,123,112,True,True,112,0.06899014015498221,4.324708209660437,0.8710801892485217
4728,186,186,161,True,True,161,0.06804479737409953,4.279828372349838,0.9026062346571578
4729,190,183,157,True,True,157,0.06708088637681618,4.667891217712219,0.8376812939841338
4730,162,156,123,True,True,123,0.07019776836899633,4.623519820509849,0.8577548374567762
4731,128,115,94,True,True,94,0.06504242165660494,4.805549780015118,0.9019714724045667
4732,104,78,65,True,True,65,0.06358356013556361,4.876341380287462,0.884696036068812
4733,91,71,61,True,True,61,0.06331965568241411,4.510090553468543,0.7669033973473545
4734,78,73,59,True,True,59,0.07242059942065016,4.331056433983617,0.8634767544913389
4735,46,46,41,True,True,41,0.06383231825171691,5.154735772587791,0.8975729216975349
4736,145,143,128,True,True,128,0.038416685418350215,4.155578065808458,0.8848559724049215
4737,133,128,119,True,True,119,0.04800772499427582,4.213016743721208,0.8194548804828935
4738,137,137,131,True,True,131,0.05923714477130636,4.359355339874469,0.8194416013366419
4739,147,146,131,True,True,131,0.07404625787078388,4.928069323585758,0.8447355932589364
4740,147,145,132,True,True,132,0.06713151499309308,5.372610569269002,0.8287546443554159
4741,136,136,120,True,True,120,0.06571012660745255,4.879216446504501,0.8481921711993856
4742,144,141,131,True,True,131,0.05038981356061074,4.2599901664811055,0.8422459785621547
4743,156,152,139,True,True,139,0.05502325347818944,5.175600148566551,0.8249070453722321
4744,140,140,117,True,True,117,0.05302178330881213,5.8157825689658535,0.8637124464192832
4745,140,140,130,True,True,130,0.06200485001783838,6.207418318836331,0.859204913931587
4746,142,139,115,True,True,115,0.07355304100157942,6.3131794268051245,0.8157543934240582
4747,143,138,126,True,True,126,0.0674283421801044,5.671319104796017,0.8377077290131523
4748,134,131,109,True,True,109,0.05297306921677759,5.318596928775237,0.8931129501937483
4749,158,156,133,True,True,133,0.06508758002206567,5.148450287931048,0.8942323496423469
4750,182,178,148,True,True,148,0.05687344053200466,4.36930225381944,0.8860657811093472
4751,215,214,187,True,True,187,0.06373948561015554,4.270470230907695,0.8214042450685136
4752,250,250,226,True,True,226,0.05562662346014001,4.229655277330254,0.9362240903177481
4753,250,249,223,True,True,223,0.060661746455482606,3.951568548602967,0.853718470714866
4754,250,250,229,True,True,229,0.05973828951436196,5.006439893291893,0.8933774652158116
4755,250,250,222,True,True,222,0.0573228776121752,5.461978911360456,0.8845609381013992
4756,243,242,207,True,True,207,0.06315377561801919,5.907757238747414,0.8305914733407295
4757,223,222,188,True,True,188,0.077794367803218,6.009477956690373,0.831364022644498
4758,231,229,210,True,True,210,0.07123546010652071,6.1582526819389765,0.9180272013486153
4759,236,236,200,True,True,200,0.0668889282488561,6.2527975789785195,0.9205978570065837
4760,250,250,220,True,True,220,0.06135457938746772,6.7325226011485375,0.88120326046486
4761,239,237,214,True,True,214,0.04889762570866865,7.090866237901772,0.9076609268088799
4762,250,250,220,True,True,220,0.05363135996610881,7.117333068823265,0.9505664040078808
4763,250,249,213,True,True,213,0.07044097061240999,7.3855088251054735,0.9311810316666093
4764,250,249,229,True,True,229,0.05470565508143391,7.747660998542504,0.9209205060034967
4765,250,249,220,True,True,220,0.061120449104516916,7.153344854149063,0.8599193600059496
4766,250,249,206,True,True,206,0.05712261943318148,6.9705160275293885,0.7734777900157502
4767,250,238,210,True,True,210,0.055286092790994563,6.527499529451045,0.9057542890688893
4768,179,162,136,True,True,136,0.05378414671572153,5.346669600266006,0.9005604552353756
4769,250,224,180,True,True,180,0.058568561532775724,5.063865736961582,0.951579358366075
4770,250,215,179,True,True,179,0.05586932459033084,4.862048794872778,0.8882449824755623
4771,250,208,160,True,True,160,0.062157485870448795,4.746729491396214,0.8349616194714677
4772,227,201,159,True,True,159,0.06810677780379745,4.452606056952514,0.9128096135932985
4773,245,229,191,True,True,191,0.05552647021926951,4.034453410435455,0.8588393452732495
4774,250,232,217,True,True,217,0.05571715289426546,3.7618203738709113,0.8648979028320103
4775,250,223,198,True,True,198,0.04943697595875924,3.4927239781798045,0.8269907562517885
4776,111,102,91,True,True,91,0.033590477094221464,2.9309022229806185,0.9080945757576885
4777,160,150,133,True,True,133,0.047231052175917144,2.71696841512175,0.8072847006747453
4778,189,180,158,True,True,158,0.05124672737441544,2.856121407798493,0.8938937827019621
4779,203,202,185,True,True,185,0.050141737802087916,2.385876180961125,0.8691350877229981
4780,216,210,192,True,True,192,0.04854722550009428,2.1160470349980045,0.8537607747244464
4781,201,200,168,True,True,168,0.04790720363282751,2.96460106707349,0.9245211917959444
4782,211,211,182,True,True,182,0.05268129758181329,3.471773566609295,0.909637804875229
4783,182,182,148,True,True,148,0.0654938798782851,4.166008518435,0.8613800043064049
4784,138,137,120,True,True,120,0.053442592650462556,4.4906162747508604,0.9481488188520952
4785,139,139,124,True,True,124,0.04748733956951355,4.563099147591247,0.8949649327990363
4786,136,136,119,True,True,119,0.05595235687491271,4.320174104540738,0.9007449532942228
4787,159,159,137,True,True,137,0.0534714574678998,4.437284436004837,0.9569026153217385
4788,174,174,159,True,True,159,0.04821316270909693,4.592819572471659,0.8887676362870803
4789,140,140,113,True,True,113,0.04084255076891208,4.948493199846803,0.9174395191062028
4790,118,117,99,True,True,99,0.03629682924830177,5.019959057570571,0.8837182290833313
4791,125,125,103,True,True,103,0.051785507398932173,4.914303182077409,0.9226458301374171
4792,122,122,102,True,True,102,0.04568644106669903,5.153831859930327,0.9737807693810658
4793,112,112,86,True,True,86,0.049850239144479176,5.273178545591805,0.9529447732717774
4794,87,87,64,True,True,64,0.03876789604458234,5.534202008261004,0.9434497126948045
4795,99,99,63,True,True,63,0.027580058062063196,5.996302100746225,1.078733834260469
4796,51,51,45,True,True,45,0.04218050778630363,5.914588968422101,1.0930896878324925
4797,38,38,32,True,True,32,0.04372758963061688,6.208331143614354,0.9639660274882086
4798,38,38,34,True,True,34,0.03141497614748055,5.816549304618095,0.9454164056195317
4799,29,29,0,False,False,0,,,
4800,31,31,0,False,False,0,,,
4801,73,73,63,True,True,63,0.04049003649208379,4.590071461274322,0.9969325771077348
4802,59,59,46,True,True,46,0.04140554317006974,4.749729020447125,0.8802782086010545
4803,35,35,0,False,False,0,,,
4804,50,50,40,True,True,40,0.04547330171770198,4.018991504852289,1.0440739727220405
4805,41,41,34,True,True,34,0.047832621529222984,2.5887652530303145,1.0003695927748828
4806,47,47,42,True,True,42,0.05264089312123778,2.5568293954195713,0.9231422381573136
4807,47,47,38,True,True,38,0.04090442341649011,2.673485395976984,0.9955067586395023
4808,43,43,36,True,True,36,0.04261335243098174,2.8886990818224922,0.832465428925143
4809,55,55,43,True,True,43,0.0350253179469912,3.1737246107423474,0.9446461684259417
4810,65,65,51,True,True,51,0.03745304829915108,2.8926238306243204,0.872729718601673
4811,83,83,66,True,True,66,0.04303767442504246,3.016544993914893,0.802121558281924
4812,59,59,52,True,True,52,0.04394654000453806,2.8343874898423738,0.8092393324481456
4813,56,56,51,True,True,51,0.033430059244262206,2.862584295252564,0.7692694106686491
4814,59,59,53,True,True,53,0.06051943669742472,3.2901164728692436,0.860442672947929
4815,63,63,57,True,True,57,0.04994775123273822,2.87129977644784,0.7727524057134719
4816,55,50,48,True,True,48,0.04833150736334146,2.868880211177967,0.8237751509593767
4817,46,46,40,True,True,40,0.04938249103189359,3.193363666164717,1.019577880751308
4818,52,50,38,True,True,38,0.05549188807406025,3.563830411113025,0.729412122667861
4819,44,42,35,True,True,35,0.046221537187546034,3.5769754826227276,0.8730328263653253
4820,36,36,32,True,True,32,0.041044876042236875,3.4987978743508066,0.9755304901112546
4821,49,45,40,True,True,40,0.03689324189968112,3.981156365700229,0.8998394914557944
4822,46,42,38,True,True,38,0.039595607034344386,4.144291322779219,0.9952724161727379
4823,40,31,0,False,False,0,,,
4824,55,54,40,True,True,40,0.04372173533678427,2.934312875292478,1.0107719993715414
4825,46,46,39,True,True,39,0.04740885952879481,2.258136266229831,1.0299157954461884
4826,66,66,58,True,True,58,0.050275171681878436,1.5847231869836997,0.8533179958266757
4827,68,68,57,True,True,57,0.05012812583630774,1.6424126259105032,0.8882463661363582
4828,72,72,62,True,True,62,0.050997197701949507,1.3005326659960084,0.8891252226948677
4829,96,96,91,True,True,91,0.045522555257557426,1.554491652950438,0.9251150799899726
4830,116,116,108,True,True,108,0.03664525471390217,2.077892615733065,0.9105635088202428
4831,141,140,131,True,True,131,0.045225096123820856,1.6539813979944529,0.8875017771672232
4832,194,194,171,True,True,171,0.045889487937728075,2.1202107760316693,0.90861726912217
4833,229,219,193,True,True,193,0.0470121006749506,2.212146265976117,0.8853375628462407
4834,245,200,173,True,True,173,0.05281079711622223,2.4327335234818697,0.8584726703326272
4835,250,210,179,True,True,179,0.054335262296878205,2.677926179572761,0.9104182594927237
4836,248,225,181,True,True,181,0.06081488135075074,2.605876707970137,0.9640085355362711
4837,246,238,202,True,True,202,0.05909635284518032,2.412618635764779,0.9024466472552395
4838,196,196,168,True,True,168,0.059390458570318334,2.629624409172099,0.9596063233761337
4839,179,179,153,True,True,153,0.06558791797989924,2.7985326438700837,0.9900573481447209
4840,191,191,143,True,True,143,0.05385893540944619,3.179709742068813,1.0447834039681452
4841,246,246,213,True,True,213,0.06356983026059865,3.198797579125092,0.95510866485111
4842,208,206,162,True,True,162,0.05004471832512339,3.3839599521503634,0.9363869505252591
4843,195,195,171,True,True,171,0.06085540078601487,3.767861001090999,0.913529957481503
4844,189,189,170,True,True,170,0.055041060316611844,3.682724786392102,0.8789446220447374
4845,201,201,179,True,True,179,0.06733119024177128,3.5601616055642564,0.8404185086526746
4846,206,206,195,True,True,195,0.06860232925756145,3.333867677922718,0.8266255189848569
4847,231,231,206,True,True,206,0.06818297368076119,2.888289841023042,0.8836473005810739
4848,211,211,194,True,True,194,0.06297992824820997,2.8848330477558637,0.8751196194175603
4849,200,200,186,True,True,186,0.06521797573945211,3.289336370683121,0.8458625792415884
4850,196,196,180,True,True,180,0.0754142555765202,3.8152838733437027,0.8661770299119623
4851,185,184,157,True,True,157,0.06821511857638377,3.8076055201176553,0.7995516187499567
4852,191,191,176,True,True,176,0.07218724780863846,4.064077438535473,0.8581101970960986
4853,164,164,135,True,True,135,0.07606286678169312,4.93276074002224,0.9124595534808071
4854,158,157,133,True,True,133,0.06651669143097459,5.429132764522995,0.8453311477273001
4855,157,157,142,True,True,142,0.07059789666437256,5.66948793472721,0.8661327961171646
4856,157,157,140,True,True,140,0.07864711101153381,6.335064531837431,0.8318294133130196
4857,153,153,128,True,True,128,0.07609040272555401,5.9363813106740215,0.8864579302404916
4858,116,116,96,True,True,96,0.0724982806395521,4.925441721114402,0.9275446492676279
4859,112,111,99,True,True,99,0.07819450673523314,5.432056762838842,0.8011124156664189
4860,119,119,102,True,True,102,0.07603131135064072,5.49473445857275,0.9616610751260494
4861,119,117,96,True,True,96,0.07310169457467129,4.691427956507501,0.7938206477174834
4862,127,126,111,True,True,111,0.06970700198753683,3.919578040639382,0.8412064912671248
4863,98,92,81,True,True,81,0.0741987057830092,4.392846224172514,0.7803054234307716
4864,89,84,74,True,True,74,0.05066554963200842,4.648581945838788,0.920075812480902
4865,98,87,81,True,True,81,0.05490907790723903,4.2780999626854355,0.8180738623866833
4866,96,94,90,True,True,90,0.04027206805417311,3.4242272046379103,0.7239047537947937
4867,79,79,77,True,True,77,0.03919870520986028,3.8663839505201145,0.7536252467819283
4868,91,90,81,True,True,81,0.032424001037543324,4.093120748086961,0.8523227083013063
4869,97,94,88,True,True,88,0.045078632063755446,4.354467511175991,0.8742823057758337
4870,89,89,81,True,True,81,0.06468431827192489,4.230881717519632,0.7777143972378742
4871,88,86,77,True,True,77,0.08286901833525823,4.305871776444769,0.803823853611471
4872,112,110,97,True,True,97,0.04521475888418736,2.8795629957368494,0.8819056422819324
4873,115,115,106,True,True,106,0.06301938390039999,2.677196451043863,0.7453347134932105
4874,99,97,91,True,True,91,0.049907529356971486,2.599575207622425,0.8202359024615132
4875,96,95,85,True,True,85,0.05118592892439708,3.0182658312489252,0.7576913815143527
4876,99,99,95,True,True,95,0.04625861956498316,2.5831064148226504,0.8157312320710232
4877,101,100,87,True,True,87,0.05225636466283637,2.6421340208877235,0.817088609243231
4878,117,116,99,True,True,99,0.051782131722214526,2.266557128711986,0.792708657143199
4879,121,119,111,True,True,111,0.0568392143102062,2.2182967304011765,0.8938905566189912
4880,116,114,100,True,True,100,0.055835526953955585,2.611912867586391,0.7832219768513068
4881,121,121,92,True,True,92,0.06033160115704022,2.2909957813805795,0.9075736900603576
4882,125,119,106,True,True,106,0.06586627412573724,3.3443585797029725,0.8474346663354523
4883,101,98,86,True,True,86,0.05781615016542551,3.4111512155498067,0.8023437315997012
4884,81,74,65,True,True,65,0.06030919627737575,3.574196106841193,0.9595729929838384
4885,77,62,57,True,True,57,0.05945871315438872,3.876219437907133,0.8613291172064688
4886,99,87,81,True,True,81,0.06175198258588017,4.196118060058582,0.8978208630845431
4887,77,71,56,True,True,56,0.050102608090440086,4.187537277491347,0.8837993301262069
4888,82,79,69,True,True,69,0.0622506153556417,4.69854306190311,0.8257826196835987
4889,64,60,56,True,True,56,0.05581835491807033,4.612522925371951,0.9104257186676546
4890,68,64,55,True,True,55,0.06240352128358493,4.365480512018112,0.9324126054318116
4891,103,101,89,True,True,89,0.068571481193229,4.255041129390792,0.8035117538838354
4892,125,117,102,True,True,102,0.05976492481778189,4.053537405765404,0.893182966594331
4893,118,110,98,True,True,98,0.058290188171132164,4.267139963648563,0.8061832240755867
4894,108,100,96,True,True,96,0.06673660764105833,4.088319156163661,0.7778973733777514
4895,117,114,98,True,True,98,0.05146735665534991,3.846851017270802,0.7628780822005975
4896,144,139,122,True,True,122,0.06017231797443547,3.613888148430307,0.8405320657150891
4897,170,165,155,True,True,155,0.057181456901778296,3.526720020987828,0.7796122594021515
4898,170,166,152,True,True,152,0.05204228174897403,3.415323770539937,0.8056874099346734
4899,172,171,159,True,True,159,0.054778218022879126,3.155461822261742,0.8435918613192112
4900,250,248,234,True,True,234,0.056717863948447675,3.068576665177589,0.8510001296537628
4901,250,250,214,True,True,214,0.04345494126754932,3.860335103058717,0.9161312618367408
4902,250,249,219,True,True,219,0.06946730731596805,3.3679098269722987,0.8888541253411287
4903,250,248,215,True,True,215,0.05200333326130822,2.9419918419683224,0.9089457505779137
4904,250,250,217,True,True,217,0.0512156835982231,3.3139329937075157,0.8506736675330135
4905,239,231,177,True,True,177,0.05074559926816442,3.3491069626799246,0.9446082068613989
4906,226,225,187,True,True,187,0.057326939188192455,3.1905629315723814,0.8997231740356378
4907,188,188,163,True,True,163,0.05320002036937204,3.6490365474669226,0.9397160584300956
4908,144,144,121,True,True,121,0.039483856809452066,3.9161458106412597,0.9462382952713844
4909,143,143,134,True,True,134,0.05010875535317887,4.214359690510684,0.8524845435340905
4910,151,151,133,True,True,133,0.05073435834780068,4.554210858915229,0.9106849016369911
4911,142,142,127,True,True,127,0.052285669644612266,4.5954995549663105,0.9246718855886902
4912,143,143,125,True,True,125,0.05192008908737882,3.821840022862817,0.918865731086068
4913,142,142,122,True,True,122,0.05320513568780258,3.2630414107383134,0.9598787525867167
4914,144,144,118,True,True,118,0.05502249722908787,2.5576614657141854,0.9496262146078289
4915,139,139,125,True,True,125,0.048620671200330416,2.479496326340153,1.0718298519826042
4916,120,120,99,True,True,99,0.04984818051573898,2.1422108779215288,0.8448316580450034
4917,122,122,100,True,True,100,0.05113529362572275,2.742914625710496,0.912946813707728
4918,96,96,79,True,True,79,0.04488530276718021,3.249183135197057,0.9975881836965128
4919,98,98,73,True,True,73,0.050215204045746704,3.3595023323683355,0.9961399014982202
4920,111,111,89,True,True,89,0.03498481767585459,4.095129410611297,0.9482274810221055
4921,99,99,80,True,True,80,0.03100864330767414,4.177897404628651,0.9295385953333016
4922,93,93,73,True,True,73,0.03441759326422043,3.938632004175724,0.9129090730531599
4923,71,71,56,True,True,56,0.03095984396251226,4.05317024621055,0.8818545337857514
4924,69,69,64,True,True,64,0.025500968185470284,4.332668808228589,0.8654380485104727
4925,69,69,62,True,True,62,0.0216827370959304,5.087585233709916,0.9781698326675018
4926,54,54,43,True,True,43,0.01877938440201988,5.159601577863433,0.8340905908900306
4927,48,47,42,True,True,42,0.00570052712803572,5.43560533097175,0.9211515419361481
4928,34,30,0,False,False,0,,,
4929,27,25,0,False,False,0,,,
4930,21,21,0,False,False,0,,,
4931,20,18,0,False,False,0,,,
4932,19,19,0,False,False,0,,,
4933,16,16,0,False,False,0,,,
4934,22,18,0,False,False,0,,,
4935,32,30,0,False,False,0,,,
4936,32,32,0,False,False,0,,,
4937,32,30,0,False,False,0,,,
4938,44,37,35,True,True,35,0.03826454365007793,5.923889004260687,0.8392080433404032
4939,50,49,40,True,True,40,0.05782631209164231,4.8002037330568434,0.9410798815037666
4940,48,48,44,True,True,44,0.03651300889087702,4.645886072410267,0.8858666446616136
4941,67,65,56,True,True,56,0.017155768015604436,4.5058549096005205,0.8863604184893816
4942,63,63,52,True,True,52,0.054578552063097675,3.698437971496955,0.7885254610023942
4943,72,71,57,True,True,57,0.0523683673838528,3.565202561750325,0.8460653046715682
4944,84,83,76,True,True,76,0.03621478345423421,3.556444188663142,0.7555951050863057
4945,93,91,80,True,True,80,0.018949986139838126,3.4272551886908764,0.9240054610265942
4946,86,86,75,True,True,75,0.045733294210709055,3.061808573822778,0.9187313663067371
4947,96,96,84,True,True,84,0.03893734099726917,2.8861239314031404,0.8786726347672684
4948,97,96,86,True,True,86,0.04105412410019446,2.720214476064923,0.9818267267829288
4949,129,129,115,True,True,115,0.04505720456834576,2.8164949202756517,0.861318826042573
4950,136,134,118,True,True,118,0.0401271592581351,2.9746649297157495,0.9007900208645303
4951,150,150,124,True,True,124,0.036333553478004904,3.0522240673887304,0.9301550040317803
4952,119,119,99,True,True,99,0.04786302254179882,3.269080346392033,0.9034661478522807
4953,105,105,85,True,True,85,0.039025262416346074,3.1846881097214292,0.9922194102667834
4954,95,95,83,True,True,83,0.040812638734085874,2.8977214234879503,0.9321161528107779
4955,85,85,75,True,True,75,0.04023915305998725,2.829356944100624,0.8739929846587426
4956,44,44,36,True,True,36,0.04057834801415325,3.135118807951533,0.9353127750377263
4957,60,58,50,True,True,50,0.04234635600208827,2.903358772392288,0.8766197159716582
4958,86,80,68,True,True,68,0.04604462045789471,2.4075574455366198,0.8519550658499195
4959,114,104,89,True,True,89,0.04107857560794566,1.953969567220427,0.8429841118216024
4960,104,99,86,True,True,86,0.04174511063766725,2.1549201478877587,0.9286196301113995
4961,57,56,49,True,True,49,0.04458974714637662,2.538636767156293,0.8551036821927374
4962,46,46,38,True,True,38,0.050655213570796415,3.1179254744285863,0.7771490616510194
4963,58,58,45,True,True,45,0.04520250077347389,3.5693605182585997,0.9014920147986702
4964,40,40,34,True,True,34,0.06544178215713553,4.297733408761712,1.0054104249712055
4965,50,50,47,True,True,47,0.04553441523934986,4.6229776716628574,0.838416920338363
4966,62,61,53,True,True,53,0.07795721364331895,5.3503311348995695,0.8823484835190079
4967,89,89,85,True,True,85,0.06836353485806121,5.579516414743799,0.9626837809132087
4968,100,100,88,True,True,88,0.06082702653395625,5.766381772830483,0.9036269117726194
4969,132,132,120,True,True,120,0.06706860864200476,5.386901845500151,0.8539018689070252
4970,142,141,117,True,True,117,0.05522394498324523,5.1714951415951145,0.8857709087591061
4971,141,140,125,True,True,125,0.07724264521082726,5.527264612708538,0.9245590130584327
4972,89,89,71,True,True,71,0.0685675029769274,5.370660379925534,0.8305736490710565
4973,96,93,80,True,True,80,0.0731635700823716,5.110680552663091,0.8859561108760113
4974,121,118,109,True,True,109,0.0715536347665839,4.849006520263932,0.823484879733979
4975,133,123,114,True,True,114,0.07838576731157017,4.687250809889794,0.7757821139808015
4976,158,150,123,True,True,123,0.07914610771790469,4.127387929415692,0.8696646620909547
4977,192,177,163,True,True,163,0.07529476291034277,3.3374572538090694,0.8252038050072291
4978,198,187,155,True,True,155,0.07430040308504701,2.8026983304878446,0.7849142936307516
4979,192,177,143,True,True,143,0.07203070959220152,3.2117972131425634,0.7831241838454823
4980,151,145,121,True,True,121,0.06941983908876195,2.6560829390019465,0.8890444437144036
4981,170,164,152,True,True,152,0.06711528583049006,2.1513934346156987,0.8455089236376088
4982,147,139,112,True,True,112,0.07671329669945737,2.4859846929635117,0.9083006773913918
4983,136,126,110,True,True,110,0.07021918373015897,2.9980501734137976,0.7979035552972248
4984,156,141,120,True,True,120,0.07504361421355442,3.1741716766300265,0.8320323967686919
4985,137,126,109,True,True,109,0.07462907791556668,3.2275790961935846,0.9441175519937335
4986,125,117,109,True,True,109,0.07140149367589432,3.9995963227244817,0.8727686536644961
4987,125,120,97,True,True,97,0.09757057672899237,4.224182397077419,0.9230575272034561
4988,127,121,111,True,True,111,0.0788893804569332,4.294252533559703,0.8624293287373124
4989,163,160,130,True,True,130,0.06997644364235399,3.972555255616104,0.842028126287226
4990,170,166,138,True,True,138,0.07030298115049292,3.5605141902270656,0.827966613996572
4991,238,229,201,True,True,201,0.0669373878252625,3.533375342611621,0.8618839642106384
4992,217,207,184,True,True,184,0.061951944737586306,3.448541357587161,0.8926697568726278
4993,237,233,178,True,True,178,0.06626896120792637,3.3290310118787816,0.8887420058788099
4994,250,241,190,True,True,190,0.0667249499350252,2.9834707205002555,0.9061799076597523
4995,231,215,168,True,True,168,0.055300542458108344,2.8622794099767144,0.8776974296859831
4996,244,219,193,True,True,193,0.05962231001595366,2.703224250984308,0.8111559342911144
4997,250,193,178,True,True,178,0.06148540883193102,2.8101597296552216,0.857908952381572
4998,250,200,188,True,True,188,0.048877082530947656,3.074238809279113,0.8367521213945457
4999,250,217,196,True,True,196,0.06317461866618657,3.6034313275240213,0.8052570274631066
5000,250,202,191,True,True,191,0.05825009299418599,3.955329650932669,0.8262996935805009
5001,250,210,203,True,True,203,0.05528548520086901,4.435839144706281,0.8246892738200443
5002,250,204,188,True,True,188,0.05682933744505646,4.450030340968599,0.7888368254402769
5003,250,219,205,True,True,205,0.05270836844670738,4.635247319120259,0.811049474686667
5004,250,240,222,True,True,222,0.04294690159415298,5.000478934792406,0.8235140468071342
5005,250,246,222,True,True,222,0.05219528985219739,4.282132252701459,0.8719258387890508
5006,250,241,214,True,True,214,0.05811896401141744,3.698285393816169,0.8470776069185653
5007,250,244,228,True,True,228,0.060604064386306916,3.917122075321729,0.8410007508969786
5008,250,245,208,True,True,208,0.0551757242444791,4.103181162908874,0.8823023509695314
5009,250,243,215,True,True,215,0.05989681427149181,3.8691900057273227,0.8262571544959126
5010,250,244,216,True,True,216,0.06198343266088789,3.6772559952875796,0.8426128892213942
5011,250,240,228,True,True,228,0.06260927062383151,3.5793976051204135,0.8105940405382356
5012,250,247,226,True,True,226,0.05496953749958056,3.2628659106066396,0.929640315600813
5013,250,243,215,True,True,215,0.05054477711552472,3.664464113080527,0.8743543250999565
5014,250,239,223,True,True,223,0.053340093186712664,3.574528864979841,0.8068694121030572
5015,250,244,219,True,True,219,0.05209042674986904,3.240363909809719,0.8370131402215673
5016,250,236,221,True,True,221,0.05287988517328645,2.557850548077242,0.8209397930342806
5017,250,212,203,True,True,203,0.05946542329526795,2.4765837646575894,0.7605503738288596
5018,250,182,174,True,True,174,0.06344613950665179,2.95944237473127,0.7896335374663881
5019,250,208,193,True,True,193,0.06375766621617687,2.654358925997406,0.824761866925832
5020,250,206,191,True,True,191,0.06829639470154061,2.9033964711572633,0.8321403372127101
5021,250,202,167,True,True,167,0.06862610757920636,3.011422096866204,0.8144865517834904
5022,250,195,178,True,True,178,0.06941977132818458,2.891362054205021,0.7927808890160163
5023,250,190,167,True,True,167,0.06925153622943406,2.5310744325420234,0.7076000891457662
5024,250,200,171,True,True,171,0.06666330730236247,2.4833664120397234,0.8439825439772896
5025,250,204,174,True,True,174,0.0620315109810149,2.14772890923543,0.8974607377851561
5026,250,217,208,True,True,208,0.06312418976913378,2.552217966705503,0.762318002520131
5027,250,225,210,True,True,210,0.06463864714085696,2.706003023002881,0.7408570757957614
5028,250,243,225,True,True,225,0.06396517077214242,2.7595686480217108,0.7588936355170257
5029,250,241,210,True,True,210,0.07963238635058706,2.792373739970798,0.9095884416154238
5030,250,237,223,True,True,223,0.06772015951105573,2.5912052856840546,0.8806409452688245
5031,250,243,213,True,True,213,0.07080303760463375,3.1158927314912286,0.8046969865212907
5032,244,230,206,True,True,206,0.06987433303789091,3.804579894382634,0.8475780377212307
5033,205,200,179,True,True,179,0.06639937756802113,3.9490709693566703,0.8077432052915778
5034,190,182,158,True,True,158,0.06910272935910532,4.395977368610261,0.8979307484340816
5035,217,208,165,True,True,165,0.0701904209854329,4.1341446633519725,0.799561740213321
5036,207,203,168,True,True,168,0.06812383127775715,4.000741329507887,0.8728004108776122
5037,178,164,146,True,True,146,0.06504559258380153,4.247897787723971,0.8515216462206439
5038,165,147,131,True,True,131,0.05600072531020917,3.6853911126642274,0.9238347871437247
5039,180,168,141,True,True,141,0.06886693470536465,3.862144343882094,0.9406520483913463
5040,193,176,157,True,True,157,0.06372363538377912,3.4438130662614204,0.9041625436552524
5041,218,179,169,True,True,169,0.06824978853191736,3.179354134510638,0.8490221248819119
5042,248,210,195,True,True,195,0.06806513599935159,3.0390581070436444,0.8756862379482323
5043,250,192,180,True,True,180,0.058316563474370545,2.761495190624978,0.8808406679434254
5044,250,191,173,True,True,173,0.05746133426790391,3.0584929420386593,0.8390952648508724
5045,250,191,182,True,True,182,0.06075539887744204,3.2883815483257006,0.8522495664765934
5046,243,193,161,True,True,161,0.042292686262941345,3.674001748557704,0.8770353984214184
5047,250,215,200,True,True,200,0.058448033710512985,3.5631078644520837,0.8161296147674784
5048,244,224,208,True,True,208,0.05755687711789878,3.3637909977570524,0.8181320194115024
5049,250,236,219,True,True,219,0.059414580042044945,3.291112798278107,0.8545179563418718
5050,250,236,215,True,True,215,0.055887305782161834,3.3140963202147242,0.8543345346634456
5051,250,223,212,True,True,212,0.059526080914666435,2.8101068792104247,0.8618777509630116
5052,250,226,204,True,True,204,0.05796511749224431,3.1250738371790456,0.8912554110267631
5053,250,236,205,True,True,205,0.058490285679523066,2.8277293363619322,0.8330064217794625
5054,250,235,206,True,True,206,0.05653204580004207,2.770379143657803,0.9160532901493634
5055,239,224,188,True,True,188,0.06279511460761532,2.5311960875135293,0.792816479057978
5056,232,226,201,True,True,201,0.06290535127710671,2.600514425848936,0.881587901297261
5057,243,235,210,True,True,210,0.048732354978193414,3.045227752864293,0.915966906376147
5058,250,244,230,True,True,230,0.05567155497642008,3.0535089080505764,0.8808165711741059
5059,237,229,203,True,True,203,0.05233665658490793,3.161227214160053,0.9424346198024508
5060,250,243,201,True,True,201,0.05046816286233535,2.6599292278203497,0.8938238949083308
5061,250,246,208,True,True,208,0.053259774866673514,2.6313717699595243,0.8122861008683074
5062,250,249,217,True,True,217,0.05892560930737927,2.9034594558371,0.8847802210388604
5063,240,225,205,True,True,205,0.06446041492215908,3.716207461061955,0.8670830779764696
5064,238,235,211,True,True,211,0.07040015974042314,4.3891713587680465,0.8636509952598909
5065,250,248,221,True,True,221,0.0656196593971643,3.853312850280244,0.8306580219579829
5066,250,242,218,True,True,218,0.060219453659058654,3.344486879437943,0.8793579927566445
5067,250,246,215,True,True,215,0.04711617623164014,2.5482681247647094,0.8894857316404948
5068,250,244,225,True,True,225,0.060570737441020664,2.8549649205668466,0.8573987625768132
5069,250,239,209,True,True,209,0.06644197364553964,3.181460264139108,0.8446697233973155
5070,250,244,222,True,True,222,0.045350320667016025,2.6178225147498746,0.8317361629684277
5071,250,242,201,True,True,201,0.0601500655062825,3.1358630020672447,0.8038168403281319
5072,250,245,210,True,True,210,0.06059902050040254,3.370893513945828,0.8234383071610881
5073,250,245,206,True,True,206,0.0646011704148035,3.6142811401900774,0.8156143520341635
5074,250,245,191,True,True,191,0.05974718841336069,3.2409887279525362,0.8591874322565797
5075,250,240,187,True,True,187,0.06211622092355715,3.8750194963546627,0.8178322072363267
5076,250,244,210,True,True,210,0.06352502517717153,4.107079418402069,0.8408521167842601
5077,250,245,195,True,True,195,0.06064469698886956,4.048459820614756,0.859479779683547
5078,241,237,203,True,True,203,0.04875050381351896,4.109682611103122,0.9039644704547014
5079,238,237,218,True,True,218,0.051255680318906136,4.3772098950220455,0.8707077104203597
5080,250,244,208,True,True,208,0.059674843461956076,4.494262515336359,0.8512637986061141
5081,250,248,231,True,True,231,0.053607602489847195,4.321676249798353,0.8492341848864784
5082,250,247,211,True,True,211,0.044708455618185254,3.819033998343153,0.8244422151576077
5083,250,246,211,True,True,211,0.05371777958207398,3.49262502358964,0.8415406047099928
5084,250,240,222,True,True,222,0.04962076282575197,3.351640542871102,0.8838178240189503
5085,250,245,220,True,True,220,0.05031893334652506,3.1768241631470544,0.8108373732541692
5086,250,242,206,True,True,206,0.05875219774327627,2.945559089993091,0.8622395018917153
5087,250,240,220,True,True,220,0.04318336985580462,2.627143650614575,0.8559923977386781
5088,250,237,206,True,True,206,0.04776294022991528,2.7968046873733026,0.7739284991479581
5089,250,239,198,True,True,198,0.044365484508511736,2.7289696518164663,0.8477242561803245
5090,250,248,230,True,True,230,0.048040998976558044,2.217676697065634,0.7528388188468921
5091,250,242,205,True,True,205,0.046852259529428134,1.941874645146864,0.7112967508893733
5092,250,244,219,True,True,219,0.04463533257513773,1.8191050571193652,0.805053910211459
5093,250,249,230,True,True,230,0.04330150731099307,1.9261090250841355,0.7441558215156581
5094,250,250,235,True,True,235,0.05225108248425812,2.187321452477337,0.825318777290033
5095,250,250,219,True,True,219,0.04405292233090505,1.953931183893271,0.8422591761146826
5096,250,250,230,True,True,230,0.05159670646334574,1.8907610740574965,0.9542447050426015
5097,250,250,214,True,True,214,0.04511605751709363,1.59520357229135,0.8526237709605229
5098,250,250,205,True,True,205,0.04688297175542362,1.861571189215759,0.7888537764066066
5099,250,250,224,True,True,224,0.04774842658844983,1.8881675967447527,0.8021087625283956
5100,250,250,227,True,True,227,0.05535861166909282,2.034074138436698,0.8116100306805514
5101,250,250,219,True,True,219,0.058447119594767574,2.3100777905818304,0.8902452637901113
5102,250,250,217,True,True,217,0.044445576037541935,2.0692084371668247,0.8106864396004168
5103,250,250,224,True,True,224,0.05131223181493026,2.104988545073837,0.8579054150228047
5104,250,250,221,True,True,221,0.03754413227516957,1.6108295532439538,0.8531816235858304
5105,250,250,221,True,True,221,0.04987378194940597,1.442123170929961,0.7203695088134617
5106,250,250,248,True,True,248,0.051208606894248915,1.0686281574043506,0.767982203093943
5107,250,250,227,True,True,227,0.051337413130950305,1.1927892204559736,0.8722093684437107
5108,250,250,221,True,True,221,0.05291791925376814,0.9998427361331814,0.8546223286431593
5109,250,250,240,True,True,240,0.057583260881697636,0.5865502581284427,0.670595085624581
5110,250,250,244,True,True,244,0.05441108470487509,0.5892861437637574,0.6561271074770244
5111,250,247,223,True,True,223,0.04984791570154564,0.4212660346369942,0.6947942662220412
5112,250,240,197,True,True,197,0.07932039703240583,1.0275067887250136,0.7258133817375104
5113,250,243,213,True,True,213,0.053040644877143064,1.1078400352015185,0.8305009772240892
5114,250,247,227,True,True,227,0.05824047625891932,0.8368006348801502,0.7819069075595431
5115,250,248,225,True,True,225,0.04773760122958936,0.4654992690732768,0.6525219131931853
5116,250,241,207,True,True,207,0.05570691082059206,0.878901006722801,0.8989596946966374
5117,250,247,208,True,True,208,0.05847673800975374,1.5902509140805006,0.8544750648757098
5118,250,248,215,True,True,215,0.060119762521333275,0.8721735272926027,0.841884251635454
5119,250,239,222,True,True,222,0.05061772051629789,0.7823185248937774,0.8019183988198729
5120,250,243,208,True,True,208,0.05843568876894027,0.6588170771911791,0.7820092794739953
5121,250,248,223,True,True,223,0.05158002661309634,0.3223927574908125,0.752616111346123
5122,250,245,223,True,True,223,0.054833612948507145,0.44893766090596343,0.7651087397356697
5123,250,249,224,True,True,224,0.053922478973288716,1.085979026606097,0.7752142512859541
5124,250,249,222,True,True,222,0.05445934173030538,1.3293475724238641,0.8679682963772237
5125,250,245,221,True,True,221,0.055299178098805114,1.733739097388713,0.7988436722525619
5126,250,246,231,True,True,231,0.05664417415441844,1.9337482195155062,0.7809492859526229
5127,250,242,221,True,True,221,0.062164568344141594,1.8736484985283324,0.855417995523176
5128,250,246,233,True,True,233,0.06599738310204045,1.351728358877116,0.8318596691671045
5129,250,249,216,True,True,216,0.06301902720114012,0.8350959897810925,0.6538344038611786
5130,250,244,229,True,True,229,0.06322441393992194,0.2269592413275699,0.6940091443892067
5131,250,236,212,True,True,212,0.060455652393320965,0.1611124190995962,0.7530249256729963
5132,250,238,200,True,True,200,0.05696900165210405,0.4808436477057106,0.7488888352411652
5133,250,228,210,True,True,210,0.05807317522762455,1.0602480762427848,0.6804488973261792
5134,250,227,208,True,True,208,0.0519730322337642,0.8570789755298336,0.7062778730519371
5135,250,233,211,True,True,211,0.05916705316730918,0.7674843359225806,0.756587036179264
5136,250,207,168,True,True,168,0.0596175875893973,0.8637495272094667,0.8186628006773272
5137,250,213,186,True,True,186,0.06013847244894391,1.251589309453344,0.7446074763032421
5138,250,218,202,True,True,202,0.05550784720732993,1.3795814097636079,0.769802309830603
5139,250,226,205,True,True,205,0.06130935047471198,1.43771822908367,0.8550589427793236
5140,250,216,203,True,True,203,0.05832000100017472,1.5773442304794487,0.7955927005847648
5141,250,213,199,True,True,199,0.05724967381211142,1.3095123967182014,0.872936760849269
5142,250,213,190,True,True,190,0.053433042266825194,1.1320626254605834,0.8566695184267503
5143,250,221,211,True,True,211,0.05843485848301867,0.7823568517498325,0.8008638202016504
5144,250,229,203,True,True,203,0.062159393064978356,0.3547256097904246,0.8232099085682902
5145,229,207,188,True,True,188,0.058722752955102944,0.4937479586848054,0.8763502261231103
5146,222,205,183,True,True,183,0.06347813472719403,0.91145362399343,0.838415506269709
5147,170,158,139,True,True,139,0.06637788394564613,1.3794453944914788,0.9143947259019913
5148,222,216,203,True,True,203,0.056502160389898755,1.0857015849216438,0.8749118894660671
5149,213,206,195,True,True,195,0.06270743411114241,1.0311126632094212,0.8509093322492911
5150,193,188,143,True,True,143,0.05867829089169528,1.4527931257717868,0.8665281930133371
5151,211,201,176,True,True,176,0.05539490833535862,1.7035719164872505,0.8671333424230407
5152,143,133,118,True,True,118,0.05017063524620885,1.3915041131119865,0.9124881372080729
5153,184,170,147,True,True,147,0.06032084776553579,0.7901602172221379,0.7835472804453024
5154,250,219,192,True,True,192,0.05872157801241865,0.7055846549302446,0.8627611044406275
5155,181,158,137,True,True,137,0.05763943403739041,0.797499854520017,0.7392300519895418
5156,170,146,125,True,True,125,0.04861502728969574,0.8683569011220399,0.8196975147356869
5157,154,132,122,True,True,122,0.064991333329624,0.6012889475604203,0.8237991686127507
5158,145,128,114,True,True,114,0.05835352552802325,1.080856854518833,0.9340012487651435
5159,143,133,116,True,True,116,0.06358593684143102,1.4294443388441325,0.9173391321955181
5160,106,96,81,True,True,81,0.060536949625043364,1.5770293789025924,0.9229199489957695
5161,122,113,102,True,True,102,0.056758710970486306,1.406849683504942,0.8263543159511753
5162,143,126,111,True,True,111,0.05918082959264175,1.0218955779906458,0.8644106086406058
5163,130,115,104,True,True,104,0.05903408690638906,0.873652473247774,0.8639220649969519
5164,155,129,124,True,True,124,0.06450832271021786,0.6305116166975713,0.9045596548318964
5165,155,147,141,True,True,141,0.05579771991562258,1.0818633404622093,0.6967808922196853
5166,130,116,107,True,True,107,0.0602085697279472,0.8737264303122855,0.7814990759149391
5167,130,122,110,True,True,110,0.06291445464953808,0.3549290079347913,0.877591835378448
5168,118,112,106,True,True,106,0.060228907307614044,0.855512744464178,0.8751265559005512
5169,143,140,121,True,True,121,0.05372316494540128,0.41862607054238915,0.8437094951351838
5170,156,154,141,True,True,141,0.057566219419589,0.42513764836278234,0.8530944551622203
5171,144,139,119,True,True,119,0.05656538192997445,1.0427746190363467,0.8668205056874929
5172,135,131,116,True,True,116,0.05356743986656255,1.2367122290396895,0.8620406360546864
5173,121,113,98,True,True,98,0.07330978955621366,1.0548036157227283,0.8870261352257073
5174,162,153,142,True,True,142,0.051510451482230574,1.0835879869818552,0.9434190016879107
5175,131,120,106,True,True,106,0.05469222141386976,1.388222687374781,0.872975280171023
5176,124,115,98,True,True,98,0.04048551311166876,1.102485580767545,1.0058131523690157
5177,147,136,120,True,True,120,0.0533862821500277,1.386076860110295,0.9148717695175079
5178,143,135,127,True,True,127,0.05075230886522326,1.494431255624169,0.9133767007060406
5179,137,127,116,True,True,116,0.048505764964019045,1.6783054467495078,0.747390940862707
5180,139,136,122,True,True,122,0.04371247183011002,1.5365094152471095,0.8336511871280199
5181,137,130,116,True,True,116,0.03831089562399356,2.3897645545348998,0.8019619203720477
5182,110,105,92,True,True,92,0.04695569239910656,3.0234720148263463,0.8747130479036986
5183,100,96,83,True,True,83,0.030362814915743445,3.0780863224156274,0.8826567787896519
5184,131,124,105,True,True,105,0.03064490965540967,2.483596795459559,0.8239120865276545
5185,95,91,77,True,True,77,0.026830256901199487,2.4304036276173164,0.9879424808017412
5186,86,80,68,True,True,68,0.029029936980084325,2.8216455907426585,0.9069640067125316
5187,93,84,71,True,True,71,0.02575325620830962,3.030076253258459,0.9131807945883652
5188,113,109,93,True,True,93,0.0287877459300816,2.7478676453566773,0.8878890746237503
5189,97,94,82,True,True,82,0.012856741289875472,2.9278169197784343,0.9460956349492959
5190,91,91,81,True,True,81,0.018946618722645678,2.785259421607871,0.9366133500528661
5191,91,90,77,True,True,77,0.027166671044300428,2.965088275150944,0.8704427232356515
5192,77,76,60,True,True,60,0.0421665212451947,2.584906485101591,0.827580516131354
5193,51,51,47,True,True,47,0.05709604712672483,3.4123629189983307,0.7727410760481697
5194,50,48,42,True,True,42,0.04635311023330206,4.738949782013745,0.9697076333457753
5195,49,42,38,True,True,38,0.06272554682412484,5.380320373823004,0.8270350028142732
5196,49,44,35,True,True,35,0.06672272510231415,5.493244957587697,0.9210304661825711
5197,42,42,37,True,True,37,0.060601022802112534,6.077621871284938,0.8938550222495972
5198,39,37,30,True,True,30,0.058710585685524695,6.933469816961462,1.0179293683213058
5199,52,40,33,True,True,33,0.05484155990152679,7.298667370047873,1.039438988182192
5200,38,30,0,False,False,0,,,
5201,58,55,50,True,True,50,0.05938312301079421,6.4876335250265385,0.7728815178558335
5202,84,73,65,True,True,65,0.052453826041790684,5.456650160885683,0.8817285162878754
5203,82,76,68,True,True,68,0.06406042339769166,4.570266055110026,0.8960271440621964
5204,142,131,119,True,True,119,0.05328701705037192,3.9783503496350265,0.8120357099360308
5205,117,105,97,True,True,97,0.05132529023227505,4.1141529174177665,0.852832065391162
5206,84,81,70,True,True,70,0.03779054105872435,4.1280099536262,0.858941890388279
5207,99,92,81,True,True,81,0.0493914843276033,4.281279855553332,0.8886498375786985
5208,99,89,79,True,True,79,0.042982632757504,4.185254326391721,0.8462103999807692
5209,76,71,63,True,True,63,0.038742261547608674,4.225175612097831,0.8944810814583405
5210,82,68,57,True,True,57,0.03670187598470654,3.945770346424453,0.8377038287312444
5211,80,73,64,True,True,64,0.032275536231750696,4.1738250013535225,0.8190171983331829
5212,61,53,48,True,True,48,0.03303821081099371,4.426433043842689,0.9880363005902745
5213,63,49,45,True,True,45,0.02646445519578004,5.418710700734528,0.8086517436904531
5214,66,57,54,True,True,54,0.029780611153770772,5.775310663247675,0.9386802663716234
5215,94,79,72,True,True,72,0.04223704986278366,5.558383639925917,0.9386234991750304
5216,79,61,53,True,True,53,0.032974249663560856,6.343112947695726,1.001124279951143
5217,82,71,63,True,True,63,0.05539516013918317,5.764662796394396,0.9402361705606278
5218,66,54,42,True,True,42,0.04823955080142848,5.148363293814264,0.9734692831505352
5219,81,66,56,True,True,56,0.05230475576150258,5.552585265199714,0.9829201000134064
5220,58,52,38,True,True,38,0.044977501936683276,5.873731468707329,0.8466723244424766
5221,86,79,73,True,True,73,0.044236180329161254,6.58463205214107,0.8908680492839105
5222,97,87,76,True,True,76,0.045738886578892135,7.142884351767349,0.8990734742378251
5223,76,70,63,True,True,63,0.04301474003481253,7.103049120811783,0.8945087497953437
5224,108,102,91,True,True,91,0.0369495547166571,6.034806885444702,0.9446829342842479
5225,133,117,104,True,True,104,0.04673240029158331,4.6397293478066866,0.8936590327067312
5226,136,116,111,True,True,111,0.0493660300923659,4.619667152605908,0.894713077300008
5227,135,119,104,True,True,104,0.04116399240578167,4.593606686139075,0.9315862953829932
5228,144,130,117,True,True,117,0.0427634869892246,4.91397623092739,0.8900088155715533
5229,113,103,93,True,True,93,0.03931843197490725,4.815218795233595,0.8751697890289509
5230,73,67,57,True,True,57,0.03454787001560527,5.489996371838369,0.9037213236128735
5231,87,85,73,True,True,73,0.030024531002401548,5.611268523457368,0.9725652975612741
5232,105,100,79,True,True,79,0.02927104126475362,5.957757244216539,0.9373157249375236
5233,86,78,68,True,True,68,0.032272815103486896,5.653564590297708,0.8912070416661295
5234,72,65,53,True,True,53,0.02835058051015771,5.75364892187615,0.962816562140321
5235,81,77,67,True,True,67,0.020284491986456446,5.464808967425257,0.8399665302135085
5236,66,64,58,True,True,58,0.02708349346946417,5.6433935726003615,0.884037822518414
5237,68,63,62,True,True,62,0.019554265983102094,4.837788250922173,0.8654341800593676
5238,87,77,68,True,True,68,0.012574897494026162,4.508284263049122,0.9211111758254781
5239,116,108,89,True,True,89,0.01637262449226133,4.485365609255311,0.8592498416078929
5240,100,92,84,True,True,84,0.018180003190135418,4.4477676814389895,0.9498144783246139
5241,105,95,75,True,True,75,0.02365925368527777,4.785429959765217,0.8786894651491586
5242,124,116,103,True,True,103,0.02661714634542337,4.796553997936669,0.8949676435631733
5243,150,132,118,True,True,118,0.021143140360553363,4.05136013198125,0.9417138260591255
5244,113,92,79,True,True,79,0.031041802990096942,3.4188848132073026,0.8306575405551574
5245,117,92,77,True,True,77,0.01825672336307078,3.8871842017503533,0.8798235651726879
5246,89,74,66,True,True,66,0.03158942167977318,4.3480637854326085,0.9967369300542323
5247,80,65,59,True,True,59,0.023212131353111676,5.277640544739134,0.8729819693345301
5248,86,72,60,True,True,60,0.028669569367744972,5.963792962141004,0.8039052180965994
5249,82,63,55,True,True,55,0.029787478902615617,5.89858236794777,0.8970212110743367
5250,103,83,71,True,True,71,0.021848364815411223,5.507988722583944,0.9020208245529013
5251,128,111,103,True,True,103,0.018830052585302844,4.728894286086322,0.881052857022154
5252,104,89,78,True,True,78,0.02180481180595642,4.729369059453336,0.9050119460839132
5253,111,88,76,True,True,76,0.030682067685434418,5.16485574320659,0.9120866778038379
5254,80,69,58,True,True,58,0.02962077339493529,5.74558502649642,0.9184325026725939
5255,93,83,73,True,True,73,0.03731522620183747,5.30814301942882,0.8540099552123525
5256,111,88,77,True,True,77,0.03946552495549249,5.285185074395326,0.9281461109241733
5257,90,66,61,True,True,61,0.03833361329652822,4.924734786625572,0.7904092076227172
5258,154,103,84,True,True,84,0.03792809047865563,2.972358934635114,0.8373347094926346
5259,250,151,142,True,True,142,0.028355922253716657,0.7845790796177038,0.7833459576209874
5260,250,167,162,True,True,162,0.02436671351662323,3.4456108682411277,0.8324584137732332
5261,174,122,112,True,True,112,0.032414666282300206,5.767681349256771,0.7888250520232699
5262,145,119,107,True,True,107,0.03453652759868318,7.543204418657945,0.794022784678527
5263,116,93,87,True,True,87,0.033318782843676724,8.364796552950954,0.8357136454980827
5264,109,93,84,True,True,84,0.04139176049400285,7.8507683268441735,0.7434488327159678
5265,150,121,112,True,True,112,0.060147875059473804,6.805635017561079,0.9247546825298524
5266,151,120,106,True,True,106,0.040477351128924456,6.098038815285586,0.8605861776818738
5267,187,161,128,True,True,128,0.02658652587617028,5.369285526601546,0.9862234046972297
5268,206,168,151,True,True,151,0.028103473567354487,4.136176923461831,0.8713481955335773
5269,250,219,202,True,True,202,0.03018380506148428,2.2505227756117447,0.8092296554711887
5270,250,225,210,True,True,210,0.02663522798101336,0.28286791500813857,0.7933904362219831
5271,250,201,167,True,True,167,0.03424670276785228,3.056493535041191,0.8114756546685371
5272,192,149,126,True,True,126,0.03133073614703752,5.601765735412347,0.899856127064343
5273,118,95,76,True,True,76,0.031223308571804543,7.427895608628556,0.8943821757004259
5274,139,119,99,True,True,99,0.03609946596815112,7.934681462177663,0.8310159644570386
5275,41,40,0,False,False,0,,,
5276,56,51,44,True,True,44,0.061236140841088714,6.02431030708479,0.8432600393802846
5277,58,48,45,True,True,45,0.0505154924332327,5.083252659067041,0.8317192990305071
5278,46,42,39,True,True,39,0.04078590631577578,4.5853099530096,0.8426764343182541
5279,57,45,42,True,True,42,0.04396828595170888,3.3078747135425397,0.7332664450873825
5280,55,44,41,True,True,41,0.04042438875123158,1.4639120103694971,0.8458548421795504
5281,51,39,35,True,True,35,0.03565770753578134,1.2995659136892923,0.9380299206440204
5282,44,30,0,False,False,0,,,
5283,36,36,34,True,True,34,0.024202325491055082,7.221356952873535,0.7482610633385359
5284,104,91,82,True,True,82,0.041675198966863156,7.829548564255007,0.80927563949102
5285,111,102,89,True,True,89,0.040516247174838114,7.619000032222794,0.9581563392844221
5286,145,126,111,True,True,111,0.04084077578535755,6.446212279066963,0.8458473279150459
5287,159,143,116,True,True,116,0.05231285023540301,5.592988541512604,0.9205740284788565
5288,141,116,98,True,True,98,0.04194574138201961,4.426625911818842,0.9756615295347502
5289,181,154,140,True,True,140,0.03507147582502387,3.508419114852661,0.8468805695909969
5290,240,221,207,True,True,207,0.04142497924668326,2.107020101436273,0.8898017422791152
5291,158,149,138,True,True,138,0.0418125941373749,0.8047579504201179,0.7884390652401922
5292,139,130,113,True,True,113,0.04383139820142983,2.0141145742819497,0.8404142273485036
5293,102,91,78,True,True,78,0.041709017414505764,3.8645930273492093,0.8538101315553128
5294,92,87,75,True,True,75,0.05006870334963026,6.080808998883658,0.9342228233356884
5295,66,64,52,True,True,52,0.04179670778943681,7.621538392477152,0.9970018903801809
5296,77,69,59,True,True,59,0.03974819449309394,7.902554555161027,0.8650324609458523
5297,86,82,71,True,True,71,0.055261695551051204,6.695967498285059,0.7336273005033566
5298,85,71,65,True,True,65,0.04699349668390519,5.025889238923379,0.7901664912414439
5299,75,63,60,True,True,60,0.043385195756355015,3.4844405391070357,0.7019989829734421
5300,47,36,35,True,True,35,0.04852083804660004,2.4085591407543725,0.8531930582972439
5301,56,47,44,True,True,44,0.04696199883859766,2.5800602625232694,0.8263534753129622
5302,54,49,42,True,True,42,0.05202044577408201,2.7958186564160172,0.7598392579800936
5303,57,51,45,True,True,45,0.06100060023787105,2.483312564190741,0.7738183056626219
5304,78,73,68,True,True,68,0.046531782538966886,0.5708048789104735,0.7776475928688052
5305,51,51,46,True,True,46,0.03651215180344817,3.2389116977161434,0.933218198841445
5306,33,32,0,False,False,0,,,
5307,26,25,0,False,False,0,,,
5308,78,64,54,True,True,54,0.050496451355252325,8.285324274639835,0.9237955260089314
5309,126,108,90,True,True,90,0.05875878626467478,7.213365603661647,0.8753304999180803
5310,189,150,124,True,True,124,0.04727848123009965,5.483130211602085,0.8841265575814252
5311,229,179,150,True,True,150,0.05868332528091195,2.887882525315295,0.8761888869566969
5312,250,200,175,True,True,175,0.04668883594976508,1.2480858345967514,0.8559371066237722
5313,250,214,179,True,True,179,0.04790236692299667,1.8047134292554237,0.8971553456459715
5314,250,215,187,True,True,187,0.04908211900382208,3.440375715010289,0.8855735213964924
5315,79,73,66,True,True,66,0.04704169233626082,4.722272507726446,0.7172136222441552
5316,58,58,53,True,True,53,0.049485791451608634,5.117596282802303,1.0172039160021427
5317,46,46,36,True,True,36,0.0603389940752236,4.81616637978138,0.9069099838296071
5318,51,45,39,True,True,39,0.04242478688627211,4.8259973159576,0.9563813947857762
5319,53,53,51,True,True,51,0.05289007712611486,4.586740191665449,0.905236615093235
5320,53,53,48,True,True,48,0.03766473567000828,5.320257641565714,0.8739498345175952
5321,49,48,43,True,True,43,0.05300616479064481,4.611114326232217,0.9695867879809063
5322,48,48,40,True,True,40,0.03176835126712938,4.943595514529733,0.8246402456185661
5323,58,58,51,True,True,51,0.028608372692810084,4.065032547365487,0.8425621673380246
5324,75,75,68,True,True,68,0.01952557185275089,2.7525794282842284,0.9228161390312509
5325,114,105,95,True,True,95,0.005929860860675783,0.7558112381105554,0.724407344294383
5326,79,77,68,True,True,68,0.01801279248637558,4.2501171725195075,0.8777123822571837
5327,71,69,63,True,True,63,0.021618994174959962,6.230446701507106,0.9524293904779986
5328,54,54,43,True,True,43,0.030561261692118577,7.0810870984191325,0.9495916603885819
5329,54,51,37,True,True,37,0.052211573956369946,6.699016972862997,0.9762619826108285
5330,50,50,38,True,True,38,0.048492239970193904,7.571738697404543,0.9380112478542618
5331,41,39,35,True,True,35,0.0448896605105353,8.68533339318443,0.8521492288800278
5332,36,34,0,False,False,0,,,
5333,63,50,46,True,True,46,0.05049684699743038,7.4288472424449585,0.8482143137189003
5334,120,97,90,True,True,90,0.046281513753345147,5.517179210635585,0.9329182978513237
5335,161,132,115,True,True,115,0.04772561182601987,2.9745683418703615,0.7916899233829628
5336,250,212,195,True,True,195,0.04056617243792456,1.4993786131402242,0.7948491838602442
5337,146,127,118,True,True,118,0.0406794826347717,3.5686810838746936,0.916375618661247
5338,115,111,100,True,True,100,0.03876210105937151,4.812801996051951,0.8309551863355312
5339,117,108,93,True,True,93,0.037072854521981564,5.256735587956157,0.8102028187822389
5340,72,57,52,True,True,52,0.029779716513620484,5.607336362838441,0.9512636681601238
5341,68,55,50,True,True,50,0.03427330125668715,5.653693497025331,0.9362694494180949
5342,59,41,32,True,True,32,0.034887476160745425,5.467754009860136,0.9342236645520472
5343,74,61,55,True,True,55,0.03931678565720277,5.453920794450301,0.848998051208729
5344,61,58,52,True,True,52,0.03748863614077698,5.3448657614654715,0.9370859850699745
5345,70,69,60,True,True,60,0.028799849148161135,4.526464318941512,0.9314754338070045
5346,95,95,82,True,True,82,0.03970183862162261,4.049099190462555,0.6865012857273893
5347,114,113,101,True,True,101,0.03614627929127739,2.620952951608399,0.9762505092548671
5348,91,85,81,True,True,81,0.04141123690904064,2.0444859420354815,0.9352525066538662
5349,54,50,41,True,True,41,0.04644298750900678,4.301295031132825,0.9222462760854526
5350,50,50,46,True,True,46,0.06557282771339736,5.604683312514941,1.0391972366377675
5351,51,50,45,True,True,45,0.06978583460905018,5.4369767847515185,0.9344325411492999
5352,34,31,0,False,False,0,,,
5353,39,29,0,False,False,0,,,
5354,55,43,37,True,True,37,0.05577830761822489,7.22014043311364,0.763918451270833
5355,61,51,45,True,True,45,0.0636772377031168,6.637508836091668,0.8704455630612012
5356,79,63,54,True,True,54,0.04022740752949053,6.131093744616612,0.960077381379647
5357,87,80,73,True,True,73,0.04810076851297149,5.656458874702946,0.8428560372224816
5358,111,93,87,True,True,87,0.05579053036284516,4.464343481207286,0.8314688641884243
5359,103,89,79,True,True,79,0.05164377175845875,3.6476096612455073,0.902567396820829
5360,169,144,125,True,True,125,0.04908029186044122,1.2338485327778346,0.7730229260098687
5361,149,141,116,True,True,116,0.04825764686152604,1.9609331926147993,0.8603517892856756
5362,107,105,86,True,True,86,0.04204579060059492,3.954913579731992,0.8778223058680249
5363,80,76,64,True,True,64,0.04394099507284599,4.986232558469158,0.8890881707201002
5364,92,89,85,True,True,85,0.03187639439749294,5.2890882828512895,0.9100622501473825
5365,96,95,80,True,True,80,0.03638096420817806,5.2656038350000305,0.9226593454733777
5366,93,91,81,True,True,81,0.03399538779385452,5.185608361197744,0.8634197928951205
5367,83,81,73,True,True,73,0.04054431110756285,5.12779676331864,0.9023072309855305
5368,79,76,64,True,True,64,0.0255403429758449,4.905921912503103,0.9167323515157995
5369,73,68,62,True,True,62,0.034182957994084266,4.659208273145995,0.928484591411998
5370,98,82,72,True,True,72,0.03177090933619163,4.0202960965957795,0.8869134866874943
5371,71,66,61,True,True,61,0.035654241611419654,4.437765943957762,0.8561469893746233
5372,93,85,73,True,True,73,0.03939936589105955,3.8499548458622335,0.9011347872041165
5373,110,107,102,True,True,102,0.03516413164783624,2.1660846847348134,0.8936180993921372
5374,158,145,126,True,True,126,0.04404718009243604,0.7495221770462568,0.8592430639981834
5375,82,78,63,True,True,63,0.05763648500897786,3.139294328678904,1.0300052335588068
5376,54,50,43,True,True,43,0.04941827420754024,4.456094678474661,0.9202116261824438
5377,54,51,41,True,True,41,0.05503514510550143,4.517997638687304,0.9045523957794879
5378,52,47,38,True,True,38,0.04213117508636764,5.273215920157838,0.9125086933090542
5379,47,38,33,True,True,33,0.05136771067380048,5.718212432020963,0.83550423441244
5380,50,38,36,True,True,36,0.05326660779675152,6.277460795554192,0.8865078432465973
5381,47,35,31,True,True,31,0.06708108159438964,6.030451300886838,0.9334567663226471
5382,53,45,41,True,True,41,0.049859592035220154,5.91762821569391,0.8490603134125472
5383,84,78,72,True,True,72,0.04382582791983477,5.818556595044246,0.8584637900548993
5384,110,101,97,True,True,97,0.04068747818079882,4.797149080361409,0.7386053923038822
5385,171,151,147,True,True,147,0.0420659044202272,3.3466057744563154,0.8350268496757474
5386,234,191,178,True,True,178,0.04746139171683417,0.9704801026427979,0.6636347502891358
5387,176,156,146,True,True,146,0.04362082147137574,2.0888101838182047,0.8905941800548912
5388,88,83,67,True,True,67,0.04018424073386602,4.450421257911153,0.8920439829895396
5389,91,89,79,True,True,79,0.03307017173628914,5.894187109529357,0.807002243011431
5390,89,89,79,True,True,79,0.029435284098273153,6.718326684397219,1.0256932970154045
5391,73,73,61,True,True,61,0.02935925540657863,7.372383947016671,0.9707908831434149
5392,60,52,42,True,True,42,0.031413801413600326,6.9523144563030135,1.030296027585899
5393,55,50,41,True,True,41,0.025653132218671784,6.506571260520273,1.012218547366256
5394,61,58,52,True,True,52,0.01649944139246737,6.463477566544349,0.8682129855544208
5395,60,54,51,True,True,51,0.02129214921142742,5.8145815111009505,0.920073364273019
5396,68,68,64,True,True,64,0.006564290959558087,4.281613723578907,0.845221319584956
5397,105,103,93,True,True,93,0.0105619014979211,2.0920653846008945,0.9033798018510507
5398,128,113,107,True,True,107,0.013375494480189223,1.9876814840431283,0.8277697901521447
5399,85,81,67,True,True,67,0.01256250928226742,3.215407982992396,0.8091664361748918
5400,82,74,60,True,True,60,0.0117445110600311,3.784810355370798,0.8271161059427629
5401,94,84,69,True,True,69,0.007850570715164677,4.155127179123138,0.8612157470721953
5402,77,65,56,True,True,56,0.013559688539498602,5.220382117253859,0.8943617960800038
5403,75,58,52,True,True,52,0.008069038578324398,5.876910998325892,0.9588040267800717
5404,89,79,71,True,True,71,0.011104312341038968,5.882381605584885,0.8230766278297205
5405,84,69,61,True,True,61,0.004527745708671288,5.51159987969545,0.7951405943524932
5406,62,54,46,True,True,46,0.019168407818263608,4.932627056176486,0.8714077294390475
5407,92,85,76,True,True,76,0.02097787935359202,5.201154356862255,0.8187014224494978
5408,118,103,93,True,True,93,0.022905636818513753,5.076083662840293,0.8085048167026064
5409,106,101,95,True,True,95,0.021428775139315074,6.351167920032059,0.7814813756967367
5410,108,102,90,True,True,90,0.030893534074480106,6.29956712745835,0.814570141960065
5411,104,90,85,True,True,85,0.018085680799923228,6.00660872914663,0.9326701413687529
5412,143,128,116,True,True,116,0.018973355772220923,5.3451513927021646,0.8557920208944617
5413,205,175,147,True,True,147,0.016557543469483887,5.157193044922552,0.8366315443838294
5414,203,177,154,True,True,154,0.021632446843979188,5.5448319193073345,0.9064799453155516
5415,214,200,177,True,True,177,0.02643487253419052,6.252686984909284,0.9134371509466852
5416,147,140,123,True,True,123,0.0319739758426016,6.512259784205222,0.8738248088537338
5417,127,123,99,True,True,99,0.04270854639726893,6.321419828123266,0.9808934813516854
5418,105,100,81,True,True,81,0.04439373372029421,6.088641160004893,0.9993846461523053
5419,93,83,73,True,True,73,0.04799035800190742,6.56383895870323,0.9468997597817944
5420,62,60,46,True,True,46,0.05372248814891506,7.301553509159522,0.9396444866311517
5421,53,51,41,True,True,41,0.06409176619521602,7.479994511957144,1.0087537511832931
5422,48,46,39,True,True,39,0.058058386473289994,7.700372643748704,0.9780495233896027
5423,61,58,55,True,True,55,0.07099458620766218,8.216578355010382,0.9241331922482509
5424,75,67,55,True,True,55,0.06620564491362448,9.148055678606758,0.9208613616065943
5425,96,89,76,True,True,76,0.05207097487791816,8.7271539088079,0.9518598044139563
5426,121,114,97,True,True,97,0.0545280150684812,7.452902146516445,0.9032287077091848
5427,148,128,107,True,True,107,0.037574994137320336,6.345451299465051,0.9154146012340844
5428,153,136,120,True,True,120,0.029821228569213442,5.5803565106314466,0.9689789173800378
5429,143,127,101,True,True,101,0.02433508629457075,5.335823451558528,0.8591790879574966
5430,80,77,67,True,True,67,0.025795065285619898,5.515612935420637,0.8902094263912436
5431,86,77,68,True,True,68,0.02153943683067102,5.6086986420767895,0.9526490407909807
5432,69,67,54,True,True,54,0.012334998392204458,6.122692509432308,0.7530938655469008
5433,73,65,54,True,True,54,0.024865426577889736,6.918340439796515,0.8021050755402959
5434,76,68,59,True,True,59,0.016718972177580272,6.904827872646884,0.8594574824635385
5435,109,82,72,True,True,72,0.01560160311079431,6.135272525631353,0.8851692697576088
5436,117,97,90,True,True,90,0.018959261083146092,6.045317969222485,0.8788421339555803
5437,122,112,106,True,True,106,0.024366794203665453,5.8966239416064745,0.9828470746854753
5438,97,88,81,True,True,81,0.024171418310128135,6.432587730698667,0.8044457708733527
5439,117,110,102,True,True,102,0.025311626956143366,5.967502088497358,0.807426472792098
5440,149,131,118,True,True,118,0.03218404918469877,5.779086012819676,0.7839473887750381
5441,155,136,122,True,True,122,0.02663124134345256,5.487316501833815,0.8184936226308324
5442,114,102,91,True,True,91,0.029991487508338657,5.020759692020929,0.9475817675501186
5443,112,83,74,True,True,74,0.029095541586845082,4.698857643223415,0.877711773314134
5444,97,85,71,True,True,71,0.036364489267632014,4.746346530628115,0.8774407192901418
5445,73,62,53,True,True,53,0.04221362170289582,4.66320869113393,0.7344945294916474
5446,74,58,48,True,True,48,0.0583681026625532,3.7805117401031016,0.8413633975389685
5447,142,102,92,True,True,92,0.04835627277624037,3.674641014344263,0.8851582351896126
5448,102,87,78,True,True,78,0.05223421899535912,4.8083842417803675,0.9031062474608595
5449,85,76,72,True,True,72,0.05412744738024911,6.535916100654245,0.8026570007352506
5450,68,59,52,True,True,52,0.06200334251692871,7.875479511852616,0.945692948134059
5451,82,69,62,True,True,62,0.04358640152949182,8.648850136957682,0.7677250514926379
5452,93,82,74,True,True,74,0.05648042642159999,7.436033109216683,0.9472306986668199
5453,122,110,94,True,True,94,0.05380183214474881,6.873493917776156,0.9687554508410086
5454,132,110,95,True,True,95,0.025166501346503178,5.69415984706587,0.8706839842321176
5455,138,115,100,True,True,100,0.02288508901498037,5.316722224835519,0.8216453283493281
5456,112,94,84,True,True,84,0.023997149442180492,6.048766699056856,0.8948326216311998
5457,119,100,89,True,True,89,0.017871487291345474,6.608638058417038,0.8014175045525513
5458,114,95,80,True,True,80,0.021144425446474973,7.010343168246355,0.9359877038632751
5459,127,108,100,True,True,100,0.02074327045853673,7.215320310153912,0.8627104565597951
5460,166,143,129,True,True,129,0.02198277584892809,7.906506994427438,0.8570293132514618
5461,214,177,164,True,True,164,0.017246215627998145,6.929062421164699,0.8583380641834935
5462,250,227,199,True,True,199,0.03188255378439925,5.787944556407166,0.7415366513194075
5463,224,182,160,True,True,160,0.019979587326935784,4.538835810098366,0.7556303897021052
5464,149,144,123,True,True,123,0.04157704668697797,3.9918242488307314,0.94185595510374
5465,128,122,108,True,True,108,0.029571138638876997,4.271902296345215,0.8396174543345478
5466,109,103,94,True,True,94,0.04449095145517948,4.442858506585065,0.873062902754147
5467,113,107,97,True,True,97,0.03758076560829895,4.44028428697036,0.8093008190407742
5468,107,95,87,True,True,87,0.042459101137744336,3.876028813041535,0.8915106609341391
5469,87,84,76,True,True,76,0.05264460125349628,3.8035277764502937,0.7993500499000343
5470,111,96,91,True,True,91,0.046370198581207285,2.789400973743274,0.8283133646877602
5471,131,124,116,True,True,116,0.048149580329534904,2.62490368309358,0.9140576797710148
5472,155,137,131,True,True,131,0.04549742075673561,2.1791495666042855,0.8335128732630132
5473,133,116,95,True,True,95,0.04587044251174652,2.163237105047322,0.8965774861184633
5474,125,103,94,True,True,94,0.04536914671766111,2.3639037096903617,0.866294409509325
5475,135,113,100,True,True,100,0.049008914477800154,2.285530130320007,0.872225027684698
5476,132,100,92,True,True,92,0.04360713908488201,1.601725832631905,0.981825945706661
5477,144,101,86,True,True,86,0.04626146291543431,1.2964900200954488,0.8729534521902625
5478,168,112,103,True,True,103,0.04381443872528595,0.8266137326262338,0.9914614781965189
5479,188,129,114,True,True,114,0.04634757430082188,0.7727780317442924,0.9523063495124497
5480,178,113,107,True,True,107,0.041759739744700514,0.7233274401720553,0.8909241212033696
5481,188,136,111,True,True,111,0.030941223192811135,0.7668467682409921,0.9104235304846726
5482,226,144,134,True,True,134,0.03097162069379422,0.49569173258417404,0.8760626058538564
5483,220,162,155,True,True,155,0.035197149738901694,0.4095633683046387,0.6625800052886868
5484,190,138,123,True,True,123,0.03719672108571544,0.6274335264791647,0.7393353858452179
5485,184,140,119,True,True,119,0.024454189643082897,0.7128002948619567,0.9412642612361677
5486,155,119,109,True,True,109,0.03656571330699694,1.2446541227702133,0.8896264744832802
5487,199,149,129,True,True,129,0.0375039186754315,1.1978881467091718,0.8493125466059199
5488,227,166,146,True,True,146,0.02393655281258054,0.4305704558755952,0.8522221781977278
5489,143,102,86,True,True,86,0.04606892330870762,0.6259439182798361,0.9082833841025515
5490,122,97,81,True,True,81,0.047251307157940306,1.3016969596908996,0.9888971031356001
5491,122,108,99,True,True,99,0.03921419530038141,2.2155461201386935,0.8316322787888976
5492,118,102,94,True,True,94,0.039326073691202355,2.6385113754224503,0.7530971156473338
5493,103,92,82,True,True,82,0.04965431366834243,2.7392835530392445,0.844732176186124
5494,129,113,102,True,True,102,0.04167929796750739,2.4144710510246625,0.777666322460845
5495,135,124,106,True,True,106,0.054415435645899034,1.139265350369773,0.7928752330712898
5496,186,166,149,True,True,149,0.04397136999124357,0.5728535022889859,0.8457074657785819
5497,239,223,205,True,True,205,0.029049635483276173,0.67050166513436,0.7984250452568219
5498,203,181,165,True,True,165,0.028147987365153396,1.373166507468563,0.9414885719760794
5499,223,202,186,True,True,186,0.04920685819952353,0.8678681371716932,0.9102932732540848
5500,241,215,199,True,True,199,0.039431735526725416,0.6439955436879089,0.9012523722445764
5501,237,218,199,True,True,199,0.044015575758119145,0.40574519060446423,0.7963530944925696
5502,250,215,206,True,True,206,0.05400258615575879,0.3801848374059738,0.7650350891972187
5503,237,205,184,True,True,184,0.056349989102432635,0.8858471379782172,0.7878113585879611
5504,225,174,150,True,True,150,0.06860924587261563,0.7209199053818548,0.8248279404438388
5505,250,198,183,True,True,183,0.0636729137751108,0.6924292897154932,0.9138088899623558
5506,250,185,167,True,True,167,0.06267772760221789,1.115108533980424,0.790881660261828
5507,250,187,169,True,True,169,0.07402581246856167,1.8328806086669125,0.93573861974509
5508,250,181,167,True,True,167,0.056111002392238936,2.204384751761383,0.8526984458177629
5509,229,177,150,True,True,150,0.05916859374499251,2.3631696675164107,0.8576496661124389
5510,250,178,162,True,True,162,0.060788273891033986,2.1328149964875456,0.9177453235499782
5511,250,175,159,True,True,159,0.05109042446432522,1.4791888764101342,0.9607723735553831
5512,250,167,150,True,True,150,0.04705710237228566,1.0864141163451155,0.7908440939422763
5513,250,165,155,True,True,155,0.043509911776699564,1.1429893695319395,0.8252284201159802
5514,250,166,145,True,True,145,0.03726601275900165,1.7435419440609754,0.7582611312382818
5515,250,162,138,True,True,138,0.027366520818507215,2.0065331940087434,0.8359203128962424
5516,250,186,153,True,True,153,0.03919732472959567,1.7967379303738849,0.8334299158918149
5517,250,200,190,True,True,190,0.01630450921988043,1.3962081422341261,0.7459521314646528
5518,250,218,191,True,True,191,0.022451340389664495,1.810472579789044,0.8596219508294021
5519,215,180,167,True,True,167,0.028175798961210124,2.592865152782334,0.8319202753422331
5520,230,195,175,True,True,175,0.031243464101016347,2.7946574533580257,0.8558611024830289
5521,236,201,187,True,True,187,0.038874967210493244,1.9450455072644877,0.8722142832163634
5522,246,209,183,True,True,183,0.05640137644528889,1.1210824047919894,0.846060072605679
5523,250,194,176,True,True,176,0.06002128638892147,1.0543145203608804,0.7409798091805554
5524,212,180,158,True,True,158,0.05568589045218694,1.4248443434792537,0.8133492978395306
5525,235,202,184,True,True,184,0.052169498392605464,1.7798238513052302,0.8736201522421769
5526,196,167,146,True,True,146,0.07030237972480004,1.780323117861078,0.8706708467344786
5527,205,174,158,True,True,158,0.07875338819137435,2.065400488006226,0.884492096346871
5528,188,172,154,True,True,154,0.07704494791222907,1.8538064376891306,0.8890128662424831
5529,214,189,163,True,True,163,0.07275085507960033,2.0020274831404827,0.841897768137222
5530,209,185,169,True,True,169,0.06854220633450635,2.2787069981655184,0.9131024581943459
5531,220,195,177,True,True,177,0.07329560769894963,1.8154917129793615,0.8839430550773578
5532,224,193,181,True,True,181,0.07828253362045738,1.898448050246591,0.8548058044811553
5533,196,163,142,True,True,142,0.07455790555983306,1.864853388593045,0.9284963891519659
5534,232,198,174,True,True,174,0.06663020131408877,2.215244770083481,0.9450047169315172
5535,216,194,168,True,True,168,0.07044690892949919,2.378854881082676,0.8561894851132601
5536,214,190,165,True,True,165,0.06165537211407752,2.6207041080619957,0.8723795023827388
5537,248,206,175,True,True,175,0.06658678187663997,2.2796688927951676,0.8827249417369208
5538,250,216,194,True,True,194,0.06956778631669774,1.872696841241347,0.8991477205642862
5539,250,206,189,True,True,189,0.07279275207661497,1.4961901504112731,0.8614644977118703
5540,250,226,208,True,True,208,0.06877247964545229,1.3982008665059318,0.8320478957780927
5541,250,226,199,True,True,199,0.053617114904598764,1.5531104489499943,0.8293814304699085
5542,250,222,200,True,True,200,0.05108317834086831,1.7678911690906405,0.8639607029449767
5543,250,207,194,True,True,194,0.05373656572500792,1.8967986612731529,0.8005689866904069
5544,250,215,203,True,True,203,0.06064359486285343,1.6584980035969246,0.7362200820409837
5545,250,204,193,True,True,193,0.05733734659284489,1.3230614522429223,0.7793315602836679
5546,250,199,186,True,True,186,0.05101982860504025,1.0629473298432741,0.8327564103948344
5547,250,221,204,True,True,204,0.03988038124408962,1.170499347367001,0.8063482382177308
5548,250,232,207,True,True,207,0.035736652491654565,1.0541422464673298,0.8827593824549655
5549,250,238,209,True,True,209,0.03885288506383751,1.1719411741743069,0.8286174934958936
5550,250,206,192,True,True,192,0.04157375782070086,1.320829598247945,0.8225001845052264
5551,250,208,191,True,True,191,0.038703223907986896,1.3171498100990884,0.8741230916369485
5552,250,198,173,True,True,173,0.04324606212765966,1.0824876538229415,0.8996766565053286
5553,225,178,149,True,True,149,0.04904345182247362,0.8185770386917423,0.923008836219927
5554,156,99,83,True,True,83,0.051096222895770725,2.4970526686755004,0.8160938356186979
5555,142,104,84,True,True,84,0.06510763304834519,3.5191696706336906,0.9854299414330181
5556,145,101,79,True,True,79,0.06656817849249803,3.5455273117533546,0.9467827660654067
5557,129,100,83,True,True,83,0.06335586876063319,2.886202256345726,0.8923475964328543
5558,149,119,104,True,True,104,0.06344914254512282,1.815593346194828,0.8514523434579311
5559,167,146,119,True,True,119,0.06175786502627224,1.3941842110764668,0.9045370188634918
5560,206,181,161,True,True,161,0.05841206382993355,1.205297815677168,0.9744982444899871
5561,177,150,123,True,True,123,0.058047245191180964,1.7160839528527219,0.8521030942570565
5562,160,141,115,True,True,115,0.05997338988347312,2.007852448018381,0.9584716748735316
5563,162,147,130,True,True,130,0.05525133170580811,2.1908024698226884,0.9262376371046624
5564,144,126,114,True,True,114,0.04892347346756781,2.446654685189885,0.9021601945295638
5565,150,128,109,True,True,109,0.04174151314048651,2.217715363498336,0.8603740959230695
5566,150,134,111,True,True,111,0.034109581494679436,1.7828079368589205,0.951208863100088
5567,174,152,128,True,True,128,0.022457865810759568,2.0276233977336693,0.8333273814751286
5568,168,151,135,True,True,135,0.022782195070044284,2.4125801754325673,0.7845793994899756
5569,101,94,75,True,True,75,0.02539797595768015,2.5521871488264343,0.8836511964580822
5570,115,104,86,True,True,86,0.02533378496548015,2.6419640293155418,0.9597069997938763
5571,95,86,74,True,True,74,0.036014222771738984,2.0835963263805652,0.9305981927155569
5572,98,85,74,True,True,74,0.032675744272688226,1.719998172737134,0.8261386134185527
5573,101,81,73,True,True,73,0.038645514134984196,1.2892795281022678,0.8443420444610343
5574,83,60,55,True,True,55,0.04393759204486885,1.2629492862525955,0.9052369587868279
5575,125,86,81,True,True,81,0.04256633969402932,0.9827779992258903,0.8174227701858383
5576,125,87,76,True,True,76,0.042918329701305845,1.0657381766617515,0.6804294710599369
5577,117,84,72,True,True,72,0.046866466567878656,1.330119555355454,0.8419104538975907
5578,151,111,105,True,True,105,0.04775919301759469,1.1664116437124503,0.8694970475453943
5579,131,106,95,True,True,95,0.050054231716037186,1.1035070685099715,0.8400592903492153
5580,138,96,85,True,True,85,0.05183021657886746,1.1328302710993892,0.7758402031054036
5581,144,102,97,True,True,97,0.051103456341723454,0.8339068709392816,0.7785098624697764
5582,145,103,89,True,True,89,0.0555663353500053,0.8318075640514004,0.7905808396462023
5583,114,91,82,True,True,82,0.058141059011710364,1.432151844883063,0.8272378881866221
5584,122,98,85,True,True,85,0.05717295052057209,1.6108886383033747,0.79784887430718
5585,132,99,93,True,True,93,0.0571727254241345,0.9390210997356658,0.8385480268124812
5586,219,174,146,True,True,146,0.061516645863696054,1.217157127613971,0.8305108417529328
5587,175,151,143,True,True,143,0.06757180869983916,1.1954911171012406,0.7758014070232954
5588,187,171,157,True,True,157,0.06588610759355924,1.013165807908796,0.7892340128577995
5589,167,150,143,True,True,143,0.06542101200420242,1.2796227831579174,0.8369729556223746
5590,191,173,164,True,True,164,0.06823766725530876,1.2504067636008303,0.7220036802664906
5591,177,163,153,True,True,153,0.06679598337050215,1.5091526356635687,0.8055734420939723
5592,124,111,98,True,True,98,0.06253855277756407,1.399317734882508,0.8018512839392251
5593,140,112,102,True,True,102,0.0651294344314691,1.2385504371107794,0.8677309911420638
5594,214,189,182,True,True,182,0.06111296577272371,1.146828975385316,0.7785755020523905
5595,183,154,144,True,True,144,0.05815529059319029,1.340218062411594,0.8326200277865391
5596,224,187,168,True,True,168,0.05479843586541903,1.880529746885086,0.7926085848388759
5597,208,170,151,True,True,151,0.05003113511617301,2.5400706823663906,0.8492078394735053
5598,224,177,163,True,True,163,0.04895332618918917,2.515846962155114,0.8180115709964346
5599,229,188,165,True,True,165,0.03743906119388363,2.2099786480447294,0.8030106295378864
5600,242,210,188,True,True,188,0.03537696941231867,2.639217932783934,0.7621122764590665
5601,233,198,175,True,True,175,0.01917940078634766,2.5111335402496975,0.8557366157874675
5602,250,187,168,True,True,168,0.021610205377630504,2.0392642538120533,0.8070785674462062
5603,250,203,191,True,True,191,0.016604806002315984,1.9740493001262567,0.7431516974063529
5604,250,207,186,True,True,186,0.023319308546010886,1.6897427928715183,0.703560051508611
5605,250,199,181,True,True,181,0.03157008999714134,1.777767957989838,0.8069860925807755
5606,250,203,191,True,True,191,0.034504751740646225,1.6391751980652156,0.8674636508746977
5607,250,193,182,True,True,182,0.03949772376654926,1.6700436966489196,0.8479802776826149
5608,250,193,183,True,True,183,0.044817349168277794,1.3852333887335113,0.7984774147111066
5609,250,206,194,True,True,194,0.04779011977910003,1.267620807478247,0.7618206048519153
5610,202,169,151,True,True,151,0.050561135046484434,1.2559091790252055,0.827022309471049
5611,250,202,185,True,True,185,0.05500414575698145,1.3620408086378855,0.7553458734621603
5612,216,170,152,True,True,152,0.05850954494399589,1.3297010491541477,0.8494833845362073
5613,200,160,146,True,True,146,0.05342252688517983,1.5369285918015398,0.8034348033725718
5614,151,121,99,True,True,99,0.06151173413781822,1.7463450208349263,0.8119530576639638
5615,146,105,102,True,True,102,0.06539546812188365,1.8504710507424837,0.7826150874360974
5616,122,84,78,True,True,78,0.06164112061280106,2.3413434060171783,0.8824815946801917
5617,108,79,71,True,True,71,0.0666614105178139,2.341842037123302,0.8147403471554879
5618,79,63,56,True,True,56,0.05282867152006924,2.1338103874908176,0.7683512984918647
5619,147,127,117,True,True,117,0.05937430213665667,1.8710105833682509,0.8143361700481057
5620,119,104,100,True,True,100,0.049879304663733234,2.1041530509554147,0.7345759363766752
5621,118,105,99,True,True,99,0.057187948551873834,2.3517787655147444,0.902111556781246
5622,103,95,90,True,True,90,0.06008926877795027,2.7788781047982507,0.761587601891251
5623,71,70,60,True,True,60,0.05930897357196387,3.2295752225795065,0.8815433861356371
5624,74,74,65,True,True,65,0.0623371333750501,3.498790625362565,0.8840265488181613
5625,91,87,79,True,True,79,0.03343532560816579,3.9944709854425002,0.96541655142362
5626,106,104,94,True,True,94,0.04259323511504279,3.9647504433666767,0.9982481727259565
5627,182,182,156,True,True,156,0.03894130292067885,3.6573521955486075,0.8890019842714066
5628,169,169,145,True,True,145,0.0347756371446576,3.329626867693254,0.8456199325359259
5629,163,151,140,True,True,140,0.03539352748354898,2.8393085398551285,0.8690512859746327
5630,163,149,135,True,True,135,0.04107280651321908,2.433056997299692,0.9199298076185874
5631,157,157,142,True,True,142,0.046735297340403444,2.423121080074721,0.9109449272515866
5632,207,184,167,True,True,167,0.049163822355659303,1.9230931365198336,0.8359787740565224
5633,206,193,168,True,True,168,0.049811069089293954,1.6138013650007552,0.8464682582747328
5634,169,156,144,True,True,144,0.05843212163268019,1.4821433163156679,0.7582925504719151
5635,145,129,111,True,True,111,0.05908720653558598,2.0101413297967228,0.7864725847420179
5636,115,93,81,True,True,81,0.04310514979229587,2.317678455569289,0.8462586306708256
5637,138,120,110,True,True,110,0.06123744215060989,1.8899563580735188,0.8367187888610973
5638,119,113,99,True,True,99,0.06241540801089853,2.4635778479475885,0.8731538526584373
5639,122,106,96,True,True,96,0.06337866281856161,2.3680343771195638,0.9417279684728689
5640,129,120,107,True,True,107,0.06169383440358611,2.3534232766895555,0.8787194556006662
5641,119,111,104,True,True,104,0.06337019771617614,2.0675581591770986,0.8763735213635471
5642,66,62,51,True,True,51,0.07067291324025683,1.8185457089776074,0.9508296456891479
5643,62,56,47,True,True,47,0.06185916179930649,2.5285499932194004,0.9147589632683161
5644,57,52,43,True,True,43,0.0829025316239602,2.2359567726866185,0.8182731419196478
5645,53,52,46,True,True,46,0.07606474387680494,2.559618813476216,0.9155202328967899
5646,68,65,59,True,True,59,0.08319309236890002,2.5720163241310154,1.0233470008803154
5647,55,47,42,True,True,42,0.08279249714474253,2.265971408072848,0.8223481293890547
5648,62,54,51,True,True,51,0.08432618606267285,2.3055673093297204,0.906498914452013
5649,75,55,51,True,True,51,0.08141246355725829,2.3693418969609663,0.9383785961112474
5650,83,52,45,True,True,45,0.07858023642668807,2.7760790806469267,0.8421069215886575
5651,72,53,43,True,True,43,0.07591582647757766,3.255085806497118,0.9673400730172367
5652,87,56,50,True,True,50,0.0730888043153305,3.0646420805388104,0.8262451663688831
5653,89,53,44,True,True,44,0.06660416019245283,2.886174331912128,0.9113303243113319
5654,97,68,55,True,True,55,0.05172313961973966,2.187695756106536,0.8133816635188318
5655,108,92,84,True,True,84,0.04661659132655206,1.5871100215014395,0.8341271278629124
5656,96,80,72,True,True,72,0.03782305694595213,1.872117655122044,0.8597759736440881
5657,109,90,84,True,True,84,0.041052667647187485,2.2147181744083317,0.8386921346033597
5658,140,114,104,True,True,104,0.03709586153260654,2.135609634619938,0.8459406047090188
5659,144,116,104,True,True,104,0.030573897995559155,1.7438097358620932,0.8160546041923276
5660,250,195,182,True,True,182,0.023087253003801503,1.1499183544597622,0.8105067031907929
5661,250,201,189,True,True,189,0.024776908242752305,0.8150817827491014,0.695682435482882
5662,250,197,178,True,True,178,0.01736550388314398,0.8813220886446614,0.7968346703012287
5663,250,186,170,True,True,170,0.015042999334966296,0.9218312467256738,0.8156955294094878
5664,250,184,173,True,True,173,0.014458202626364117,0.8471771946504696,0.8669150326613203
5665,250,200,194,True,True,194,0.014156108901181751,0.8338014354111634,0.7456954798304416
5666,250,201,186,True,True,186,0.017648341176011335,1.357031551911523,0.8600223136012562
5667,135,119,103,True,True,103,0.029288829599426462,1.1975009119231677,0.7970455561656329
5668,129,92,85,True,True,85,0.036715355579953986,1.5958503996161655,0.7976080506709374
5669,156,141,125,True,True,125,0.029333515752197108,1.5526227975574205,0.7429008213122688
5670,150,125,116,True,True,116,0.03401659378759118,1.689469150222727,0.829535389550862
5671,122,114,105,True,True,105,0.04311641605555727,2.0263495883975677,0.7584560054790123
5672,96,88,81,True,True,81,0.03659043770600601,2.320270723260413,0.872508069992661
5673,100,83,70,True,True,70,0.03789628057446304,2.339400391648466,0.7195049348951401
5674,77,59,49,True,True,49,0.03642398286078203,2.7500606779721513,0.8638959578385824
5675,66,55,45,True,True,45,0.048923471794788356,2.5119734423942472,0.7927583067668574
5676,85,85,75,True,True,75,0.04172649480240652,2.3945826473691594,0.8831736590052045
5677,80,74,64,True,True,64,0.04302580663325081,1.9150157232400562,0.7765108116858579
5678,69,66,60,True,True,60,0.035984288897864015,2.341368075636196,0.9479717606073111
5679,78,77,65,True,True,65,0.04110745928604854,2.848317981253021,0.9092160650386036
5680,84,84,69,True,True,69,0.03346990943743314,3.222167169524776,0.8929919657662991
5681,100,100,95,True,True,95,0.037620211778243165,2.89528136875617,0.8071337957689784
5682,104,100,93,True,True,93,0.03163130924818651,2.959034546497316,0.8755635150892199
5683,128,127,111,True,True,111,0.02862398560423396,2.087178308943661,0.9330299175304777
5684,216,208,178,True,True,178,0.03158237952269155,1.2773457047883796,0.8298363924642536
5685,223,209,182,True,True,182,0.027562353445560437,1.4339241466456267,0.8475103104854406
5686,178,170,139,True,True,139,0.015430194576595339,2.0250435034624985,0.8745961703310497
5687,188,172,153,True,True,153,0.022054763750106142,2.170822242968262,0.8548400377690046
5688,165,151,130,True,True,130,0.029972586519324773,2.27395037017833,0.8466669621084295
5689,181,158,143,True,True,143,0.0389707622759967,2.4317742280465855,0.769083509127419
5690,160,132,116,True,True,116,0.03107394596194332,2.7428200066643824,0.7861609012970106
5691,159,134,121,True,True,121,0.03285607105004979,2.5536809685458928,0.7353767090963331
5692,92,71,67,True,True,67,0.04494476178666005,2.015454234955884,0.8038529180590788
5693,106,75,64,True,True,64,0.03196901661797069,2.1238374996918687,0.6905516522699378
5694,93,74,62,True,True,62,0.030928234549177838,2.1916725987386814,0.8374012911989733
5695,111,92,90,True,True,90,0.02683394530274824,2.2808732039879858,0.8111754790720674
5696,79,59,53,True,True,53,0.021769194467423238,1.8509664603059495,0.7891616326113341
5697,116,91,85,True,True,85,0.016389188351351742,0.9951941037546662,0.8650608552535185
5698,155,123,123,True,True,123,0.012235017408019026,0.8593118176478352,0.7772438245599461
5699,122,92,85,True,True,85,0.019163640818737435,1.6670826388419375,0.8549319293858346
5700,115,98,92,True,True,92,0.014446617888953538,2.1776227217096107,0.7449363358655403
5701,250,188,181,True,True,181,0.018612572491884624,1.6932230714796845,0.7854287056211895
5702,250,189,179,True,True,179,0.013105375569977503,1.1957557424095822,0.7257880393441106
5703,250,169,161,True,True,161,0.00936987350898962,0.7582663785959897,0.7670528198167285
5704,250,199,181,True,True,181,0.005546922678500504,0.6698887835894176,0.7131914107840177
5705,250,208,181,True,True,181,0.014323383284774557,0.979970091573246,0.6819589643141881
5706,250,209,198,True,True,198,0.016162693417959548,0.9972542647906145,0.8373233508892708
5707,236,207,186,True,True,186,0.015924297359499368,1.2622190483630285,0.8018679895037731
5708,179,160,132,True,True,132,0.008873238420061541,1.3827139663389822,0.7899101651389198
5709,213,181,169,True,True,169,0.007294193574455731,0.9303927590205624,0.8761107398773662
5710,232,192,163,True,True,163,0.013209272781920096,0.5329245830303594,0.7570359482336085
5711,186,146,135,True,True,135,0.010018114005109213,0.7157567987173963,0.8611719610729551
5712,194,152,138,True,True,138,0.011382064271024022,1.0437985151251838,0.7421857421454794
5713,178,144,137,True,True,137,0.01799179775553886,1.2681097167469895,0.6228672213342361
5714,229,171,151,True,True,151,0.013042301896190033,1.3226741839676914,0.7180472267135559
5715,244,182,174,True,True,174,0.006761014360009131,1.0363729876985635,0.8149526562852611
5716,205,159,130,True,True,130,0.009945943465448843,0.870209234367425,0.8732130762971463
5717,231,169,153,True,True,153,0.009651563939777383,0.8619671146913521,0.9161820495206401
5718,224,178,142,True,True,142,0.013527251531379793,1.2140320517037881,0.8439192200674649
5719,206,176,162,True,True,162,0.013493866149623631,1.1808343640266763,0.862851887747655
5720,233,191,168,True,True,168,0.006417474043576128,1.0503982026587113,0.905218035359672
5721,250,198,184,True,True,184,0.0065076016875137525,0.6367769837155919,0.7503915667045448
5722,250,200,187,True,True,187,0.004352444533990082,0.3443289839877276,0.7297917827337874
5723,250,191,180,True,True,180,0.005429851387425529,0.5564932016928179,0.7483907457134442
5724,250,194,187,True,True,187,0.0037896945148350775,0.5181778123224059,0.6895401238518087
5725,250,183,178,True,True,178,0.0036223799054946,0.3224155550082279,0.6092183511155475
5726,250,209,198,True,True,198,0.0009775549971874692,0.03765816500808946,0.37182859854053435
5727,250,192,172,True,True,172,0.0047880044741211445,0.5173243928237815,0.7574015234640247
5728,250,202,181,True,True,181,0.004011691958639417,0.6161292938339299,0.8157536538449226
5729,225,178,157,True,True,157,0.0019775187867069927,0.6243455814011997,0.8859513565982488
5730,239,200,190,True,True,190,0.007469225007053319,0.558093758439977,0.8672680117599547
5731,250,207,198,True,True,198,0.005360687867788141,0.4938877581849799,0.7831693078567011
5732,230,185,178,True,True,178,0.0033888946866287325,0.41783153976552406,0.8088736799493396
5733,250,201,191,True,True,191,0.0024502017549254064,0.24646753794447138,0.7228042206689691
5734,250,209,203,True,True,203,0.002884085753379606,0.1463251953867759,0.5733129726820787
5735,250,195,192,True,True,192,0.0034343215470353464,0.2136499858197808,0.636092520824196
5736,250,184,177,True,True,177,0.0027734956557761595,0.1533167466611008,0.45371445256048876
5737,250,173,169,True,True,169,0.002680671184346481,0.0989440047027512,0.4071145781743743
5738,250,205,196,True,True,196,0.002821192652517702,0.12017168394124168,0.3400980790020686
5739,250,193,186,True,True,186,0.002298380518016697,0.3581668713819574,0.5251224501469413
5740,216,169,144,True,True,144,0.00533431073619747,0.9491981656318842,0.8391260365126723
5741,212,168,155,True,True,155,0.0037381817807892225,1.1938274613637134,0.7592695160286475
5742,208,162,146,True,True,146,0.0026419640194969523,1.0561986579355171,0.7879933693932957
5743,250,192,170,True,True,170,0.0053340823004697675,0.3780703737680286,0.6059629594447249
5744,250,177,167,True,True,167,0.004714223814123014,0.39348271422305164,0.6835147310380191
5745,227,180,164,True,True,164,0.003684776438639362,0.7677019840581276,0.8339044083578911
5746,188,159,140,True,True,140,0.00443977943783525,1.2220062590632987,0.7592383083136808
5747,212,166,149,True,True,149,0.00881607462601264,0.9939381000501577,0.7691636997810298
5748,244,191,178,True,True,178,0.004935597175288042,0.47825754213585064,0.7674894687827076
5749,196,154,129,True,True,129,0.005244663628973681,0.7478441428255252,0.7742863061341739
5750,209,163,150,True,True,150,0.0054734902699719945,1.049949512732746,0.9135198480018425
5751,200,157,145,True,True,145,0.0049650955197291305,1.13808869638169,0.8449314842847078
5752,227,182,160,True,True,160,0.000858372882505384,0.3822983056949869,0.7418038714206299
5753,219,169,145,True,True,145,0.006290042076579757,0.4237054958932117,0.8138491007906822
5754,196,160,150,True,True,150,0.0038034162085793886,0.9754571342142785,0.7389897002995086
5755,217,177,153,True,True,153,0.006806373469658823,0.6759793142550634,0.8367175557534142
5756,250,200,194,True,True,194,0.003060757074504274,0.10030532529554877,0.3460722960318666
5757,200,151,131,True,True,131,0.005389040310081993,0.4154412657230082,0.7834104907202946
5758,240,177,156,True,True,156,0.004141163698347696,0.5429093476609882,0.8811730836194458
5759,250,193,182,True,True,182,0.003268059366059363,0.25431728091505906,0.5167002224871358
5760,212,184,164,True,True,164,0.0067632932786547886,0.9051923814338437,0.8395002516786692
5761,239,194,178,True,True,178,0.0033344250271170575,0.40249892914300284,0.8404688273324981
5762,250,218,210,True,True,210,0.0014055578341706362,0.191688946837261,0.49032568821072064
5763,250,216,210,True,True,210,0.002669784744025299,0.1001570727380345,0.535785787258525
5764,210,167,156,True,True,156,0.0016577852582737465,0.5988850159445093,0.6868366485876962
5765,250,213,202,True,True,202,0.004169786180304709,0.25123240166680827,0.6003232263829312
5766,217,172,159,True,True,159,0.003080337134032573,0.5010702736157582,0.7081449418143136
5767,222,162,148,True,True,148,0.0036547991945093984,0.3944472067707347,0.7498862426041555
5768,250,195,171,True,True,171,0.006468882091008714,0.6631587212317007,0.8414990913761782
5769,250,200,183,True,True,183,0.003459297792038152,0.5037873067194548,0.7214168357799696
5770,211,169,161,True,True,161,0.0017101007957729321,0.5776102627726742,0.7791523614474654
5771,208,163,156,True,True,156,0.002043779954393116,0.4670329120629235,0.835761614517509
5772,240,190,166,True,True,166,0.0009364517194262442,0.4565839605818161,0.8110181761615075
5773,250,212,175,True,True,175,0.0017906457380111724,0.11516770595234957,0.483462471130694
5774,250,214,189,True,True,189,0.0019981399608030195,0.1894533315974778,0.5726372277351818
5775,250,199,191,True,True,191,0.002356516425969419,0.22752820426038925,0.5887950952810043
5776,250,197,178,True,True,178,0.005756563643286961,0.43126508761761173,0.7476950966994517
5777,250,212,209,True,True,209,0.003461637292184883,0.14313701166476284,0.43225441477673315
5778,250,213,197,True,True,197,0.0014797117421422763,0.09517061000213994,0.41205270359696927
5779,250,216,201,True,True,201,0.00491875132567329,0.2150001645155177,0.4331059654618601
5780,250,232,227,True,True,227,0.0004990587149136412,0.0061701292292585495,0.15959596805950774
5781,250,199,181,True,True,181,0.0026100363732004255,0.34979787029237625,0.7044541818185187
5782,250,192,185,True,True,185,0.002453813938020006,0.5419333999411885,0.7484984800496017
5783,235,203,174,True,True,174,0.0023066042061402328,0.5903977802533759,0.8056105101878475
5784,219,183,168,True,True,168,0.009474045092901789,0.7154715045510582,0.8585853107775719
5785,231,193,165,True,True,165,0.007174927987122756,0.7099041960697948,0.861905379652861
5786,230,191,177,True,True,177,0.004089997880415831,0.7438141490778033,0.882812813778306
5787,250,211,190,True,True,190,0.005631690013022388,0.360523933179655,0.7052283474853647
5788,250,208,188,True,True,188,0.0032340116611456068,0.17462235263051235,0.626977709484355
5789,250,186,176,True,True,176,0.0019394988099149864,0.37920578919218023,0.7503022850458874
5790,250,189,177,True,True,177,0.006307775474803602,0.508743185728721,0.6983340768816829
5791,250,179,162,True,True,162,0.004334414675400564,0.31772447670860726,0.6212592799205907
5792,250,144,138,True,True,138,0.004089307474552582,0.22223223531056951,0.5693763358295159
5793,250,203,191,True,True,191,0.0016446520110880841,0.04725844030456088,0.28691414616673794
5794,250,194,191,True,True,191,0.002441748600764561,0.15407169380641833,0.5368712988707471
5795,250,183,177,True,True,177,0.0030192912006494444,0.34705122832862184,0.5581125605577382
5796,250,163,160,True,True,160,0.003217095547312975,0.31613350319859446,0.6401590211865488
5797,250,203,196,True,True,196,0.001822589357461993,0.08394010889261809,0.36818837998099574
5798,250,187,184,True,True,184,0.0019868487516415292,0.25242096971704503,0.6600805138123855
5799,250,165,148,True,True,148,0.0016710067214005507,0.5290469232389877,0.8393314468239718
5800,237,159,151,True,True,151,0.004452624418124768,0.622112936386571,0.8653181062698866
5801,246,176,161,True,True,161,0.003259430160587615,0.5329446781898979,0.7666515859206556
