1520616724.357818365 0.000000000 0.000000000 0.000000000 0.000000000 0.000000000 0.000000000 1.000000000
1520616724.407773018 0.001609938 0.005329815 0.000269734 0.000891950 0.000802790 0.002279698 0.999996681
1520616724.457774878 0.005045171 0.008263974 0.000681865 0.000995028 -0.000261147 0.004241448 0.999990476
1520616724.507776022 0.001937957 0.012688020 0.002057889 0.000246565 0.000076392 0.008382613 0.999964832
1520616724.557778120 0.010249811 0.013105076 0.003206184 0.000688323 0.004361880 0.009887522 0.999941367
1520616724.607779026 0.015366334 0.013983758 0.005160695 0.001647999 0.009339638 0.010953392 0.999895034
1520616724.657781124 0.014477757 0.017726417 0.007662741 0.003511632 0.015457931 0.010433139 0.999819919
1520616724.707782030 0.017060160 0.016719501 0.008835975 0.002851185 0.018106080 0.014727842 0.999723527
1520616724.757783890 0.018402647 0.017992661 0.010603968 -0.001888372 0.020718435 0.020470773 0.999573973
1520616724.807788849 0.019240710 0.015671550 0.006134088 -0.011744783 0.023245935 0.023008672 0.999395961
1520616724.857789755 0.019391320 0.013288682 0.001762104 -0.020242337 0.021692819 0.024105419 0.999269032
1520616724.907791853 0.018830494 0.011468829 -0.000365419 -0.025028339 0.016464775 0.026758113 0.999192923
1520616724.957895041 0.023191160 0.009577986 -0.002852380 -0.025419833 0.015281269 0.026972270 0.999196083
1520616725.007794857 0.024156238 0.010524128 -0.004884034 -0.023437037 0.014640806 0.027819873 0.999230908
1520616725.057796001 0.023003823 0.003581525 -0.010558211 -0.023057229 0.013442575 0.030467972 0.999179345
1520616725.107797861 0.019472143 0.003851514 -0.013496506 -0.020693807 0.015739313 0.028769137 0.999247906
1520616725.157799006 0.018970734 0.005378935 -0.013010193 -0.016627705 0.017765028 0.026048978 0.999364485
1520616725.207800865 0.020004416 0.004300260 -0.014752524 -0.014923616 0.017814028 0.024707274 0.999424583
1520616725.257856369 0.021839650 0.005650373 -0.015907071 -0.014051223 0.016907142 0.024602113 0.999455576
1520616725.307858467 0.024183052 0.003932909 -0.018249757 -0.014474772 0.016058068 0.024705641 0.999460980
1520616725.357859373 0.024697884 -0.000119507 -0.019058376 -0.017894605 0.016311875 0.022883773 0.999444865
1520616725.407861233 0.027606238 0.002032849 -0.018614750 -0.023588799 0.015224951 0.021189508 0.999381196
1520616725.457863569 0.028767802 -0.003636513 -0.020661545 -0.033609200 0.013584566 0.021680640 0.999107517
1520616725.507864475 0.028667536 -0.004023579 -0.019448131 -0.040629077 0.010776937 0.025882770 0.998780866
1520616725.557866335 0.026658332 -0.006699889 -0.016963068 -0.045515433 0.009086583 0.028780219 0.998507626
1520616725.607868433 0.027758397 -0.011477060 -0.013703284 -0.048290591 0.007858994 0.029358572 0.998370838
1520616725.657862425 0.029578295 -0.018776638 -0.012823004 -0.050326060 0.006772944 0.028359147 0.998307154
1520616725.707863331 0.028680374 -0.022314339 -0.012589773 -0.050595712 0.006568856 0.026830070 0.998337153
1520616725.757865667 0.030091303 -0.024533917 -0.013107890 -0.049166052 0.005887113 0.024383253 0.998475587
1520616725.807866573 0.032104960 -0.024410352 -0.013128083 -0.046356622 0.005178247 0.022606911 0.998655685
1520616725.857868433 0.031272518 -0.022105468 -0.013468035 -0.042595013 0.005336524 0.020797345 0.998861681
1520616725.907871485 0.031844140 -0.018491591 -0.013723354 -0.039290540 0.005290653 0.019471088 0.999024093
1520616725.957871437 0.031084437 -0.016872165 -0.014432169 -0.037431777 0.005544456 0.018526434 0.999112052
1520616726.007873297 0.028875649 -0.015739656 -0.014612333 -0.036847877 0.006414148 0.018589587 0.999127379
1520616726.057950258 0.028875649 -0.015739656 -0.014612333 -0.036847877 0.006414148 0.018589587 0.999127379
1520616726.107951164 0.026969217 -0.013553296 -0.014897389 -0.036664565 0.006790266 0.019454812 0.999115165
1520616726.157953262 0.025368982 -0.011894567 -0.015203795 -0.035723674 0.007218832 0.019131377 0.999152490
1520616726.207954168 0.025186672 -0.011615517 -0.018147430 -0.034008002 0.007958763 0.017883161 0.999229857
1520616726.257956266 0.025594973 -0.009536523 -0.020060259 -0.031258787 0.008665389 0.016774420 0.999332987
1520616726.307958364 0.022918753 -0.009993170 -0.020270291 -0.030449801 0.011774364 0.015674168 0.999344032
1520616726.357959270 0.020511246 -0.012049639 -0.018439512 -0.032730324 0.012282563 0.015092885 0.999274772
1520616726.407961130 0.018474733 -0.011998579 -0.017401809 -0.038443670 0.014487346 0.013184707 0.999068749
1520616726.457912922 0.014521009 -0.010535316 -0.014055276 -0.044745341 0.015681534 0.013249079 0.998787468
1520616726.507915020 0.013103402 -0.013914902 -0.013070144 -0.049708304 0.015308066 0.015586177 0.998524821
1520616726.557915926 0.012830850 -0.008835749 -0.013439106 -0.048303986 0.015607010 0.015998701 0.998582589
1520616726.607916832 0.014163015 -0.007769849 -0.014230919 -0.042181483 0.018254419 0.014748088 0.998834317
1520616726.657919168 0.013696802 -0.006638515 -0.012835698 -0.033155281 0.019926635 0.014764455 0.999142466
1520616726.707921028 0.011097030 -0.004057027 -0.013552599 -0.028035061 0.021259513 0.016239706 0.999248888
1520616726.757922173 0.008656489 0.001737511 -0.013614553 -0.027333548 0.022094959 0.017790857 0.999223786
1520616726.807924032 0.005745296 -0.002157336 -0.013984438 -0.030774560 0.022932920 0.019182058 0.999079104
1520616726.857948303 0.002513192 -0.004219192 -0.012874748 -0.032719461 0.023468575 0.019359840 0.999001431
1520616726.907950163 0.005566954 -0.004647227 -0.014817392 -0.032158197 0.022518493 0.018821688 0.999051806
1520616726.957951307 0.010782297 -0.000644970 -0.014405606 -0.027359464 0.021507453 0.017994855 0.999232242
1520616727.007953167 0.008330093 -0.003324495 -0.013861965 -0.022342875 0.022202324 0.019250592 0.999318401
1520616727.057955265 0.004864178 -0.002266649 -0.015003366 -0.016695350 0.024260887 0.020639374 0.999353136
1520616727.107956409 -0.000854103 -0.002491760 -0.014776598 -0.011359360 0.025343428 0.023225764 0.999344405
1520616727.157958269 0.001395646 0.001219525 -0.016832508 -0.008357592 0.025787707 0.022486632 0.999379556
1520616727.207959175 0.002416475 0.003791324 -0.016598953 -0.007949251 0.025617672 0.022879181 0.999378350
1520616727.257899046 0.004277145 -0.000736995 -0.018172326 -0.011837141 0.025451390 0.024196149 0.999313092
1520616727.307899952 0.004589000 -0.004033126 -0.019880719 -0.017515086 0.025319854 0.024960296 0.999214246
1520616727.357901812 0.002904068 -0.004363064 -0.020820880 -0.023958721 0.024420547 0.025914901 0.999078593
1520616727.407904148 -0.000374653 -0.001616101 -0.021609636 -0.028956165 0.025025074 0.025131900 0.998951287
1520616727.457905054 -0.002030069 -0.006551867 -0.020675012 -0.031216962 0.025229272 0.024781860 0.998886803
1520616727.507906914 -0.005651274 -0.004833387 -0.020451962 -0.029953682 0.025819444 0.024285041 0.998922605
1520616727.557909012 -0.006399163 -0.003783451 -0.023263018 -0.027703014 0.026807395 0.022806588 0.998996379
1520616727.607909918 -0.006551862 0.000535003 -0.025403963 -0.024282850 0.027382944 0.021860675 0.999090901
1520616727.657912016 -0.003959468 0.001590398 -0.027713966 -0.021974242 0.027106592 0.021414573 0.999161539
1520616727.707913399 -0.002713739 0.004115405 -0.028979291 -0.020504290 0.026935225 0.020990879 0.999206410
1520616727.757913351 -0.002713739 0.004115405 -0.028979291 -0.020504290 0.026935225 0.020990879 0.999206410
1520616727.807916403 -0.002165656 0.003745634 -0.028981939 -0.020531078 0.026850163 0.020926916 0.999209491
1520616727.857917309 -0.001774685 0.004478012 -0.029125618 -0.020333968 0.026704003 0.020868824 0.999218654
1520616727.907918453 -0.000999530 0.004723119 -0.030751343 -0.020169316 0.026227781 0.020841780 0.999235169
1520616727.957920313 -0.000466356 0.006277448 -0.032379657 -0.019175150 0.025244888 0.020986543 0.999277026
1520616728.007921219 0.003052461 0.004348236 -0.033032941 -0.019811530 0.024242419 0.020647622 0.999296495
1520616728.057923317 0.003949866 -0.001635741 -0.031835508 -0.022831049 0.022925474 0.020468480 0.999266835
1520616728.107905865 0.004256212 -0.005559902 -0.030582813 -0.026642532 0.022070606 0.020048954 0.999200232
1520616728.157907724 0.003393476 -0.010094365 -0.029348473 -0.030359900 0.021692607 0.019272127 0.999117757
1520616728.207920790 0.006220445 -0.012868209 -0.027667430 -0.032061498 0.020368812 0.019095597 0.999095856
1520616728.257910967 0.010093503 -0.014430094 -0.027948091 -0.032821539 0.019019316 0.018902340 0.999101453
1520616728.307912827 0.010397884 -0.014502995 -0.027992939 -0.032835499 0.018996997 0.018889598 0.999101660
1520616728.357913733 0.011570631 -0.014585612 -0.028051742 -0.032774823 0.018918858 0.018879576 0.999105324
1520616728.407915831 0.010285286 -0.013112759 -0.028114825 -0.032014029 0.019177384 0.018671887 0.999128966
1520616728.457916737 0.010285286 -0.013112759 -0.028114825 -0.032014029 0.019177384 0.018671887 0.999128966
1520616728.507941723 0.010285286 -0.013112759 -0.028114825 -0.032014029 0.019177384 0.018671887 0.999128966
1520616728.557942867 0.010310499 -0.015789473 -0.028069759 -0.032786964 0.019093761 0.018651831 0.999105877
1520616728.607944727 0.011770462 -0.016785300 -0.028442471 -0.033089814 0.018803966 0.018523012 0.999103785
1520616728.657946825 0.015116984 -0.018851756 -0.028899056 -0.033617536 0.018059268 0.018104721 0.999107573
1520616728.707947969 0.016538660 -0.019777988 -0.029080444 -0.033909457 0.017673586 0.017955491 0.999107298
1520616728.757949829 0.019103367 -0.020353933 -0.028971187 -0.034391815 0.017042105 0.018050502 0.999100070
1520616728.807950735 0.018955340 -0.022938552 -0.028552000 -0.035430539 0.016853848 0.018198050 0.999064290
1520616728.857952833 0.018102076 -0.023039950 -0.028483750 -0.035628242 0.017018494 0.018217401 0.999054115
1520616728.907965422 0.017336413 -0.023682995 -0.028425844 -0.035894781 0.017176890 0.018341722 0.999039589
1520616728.957967520 0.015943680 -0.023716988 -0.028013117 -0.036208285 0.017459447 0.018839923 0.999014107
1520616729.007968664 0.017476175 -0.023155113 -0.028071665 -0.037122217 0.017258148 0.019738419 0.998966712
1520616729.057970524 0.017740676 -0.021984413 -0.027833521 -0.037746574 0.017260586 0.020543681 0.998927037
1520616729.107972622 0.017740676 -0.021984413 -0.027833521 -0.037746574 0.017260586 0.020543681 0.998927037
1520616729.157973528 0.017740676 -0.021984413 -0.027833521 -0.037746574 0.017260586 0.020543681 0.998927037
1520616729.207975626 0.017740676 -0.021984413 -0.027833521 -0.037746574 0.017260586 0.020543681 0.998927037
1520616729.257977724 0.016653244 -0.025386678 -0.026811918 -0.038810334 0.017361766 0.020492258 0.998885576
1520616729.307996511 0.016086141 -0.025907239 -0.026900207 -0.039154429 0.017565729 0.020479506 0.998868843
1520616729.357998610 0.016086141 -0.025907239 -0.026900207 -0.039154429 0.017565729 0.020479506 0.998868843
1520616729.408000708 0.013853986 -0.025391347 -0.026507865 -0.038815843 0.018129288 0.020506516 0.998871434
1520616729.458001614 0.012534182 -0.022231520 -0.026489393 -0.037790507 0.018534553 0.020736077 0.998898575
1520616729.508002758 0.012538963 -0.020082800 -0.027425947 -0.036635203 0.018949194 0.020953195 0.998929304
1520616729.558004618 0.008880805 -0.017493571 -0.027736672 -0.035688187 0.019606819 0.021094795 0.998947914
1520616729.608006477 0.010103854 -0.017521102 -0.028213550 -0.035629545 0.019418590 0.021051119 0.998954606
1520616729.658007622 0.009456093 -0.017183323 -0.028099202 -0.035573027 0.019486237 0.021115798 0.998953938
1520616729.708018541 0.010714092 -0.022284203 -0.028668509 -0.037004720 0.019142952 0.020831507 0.998914534
1520616729.758019447 0.011477107 -0.026160864 -0.028612181 -0.038179422 0.018689699 0.020592355 0.998883868
1520616729.808020592 0.012043118 -0.030519313 -0.027498747 -0.039515948 0.018252542 0.020225323 0.998847471
1520616729.858068466 0.014430884 -0.034046672 -0.027229775 -0.040688961 0.017790397 0.020102441 0.998811194
1520616729.908024311 0.015769746 -0.034502628 -0.026779716 -0.041090397 0.017449896 0.020212624 0.998798543
1520616729.958025455 0.017485745 -0.034132036 -0.026251583 -0.041007501 0.017082933 0.020194172 0.998808667
1520616730.008027554 0.017485745 -0.034132036 -0.026251583 -0.041007501 0.017082933 0.020194172 0.998808667
1520616730.058028460 0.017485745 -0.034132036 -0.026251583 -0.041007501 0.017082933 0.020194172 0.998808667
1520616730.108030558 0.017974145 -0.034116060 -0.026313525 -0.040934128 0.017022299 0.020124450 0.998814119
1520616730.158037901 0.017974145 -0.034116060 -0.026313525 -0.040934128 0.017022299 0.020124450 0.998814119
1520616730.208039761 0.017931570 -0.033311321 -0.026149717 -0.040458224 0.016923815 0.019753409 0.998842590
1520616730.258041859 0.019449170 -0.034496886 -0.026357965 -0.040310324 0.016507308 0.018916747 0.998871735
1520616730.308042765 0.022205557 -0.036677057 -0.026020482 -0.040391436 0.015843753 0.017839213 0.998899029
1520616730.358044863 0.023516783 -0.038892543 -0.026597405 -0.040922867 0.015677384 0.017392457 0.998887902
1520616730.408046007 0.023516783 -0.038892543 -0.026597405 -0.040922867 0.015677384 0.017392457 0.998887902
1520616730.458047867 0.023516783 -0.038892543 -0.026597405 -0.040922867 0.015677384 0.017392457 0.998887902
1520616730.508049726 0.020881405 -0.036565181 -0.027098214 -0.040210460 0.016589695 0.017590318 0.998898634
1520616730.558050871 0.018600349 -0.032429815 -0.028148064 -0.038899441 0.017470295 0.017768586 0.998932380
1520616730.608051777 0.015856387 -0.029422394 -0.028875083 -0.037966588 0.018348485 0.017992936 0.998948510
1520616730.658053637 0.013388710 -0.026218850 -0.028555132 -0.037014770 0.018798492 0.018106271 0.998973817
1520616730.708055973 0.013388710 -0.026218850 -0.028555132 -0.037014770 0.018798492 0.018106271 0.998973817
1520616730.758056879 0.013388710 -0.026218850 -0.028555132 -0.037014770 0.018798492 0.018106271 0.998973817
1520616730.808058739 0.013085690 -0.026243836 -0.028583016 -0.037115814 0.018872532 0.018102680 0.998968737
1520616730.858060837 0.009910016 -0.027863550 -0.027587539 -0.038005211 0.019307022 0.017774014 0.998932894
1520616730.908062696 0.009461301 -0.031323717 -0.025593186 -0.039903060 0.018695234 0.016604476 0.998890647
1520616730.958051682 0.008263173 -0.041756407 -0.022762037 -0.043446467 0.018030986 0.015649844 0.998770429
1520616731.008053780 0.005522872 -0.046609044 -0.017928083 -0.045502934 0.017012162 0.015185370 0.998703897
1520616731.058054686 0.003494590 -0.053271603 -0.017646201 -0.046575777 0.014619976 0.014457474 0.998703126
1520616731.108055592 -0.000611124 -0.063615220 -0.011949275 -0.042221825 0.010803261 0.015023239 0.998936890
1520616731.158057928 -0.008659973 -0.076373425 -0.002588842 -0.034058459 0.007076103 0.014390020 0.999291188
1520616731.208058834 -0.018365622 -0.096717051 -0.000477566 -0.026262731 0.002443273 0.012309339 0.999576300
1520616731.258060932 -0.035970939 -0.118484765 0.003674064 -0.018767634 -0.000840074 0.010751511 0.999765710
1520616731.308061838 -0.053165868 -0.138003601 0.010604172 -0.011206830 -0.003960523 0.007515658 0.999901113
1520616731.358057022 -0.075066995 -0.155697111 0.019919223 -0.004638864 -0.007578914 0.005595602 0.999944864
1520616731.408058882 -0.101680504 -0.172803299 0.027558701 0.000880921 -0.010962387 0.006676603 0.999917233
1520616731.458060026 -0.130090415 -0.192700801 0.033045874 0.007197632 -0.011922778 0.008775581 0.999864506
1520616731.508141994 -0.160325069 -0.205679033 0.040561101 0.018885874 -0.015251672 0.013565623 0.999613267
1520616731.558063030 -0.194832986 -0.215933397 0.045147093 0.031482014 -0.020723373 0.021595786 0.999056078
1520616731.608065128 -0.222904233 -0.228159881 0.047415439 0.042754028 -0.029595062 0.031732013 0.998142928
1520616731.658066034 -0.254388549 -0.234211254 0.046462826 0.048598327 -0.039458942 0.041726224 0.997166043
1520616731.708067894 -0.287510522 -0.231081153 0.045914402 0.046447641 -0.047854688 0.049484698 0.996545940
1520616731.757885695 -0.316496213 -0.222923370 0.040470129 0.036374923 -0.056309316 0.055779897 0.996190107
1520616731.807888031 -0.357443977 -0.234865467 0.033873973 0.014715634 -0.060864239 0.057449895 0.996382710
1520616731.857889891 -0.395275461 -0.202136083 0.025954402 0.006253541 -0.066442271 0.059157740 0.996015401
1520616731.907890797 -0.424483641 -0.168087867 0.021345430 -0.000646302 -0.074211856 0.060855798 0.995383722
1520616731.957892895 -0.441143131 -0.142699020 0.013887086 -0.007263006 -0.083854997 0.062022428 0.994519385
1520616732.007893801 -0.456416779 -0.123795597 0.005557685 -0.012112611 -0.093068840 0.062896470 0.993597257
1520616732.057895660 -0.460570916 -0.100710536 0.001679688 -0.014618992 -0.101661557 0.059621278 0.992923218
1520616732.107897043 -0.462810883 -0.072799887 0.001168025 -0.017810787 -0.104512773 0.054500728 0.992869340
1520616732.157942772 -0.459443800 -0.046794807 -0.002321164 -0.026196285 -0.105868498 0.050538960 0.992749429
1520616732.207943678 -0.452864718 -0.029382883 -0.008557889 -0.039398521 -0.105583921 0.048254816 0.992457185
1520616732.257945776 -0.434003733 -0.014175177 -0.013716803 -0.051815002 -0.105934566 0.045374028 0.991985015
1520616732.307947874 -0.405750918 0.003674645 -0.019444791 -0.060625037 -0.106409357 0.040831878 0.991632196
1520616732.357948780 -0.377760539 0.020337352 -0.024582928 -0.065052974 -0.104782484 0.037067542 0.991672697
1520616732.407950640 -0.338557227 0.027384919 -0.024002340 -0.069042797 -0.102433044 0.035372713 0.991710308
1520616732.457952976 -0.303608369 0.045795397 -0.027551755 -0.069582678 -0.099320209 0.037685994 0.991903984
1520616732.507953644 -0.262176059 0.045784057 -0.028678823 -0.073088080 -0.095315984 0.039710920 0.991965745
1520616732.557955980 -0.220489793 0.048439581 -0.028776277 -0.074603864 -0.091453254 0.040608058 0.992180201
1520616732.608239174 -0.177076103 0.055402102 -0.029542813 -0.073614340 -0.088245633 0.040227308 0.992560024
1520616732.658241034 -0.127708725 0.058914871 -0.030837580 -0.071529065 -0.086232272 0.037148320 0.993009361
1520616732.708242178 -0.082803833 0.052438589 -0.032649278 -0.071223098 -0.082977302 0.032701847 0.993464960
1520616732.758244276 -0.032967720 0.048965433 -0.035958720 -0.069386346 -0.078738304 0.027935653 0.994085215
1520616732.808248043 0.018548339 0.048199774 -0.039257464 -0.068467203 -0.075229646 0.025204855 0.994493568
1520616732.858247280 0.065833376 0.044726449 -0.044389494 -0.069596740 -0.070687760 0.024041093 0.994777141
1520616732.908249140 0.114664808 0.044586137 -0.048583327 -0.071582664 -0.066412637 0.022856569 0.994958723
1520616732.958250046 0.164840306 0.044710215 -0.056296737 -0.077213286 -0.062898031 0.018341987 0.994859547
1520616733.008350611 0.224910249 0.046173643 -0.064603700 -0.084921765 -0.058161197 0.012511664 0.994609987
1520616733.058351517 0.274560802 0.052558685 -0.075323077 -0.091627832 -0.051089341 0.009332313 0.994438096
1520616733.108353376 0.318221952 0.054593166 -0.083129961 -0.095678004 -0.041994516 0.008139267 0.994492802
1520616733.158354521 0.370710321 0.054982994 -0.094110123 -0.097052727 -0.035207389 0.010213622 0.994603886
1520616733.208356380 0.419436709 0.044902760 -0.105296596 -0.097701673 -0.026465612 0.016562019 0.994725919
1520616733.258357286 0.473819586 0.036974925 -0.116083619 -0.093187663 -0.016556617 0.019986652 0.995310239
1520616733.308359623 0.526895963 0.039724333 -0.132750036 -0.086891899 -0.005990606 0.019963569 0.995999682
1520616733.358360529 0.566298724 0.048015343 -0.148341775 -0.079775779 0.004223941 0.017321810 0.996653369
1520616733.408395529 0.618157244 0.048894078 -0.166912535 -0.076037673 0.011051603 0.012539780 0.996964838
1520616733.458397627 0.668939674 0.052282477 -0.186208462 -0.074973125 0.016471070 0.005490146 0.997034399
1520616733.508398771 0.719743763 0.049380939 -0.209743346 -0.081337129 0.023087988 -0.000925988 0.996418767
1520616733.558400631 0.770917044 0.055082170 -0.228526707 -0.088179123 0.030430544 -0.005357212 0.995625293
1520616733.608401775 0.814787087 0.055209605 -0.247800087 -0.098874822 0.039319999 -0.006797933 0.994299500
1520616733.658403635 0.857439218 0.050179807 -0.264827284 -0.108650044 0.050436446 -0.007051955 0.992774699
1520616733.708404541 0.902689032 0.041118628 -0.281760645 -0.114153420 0.062822210 -0.007029149 0.991449927
1520616733.758406639 0.943569934 0.027770348 -0.293952654 -0.117226338 0.075481280 -0.006018532 0.990214290
1520616733.808284521 0.979815233 0.023879652 -0.299495151 -0.116648259 0.086811535 -0.006398066 0.989351306
1520616733.858286381 1.009277240 0.001815918 -0.304626024 -0.119800290 0.096480357 -0.008765092 0.988060021
1520616733.908288240 1.038885746 -0.012061967 -0.305032522 -0.120806880 0.104059392 -0.011783302 0.987136513
1520616733.958289385 1.060812148 -0.028527628 -0.300151872 -0.122207916 0.111373249 -0.015215062 0.986118515
1520616734.008291483 1.083065976 -0.040407469 -0.295211693 -0.121310269 0.116290292 -0.020099044 0.985574155
1520616734.058292627 1.097632801 -0.054639522 -0.284608895 -0.116835314 0.119460522 -0.025500425 0.985610685
1520616734.108294487 1.104167320 -0.080673447 -0.271387978 -0.107592803 0.118913650 -0.032062600 0.986537035
1520616734.158296347 1.112253981 -0.107413551 -0.256227641 -0.092363131 0.114911233 -0.038320264 0.988329914
1520616734.208430529 1.107551378 -0.135465394 -0.242367381 -0.075563568 0.108349305 -0.042241783 0.990336411
1520616734.258431673 1.090692007 -0.162070205 -0.226917881 -0.057236922 0.100559415 -0.041682651 0.992408331
1520616734.308432579 1.075321456 -0.195815517 -0.214894901 -0.044028710 0.095644449 -0.041275375 0.993584398
1520616734.358434677 1.049738480 -0.225415505 -0.201076248 -0.033512587 0.092500965 -0.039381786 0.994368922
1520616734.408436537 1.022882609 -0.252853339 -0.187801534 -0.026240013 0.088633017 -0.040025247 0.994913880
1520616734.458437443 0.988398338 -0.272756659 -0.173262024 -0.019428160 0.084447709 -0.040208435 0.995426749
1520616734.508438587 0.952829822 -0.291689627 -0.163437892 -0.014393477 0.078805204 -0.037798336 0.996069201
1520616734.558440447 0.908305381 -0.308430040 -0.152133225 -0.009755129 0.075925494 -0.033168187 0.996513938
1520616734.608036280 0.861145314 -0.326842373 -0.143175284 -0.007106373 0.074160345 -0.026318544 0.996873651
1520616734.658037186 0.815831677 -0.338882442 -0.137465782 -0.006027108 0.070327305 -0.015458591 0.997385972
1520616734.708039284 0.765414022 -0.345976263 -0.134402485 -0.008210950 0.066648386 -0.006670427 0.997720441
1520616734.758040190 0.712242537 -0.341594124 -0.131925869 -0.010249694 0.058816501 -0.000069433 0.998216188
1520616734.808042049 0.657720978 -0.333983624 -0.129687719 -0.012316490 0.048374839 0.006140956 0.998734433
1520616734.858043194 0.601391592 -0.325733262 -0.128547905 -0.015044700 0.036698904 0.014779274 0.999103809
1520616734.908045053 0.543926509 -0.303101026 -0.131140010 -0.016756390 0.026070705 0.023348405 0.999246913
1520616734.958045959 0.491115590 -0.287402250 -0.132605680 -0.023095487 0.017743983 0.025754361 0.999243945
1520616735.008048296 0.440528731 -0.269083552 -0.140161755 -0.037611306 0.009291867 0.024266703 0.998954543
1520616735.057911396 0.385595553 -0.232586967 -0.141463923 -0.051127665 0.000438479 0.020533600 0.998480917
1520616735.107912540 0.351520585 -0.218891797 -0.153051995 -0.072262055 -0.009598653 0.012630299 0.997259513
1520616735.157914400 0.308301063 -0.186751004 -0.160492258 -0.087997413 -0.018701005 0.005677593 0.995928960
1520616735.207915306 0.258797194 -0.146927579 -0.161281296 -0.099767344 -0.029243023 0.002984163 0.994576502
1520616735.257917643 0.211451533 -0.112067581 -0.159676282 -0.108796440 -0.041196793 0.000507490 0.993209898
1520616735.307918549 0.156877626 -0.079232041 -0.165821274 -0.114534857 -0.050355201 -0.004421802 0.992132334
1520616735.357920408 0.115744818 -0.039205881 -0.166562237 -0.116805594 -0.065742688 -0.010978775 0.990915647
1520616735.407921553 0.069489690 -0.014526571 -0.175192381 -0.123420160 -0.083029764 -0.014061581 0.988774896
1520616735.458165169 0.003962580 0.019837596 -0.186600067 -0.129311158 -0.096968089 -0.018266226 0.986682400
1520616735.508167028 -0.058440112 0.037934733 -0.199788586 -0.142029226 -0.113011224 -0.023042112 0.983120147
1520616735.558168173 -0.104948201 0.048421870 -0.211165647 -0.158382552 -0.129995741 -0.027640519 0.978392598
1520616735.608170033 -0.165081840 0.053393848 -0.231060984 -0.172806634 -0.144086521 -0.032207773 0.973827295
1520616735.658170938 -0.220240434 0.045276718 -0.243679496 -0.180717074 -0.161404721 -0.033839231 0.969610624
1520616735.708173037 -0.276150865 0.043535392 -0.254079343 -0.179470223 -0.179050361 -0.030410000 0.966853991
1520616735.758175135 -0.328363659 0.029950740 -0.261809275 -0.176163428 -0.196652729 -0.023456624 0.964232305
1520616735.808176041 -0.386611796 0.014998436 -0.270737296 -0.169107749 -0.214195541 -0.015926225 0.961909141
1520616735.858806133 -0.443189474 -0.009904605 -0.276951418 -0.161359700 -0.231653529 -0.011496922 0.959253622
1520616735.908808231 -0.497209961 -0.039695992 -0.281475575 -0.150553944 -0.247273526 -0.009392236 0.957131704
1520616735.958809137 -0.552483968 -0.067087991 -0.284744154 -0.135829669 -0.257558472 -0.005805960 0.956650524
1520616736.008810997 -0.597347045 -0.096163257 -0.289370073 -0.118379509 -0.264388873 0.002364788 0.957120276
1520616736.058812141 -0.642847705 -0.134665139 -0.290002977 -0.098264115 -0.271274444 0.012920436 0.957385712
1520616736.108814240 -0.684812352 -0.170066982 -0.289278115 -0.073389720 -0.280592292 0.022974018 0.956741401
1520616736.158815145 -0.716057257 -0.221187145 -0.287550101 -0.056237228 -0.291789136 0.030447670 0.954342399
1520616736.208817244 -0.748398561 -0.259339691 -0.286982013 -0.043179124 -0.301709900 0.036956094 0.951704233
1520616736.258398294 -0.774982416 -0.300607750 -0.285832933 -0.038793897 -0.313153656 0.043662796 0.947904732
1520616736.308400154 -0.796593705 -0.336051675 -0.283609565 -0.035449361 -0.328777773 0.049115510 0.942462830
1520616736.358401060 -0.817039835 -0.370532614 -0.283474667 -0.030394507 -0.345922937 0.054844961 0.936165330
1520616736.408424377 -0.833438051 -0.394116168 -0.282883318 -0.019661721 -0.364667265 0.063052779 0.928792522
1520616736.458404303 -0.844349282 -0.423141224 -0.280734037 -0.008607937 -0.385501753 0.071166704 0.919918258
1520616736.508406162 -0.858459604 -0.447201577 -0.278893011 0.002383405 -0.405570699 0.081631704 0.910408146
1520616736.558407307 -0.862834782 -0.472733515 -0.275279167 0.010307266 -0.424993526 0.090652444 0.900586696
1520616736.608409166 -0.865377447 -0.487744704 -0.267408080 0.013530844 -0.441772389 0.096768860 0.891790256
1520616736.658056974 -0.865617462 -0.498968730 -0.256932093 0.010738036 -0.445862092 0.100926287 0.889328721
1520616736.708058119 -0.861244684 -0.504157627 -0.237646996 0.007911049 -0.436162862 0.105758689 0.893596370
1520616736.758060217 -0.862036350 -0.516031468 -0.212305530 0.007430980 -0.406293662 0.106132592 0.907527472
1520616736.808061123 -0.840991790 -0.527316075 -0.182697742 0.013973573 -0.365370094 0.106169999 0.924682305
1520616736.858063221 -0.821904635 -0.532551046 -0.151695076 0.022874523 -0.314965854 0.101362268 0.943397561
1520616736.908064127 -0.792969392 -0.530898247 -0.127346348 0.029729224 -0.259663927 0.089575718 0.961075964
1520616736.958065987 -0.749389197 -0.541446130 -0.108543093 0.024649647 -0.209630812 0.075274660 0.974567105
1520616737.008067131 -0.710727711 -0.526629677 -0.096342631 0.016308024 -0.165484065 0.063581740 0.984025627
1520616737.058068991 -0.690149739 -0.523198684 -0.093832992 -0.000178090 -0.122356866 0.064014991 0.990419531
1520616737.107939720 -0.661849652 -0.504066627 -0.093982445 -0.012126120 -0.086767969 0.067307703 0.993878237
1520616737.157940626 -0.637482234 -0.483840734 -0.098122059 -0.022311272 -0.053041563 0.072938636 0.995675025
1520616737.207942724 -0.599682093 -0.476122675 -0.106832687 -0.034772023 -0.023503997 0.073741993 0.996393791
1520616737.257943630 -0.566118027 -0.437986236 -0.119631491 -0.042533820 0.005046840 0.072762423 0.996429141
1520616737.307945490 -0.529123303 -0.410342412 -0.135743218 -0.052564532 0.027933961 0.065158295 0.996097917
1520616737.357947826 -0.494003873 -0.385302466 -0.153450382 -0.064339972 0.035194836 0.054270487 0.995829506
1520616737.407948732 -0.458728606 -0.355063843 -0.173402589 -0.076273853 0.026756332 0.040875980 0.995889327
1520616737.457950592 -0.436758548 -0.324755956 -0.193036288 -0.090693170 0.006517681 0.028924631 0.995437409
1520616737.508017302 -0.412873270 -0.297692527 -0.210358507 -0.105713053 -0.021057328 0.018881912 0.993994373
1520616737.558018446 -0.382259217 -0.281353673 -0.229677723 -0.125656053 -0.051185687 0.013580310 0.990659456
1520616737.608020306 -0.363292127 -0.244887824 -0.258024466 -0.138480375 -0.081761170 0.016556551 0.986845569
1520616737.658022165 -0.344822917 -0.229886369 -0.282425198 -0.150111604 -0.116509885 0.025793971 0.981441096
1520616737.708023310 -0.318839523 -0.219966314 -0.298813685 -0.153405511 -0.157617710 0.035751374 0.974856526
1520616737.758024216 -0.297127359 -0.216045726 -0.312541220 -0.148129341 -0.197947181 0.049573161 0.967686475
1520616737.808026314 -0.272653484 -0.208831176 -0.330346566 -0.137233349 -0.236596418 0.064180348 0.959723932
1520616737.858027458 -0.232545391 -0.207436905 -0.345654496 -0.127567997 -0.271478075 0.070772707 0.951323964
1520616737.908360243 -0.195521099 -0.189975701 -0.353402829 -0.117765327 -0.300199121 0.076257792 0.943502286
1520616737.958361149 -0.162357941 -0.172230450 -0.369390930 -0.112600660 -0.319294255 0.073792198 0.938044232
1520616738.008363247 -0.112319655 -0.157267239 -0.379312310 -0.113999965 -0.329707675 0.069624098 0.934585118
1520616738.058416128 -0.059204433 -0.148364072 -0.386855282 -0.125643828 -0.326832852 0.066113056 0.934356987
1520616738.108366251 -0.007891000 -0.140039388 -0.395688200 -0.139751682 -0.305261790 0.061694729 0.939935353
1520616738.158367395 0.037414111 -0.117445724 -0.403468802 -0.145428786 -0.264418828 0.051833998 0.951969741
1520616738.208369255 0.117794348 -0.113887336 -0.394688840 -0.146340206 -0.221309786 0.039642909 0.963345713
1520616738.258371115 0.180826219 -0.104466632 -0.396424446 -0.137494523 -0.174475217 0.033036932 0.974454830
1520616738.308405161 0.239939074 -0.099257163 -0.402420239 -0.123681267 -0.125923463 0.025058489 0.983980842
1520616738.358407021 0.291836180 -0.096872217 -0.417934152 -0.111882733 -0.077331474 0.017597946 0.990551568
1520616738.408407927 0.348424075 -0.116611697 -0.426392129 -0.108357150 -0.033781387 0.007778213 0.993507446
1520616738.458410025 0.389992172 -0.100735957 -0.436603955 -0.101760615 0.009445081 -0.001378460 0.994763121
1520616738.508410931 0.434382251 -0.098073530 -0.454695246 -0.102623906 0.047381025 -0.008983459 0.993550537
1520616738.558412790 0.490598402 -0.094508882 -0.468151888 -0.104318834 0.075507792 -0.019253618 0.991486486
1520616738.608413935 0.531313263 -0.086721897 -0.481406424 -0.106296881 0.089120983 -0.025144113 0.990013231
1520616738.658416033 0.564686732 -0.085585117 -0.497745401 -0.108425866 0.084276666 -0.025131270 0.990206895
1520616738.708337545 0.595324099 -0.082140414 -0.516920837 -0.109660636 0.064675646 -0.021820231 0.991622652
1520616738.758338690 0.626927163 -0.066171673 -0.538182386 -0.111835914 0.031735941 -0.015076148 0.993105366
1520616738.808340549 0.658938836 -0.054361361 -0.563367682 -0.121458504 -0.009164627 -0.008291454 0.992519568
1520616738.858341455 0.698797966 -0.052217586 -0.595011871 -0.138221017 -0.050989881 0.000211424 0.989087932
1520616738.908343554 0.714748077 -0.031396211 -0.619864854 -0.153593653 -0.086158894 0.011234854 0.984306564
1520616738.958344460 0.748427759 -0.007449803 -0.644301999 -0.165219366 -0.114059002 0.018736678 0.979460077
1520616739.008346558 0.758829022 -0.006903334 -0.675108725 -0.178983552 -0.131517499 0.026040759 0.974674261
1520616739.058348656 0.786049445 -0.003795879 -0.697763579 -0.187223244 -0.143775032 0.030974400 0.971244966
1520616739.108448744 0.824703232 -0.000246503 -0.721858714 -0.190994630 -0.155169126 0.036256943 0.968570610
1520616739.158450842 0.851352678 0.015709714 -0.737960037 -0.186783456 -0.162463015 0.039540656 0.968067274
1520616739.208452940 0.884973764 0.020300769 -0.753258893 -0.180042056 -0.163735954 0.034481613 0.969322657
1520616739.258454800 0.932316744 0.028202315 -0.754133031 -0.172719509 -0.156185454 0.021164320 0.972278842
1520616739.308455706 0.962021402 0.039101831 -0.768294113 -0.168217610 -0.130260171 -0.000682642 0.977105244
1520616739.358456850 0.996997631 0.036895650 -0.773775713 -0.168835235 -0.094092702 -0.024066278 0.980847614
1520616739.408457756 1.018858469 0.024905516 -0.775850457 -0.175408499 -0.051942318 -0.037389926 0.982413277
1520616739.458460808 1.036350582 0.009694913 -0.777852148 -0.179501420 -0.014161008 -0.044557778 0.982646076
1520616739.508461952 1.056460564 0.000445161 -0.769843642 -0.178280752 0.018490315 -0.051000182 0.982483111
1520616739.558614969 1.064634518 -0.021081679 -0.762624959 -0.174047117 0.049987342 -0.065142178 0.981307986
1520616739.608616829 1.080502970 -0.037085384 -0.751886896 -0.165206384 0.074907082 -0.084493359 0.979773776
1520616739.658618927 1.092521101 -0.063477701 -0.734526225 -0.155279190 0.095056639 -0.103922902 0.977779443
1520616739.708699703 1.103191662 -0.087255244 -0.717149089 -0.142723215 0.102758683 -0.110946267 0.978141944
1520616739.758620739 1.102710043 -0.117956982 -0.691277969 -0.130010192 0.098911137 -0.105278731 0.980933395
1520616739.808622837 1.099459939 -0.149389444 -0.671167957 -0.118237325 0.082874529 -0.089157720 0.985496143
1520616739.858624935 1.097735964 -0.175687895 -0.652410006 -0.109152956 0.059218073 -0.069801681 0.989801282
1520616739.908625841 1.094584591 -0.199701488 -0.641752706 -0.106799563 0.031022437 -0.046517770 0.992707187
1520616739.958545208 1.091347704 -0.236036273 -0.625457154 -0.110512709 0.003733439 -0.024183976 0.993573418
1520616740.008546352 1.091258429 -0.260956164 -0.612816023 -0.113603268 -0.019171852 -0.007209810 0.993315034
1520616740.058548212 1.084623264 -0.287066922 -0.596950884 -0.114958705 -0.038957922 0.008901100 0.992566142
1520616740.108549118 1.071960930 -0.308588572 -0.578917030 -0.112452287 -0.059385895 0.025298765 0.991558254
1520616740.158551455 1.055927057 -0.326952870 -0.561137700 -0.105901078 -0.074321043 0.039456533 0.990810035
1520616740.208552361 1.056908881 -0.347496828 -0.536320885 -0.097471104 -0.074525388 0.043799129 0.991477174
1520616740.258554459 1.067033285 -0.369779469 -0.510437366 -0.087006831 -0.056700684 0.035186036 0.993970214
1520616740.308556318 1.079398780 -0.391612382 -0.477242115 -0.073207738 -0.023584435 0.019669187 0.996843781
1520616740.358345270 1.083567734 -0.406749633 -0.443442735 -0.057828773 0.015576861 0.005774760 0.998188282
1520616740.408347130 1.088494140 -0.429593915 -0.412012639 -0.046764939 0.050328536 -0.003337898 0.997631664
1520616740.458349228 1.089799006 -0.443902727 -0.382432871 -0.037917117 0.082470073 -0.010850630 0.995812856
1520616740.508350372 1.099515334 -0.458599046 -0.348825213 -0.032406248 0.109802199 -0.019936160 0.993224980
1520616740.558351278 1.108310577 -0.470181993 -0.317369420 -0.029579755 0.130108579 -0.030257992 0.990596411
1520616740.608353138 1.110464345 -0.482152013 -0.286141401 -0.028776788 0.141601421 -0.043565838 0.988545877
1520616740.658355236 1.112032515 -0.492473536 -0.256139782 -0.029645263 0.137298078 -0.057497340 0.988415121
1520616740.708357096 1.105638146 -0.505016973 -0.229113552 -0.031798113 0.118864886 -0.075301219 0.989540169
1520616740.758201122 1.091638162 -0.507421882 -0.197783351 -0.029045702 0.093940870 -0.102604875 0.989850342
1520616740.808203220 1.089888228 -0.509343294 -0.171598709 -0.025144151 0.067494948 -0.142190699 0.987215280
1520616740.858203888 1.076631013 -0.507470921 -0.146866061 -0.021904356 0.042236733 -0.187920929 0.981031081
1520616740.908206224 1.064679962 -0.496458186 -0.115664783 -0.015383623 0.014982479 -0.234927529 0.971775656
1520616740.958208084 1.051934215 -0.497053062 -0.089626178 -0.008406880 -0.014545768 -0.278087650 0.960408769
1520616741.008208990 1.030601521 -0.489354707 -0.065447778 -0.002710757 -0.047899384 -0.311399897 0.949067123
1520616741.058211088 1.006734291 -0.468093510 -0.046895118 -0.001011616 -0.084052667 -0.330936739 0.939901591
1520616741.108211994 0.976259363 -0.451040001 -0.024875838 -0.010346324 -0.117056783 -0.333608510 0.935358768
1520616741.158145189 0.940003381 -0.433970408 -0.013094409 -0.028907756 -0.146254788 -0.314754159 0.937391966
1520616741.208147049 0.905117712 -0.410463545 0.010317323 -0.047198855 -0.175035823 -0.280241819 0.942655426
1520616741.258147955 0.858239491 -0.391666848 0.019245426 -0.060659074 -0.199851128 -0.232239316 0.949971001
1520616741.308150053 0.814972942 -0.373802114 0.032792460 -0.063392360 -0.218995825 -0.178384849 0.957183934
1520616741.358150959 0.760082185 -0.359747043 0.039144927 -0.059952646 -0.233716768 -0.121947759 0.962762118
1520616741.408152819 0.711054963 -0.358881195 0.048910273 -0.060297330 -0.243351569 -0.066425220 0.965780480
1520616741.458155155 0.667184976 -0.350954769 0.059239349 -0.067117161 -0.242502201 -0.014573583 0.967716684
1520616741.508156061 0.624253127 -0.339139901 0.071215354 -0.076244339 -0.227114634 0.031642467 0.970363075
1520616741.558157921 0.589998759 -0.330248168 0.085307365 -0.085791804 -0.204243986 0.075682790 0.972212053
1520616741.608345032 0.564295509 -0.325893987 0.106937886 -0.091363201 -0.172627841 0.118099789 0.973604044
1520616741.658346891 0.539887606 -0.306412164 0.134732740 -0.087262215 -0.132477502 0.151334270 0.975670516
1520616741.708348036 0.518057157 -0.295505847 0.157618027 -0.080315317 -0.087139108 0.169931651 0.978304380
1520616741.758349895 0.502989754 -0.292356190 0.181937246 -0.071321126 -0.037182589 0.171963772 0.981814246
1520616741.808350801 0.493952596 -0.297903796 0.202470968 -0.060551420 0.007799999 0.158643319 0.985446591
1520616741.858352900 0.470772887 -0.298967739 0.220392240 -0.047374029 0.046578022 0.136677012 0.988385342
1520616741.908354998 0.449609818 -0.296560561 0.236515708 -0.037138512 0.073453089 0.111526611 0.990347005
1520616741.958355904 0.431497037 -0.304882398 0.245022852 -0.031419311 0.090114346 0.079639997 0.992244779
1520616742.008559942 0.414160264 -0.319190136 0.252154316 -0.028789461 0.100495728 0.043352834 0.993575517
1520616742.058561087 0.392737233 -0.331231000 0.258689988 -0.026489360 0.109758115 0.001652707 0.993603914
1520616742.108562946 0.368917303 -0.339104021 0.266517787 -0.023706112 0.108973300 -0.041535492 0.992893571
1520616742.158563852 0.333393436 -0.344775490 0.276224873 -0.022094997 0.093323813 -0.080659489 0.992117193
1520616742.208566189 0.293632511 -0.338630732 0.283567140 -0.015576782 0.053369372 -0.107420992 0.992657949
1520616742.258568048 0.249689151 -0.327174793 0.294014219 -0.006579117 0.002662201 -0.122898086 0.992393918
1520616742.308569908 0.206276958 -0.331858920 0.287806042 -0.000133721 -0.053768571 -0.128070520 0.990306450
1520616742.358571053 0.156256043 -0.340766605 0.280279146 0.008919614 -0.110309861 -0.120171931 0.986565194
1520616742.408459902 0.109154696 -0.345174592 0.267851411 0.021917956 -0.159549931 -0.099748935 0.981892852
1520616742.458460808 0.066250766 -0.369432331 0.261571083 0.027352726 -0.197857816 -0.069300612 0.977395282
1520616742.508462667 0.012715632 -0.378540238 0.246450050 0.033081053 -0.225657223 -0.031086220 0.973148554
1520616742.558463812 -0.032193670 -0.387143092 0.226955562 0.033209294 -0.249770325 0.016708991 0.967591204
1520616742.608464718 -0.072350729 -0.396416311 0.214549213 0.029043413 -0.269462905 0.069071872 0.960091298
1520616742.658466816 -0.108929147 -0.402122551 0.196112898 0.021977400 -0.278421075 0.119819019 0.952702525
1520616742.708468914 -0.133975008 -0.405340801 0.180007052 0.015520059 -0.273626783 0.165939642 0.947286412
1520616742.758469820 -0.162157318 -0.409718859 0.168735988 0.010176496 -0.249601755 0.202961790 0.946785041
1520616742.808308840 -0.181509614 -0.405624701 0.156413896 0.009531778 -0.211681021 0.228977140 0.950089343
1520616742.858310699 -0.199743049 -0.404428670 0.142318902 0.008071818 -0.162728764 0.246965854 0.955228801
1520616742.908311605 -0.211046539 -0.386198781 0.127209044 0.012938121 -0.108675474 0.261663360 0.958934061
1520616742.958312750 -0.220989880 -0.377740865 0.111084942 0.016095743 -0.052006989 0.274287871 0.960105392
1520616743.008314610 -0.220602166 -0.372371361 0.094535501 0.018376136 0.007969194 0.276489699 0.960808127
1520616743.058316708 -0.224457234 -0.353148366 0.074100227 0.028098011 0.069128641 0.264117771 0.961599468
1520616743.108317852 -0.235482322 -0.347330242 0.040960640 0.034568366 0.130457020 0.239854408 0.961382264
1520616743.158319712 -0.232509536 -0.350753011 0.004074219 0.034965378 0.181326637 0.204479282 0.961294074
1520616743.208206177 -0.225200713 -0.345744683 -0.025227736 0.033811215 0.219143285 0.157845037 0.962246313
1520616743.258208036 -0.229405840 -0.339318154 -0.061432758 0.028275994 0.246117865 0.106132014 0.962996604
1520616743.308209181 -0.239641222 -0.348794272 -0.090859770 0.023347826 0.259043356 0.062431818 0.963563016
1520616743.358211279 -0.257056094 -0.372824359 -0.117139350 0.039417754 0.256113247 0.032876584 0.965283055
1520616743.408211946 -0.279046282 -0.398131477 -0.139336234 0.076637897 0.241678291 0.017756859 0.967162308
1520616743.458214283 -0.304101901 -0.413178737 -0.162386420 0.122291410 0.222009624 0.012551161 0.967263670
1520616743.508216143 -0.334275478 -0.455305903 -0.188346851 0.159794032 0.203535201 0.013125570 0.965850407
1520616743.558217049 -0.367447771 -0.493733368 -0.213538124 0.190488330 0.189781462 0.013112071 0.963081132
1520616743.608169317 -0.399820045 -0.524916490 -0.241971010 0.216948740 0.178185485 0.014081508 0.959679576
1520616743.658170462 -0.432594991 -0.554707397 -0.269586417 0.239346638 0.168576853 0.011275191 0.956121280
1520616743.708172321 -0.462133326 -0.560036169 -0.296492938 0.260166270 0.162277453 0.008588536 0.951790827
1520616743.758173227 -0.502434791 -0.574360563 -0.318322836 0.267964893 0.159412209 0.010647335 0.950089047
1520616743.808175564 -0.538479781 -0.565658731 -0.341090065 0.261440037 0.154433504 0.020963777 0.952554418
1520616743.858177423 -0.572834073 -0.565440104 -0.364664706 0.233489080 0.151284099 0.031386225 0.960005664
1520616743.908178329 -0.617138708 -0.550935433 -0.383809334 0.201443038 0.145977025 0.042436306 0.967631423
1520616743.958180428 -0.664982094 -0.534960698 -0.406262652 0.168859724 0.136158048 0.049640586 0.974927275
1520616744.008182287 -0.707769762 -0.518990917 -0.425388663 0.135225671 0.122443587 0.054917562 0.981685106
1520616744.058113337 -0.757811541 -0.502898517 -0.446614086 0.097840426 0.107334294 0.057961136 0.987697883
1520616744.108115435 -0.805884953 -0.495587846 -0.473711557 0.051123347 0.092997790 0.059885340 0.992548014
1520616744.158116341 -0.840669611 -0.462997533 -0.503559588 0.004600456 0.078194059 0.061596997 0.995022781
1520616744.208118439 -0.869807029 -0.443215875 -0.532017697 -0.042937793 0.064246976 0.062782086 0.995031196
1520616744.258119583 -0.901142984 -0.417628415 -0.564349051 -0.082319206 0.052863736 0.063700368 0.993162241
1520616744.308121443 -0.933626172 -0.376691944 -0.589420362 -0.109708270 0.042814886 0.063449099 0.991012206
1520616744.358123302 -0.962939201 -0.364782082 -0.618833159 -0.142496564 0.035121626 0.066112270 0.986960166
1520616744.408124447 -0.984530872 -0.356344193 -0.654499973 -0.181090903 0.024012556 0.069163710 0.980737408
1520616744.458283901 -1.007086531 -0.346278896 -0.689025788 -0.221686442 0.007712350 0.075094884 0.972191545
1520616744.508284807 -1.026522455 -0.339952443 -0.714394099 -0.263318859 -0.010004999 0.077262941 0.961557859
1520616744.558285952 -1.056283600 -0.329757155 -0.743315257 -0.296288171 -0.023840349 0.078675045 0.951554094
1520616744.608300924 -1.090400352 -0.310638990 -0.767291398 -0.319450429 -0.033155116 0.080766959 0.943572393
1520616744.658289671 -1.103464039 -0.306355320 -0.790317025 -0.341515631 -0.043835817 0.081231835 0.935332499
1520616744.708290815 -1.134592598 -0.299327587 -0.813207477 -0.365015651 -0.050465517 0.080011836 0.926182980
1520616744.758292913 -1.160526622 -0.286990245 -0.834420376 -0.386163663 -0.057941002 0.077296398 0.917358018
1520616744.808293819 -1.166440676 -0.293033986 -0.851438814 -0.406198043 -0.064001061 0.072760336 0.908632460
1520616744.859205723 -1.187928736 -0.287510366 -0.858443244 -0.402837192 -0.061564818 0.071418385 0.910401771
1520616744.909206867 -1.205219670 -0.285207640 -0.857912713 -0.374727149 -0.053821735 0.071922081 0.922772994
1520616744.959208727 -1.219359935 -0.282452027 -0.852627418 -0.332459476 -0.043500530 0.074328699 0.939177111
1520616745.009209633 -1.220752839 -0.299253162 -0.848612476 -0.293870525 -0.038689586 0.078645727 0.951818302
1520616745.059211969 -1.232082405 -0.305682468 -0.841985744 -0.256374273 -0.036351486 0.086154979 0.962043721
1520616745.109213829 -1.224530678 -0.324343244 -0.841933066 -0.222899137 -0.037851210 0.090174699 0.969923597
1520616745.159214735 -1.224895073 -0.344855263 -0.837528409 -0.191754981 -0.036180591 0.090642716 0.976578154
1520616745.209216833 -1.214694296 -0.386172834 -0.834354593 -0.163403204 -0.035128120 0.088707637 0.981935010
1520616745.259242058 -1.199705860 -0.414267430 -0.834037011 -0.125886164 -0.035043316 0.089210069 0.987403769
1520616745.309243917 -1.180914011 -0.449722569 -0.830965096 -0.084685445 -0.033945165 0.089188947 0.991827320
1520616745.359245062 -1.162264754 -0.483492514 -0.826674573 -0.036687209 -0.031368207 0.090179860 0.994755084
1520616745.409247160 -1.135798395 -0.514707360 -0.825582594 0.012350465 -0.028473313 0.090294726 0.995431363
1520616745.459249258 -1.119322195 -0.524773357 -0.826514117 0.062714547 -0.023943255 0.088066074 0.993850076
1520616745.509250164 -1.089482631 -0.554150597 -0.829376945 0.102759252 -0.022054951 0.083966398 0.990910571
1520616745.559252024 -1.065462759 -0.576395233 -0.831879512 0.132651067 -0.022876565 0.079090443 0.987737343
1520616745.609254122 -1.038938532 -0.594873219 -0.837598006 0.144903811 -0.027003467 0.076099861 0.986145278
1520616745.658396721 -1.002936539 -0.598806068 -0.847859413 0.141587771 -0.035537839 0.075646552 0.986391182
1520616745.708398581 -0.972956039 -0.599912554 -0.849254617 0.124241041 -0.043270366 0.072532946 0.988651006
1520616745.758399725 -0.941977930 -0.598467158 -0.853289006 0.095552732 -0.050055124 0.069858257 0.991707610
1520616745.808401823 -0.910107338 -0.581853580 -0.853768793 0.054864605 -0.056878905 0.069551634 0.994443179
1520616745.858402729 -0.886215723 -0.566184899 -0.858526281 0.002333458 -0.061085472 0.067262734 0.995860856
1520616745.908404827 -0.852148104 -0.545980781 -0.866393060 -0.054142213 -0.066404596 0.066025468 0.994132631
1520616745.958405733 -0.829487511 -0.506715695 -0.869702859 -0.104095863 -0.065413419 0.061548328 0.990503377
1520616746.008407593 -0.812633914 -0.478196934 -0.866567859 -0.149154396 -0.061707966 0.059468323 0.985093200
1520616746.058375835 -0.780360026 -0.447388009 -0.863328385 -0.180474996 -0.058091447 0.057688008 0.980166442
1520616746.108376741 -0.743696978 -0.418639848 -0.858382147 -0.200630386 -0.057275135 0.055783175 0.976399122
1520616746.158377886 -0.701092728 -0.388157557 -0.856058144 -0.215946706 -0.056513286 0.056548444 0.973126683
1520616746.208379745 -0.648443858 -0.373283598 -0.853774053 -0.237149235 -0.050979560 0.055865454 0.968524845
1520616746.258422613 -0.595338573 -0.348116668 -0.850085820 -0.260233928 -0.036564812 0.051044337 0.963501838
1520616746.308382750 -0.520944017 -0.309010632 -0.855215612 -0.279878488 -0.014609763 0.042109820 0.959000182
1520616746.358384848 -0.464957366 -0.285340157 -0.852895897 -0.294851418 0.013671043 0.035843032 0.954772759
1520616746.408385515 -0.403787940 -0.274499972 -0.846723979 -0.303954760 0.044120787 0.028567982 0.951235371
1520616746.458387852 -0.338812207 -0.264595384 -0.837317050 -0.304056992 0.079193555 0.019013691 0.949166058
1520616746.508872509 -0.265145747 -0.250167040 -0.831255945 -0.294178364 0.115226103 0.011282757 0.948712145
1520616746.558874369 -0.204788121 -0.259363026 -0.817552816 -0.282979105 0.150023804 0.007804005 0.947288120
1520616746.608875275 -0.134903884 -0.264762389 -0.809234189 -0.265214892 0.179189616 0.005361717 0.947377113
1520616746.658877611 -0.076206302 -0.284191207 -0.794184757 -0.242108280 0.202810249 -0.003298883 0.948810150
1520616746.708879471 -0.016599431 -0.312061050 -0.781396176 -0.212492554 0.217343635 -0.015040338 0.952566243
1520616746.758880377 0.037326380 -0.342164851 -0.763939677 -0.176867641 0.226717451 -0.027939597 0.957359083
1520616746.808882475 0.076060780 -0.370823145 -0.741130086 -0.139241775 0.231982521 -0.040556387 0.961847710
1520616746.858883381 0.116543812 -0.408499723 -0.722135169 -0.107701348 0.231157110 -0.052149501 0.965529513
1520616746.909001112 0.150008073 -0.444464121 -0.704098247 -0.084538902 0.225349366 -0.059601635 0.968771636
1520616746.959002018 0.178069749 -0.482782278 -0.682330072 -0.068983369 0.211043378 -0.057360364 0.973350798
1520616747.009004116 0.193640518 -0.499228616 -0.667533861 -0.051349511 0.189582121 -0.051957554 0.979143636
1520616747.059005976 0.200860114 -0.525712803 -0.640710870 -0.033315569 0.162901910 -0.043778898 0.985107329
1520616747.109007120 0.210204846 -0.542396281 -0.618010391 -0.013705511 0.136991140 -0.036189662 0.989816092
1520616747.159009218 0.218334382 -0.554164020 -0.589771401 0.001659928 0.118347134 -0.030172778 0.992512370
1520616747.209011078 0.209962318 -0.573215708 -0.558948441 0.004797925 0.107352750 -0.022502585 0.993954728
1520616747.259012222 0.205021698 -0.574998457 -0.531480873 0.001800810 0.097409855 -0.012925504 0.995158786
1520616747.308444977 0.197516536 -0.566948173 -0.505396993 -0.001694584 0.088916134 -0.007295360 0.996010957
1520616747.358445883 0.193921554 -0.559552414 -0.478698591 -0.005180294 0.079392771 -0.001896200 0.996828148
1520616747.408447981 0.184843899 -0.563925837 -0.455551785 -0.009382223 0.073417191 0.001181218 0.997256484
1520616747.458448887 0.176866685 -0.554507817 -0.433977334 -0.008984630 0.069546456 0.003881931 0.997530700
1520616747.508450985 0.164920802 -0.539294572 -0.412813564 -0.007188217 0.062658253 0.006059995 0.997990756
1520616747.558452129 0.150119535 -0.520139770 -0.392326213 -0.010846055 0.055158005 0.009633921 0.998372248
1520616747.608453989 0.141992215 -0.494064762 -0.380197806 -0.022202221 0.043180036 0.014731155 0.998711940
1520616747.658455849 0.146392300 -0.455305367 -0.370935306 -0.037176476 0.029830742 0.022300232 0.998614408
1520616747.708350420 0.151826108 -0.418165653 -0.362720569 -0.055026286 0.015649428 0.030623329 0.997892487
1520616747.758352280 0.154617319 -0.380048649 -0.347738502 -0.070673112 0.000922399 0.038482558 0.996756517
1520616747.808353424 0.158652085 -0.357150341 -0.344056987 -0.086218171 -0.012478410 0.042971484 0.995270902
1520616747.858355284 0.171928377 -0.325860186 -0.336954467 -0.095858264 -0.027799483 0.041805371 0.994128107
1520616747.908423185 0.193329190 -0.301531757 -0.332179921 -0.106605213 -0.043178907 0.039260795 0.992587276
1520616747.958358288 0.224131092 -0.272473581 -0.324729653 -0.113930612 -0.056513301 0.037719377 0.991162606
1520616748.008359194 0.264518525 -0.257697916 -0.314263141 -0.120204089 -0.068205275 0.036765832 0.989720815
1520616748.058361292 0.309891914 -0.239125742 -0.296265931 -0.121126328 -0.078680045 0.038332358 0.988771204
1520616748.108475208 0.361293294 -0.229993519 -0.276178697 -0.121693048 -0.080462607 0.040222932 0.988483023
1520616748.158477306 0.409155895 -0.226144439 -0.255986795 -0.119039191 -0.075798081 0.047104675 0.988870806
1520616748.208478212 0.466192439 -0.213937464 -0.225467699 -0.108839961 -0.068926206 0.051762801 0.990314926
1520616748.258480310 0.533886265 -0.208774865 -0.189809650 -0.097242610 -0.061631080 0.049862985 0.992098366
1520616748.308482409 0.593608613 -0.207595548 -0.159502471 -0.088473804 -0.050133842 0.041609207 0.993945500
1520616748.358483315 0.657555826 -0.207140260 -0.122327355 -0.083413019 -0.033245128 0.029059320 0.995536331
1520616748.408485174 0.715161361 -0.209509229 -0.088348700 -0.084387536 -0.008663886 0.018774942 0.996218441
1520616748.458486319 0.780286506 -0.206049775 -0.051244844 -0.085843882 0.021867585 0.010934089 0.996008575
1520616748.508488178 0.840725518 -0.204794815 -0.016688802 -0.084519134 0.057164100 0.004349596 0.994771261
1520616748.558605909 0.903969526 -0.210829043 0.011179190 -0.079688357 0.093422447 -0.004503034 0.992422156
1520616748.608607769 0.969935895 -0.213842896 0.043125781 -0.069696841 0.128819961 -0.013874552 0.989118428
1520616748.658610106 1.021792805 -0.214973235 0.075033248 -0.059426100 0.164018168 -0.022876516 0.984399941
1520616748.708611012 1.085943362 -0.214563284 0.099709208 -0.054263224 0.195647646 -0.027715657 0.978779517
1520616748.758613110 1.134365884 -0.215699787 0.128757777 -0.053028533 0.222357744 -0.027733354 0.973126852
1520616748.808614016 1.182909814 -0.209597969 0.152597201 -0.053701348 0.239116270 -0.025396521 0.969172116
1520616748.858615875 1.226573666 -0.205021751 0.173566144 -0.053789764 0.248132750 -0.020649348 0.967011067
1520616748.908617020 1.270435662 -0.195855998 0.198488657 -0.048763715 0.252216065 -0.012112664 0.966365583
1520616748.958832502 1.319841625 -0.180935196 0.228932778 -0.036316660 0.254552889 -0.004372106 0.966366810
1520616749.008834362 1.365904777 -0.176154418 0.257975414 -0.016558945 0.256702992 0.001775409 0.966346844
1520616749.058835506 1.412870122 -0.174248164 0.288018716 0.008688814 0.262230995 -0.000244934 0.964965984
1520616749.108837366 1.454211896 -0.175835737 0.322002147 0.030224925 0.271573246 -0.008906102 0.961901818
1520616749.158838272 1.504214604 -0.167959964 0.350343585 0.039042234 0.279248894 -0.021717322 0.959178877
1520616749.208840609 1.546277871 -0.160245928 0.388050569 0.032160486 0.286255089 -0.027814785 0.957209520
1520616749.258842468 1.590743574 -0.157180880 0.418443295 0.018508483 0.285464654 -0.023022507 0.957933887
1520616749.308843374 1.626522250 -0.155111156 0.456139268 0.010965443 0.276916452 -0.013414576 0.960737783
1520616749.358798504 1.660571765 -0.151844375 0.496012434 0.010138276 0.265337148 -0.005833845 0.964084737
1520616749.408799410 1.692402932 -0.151207727 0.538497096 0.011650749 0.254952316 -0.003827385 0.966875860
1520616749.458801270 1.716717407 -0.150129404 0.584145238 0.012168515 0.245751624 -0.003673616 0.969249489
1520616749.508802414 1.739730006 -0.141170509 0.633634033 0.017036603 0.238659208 -0.007896425 0.970921821
1520616749.558894396 1.769416481 -0.130219454 0.682892538 0.018291374 0.231827649 -0.012778158 0.972500944
1520616749.608805418 1.800092850 -0.115715378 0.730733960 0.017778312 0.224746553 -0.013162585 0.974166138
1520616749.658807278 1.829224328 -0.108953277 0.778100867 0.008648200 0.220154201 -0.013918906 0.975327432
1520616749.708808184 1.856800784 -0.096909790 0.832695634 -0.002998980 0.220866583 -0.020472349 0.975084530
1520616749.759188652 1.884496234 -0.089202852 0.884280209 -0.017713440 0.218535681 -0.024320137 0.975365019
1520616749.809189796 1.905839949 -0.087270029 0.933090492 -0.033538764 0.209672960 -0.021574136 0.976958012
1520616749.859191656 1.934832474 -0.089294522 0.979817337 -0.046962065 0.202419589 -0.021517751 0.977935510
1520616749.909193516 1.961702068 -0.087109619 1.026931369 -0.052957856 0.202168008 -0.023828844 0.977627612
1520616749.959194660 1.983939601 -0.081380122 1.078065455 -0.052941692 0.201931407 -0.020133845 0.977760458
1520616750.009196520 2.013834480 -0.080184988 1.126873690 -0.051340718 0.199748799 -0.014348504 0.978395967
1520616750.059197903 2.041779449 -0.073029279 1.178881026 -0.046997753 0.195853662 -0.005381546 0.979491497
1520616750.109199762 2.069786629 -0.067942253 1.223463090 -0.046969212 0.189753816 -0.002314206 0.980704862
1520616750.160124063 2.091393142 -0.048517099 1.279411040 -0.044179973 0.177970312 0.003348964 0.983037885
1520616750.210124969 2.113785161 -0.032192132 1.333065193 -0.044703412 0.164737604 0.002501252 0.985320694
1520616750.260126829 2.133464066 -0.024614897 1.384244378 -0.050124450 0.150678200 -0.003945680 0.987303424
1520616750.310127974 2.150269249 -0.014837921 1.436665964 -0.057390169 0.137486126 -0.010946358 0.988779101
1520616750.360129833 2.163650200 -0.007145990 1.487958550 -0.065820688 0.124366938 -0.008965682 0.990010161
1520616750.410130978 2.163943822 -0.005610629 1.546357497 -0.072116022 0.107411429 -0.002977558 0.991591246
1520616750.460133076 2.177469240 0.000091353 1.594558986 -0.073799924 0.087405036 0.001593693 0.993434140
1520616750.510133743 2.188283085 -0.022274046 1.635044752 -0.079958518 0.069529159 0.001041656 0.994369773
1520616750.560396671 2.187605943 -0.013325141 1.680681031 -0.080265558 0.053938645 -0.000342049 0.995312989
1520616750.610397816 2.192453990 -0.018247555 1.730689311 -0.084249030 0.038769083 -0.001786022 0.995688641
1520616750.660399675 2.211117118 0.005674193 1.783487771 -0.080404332 0.019009586 -0.003993970 0.996573042
1520616750.710400581 2.209475433 0.011492296 1.833008329 -0.080664290 0.000661095 -0.004277208 0.996731930
1520616750.760402679 2.201062964 0.027817329 1.886971844 -0.079376999 -0.015736035 -0.004657445 0.996709575
1520616750.810403585 2.192064167 0.027687243 1.938971156 -0.082155668 -0.031848350 -0.005302298 0.996096388
1520616750.860408783 2.186855753 0.056630492 1.989045614 -0.075923135 -0.049795711 -0.006407642 0.995848888
1520616750.910406828 2.171149053 0.066623182 2.029587757 -0.074430529 -0.070084873 -0.007285283 0.994733699
1520616750.960407734 2.157536125 0.062809519 2.077914355 -0.072713965 -0.090026228 -0.011567506 0.993214051
1520616751.010886908 2.144171322 0.052117076 2.124541593 -0.073969813 -0.111632790 -0.014676809 0.990884039
1520616751.060889244 2.126400026 0.057125178 2.166779653 -0.073697419 -0.136896605 -0.012567531 0.987760126
1520616751.110890150 2.097036972 0.061736459 2.206357916 -0.074860617 -0.162924134 -0.007989063 0.983762059
1520616751.160892010 2.063282042 0.081770412 2.240623333 -0.071644536 -0.190294772 -0.004202539 0.979100250
1520616751.210893154 2.037091117 0.083885608 2.273736777 -0.074198467 -0.219826807 -0.001814521 0.972711401
1520616751.260895014 2.006742105 0.099506717 2.315653310 -0.072538282 -0.253368793 0.000607007 0.964646093
1520616751.310896158 1.970829930 0.113355827 2.341518611 -0.070823210 -0.287279706 0.004340063 0.955214953
1520616751.360898256 1.929831543 0.120003588 2.366523048 -0.068611786 -0.320496589 0.003670435 0.944754406
1520616751.413729191 1.898754918 0.125172748 2.388241278 -0.067698544 -0.354807172 0.002647802 0.932481510
1520616751.463731050 1.854812502 0.124035389 2.413531752 -0.073839405 -0.390865944 0.003275133 0.917475247
1520616751.513732910 1.809382385 0.130581155 2.424149781 -0.081543581 -0.427850116 0.003719297 0.900156147
1520616751.563734055 1.764606065 0.114420370 2.455081755 -0.094829309 -0.464010095 0.005897057 0.880719739
1520616751.613735914 1.717969593 0.118742855 2.468351471 -0.099345484 -0.494312696 0.003405481 0.863581980
1520616751.663736820 1.666561763 0.133299026 2.481227680 -0.098733842 -0.522104513 0.001538249 0.847145879
1520616751.713739157 1.616578073 0.143544744 2.504739342 -0.094380752 -0.548658790 -0.000962724 0.830701438
1520616751.763740063 1.562742633 0.141988849 2.535661971 -0.090709329 -0.572831741 -0.002951737 0.814632986
1520616751.816834211 1.507832072 0.164186417 2.558156349 -0.089233292 -0.596905171 0.004473252 0.797321532
1520616751.866836071 1.462551650 0.164520825 2.570087951 -0.088985630 -0.612280102 0.006464089 0.785590765
1520616751.916836977 1.414632033 0.164982773 2.588038375 -0.088694920 -0.620153610 0.007674764 0.779412477
1520616751.966839075 1.366731808 0.163310988 2.607756182 -0.086974775 -0.627301998 0.010293377 0.773835666
1520616752.016839981 1.309491603 0.159086146 2.617338886 -0.082771794 -0.632839739 0.016037948 0.769678816
1520616752.066841841 1.260594332 0.155715954 2.629602875 -0.075628141 -0.638466589 0.024044477 0.765547296
1520616752.116842985 1.212104235 0.157094681 2.635631716 -0.069027088 -0.644813520 0.036618448 0.760335370
1520616752.166845083 1.162298508 0.154255388 2.652307039 -0.067376238 -0.652900526 0.049363582 0.752824404
1520616752.217440605 1.110330014 0.166353258 2.667512600 -0.063778947 -0.661688551 0.059272104 0.744706201
1520616752.267441511 1.045692020 0.179704625 2.677057027 -0.059115602 -0.666794868 0.061432582 0.740348558
1520616752.317443371 0.982035910 0.195241758 2.689424978 -0.057271811 -0.672256637 0.059380688 0.735707067
1520616752.367445707 0.919515200 0.198713215 2.704068506 -0.059844785 -0.677208532 0.059716291 0.730918033
1520616752.417446613 0.852471749 0.210715204 2.709684421 -0.060481586 -0.680483699 0.057863134 0.727966875
1520616752.467448711 0.793669726 0.210367318 2.721860377 -0.062506653 -0.684723981 0.054954773 0.724034503
1520616752.517449617 0.735497626 0.195227660 2.722868612 -0.066261513 -0.692699903 0.054373672 0.716114349
1520616752.567450523 0.685280348 0.196424341 2.728470678 -0.068433455 -0.704016238 0.057636738 0.704525376
1520616752.617172480 0.632273843 0.191291707 2.723924055 0.071229452 0.714147920 -0.059584714 -0.693807448
1520616752.667174816 0.573306269 0.186173692 2.709452180 0.071557876 0.720886358 -0.055779114 -0.687088801
1520616752.717175722 0.514411689 0.190465261 2.700178996 0.066224306 0.725952207 -0.051029693 -0.682644640
1520616752.767177582 0.450651356 0.189963105 2.690546656 0.061947973 0.727942028 -0.048855748 -0.681084407
1520616752.817178726 0.379105891 0.180112697 2.679447810 0.061646747 0.728137105 -0.051428833 -0.680713677
1520616752.867180586 0.305132746 0.188178020 2.663141680 0.060437703 0.727329732 -0.056775526 -0.681260071
1520616752.917181730 0.228538506 0.192687940 2.673270471 0.057749156 0.727399308 -0.060440019 -0.681103727
1520616752.967183828 0.165876577 0.176320902 2.671986384 0.058582727 0.726128032 -0.061366110 -0.682305171
1520616753.017464638 0.107318827 0.166567352 2.651992730 0.062686037 0.725235521 -0.065008095 -0.682552450
1520616753.067466497 0.040442411 0.159265708 2.638888420 0.062977326 0.725393236 -0.065915718 -0.682270934
1520616753.117468596 -0.025465933 0.153061549 2.637817608 0.058599016 0.725596368 -0.064689444 -0.682562335
1520616753.167469740 -0.085038721 0.136889734 2.633634041 0.057503869 0.725768022 -0.065159024 -0.682428300
1520616753.217471600 -0.132239274 0.132995603 2.602516024 0.057611420 0.724434939 -0.067242313 -0.683632514
1520616753.267472506 -0.186104346 0.104254379 2.586623309 0.061139239 0.724046544 -0.069837987 -0.683477323
1520616753.317474604 -0.245613334 0.083754993 2.559275999 0.062657912 0.722911378 -0.071367645 -0.684382777
1520616753.367475510 -0.310847392 0.089677208 2.545059286 0.060774265 0.723514358 -0.072566251 -0.683789151
1520616753.417477369 -0.376131635 0.082605361 2.522978657 0.061212473 0.723743386 -0.073223575 -0.683437526
1520616753.467479706 -0.440847420 0.094581189 2.488745321 0.059479238 0.722965306 -0.075465890 -0.684169778
1520616753.517480612 -0.501037473 0.093246349 2.472481065 0.062429931 0.724410005 -0.078393907 -0.682046218
1520616753.567482471 -0.562194944 0.083209742 2.453323554 0.068580806 0.728022609 -0.081899152 -0.677179653
1520616753.617483616 -0.619049715 0.091242243 2.440001375 0.073180067 0.734229156 -0.086183163 -0.669421158
1520616753.667485476 -0.679934545 0.081137456 2.425197989 0.076977585 0.739285322 -0.086791636 -0.663324110
1520616753.717486382 -0.740314297 0.079042289 2.407171507 0.077193861 0.740394119 -0.088041320 -0.661896051
1520616753.767488718 -0.798776840 0.090175066 2.393219846 0.069911552 0.738394238 -0.089172753 -0.664781576
1520616753.817489386 -0.864738681 0.102890732 2.389833763 0.062465033 0.734050334 -0.092658254 -0.669837797
1520616753.867492437 -0.934840967 0.096198297 2.391087011 0.063764575 0.728939226 -0.101122989 -0.674059214
1520616753.917493582 -1.002986853 0.099407768 2.383859616 0.068261262 0.716757835 -0.115442368 -0.684303781
1520616753.967494488 -1.068857708 0.094638775 2.371873487 -0.072857599 -0.694774657 0.128734526 0.703851808
1520616754.017496586 -1.131072536 0.090632211 2.370629572 -0.078146453 -0.666171427 0.143046260 0.727768184
1520616754.067498684 -1.184534528 0.091968723 2.393140384 -0.084333755 -0.634936674 0.158882423 0.751331893
1520616754.117499590 -1.234436456 0.085276281 2.418142031 -0.092304115 -0.597283169 0.172991089 0.777693287
1520616754.167500734 -1.275454953 0.081095292 2.450538977 -0.100158501 -0.555275277 0.181973910 0.805309343
1520616754.217502594 -1.319911670 0.091890600 2.481174960 -0.107277580 -0.511175857 0.191685319 0.830931708
1520616754.266214132 -1.366060941 0.089653463 2.506517868 -0.114948502 -0.467328504 0.204600862 0.852366939
1520616754.316215038 -1.406590437 0.104461734 2.538708962 -0.113552799 -0.422035911 0.217954552 0.872632377
1520616754.366217136 -1.435435870 0.092740244 2.577784629 -0.111158919 -0.380780656 0.230239006 0.888616783
1520616754.416219234 -1.466453854 0.104263268 2.620250573 -0.100656829 -0.341806283 0.237171665 0.903762286
1520616754.466228008 -1.492665506 0.112695927 2.660974394 -0.091875110 -0.304593843 0.239332851 0.917333822
1520616754.516221285 -1.510486615 0.125106961 2.705170661 -0.086874494 -0.268843305 0.241569723 0.928342700
1520616754.566223145 -1.519830088 0.104261824 2.743538563 -0.092790224 -0.233245629 0.245149430 0.936423093
1520616754.616225004 -1.533224239 0.115352718 2.781730041 -0.094956832 -0.199353161 0.241010057 0.945069135
1520616754.665355206 -1.544814126 0.113045484 2.827585299 -0.096160797 -0.167197972 0.237555756 0.952032144
1520616754.715357065 -1.546738620 0.123875230 2.869473085 -0.094816871 -0.137882995 0.229886488 0.958723236
1520616754.765357971 -1.551420777 0.128868793 2.909691664 -0.093465677 -0.107275078 0.225708761 0.963748816
1520616754.815360069 -1.546614311 0.130090838 2.955135093 -0.090316106 -0.075264446 0.222333478 0.967856440
1520616754.865360975 -1.556252984 0.152367940 3.006452931 -0.082599241 -0.040952346 0.215793537 0.972076859
1520616754.915362835 -1.560536350 0.154864772 3.058856949 -0.077686825 -0.009604560 0.211605731 0.974215338
1520616754.965363979 -1.564665250 0.169941677 3.099061500 -0.069784992 0.019724037 0.206157873 0.975827827
1520616755.015366077 -1.563957368 0.178481578 3.142929944 -0.065712604 0.048689455 0.202227673 0.975917598
1520616755.062586546 -1.573709823 0.184947539 3.191387466 -0.063015286 0.075015497 0.201934751 0.974486586
1520616755.112587690 -1.568280697 0.180805782 3.225185119 -0.067911100 0.100073377 0.200249954 0.972251695
1520616755.162589550 -1.557914307 0.186597100 3.263903029 -0.071556080 0.130376530 0.196074138 0.969245387
1520616755.212590456 -1.545914796 0.187299113 3.311294000 -0.072835184 0.163397230 0.192316030 0.964889074
1520616755.262592554 -1.526899405 0.181989185 3.348495293 -0.071029369 0.193275742 0.195968650 0.958746893
1520616755.312594414 -1.508717480 0.176019762 3.385824313 -0.068832079 0.223286504 0.199884481 0.951552140
1520616755.362595320 -1.488289018 0.183155439 3.430518364 -0.061627261 0.252573184 0.204144741 0.943786942
1520616755.412597656 -1.472352630 0.195095715 3.475746618 -0.052964762 0.279861541 0.207271481 0.935901055
1520616755.460412025 -1.446533191 0.201264050 3.520739407 -0.049226320 0.303225182 0.211728972 0.927794212
1520616755.510414124 -1.415981337 0.206870857 3.553279315 -0.046168532 0.321818479 0.217991218 0.920207130
1520616755.560415983 -1.395204946 0.210317172 3.592415551 -0.043118536 0.340983866 0.224493812 0.911851591
1520616755.610416889 -1.359289302 0.217292018 3.625392502 -0.042812983 0.358661649 0.221036269 0.905909398
1520616755.660419226 -1.323428125 0.217207020 3.656961118 -0.041390505 0.377792145 0.214202822 0.899820578
1520616755.710420132 -1.278472262 0.221296954 3.687183417 -0.035772406 0.397344805 0.206845145 0.893337857
1520616755.760421038 -1.235730653 0.219494504 3.714402623 -0.030800699 0.417197770 0.202084796 0.885527567
1520616755.810423136 -1.190305844 0.227658550 3.738739356 -0.026990818 0.439209503 0.197298657 0.876036385
1520616755.860424995 -1.148523444 0.228937454 3.758568170 -0.026578357 0.463468481 0.192474957 0.864548408
1520616755.909451962 -1.102282743 0.234407993 3.784630121 -0.023237873 0.487953975 0.188038376 0.852057796
1520616755.959454060 -1.055336349 0.256591093 3.804779663 -0.020455983 0.509486010 0.183006351 0.840544011
1520616756.009454966 -1.014877200 0.266854258 3.815499103 -0.022351782 0.528221194 0.179279831 0.829663492
1520616756.059456825 -0.967628170 0.284295927 3.834764280 -0.021343163 0.549799174 0.168646957 0.817816325
1520616756.109493971 -0.920958910 0.287608693 3.846815180 -0.021793854 0.568803092 0.161530553 0.806161244
1520616756.159459829 -0.860258317 0.300196569 3.854278808 -0.023659742 0.591335321 0.146777308 0.792602786
1520616756.209461927 -0.798407326 0.311119245 3.854332771 -0.024394869 0.617480559 0.130499276 0.775301611
1520616756.259463072 -0.735174889 0.305804652 3.850479734 -0.027528627 0.645077296 0.119712130 0.754179331
1520616756.309029579 -0.695923293 0.287015804 3.848621266 -0.028464489 0.670402050 0.118248715 0.731961820
1520616756.359030724 -0.653538579 0.277321068 3.838055606 -0.026581545 0.691669340 0.122216597 0.711301659
1520616756.409032583 -0.597568888 0.286580138 3.827987860 -0.017429475 0.710226845 0.124542949 0.692649331
1520616756.459033489 -0.538877100 0.298877428 3.811950818 -0.005134611 0.727767985 0.123599100 0.674574427
1520616756.509035587 -0.484742381 0.312996491 3.798670681 0.008476710 0.745055105 0.118557784 0.656326967
1520616756.559036493 -0.426941617 0.309463360 3.784504016 0.016706042 0.759890167 0.117083135 0.639202144
1520616756.609038353 -0.372013474 0.320349154 3.762836023 0.026190719 0.771278876 0.113379826 0.625769891
1520616756.659040689 -0.320598136 0.319984560 3.739934003 0.028373268 0.783048164 0.114262807 0.610716417
1520616756.709247589 -0.267489315 0.323464012 3.705745720 0.024514524 0.794318245 0.113001605 0.596396011
1520616756.759249687 -0.216991165 0.321107448 3.672385491 0.021502662 0.807248497 0.111545291 0.579176267
1520616756.809250593 -0.166680186 0.308564318 3.628086758 0.022345985 0.817011663 0.105979547 0.566357604
1520616756.859252691 -0.117904253 0.297986129 3.590068751 0.024455706 0.828485913 0.099180792 0.550614366
1520616756.909253836 -0.073715701 0.282795534 3.547643726 0.023653077 0.840728339 0.094262379 0.532664055
1520616756.959255695 -0.075478430 0.282593140 3.538865881 0.023653077 0.840728339 0.094262379 0.532664055
1520616757.009257555 -0.025871454 0.286425213 3.481708875 0.024607360 0.854955296 0.085977809 0.510934180
1520616757.059258699 -0.027634183 0.286222819 3.472931031 0.024607360 0.854955296 0.085977809 0.510934180
1520616757.111738443 -0.029396912 0.286020425 3.464153186 0.024607360 0.854955296 0.085977809 0.510934180
1520616757.161740303 0.022507717 0.303070221 3.421627831 0.039895750 0.873772423 0.074549328 0.478928470
1520616757.211741209 0.071941590 0.273038599 3.381543408 0.049342002 0.892233392 0.064903164 0.444153714
1520616757.261743546 0.117853713 0.249325001 3.327732877 0.052148387 0.909919543 0.052628189 0.408114254
1520616757.311744452 0.183748629 0.174659758 3.293267409 0.059781535 0.928862699 0.056164464 0.361228193
1520616757.361746311 0.181985900 0.174457364 3.284489565 0.059781535 0.928862699 0.056164464 0.361228193
1520616757.411747456 0.217782799 0.145087730 3.236278194 0.063500879 0.943379253 0.058411194 0.320298853
1520616757.461749315 0.223475951 0.155462626 3.155671343 0.066387677 0.953783087 0.048634363 0.289007262
1520616757.517491102 0.221713222 0.155260232 3.146893499 0.066387677 0.953783087 0.048634363 0.289007262
1520616757.567495108 0.252905651 0.134391711 3.092684544 0.070805833 0.962695820 0.042284806 0.257711635
1520616757.617495060 0.269908917 0.138528291 3.032101675 0.076519199 0.968516578 0.034670560 0.234346757
1520616757.667497158 0.267372850 0.142566884 2.954389699 0.081067166 0.972448292 0.026517929 0.216954450
1520616757.717498064 0.275284909 0.130578384 2.898636099 0.087754198 0.976533150 0.023039119 0.195323851
1520616757.767558098 0.284910927 0.130600788 2.828323309 0.094146670 0.980215945 0.017182267 0.173256673
1520616757.817501068 0.283099922 0.123498971 2.769007310 0.093346311 0.984463130 0.010422759 0.148358278
1520616757.867501974 0.285046787 0.110854979 2.712283109 0.095333898 0.987803740 0.005252659 0.122994428
1520616757.917504072 0.271850475 0.109062222 2.647371256 0.100952357 0.989754101 -0.004421957 0.100875603
1520616757.967064142 0.254751673 0.100174400 2.584028204 0.107464625 0.991341790 -0.016113557 0.073709999
1520616758.017066002 0.237522921 0.105332882 2.519220125 0.113566898 0.992176561 -0.032646507 0.040279488
1520616758.067067146 0.223187934 0.101967745 2.448828395 0.118829308 0.991665485 -0.049659629 0.003616996
1520616758.117069244 0.198976184 0.091766282 2.367906186 0.122576012 0.990155840 -0.058138156 -0.034445451
1520616758.167070389 0.170627660 0.089081771 2.301213185 0.125125971 0.987132990 -0.066091343 -0.074457268
1520616758.217072248 0.140390574 0.074019216 2.241618597 0.121981188 0.982143537 -0.073270404 -0.123069531
1520616758.267074108 0.103336868 0.071128678 2.163830991 0.121631579 0.973326643 -0.092865793 -0.170929665
1520616758.317075253 0.056343593 0.070889993 2.105372870 0.123156924 0.961421543 -0.117821554 -0.215914497
1520616758.367632389 0.006344686 0.066880358 2.071334979 0.116524844 0.947322650 -0.134061642 -0.266513102
1520616758.417634726 -0.033260929 0.055051893 2.030672573 0.116099354 0.930928017 -0.138387978 -0.317399961
1520616758.467635632 -0.080322679 0.034314315 1.986002309 0.118551593 0.915143900 -0.130836462 -0.362407206
1520616758.517637491 -0.121394989 0.017894486 1.939711946 0.129135262 0.899470041 -0.123894002 -0.398657754
1520616758.567638636 -0.166895283 0.006443664 1.903602294 0.136841245 0.884804601 -0.121511451 -0.428521014
1520616758.617639542 -0.217663647 0.009189204 1.865157767 0.137189187 0.870466287 -0.124088045 -0.456146607
1520616758.667641401 -0.272791968 0.010655504 1.828452300 0.137868128 0.858441941 -0.128922020 -0.476916058
1520616758.717643499 -0.299808599 0.000931142 1.783165895 0.146815872 0.846069488 -0.131837474 -0.495207434
1520616758.767645597 -0.338157439 -0.004613973 1.737831924 0.152521233 0.835190908 -0.133281635 -0.511301698
1520616758.817646503 -0.405670486 -0.032887622 1.684110611 0.163090412 0.824969138 -0.135219093 -0.523968735
1520616758.867648602 -0.455158758 -0.044345148 1.655549462 0.170398975 0.817440091 -0.136386288 -0.533061598
1520616758.917649508 -0.500121243 -0.069561050 1.637112063 0.169711466 0.807790134 -0.137419937 -0.547529797
1520616758.967651367 -0.537469211 -0.088090158 1.617456980 0.164010360 0.795351428 -0.144438035 -0.565379839
1520616759.017653704 -0.593117211 -0.096909975 1.602813987 0.156182882 0.781893378 -0.155726233 -0.583094327
1520616759.067654610 -0.649109127 -0.108123205 1.588507020 0.152951348 0.765919402 -0.166543141 -0.601861061
1520616759.117655754 -0.705848494 -0.111687231 1.577949312 0.152436602 0.750543344 -0.172926039 -0.619309580
1520616759.167657614 -0.769091583 -0.097902874 1.565582796 0.149325364 0.734718249 -0.177841263 -0.637388041
1520616759.217659473 -0.838814214 -0.097577947 1.551903842 0.151974421 0.717009493 -0.179729993 -0.656123687
1520616759.267660618 -0.897891818 -0.104022841 1.547007942 0.155464309 0.698038116 -0.179477870 -0.675545211
1520616759.317661524 -0.960022300 -0.104020514 1.554032929 -0.153050874 -0.675605353 0.176952044 0.699157215
1520616759.367663383 -1.025224189 -0.120436754 1.563792784 -0.154834542 -0.650865938 0.177081490 0.721832349
1520616759.417750597 -1.083444053 -0.118295411 1.581482159 -0.151640091 -0.625457923 0.180506745 0.743790955
1520616759.467666626 -1.144374548 -0.125503955 1.601153798 -0.148588499 -0.595651426 0.181490203 0.768233130
1520616759.517668486 -1.201851545 -0.135962340 1.629420630 -0.146713372 -0.565250655 0.183267556 0.790809640
1520616759.565589666 -1.255017470 -0.145978117 1.652490979 -0.148638032 -0.535233138 0.190205991 0.809477550
1520616759.615591526 -1.300943175 -0.166092263 1.687833534 -0.155054961 -0.504717739 0.201011949 0.825113422
1520616759.665592670 -1.348949420 -0.161135063 1.718860944 -0.155996472 -0.474776028 0.211293946 0.840004579
1520616759.715594530 -1.396538010 -0.154364216 1.754099705 -0.153998517 -0.444604470 0.219308263 0.854701824
1520616759.765595675 -1.439876451 -0.142063782 1.784124236 -0.153086728 -0.419599009 0.226562439 0.865546409
1520616759.815597773 -1.483898968 -0.128352480 1.813534896 -0.152036322 -0.397803305 0.231745258 0.874603695
1520616759.865599632 -1.527499945 -0.118027181 1.844959271 -0.149136909 -0.375392349 0.231686376 0.884963383
1520616759.915600777 -1.567478222 -0.105543631 1.882171025 -0.147163525 -0.351424546 0.224949359 0.896795111
1520616759.963820696 -1.603901794 -0.081332402 1.920611037 -0.142631274 -0.326327179 0.217175230 0.908846418
1520616760.013821602 -1.617905854 -0.086194317 1.965722348 -0.143635562 -0.298356197 0.213791178 0.919046102
1520616760.063823700 -1.633132829 -0.098253745 2.005270511 -0.144525572 -0.267316436 0.211517975 0.928931875
1520616760.113824606 -1.644406693 -0.093907875 2.049485056 -0.143053387 -0.235636244 0.207111064 0.938677951
1520616760.163826466 -1.653120768 -0.096201952 2.097426827 -0.143194589 -0.200228457 0.205674501 0.947154620
1520616760.213827610 -1.665937139 -0.086926853 2.143321450 -0.137153299 -0.161063526 0.206659918 0.955269172
1520616760.263829708 -1.673571993 -0.072000375 2.184068613 -0.128056903 -0.123165341 0.214671469 0.960389446
1520616760.313831806 -1.678442648 -0.067307891 2.232619912 -0.123612366 -0.083842928 0.227865633 0.962168177
1520616760.363833666 -1.677448076 -0.060891070 2.276354072 -0.120539735 -0.041411393 0.236936306 0.963128473
1520616760.412088394 -1.674360154 -0.051246778 2.319653168 -0.115577743 0.001436742 0.243903898 0.962886603
1520616760.462090254 -1.657655295 -0.047985475 2.356619421 -0.107721625 0.041951913 0.247121097 0.962064058
1520616760.512091398 -1.644352342 -0.043316449 2.406471503 -0.097939268 0.090949832 0.244018529 0.960516000
1520616760.562093496 -1.626670059 -0.039762283 2.445557873 -0.094891879 0.139152971 0.240066787 0.956033430
1520616760.612094402 -1.602894914 -0.036121413 2.479021258 -0.098980513 0.180897264 0.239251368 0.948808632
1520616760.662096500 -1.573044367 -0.028052102 2.509419140 -0.103806795 0.218848255 0.240700570 0.939889795
1520616760.712097406 -1.538010865 -0.020469734 2.536439474 -0.103988951 0.259633215 0.238733809 0.929937127
1520616760.762099266 -1.500625884 -0.009732112 2.563927398 -0.097864496 0.297935491 0.237108371 0.919476266
1520616760.809893608 -1.462108997 0.007648844 2.588911070 -0.089820010 0.331176697 0.234486934 0.909543973
1520616760.859894991 -1.406574624 0.031107161 2.595179913 -0.086205187 0.357053728 0.233363511 0.900345919
1520616760.909896851 -1.358501580 0.060965712 2.612421213 -0.082035276 0.383678374 0.231823933 0.890122903
1520616760.959897995 -1.311186029 0.082059961 2.635645618 -0.078580269 0.409184108 0.231578698 0.879070426
1520616761.009899855 -1.265733898 0.091512166 2.651649272 -0.075931515 0.429998664 0.228046386 0.870247321
1520616761.059900761 -1.218744946 0.091108393 2.677316248 -0.072397131 0.451278313 0.219616771 0.861901974
1520616761.109902859 -1.163843443 0.094282141 2.683960001 -0.070886692 0.467566610 0.209897546 0.855745034
1520616761.159903765 -1.119234437 0.123163599 2.696524942 -0.067853519 0.483994308 0.200757570 0.849024032
1520616761.209287882 -1.068119876 0.132752388 2.700339486 -0.073911366 0.499770476 0.200326621 0.839425891
1520616761.259288788 -1.015144198 0.145995983 2.714000737 -0.078076331 0.523816869 0.197436553 0.824947745
1520616761.309290886 -0.945182062 0.167937341 2.717155578 -0.074520666 0.545367015 0.192883396 0.812291502
1520616761.359291792 -0.879900775 0.181913302 2.718394289 -0.067370068 0.569788834 0.189283851 0.796852296
1520616761.409293652 -0.817522808 0.199093289 2.714040827 -0.057339235 0.596953813 0.181714340 0.779319097
1520616761.459295750 -0.744385350 0.217020435 2.698014680 -0.050166289 0.621834382 0.171597240 0.762469495
1520616761.509296656 -0.667330076 0.222159584 2.676887256 -0.049405751 0.643253111 0.164369427 0.746168345
1520616761.559298754 -0.603924900 0.206411386 2.664881303 -0.055850405 0.668573379 0.156294967 0.724887752
1520616761.609656572 -0.533424177 0.211801549 2.639303306 -0.053926630 0.691765657 0.145805882 0.705189931
1520616761.659658670 -0.469274932 0.210708073 2.596669754 -0.052342482 0.718179895 0.136129857 0.680401767
1520616761.709659815 -0.407819408 0.214353683 2.560967934 -0.037980349 0.745546676 0.134567895 0.651620387
1520616761.759661674 -0.337929264 0.213561168 2.519082397 -0.022425436 0.770756903 0.134196832 0.622432411
1520616761.809662819 -0.271645485 0.224028181 2.483393095 -0.004874633 0.796630898 0.124174998 0.591553903
1520616761.859664679 -0.273408215 0.223825787 2.474615250 -0.004874633 0.796630898 0.124174998 0.591553903
1520616761.909666538 -0.275170944 0.223623393 2.465837406 -0.004874633 0.796630898 0.124174998 0.591553903
1520616761.959667921 -0.276933673 0.223420999 2.457059561 -0.004874633 0.796630898 0.124174998 0.591553903
1520616762.014317036 -0.278696402 0.223218605 2.448281717 -0.004874633 0.796630898 0.124174998 0.591553903
1520616762.064319134 -0.237209720 0.153965750 2.389660376 -0.015853479 0.813199845 0.124947744 0.568192520
1520616762.114320278 -0.185253706 0.121075403 2.336031477 -0.026263332 0.829736789 0.118170877 0.544869473
1520616762.164322138 -0.133932328 0.136064340 2.288454397 -0.033421737 0.841981612 0.104731392 0.528186793
1520616762.214323997 -0.077173154 0.123534311 2.252257195 -0.043510412 0.852537278 0.091495231 0.512753017
1520616762.264325142 -0.031762897 0.121414591 2.203542730 -0.055214584 0.858813636 0.071686635 0.504233592
1520616762.314326048 0.019531495 0.113865582 2.161190844 -0.068414678 0.862720308 0.053901073 0.498124259
1520616762.364328146 0.073284601 0.120496162 2.133280505 -0.082288854 0.863167372 0.037224416 0.496774571
1520616762.416154385 0.126194062 0.128307047 2.091714650 -0.096951118 0.860994449 0.023903319 0.498716022
1520616762.466155291 0.187589580 0.126499193 2.064129863 -0.110428642 0.857342437 0.019635256 0.502378262
1520616762.516157389 0.248502426 0.127133004 2.047576247 -0.122899020 0.849994737 0.020785372 0.511832733
1520616762.566158533 0.297903376 0.144421208 2.021790842 -0.136548703 0.837877476 0.017857743 0.528201559
1520616762.616159439 0.355582148 0.148143903 2.001045911 -0.148982754 0.822389229 0.017121720 0.548805012
1520616762.666161299 0.416123241 0.149215615 1.990480772 -0.157415556 0.806625662 0.020465791 0.569347465
1520616762.716163397 0.468881173 0.157457874 1.976516682 -0.163217717 0.788598387 0.024043101 0.592363478
1520616762.766164303 0.517439211 0.165634548 1.971935035 -0.170101899 0.767326003 0.026986016 0.617695640
1520616762.816166162 0.569710453 0.178587371 1.971170378 -0.173937537 0.742725798 0.031184048 0.645857320
1520616762.864167929 0.613105807 0.194438068 1.978612515 -0.176571895 0.717657061 0.037889613 0.672573480
1520616762.914170027 0.663988212 0.213565843 1.981290302 -0.179543720 0.688152169 0.048531176 0.701324012
1520616762.964171171 0.714868451 0.242640547 1.980182613 -0.181211236 0.660057725 0.059916095 0.726564759
1520616763.014173031 0.766239878 0.262636060 1.980603679 -0.181576395 0.635520312 0.072028583 0.746964410
1520616763.064174891 0.818699818 0.277780627 1.987003000 -0.181606399 0.616412127 0.080543842 0.761950060
1520616763.114176035 0.871522294 0.287036733 1.996405636 -0.184474912 0.595617085 0.080911451 0.777600561
1520616763.164178133 0.919903153 0.293066778 2.000392428 -0.186292229 0.572667262 0.079945430 0.794327477
1520616763.214178801 0.971709387 0.305112449 2.013620228 -0.186977737 0.548839157 0.081447812 0.810667108
1520616763.262399435 1.025397034 0.312027714 2.011978903 -0.186799810 0.521986693 0.088775371 0.827499037
1520616763.312401533 1.071070474 0.326887187 2.022678090 -0.184159781 0.502534293 0.094876346 0.839370561
1520616763.362402439 1.121092480 0.342782233 2.034192145 -0.182907917 0.491355240 0.096275925 0.846076633
1520616763.412403584 1.166032833 0.357778024 2.042558584 -0.179740912 0.484446141 0.099997363 0.850297400
1520616763.462405443 1.221024487 0.379775488 2.056773817 -0.173904594 0.483122221 0.104587479 0.851710967
1520616763.512407303 1.271818840 0.406002428 2.063353487 -0.168687797 0.486868022 0.103250462 0.850789809
1520616763.562408447 1.332825267 0.419198985 2.070279449 -0.170023111 0.495825383 0.099910986 0.845734666
1520616763.612410545 1.393078450 0.434555472 2.076565165 -0.174548974 0.505738406 0.102213269 0.838638044
1520616763.661420345 1.447509569 0.432335343 2.088777186 -0.175545143 0.509763591 0.110661052 0.834912639
1520616763.711421490 1.506009126 0.443985417 2.102976767 -0.169467622 0.514567182 0.110368377 0.833258760
1520616763.761423349 1.566378323 0.454212506 2.115312174 -0.159798900 0.519767354 0.106243632 0.832477327
1520616763.811425447 1.626586358 0.462113750 2.132748486 -0.145148497 0.524056669 0.105787908 0.832529543
1520616763.861426592 1.678248219 0.483755309 2.146158653 -0.131611527 0.525477714 0.106120266 0.833840553
1520616763.911427498 1.737362064 0.502057507 2.163579389 -0.122795622 0.526650116 0.108270225 0.834169317
1520616763.961429358 1.798121797 0.533200549 2.177990076 -0.119679967 0.525848165 0.108895431 0.835046225
1520616764.011431456 1.852918967 0.560995276 2.194648981 -0.119433126 0.521007202 0.111916123 0.837712364
1520616764.060730219 1.918006453 0.585046536 2.212680281 -0.120263096 0.513432424 0.115535027 0.841769322
1520616764.110732079 1.976689735 0.598173712 2.233093586 -0.119902588 0.503209982 0.121701918 0.847107860
1520616764.160734415 2.031722902 0.609300840 2.251605962 -0.121174318 0.491690929 0.122726494 0.853519199
1520616764.210734129 2.078464530 0.613922905 2.279364995 -0.121793015 0.477447342 0.124245139 0.861262819
1520616764.260735989 2.129574331 0.621391740 2.306584189 -0.121439057 0.463573911 0.125144546 0.868729317
1520616764.310744047 2.177825402 0.624976444 2.345392813 -0.122711980 0.454164456 0.122749335 0.873847251
1520616764.360739231 2.238352124 0.628628079 2.356984100 -0.125502669 0.440913336 0.116237961 0.881097751
1520616764.410741091 2.293436117 0.641698726 2.383417176 -0.122617280 0.432635706 0.110780475 0.886295118
1520616764.461071968 2.348427052 0.669242615 2.420557921 -0.114332054 0.427357447 0.104453873 0.890720597
1520616764.511073828 2.404501818 0.694672158 2.441523445 -0.108911728 0.420484984 0.098869384 0.895296297
1520616764.561074972 2.463729062 0.716661421 2.469326862 -0.108282847 0.420767981 0.094329344 0.895729371
1520616764.611077070 2.518499396 0.735004808 2.500793550 -0.110358168 0.425698690 0.095671953 0.892999763
1520616764.661078930 2.571554030 0.743962195 2.535185231 -0.114326925 0.430796799 0.106193886 0.888856755
1520616764.711080074 2.630077193 0.752810882 2.561166573 -0.118497713 0.441241527 0.109646238 0.882746798
1520616764.761081934 2.697295313 0.759356127 2.578399662 -0.122034706 0.455434518 0.107116714 0.875335901
1520616764.811082840 2.757667018 0.763066393 2.602238531 -0.123230114 0.468675901 0.107395614 0.868114866
1520616764.861084938 2.813956433 0.773672806 2.629698336 -0.119973444 0.477153984 0.113126527 0.863210772
1520616764.912136555 2.875009701 0.787263827 2.649029343 -0.116858388 0.481455582 0.116160369 0.860843429
1520616764.962138414 2.936114322 0.807664704 2.669023184 -0.114061641 0.484045435 0.116321092 0.859743777
1520616765.012140274 2.994464271 0.834821441 2.694471887 -0.113334206 0.484232004 0.115337106 0.859867476
1520616765.062141418 3.044955654 0.865755565 2.728267048 -0.113657340 0.482142536 0.117804429 0.860664105
1520616765.112143517 3.102908877 0.885727047 2.754395186 -0.112630640 0.473635805 0.122332469 0.864880472
1520616765.162144423 3.162758753 0.901551896 2.782923784 -0.116145979 0.465685574 0.120385025 0.868996262
1520616765.212146521 3.211294145 0.921787242 2.800589628 -0.124920918 0.457041762 0.113324768 0.873306984
1520616765.262148380 3.264869578 0.936241057 2.830333870 -0.133154061 0.445540956 0.112594684 0.878114850
1520616765.312943459 3.316889574 0.944566323 2.861359033 -0.141843440 0.435104542 0.113315963 0.881886596
1520616765.362945557 3.376372058 0.948799490 2.886214898 -0.145632107 0.425036386 0.111991844 0.886336949
1520616765.412946463 3.426155440 0.954387516 2.919098201 -0.147533107 0.417367170 0.108651471 0.890074989
1520616765.462948799 3.477941084 0.982723918 2.951708964 -0.144530605 0.409561787 0.104421958 0.894687712
1520616765.512949705 3.531125316 1.003640195 2.988381637 -0.144213156 0.402098351 0.102509236 0.898338098
1520616765.562951565 3.583784204 1.016476658 3.028893721 -0.142630316 0.397490613 0.105822663 0.900255169
1520616765.612954378 3.635009491 1.033420936 3.048769271 -0.143495986 0.401790857 0.101616175 0.898691917
1520616765.662954569 3.702367734 1.053857062 3.071023859 -0.147461176 0.411837787 0.097430302 0.893953117
1520616765.712479115 3.766505247 1.070545318 3.089973745 -0.152785334 0.424020839 0.101849032 0.886842570
1520616765.762481213 3.830301377 1.080121349 3.111511819 -0.156223229 0.435458351 0.106092552 0.880178787
1520616765.812484264 3.892563986 1.079373302 3.147478160 -0.161546835 0.451442555 0.104537635 0.871305987
1520616765.862483263 3.964296623 1.083251180 3.167597260 -0.162845917 0.461176140 0.105067389 0.865886031
1520616765.912485123 4.025687059 1.093526994 3.192621762 -0.158241588 0.469185627 0.110660737 0.861730032
1520616765.962517023 4.088948820 1.106556516 3.211340072 -0.152228328 0.475083976 0.112027197 0.859401919
1520616766.012488365 4.154986797 1.123965967 3.233619473 -0.146371437 0.482447637 0.107770006 0.856857809
1520616766.062489271 4.224721187 1.148784468 3.250354813 -0.139980572 0.484888961 0.104486838 0.856954279
1520616766.111555099 4.292633035 1.168366412 3.272937341 -0.135670633 0.485171548 0.102753797 0.857696745
1520616766.161556244 4.343497686 1.182438232 3.311815115 -0.132829203 0.486555509 0.102365232 0.857403929
1520616766.211558342 4.403935816 1.191095607 3.329697808 -0.138376245 0.483140597 0.096339375 0.859154179
1520616766.261560202 4.453710923 1.206330176 3.366651620 -0.142287196 0.480456854 0.092944197 0.860393480
1520616766.311561346 4.508782028 1.214660834 3.399834630 -0.144547912 0.471854460 0.092244361 0.864841169
1520616766.361563206 4.569725904 1.221236692 3.427966912 -0.144606898 0.460828961 0.091436293 0.870841500
1520616766.411564112 4.624180594 1.227824211 3.460791972 -0.143221713 0.451400800 0.087821962 0.876363031
1520616766.461566210 4.679691370 1.235516525 3.490142371 -0.142577421 0.442662037 0.080973847 0.881569757
1520616766.510795593 4.723277491 1.255253057 3.530821530 -0.138543006 0.435979918 0.074833248 0.886074112
1520616766.560797453 4.768859049 1.274583871 3.569284064 -0.138328540 0.429350647 0.072016828 0.889571140
1520616766.610798359 4.826777407 1.297966236 3.594927494 -0.137554841 0.419405604 0.068155623 0.894724771
1520616766.660800695 4.870720839 1.319761057 3.637927724 -0.136113337 0.418719287 0.066510895 0.895390205
1520616766.710802555 4.931241388 1.328569493 3.669965280 -0.137818108 0.417422467 0.065180838 0.895832636
1520616766.760803461 4.982975733 1.339364990 3.699062621 -0.142886708 0.414726677 0.068170448 0.896068057
1520616766.810805559 5.034333568 1.346649303 3.731887902 -0.145290668 0.414735113 0.071481621 0.895419335
1520616766.860806465 5.087544533 1.348856297 3.757425566 -0.147253165 0.416830815 0.073545626 0.893957280
1520616766.910776615 5.150185837 1.350880695 3.777271609 -0.147679168 0.416558632 0.075621917 0.893840643
1520616766.960778475 5.197221217 1.349571078 3.794830484 -0.145398818 0.415181723 0.081177750 0.894367650
1520616767.010780573 5.243911423 1.364243004 3.834011784 -0.134793896 0.410896967 0.084308271 0.897711760
1520616767.060781717 5.300521960 1.390240114 3.864931884 -0.122925059 0.401377025 0.081236533 0.903983705
1520616767.110782623 5.351308139 1.412617361 3.901864519 -0.114804478 0.391043265 0.078131524 0.909835459
1520616767.160784483 5.396958318 1.438000155 3.938885829 -0.109030132 0.375705451 0.079323015 0.916878238
1520616767.210786581 5.447488309 1.452304165 3.973232487 -0.107593335 0.354002510 0.080132418 0.925572630
1520616767.260787487 5.498373716 1.462570507 4.002544430 -0.109161559 0.331987623 0.075053483 0.933935194
1520616767.310789585 5.536383434 1.479236114 4.037585750 -0.110478304 0.309130629 0.073549514 0.941712943
1520616767.361924648 5.566523858 1.490813960 4.095276799 -0.111225412 0.284391784 0.079064332 0.948946285
1520616767.411925554 5.600188945 1.497968572 4.138166515 -0.116456744 0.258752425 0.085201514 0.955105079
1520616767.461927891 5.629933489 1.503936861 4.184337794 -0.119901421 0.233461232 0.087822341 0.960940549
1520616767.511929750 5.663672485 1.519003842 4.221750485 -0.120032459 0.209161780 0.084700736 0.966782987
1520616767.561930656 5.695184167 1.541209387 4.259761102 -0.113003564 0.187269280 0.076934954 0.972749415
1520616767.611988544 5.732223230 1.551347775 4.306841833 -0.109432913 0.162611294 0.068080000 0.978236739
1520616767.661933661 5.757300449 1.572146157 4.353838092 -0.104191746 0.139552911 0.060065466 0.982884126
1520616767.711935520 5.776228156 1.581877180 4.392316731 -0.104050432 0.119111691 0.051193899 0.986085745
1520616767.762353420 5.796937849 1.596982385 4.433660569 -0.103680725 0.098634777 0.048535016 0.988516990
1520616767.812355518 5.807485384 1.594153552 4.484000010 -0.104079116 0.077918778 0.047372405 0.990379754
1520616767.862357616 5.820608636 1.587837469 4.535892149 -0.102370507 0.057755776 0.044901452 0.992052624
1520616767.912358522 5.821613866 1.591167339 4.593250755 -0.094680492 0.039487776 0.044854846 0.993712415
1520616767.962360620 5.829571531 1.593345021 4.640809874 -0.085974997 0.013964391 0.042601497 0.995288103
1520616768.012361526 5.832130888 1.592793552 4.697181237 -0.080028071 -0.018860558 0.042798325 0.995694778
1520616768.062363386 5.828607479 1.607003370 4.740324792 -0.074977362 -0.055346498 0.047825460 0.994498811
1520616768.112364531 5.829063530 1.617126713 4.787826824 -0.073289963 -0.090414495 0.051583882 0.991863349
1520616768.160436392 5.813849264 1.632571253 4.833018904 -0.071763169 -0.120697466 0.053464876 0.988647397
1520616768.210437298 5.805880367 1.656449713 4.872074415 -0.072373725 -0.153203950 0.058010477 0.983831987
1520616768.260439396 5.785764040 1.670839496 4.924095223 -0.072764263 -0.182073638 0.062379103 0.978602779
1520616768.310441256 5.776901417 1.670976323 4.963126515 -0.072596911 -0.209937716 0.065636200 0.972804057
1520616768.360442162 5.767199946 1.663848359 4.989374281 -0.071374360 -0.242092171 0.071923366 0.964947724
1520616768.410444498 5.748905386 1.658647326 5.021776149 -0.067004899 -0.280183601 0.076770675 0.954522790
1520616768.460445166 5.711987203 1.658876407 5.053107518 -0.065404602 -0.314881374 0.080192982 0.943472863
1520616768.510447264 5.701270760 1.630920073 5.098034119 -0.070532102 -0.347927464 0.076782613 0.931706033
1520616768.559714317 5.672523154 1.628841365 5.122043680 -0.069014810 -0.372482639 0.072061338 0.922659635
1520616768.609716415 5.653305837 1.640112151 5.138145632 -0.065582672 -0.395312683 0.071141808 0.913436171
1520616768.659717560 5.632256923 1.643417846 5.156697646 -0.062963214 -0.413869277 0.070325237 0.905429300
1520616768.709719419 5.601045593 1.648014176 5.152482216 -0.060345775 -0.425833320 0.071268797 0.899969516
1520616768.759721279 5.566509343 1.652828072 5.169508693 -0.058707765 -0.436322808 0.072492455 0.894941701
1520616768.809722424 5.528540446 1.659974622 5.198753450 -0.055209570 -0.443899306 0.073230719 0.891371175
1520616768.859723330 5.484489995 1.651733466 5.224947788 -0.055380424 -0.447052077 0.073521516 0.889759538
1520616768.909724236 5.430869715 1.634599381 5.239056838 -0.054309925 -0.446645197 0.077017347 0.889734133
1520616768.959624052 5.400862652 1.618457363 5.271686614 -0.048771362 -0.445925123 0.082179274 0.889954328
1520616769.009624958 5.365942082 1.598028070 5.303685898 -0.040661959 -0.449194493 0.084752157 0.888475089
1520616769.059627056 5.320824416 1.587531656 5.331568124 -0.029607261 -0.465185358 0.088275072 0.880303075
1520616769.109628916 5.267845184 1.600990773 5.358645289 -0.012303810 -0.487994121 0.089034593 0.868206885
1520616769.159634113 5.225453651 1.611752541 5.382102995 0.000431203 -0.514484991 0.087586762 0.853014400
1520616769.209632158 5.180073579 1.614063041 5.404525529 0.009042769 -0.540966465 0.083376411 0.836852368
1520616769.259711981 5.124492608 1.623657918 5.412963557 0.015356621 -0.563825654 0.077666906 0.822090419
1520616769.309634924 5.075691967 1.629894686 5.416083343 0.018376368 -0.589065051 0.074705973 0.804415125
1520616769.359636068 5.026305012 1.626518509 5.425887349 0.019529299 -0.617000594 0.070559824 0.783549734
1520616769.409698725 4.967379334 1.629242355 5.420732182 0.024356757 -0.644518501 0.065454038 0.761392421
1520616769.459700584 4.920137464 1.625588986 5.410533119 0.026604697 -0.679806192 0.066384883 0.729896416
1520616769.509701729 4.867966387 1.635037759 5.407713702 -0.030115843 0.715254536 -0.068073242 -0.694888494
1520616769.559703588 4.823856737 1.638338994 5.395743999 -0.032088577 0.745594009 -0.067777419 -0.662167742
1520616769.609704494 4.779269823 1.635042783 5.362048724 -0.031309338 0.770151487 -0.063159547 -0.633953692
1520616769.659706831 4.729032389 1.639645653 5.334995427 -0.032388394 0.791420644 -0.058379772 -0.607615140
1520616769.709707499 4.683604410 1.636993051 5.303780268 -0.035465882 0.810162603 -0.057368629 -0.582312260
1520616769.759709835 4.635721593 1.639116149 5.270364900 -0.038951161 0.827026314 -0.056847126 -0.557923550
1520616769.810701132 4.591098146 1.634376122 5.231578595 -0.038491630 0.840646904 -0.056348721 -0.537267158
1520616769.860703230 4.541874772 1.636440927 5.199511686 -0.038521187 0.851881864 -0.055048554 -0.519406454
1520616769.910705328 4.494307073 1.636064583 5.158892160 -0.031453286 0.860061870 -0.054906785 -0.506250448
1520616769.960706234 4.453693448 1.631309298 5.121444127 -0.027349148 0.867856443 -0.055256637 -0.492974566
1520616770.010708332 4.413121087 1.622726010 5.084510344 -0.023198440 0.874460655 -0.061614101 -0.480608051
1520616770.060710192 4.373854507 1.607667082 5.045803275 -0.020686120 0.880109302 -0.071806986 -0.468853343
1520616770.110711336 4.339337378 1.596644482 5.000316686 -0.021342569 0.884884104 -0.082935567 -0.457871499
1520616770.160712242 4.297909672 1.589996043 4.957757847 -0.021339288 0.889994394 -0.089291217 -0.446633734
1520616770.211903811 4.261189982 1.590653739 4.923965980 -0.017808743 0.896655739 -0.092404678 -0.432611501
1520616770.261905670 4.222286160 1.586304767 4.877735627 -0.015391007 0.900335323 -0.090383924 -0.425429393
1520616770.311908007 4.184008719 1.585094614 4.827711631 -0.013663763 0.902043253 -0.090897168 -0.421745155
1520616770.361908913 4.138865356 1.578950047 4.788219889 -0.012054642 0.902599255 -0.093258205 -0.420085918
1520616770.411910772 4.090424848 1.571644470 4.747894976 -0.010776639 0.900238039 -0.096655340 -0.424397317
1520616770.461911917 4.048850331 1.531315009 4.695860190 0.003336901 0.895844662 -0.093074742 -0.434497756
1520616770.511913776 3.998863148 1.513253050 4.659544091 0.005993189 0.890679756 -0.093940814 -0.444779471
1520616770.561914682 3.952700295 1.491265464 4.624270312 0.002219344 0.884307469 -0.096961591 -0.456720730
1520616770.612808228 3.900276739 1.473158500 4.587008987 -0.000894588 0.877404433 -0.103415059 -0.468471970
1520616770.662810564 3.850699992 1.452440461 4.551092306 -0.002196548 0.869144113 -0.109978036 -0.482170631
1520616770.712812424 3.799694921 1.430721141 4.511921057 -0.004331659 0.857260960 -0.111364243 -0.502675729
1520616770.762813330 3.742029284 1.424094221 4.478135494 -0.006749225 0.843177159 -0.114446172 -0.525270216
1520616770.812815428 3.686781645 1.407019072 4.449355372 -0.005165566 0.827230733 -0.114024216 -0.550146444
1520616770.862817287 3.627779126 1.392980369 4.424457198 -0.000986623 0.808363251 -0.113464694 -0.577644912
1520616770.912921429 3.568371429 1.386840512 4.404582763 0.003649194 0.784981507 -0.113189978 -0.609080246
1520616770.962820530 3.507292751 1.375574326 4.394381643 0.010221905 0.757523444 -0.115592831 -0.642411116
1520616771.012594700 3.447967976 1.362600308 4.386669476 0.016564706 0.727041408 -0.120461798 -0.675740599
1520616771.062597036 3.391561821 1.351154003 4.386177627 -0.018938170 -0.692458076 0.127296528 0.709886436
1520616771.112597942 3.335168758 1.339053277 4.395650374 -0.018671132 -0.651725838 0.130862785 0.746846538
1520616771.162599802 3.290022563 1.332414930 4.418300658 -0.018340899 -0.611645678 0.131421007 0.779924160
1520616771.212600946 3.245172728 1.320476066 4.440402053 -0.025421359 -0.569944773 0.131683937 0.810663957
1520616771.262602806 3.201107767 1.313591136 4.468644950 -0.034892676 -0.526076333 0.129872715 0.839737620
1520616771.312603712 3.157330780 1.304960655 4.499136298 -0.045172142 -0.478994853 0.134142780 0.866330839
1520616771.362605810 3.112756468 1.292226800 4.525235775 -0.050524329 -0.431867860 0.145389437 0.888706563
1520616771.411128521 3.077779513 1.283308612 4.559737137 -0.050779446 -0.386002013 0.160131354 0.907073230
1520616771.461130381 3.053888974 1.278374641 4.606019083 -0.041703467 -0.341061986 0.171658270 0.923293551
1520616771.511132240 3.031217447 1.263974474 4.642146508 -0.030644047 -0.291472648 0.179968141 0.938997394
1520616771.561133385 3.018556535 1.253371042 4.689553808 -0.027841191 -0.239710385 0.183334128 0.952970302
1520616771.611135244 3.012389187 1.256103694 4.739877038 -0.032133257 -0.187470269 0.182798296 0.964576143
1520616771.661136150 3.013691663 1.259398155 4.789933233 -0.044360510 -0.135268845 0.178312641 0.973621634
1520616771.711138487 3.040881156 1.279312974 4.828967497 -0.050718719 -0.087982888 0.173963989 0.979501482
1520616771.761139393 3.051495970 1.298416166 4.870079969 -0.052083424 -0.031923905 0.167371970 0.983999393
1520616771.811141253 3.071168285 1.308003040 4.909182546 -0.053271021 0.026696182 0.161680774 0.985042557
1520616771.860009193 3.100588737 1.330130424 4.947763531 -0.049978914 0.081522359 0.157003149 0.982957896
1520616771.910011530 3.134662043 1.347195117 4.984775872 -0.051936842 0.137977461 0.154609391 0.976913876
1520616771.960012436 3.167060288 1.369585292 5.005414705 -0.051801325 0.194317708 0.151777569 0.967740059
1520616772.010014296 3.200947340 1.381374782 5.024591029 -0.057685616 0.247049519 0.149016375 0.955736902
1520616772.060015440 3.237054781 1.397129123 5.032438134 -0.063454030 0.297758617 0.148302650 0.940914298
1520616772.110017300 3.286199399 1.412390423 5.037788347 -0.069471079 0.341269978 0.149203434 0.925444167
1520616772.160018444 3.326200253 1.443180430 5.051173873 -0.071094470 0.385459850 0.143600203 0.908705267
1520616772.210020542 3.374676103 1.457246720 5.053116291 -0.076045348 0.424298630 0.137740178 0.891748519
1520616772.259750128 3.423088247 1.473491775 5.054171801 -0.078234794 0.456598511 0.137882653 0.875434459
1520616772.309752226 3.477568175 1.487030899 5.048311067 -0.080608624 0.487401572 0.139262552 0.858223688
1520616772.359753132 3.529303158 1.503229247 5.041284238 -0.080735438 0.515367810 0.137760054 0.841961981
1520616772.409755230 3.585053802 1.518018201 5.030567926 -0.083055776 0.539401294 0.133919761 0.827171977
1520616772.459757090 3.641798095 1.538288008 5.016357483 -0.084166838 0.557497601 0.126660228 0.816130844
1520616772.509759188 3.695358720 1.558610307 5.007889322 -0.086139723 0.569770862 0.115752729 0.809037959
1520616772.559759140 3.749587833 1.575227141 5.000349974 -0.092100355 0.577312330 0.102395987 0.804824863
1520616772.609761000 3.805056890 1.587948267 4.984108598 -0.097631921 0.583282885 0.093693145 0.800918647
1520616772.659722090 3.859476400 1.604401943 4.973712142 -0.101510101 0.591239060 0.087111026 0.795326186
1520616772.709722996 3.917536070 1.615277074 4.962307596 -0.107372694 0.601597787 0.083740438 0.787107836
1520616772.759724855 3.967392864 1.630917159 4.951713221 -0.109975160 0.614215162 0.082184527 0.777104177
1520616772.809726000 4.024305675 1.644183654 4.943605632 -0.109021072 0.629771428 0.084380781 0.764448977
1520616772.859727859 4.083533279 1.665694406 4.926900978 -0.107528931 0.646351455 0.084249742 0.750712533
1520616772.909729004 4.144906543 1.686396477 4.909578421 -0.108632790 0.664355132 0.084171169 0.734674342
1520616772.959731102 4.198271067 1.710227374 4.896874015 -0.108237097 0.680627080 0.082881801 0.719834784
1520616773.009732008 4.259016787 1.726777446 4.883896467 -0.108394805 0.698774196 0.086742714 0.701741327
1520616773.060005426 4.321876391 1.741942883 4.870922260 -0.103826337 0.718708332 0.086892386 0.682003034
1520616773.110007286 4.383729253 1.756061400 4.850201473 -0.095318981 0.736188039 0.082267413 0.664961304
1520616773.160008430 4.447011091 1.757994544 4.830234117 -0.091747074 0.753764907 0.079277581 0.645860670
1520616773.210010529 4.507912349 1.757435261 4.802127348 -0.090935918 0.770122497 0.076602348 0.626716905
1520616773.260011435 4.567492017 1.756429151 4.775089684 -0.093110661 0.784950070 0.077732652 0.607570101
1520616773.310013533 4.622600457 1.755774903 4.744379452 -0.093824296 0.798406383 0.083589366 0.588860822
1520616773.360015392 4.680734632 1.764437166 4.713999794 -0.090168525 0.812644449 0.087720233 0.569020032
1520616773.410016298 4.739085256 1.774269442 4.680466560 -0.085231983 0.825029380 0.090537306 0.551239538
1520616773.461805344 4.798318676 1.781243297 4.643864075 -0.081625654 0.834710739 0.093081660 0.536592060
1520616773.511806250 4.854386118 1.791177387 4.606610811 -0.079583405 0.843032924 0.091764221 0.523966886
1520616773.561808586 4.910054583 1.797495152 4.568305948 -0.079670444 0.850577335 0.090545818 0.511832269
1520616773.611810446 4.968772515 1.805569422 4.535574100 -0.080494758 0.857380366 0.090556619 0.500218952
1520616773.661811352 5.022500490 1.814541065 4.495348970 -0.083074227 0.859256072 0.089775822 0.496707135
1520616773.711813450 5.074680743 1.818445955 4.462069099 -0.094553873 0.862976615 0.084134440 0.489134259
1520616773.761815310 5.127759379 1.813387071 4.441765800 -0.098316843 0.865789075 0.080882123 0.483943341
1520616773.811816216 5.182533979 1.804029181 4.421841294 -0.102391202 0.866998877 0.074710811 0.481920412
1520616773.863090992 5.251426780 1.794995060 4.419498053 -0.102443547 0.869086790 0.068482070 0.479065420
1520616773.913092852 5.291990548 1.788159087 4.399172303 -0.104656213 0.869481331 0.065191016 0.478329827
1520616773.963093758 5.343649415 1.789181661 4.356434362 -0.109055179 0.868987620 0.061623651 0.478717046
1520616774.013096094 5.398437103 1.756889497 4.332496388 -0.112402011 0.868329103 0.072639589 0.477591716
1520616774.063097000 5.439051113 1.757998056 4.284894772 -0.118520960 0.866483864 0.077578157 0.478685831
1520616774.113098860 5.489772090 1.773401248 4.250432313 -0.123732979 0.866293895 0.076188180 0.477933466
1520616774.163100958 5.547947542 1.776774005 4.227714462 -0.128528196 0.866205214 0.074238046 0.477134931
1520616774.213101864 5.600206241 1.787298145 4.190193524 -0.135766105 0.864490525 0.068098592 0.479151623
1520616774.263103724 5.649550302 1.794531710 4.159289635 -0.139359319 0.863254097 0.062032219 0.481168732
1520616774.312895060 5.696301493 1.797529190 4.125468202 -0.141279688 0.862008011 0.056534383 0.483514324
1520616774.362896919 5.741910016 1.795250062 4.090066851 -0.142368103 0.860285111 0.054596407 0.486477218
1520616774.412898064 5.786260291 1.808112885 4.046708892 -0.140127740 0.857863545 0.053292275 0.491522419
1520616774.462900162 5.835637422 1.798693860 4.020397156 -0.137470305 0.853079255 0.058839796 0.499895567
1520616774.512901068 5.888451329 1.812660490 3.985497977 -0.135437080 0.846789895 0.054248445 0.511527884
1520616774.562903166 5.940795392 1.828398317 3.953467192 -0.134557224 0.838062702 0.048478200 0.526493234
1520616774.612904072 5.993039358 1.848919907 3.920841261 -0.134951487 0.827140901 0.042066478 0.543926867
1520616774.662905931 6.044618768 1.848436290 3.901277048 -0.134219455 0.813823494 0.044099528 0.563676938
1520616774.713839769 6.100519797 1.873278697 3.890234936 -0.132654234 0.798201473 0.039234310 0.586291678
1520616774.763840914 6.156611810 1.885872785 3.867248713 -0.134726905 0.780171283 0.038275583 0.609685501
1520616774.813842773 6.208988155 1.886362514 3.854839213 -0.138172300 0.761662497 0.043456570 0.631577535
1520616774.863843679 6.257507473 1.892592895 3.856787464 -0.140415557 0.742409382 0.050351694 0.653128232
1520616774.913845778 6.314160440 1.895166729 3.854858879 -0.138057348 0.722196229 0.058611220 0.675231442
1520616774.963847876 6.377642237 1.897020078 3.843130707 -0.129224824 0.701453349 0.064551829 0.697923496
1520616775.013848782 6.429701691 1.899708819 3.857667929 -0.114298685 0.683041628 0.070524795 0.717924925
1520616775.063850880 6.485735837 1.899178655 3.869509385 -0.099829876 0.667898321 0.071285223 0.734073733
1520616775.116383314 6.542811832 1.898567365 3.893163819 -0.085715256 0.655886891 0.076173528 0.746098435
1520616775.166384220 6.604140973 1.900857005 3.881015379 -0.080932276 0.643434111 0.079915591 0.757004630
1520616775.216386080 6.665030021 1.916664425 3.893741095 -0.077855115 0.639033225 0.087222855 0.760241601
1520616775.266387224 6.727581118 1.928062855 3.888106262 -0.076609855 0.638302916 0.095527909 0.759983379
1520616775.316389322 6.794669315 1.926991765 3.888630430 -0.074802684 0.638658694 0.109473648 0.757980970
1520616775.366391182 6.853455451 1.921501490 3.884380088 -0.073082386 0.638415453 0.121247406 0.756560468
1520616775.416392326 6.912046196 1.938014036 3.883470360 -0.067709191 0.643274930 0.125227831 0.752283737
1520616775.466395140 6.962803916 1.935270745 3.874352761 -0.061680945 0.650374593 0.129625538 0.745925982
1520616775.518124104 7.020879895 1.937263293 3.869262981 -0.051829144 0.657892759 0.136652278 0.738794297
1520616775.568128109 7.072450989 1.936232282 3.859895281 -0.040697413 0.664492302 0.144286352 0.732103237
1520616775.618127108 7.136945471 1.938166042 3.854172439 -0.031202323 0.671915227 0.149028861 0.724808072
1520616775.668128014 7.201451976 1.939670744 3.853657352 -0.021504402 0.680512999 0.151824041 0.716511745
1520616775.718130350 7.258787257 1.946680679 3.857938951 -0.014407269 0.691245553 0.150205539 0.706689686
1520616775.768131256 7.314430647 1.938055380 3.849148715 -0.011961262 0.699141844 0.150017557 0.698965194
1520616775.818147182 7.369035295 1.946328789 3.837291469 -0.008724745 0.707876708 0.150484463 0.690064396
1520616775.868135214 7.422178335 1.940552198 3.819888429 -0.008203114 0.717056193 0.147713273 0.681134285
1520616775.918136120 7.476868724 1.947869079 3.794363636 -0.006824511 0.725890840 0.139764977 0.673425323
1520616775.968137980 7.525649032 1.953533815 3.764081352 -0.008441841 0.735147177 0.129723553 0.665326359
1520616776.018139124 7.581693715 1.966966613 3.737689835 -0.008701121 0.745938504 0.120436266 0.654977209
1520616776.068141222 7.628162261 1.979763526 3.705260323 -0.006168304 0.758089792 0.114860123 0.641925986
1520616776.118142366 7.687115343 1.979587563 3.684392707 -0.004398005 0.771861532 0.109538490 0.626268115
1520616776.168144226 7.750666342 1.999038698 3.656227024 -0.001965159 0.786389954 0.099994982 0.609580168
1520616776.218145132 7.812609006 2.019113572 3.617723560 -0.000762422 0.799499988 0.090386917 0.593826063
1520616776.268147230 7.865757349 2.035380848 3.583197043 -0.003020975 0.813118110 0.082176545 0.576261076
1520616776.318193436 7.920155169 2.037788052 3.547226596 -0.009921776 0.826190281 0.078169262 0.557853694
1520616776.368176222 7.962594841 2.044835564 3.502511147 -0.015181800 0.834338080 0.078688424 0.545396749
1520616776.418178082 8.010678039 2.048416811 3.460609687 -0.023507562 0.841477916 0.081266912 0.533627211
1520616776.468179226 8.060354031 2.054719333 3.430620792 -0.035943709 0.848331672 0.080691004 0.522044428
1520616776.518181324 8.114936830 2.064470655 3.401606189 -0.044831651 0.853591413 0.076459372 0.513347628
1520616776.568181992 8.171665002 2.081700804 3.372709208 -0.048539498 0.856511981 0.071835283 0.508793509
1520616776.618184328 8.219951692 2.101029827 3.346024159 -0.050527962 0.856588592 0.066455364 0.509201919
1520616776.668186188 8.261195727 2.109593371 3.307522265 -0.051905977 0.853455687 0.064135288 0.514592872
1520616776.718187094 8.315061864 2.123993518 3.274391271 -0.054898704 0.847152687 0.059584847 0.525136271
1520616776.767155409 8.371590305 2.142081329 3.236598534 -0.057267465 0.836393964 0.054634645 0.542384209
1520616776.817157269 8.432747479 2.153678995 3.207328093 -0.058679797 0.821174592 0.052204967 0.565246505
1520616776.867158413 8.488533806 2.161513467 3.183157637 -0.062371419 0.803906860 0.051468634 0.589232166
1520616776.917160273 8.547128251 2.162438308 3.173630714 -0.070672280 0.786956999 0.052218575 0.610718700
1520616776.967161417 8.606888959 2.168726699 3.157976908 -0.072234625 0.767104287 0.053580807 0.635186799
1520616777.017162323 8.658212831 2.174055847 3.142737647 -0.069573737 0.745984605 0.053966265 0.660116737
1520616777.067164183 8.707180112 2.177401724 3.131233660 -0.063924829 0.723285787 0.053424663 0.685504991
1520616777.117166519 8.756288385 2.187709157 3.122635547 -0.057186950 0.702102095 0.051129375 0.707932262
1520616777.166659117 8.813228958 2.210099384 3.122107528 -0.048015523 0.684270456 0.049147315 0.725984156
1520616777.216660976 8.866049068 2.235210722 3.120347883 -0.037311728 0.669973189 0.049777731 0.739774249
1520616777.266661882 8.919655664 2.258455114 3.121602347 -0.024337619 0.660265792 0.055323412 0.748596075
1520616777.316664219 8.975159102 2.274839967 3.117007329 -0.012066907 0.657889951 0.061441522 0.750506590
1520616777.366666079 9.011117404 2.273745656 3.100233925 -0.003251738 0.659653042 0.069363220 0.748355553
1520616777.416666985 9.073903144 2.279989477 3.098260924 0.006235548 0.667125520 0.078504531 0.740771015
1520616777.466703892 9.114385768 2.268639161 3.085912788 0.012379247 0.672679775 0.093738273 0.733867707
1520616777.516669989 9.159225914 2.269409831 3.069326649 0.017409185 0.681404416 0.105655520 0.724031666
1520616777.566918135 9.205739777 2.270167943 3.045510975 0.020681271 0.691827414 0.115369197 0.712486535
1520616777.616919041 9.250249996 2.264473469 3.028514491 0.026211880 0.699716124 0.128570520 0.702267687
1520616777.666921377 9.302270352 2.278357847 3.010454756 0.034667571 0.706178760 0.138012871 0.693586452
1520616777.716922283 9.352029283 2.288619827 2.990839761 0.044585929 0.712741080 0.144142762 0.685007381
1520616777.766924143 9.412064612 2.294879668 2.974649971 0.052755620 0.721805413 0.147778279 0.674073713
1520616777.816925287 9.471487519 2.299563507 2.955801424 0.062228357 0.730620896 0.148299771 0.663572088
1520616777.866927147 9.533916128 2.308004647 2.928693918 0.075013022 0.740289085 0.144400487 0.652298717
1520616777.916929007 9.592878170 2.330424518 2.900108301 0.091298545 0.753755734 0.135550056 0.636508485
1520616777.965325832 9.652518704 2.338489316 2.871621446 0.104871999 0.769347417 0.127750131 0.617078860
1520616778.015327930 9.707464325 2.337734078 2.841038644 0.112677133 0.785854577 0.124588776 0.595158873
1520616778.065328836 9.757109917 2.343404463 2.803523135 0.119043870 0.802834090 0.122775896 0.571149770
1520616778.115330935 9.801725815 2.344897644 2.770256564 0.122112983 0.819568427 0.125135090 0.545653024
1520616778.165331841 9.849022972 2.357118260 2.730383142 0.125072004 0.836380323 0.126434642 0.518497088
1520616778.215333700 9.894032783 2.366805533 2.684841871 0.125796516 0.855057989 0.124994579 0.487265254
1520616778.265335798 9.945926546 2.380193492 2.639601140 0.125266962 0.874949845 0.118754043 0.452402956
1520616778.315336704 9.981411415 2.394267097 2.583444608 0.128415402 0.890821101 0.109041489 0.421968251
1520616778.362357855 10.015601548 2.407796018 2.528549248 0.128239209 0.905669283 0.097048582 0.392300175
1520616778.412359715 10.043531081 2.411862875 2.462969381 0.126420997 0.921209908 0.086131470 0.357730914
1520616778.462360859 10.071941300 2.411765873 2.404434138 0.123088288 0.934430482 0.075074370 0.325657467
1520616778.512361765 10.102200941 2.414412819 2.345420905 0.109479985 0.947802970 0.063099877 0.292749156
1520616778.562363625 10.122268239 2.413888596 2.281443028 0.096090206 0.959665142 0.052884308 0.258868187
1520616778.612365007 10.140766477 2.408098960 2.227181732 0.083450601 0.969228310 0.043451103 0.227474133
1520616778.662366867 10.157530912 2.407421324 2.166419446 0.069936889 0.976789435 0.031935145 0.199928430
1520616778.712368727 10.165037503 2.411678889 2.100464212 0.057012002 0.982657687 0.020044171 0.175304688
1520616778.762369871 10.170881174 2.417988438 2.034764931 0.044167567 0.987130354 0.010525195 0.153336589
1520616778.810536623 10.178787421 2.423004879 1.972476074 0.033778820 0.990106045 0.002822635 0.136165504
1520616778.860534668 10.194465359 2.425755120 1.910205572 0.024311464 0.992149130 -0.006432006 0.122505860
1520616778.910535812 10.204037840 2.425332874 1.844823618 0.012202138 0.992968473 -0.020949805 0.115869863
1520616778.960536718 10.227160295 2.423777022 1.788021135 0.000933683 0.993051465 -0.035927877 0.112058487
1520616779.010538578 10.242861568 2.420266902 1.731993749 -0.010435975 0.992180356 -0.045276567 0.115841545
1520616779.060540676 10.261947681 2.422502199 1.674141847 -0.024833809 0.990755091 -0.053580124 0.122134357
1520616779.110597610 10.278930821 2.423871455 1.617422700 -0.035208252 0.988858871 -0.057567477 0.132681942
1520616779.160543680 10.297099620 2.426663766 1.561704150 -0.046010944 0.986853062 -0.059326282 0.143123791
1520616779.209789038 10.325498326 2.429580298 1.509391759 -0.053995090 0.985264584 -0.055976052 0.152331581
1520616779.259790897 10.357156247 2.434500448 1.458428255 -0.062683276 0.984099225 -0.049434757 0.158668605
1520616779.309792042 10.393226513 2.440526099 1.406758904 -0.067995182 0.983022303 -0.044143056 0.164606190
1520616779.359793901 10.421464428 2.449031339 1.348277749 -0.070772135 0.981445844 -0.041623331 0.173271053
1520616779.409794807 10.447622639 2.459496424 1.290886107 -0.073812164 0.978981143 -0.042922415 0.185217041
1520616779.459797144 10.480305825 2.465098268 1.237188790 -0.078934419 0.976203313 -0.045014871 0.196901273
1520616779.509799004 10.515311472 2.470203349 1.181829259 -0.086985683 0.973156823 -0.047905934 0.207615776
1520616779.559799910 10.551521820 2.473966096 1.129169278 -0.091601526 0.970610407 -0.048754696 0.217134928
1520616779.609575510 10.597827942 2.470748335 1.086066404 -0.093672985 0.968511693 -0.043580730 0.226519738
1520616779.659576416 10.636486350 2.473244220 1.037794064 -0.095668685 0.964403494 -0.041019925 0.243085930
1520616779.709578276 10.673825866 2.467878409 0.995040194 -0.100186376 0.960535153 -0.039203397 0.256511215
1520616779.759579420 10.705596050 2.466984275 0.946382957 -0.106002546 0.956274939 -0.041176753 0.269455334
1520616779.809581518 10.738551266 2.466550085 0.899733876 -0.108131204 0.952308753 -0.039221189 0.282625866
1520616779.859583378 10.779831792 2.461355448 0.859243815 -0.110590801 0.948637284 -0.035989620 0.294213741
1520616779.909584522 10.821047170 2.469192226 0.815778171 -0.105857313 0.943209637 -0.034416903 0.312994068
1520616779.959586382 10.873538301 2.461010518 0.778671441 -0.098572525 0.936668741 -0.024703711 0.335149001
1520616780.010064840 10.929902505 2.469030467 0.743865266 -0.092609049 0.928164263 -0.022093197 0.359786820
1520616780.060065746 10.982257439 2.477882124 0.707253833 -0.090122915 0.915887996 -0.023121274 0.390502812
1520616780.110067844 11.033876224 2.485769640 0.678039723 -0.083024094 0.900928377 -0.026802124 0.425107876
1520616780.160068750 11.082957575 2.488456692 0.654134531 -0.075543628 0.883200026 -0.031141049 0.461823678
1520616780.210070610 11.132638201 2.486067378 0.631899746 -0.067259870 0.864397400 -0.031243990 0.497309822
1520616780.260071754 11.179916151 2.476221807 0.618057836 -0.057218348 0.841856046 -0.027602266 0.535950159
1520616780.310073614 11.233447157 2.472508652 0.613373535 -0.053669157 0.815737344 -0.027612760 0.575264932
1520616780.360074520 11.287665602 2.471729525 0.614662988 -0.049859690 0.787552145 -0.027723947 0.613601673
1520616780.411785603 11.336176290 2.473486370 0.620174999 -0.053422652 0.755226126 -0.030471488 0.652572606
1520616780.461786509 11.383119290 2.480334282 0.625219005 -0.057165263 0.722241426 -0.037124881 0.688274073
1520616780.511788607 11.424104584 2.487005380 0.638746400 -0.057459020 0.688582073 -0.042244637 0.721642973
1520616780.561790466 11.460909614 2.491586157 0.641736759 -0.052414631 0.648144142 -0.046425133 0.758291886
1520616780.611791372 11.494391027 2.492848263 0.668547553 -0.051707608 0.608641914 -0.052100633 0.790042320
1520616780.661796331 11.521762125 2.503150710 0.690438094 -0.043038918 0.564364629 -0.060354298 0.822190718
1520616780.711794615 11.541964790 2.507071886 0.718684022 -0.034390635 0.512143887 -0.064237802 0.855803382
1520616780.761875629 11.551682080 2.507872197 0.750257433 -0.024754170 0.459582588 -0.066100708 0.885325800
1520616780.810660362 11.560008615 2.500625733 0.781819150 -0.019874466 0.407461967 -0.064600295 0.910717603
1520616780.860662699 11.551720559 2.509588291 0.816063468 -0.007298836 0.351136727 -0.065463204 0.934004440
1520616780.910663605 11.540720203 2.509432986 0.851051378 -0.004085898 0.287674286 -0.064268843 0.955560739
1520616780.960665464 11.516365872 2.505878796 0.886908049 -0.004954772 0.222003868 -0.059827844 0.973195953
1520616781.010666609 11.493618480 2.511080073 0.915956233 -0.003167759 0.152602249 -0.050755200 0.986978434
1520616781.060668468 11.457258593 2.527064010 0.934447210 0.006863437 0.082868538 -0.052018520 0.995178262
1520616781.110670805 11.420544417 2.518751732 0.956553125 0.006117995 0.014468881 -0.045194765 0.998854672
1520616781.160671473 11.377078279 2.532197315 0.972964825 0.014961678 -0.051686957 -0.043225544 0.997615236
1520616781.210673571 11.339130685 2.532417872 0.983678466 0.019608405 -0.122938577 -0.032337717 0.991693445
1520616781.261108875 11.291450756 2.551304517 0.982983388 0.030365632 -0.190125736 -0.027074301 0.980916467
1520616781.311110735 11.234880007 2.545397781 0.972102125 0.034985306 -0.246745531 -0.020697826 0.968227386
1520616781.361111879 11.177367218 2.539098140 0.952692226 0.039187861 -0.296218670 -0.014004549 0.954213123
1520616781.411113739 11.113372378 2.530625923 0.930854229 0.039731292 -0.339096184 -0.004768703 0.939900241
1520616781.461116076 11.063825254 2.530713994 0.918142235 0.041019370 -0.379342667 0.006891225 0.924320866
1520616781.511116982 11.000213388 2.537704878 0.893424223 0.042682548 -0.412302131 0.017166387 0.909884865
1520616781.561118841 10.952693862 2.542760552 0.880568942 0.038295818 -0.444781178 0.029998687 0.894317177
1520616781.611119986 10.892867149 2.553377546 0.860243286 0.031977321 -0.469000848 0.039383614 0.881739523
1520616781.664536238 10.838621117 2.558597911 0.850662247 0.023450257 -0.488446506 0.047785170 0.870968814
1520616781.714537382 10.788487443 2.557921026 0.832468686 0.015248101 -0.499393896 0.058994255 0.864229662
1520616781.764540195 10.741710177 2.556652236 0.816090215 0.007799559 -0.505817616 0.072666268 0.859539016
1520616781.814541101 10.695981682 2.554888219 0.806866962 0.003990318 -0.507563756 0.085562415 0.857346012
1520616781.864543438 10.642979455 2.555871718 0.794072082 -0.001053015 -0.505421081 0.100457869 0.857004456
1520616781.914544106 10.597740760 2.553859755 0.784689575 -0.007067611 -0.503950063 0.114745501 0.856047810
1520616781.964545488 10.561800984 2.547158568 0.783844276 -0.012801304 -0.504512980 0.122931738 0.854511889
1520616782.014547348 10.515181552 2.551644134 0.781333611 -0.017623102 -0.502600120 0.128901112 0.854673651
1520616782.066580296 10.457193274 2.562147050 0.776427327 -0.023018301 -0.496419376 0.134494881 0.857291717
1520616782.116582394 10.410345816 2.570208941 0.782072013 -0.032187942 -0.486325262 0.137826083 0.862238741
1520616782.166584492 10.366996733 2.573887701 0.797630163 -0.043425530 -0.472452529 0.140973446 0.868924230
1520616782.216585398 10.319101771 2.575957481 0.813122999 -0.052325241 -0.453426476 0.144162679 0.877999785
1520616782.266587496 10.282524005 2.569507477 0.838308585 -0.059378245 -0.431541311 0.151908655 0.887226060
1520616782.316588402 10.240731939 2.566059186 0.868534060 -0.060730489 -0.403941732 0.159498739 0.898723003
1520616782.366590261 10.213068949 2.557433131 0.903217483 -0.059158460 -0.373451031 0.157307944 0.912298643
1520616782.416692257 10.178549613 2.548913335 0.931307702 -0.052549574 -0.339877096 0.155280761 0.926072344
1520616782.467311859 10.156621715 2.537657314 0.964503738 -0.044836144 -0.306615520 0.150610614 0.938772116
1520616782.517313004 10.127341162 2.534076799 1.001418525 -0.035765873 -0.272212537 0.147592213 0.950177707
1520616782.567315102 10.100438148 2.531978284 1.041196376 -0.027561575 -0.240528044 0.144490829 0.959431613
1520616782.617316008 10.077578255 2.527734433 1.077904798 -0.020126156 -0.211642066 0.140614665 0.966969539
1520616782.667318106 10.052840562 2.533136242 1.116986114 -0.012167601 -0.182947706 0.138299178 0.973270478
1520616782.717319965 10.027882543 2.535707078 1.157410966 -0.008108173 -0.155423903 0.135297368 0.978505130
1520616782.767320871 10.001183074 2.538873676 1.198358521 -0.005299993 -0.129014116 0.129521104 0.983133537
1520616782.817323208 9.979500070 2.537445553 1.244382637 -0.001519958 -0.103305432 0.127128078 0.986490816
1520616782.868397713 9.962215260 2.533336370 1.284612930 0.004940424 -0.080943655 0.124136975 0.988945766
1520616782.918399572 9.950477468 2.527349153 1.321898157 0.013022716 -0.065606230 0.118836869 0.990658382
1520616782.968400478 9.942221296 2.524832451 1.360350480 0.023565364 -0.052650809 0.111945082 0.992038742
1520616783.018402576 9.926540267 2.517581154 1.395365929 0.032774950 -0.043100414 0.100372067 0.993475518
1520616783.068404675 9.918953936 2.512615839 1.433872561 0.040342236 -0.036636739 0.088238206 0.994607597
1520616783.118405581 9.918859527 2.514617107 1.474576408 0.046544417 -0.038761050 0.074828187 0.995355183
1520616783.168407679 9.906427051 2.515752186 1.511157706 0.053267676 -0.043197946 0.057666386 0.995977450
1520616783.218408585 9.888170573 2.514711157 1.550994576 0.060792581 -0.054213279 0.041405933 0.995816615
1520616783.268410444 9.876767306 2.513647510 1.591009923 0.069711424 -0.076331067 0.025967334 0.994303567
1520616783.318411589 9.860578061 2.513480807 1.629131321 0.081558325 -0.107175309 0.011433059 0.990823384
1520616783.368413448 9.846598040 2.507904913 1.663581838 0.096810931 -0.149597245 -0.003194954 0.983990905
1520616783.418414354 9.821117481 2.497163661 1.693018059 0.117439506 -0.194959547 -0.015513966 0.973631375
1520616783.468417645 9.791535105 2.490436204 1.717814527 0.150909153 -0.241707354 -0.028878374 0.958107521
1520616783.518418550 9.747705377 2.475812243 1.728175249 0.180949990 -0.292554119 -0.038575208 0.938179696
1520616783.568419456 9.708741357 2.455691622 1.722295793 0.203018495 -0.345876013 -0.041226424 0.915124940
1520616783.618421555 9.662544150 2.444649617 1.719324608 0.225603380 -0.396338483 -0.041630527 0.888980214
1520616783.668423414 9.613215752 2.429409513 1.727080523 0.234883339 -0.449388484 -0.037384588 0.861093607
1520616783.718424559 9.563544064 2.424157629 1.728608446 0.244693525 -0.494394637 -0.033896432 0.833396696
1520616783.768426657 9.516305328 2.416440221 1.720943451 0.248400716 -0.531254372 -0.030690229 0.809397298
1520616783.818427563 9.466180479 2.407483654 1.701611768 0.247387967 -0.563826920 -0.026605067 0.787521789
1520616783.868429661 9.429925844 2.408503636 1.694466932 0.248696496 -0.591651252 -0.021660085 0.766570081
1520616783.918430567 9.378931659 2.405859488 1.680935611 0.249647219 -0.613342676 -0.014798536 0.749178237
1520616783.968432426 9.325551221 2.397631650 1.672823177 0.246844902 -0.634448112 -0.003655605 0.732481962
1520616784.018434763 9.281021652 2.390087526 1.654414432 0.238059532 -0.652669252 0.009225390 0.719211651
1520616784.068435669 9.242477914 2.389577551 1.630477863 0.227412382 -0.674030404 0.020642702 0.702524378
1520616784.118436337 9.201245558 2.396422345 1.616061684 -0.219237768 0.697279197 -0.031849122 -0.681705329
1520616784.168438673 9.160110505 2.402896876 1.583476737 -0.208663283 0.717797201 -0.039277378 -0.663086796
1520616784.218439579 9.125285456 2.397173359 1.559229831 -0.194584705 0.741785143 -0.045307107 -0.640186582
1520616784.268441439 9.087066620 2.401596613 1.523342209 -0.177828987 0.765894671 -0.053124476 -0.615597266
1520616784.318443537 9.049686669 2.420960905 1.497350278 -0.159826242 0.785682192 -0.063254557 -0.594270921
1520616784.368444443 9.005733427 2.419376675 1.472083059 -0.137777349 0.801535426 -0.073567601 -0.577188159
1520616784.418446541 8.961515700 2.438141010 1.435147632 -0.113071497 0.813794583 -0.090266073 -0.562854555
1520616784.468447685 8.919622853 2.452307397 1.404221525 -0.091644890 0.820252696 -0.109151650 -0.553960870
1520616784.518264532 8.870425949 2.473315409 1.384365031 -0.077058654 0.820401086 -0.131273465 -0.551154515
1520616784.568265200 8.821947947 2.464944322 1.377003480 -0.059595934 0.816574454 -0.150632777 -0.554043547
1520616784.618267536 8.777917658 2.469902507 1.357591412 -0.041181985 0.807168259 -0.169729397 -0.563893055
1520616784.668269396 8.724837036 2.460281328 1.344602568 -0.025389852 0.796130260 -0.185649137 -0.575383665
1520616784.718270302 8.673469408 2.457500175 1.334591547 -0.015136314 0.780146991 -0.199862259 -0.592618462
1520616784.768272400 8.615142109 2.456045616 1.325513251 -0.008533913 0.759725087 -0.212594600 -0.614449755
1520616784.818273306 8.554098509 2.450340612 1.329189941 0.000942392 0.737356898 -0.226512659 -0.636392907
1520616784.868275404 8.501995514 2.461072158 1.324914127 0.007912415 0.712321603 -0.237338964 -0.660458586
1520616784.918461561 8.445148368 2.452637075 1.315164425 0.016690508 0.688592594 -0.242504697 -0.683193339
1520616784.968463421 8.383251111 2.444381929 1.319370151 -0.025649933 -0.665650198 0.245100555 0.704398760
1520616785.018465519 8.325781405 2.440638315 1.327714175 -0.032260166 -0.643455293 0.246770393 0.723898432
1520616785.068466425 8.267308026 2.443507594 1.331382236 -0.036729849 -0.619446599 0.250825947 0.742982620
1520616785.118468523 8.209265218 2.437932414 1.342183638 -0.039761126 -0.593781173 0.252289936 0.763015570
1520616785.168469667 8.147837031 2.430203279 1.357700074 -0.038591383 -0.567891392 0.255107827 0.781620156
1520616785.218471527 8.103790933 2.444639223 1.382220093 -0.030748457 -0.541566908 0.255938968 0.800159397
1520616785.268473387 8.057543799 2.420795477 1.396330515 -0.029785819 -0.511804554 0.256086229 0.819505184
1520616785.318474531 8.010109190 2.388383278 1.417543088 -0.033483913 -0.485180978 0.256501661 0.835275490
1520616785.368476629 7.962958734 2.400529899 1.449885885 -0.031681314 -0.463900141 0.258646012 0.846696636
1520616785.418477774 7.912460682 2.408232620 1.467768667 -0.030854856 -0.442218674 0.261738894 0.857311713
1520616785.468479633 7.868719046 2.404693258 1.490395893 -0.033576045 -0.422130393 0.265388558 0.866168283
1520616785.518480539 7.817984924 2.420094662 1.509778258 -0.029915780 -0.402170123 0.270096860 0.874306539
1520616785.568482637 7.773107240 2.427249087 1.541285186 -0.027670009 -0.384664758 0.276499996 0.880235847
1520616785.618483543 7.734480530 2.421952500 1.568289161 -0.027495432 -0.366549482 0.285789911 0.884991302
1520616785.668485403 7.702594221 2.418479994 1.606148730 -0.024511002 -0.347004071 0.290689092 0.891340136
1520616785.718486547 7.668496384 2.420899684 1.644154046 -0.017229964 -0.325692877 0.286856010 0.900744641
1520616785.768488646 7.645104894 2.423725423 1.681295908 -0.013549497 -0.306388126 0.290431027 0.906417424
1520616785.818489552 7.614079051 2.425191550 1.723488135 -0.010993331 -0.285949020 0.297475622 0.910835089
1520616785.868491650 7.593270700 2.419326140 1.762009478 -0.012228185 -0.264588744 0.299525336 0.916584879
1520616785.918493509 7.585455462 2.414125593 1.809400342 -0.013045789 -0.240507798 0.297182517 0.923941750
1520616785.968494415 7.573030247 2.412943570 1.860364564 -0.009058631 -0.212520797 0.295574755 0.931336897
1520616786.018496513 7.555909497 2.418889725 1.907027823 -0.003944267 -0.182115918 0.298023980 0.937016511
1520616786.068497419 7.541762611 2.422420044 1.957684390 0.003721792 -0.150298340 0.301985071 0.941382799
1520616786.118499517 7.540021970 2.430449298 2.007473553 0.010982074 -0.115924247 0.303638134 0.945645201
1520616786.168500662 7.541765716 2.430059226 2.067776989 0.018077877 -0.077860031 0.305129556 0.948950452
1520616786.218502522 7.546455160 2.430416144 2.118165057 0.024887437 -0.039387430 0.305729616 0.950977732
1520616786.268504620 7.559060294 2.433942244 2.160877938 0.030434885 -0.003212725 0.302040064 0.952803860
1520616786.318505526 7.576835426 2.441428485 2.205249369 0.033102406 0.036072098 0.296423524 0.953800885
1520616786.368507385 7.599854974 2.448595789 2.242201070 0.028774154 0.076347110 0.288468488 0.954006865
1520616786.418508530 7.615827836 2.469636813 2.286078200 0.025116412 0.112014931 0.283092912 0.952197576
1520616786.468510628 7.651309881 2.464216124 2.329175782 0.020470045 0.145034040 0.281437746 0.948334803
1520616786.518511534 7.669875007 2.470863141 2.366904209 0.021576581 0.177091572 0.279223628 0.943507918
1520616786.568513632 7.699390357 2.487967969 2.407273005 0.022414491 0.205369761 0.274771976 0.939053360
1520616786.618514538 7.719259647 2.503310342 2.453467272 0.026105232 0.228672077 0.274158494 0.933736964
1520616786.668516397 7.745766913 2.516112008 2.491534980 0.026244742 0.247830217 0.272789480 0.929234791
1520616786.718518734 7.774405129 2.522867156 2.527265829 0.027187546 0.262676059 0.274412303 0.924640478
1520616786.768520594 7.807941384 2.531988044 2.568896960 0.027004734 0.278104108 0.266840449 0.922347562
1520616786.818521500 7.844505146 2.526082748 2.615814324 0.018907867 0.292992276 0.256015127 0.921007206
1520616786.868523598 7.862967253 2.497228415 2.652165017 0.011963511 0.304944054 0.253267532 0.917998668
1520616786.918525457 7.893977953 2.470263728 2.694850861 0.004861986 0.316271699 0.247676627 0.915753713
1520616786.967437744 7.924594302 2.472857835 2.714837973 0.003468463 0.322939652 0.237682566 0.916081300
1520616787.017439842 7.954509328 2.478094762 2.749302111 0.003281015 0.333049355 0.224927181 0.915682874
1520616787.067444801 7.995309520 2.492146334 2.783140346 0.004292868 0.343199511 0.206877743 0.916186262
1520616787.117441893 8.039634592 2.497962283 2.822023258 0.006331541 0.352516021 0.195308036 0.915176015
1520616787.167443752 8.078981446 2.499562138 2.860449911 0.008523746 0.362250352 0.190911751 0.912279963
1520616787.217445612 8.132169853 2.505001644 2.897104939 0.008189886 0.377376847 0.184878970 0.907380520
1520616787.267446995 8.188407542 2.516263382 2.925629624 0.006228062 0.396264255 0.176011460 0.901085910
1520616787.317462921 8.248848827 2.507998754 2.968910625 -0.001443598 0.416636165 0.170107857 0.893014859
1520616787.365852356 8.296066963 2.515246530 2.984849217 -0.007122446 0.432652942 0.166290240 0.886063349
1520616787.415853262 8.352912034 2.514985785 3.010193196 -0.013655061 0.452677323 0.161266895 0.876863598
1520616787.465855360 8.409432215 2.506384402 3.038652337 -0.017895122 0.474287607 0.156974140 0.866077450
1520616787.515857220 8.468380300 2.505537016 3.057695253 -0.015537569 0.493965954 0.149770169 0.856344041
1520616787.565858126 8.531204792 2.507962011 3.087058511 -0.010301276 0.510894381 0.141261128 0.847895105
1520616787.615860224 8.576972986 2.502464973 3.111045528 -0.009670772 0.523798318 0.134251210 0.841141136
1520616787.665861130 8.610355326 2.517697111 3.152280704 -0.008434355 0.535378281 0.128364609 0.834758339
1520616787.715863228 8.662727640 2.527344153 3.177657861 -0.011419445 0.541836564 0.126628051 0.830811694
1520616787.764108419 8.703851516 2.534387366 3.186921904 -0.015087329 0.543367180 0.126867813 0.829716240
1520616787.814110279 8.760478937 2.559352730 3.217317988 -0.019396415 0.543566790 0.126278102 0.829585900
1520616787.864112139 8.811750696 2.562721809 3.245240144 -0.030241239 0.542707150 0.127213844 0.829681297
1520616787.914113283 8.850279273 2.559072969 3.285072245 -0.036226072 0.542687379 0.132030065 0.828701479
1520616787.964115381 8.906929609 2.567170673 3.308311628 -0.034907630 0.538922875 0.131923540 0.831227870
1520616788.014116287 8.966434657 2.575677118 3.331438202 -0.028493863 0.533669775 0.130457879 0.835084076
1520616788.064118385 9.021791001 2.577797242 3.358739968 -0.022210007 0.528792329 0.123061620 0.839488670
1520616788.114120245 9.079607085 2.582797779 3.372381946 -0.017440585 0.524231174 0.110182244 0.844237748
1520616788.164121151 9.131688396 2.588526898 3.404925508 -0.013422558 0.524436223 0.100233555 0.845422804
1520616788.212737322 9.187834440 2.604278391 3.401161260 -0.009776425 0.521308689 0.092769429 0.848254387
1520616788.262739182 9.244867652 2.623645396 3.420152901 -0.007425759 0.523558515 0.087371220 0.847465403
1520616788.312742472 9.306349409 2.635479761 3.433179620 -0.010647700 0.528937303 0.084050256 0.844421406
1520616788.362743378 9.371187255 2.638469709 3.445752172 -0.017715651 0.529840068 0.089243239 0.843203002
1520616788.412744284 9.436805676 2.646235464 3.451267168 -0.025505845 0.528096387 0.089813465 0.844036255
1520616788.462746382 9.503328642 2.653155288 3.458250636 -0.033209881 0.529523022 0.086822871 0.843186967
1520616788.512747288 9.561895857 2.653693231 3.461488054 -0.038850029 0.531443155 0.082585678 0.842162962
1520616788.562749386 9.620508488 2.655381295 3.469220622 -0.039805441 0.530749880 0.080573550 0.842750256
1520616788.611556530 9.672672055 2.666609667 3.487107638 -0.037401909 0.529658811 0.080813530 0.843523452
1520616788.661558390 9.717364348 2.680328461 3.503505558 -0.036953743 0.528974670 0.079993754 0.844050484
1520616788.711559296 9.775621350 2.701879364 3.525751056 -0.037503918 0.526216734 0.078925742 0.845848764
1520616788.761561394 9.837332987 2.720810767 3.547873862 -0.038739399 0.520128687 0.078133020 0.849623822
1520616788.811563253 9.899018392 2.738869861 3.572307245 -0.040659547 0.513691141 0.076024625 0.853632514
1520616788.861564159 9.958734552 2.756421590 3.597238128 -0.042488846 0.508080658 0.073623469 0.857104619
1520616788.911565304 10.018497169 2.762694389 3.622398069 -0.046275813 0.498310895 0.070423826 0.862893554
1520616788.961603403 10.074895463 2.768877317 3.645403379 -0.049547031 0.483760248 0.065901457 0.871308276
1520616789.010904312 10.125484639 2.769051778 3.674407938 -0.052974772 0.468956416 0.061352748 0.879493828
1520616789.060905218 10.180799224 2.770238016 3.696332135 -0.057875730 0.453032069 0.055163212 0.887901664
1520616789.110907555 10.235354586 2.780926110 3.717473930 -0.060494113 0.437476273 0.049911879 0.895803425
1520616789.160908461 10.292149057 2.795043853 3.739611475 -0.062268237 0.425879040 0.042946322 0.901612624
1520616789.210910320 10.340834079 2.815533450 3.772755097 -0.060822069 0.418446665 0.035778287 0.905495985
1520616789.260911465 10.378661967 2.832223798 3.816963129 -0.058435046 0.414416618 0.033968204 0.907573894
1520616789.310913324 10.421778407 2.841463642 3.860602195 -0.059484938 0.413306060 0.031338483 0.908106570
1520616789.360914230 10.468997313 2.856622860 3.898687596 -0.059497140 0.413863555 0.032287374 0.907818580
1520616789.411003113 10.522466172 2.865984245 3.927407731 -0.061696412 0.413181650 0.036004457 0.907842583
1520616789.461005211 10.575181651 2.873017366 3.957203931 -0.063542206 0.411470555 0.039128154 0.908363010
1520616789.511006355 10.625303083 2.874615983 3.990313670 -0.067933027 0.412023521 0.041825730 0.907674132
1520616789.561008215 10.673887366 2.872370820 4.020899149 -0.072066467 0.414451188 0.042532307 0.906216111
1520616789.611009121 10.723758141 2.877770765 4.052659200 -0.070658600 0.413740429 0.042981813 0.906630456
1520616789.661011219 10.778428579 2.882388229 4.075615500 -0.068522133 0.407648804 0.037621544 0.909786672
1520616789.711012125 10.830708736 2.884976567 4.101449833 -0.065958069 0.398708037 0.029859161 0.914215437
1520616789.761014223 10.874495938 2.894442739 4.139605729 -0.061169857 0.387267706 0.024133325 0.919619244
1520616789.812219858 10.908909888 2.901392270 4.196760605 -0.054901948 0.372806635 0.018285508 0.926102926
1520616789.862221718 10.940455385 2.892360538 4.253842954 -0.052277407 0.354036855 0.011558041 0.933697697
1520616789.912223577 10.984787513 2.902185420 4.288158565 -0.046520688 0.330087223 0.004966719 0.942790317
1520616789.962224722 11.025280042 2.903282057 4.327161212 -0.045455272 0.309309787 -0.000528302 0.949874199
1520616790.012227774 11.058533558 2.903653128 4.368479162 -0.046385161 0.289431052 -0.001823491 0.956072569
1520616790.062228680 11.088701466 2.907587417 4.406783035 -0.049590410 0.265130180 0.001790541 0.962934875
1520616790.112229824 11.114307394 2.920940857 4.445790974 -0.053434657 0.239576163 0.004157044 0.969397090
1520616790.162231684 11.126371617 2.923993702 4.492071283 -0.058931117 0.217177876 0.003185892 0.974346316
1520616790.212306976 11.155909426 2.918937803 4.532671338 -0.060906320 0.192661074 -0.000293133 0.979373292
1520616790.262307882 11.177460554 2.933050645 4.580499227 -0.056133621 0.171327658 -0.004648812 0.983602683
1520616790.312308788 11.196914369 2.942525376 4.627421536 -0.052312280 0.147165567 -0.008197769 0.987693534
1520616790.362311125 11.216902280 2.940442876 4.663556095 -0.052655912 0.123872416 -0.014459242 0.990794585
1520616790.412312984 11.225112747 2.947991840 4.710221008 -0.051611786 0.101890142 -0.018868521 0.993276699
1520616790.462313890 11.234033038 2.954332742 4.746297796 -0.048674276 0.078640344 -0.023135929 0.995445247
1520616790.512315989 11.243806462 2.947017240 4.790895715 -0.048583401 0.052770828 -0.024798728 0.997115799
1520616790.562316895 11.245549542 2.948710472 4.829728608 -0.044045686 0.026268261 -0.025043643 0.998370058
1520616790.612377882 11.240580965 2.941320662 4.873426453 -0.039059829 -0.000597390 -0.021925081 0.998996128
1520616790.660989523 11.236721834 2.948666125 4.910059053 -0.032872805 -0.026431539 -0.018875528 0.998931663
1520616790.710991621 11.240604649 2.936644320 4.947129854 -0.029466746 -0.054097875 -0.018064687 0.997937272
1520616790.760992527 11.234197804 2.926495943 4.989940783 -0.024258036 -0.081556012 -0.019099332 0.996190434
1520616790.810994625 11.227524823 2.924961855 5.025854203 -0.024729531 -0.110659489 -0.017163581 0.993402406
1520616790.860995770 11.217166505 2.933413388 5.064773860 -0.026023880 -0.139453350 -0.014781971 0.989776245
1520616790.910997629 11.212108455 2.936181959 5.099883546 -0.027231448 -0.165937841 -0.013203346 0.985671727
1520616790.960998535 11.196375523 2.931468253 5.123230720 -0.027067450 -0.189313798 -0.007815294 0.981512384
1520616791.011000633 11.188005383 2.920042401 5.159877662 -0.023123516 -0.210644730 0.001805294 0.977287492
1520616791.060411215 11.171196263 2.911900308 5.185306645 -0.017748276 -0.229259657 0.015365757 0.973082166
1520616791.110412121 11.150436864 2.901724547 5.221827288 -0.012793871 -0.248726771 0.027989143 0.968084665
1520616791.160413980 11.122949380 2.895200845 5.249175967 -0.006725160 -0.265118087 0.035903703 0.963523791
1520616791.210415125 11.103076367 2.888145760 5.282495519 -0.000751748 -0.283473580 0.041775474 0.958069400
1520616791.260417223 11.076556801 2.883142319 5.313774715 0.007766681 -0.300157872 0.045708053 0.952762145
1520616791.310418129 11.048070893 2.879508279 5.345562394 0.017704140 -0.317089088 0.046307494 0.947099092
1520616791.360420227 11.017083204 2.873116071 5.376903486 0.024222511 -0.334747134 0.040800207 0.941112623
1520616791.410422087 10.987658735 2.873068645 5.407092466 0.028794220 -0.355837167 0.034589823 0.933463629
1520616791.460058212 10.948969437 2.875822048 5.429595366 0.033308340 -0.375757340 0.027978980 0.925696577
1520616791.510060310 10.904656776 2.869582133 5.447771650 0.038865866 -0.393767546 0.019426557 0.918182538
1520616791.560062408 10.869836084 2.866828326 5.476890508 0.043361645 -0.412950570 0.009735941 0.909668514
1520616791.610063553 10.835440790 2.858886930 5.498942283 0.043227241 -0.437449230 0.005018994 0.898189505
1520616791.660065413 10.801615061 2.854782691 5.513885407 0.045726332 -0.463326409 0.001267448 0.885006291
1520616791.710066319 10.762156833 2.845959576 5.524693865 0.048751315 -0.484859906 -0.001442218 0.873230841
1520616791.760068417 10.723204209 2.842151750 5.530175907 0.054364955 -0.506596757 -0.000890321 0.860466958
1520616791.810069323 10.673185605 2.840379248 5.536745332 0.061542225 -0.531446714 0.003777616 0.844844763
1520616791.860033035 10.624401249 2.840231086 5.542687918 0.071075301 -0.558052481 0.008130327 0.826716171
1520616791.910035133 10.572626150 2.843691558 5.548770529 0.080582965 -0.585699539 0.012401870 0.806417156
1520616791.960036278 10.529423966 2.847367281 5.559371015 0.085595839 -0.615905082 0.012483859 0.783057109
1520616792.010038137 10.484457159 2.854992461 5.572947283 0.089162618 -0.646112369 0.010093748 0.757949174
1520616792.060043097 10.438162804 2.849360017 5.555289182 0.090197686 -0.670689248 0.008181974 0.736188404
1520616792.110040188 10.390513036 2.845946309 5.545976824 0.091063492 -0.696171032 0.008928660 0.712020796
1520616792.160047293 10.345289689 2.848862554 5.542866133 -0.091338831 0.723309258 -0.010698753 -0.684373051
1520616792.210043907 10.304026346 2.838806464 5.516593976 -0.089197405 0.750370337 -0.012060050 -0.654860852
1520616792.260230064 10.264984188 2.834904694 5.495032519 -0.088628437 0.775876585 -0.012552831 -0.624502162
1520616792.310152054 10.226794662 2.830447149 5.477309173 -0.086776000 0.800030711 -0.009547863 -0.593573605
1520616792.360153198 10.184767779 2.825258909 5.445453506 -0.086363314 0.818413655 -0.011362528 -0.567988874
1520616792.410155058 10.143978743 2.819447820 5.414294095 -0.085893885 0.834752033 -0.010349183 -0.543786887
1520616792.460155964 10.100196362 2.817591539 5.374158183 -0.084175033 0.847054636 -0.013830397 -0.524615790
1520616792.510158062 10.051336650 2.826376876 5.346161659 -0.083787535 0.857624882 -0.016184619 -0.507146201
1520616792.560158968 10.004540941 2.828856206 5.316297988 -0.083154877 0.863533175 -0.016197739 -0.497125090
1520616792.610161066 9.948554414 2.834197152 5.287417017 -0.080681509 0.865071816 -0.019415269 -0.494736592
1520616792.660163164 9.901698296 2.826198389 5.259456220 -0.073655218 0.866184393 -0.023726802 -0.493696815
1520616792.710271358 9.858022689 2.811791360 5.222943062 -0.065735914 0.867018618 -0.031898693 -0.492889419
1520616792.760273218 9.812769805 2.791848649 5.187445634 -0.059573535 0.865276101 -0.043122119 -0.495871703
1520616792.810274363 9.769570885 2.767168875 5.147156560 -0.053403009 0.861723540 -0.056419531 -0.501395548
1520616792.860276222 9.723687526 2.750166381 5.115851318 -0.048167385 0.858136782 -0.071280159 -0.506162331
1520616792.910277367 9.678218507 2.732170354 5.077234271 -0.040964510 0.855114470 -0.085332077 -0.509725012
1520616792.960279465 9.628706291 2.717679482 5.041727180 -0.034784170 0.851273841 -0.099318802 -0.514060974
1520616793.010280371 9.586504633 2.702921931 5.011418870 -0.029015511 0.847028123 -0.111832954 -0.518839907
1520616793.060282469 9.532804456 2.700117409 4.979156092 -0.023240180 0.841692838 -0.125198756 -0.524726912
1520616793.110411644 9.480399956 2.688125258 4.942060546 -0.015995377 0.834872541 -0.138494164 -0.532495404
1520616793.160412550 9.430095629 2.674646917 4.915004653 -0.007351452 0.826602523 -0.150241050 -0.542311582
1520616793.210414648 9.374816267 2.653956911 4.886459302 0.004798603 0.817017263 -0.162884093 -0.553108070
1520616793.260416508 9.325465393 2.627513500 4.856014411 0.012424870 0.806897457 -0.171112798 -0.565227854
1520616793.310418606 9.274424476 2.613449047 4.827130349 0.015142449 0.797029254 -0.177723858 -0.577000264
1520616793.360419750 9.221401032 2.594725891 4.803583013 0.018200500 0.786992439 -0.181019527 -0.589528263
1520616793.410421610 9.162938272 2.575427388 4.783143485 0.021877082 0.775346040 -0.183653498 -0.603847086
1520616793.460422516 9.105241813 2.559949351 4.758263626 0.024398446 0.761458999 -0.186996832 -0.620175051
1520616793.510510445 9.044393613 2.563786901 4.743624089 0.024221666 0.747288982 -0.193213833 -0.635327398
1520616793.560512304 8.966803809 2.572083306 4.730484053 0.023693673 0.730236848 -0.204604235 -0.651406066
1520616793.610514641 8.915297433 2.563896030 4.723356272 0.027948853 0.712639084 -0.214092857 -0.667479322
1520616793.660515308 8.860356697 2.551895385 4.705324908 0.030391727 0.689962432 -0.225983578 -0.686993164
1520616793.710516691 8.799149306 2.533075477 4.702306083 -0.033357700 -0.664573745 0.236952936 0.707871674
1520616793.760518551 8.713125210 2.534912192 4.708159174 -0.032055367 -0.636758493 0.245122211 0.730360306
1520616793.810520411 8.659106152 2.523705318 4.707080825 -0.033600491 -0.608455832 0.248330702 0.752983646
1520616793.860521555 8.608602053 2.504805820 4.719179195 -0.038564404 -0.575377246 0.251073587 0.777441872
1520616793.910856009 8.567533446 2.489655698 4.728975949 -0.043933691 -0.542189237 0.253388125 0.799934447
1520616793.960752964 8.516529643 2.488181014 4.756324670 -0.046899378 -0.508716895 0.255293690 0.820873133
1520616794.010754824 8.454330089 2.479552135 4.777342115 -0.048938846 -0.473601993 0.261439089 0.839616427
1520616794.060755968 8.406990103 2.489322489 4.817605198 -0.043510174 -0.440723637 0.267550665 0.855737216
1520616794.110758066 8.359734218 2.486729140 4.842635633 -0.039947633 -0.405848274 0.275327940 0.870566419
1520616794.160759211 8.317412572 2.479645733 4.868402430 -0.035662891 -0.372777713 0.286539588 0.881850327
1520616794.210761070 8.285058144 2.469604380 4.906025194 -0.030941739 -0.343230941 0.298125978 0.890143826
1520616794.260762930 8.265556840 2.461730430 4.947745210 -0.029017771 -0.313937905 0.307039509 0.897957516
1520616794.310711861 8.239657545 2.459824210 4.992179758 -0.025423511 -0.280224494 0.310838810 0.907858531
1520616794.360714197 8.220436179 2.450481336 5.029650267 -0.024155536 -0.247040892 0.319961517 0.914336883
1520616794.410714865 8.195085832 2.434341434 5.071959188 -0.020510573 -0.212486470 0.327682287 0.920354896
1520616794.460716963 8.173187726 2.425327125 5.114868970 -0.014654449 -0.174282482 0.328352013 0.928221859
1520616794.510718107 8.156487408 2.414872306 5.154676302 -0.011087774 -0.130929877 0.326664503 0.935961928
1520616794.560719967 8.150871636 2.414735330 5.199231734 -0.008636649 -0.086404370 0.322224014 0.942672466
1520616794.610720873 8.144495368 2.418641825 5.238611424 -0.005172755 -0.040166309 0.322807703 0.945597746
1520616794.660722971 8.137186188 2.425922006 5.279401351 -0.001554314 0.008884453 0.323507287 0.946182692
1520616794.710424423 8.141340631 2.435510942 5.315792291 0.003958231 0.059470459 0.325610799 0.943623444
1520616794.760425568 8.154092865 2.449777155 5.353451409 0.010254883 0.112950412 0.327516342 0.938013906
1520616794.810427427 8.170971473 2.458975220 5.386612767 0.016502173 0.165691354 0.330435262 0.929024538
1520616794.860428333 8.188382485 2.465166696 5.416284791 0.022108593 0.220142478 0.328101503 0.918366976
1520616794.910430670 8.208076015 2.471460626 5.438820126 0.024205429 0.275031290 0.322834621 0.905289840
1520616794.960432529 8.243866084 2.484011884 5.455487611 0.024453655 0.326134693 0.316808620 0.890320436
1520616795.010434389 8.274163493 2.500026900 5.466501471 0.023527431 0.376488318 0.308939321 0.873074740
1520616795.060435534 8.305636783 2.512367292 5.470838643 0.021608893 0.424354338 0.303274354 0.852925037
1520616795.110436440 8.340186480 2.527936250 5.477083515 0.025131746 0.469189795 0.299298104 0.830451670
1520616795.160324812 8.375753396 2.544907401 5.480571753 0.032870869 0.510267853 0.294873395 0.807214906
1520616795.210326672 8.411475561 2.554947300 5.468092962 0.039843160 0.547051921 0.291607097 0.783652996
1520616795.260327816 8.443047266 2.566017807 5.448540075 0.044129896 0.582415129 0.282802906 0.760833547
1520616795.310329676 8.479228341 2.579045095 5.428552656 0.046796230 0.615717725 0.272152453 0.737993793
1520616795.360330582 8.514543536 2.591934754 5.411882449 0.048588976 0.647449161 0.259785890 0.714814652
1520616795.410332680 8.547184333 2.598926655 5.373007658 0.043869704 0.676106702 0.241987862 0.694548091
1520616795.460333586 8.581272869 2.607932058 5.341002537 0.037962713 0.703156303 0.228214393 0.672345325
1520616795.510339737 8.605885584 2.616306609 5.298275480 0.032849563 0.727166851 0.219357285 0.649639638
1520616795.560231924 8.637249062 2.632766199 5.268192407 0.029180717 0.756203961 0.205682512 0.620482683
1520616795.610234022 8.665569343 2.647657835 5.224629069 0.021506325 0.781946435 0.188036640 0.593918743
1520616795.660234928 8.693621812 2.658767338 5.183553392 0.012154835 0.806320581 0.168906741 0.566718532
1520616795.710237026 8.719505799 2.674041340 5.149884295 0.008040273 0.827860093 0.151683646 0.539976936
1520616795.760237932 8.737632388 2.683603683 5.101974342 0.002652426 0.846079226 0.133567891 0.516045082
1520616795.810239792 8.761936234 2.685865290 5.056907625 -0.001800142 0.862363616 0.113335171 0.493437830
1520616795.860242128 8.783814337 2.693737262 4.998140360 -0.011724649 0.875800297 0.086289563 0.474753077
1520616795.910242796 8.805803897 2.701937909 4.949772245 -0.018092117 0.885549211 0.062564245 0.459957591
1520616795.960321188 8.825072489 2.703179127 4.893161964 -0.026033357 0.890712144 0.038568207 0.452179869
1520616796.010322332 8.848663523 2.702243094 4.848404176 -0.034355032 0.893004413 0.017717897 0.448384797
1520616796.060324192 8.870879859 2.707734616 4.810054459 -0.043624362 0.890993610 0.001954203 0.451910923
1520616796.110325336 8.898845427 2.711714345 4.776120986 -0.056636801 0.885978633 -0.008239745 0.460180661
1520616796.160327196 8.919863072 2.726307825 4.735173918 -0.075505761 0.878092068 -0.017566240 0.472170125
1520616796.210329294 8.943989599 2.742738015 4.702338956 -0.094302483 0.865682227 -0.022429078 0.491119394
1520616796.260330439 8.966391004 2.752439612 4.671402559 -0.112112496 0.849219617 -0.023848748 0.515449384
1520616796.310332298 8.991727666 2.761655027 4.638434672 -0.128972580 0.826537165 -0.028519667 0.547164525
1520616796.360354662 9.023474654 2.771916761 4.610400462 -0.147300956 0.801413486 -0.033200394 0.578737062
1520616796.410356760 9.058472520 2.778489586 4.585775961 -0.167305934 0.773793769 -0.033300459 0.610035251
1520616796.460357666 9.089369991 2.792960617 4.569638913 -0.183961157 0.743984061 -0.035132107 0.641413864
1520616796.510359764 9.122224062 2.802269237 4.561475022 -0.194888588 0.714675127 -0.034156207 0.670888407
1520616796.560361862 9.156917413 2.815478361 4.555261326 -0.199827577 0.684221748 -0.033971637 0.700539412
1520616796.610362768 9.193485763 2.830953871 4.554004803 -0.198764284 0.656814980 -0.031285320 0.726710445
1520616796.660364628 9.233078028 2.843167727 4.551507346 -0.194735034 0.631409148 -0.024119264 0.750212647
1520616796.710366726 9.268144892 2.861314450 4.562599938 -0.185941847 0.610563583 -0.014900306 0.769685469
1520616796.760537863 9.301230392 2.885358776 4.585801045 -0.175497794 0.593651721 -0.004170127 0.785341179
1520616796.810539007 9.338230976 2.905404887 4.608588800 -0.165418764 0.578057888 0.006933624 0.799022925
1520616796.860541105 9.374824635 2.918962133 4.626746910 -0.154584176 0.566322805 0.022096582 0.809255184
1520616796.910542011 9.412452684 2.937138794 4.650825393 -0.139971108 0.558413988 0.036746573 0.816842455
1520616796.960544109 9.462665070 2.942006023 4.663029491 -0.123839532 0.553587036 0.047724449 0.822148126
1520616797.010545969 9.505309291 2.950107096 4.682444806 -0.102104424 0.555571124 0.059422612 0.823033636
1520616797.060546875 9.550491510 2.956005274 4.701722320 -0.075708125 0.560428504 0.072274356 0.821562285
1520616797.110548973 9.598613633 2.961633557 4.715719068 -0.049374275 0.565170561 0.085993941 0.818992955
1520616797.160543442 9.648588103 2.963980630 4.717906344 -0.027199907 0.570735296 0.100823932 0.814466649
1520616797.210545301 9.702544174 2.977187124 4.729352228 -0.005976420 0.578666676 0.115073268 0.807382997
1520616797.260546207 9.755837835 2.995225138 4.736559213 0.012067678 0.588813738 0.127985026 0.797980317
1520616797.310548306 9.813303519 3.001139054 4.736419010 0.024261197 0.600322932 0.138633774 0.787276602
1520616797.360549212 9.866807686 3.018070930 4.725769976 0.039778698 0.614631821 0.144860181 0.774377755
1520616797.410551071 9.933631169 3.034646784 4.715168964 0.053346395 0.632878555 0.149329679 0.757838732
1520616797.460553408 9.995951016 3.040468851 4.691348235 0.061411888 0.652652905 0.154187932 0.739255603
1520616797.510554314 10.060790280 3.053411277 4.665170125 0.068634151 0.674823366 0.154997691 0.718246819
1520616797.560556173 10.122857047 3.060990521 4.636077167 0.074318623 0.697574177 0.155066341 0.695572742
1520616797.610662460 10.185508727 3.068151328 4.616029008 0.076939456 0.722282448 0.154456979 0.669724890
1520616797.660664558 10.245706345 3.078285593 4.577942489 0.078869194 0.745591901 0.153882099 0.643578019
1520616797.710665464 10.302596216 3.096733688 4.531535305 0.079836078 0.769608835 0.149338305 0.615651291
1520616797.760667562 10.359282851 3.114643937 4.486882874 0.079418654 0.794841679 0.143702465 0.584182321
1520616797.810668707 10.412428720 3.139497200 4.440656219 0.077708722 0.819052077 0.134343301 0.552328640
1520616797.860670567 10.464267290 3.161872425 4.394447062 0.073671077 0.843029969 0.122834955 0.518444422
1520616797.910672426 10.463409007 3.162627550 4.384871262 0.073671077 0.843029969 0.122834955 0.518444422
1520616797.960673571 10.516121151 3.176230974 4.337431746 0.066018949 0.867159097 0.106940182 0.481913266
1520616798.012466431 10.567323513 3.185160000 4.287949102 0.053928651 0.888521142 0.090448389 0.446588144
1520616798.062467575 10.611501160 3.187940292 4.239754099 0.040743599 0.905277274 0.077326698 0.415732603
1520616798.112469673 10.668817162 3.191567037 4.217068715 0.028332218 0.921165595 0.067711626 0.382186300
1520616798.162471533 10.721317024 3.177554725 4.179515349 0.014506052 0.932348875 0.066641573 0.355069078
1520616798.212473392 10.768068394 3.185252166 4.138830278 0.003962952 0.940569590 0.061140750 0.334028366
1520616798.262474537 10.806946806 3.192004653 4.100437402 -0.006559800 0.945793905 0.052755365 0.320386843
1520616798.312475443 10.850002748 3.210765444 4.063465050 -0.019082340 0.948974160 0.039076654 0.312341036
1520616798.362477779 10.897143803 3.221700584 4.033439874 -0.032649672 0.949154986 0.027289878 0.311919981
1520616798.412920237 10.936455390 3.248291384 3.993288842 -0.044058011 0.945528985 0.014072067 0.322235638
1520616798.462923050 10.968987730 3.258583489 3.941494246 -0.058262642 0.938537043 0.002435174 0.340217214
1520616798.512923241 11.009106165 3.274725050 3.891050093 -0.071067504 0.928554907 -0.011406125 0.364149824
1520616798.562928200 11.061025965 3.260152966 3.854156511 -0.084935398 0.917762122 -0.019645943 0.387443805
1520616798.612926006 11.123280551 3.264135886 3.829121882 -0.100014382 0.904918370 -0.028346099 0.412694034
1520616798.662927151 11.171326692 3.267267288 3.797501371 -0.108576511 0.889270493 -0.034345009 0.442978049
1520616798.712929010 11.230973767 3.260645475 3.783649547 -0.116243017 0.871402030 -0.035477690 0.475276126
1520616798.762929916 11.285880906 3.268952524 3.758181419 -0.124511101 0.850036776 -0.039681449 0.510254689
1520616798.812694788 11.343061538 3.289215950 3.734558923 -0.131327809 0.827987449 -0.043203681 0.543436503
1520616798.862678766 11.411148861 3.314670578 3.715291348 -0.135307680 0.805260191 -0.042336921 0.575721670
1520616798.912680864 11.474006921 3.335188559 3.699615497 -0.136589465 0.782010468 -0.038046431 0.606922907
1520616798.962681770 11.539555930 3.361210790 3.694380725 -0.131565302 0.758324849 -0.034112082 0.637550280
1520616799.012683868 11.602445642 3.380013300 3.690480984 -0.118248220 0.734821886 -0.032535281 0.667079912
1520616799.062685728 11.663316952 3.391943666 3.685220958 -0.097252839 0.712577936 -0.027702426 0.694267345
1520616799.112686634 11.727139201 3.404326753 3.690737818 -0.073785974 0.693499931 -0.024163824 0.716260836
1520616799.162688971 11.794527824 3.415819141 3.699009814 -0.050525525 0.675407078 -0.018777595 0.735472536
1520616799.213303566 11.853579060 3.418682372 3.707360551 -0.027247215 0.655565557 -0.004389137 0.754633769
1520616799.263305902 11.909127177 3.419327130 3.707583782 -0.007735236 0.637225321 0.013734574 0.770516332
1520616799.313306808 11.953595918 3.428418409 3.710914267 0.015040241 0.623877865 0.035921008 0.780551012
1520616799.363308668 12.016115957 3.443516434 3.717736460 0.038948847 0.617533857 0.055478119 0.783617956
1520616799.413309813 12.084204150 3.454426656 3.709151936 0.060585234 0.614364030 0.072337587 0.783360416
1520616799.463311672 12.145807611 3.452659121 3.701752321 0.081536112 0.614210422 0.088793202 0.779880239
1520616799.513313532 12.203995489 3.457931033 3.705527090 0.102518362 0.616275138 0.099338100 0.774484914
1520616799.563314676 12.267007702 3.461356915 3.699272454 0.122437539 0.620558197 0.109125798 0.766816884
1520616799.613316774 12.327594092 3.467038068 3.695983372 0.140085382 0.626066378 0.116848568 0.758131511
1520616799.661990404 12.391404139 3.461232883 3.689023231 0.153188452 0.632557929 0.124073205 0.749005744
1520616799.711991549 12.458452077 3.458234637 3.676287561 0.167512746 0.640034885 0.132466413 0.738070102
1520616799.761993647 12.506117662 3.463139510 3.664172285 0.178081779 0.651138731 0.139827153 0.724398786
1520616799.811994553 12.568568791 3.461437687 3.647487559 0.183880457 0.665675740 0.144707676 0.708606714
1520616799.861996651 12.629881474 3.463938010 3.628868323 0.189201895 0.681428178 0.147777145 0.691390046
1520616799.911998510 12.690057998 3.475002209 3.605741187 0.187120036 0.698904831 0.146680537 0.674539064
1520616799.961999416 12.742826272 3.489255298 3.591032567 0.189616448 0.717585308 0.145955525 0.654074853
1520616800.012001514 12.798445148 3.489878364 3.573830104 0.190008398 0.737283057 0.147238749 0.631372516
1520616800.061088324 12.854159631 3.500096857 3.544514505 0.188120986 0.756885216 0.143925815 0.609114624
1520616800.111089230 12.906221192 3.508648125 3.510842670 0.182751356 0.776075981 0.137882347 0.587619326
1520616800.161091328 12.959102489 3.516636624 3.481960499 0.181369758 0.793647074 0.135920530 0.564583867
1520616800.211093426 12.989357208 3.534226969 3.430799389 0.172234337 0.810473768 0.132498545 0.543977702
1520616800.261095285 13.044642366 3.530709233 3.392204931 0.163630652 0.830142824 0.133482803 0.516013800
1520616800.311096430 13.090969424 3.541810703 3.358233990 0.150359653 0.849797339 0.132674744 0.487477045
1520616800.361097336 13.141445639 3.543638483 3.307607208 0.138344071 0.865177239 0.136102353 0.462390974
1520616800.411099195 13.175827954 3.538820647 3.282295290 0.130371844 0.877926474 0.139619204 0.439038456
1520616800.460901976 13.226587088 3.558485581 3.247261736 0.120089109 0.889892770 0.137095227 0.418179820
1520616800.510864019 13.265091877 3.559140937 3.207787027 0.104953964 0.900209179 0.133579332 0.400954688
1520616800.560865164 13.312015006 3.571492355 3.167663798 0.086751357 0.908723042 0.121781494 0.389699759
1520616800.610867023 13.347384588 3.570134302 3.127915583 0.070429449 0.913855644 0.110362549 0.384353563
1520616800.660868883 13.376196453 3.560334909 3.087022016 0.051195004 0.918615643 0.093526609 0.380495921
1520616800.710870028 13.420292571 3.559787713 3.052224408 0.029483169 0.921407651 0.075405268 0.380069374
1520616800.760872126 13.450533715 3.551767925 3.018735198 0.000556912 0.921666462 0.061602912 0.383060967
1520616800.810873270 13.479641075 3.553091344 2.990400782 -0.026160225 0.919570727 0.052141321 0.388569947
1520616800.860626221 13.517491797 3.556541579 2.948045825 -0.050248202 0.915572876 0.044418304 0.396520417
1520616800.910627365 13.546082894 3.570268848 2.917224310 -0.074702322 0.911485043 0.032891049 0.403153517
1520616800.960629225 13.580401899 3.548978959 2.863910541 -0.104847848 0.905455212 0.024226621 0.410573816
1520616801.010630131 13.621439225 3.541744707 2.834045362 -0.126353824 0.900301030 0.017219961 0.416168522
1520616801.060632467 13.671176998 3.567453585 2.797784991 -0.141221715 0.894454785 0.005531355 0.424236337
1520616801.110634327 13.718912886 3.570955934 2.758707318 -0.155474953 0.886520227 -0.003049754 0.435775316
1520616801.160635233 13.760458077 3.586372329 2.711277018 -0.165446940 0.877755021 -0.013168258 0.449444135
1520616801.210637331 13.817766069 3.581326548 2.695127111 -0.175938109 0.868707720 -0.022385494 0.462484128
1520616801.260342836 13.874824393 3.601704280 2.665406405 -0.179833701 0.856843301 -0.034608296 0.481956081
1520616801.310343981 13.940467121 3.591942732 2.650285228 -0.182385336 0.843692848 -0.040443838 0.503271560
1520616801.360344887 14.002260522 3.593691910 2.635979118 -0.181010624 0.829917058 -0.045481528 0.525741630
1520616801.410346746 14.061944395 3.602332760 2.623167824 -0.176281831 0.814979824 -0.047569679 0.549972479
1520616801.460349083 14.119624364 3.615213571 2.614233741 -0.172641201 0.798334896 -0.047174000 0.575005237
1520616801.510349989 14.174265991 3.629424826 2.603048702 -0.165998523 0.779036970 -0.040658809 0.603235237
1520616801.560352802 14.238406898 3.633692982 2.599548162 -0.162683173 0.758659451 -0.024136684 0.630386741
1520616801.610353947 14.287705510 3.664042354 2.596377068 -0.152898761 0.738363132 -0.011583604 0.656740188
1520616801.660317421 14.345476825 3.688016169 2.597123400 -0.141539670 0.715703197 0.005473242 0.683889976
1520616801.710319519 14.397583957 3.715747217 2.598321503 -0.125714381 0.694118641 0.022025102 0.708456139
1520616801.760321379 14.447259285 3.744129949 2.612455461 -0.107977803 0.675885646 0.034400810 0.728241699
1520616801.810322523 14.504316233 3.766113400 2.637073639 -0.090249653 0.658088703 0.043673252 0.746235155
1520616801.860323429 14.556896357 3.781351884 2.654561119 -0.070197895 0.638062612 0.053746395 0.764891943
1520616801.910325527 14.601794195 3.790902469 2.669106780 -0.052979667 0.615626359 0.066283940 0.783456304
1520616801.960326433 14.641991960 3.800043944 2.675448293 -0.043151153 0.591131524 0.081295307 0.801306791
1520616802.010328531 14.686916532 3.812333860 2.692514188 -0.041600766 0.569914048 0.095269683 0.815101860
1520616802.060329676 14.736005096 3.810030767 2.720524678 -0.040040212 0.554682802 0.109263609 0.823884236
1520616802.110533476 14.782855215 3.814192127 2.735560502 -0.035830175 0.543700027 0.119877768 0.829901078
1520616802.160471439 14.825956040 3.838928201 2.753903177 -0.020924126 0.541408525 0.122726596 0.831490934
1520616802.210473299 14.859999699 3.857017421 2.759633238 -0.000685032 0.538139538 0.126813124 0.833260944
1520616802.260475159 14.908445708 3.860228180 2.776022980 0.018850491 0.541280447 0.128068496 0.830818028
1520616802.310476303 14.957766722 3.870783627 2.799992582 0.035795413 0.550904048 0.128193385 0.823887052
1520616802.360478401 15.008252225 3.883771121 2.813455100 0.049160633 0.558745788 0.130414626 0.817544128
1520616802.410479546 15.054339952 3.889067227 2.823916652 0.055569920 0.563476385 0.141585375 0.812009808
1520616802.460481405 15.102112481 3.889990069 2.840794863 0.056497531 0.568998488 0.159175939 0.804805423
1520616802.510607958 15.151069460 3.894275968 2.845493409 0.056300636 0.578566563 0.177911287 0.794001602
1520616802.560610056 15.200358040 3.897943582 2.847153116 0.056134990 0.592814360 0.193362196 0.779763464
1520616802.610610962 15.257607507 3.911695443 2.855693801 0.065604340 0.606996630 0.205632914 0.764830875
1520616802.660613060 15.313402719 3.915793480 2.856027369 0.077157170 0.620544091 0.216878802 0.749623497
1520616802.710615158 15.369359704 3.922884595 2.859267352 0.093639746 0.634039174 0.224652512 0.734000799
1520616802.760616064 15.427393754 3.930392032 2.850262277 0.109218555 0.647181305 0.231222421 0.718167012
1520616802.810617924 15.487422401 3.937829004 2.838242171 0.123818280 0.661226865 0.236616623 0.701042538
1520616802.860619068 15.528065788 3.936459665 2.814464701 0.129343519 0.673578257 0.244498666 0.685407170
1520616802.911119223 15.582580160 3.950826954 2.796317170 0.139020035 0.688349870 0.248688329 0.667084703
1520616802.961120129 15.645485026 3.963815154 2.778888717 0.146029856 0.705901120 0.251328987 0.645919987
1520616803.011122227 15.711827455 3.972804266 2.759170718 0.149578139 0.724820541 0.252224119 0.623413633
1520616803.061124086 15.764807162 3.980160725 2.735014403 0.156254283 0.740952886 0.253836749 0.601780961
1520616803.111126184 15.821459000 3.997747060 2.708103070 0.162579442 0.759130361 0.248302232 0.579340161
1520616803.161127329 15.872797801 4.006320403 2.673820350 0.168875564 0.777939878 0.244103144 0.553808853
1520616803.211128235 15.929368412 4.020986175 2.637339276 0.174063498 0.798281685 0.237238369 0.525515181
1520616803.261130333 15.965460690 4.040763282 2.597625431 0.178866229 0.815100866 0.228552343 0.501379374
1520616803.311525583 16.004174655 4.053846343 2.548288102 0.185458915 0.829452528 0.219832785 0.478839264
1520616803.361527443 16.040272077 4.063524990 2.503193321 0.192262310 0.843432855 0.208967608 0.456057849
1520616803.411528349 16.094448495 4.083321562 2.461921126 0.195517612 0.862201176 0.190430563 0.426753086
1520616803.461529493 16.140033456 4.087389357 2.419403545 0.199540637 0.878148241 0.175035677 0.397997126
1520616803.511531353 16.173236125 4.097875257 2.373487952 0.204310213 0.890893962 0.160611675 0.372517350
1520616803.561533213 16.217777692 4.107023529 2.322984981 0.205973492 0.904870384 0.149202713 0.341354742
1520616803.611534357 16.250540137 4.115246392 2.265535294 0.205733079 0.918177694 0.139827507 0.308337300
1520616803.661536455 16.282667864 4.120697466 2.216458032 0.209158251 0.929943635 0.132778934 0.271712010
1520616803.710872173 16.315610383 4.126734145 2.164972295 0.215161804 0.939772346 0.125435364 0.234092515
1520616803.760961056 16.342522563 4.134332295 2.108863863 0.222409305 0.947682351 0.119014356 0.195621690
1520616803.810874939 16.354454566 4.143677007 2.051713890 0.228424266 0.953633890 0.109682151 0.162402537
1520616803.860877037 16.370300161 4.150294954 1.993127182 0.233813783 0.959102026 0.097967136 0.125924018
1520616803.910877943 16.374262479 4.163660475 1.935958628 0.237043743 0.963588982 0.082867519 0.091866813
1520616803.960880041 16.380683219 4.175255727 1.876469493 0.238948419 0.966902253 0.069063745 0.056867257
1520616804.010881186 16.379884475 4.181626639 1.821524192 0.237818836 0.969480829 0.058104419 0.013152933
1520616804.060883045 16.369754812 4.187729177 1.772277685 0.238965957 0.969389674 0.048260198 -0.029152771
1520616804.110661030 16.357783973 4.198326616 1.714896234 0.241579631 0.966731280 0.036129502 -0.075924792
1520616804.160663128 16.333114612 4.201243465 1.660461251 0.242223468 0.961799907 0.025649370 -0.124943345
1520616804.210664034 16.311989972 4.193464132 1.616677024 0.242472740 0.953452320 0.013613031 -0.178746550
1520616804.260665894 16.285463307 4.192896207 1.570028554 0.240422342 0.941076216 -0.002961439 -0.237831629
1520616804.310668230 16.249300064 4.196161536 1.529111678 0.235992907 0.926247186 -0.024849916 -0.292841221
1520616804.360669136 16.210494578 4.194460458 1.501726095 0.229716775 0.907906926 -0.046847045 -0.347477440
1520616804.410670996 16.180264492 4.192501648 1.476670051 0.219422156 0.885679202 -0.068030028 -0.403482570
1520616804.460673094 16.133460061 4.196291700 1.460564177 0.213673906 0.859238491 -0.091416977 -0.455736343
1520616804.510674000 16.087993343 4.207931356 1.455268984 0.207038542 0.829947882 -0.115133806 -0.505040357
1520616804.560965538 16.048559047 4.189190449 1.483474938 0.202503537 0.798172287 -0.128206198 -0.552699275
1520616804.610967398 16.006576100 4.201855843 1.493592988 0.198366514 0.763377340 -0.143961665 -0.597646051
1520616804.660969496 15.975173155 4.199168571 1.504122814 0.199503569 0.726981803 -0.154717547 -0.638559524
1520616804.710970402 15.932508385 4.218422874 1.506731186 0.196362928 0.689973480 -0.166882712 -0.676408425
1520616804.760972500 15.896364675 4.228583200 1.514955338 -0.189215038 -0.653905102 0.172738101 0.711875927
1520616804.810974598 15.866730025 4.230595035 1.537462249 -0.180291629 -0.622736687 0.173974778 0.741233245
1520616804.860975504 15.835522088 4.235293966 1.565806756 -0.166003977 -0.596513968 0.174466431 0.765620814
1520616804.910977364 15.803518812 4.236585242 1.601653737 -0.149712668 -0.572762112 0.170452621 0.787702726
1520616804.961272955 15.774894050 4.249556575 1.658199654 -0.129836913 -0.554594963 0.163738338 0.805454257
1520616805.011274099 15.748224118 4.257409957 1.697108763 -0.110631634 -0.535821376 0.154081619 0.822748412
1520616805.061275005 15.721452238 4.264627787 1.738110935 -0.092184367 -0.520819831 0.145914638 0.836036880
1520616805.111277103 15.695122858 4.264827350 1.777339964 -0.072133645 -0.507102782 0.135688798 0.848075501
1520616805.161278963 15.669749565 4.263298842 1.819573248 -0.048854260 -0.499357831 0.124073040 0.856072952
1520616805.211279869 15.640879672 4.260628692 1.855311096 -0.023069318 -0.492902147 0.109465187 0.862863056
1520616805.261281013 15.611438930 4.256646452 1.887352989 0.001837330 -0.491360039 0.096469690 0.865595480
1520616805.311283112 15.576119409 4.249604698 1.920712580 0.028495836 -0.496054689 0.086773451 0.863474436
1520616805.361480713 15.538165537 4.241417556 1.944108833 0.053002273 -0.500552310 0.073461117 0.860953894
1520616805.411481619 15.496656159 4.235734135 1.962869988 0.075129492 -0.509131792 0.061003146 0.855230375
1520616805.461483955 15.456012227 4.225985953 1.977014153 0.097006430 -0.519752859 0.045242017 0.847584732
1520616805.511484861 15.410932685 4.214445783 1.985187878 0.119134546 -0.533884704 0.029593558 0.836599250
1520616805.561486721 15.370583596 4.202736202 1.983493485 0.142885074 -0.551830705 0.012907362 0.821523054
1520616805.611487865 15.321398510 4.194613397 1.977010098 0.165799383 -0.574058934 -0.001044358 0.801851491
1520616805.661489725 15.274600355 4.177645207 1.959504610 0.186942599 -0.598926360 -0.016882193 0.778495133
1520616805.711490631 15.260659681 4.148706749 1.928094627 0.200887437 -0.623045140 -0.034358816 0.755167838
1520616805.761116028 15.232778203 4.147296659 1.899154985 0.210172831 -0.648662050 -0.035837735 0.730602890
1520616805.811116934 15.192551166 4.132549652 1.872777843 0.212922732 -0.679142577 -0.034453350 0.701599770
1520616805.861118793 15.160386584 4.121416981 1.834112887 -0.209063219 0.711162630 0.028255764 -0.670627986
1520616805.911120892 15.112704444 4.118263013 1.809874019 -0.199297249 0.748292458 0.017324003 -0.632486270
1520616805.961121798 15.076123359 4.114039722 1.774385831 -0.181208713 0.782072567 0.006056966 -0.596229163
1520616806.011123896 15.040799653 4.127245516 1.730892673 -0.158065785 0.812048108 -0.011424972 -0.561660527
1520616806.061125040 15.006159365 4.130792372 1.691985894 -0.135480652 0.837676784 -0.026597771 -0.528427059
1520616806.111126900 14.965276958 4.135163657 1.656984678 -0.113717014 0.857897804 -0.041639167 -0.499345550
1520616806.160843372 14.932080040 4.134777399 1.621962474 -0.089011855 0.874088152 -0.056640582 -0.474171526
1520616806.210845232 14.905415037 4.132030324 1.578541488 -0.062655083 0.886708718 -0.071918617 -0.452382253
1520616806.260847569 14.879074272 4.124221654 1.527720713 -0.035706623 0.897775985 -0.083280070 -0.431031028
1520616806.310848236 14.852809203 4.124401498 1.491356559 -0.013248083 0.904906654 -0.097405090 -0.414102263
1520616806.360850334 14.816763729 4.114228222 1.458609022 0.006542652 0.907229582 -0.109030401 -0.406206906
1520616806.410852432 14.783065977 4.114840928 1.428908020 0.029824965 0.906300058 -0.125219733 -0.402555207
1520616806.460854292 14.738659494 4.101207123 1.400354329 0.055191264 0.901166600 -0.138229827 -0.407118162
1520616806.510855198 14.691650745 4.093886025 1.370552107 0.079653525 0.893347100 -0.152276627 -0.415208507
1520616806.560827017 14.640013389 4.089096703 1.339720325 0.097149188 0.881596279 -0.166241475 -0.430945249
1520616806.610829115 14.585681878 4.080429266 1.308187793 0.110783827 0.866921657 -0.178573784 -0.451979190
1520616806.660830021 14.528192889 4.075537468 1.282595489 0.120325437 0.848841699 -0.190878813 -0.478074092
1520616806.710831881 14.470227113 4.053632780 1.269440816 0.133696405 0.828068378 -0.201181890 -0.505918847
1520616806.760833025 14.416197757 4.041797150 1.256818024 0.143706787 0.806863942 -0.212249623 -0.532230247
1520616806.810835123 14.358433397 4.029249463 1.247118371 0.156505534 0.783312378 -0.224640210 -0.558090058
1520616806.860836029 14.294748235 4.020304838 1.243573806 0.165953136 0.757963772 -0.235745438 -0.585127819
1520616806.910838127 14.234891105 4.005263731 1.248820784 0.171526821 0.729376522 -0.241782096 -0.616546719
1520616806.960839033 14.169864187 3.994050022 1.253674309 0.170476914 0.701458100 -0.250358170 -0.645147226
1520616807.011441469 14.105594430 3.983961856 1.254873988 -0.169637078 -0.672040517 0.260119952 0.672251750
1520616807.061438560 14.039445774 3.977316567 1.265155023 -0.162418770 -0.644801008 0.267200877 0.697463615
1520616807.111439466 13.973303621 3.970799161 1.273355250 -0.156136520 -0.617315932 0.270500076 0.722061033
1520616807.161441326 13.911252955 3.966143879 1.271622863 -0.147626680 -0.590622386 0.271930085 0.745268803
1520616807.211442471 13.846750871 3.951647950 1.276745275 -0.142310012 -0.565607831 0.274583714 0.764486381
1520616807.261444330 13.783658026 3.940235545 1.289072694 -0.131460998 -0.538748115 0.268761718 0.787550388
1520616807.311445713 13.724930645 3.903373616 1.300459745 -0.120833409 -0.512327041 0.260046586 0.809503591
1520616807.361447573 13.673572792 3.850823259 1.310835220 -0.110359651 -0.484805844 0.251463058 0.830391697
1520616807.413039207 13.619370228 3.849028445 1.336360042 -0.088824830 -0.464679179 0.247819534 0.845440056
1520616807.463041067 13.559492717 3.849828686 1.343630179 -0.069525064 -0.442705861 0.244865125 0.859778377
1520616807.513043404 13.495047615 3.814651238 1.363355137 -0.062518860 -0.416214437 0.241560828 0.874359938
1520616807.563044310 13.451155082 3.809037945 1.391890172 -0.056419846 -0.394056814 0.238008112 0.885939144
1520616807.613046169 13.406338592 3.811579655 1.411547492 -0.053348723 -0.369225195 0.240626558 0.896061119
1520616807.663047314 13.357464416 3.810875947 1.432005810 -0.051832609 -0.340306469 0.249594015 0.905100942
1520616807.713049173 13.319730407 3.794309051 1.453768748 -0.051764170 -0.307308806 0.259089975 0.914195905
1520616807.763050318 13.291825195 3.782948116 1.495186478 -0.048428933 -0.274782940 0.261798236 0.923910525
1520616807.811882734 13.268111319 3.774822864 1.534935154 -0.043126878 -0.245096268 0.256912188 0.933843680
1520616807.861885071 13.236244388 3.773945295 1.568110053 -0.043283423 -0.215326509 0.259779482 0.940359325
1520616807.911885977 13.208228116 3.777324030 1.607634133 -0.043577505 -0.184838980 0.258253806 0.947227810
1520616807.961887836 13.195013566 3.784461201 1.648916293 -0.044845370 -0.154119163 0.255384745 0.953422681
1520616808.011888981 13.179401692 3.778018744 1.697472007 -0.045114797 -0.122467890 0.257035731 0.957548382
1520616808.061890841 13.168856948 3.773059720 1.738455808 -0.042054963 -0.089767086 0.260770772 0.960297795
1520616808.111892939 13.165027839 3.756735808 1.774863394 -0.038822898 -0.057885031 0.266838681 0.961217574
1520616808.161895037 13.148377538 3.759411835 1.830688253 -0.029469606 -0.029098347 0.276118051 0.960231040
1520616808.211580515 13.135766376 3.767438223 1.874458241 -0.024103213 -0.003450358 0.282531288 0.958949009
1520616808.261582375 13.139152348 3.758063948 1.921381172 -0.026139029 0.022202339 0.290369059 0.956299962
1520616808.311583281 13.154618684 3.736315432 1.953687545 -0.039439229 0.049553866 0.286250528 0.956059411
1520616808.361584425 13.167904488 3.733429924 1.994910670 -0.048105546 0.073901116 0.283821439 0.954814051
1520616808.411588430 13.173269628 3.725043032 2.041424408 -0.051851831 0.094571733 0.288918802 0.951258903
1520616808.461588383 13.191924732 3.720456105 2.076953785 -0.054089641 0.116191139 0.290296934 0.948315148
1520616808.511589527 13.204118955 3.724687681 2.130244761 -0.049816275 0.142518635 0.291232205 0.944664269
1520616808.561590433 13.228899055 3.732082233 2.175388388 -0.045421879 0.170898518 0.286853401 0.941512441
1520616808.612308502 13.256081371 3.746420506 2.222544781 -0.038866734 0.198377973 0.285277717 0.936884294
1520616808.662310839 13.283170061 3.781320747 2.276483939 -0.028760433 0.224377294 0.284749736 0.931528451
1520616808.712311745 13.306100298 3.800620792 2.328844090 -0.023138293 0.255329597 0.281384159 0.924713129
1520616808.762313604 13.339692326 3.820583077 2.382255266 -0.014466941 0.283482908 0.272657757 0.919285536
1520616808.812314749 13.378331761 3.831844921 2.419602383 -0.007179600 0.306929569 0.257105332 0.916318472
1520616808.862316608 13.422074011 3.839235978 2.463164476 -0.006131440 0.331952744 0.235824637 0.913321697
1520616808.912317514 13.467535919 3.845396320 2.496220860 -0.010498626 0.361072576 0.216254270 0.907055932
1520616808.962319613 13.518622523 3.855262374 2.531505887 -0.015472614 0.389040620 0.201167352 0.898854655
1520616809.012320518 13.569841688 3.870154363 2.563149656 -0.017823566 0.415513887 0.197627655 0.887678906
1520616809.065271139 13.625820357 3.878404522 2.601732895 -0.017480511 0.440206867 0.193981444 0.876517852
1520616809.115273237 13.679923654 3.890592514 2.631950166 -0.016458624 0.461668721 0.186561285 0.867055934
1520616809.165274143 13.733848259 3.910852014 2.661494935 -0.008388968 0.479312476 0.176446454 0.859683561
1520616809.215276241 13.782295459 3.933404965 2.680822557 0.000274181 0.492696338 0.167014270 0.854023698
1520616809.265277386 13.838737531 3.950249827 2.706260736 0.005626956 0.503610026 0.158984376 0.849157964
1520616809.315279245 13.895568106 3.954122039 2.727152058 0.001203521 0.509788620 0.153493601 0.846495026
1520616809.365281105 13.948377144 3.956480041 2.751765921 -0.011465237 0.514980913 0.147532093 0.844332570
1520616809.415282249 14.002064514 3.949824754 2.776124198 -0.027958684 0.517506177 0.145420111 0.842768450
1520616809.468603849 14.055741883 3.961925333 2.800810742 -0.033769054 0.517986857 0.142621456 0.842738623
1520616809.518604994 14.102060633 3.964949842 2.829915561 -0.036726131 0.518237546 0.139817832 0.842930609
1520616809.568606853 14.152693823 3.978250270 2.852716281 -0.032683173 0.518376501 0.131083842 0.844413785
1520616809.618608713 14.203962410 3.991563966 2.874518289 -0.027135728 0.518935195 0.118951978 0.846061666
1520616809.668609858 14.258127610 4.009084349 2.897638156 -0.021557460 0.520483707 0.107570733 0.846794263
1520616809.718611717 14.314391899 4.029658267 2.926380751 -0.018779659 0.523822395 0.100082575 0.845719162
1520616809.768612623 14.374300518 4.037758219 2.948963245 -0.021505710 0.530379143 0.092513766 0.842423095
1520616809.818614960 14.444665111 4.047700797 2.980552213 -0.026124646 0.538715506 0.084495655 0.837832675
1520616809.869241476 14.504834679 4.057088911 3.013604893 -0.032015763 0.543661987 0.080711476 0.834800750
1520616809.919243574 14.564195685 4.063720400 3.037066345 -0.039513244 0.547738136 0.075739512 0.832277096
1520616809.969247580 14.620316927 4.075090949 3.054297660 -0.044836876 0.553134578 0.071043677 0.828845335
1520616810.019246340 14.678636479 4.079170696 3.071402650 -0.046709539 0.557307267 0.070917838 0.825952474
1520616810.069248676 14.745312248 4.085910374 3.071618177 -0.044987639 0.557552018 0.069564984 0.825997925
1520616810.119249582 14.811031486 4.100263715 3.073705571 -0.041245032 0.557622111 0.068065284 0.826270867
1520616810.169250727 14.863645574 4.112172221 3.092841917 -0.037561119 0.557999858 0.068667241 0.826141713
1520616810.219252586 14.916831911 4.123934455 3.109553844 -0.035322876 0.557921170 0.070200914 0.826164689
1520616810.269254446 14.965566771 4.132632872 3.139422627 -0.032520286 0.556419102 0.073274219 0.827025455
1520616810.319278479 15.014222598 4.158294429 3.153045229 -0.025224683 0.550928722 0.077060296 0.830603979
1520616810.369257450 15.070005699 4.167677350 3.169752630 -0.023121826 0.546136728 0.079098178 0.833632733
1520616810.419258356 15.112261325 4.166936310 3.203304433 -0.026321362 0.546109728 0.079626842 0.833505199
1520616810.469260693 15.146031136 4.168948363 3.227459583 -0.029394277 0.544877360 0.080616525 0.834113670
1520616810.519261599 15.196256040 4.186759057 3.247692056 -0.031922570 0.539285905 0.084172130 0.837297268
1520616810.569263458 15.243394203 4.213795653 3.265465531 -0.031979210 0.533996833 0.087758545 0.840311341
1520616810.619264603 15.292724336 4.218598582 3.277381537 -0.032900145 0.527645026 0.088168923 0.844236074
1520616810.669266462 15.337492323 4.230742972 3.310425571 -0.034654763 0.525153562 0.088420124 0.845691826
1520616810.719268560 15.384425017 4.245798612 3.334607000 -0.034711628 0.524698960 0.087567897 0.846060263
1520616810.769269705 15.437493929 4.265329933 3.348711517 -0.032185691 0.524836887 0.086066879 0.846228584
1520616810.819271564 15.488688995 4.291006037 3.365138759 -0.028271885 0.528485210 0.081660899 0.844532759
1520616810.869272709 15.547791030 4.296024780 3.377712572 -0.029422472 0.531582707 0.078802143 0.842819296
1520616810.919274569 15.598010324 4.310323842 3.401505187 -0.032241860 0.532136176 0.077826539 0.842457466
1520616810.969275475 15.650798384 4.329320819 3.429886551 -0.038960807 0.533283013 0.076104896 0.841605209
1520616811.019277573 15.707031027 4.336878576 3.446425611 -0.049099700 0.535983816 0.072693645 0.839658384
1520616811.069279671 15.753869881 4.349248596 3.469228220 -0.055507189 0.536489713 0.070106182 0.839156042
1520616811.119280577 15.803957504 4.352716165 3.487925228 -0.059345411 0.534518878 0.063410538 0.840682339
1520616811.169282675 15.850815855 4.366796713 3.518689999 -0.056464497 0.532192450 0.051932323 0.843140552
1520616811.219283581 15.908047931 4.384070208 3.545503929 -0.048679058 0.527223758 0.038833348 0.847441697
1520616811.269285440 15.953881790 4.390965599 3.574796461 -0.043688329 0.519743965 0.025278965 0.852829710
1520616811.319287539 16.015790368 4.409478177 3.595859506 -0.035879406 0.507773910 0.012145737 0.860657194
1520616811.369288445 16.069680737 4.421764327 3.619974405 -0.030386096 0.495434214 0.000230537 0.868113801
1520616811.419290543 16.122008775 4.425349091 3.652047423 -0.033629842 0.484343484 -0.013413195 0.874128429
1520616811.469291687 16.178100935 4.435574439 3.679189211 -0.039349822 0.470406939 -0.026050336 0.881186861
1520616811.519293547 16.224870655 4.433652177 3.714941900 -0.045138211 0.456262237 -0.035610115 0.887986054
1520616811.569294453 16.269279669 4.426092244 3.753173475 -0.047449112 0.440021533 -0.046719857 0.895514873
1520616811.619296551 16.315407870 4.426546593 3.794636335 -0.047280427 0.421978236 -0.060701800 0.903335054
1520616811.669297457 16.358695805 4.423721448 3.837608922 -0.047298277 0.403658179 -0.073471597 0.910727661
1520616811.719299316 16.404648595 4.422486191 3.874695966 -0.048481576 0.385306779 -0.086213741 0.917472296
1520616811.769301653 16.443704116 4.424117115 3.918394738 -0.048135629 0.369486037 -0.098189594 0.922779407
1520616811.819302559 16.484365133 4.426159803 3.962271122 -0.046885475 0.354323182 -0.111470021 0.927270872
1520616811.869304657 16.527411083 4.436479720 3.996068230 -0.042550093 0.338686906 -0.124275746 0.931684608
1520616811.918231964 16.559583234 4.437261249 4.038678280 -0.037674314 0.324307432 -0.133560843 0.935717285
1520616811.968276024 16.593608287 4.441730942 4.089056552 -0.030605303 0.306480909 -0.139203518 0.941145657
1520616812.018234968 16.625508273 4.440080568 4.140779775 -0.027231774 0.286120349 -0.149406507 0.946082064
1520616812.068236828 16.655531082 4.441813368 4.185068453 -0.023870950 0.266619816 -0.159909099 0.950143742
1520616812.118237972 16.676177685 4.442744448 4.226288539 -0.020656888 0.247599955 -0.168266851 0.953914997
1520616812.168240070 16.699056539 4.438333024 4.282566382 -0.020183618 0.225095008 -0.175185127 0.958245809
1520616812.218241215 16.711513609 4.451340667 4.334541252 -0.016087371 0.201335444 -0.179756481 0.962752742
1520616812.268243074 16.731111219 4.461531517 4.392162340 -0.010342633 0.174669390 -0.183161282 0.967385951
1520616812.317203283 16.746982539 4.458165743 4.440332085 -0.005268651 0.149606692 -0.184941887 0.971280895
1520616812.367204189 16.758490316 4.451412113 4.498866032 0.000747310 0.124589589 -0.182453646 0.975288441
1520616812.417206287 16.768937845 4.450197103 4.557097312 0.009164330 0.100229437 -0.181051067 0.978310067
1520616812.467207193 16.775378245 4.459034148 4.619258241 0.020401038 0.077771482 -0.177820032 0.980772874
1520616812.517209291 16.771620349 4.467198976 4.674529817 0.029404952 0.054610101 -0.174834612 0.982642328
1520616812.567210436 16.769672058 4.480617730 4.721560104 0.033371211 0.029130374 -0.169597793 0.984517330
1520616812.617212296 16.765187412 4.478979546 4.767027802 0.026495577 0.001586240 -0.166467058 0.985689701
1520616812.667214155 16.749685104 4.504976317 4.813186508 0.020199409 -0.022140230 -0.167782416 0.985368385
1520616812.715496540 16.750029979 4.517080523 4.860018126 0.013809719 -0.046850476 -0.170403081 0.984163154
1520616812.765498400 16.733185078 4.525694959 4.897979363 0.009735630 -0.068323320 -0.174739592 0.982193065
1520616812.815499544 16.718796177 4.546044310 4.955498564 0.009151402 -0.092482171 -0.173515483 0.980436473
1520616812.865501642 16.709205104 4.534030413 4.984008685 0.006419206 -0.116701614 -0.171238444 0.978272417
1520616812.915502787 16.687187499 4.535468577 5.022412385 0.007651376 -0.138696007 -0.167473141 0.976041813
1520616812.965504646 16.673922777 4.529564856 5.058888004 0.005768405 -0.162757751 -0.157510520 0.973995419
1520616813.015506506 16.648730580 4.537658190 5.107974725 0.001511074 -0.186670465 -0.141822267 0.972130803
1520616813.065507650 16.616789363 4.536631042 5.137679775 -0.004737205 -0.209350728 -0.122663127 0.970104937
1520616813.112667322 16.585324949 4.536392085 5.159431065 -0.006840688 -0.229218472 -0.102030092 0.967988614
1520616813.162669182 16.531933712 4.548049909 5.196939434 -0.006668821 -0.249738249 -0.076367314 0.965274245
1520616813.212670326 16.480625535 4.554946417 5.223604120 -0.007327708 -0.267252965 -0.051837557 0.962203214
1520616813.262672186 16.435187556 4.556542132 5.249973101 -0.013393040 -0.284699737 -0.024803793 0.958202201
1520616813.312673092 16.390071004 4.576594089 5.271521256 -0.016008244 -0.301014591 -0.001052944 0.953484580
1520616813.362675190 16.344679686 4.585798563 5.297029259 -0.021028959 -0.316038816 0.019855135 0.948305343
1520616813.412676096 16.286531992 4.594402925 5.304427698 -0.030083643 -0.323949814 0.038980728 0.944792038
1520616813.462678194 16.240235207 4.598982852 5.335144904 -0.045025709 -0.333161534 0.062259215 0.939733934
1520616813.511425018 16.193239232 4.599787205 5.352935724 -0.062609367 -0.340609264 0.085589219 0.934205482
1520616813.561427116 16.153413957 4.593410045 5.380772584 -0.082034623 -0.347238044 0.103643277 0.928414849
1520616813.611492872 16.109428130 4.572854650 5.408731293 -0.102184059 -0.353522669 0.117256567 0.922405029
1520616813.661430120 16.073332567 4.551404869 5.434237086 -0.117736570 -0.361812508 0.128313991 0.915841323
1520616813.711431026 16.016740125 4.539413810 5.448169130 -0.128570528 -0.365469556 0.138392938 0.911454342
1520616813.761432886 15.973382909 4.533670445 5.480703734 -0.135743819 -0.368966036 0.144708899 0.908018180
1520616813.811434031 15.929650955 4.512781672 5.496210492 -0.143222202 -0.368802096 0.152688729 0.905626063
1520616813.861435890 15.878753711 4.499630087 5.508278112 -0.143158841 -0.366962604 0.163156447 0.904557332
1520616813.911437988 15.830390257 4.477846219 5.534095446 -0.139424651 -0.368003545 0.173682636 0.902756058
1520616813.961328983 15.784203810 4.448310467 5.564696605 -0.132500650 -0.372035124 0.185084666 0.899876164
1520616814.011330843 15.729903348 4.422232127 5.592525427 -0.118361976 -0.376406244 0.192612148 0.898448297
1520616814.061331987 15.685671297 4.393392337 5.626051950 -0.100495332 -0.380904867 0.200971927 0.896896011
1520616814.111334085 15.648085881 4.345432056 5.673224121 -0.084431498 -0.382908857 0.213093876 0.894898391
1520616814.161334991 15.614574603 4.304165822 5.715944884 -0.064656221 -0.383622298 0.224197425 0.893526172
1520616814.211337090 15.579717255 4.273668290 5.747784573 -0.044340902 -0.384209967 0.232199837 0.892468387
1520616814.261338949 15.543194418 4.235413959 5.785307027 -0.032808730 -0.383368017 0.237550956 0.891920453
1520616814.311339855 15.518161965 4.210430162 5.825916618 -0.026596477 -0.387690183 0.245964056 0.887969951
1520616814.361090660 15.480207534 4.181899987 5.860007578 -0.026255507 -0.390570571 0.250976228 0.885311363
1520616814.411091566 15.457375947 4.171374964 5.901519340 -0.022378941 -0.396940299 0.254693895 0.881514947
1520616814.461093426 15.444883907 4.169327830 5.958837260 -0.015949086 -0.410068616 0.257176769 0.874899689
1520616814.511094570 15.413181561 4.153597860 6.002738755 -0.006145713 -0.419273656 0.253339157 0.871774686
1520616814.561096430 15.398651717 4.154660547 6.047943797 0.008174931 -0.432957453 0.245797299 0.867216641
1520616814.611098528 15.378108437 4.154600416 6.098225088 0.022972817 -0.442376907 0.235273193 0.865113546
1520616814.661100626 15.353402830 4.157975967 6.146225826 0.037272710 -0.444186524 0.223797270 0.866731711
1520616814.711101532 15.338494215 4.155654191 6.192575071 0.045649381 -0.445798596 0.210540330 0.868822488
1520616814.760954142 15.319759542 4.155319905 6.233748804 0.050318161 -0.446758436 0.196228956 0.871417913
1520616814.810956478 15.300625187 4.170514745 6.265331407 0.055954876 -0.448374841 0.183062878 0.873107689
1520616814.860958338 15.273855533 4.192433481 6.301704676 0.058121238 -0.451264408 0.168253894 0.874455821
1520616814.910959244 15.238008801 4.216342978 6.332529036 0.058917272 -0.449777684 0.147725566 0.878866285
1520616814.960960388 15.223060715 4.239643603 6.383921815 0.059300963 -0.448324778 0.130191916 0.882348205
1520616815.010962248 15.208604007 4.273893169 6.438407915 0.061274477 -0.448416517 0.118949063 0.883752899
1520616815.060964108 15.187723803 4.299226664 6.491290821 0.057444427 -0.449859805 0.110805352 0.884335043
1520616815.110965252 15.159290135 4.327798768 6.531684113 0.056458898 -0.451755652 0.107864226 0.883795527
1520616815.160938740 15.122824069 4.358543181 6.575901993 0.056062002 -0.449225319 0.100760159 0.885946418
1520616815.210939646 15.085330467 4.381496297 6.606252931 0.052795669 -0.442711604 0.093017501 0.890262207
1520616815.261025906 15.041865545 4.403614583 6.632125907 0.042227369 -0.442408992 0.090167634 0.891269281
1520616815.310942888 14.996481904 4.426270436 6.650314783 0.028310102 -0.449130620 0.087040430 0.888765542
1520616815.360944748 14.937128617 4.465156940 6.659046681 0.018086653 -0.458271605 0.083874983 0.884660950
1520616815.410945892 14.884583595 4.496032825 6.664218535 0.009772622 -0.465902025 0.082586714 0.880919539
1520616815.460947752 14.818602472 4.540604910 6.657781228 0.007857171 -0.474216069 0.079610917 0.876766495
1520616815.510949612 14.757969561 4.562213169 6.658822364 0.002386736 -0.489822153 0.070389600 0.868972880
1520616815.560867310 14.692329371 4.577468445 6.653974883 -0.005583793 -0.512137742 0.061288082 0.856695702
1520616815.610869646 14.625965830 4.598259570 6.635640435 -0.011713514 -0.528851358 0.054868659 0.846857996
1520616815.660870552 14.565417180 4.609267944 6.614506436 -0.013136155 -0.548754148 0.050290179 0.834366361
1520616815.710872412 14.509339699 4.604137180 6.600221731 -0.011314517 -0.572692420 0.046909559 0.818348867
1520616815.760873556 14.456714905 4.596570462 6.578739524 -0.006967404 -0.597553143 0.045948049 0.800481401
1520616815.810875416 14.411211830 4.576702316 6.530839736 -0.007708402 -0.620565554 0.049214835 0.782570683
1520616815.860877514 14.362131602 4.555983595 6.503859540 -0.004172542 -0.650470129 0.053790739 0.757613198
1520616815.910878658 14.319780104 4.528577507 6.478244779 -0.002011183 -0.681556547 0.059904280 0.729306592
1520616815.960880518 14.284653921 4.491635286 6.440667726 0.004151292 0.708080566 -0.062510694 -0.703347064
1520616816.011795282 14.244700211 4.448764338 6.394394862 0.014725162 0.730144262 -0.062373838 -0.680280847
1520616816.061797142 14.210448116 4.413405434 6.352893424 0.026234377 0.751564057 -0.055991477 -0.656755800
1520616816.111799479 14.176996506 4.382076631 6.311755935 0.034190009 0.771088595 -0.048753437 -0.633937319
1520616816.161800385 14.141050935 4.355553528 6.278530021 0.032115085 0.789156729 -0.042636625 -0.611867956
1520616816.211802244 14.103097981 4.329757899 6.253495709 0.021068365 0.807629408 -0.042933015 -0.587747922
1520616816.261803389 14.056496550 4.306103207 6.240463541 0.003054006 0.826769402 -0.050683897 -0.560244742
1520616816.311805248 14.015900681 4.271392704 6.221523842 -0.012974476 0.843353174 -0.062329825 -0.533574812
1520616816.361807108 13.980786958 4.231337863 6.199053548 -0.031303987 0.857092371 -0.073709233 -0.508900458
1520616816.412320852 13.941808545 4.196827198 6.180220443 -0.047581313 0.868852298 -0.083319935 -0.485684559
1520616816.462322712 13.902784923 4.171301251 6.167709028 -0.058793511 0.880919990 -0.090143781 -0.460865916
1520616816.512323856 13.867418139 4.157792875 6.153491221 -0.069874725 0.892595454 -0.093048433 -0.435583365
1520616816.562324762 13.827855920 4.147293626 6.140011417 -0.077472607 0.903186659 -0.089241065 -0.412659529
1520616816.612326860 13.790505466 4.146061488 6.119352967 -0.085247155 0.912718605 -0.081126442 -0.391275059
1520616816.662328959 13.742599238 4.156730015 6.101906352 -0.092253008 0.921573811 -0.072446703 -0.370057522
1520616816.712329865 13.716321385 4.171622609 6.067051462 -0.101175931 0.926648859 -0.064333203 -0.356295610
1520616816.762331724 13.683289379 4.192723487 6.032966236 -0.108023909 0.934168650 -0.058463773 -0.335025009
1520616816.812090158 13.653689911 4.215416082 5.995069818 -0.114257895 0.941362599 -0.053676042 -0.312890512
1520616816.862092018 13.631066840 4.235461494 5.950257386 -0.119319655 0.947920044 -0.051476754 -0.290792974
1520616816.912197113 13.630615931 4.243801586 5.912757376 -0.121519050 0.952988725 -0.050402501 -0.272956402
1520616816.962095261 13.599671546 4.248800048 5.862504665 -0.127189535 0.960575604 -0.048937321 -0.242327197
1520616817.012096167 13.569068137 4.271650474 5.797945157 -0.129952500 0.968296029 -0.045270246 -0.208484418
1520616817.062098265 13.548234471 4.305914931 5.730760458 -0.130881224 0.975481642 -0.039116630 -0.172555966
1520616817.112100124 13.556252969 4.339832338 5.674968727 -0.129771406 0.980442669 -0.032465873 -0.144352078
1520616817.162101030 13.574948028 4.369860182 5.619706134 -0.122307228 0.985420181 -0.024276000 -0.115752687
1520616817.212283134 13.600045668 4.390314153 5.568549126 -0.119601302 0.988726221 -0.012755995 -0.089181120
1520616817.262284040 13.630564639 4.423397270 5.506260803 -0.119259325 0.990995183 -0.002163935 -0.060836480
1520616817.312286139 13.683183050 4.458672422 5.463969544 -0.115571450 0.992643607 0.005529096 -0.035655839
1520616817.362287283 13.739380746 4.466863562 5.416670437 -0.111331709 0.993685549 0.012035759 -0.007029929
1520616817.412289143 13.791899742 4.483190039 5.369375605 -0.104072696 0.994116762 0.012412331 0.027325282
1520616817.462291002 13.848752430 4.488758768 5.323711240 -0.093613347 0.993245974 0.013787017 0.067148301
1520616817.512292147 13.914334313 4.504080687 5.275453692 -0.086509494 0.990137388 0.011313225 0.109617840
1520616817.562294006 13.987543426 4.516593499 5.231625858 -0.080558841 0.984972343 0.007030751 0.152611683
1520616817.613727570 14.051839386 4.515898455 5.192344652 -0.073478501 0.978130516 0.006478213 0.194472712
1520616817.663729429 14.110109576 4.517518811 5.156919132 -0.064909691 0.969170810 0.011585066 0.237403580
1520616817.713730574 14.173553674 4.505760856 5.127102006 -0.054234512 0.959223771 0.020341574 0.276648867
1520616817.763732672 14.234211480 4.491502103 5.100598507 -0.045313996 0.947111927 0.034810328 0.315775047
1520616817.813733578 14.297128051 4.482650181 5.078105557 -0.044983270 0.932429696 0.046288029 0.355540133
1520616817.863735676 14.348775254 4.472745723 5.046319289 -0.045316552 0.915292523 0.051455644 0.396910977
1520616817.913737535 14.401547968 4.442794477 5.014487018 -0.045798171 0.897273080 0.054146974 0.435742645
1520616817.963739395 14.451531913 4.417901388 4.981086310 -0.040682041 0.879765906 0.047018984 0.471323814
1520616818.014805079 14.496108493 4.412049111 4.950544815 -0.032453155 0.860044698 0.027507961 0.508441955
1520616818.064806938 14.542510787 4.388054914 4.912127444 -0.024766482 0.840284833 0.012157093 0.541442726
1520616818.114807844 14.587267217 4.368330023 4.881198150 -0.012660671 0.821267766 0.004012626 0.570388343
1520616818.164808989 14.627492736 4.338801197 4.848172087 -0.007148258 0.805531078 0.003100731 0.592502296
1520616818.214811087 14.667626292 4.326440331 4.817800329 -0.003699716 0.794319292 0.003670707 0.607478148
1520616818.264812946 14.702613130 4.325057069 4.775297289 -0.008915583 0.785381853 0.002070436 0.618943915
1520616818.314814091 14.740421640 4.330031416 4.734820083 -0.018562013 0.782134531 0.000418798 0.622832924
1520616818.364815950 14.777947944 4.340354891 4.684535229 -0.029801855 0.781473830 -0.004351184 0.623210694
1520616818.414816856 14.816904905 4.354919452 4.636266963 -0.034590583 0.782252297 -0.008210022 0.621946486
1520616818.462631464 14.855067880 4.373863273 4.591610535 -0.035763817 0.781713515 -0.013260872 0.622470143
1520616818.512632370 14.899354078 4.395125087 4.546130363 -0.035651923 0.784312253 -0.014668262 0.619167242
1520616818.562634230 14.941905285 4.419323726 4.502343683 -0.034000386 0.788135386 -0.013426665 0.614415422
1520616818.612636566 14.979944466 4.445722947 4.462301884 -0.033030246 0.792415425 -0.005859672 0.609058669
1520616818.662637472 15.022855528 4.478863987 4.432169278 -0.036280088 0.797125395 0.004425796 0.602706622
1520616818.712639570 15.064677783 4.515765324 4.397109424 -0.043547628 0.802382574 0.014553199 0.595041187
1520616818.762640476 15.106062024 4.550556908 4.366448455 -0.052586303 0.806290765 0.025335993 0.588632288
1520616818.812642336 15.152021648 4.590668383 4.340514213 -0.056725122 0.810464101 0.034389249 0.582020258
1520616818.865568399 15.203154411 4.627335948 4.321588614 -0.051501509 0.812425598 0.044410717 0.579085426
1520616818.915570259 15.255230064 4.665587633 4.310346786 -0.041839127 0.814363834 0.047803645 0.576867267
1520616818.965571404 15.308984474 4.702709517 4.300210237 -0.033947089 0.814871385 0.051045715 0.576390975
1520616819.015573263 15.363146547 4.729335206 4.297064136 -0.028585722 0.812322983 0.058038345 0.579608297
1520616819.065575361 15.421366623 4.741461169 4.292769303 -0.026968971 0.806968257 0.069358805 0.585887586
1520616819.115576506 15.482477703 4.746248428 4.301513807 -0.025360757 0.802046887 0.083184226 0.590895937
1520616819.165578365 15.542597732 4.740759129 4.308495816 -0.027948658 0.796299165 0.095217990 0.596707673
1520616819.215580225 15.599729376 4.738248365 4.311027419 -0.027840767 0.789797015 0.106227175 0.603457832
1520616819.267743349 15.661292473 4.723262365 4.307430879 -0.030820872 0.781478728 0.115282022 0.612414180
1520616819.317744493 15.724278955 4.713758319 4.291763291 -0.038433367 0.771929023 0.117512528 0.623569776
1520616819.367746353 15.786907607 4.702284142 4.283045834 -0.043207185 0.766652586 0.115624346 0.630085679
1520616819.417747259 15.849050085 4.694060146 4.267692303 -0.043395243 0.764126241 0.108335145 0.634422128
1520616819.467749357 15.910178173 4.684661179 4.239920210 -0.034282446 0.761635788 0.097621870 0.639691809
1520616819.517751455 15.959247577 4.670801380 4.212162107 -0.024001407 0.760612275 0.083128748 0.643414726
1520616819.567753315 16.018297642 4.667592225 4.171785309 -0.005760412 0.761235214 0.062354528 0.645445334
1520616819.617754459 16.031107674 4.664867482 4.110795527 0.005305882 0.757405623 0.045057158 0.651366580
1520616819.668343306 16.044366703 4.668324719 4.043104956 0.014048886 0.756495693 0.028468798 0.653227697
1520616819.718344212 16.090309580 4.658757379 3.985352707 0.017225495 0.760594752 0.016052747 0.648799826
1520616819.768346310 16.134756529 4.639505504 3.909220905 0.017132922 0.764547483 0.008650551 0.644281597
1520616819.818347454 16.178517212 4.613604635 3.849315911 0.010191614 0.770560101 0.006262247 0.637255087
1520616819.868349314 16.223123792 4.597290301 3.791218760 0.004633414 0.777048494 0.005211295 0.629402106
1520616819.918350220 16.285735537 4.641788577 3.736408950 -0.000720429 0.784533578 -0.006561780 0.620051199
1520616819.968352318 16.325943253 4.652985398 3.671236330 -0.002506941 0.788519685 -0.012033886 0.614886662
1520616820.018354177 16.381321220 4.648989820 3.609273926 0.002975525 0.792382889 -0.013273954 0.609872368
1520616820.069560766 16.429444820 4.656818563 3.548527095 0.007981423 0.790128956 -0.014621595 0.612714239
1520616820.119561672 16.466886390 4.656558086 3.492285822 0.012531712 0.786258397 -0.012179970 0.617650660
1520616820.169563532 16.498652665 4.669438350 3.414374788 0.016904505 0.782725185 -0.011054711 0.622039642
1520616820.219565630 16.551675527 4.668847866 3.362366327 0.020319581 0.789873101 0.001561486 0.612931612
1520616820.269566536 16.577372188 4.684498919 3.298830758 0.017572115 0.802648629 0.012074955 0.596070964
1520616820.319568396 16.610175443 4.711024908 3.245412618 0.019097405 0.823913300 0.021381973 0.565990260
1520616820.369569540 16.644773351 4.720226759 3.188868241 0.012729958 0.849762467 0.030314232 0.526139473
1520616820.419571638 16.681187967 4.737730966 3.109269794 0.005776169 0.875813391 0.036116901 0.481261997
1520616820.469572544 16.712251106 4.775806251 3.046026260 0.000352604 0.899264896 0.037173861 0.435821784
1520616820.517346621 16.735769428 4.809717321 2.996130459 -0.007135488 0.919596509 0.036149285 0.391132426
1520616820.567347765 16.754904839 4.847383107 2.947369388 -0.017112626 0.937155116 0.034383577 0.346792756
1520616820.617349625 16.791606965 4.862500132 2.888124326 -0.030710688 0.950237686 0.035102967 0.308014570
1520616820.667351723 16.827326257 4.860959905 2.837786455 -0.056457898 0.959124270 0.033175378 0.275304439
1520616820.717352867 16.867954302 4.861618807 2.787545753 -0.086381211 0.963033243 0.024258965 0.254001500
1520616820.767354727 16.917890556 4.868186473 2.746769394 -0.114198847 0.962767043 0.011816577 0.244741932
1520616820.817355633 16.967739281 4.855428474 2.715212109 -0.143373465 0.958226211 0.009266268 0.247306925
1520616820.867357731 17.028918263 4.849430115 2.694456737 -0.170356056 0.949776578 0.001742558 0.262488532
1520616820.919586658 17.110142982 4.848394846 2.680347110 -0.199674477 0.937234783 -0.016608594 0.285386089
1520616820.969588518 17.171925472 4.835867696 2.665268984 -0.227539045 0.918641666 -0.040427881 0.320451337
1520616821.019590378 17.246155670 4.818363668 2.648940894 -0.244293393 0.895422046 -0.065905077 0.366328566
1520616821.069591761 17.320017885 4.809702126 2.632918762 -0.249687405 0.867924538 -0.091826801 0.419441338
1520616821.119593620 17.391661952 4.806673446 2.619775778 -0.245006529 0.836051068 -0.114272360 0.477422496
1520616821.169595480 17.461642055 4.812074932 2.625753937 -0.238552285 0.797626216 -0.138906059 0.536274495
1520616821.219596624 17.525687589 4.803946077 2.633153736 -0.229694454 0.753629129 -0.158058351 0.595232014
1520616821.269598484 17.564836011 4.806919522 2.638571825 -0.218251817 0.703461569 -0.172076769 0.654138785
1520616821.317485094 17.607881693 4.818646030 2.633299665 -0.204786310 0.650562483 -0.178354082 0.709239624
1520616821.367486238 17.651447583 4.820767244 2.646396740 -0.190799744 0.591620593 -0.168717933 0.764927964
1520616821.417488337 17.692830210 4.821736385 2.681669827 -0.173425013 0.535938188 -0.140205942 0.814270420
1520616821.467489481 17.725909631 4.828057016 2.713218394 -0.154514561 0.483450880 -0.104651905 0.855247611
1520616821.517490387 17.753288248 4.826568715 2.750166898 -0.135377774 0.437282636 -0.057773371 0.887197268
1520616821.567492247 17.787017876 4.833682053 2.791356311 -0.115655664 0.395225848 -0.010113701 0.911217871
1520616821.617493391 17.812533843 4.842495197 2.814363426 -0.094186853 0.363470319 0.034205426 0.926200925
1520616821.667495251 17.842001938 4.854304951 2.846911551 -0.076729918 0.342686933 0.072257419 0.933518640
1520616821.713176727 17.866434586 4.871166699 2.880184467 -0.058473407 0.330219444 0.103812294 0.936354093
1520616821.763178587 17.900697203 4.877793270 2.903766755 -0.042545292 0.319065898 0.134069652 0.937236458
1520616821.813185692 17.926923417 4.887340244 2.934944080 -0.025338981 0.316434199 0.156466847 0.935278279
1520616821.863181591 17.951433187 4.897657062 2.964307885 -0.007299979 0.322799237 0.170995742 0.930864018
1520616821.913183689 17.984368491 4.902226131 2.987041636 0.007097912 0.334264243 0.181004740 0.924907736
1520616821.963184834 18.013145204 4.910164852 3.009195286 0.014178577 0.350377684 0.185098546 0.918026674
1520616822.013186693 18.046345219 4.921386857 3.023732039 0.009564977 0.368234501 0.178609261 0.912365385
1520616822.063187599 18.074034143 4.936355588 3.040700332 -0.006095570 0.382405868 0.159935080 0.910027124
1520616822.111991167 18.102332026 4.953151366 3.054390206 -0.029432081 0.388375147 0.133240252 0.911342709
1520616822.161992073 18.129942037 4.978148349 3.064378918 -0.053182161 0.383829345 0.103100893 0.916087822
1520616822.211994171 18.152483122 4.994602482 3.084131094 -0.074871073 0.371395439 0.064479101 0.923202143
1520616822.261996031 18.178404850 5.004880603 3.105960110 -0.092457259 0.351742300 0.022180727 0.931255617
1520616822.311996937 18.196398396 5.018602086 3.125530153 -0.102497117 0.324527220 -0.020953144 0.940073077
1520616822.361999273 18.216551920 5.034109048 3.144812896 -0.106511906 0.290510715 -0.061039762 0.948964112
1520616822.412000179 18.228191737 5.035504163 3.177161278 -0.106395209 0.246749654 -0.095690001 0.958456098
1520616822.462002039 18.229608393 5.040749846 3.203312255 -0.101418476 0.196573333 -0.123272107 0.967407466
1520616822.511841774 18.216061637 5.037193228 3.234510461 -0.092470368 0.139284859 -0.144242704 0.975316872
1520616822.561844110 18.194796454 5.039825871 3.262787743 -0.081576427 0.078935700 -0.156592713 0.981118323
1520616822.611845016 18.168776142 5.036733688 3.291185359 -0.071805558 0.015879736 -0.153757447 0.985368177
1520616822.661846876 18.142153398 5.040582291 3.321504969 -0.063910291 -0.046589006 -0.137769793 0.987301587
1520616822.711848974 18.114055646 5.044137775 3.348945263 -0.056437325 -0.104802099 -0.115210841 0.986183457
1520616822.761849880 18.086251960 5.035254373 3.379520336 -0.049322128 -0.156117580 -0.092509016 0.982159209
1520616822.811851978 18.053282179 5.040762010 3.420244006 -0.041388746 -0.201239668 -0.064722002 0.976524772
1520616822.861854076 18.009121732 5.047115158 3.455228990 -0.034404669 -0.237920223 -0.029009819 0.970241576
1520616822.911854982 17.983347416 5.044312409 3.482031880 -0.032247383 -0.268957177 0.009520465 0.962565065
1520616822.961549759 17.948634867 5.037969740 3.517665975 -0.033506727 -0.291422529 0.044469596 0.954972598
1520616823.011550903 17.907025509 5.037683922 3.556730806 -0.037118422 -0.308769291 0.081251706 0.946932895
1520616823.061552763 17.862213488 5.033299052 3.588674682 -0.041462714 -0.322726898 0.116514088 0.938377675
1520616823.111553669 17.819778566 5.022097817 3.621674916 -0.045212414 -0.330569814 0.145216301 0.931446006
1520616823.161555767 17.788448753 5.024600062 3.663386890 -0.040029936 -0.336682904 0.175741906 0.924206151
1520616823.211557627 17.757639298 5.001690530 3.697632060 -0.038184717 -0.339906761 0.206479774 0.916717745
1520616823.261558533 17.721911531 4.986872619 3.731601857 -0.035244039 -0.340757078 0.237812352 0.908893699
1520616823.311560869 17.691242385 4.966060671 3.766684828 -0.035222282 -0.341836195 0.269620099 0.899562343
1520616823.361238003 17.655247713 4.950550656 3.799265863 -0.032283780 -0.344917974 0.294624536 0.890609753
1520616823.411240101 17.605196722 4.938048627 3.838768761 -0.028410010 -0.345529557 0.311324352 0.884804693
1520616823.461263180 17.575242683 4.929699130 3.877247350 -0.024647384 -0.349908559 0.320512506 0.879902404
1520616823.511243105 17.538187297 4.915055090 3.914322175 -0.024596499 -0.353286631 0.329078598 0.875380400
1520616823.561244011 17.488879037 4.888471747 3.944853570 -0.032845186 -0.355644847 0.336616005 0.871279291
1520616823.611246109 17.459241865 4.872670222 3.976821773 -0.046921585 -0.358759334 0.342204024 0.867171558
1520616823.661247015 17.414681344 4.848797820 4.009601900 -0.060927666 -0.359647185 0.349728785 0.862920332
1520616823.711248875 17.373226875 4.833271185 4.045962935 -0.073231962 -0.357633799 0.357677345 0.859535958
1520616823.761011839 17.332052865 4.817941657 4.082140174 -0.084318779 -0.352463013 0.362672665 0.858561999
1520616823.811013699 17.300844262 4.817654917 4.111801804 -0.089436680 -0.347401112 0.370946943 0.856569853
1520616823.861015558 17.264617948 4.827194645 4.163117056 -0.091314967 -0.337555716 0.380941374 0.855921366
1520616823.911016703 17.230823899 4.835326593 4.208125531 -0.094319709 -0.326165047 0.390576201 0.855669554
1520616823.961018801 17.196035067 4.866492732 4.264088054 -0.095819529 -0.312932747 0.396438918 0.857745824
1520616824.011019945 17.159414832 4.866641999 4.309896747 -0.101542877 -0.294336448 0.399348312 0.862308544
1520616824.061021805 17.124830281 4.896226293 4.367914242 -0.099912227 -0.274196796 0.391915283 0.872488438
1520616824.111022711 17.101622397 4.910646930 4.424918523 -0.097402315 -0.254959723 0.379142084 0.884171708
1520616824.161719322 17.080243025 4.923396002 4.483742224 -0.095040129 -0.233915141 0.358829502 0.898605848
1520616824.211720228 17.071496245 4.951542723 4.545991647 -0.087775878 -0.214143526 0.336395247 0.912839626
1520616824.261722565 17.061522545 4.974401389 4.606513839 -0.081404530 -0.189466193 0.312172996 0.927374727
1520616824.311724424 17.061199931 4.995837501 4.669162023 -0.076272830 -0.163080341 0.290086539 0.939913325
1520616824.361725330 17.057720331 5.007675703 4.723841498 -0.070516671 -0.138400973 0.269975015 0.950255787
1520616824.411727428 17.051915914 5.029078379 4.780548678 -0.060784967 -0.113391969 0.243107923 0.961429138
1520616824.461729288 17.050346428 5.050711733 4.840143379 -0.051342662 -0.091754182 0.215677566 0.970787458
1520616824.511730194 17.050063707 5.071888307 4.895522769 -0.043849183 -0.074638373 0.188396097 0.978270552
1520616824.561630011 17.045314425 5.091068262 4.947947278 -0.039280960 -0.061743268 0.156485356 0.984965537
1520616824.611630917 17.047440811 5.108964169 5.002019242 -0.032351794 -0.054717409 0.128506311 0.989669386
1520616824.661632776 17.043358066 5.105976491 5.052175881 -0.022154119 -0.051963615 0.106758440 0.992679008
1520616824.711633921 17.039579828 5.101636362 5.100815346 -0.005924764 -0.052250161 0.083605695 0.995110499
1520616824.761636019 17.037847395 5.085674583 5.145107206 0.009090866 -0.058572661 0.060833712 0.996386400
1520616824.811637163 17.026010433 5.066629684 5.186724159 0.024571381 -0.065436431 0.034836180 0.996945716
1520616824.861639023 17.023260125 5.065975377 5.230405232 0.041039122 -0.075824060 0.009185930 0.996233969
1520616824.911640882 16.997704327 5.042233186 5.267296903 0.046294854 -0.084364261 -0.009241138 0.995316060
1520616824.961117744 16.984256525 5.043619191 5.308515374 0.050893081 -0.098496313 -0.020802107 0.993617453
1520616825.011119604 16.946651748 5.036782579 5.348933047 0.049264395 -0.111513470 -0.032963845 0.991993523
1520616825.061120749 16.921373698 5.030795525 5.387009170 0.046636684 -0.130478632 -0.039610569 0.989561190
1520616825.111160994 16.876180526 5.028550609 5.422944309 0.046662336 -0.146116120 -0.043169535 0.987222922
1520616825.161123991 16.833544046 5.046291440 5.466675581 0.051703854 -0.165933318 -0.040000401 0.983967893
1520616825.211125851 16.775380756 5.029944004 5.491601776 0.048724797 -0.183903954 -0.031243224 0.981238549
1520616825.261126757 16.723677109 5.029509316 5.528300225 0.044578167 -0.207785424 -0.019353535 0.976966450
1520616825.311128855 16.671085295 5.034507653 5.554566334 0.036410582 -0.232272448 -0.004896293 0.971956689
1520616825.361129761 16.619163260 5.046367193 5.582242047 0.028641906 -0.254710203 0.010521291 0.966535905
1520616825.410990953 16.557636022 5.039383091 5.600432946 0.018544871 -0.267867555 0.030245966 0.962802286
1520616825.460992813 16.498157893 5.033330122 5.620695132 0.009898507 -0.279489879 0.051740810 0.958702412
1520616825.510993719 16.434282309 5.036606281 5.646805696 0.004593608 -0.289727972 0.076254463 0.954055479
1520616825.560995817 16.391025739 5.027381560 5.668151421 -0.003779974 -0.303958956 0.102059210 0.947195113
1520616825.610996723 16.340110489 5.027831486 5.693278627 -0.008399906 -0.313260229 0.125354113 0.941320252
1520616825.660998821 16.298761841 5.039718141 5.722543092 -0.008998364 -0.322977295 0.151156121 0.934214388
1520616825.710999966 16.248181820 5.028857568 5.747265090 -0.014918973 -0.329050584 0.174291651 0.927968511
1520616825.761001825 16.205427047 5.032486479 5.775574264 -0.017748213 -0.337563775 0.193909785 0.920942286
1520616825.811155796 16.181836332 5.033859873 5.803054775 -0.018575381 -0.349290319 0.213357104 0.912211584
1520616825.861157656 16.143161217 5.023660738 5.826680191 -0.020757131 -0.349450887 0.225615222 0.909148498
1520616825.911159754 16.103877937 5.014870169 5.853961476 -0.021720865 -0.344967801 0.238611688 0.907518530
1520616825.961160898 16.082382246 5.007405469 5.882198410 -0.021370656 -0.339272280 0.250978327 0.906337406
1520616826.011162758 16.049160394 5.000484848 5.917944127 -0.019342104 -0.319389843 0.256545045 0.912031058
1520616826.061164618 16.025114603 4.994344542 5.954317426 -0.015168750 -0.295455896 0.263335272 0.918221246
1520616826.111165762 15.997052199 4.985800014 5.991854158 -0.010719325 -0.267454166 0.272092270 0.924293872
1520616826.161167622 15.980872606 4.979677916 6.029817199 -0.004759796 -0.240668056 0.282093770 0.928697656
1520616826.211901903 15.971025814 4.986935167 6.063105787 0.004777606 -0.210201682 0.285788630 0.934942397
1520616826.261903048 15.964066735 4.988098445 6.103579371 0.011513963 -0.176354815 0.291022607 0.940251163
1520616826.311903954 15.959138798 4.988473159 6.141372365 0.018861640 -0.137457614 0.295420375 0.945238829
1520616826.361905813 15.963109384 4.989526933 6.179921890 0.026372730 -0.095233853 0.300340625 0.948699374
1520616826.411907911 15.970904346 4.994304418 6.214438117 0.037281703 -0.050373779 0.305054612 0.950270615
1520616826.461908817 15.988693965 4.993865027 6.247789690 0.046232772 -0.004902386 0.308198399 0.950185374
1520616826.511909723 16.012905008 5.000279992 6.276538215 0.057453581 0.043360452 0.309699298 0.948106166
1520616826.561913013 16.040749630 5.001582435 6.305637528 0.064512887 0.092598134 0.307000297 0.944994439
1520616826.612506151 16.071711646 5.002189857 6.334944437 0.070195424 0.141478865 0.302634173 0.939930258
1520616826.662507057 16.105596350 5.005366516 6.354983230 0.078041834 0.185905347 0.296664099 0.933455455
1520616826.712509394 16.135321487 5.009861772 6.379881705 0.087814449 0.228113388 0.286520347 0.926368715
1520616826.762565136 16.173896829 5.018300881 6.393282798 0.101678484 0.262300330 0.279969266 0.917865586
1520616826.812512159 16.211683090 5.021055185 6.399076567 0.114813233 0.297196259 0.273563352 0.907554625
1520616826.862513304 16.253461370 5.022551146 6.404134794 0.122676158 0.335799703 0.265294864 0.895437187
1520616826.912515163 16.292358781 5.026624069 6.402857643 0.130021478 0.372483295 0.256328954 0.882409246
1520616826.962517023 16.331354199 5.028777871 6.393514733 0.132905971 0.408146856 0.248874128 0.868224519
1520616827.011626482 16.369169887 5.034387821 6.382073589 0.132840641 0.446489191 0.241647880 0.851238550
1520616827.061628580 16.405626274 5.046685896 6.368195432 0.131726417 0.487566827 0.231944242 0.831341452
1520616827.111629725 16.444956505 5.055212605 6.347563522 0.128568963 0.529791906 0.222694652 0.808206440
1520616827.161631584 16.479785269 5.070403369 6.323109970 0.128294232 0.573297660 0.207181888 0.782269805
1520616827.211632490 16.516757018 5.080432021 6.291302493 0.125799425 0.616608171 0.191189673 0.753269790
1520616827.261634588 16.551049969 5.090911075 6.250875276 0.124111499 0.658432512 0.171194813 0.722326310
1520616827.311635494 16.582116557 5.103340636 6.207400080 0.118446892 0.702381959 0.149456836 0.685778806
1520616827.361637354 16.610912364 5.115761975 6.158437974 0.113219330 0.742284860 0.131618467 0.647202557
1520616827.411665440 16.628852301 5.129971803 6.112039542 0.112134993 0.773652762 0.113609601 0.613172085
1520616827.461434364 16.646680099 5.130818874 6.059366175 0.105779682 0.798737436 0.099653521 0.583865005
1520616827.511436462 16.661957179 5.131230601 6.002044208 0.097317157 0.821842878 0.084046224 0.555013411
1520616827.561437607 16.677445075 5.128702719 5.941318100 0.088287482 0.844725450 0.069877250 0.523222137
1520616827.611439466 16.691078948 5.127544057 5.879298899 0.083090764 0.863252786 0.057494389 0.494555303
1520616827.661440611 16.701874865 5.128767946 5.816750672 0.077583884 0.877795554 0.044424963 0.470618879
1520616827.711442471 16.706741585 5.125197214 5.756516512 0.067822472 0.890943883 0.027646523 0.448168249
1520616827.761444330 16.716618331 5.132788510 5.684560357 0.054492456 0.902638102 0.010724156 0.426802087
1520616827.811445713 16.721358351 5.143457583 5.618126929 0.038888956 0.912528748 -0.002704303 0.407150610
1520616827.861900806 16.737126946 5.158619685 5.557097963 0.019781016 0.920356984 -0.010726443 0.390431398
1520616827.911902905 16.740851651 5.166258309 5.494288806 0.000883842 0.925736025 -0.014401340 0.377895002
1520616827.961904764 16.749930398 5.173119640 5.435199361 -0.016957102 0.931406791 -0.018101504 0.363133833
1520616828.011905909 16.760176427 5.175394754 5.370458374 -0.030875531 0.936789839 -0.023036178 0.347765487
1520616828.061906815 16.766337704 5.174667597 5.304608893 -0.043160697 0.941060577 -0.032210438 0.333923094
1520616828.111908674 16.775317354 5.177511533 5.241187270 -0.052683982 0.945556611 -0.042826626 0.318296990
1520616828.161909819 16.778908214 5.179781784 5.174658111 -0.060149666 0.948917322 -0.049974913 0.305680294
1520616828.211911678 16.780686917 5.185872498 5.107672267 -0.065105431 0.952284872 -0.054144638 0.293228860
1520616828.261740685 16.786563931 5.197216607 5.040345504 -0.072033898 0.956074332 -0.055839125 0.278594653
1520616828.311742544 16.795098231 5.211327170 4.970760069 -0.079409388 0.959688690 -0.056532126 0.263620723
1520616828.361743689 16.798480164 5.221291607 4.895300203 -0.083291527 0.961318231 -0.053083907 0.257122305
1520616828.411818504 16.795405899 5.209305984 4.832546204 -0.093081086 0.962205130 -0.056983614 0.249499632
1520616828.461746454 16.801758492 5.202595139 4.786645258 -0.100432671 0.963831819 -0.064369106 0.238323566
1520616828.511748791 16.810855417 5.200817845 4.742584370 -0.104790374 0.965274940 -0.074666511 0.227350347
1520616828.561749697 16.823414730 5.199447093 4.690153359 -0.113044588 0.966891107 -0.082640094 0.213338050
1520616828.611751556 16.829044281 5.206053429 4.648039528 -0.126137165 0.968275294 -0.086443093 0.197635934
1520616828.661351204 16.829690306 5.199671291 4.587425259 -0.139442450 0.968407617 -0.082127691 0.189730160
1520616828.711352348 16.834466376 5.200282725 4.527248154 -0.147475542 0.968335255 -0.078514602 0.185508102
1520616828.761354446 16.823820852 5.197566359 4.460124452 -0.151767699 0.967312018 -0.076872540 0.188054881
1520616828.811355591 16.826530627 5.186720430 4.398782471 -0.158107121 0.965381786 -0.077303686 0.192520870
1520616828.861357450 16.845166334 5.190985855 4.349306950 -0.162199686 0.963820253 -0.083122773 0.194505491
1520616828.911358356 16.855544770 5.197792369 4.285860269 -0.168945777 0.959350820 -0.097232360 0.204081347
1520616828.961360455 16.870832283 5.203646724 4.229877849 -0.174488877 0.954014096 -0.109225627 0.217900206
1520616829.011361361 16.892703072 5.213728313 4.201268154 -0.179429562 0.948808254 -0.116653642 0.232292611
1520616829.061174631 16.906273192 5.199532051 4.162295386 -0.184825495 0.941068650 -0.120003382 0.256570693
1520616829.111176491 16.924322601 5.196894622 4.115550902 -0.191866701 0.930998336 -0.120870470 0.286041250
1520616829.161177635 16.952254456 5.203668354 4.069195810 -0.197748007 0.920330190 -0.121060331 0.315011846
1520616829.211179733 16.985368417 5.211855799 4.031018052 -0.199658615 0.911596519 -0.113409490 0.340978756
1520616829.261180401 17.017912751 5.219933466 3.996236165 -0.205196228 0.901315929 -0.102708205 0.367389614
1520616829.311182737 17.045127974 5.231357229 3.956968949 -0.210908291 0.890319067 -0.092464505 0.392810345
1520616829.361184597 17.072634614 5.239042349 3.914434764 -0.215870339 0.877720405 -0.087373648 0.418775278
1520616829.411185503 17.101394064 5.249100003 3.860001612 -0.219031415 0.862710787 -0.087771518 0.447271168
1520616829.461228371 17.132066208 5.248095823 3.820939990 -0.217798300 0.846843508 -0.083960794 0.477881322
1520616829.511229277 17.174637013 5.277415110 3.781915222 -0.211454069 0.831882296 -0.080957352 0.506660567
1520616829.561231136 17.224160920 5.303844095 3.743660322 -0.204243154 0.816609794 -0.076459620 0.534403504
1520616829.611233473 17.270748569 5.331987607 3.714374035 -0.191411597 0.802118934 -0.070478133 0.561248296
1520616829.661234379 17.316338389 5.341305926 3.692793834 -0.178187311 0.787933442 -0.061150733 0.586234391
1520616829.711235523 17.365456030 5.361042721 3.674080922 -0.161421813 0.772414742 -0.054018671 0.611882707
1520616829.761237383 17.412008209 5.363231784 3.655295126 -0.144558586 0.756301043 -0.044854149 0.636474392
1520616829.811238289 17.458924794 5.367770134 3.633843102 -0.125825173 0.739578203 -0.032320276 0.660414648
1520616829.861240387 17.501669495 5.382591386 3.620520910 -0.107485285 0.723050510 -0.015272963 0.682210825
1520616829.912132740 17.551626421 5.398692355 3.622458513 -0.086818160 0.706699560 0.004484465 0.702152568
1520616829.962133646 17.612550590 5.412773678 3.624521049 -0.064498437 0.694204817 0.030607338 0.716228186
1520616830.012135506 17.662322100 5.442687247 3.615482739 -0.038377819 0.679498689 0.050584586 0.730923986
1520616830.062225580 17.720129645 5.457779598 3.610350174 -0.018965011 0.665121241 0.072688325 0.742947152
1520616830.112138510 17.767350595 5.480655034 3.607928258 -0.002077325 0.649332159 0.088207205 0.755369394
1520616830.162139654 17.808869911 5.504996991 3.612567586 0.014017700 0.635212361 0.105266009 0.765001848
1520616830.212141752 17.850690337 5.515406915 3.625118537 0.030512345 0.622305095 0.128084760 0.771621449
1520616830.262143612 17.901092546 5.518444805 3.629254880 0.044613356 0.607153568 0.157845570 0.777469594
1520616830.313514233 17.950711443 5.528044005 3.633435967 0.057350175 0.595840933 0.183439839 0.779765584
1520616830.363516331 17.984850036 5.544624973 3.650551602 0.070231622 0.591374122 0.199873337 0.778071215
1520616830.413517237 18.031414863 5.552067608 3.655159639 0.075838190 0.591035488 0.214555676 0.773880794
1520616830.463519335 18.079748354 5.559153912 3.657667129 0.078271158 0.595143455 0.224875544 0.767534288
1520616830.513520241 18.132366500 5.565514626 3.656884930 0.078376887 0.603462450 0.228137266 0.760028633
1520616830.563522100 18.182705073 5.579620451 3.655127064 0.079584285 0.615052767 0.219689477 0.753069034
1520616830.613523245 18.237088067 5.597370265 3.651419199 0.079013037 0.630167415 0.201555313 0.745668441
1520616830.663525105 18.290520551 5.610390394 3.649477790 0.077214307 0.647586322 0.178687109 0.736709456
1520616830.714658260 18.344144542 5.622946310 3.644854679 0.066245024 0.667811454 0.151244754 0.725785425
1520616830.764658928 18.398201736 5.633452246 3.636565438 0.049092723 0.689103192 0.122933750 0.712470342
1520616830.814661026 18.451158077 5.639458587 3.627991451 0.029342192 0.706917737 0.097637668 0.699909447
1520616830.864662170 18.499359557 5.642034968 3.624404979 0.007237504 0.719968066 0.074064532 0.690005831
1520616830.914664030 18.549359716 5.642630408 3.624377909 -0.011625505 0.729537359 0.052057038 0.681857870
1520616830.964664936 18.593036602 5.646282741 3.619006617 -0.025660162 0.726365488 0.026675848 0.686311250
1520616831.014668226 18.638330281 5.645602781 3.623798885 -0.038077030 0.718670256 -0.001276554 0.694306541
1520616831.064669132 18.686864413 5.648793283 3.633293688 -0.045309759 0.702408877 -0.032344041 0.709593305
1520616831.116019964 18.736413888 5.650894160 3.645436048 -0.052258759 0.680646081 -0.060585837 0.728230246
1520616831.166022062 18.782186653 5.654467584 3.663335494 -0.058992464 0.655867683 -0.086830613 0.747541247
1520616831.216024160 18.825244508 5.658525405 3.685756493 -0.063633593 0.627404246 -0.109858654 0.768274531
1520616831.266025066 18.866369637 5.659848970 3.705942026 -0.065923591 0.595062292 -0.130513858 0.790266462
1520616831.316025972 18.896236051 5.657570257 3.735061443 -0.064066365 0.560283182 -0.148217303 0.812409926
1520616831.366029263 18.923916014 5.660955234 3.763797298 -0.056146429 0.521884394 -0.164549007 0.835109503
1520616831.416029930 18.944689235 5.652329866 3.798068368 -0.048205338 0.478731818 -0.173191170 0.859358429
1520616831.466031313 18.959036209 5.657280485 3.838277649 -0.033096510 0.431885212 -0.179452561 0.883276040
1520616831.515218973 18.976776656 5.658788488 3.875352471 -0.018290433 0.378852752 -0.174270956 0.908716505
1520616831.565220118 18.978117979 5.663030434 3.919122977 -0.007343539 0.326836091 -0.168323745 0.929941589
1520616831.615222216 18.981154489 5.672837873 3.956901562 0.000588271 0.273563547 -0.161482184 0.948201531
1520616831.665223122 18.989504473 5.670189538 3.998183641 0.006582302 0.220951689 -0.158651734 0.962271610
1520616831.715225220 18.987804084 5.669680159 4.036498094 0.017216057 0.175431503 -0.153352220 0.972322216
1520616831.765226126 18.985229837 5.672072407 4.067052369 0.030107232 0.133179642 -0.149757925 0.979249356
1520616831.815227985 18.979911092 5.673325544 4.104371726 0.043424458 0.088479086 -0.147450322 0.984146417
1520616831.865230083 18.984005929 5.671127395 4.137743348 0.054894664 0.041619178 -0.142755645 0.987357709
1520616831.912727594 18.979234942 5.674725038 4.175750105 0.065412078 -0.004404057 -0.137415360 0.988341481
1520616831.962729454 18.966773497 5.672129756 4.203127993 0.073896474 -0.051244156 -0.133298877 0.986987719
1520616832.012730837 18.951504269 5.677173436 4.229337916 0.082647887 -0.103890855 -0.127882797 0.982864185
1520616832.062732697 18.939937049 5.676386955 4.245385315 0.088999118 -0.166116754 -0.117061755 0.975079959
1520616832.112733603 18.912878154 5.680471985 4.256318527 0.098387748 -0.226370277 -0.104162778 0.963445102
1520616832.162735701 18.876860553 5.685498256 4.266558478 0.107302315 -0.286856597 -0.089663291 0.947713037
1520616832.212736607 18.846881283 5.684347523 4.266464892 0.112060275 -0.345001473 -0.073512246 0.928984622
1520616832.262738466 18.819642920 5.687339481 4.261148018 0.115036850 -0.400805959 -0.057692083 0.907079230
1520616832.312740803 18.790187720 5.696039977 4.254234738 0.115103860 -0.451741765 -0.043910266 0.883601928
1520616832.361881971 18.762989764 5.707937310 4.243318685 0.113738914 -0.502158324 -0.033740582 0.856599119
1520616832.411883831 18.743565178 5.710773504 4.231209726 0.107930175 -0.554229738 -0.022293277 0.825035444
1520616832.461884737 18.720097193 5.714916554 4.211779823 0.100312473 -0.603328758 -0.011208313 0.791079131
1520616832.511886835 18.699730832 5.719980000 4.192129831 0.091213374 -0.652442744 0.002028473 0.752326041
1520616832.561888933 18.682801340 5.725054848 4.162944016 0.083244446 -0.697383687 0.014224257 0.711705013
1520616832.611889839 18.669203023 5.725352412 4.123601481 -0.072427196 0.735544971 -0.030717911 -0.672892493
1520616832.661891937 18.654889066 5.728463535 4.088426877 -0.060884561 0.769016206 -0.047774957 -0.634527146
1520616832.711893797 18.639250380 5.726097648 4.049404857 -0.046728214 0.799223733 -0.065883321 -0.595581469
1520616832.761738777 18.629719560 5.731102726 4.005784874 -0.030847489 0.827394801 -0.089472540 -0.553589144
1520616832.811741114 18.624182319 5.725849088 3.955435694 -0.012852337 0.851825947 -0.108728817 -0.512255227
1520616832.861742020 18.613730871 5.714651109 3.901463301 0.002767617 0.868237481 -0.125293169 -0.480060036
1520616832.911743879 18.605737571 5.715650100 3.845855902 0.012363238 0.879344867 -0.143867518 -0.453764137
1520616832.961745024 18.595679597 5.700388057 3.787041237 0.028036316 0.887015170 -0.156306760 -0.433573812
1520616833.011745930 18.577746064 5.697305066 3.734369352 0.045342254 0.892349181 -0.174381904 -0.413821182
1520616833.061748743 18.563454759 5.690888639 3.680539082 0.064269919 0.895649298 -0.190062547 -0.396935689
1520616833.111749887 18.541384051 5.687791067 3.629781156 0.076564372 0.897166674 -0.202223046 -0.385143733
1520616833.161661386 18.520308845 5.682963336 3.579796847 0.085768380 0.896988151 -0.213707098 -0.377339791
1520616833.211663246 18.502262529 5.675330877 3.528442137 0.092159546 0.896244875 -0.229956709 -0.367928870
1520616833.261665106 18.487149802 5.661178392 3.473953302 0.096709421 0.893259684 -0.243535299 -0.365273846
1520616833.311669111 18.464147611 5.658012007 3.437371557 0.104154880 0.892995271 -0.249108975 -0.360077667
1520616833.361667156 18.438254545 5.659736965 3.378338821 0.114271781 0.890261272 -0.251028032 -0.362438621
1520616833.411669016 18.401854304 5.657620711 3.331800495 0.127315567 0.889898377 -0.246588095 -0.362030297
1520616833.461671352 18.374471715 5.646324605 3.287337607 0.142041277 0.889169584 -0.243532747 -0.360407446
1520616833.511672258 18.343857248 5.638737592 3.236405236 0.151759069 0.885810447 -0.245808084 -0.363163080
1520616833.561608076 18.312571592 5.623874900 3.188053368 0.160869619 0.880294129 -0.251202725 -0.368917882
1520616833.611609221 18.280719646 5.605237445 3.144376802 0.168742731 0.872862552 -0.260315610 -0.376659845
1520616833.661611080 18.243344136 5.592069301 3.117774594 0.173249135 0.864913342 -0.264935172 -0.389511236
1520616833.711611986 18.200966114 5.588427995 3.081811940 0.174293135 0.853422275 -0.271293635 -0.409502244
1520616833.761614084 18.165013243 5.589148128 3.053718778 0.172757578 0.842336847 -0.275017848 -0.430103056
1520616833.811614990 18.127636978 5.584600248 3.014895779 0.166848721 0.829064133 -0.275026969 -0.457355806
1520616833.861617088 18.088759617 5.565902687 2.983492131 0.159752506 0.815521625 -0.268074571 -0.487380385
1520616833.911619186 18.046813045 5.569995260 2.951107874 0.144994432 0.802929549 -0.263399674 -0.514685697
1520616833.961606264 18.004048003 5.570102354 2.926438356 0.127151902 0.789046872 -0.255776185 -0.543889668
1520616834.011608124 17.955054421 5.569018362 2.907474388 0.105121252 0.774951667 -0.244645059 -0.573191269
1520616834.061609268 17.904881048 5.557126460 2.880394815 0.081043159 0.758248712 -0.233652204 -0.603239210
1520616834.111611128 17.851404670 5.546768906 2.854180709 0.051064766 0.742419496 -0.219018713 -0.631059811
1520616834.161612272 17.804387269 5.550364592 2.844695279 0.013006404 0.732812178 -0.204204350 -0.648935843
1520616834.211614370 17.749957018 5.539009651 2.817534766 -0.029638003 0.722254782 -0.187769139 -0.664990503
1520616834.261616230 17.704626027 5.532651364 2.797248296 -0.076151337 0.713154729 -0.168224640 -0.676248311
1520616834.311617374 17.659805523 5.515514337 2.774704015 -0.119949355 0.706729560 -0.150245318 -0.680861091
1520616834.361657619 17.623253918 5.495401922 2.753585132 -0.159472500 0.703433219 -0.131649721 -0.680013661
1520616834.411658525 17.587239302 5.478776684 2.722643734 -0.199217765 0.701335922 -0.115946924 -0.674534297
1520616834.461659431 17.552004854 5.472587208 2.692443222 -0.239567231 0.700862054 -0.104060996 -0.663755401
1520616834.511660576 17.523340607 5.463214950 2.662653708 -0.277740644 0.703668312 -0.094121932 -0.647187843
1520616834.561663628 17.499146821 5.446676772 2.628622051 -0.313322217 0.711229157 -0.086567159 -0.623288377
1520616834.611664534 17.467042244 5.438619063 2.587831065 -0.348975958 0.720521892 -0.087177845 -0.592843999
1520616834.661666632 17.440381470 5.428840160 2.550945692 -0.384677832 0.732147133 -0.090320121 -0.554820526
1520616834.711667538 17.431181150 5.412496385 2.521810125 -0.417533552 0.747961312 -0.086528388 -0.508657494
1520616834.761668682 17.430322868 5.413251510 2.512234325 -0.417533552 0.747961312 -0.086528388 -0.508657494
1520616834.811499596 17.417150565 5.407915391 2.462136387 -0.449380207 0.760665877 -0.091640516 -0.459398378
1520616834.861500502 17.416292282 5.408670516 2.452560587 -0.449380207 0.760665877 -0.091640516 -0.459398378
1520616834.911502361 17.415433999 5.409425641 2.442984787 -0.449380207 0.760665877 -0.091640516 -0.459398378
1520616834.961504698 17.414575717 5.410180766 2.433408987 -0.449380207 0.760665877 -0.091640516 -0.459398378
1520616835.011505604 17.413717434 5.410935891 2.423833187 -0.449380207 0.760665877 -0.091640516 -0.459398378
1520616835.061507463 17.412859151 5.411691016 2.414257387 -0.449380207 0.760665877 -0.091640516 -0.459398378
1520616835.111508608 17.412000868 5.412446141 2.404681588 -0.449380207 0.760665877 -0.091640516 -0.459398378
1520616835.161510468 17.411142586 5.413201266 2.395105788 -0.449380207 0.760665877 -0.091640516 -0.459398378
1520616835.212774992 17.410284303 5.413956391 2.385529988 -0.449380207 0.760665877 -0.091640516 -0.459398378
1520616835.262776852 17.362683116 5.428985875 2.314600607 -0.461005145 0.769777890 -0.110258311 -0.427503639
1520616835.312777996 17.420063029 5.317626399 2.261137081 -0.459742155 0.789348138 -0.094157212 -0.395854882
1520616835.362780094 17.378310467 5.331089912 2.196472024 -0.458020720 0.804262060 -0.109583140 -0.362451507
1520616835.412781000 17.374793211 5.306437206 2.138110873 -0.452606958 0.820277368 -0.115352863 -0.330129820
1520616835.462783098 17.347209712 5.305956962 2.080132434 -0.445603258 0.834773917 -0.129594750 -0.296302962
1520616835.512784958 17.347414282 5.289035682 2.031708042 -0.435807894 0.850269760 -0.138071497 -0.260862179
1520616835.562786102 17.353459022 5.277622335 1.964838048 -0.422383555 0.864697354 -0.151438967 -0.225736258
1520616835.613473654 17.352600739 5.278377460 1.955262248 -0.422383555 0.864697354 -0.151438967 -0.225736258
1520616835.663474560 17.342509990 5.276568469 1.886458157 -0.408631589 0.876586483 -0.165978402 -0.192529303
1520616835.713476419 17.332974872 5.271383279 1.814715933 -0.393640267 0.887591508 -0.178903642 -0.158814805
1520616835.763478518 17.322522004 5.274807431 1.741640934 -0.377558442 0.896685764 -0.193710484 -0.126017901
1520616835.813479424 17.313390199 5.263232564 1.671820385 -0.362397018 0.903776531 -0.207938251 -0.092833543
1520616835.863481522 17.332447799 5.246283217 1.617131278 -0.340224070 0.913680440 -0.214876062 -0.057130666
1520616835.913483620 17.332921267 5.238746064 1.551788433 -0.318304017 0.921401564 -0.222417658 -0.015234721
1520616835.963484526 17.344970419 5.224590993 1.482072154 -0.301237146 0.925547307 -0.227784940 0.027062611
1520616836.012620211 17.365881038 5.207573169 1.421345611 -0.286980959 0.927535447 -0.230061489 0.066269407
1520616836.062621355 17.382389802 5.193213550 1.364413079 -0.271573171 0.928736494 -0.227480119 0.109313004
1520616836.112623215 17.402613486 5.187140681 1.305271559 -0.254848131 0.928275171 -0.222922008 0.153829179
1520616836.162625074 17.427999696 5.189028451 1.244344347 -0.242237265 0.925756893 -0.215808919 0.194220991
1520616836.212626219 17.464058677 5.189798351 1.188666526 -0.228808954 0.923782430 -0.205066615 0.228517326
1520616836.262627125 17.493067875 5.191564148 1.134703498 -0.210932900 0.922308936 -0.192961743 0.260037120
1520616836.312628984 17.525553499 5.191006094 1.083309784 -0.198362220 0.920460440 -0.178647810 0.285464476
1520616836.362630129 17.555228326 5.189017008 1.033797853 -0.189282510 0.917858597 -0.164135885 0.307842718
1520616836.412460089 17.587431102 5.180000953 0.989129900 -0.187041863 0.915182442 -0.148523258 0.324649473
1520616836.462462187 17.623812272 5.172903059 0.948365065 -0.178379820 0.914446124 -0.131185034 0.338761587
1520616836.512463093 17.658092298 5.164038703 0.906832888 -0.168973802 0.913473179 -0.114109326 0.352127346
1520616836.562465191 17.694985478 5.150875614 0.869798995 -0.160530477 0.911957626 -0.098026837 0.364628569
1520616836.612475157 17.725013577 5.131774168 0.832067340 -0.152086631 0.907886091 -0.083232489 0.381686855
1520616836.662468195 17.757484383 5.116139623 0.797016560 -0.140344677 0.902811301 -0.072068237 0.400051616
1520616836.712469101 17.802453637 5.108802597 0.769485540 -0.126905609 0.897919764 -0.063157021 0.416708837
1520616836.762471199 17.841037979 5.095443259 0.738392037 -0.120786811 0.890830755 -0.056492301 0.434326758
1520616836.812472105 17.876010842 5.080079525 0.705930549 -0.119421597 0.881717952 -0.052165512 0.453421100
1520616836.863658428 17.906489960 5.056265669 0.667509355 -0.119961413 0.870409982 -0.054201071 0.474402748
1520616836.913659573 17.946874106 5.033250947 0.638441935 -0.116380922 0.858680232 -0.056922979 0.495866428
1520616836.963661432 17.981442093 5.005199588 0.607432118 -0.111546026 0.847986927 -0.060699152 0.514578729
1520616837.013662338 18.006776215 4.965198728 0.572408186 -0.111538166 0.836793035 -0.062943906 0.532329521
1520616837.063664436 18.035646091 4.933868299 0.538181664 -0.108172704 0.827223488 -0.067110529 0.547262409
1520616837.113666296 18.067875616 4.900874713 0.504077035 -0.110505886 0.819628969 -0.074345837 0.557197900
1520616837.163667202 18.095857033 4.877919426 0.459590332 -0.107326685 0.812917442 -0.080801879 0.566672102
1520616837.213669538 18.116201501 4.864839881 0.418380677 -0.109238179 0.806542434 -0.089361379 0.574082630
1520616837.264724493 18.144655101 4.847719171 0.370169354 -0.111575772 0.803324901 -0.096308688 0.577013506
1520616837.314726591 18.173180538 4.830109850 0.327035414 -0.111976419 0.801502576 -0.103159700 0.578284514
1520616837.364727497 18.193214186 4.847054449 0.290058562 -0.115058126 0.799726025 -0.115716944 0.577762496
1520616837.414729595 18.224390358 4.830889359 0.238222146 -0.124312573 0.801878467 -0.125725112 0.570728047
1520616837.464731455 18.250231826 4.822861101 0.175912829 -0.136263826 0.803680110 -0.138878176 0.562355139
1520616837.514732361 18.276398614 4.814205220 0.118303503 -0.144603882 0.806597037 -0.150446780 0.553043130
1520616837.564734459 18.303090494 4.797937166 0.063209361 -0.153389336 0.809862735 -0.159720055 0.543215947
1520616837.614735365 18.336355122 4.790065882 0.019043859 -0.161251980 0.813874034 -0.168029774 0.532327767
1520616837.665124178 18.360189849 4.773973331 -0.037208170 -0.168287614 0.815873674 -0.174021205 0.525115271
1520616837.715126038 18.384604933 4.764787762 -0.087019738 -0.173929441 0.817107618 -0.178791206 0.519728193
1520616837.765128136 18.413517764 4.760533969 -0.129082242 -0.184885015 0.816847439 -0.185903952 0.513826346
1520616837.815128088 18.439610837 4.759614184 -0.183890114 -0.197779949 0.814540355 -0.194399935 0.509525041
1520616837.865130186 18.473726129 4.759263891 -0.230339606 -0.209556461 0.813555599 -0.195701668 0.505879663
1520616837.915132046 18.511554868 4.759954219 -0.267365549 -0.221021321 0.814266431 -0.189369223 0.502253971
1520616837.965133190 18.536249803 4.757520850 -0.331305162 -0.232121096 0.813682503 -0.182632702 0.500685408
1520616838.015135050 18.568983704 4.759430884 -0.380226302 -0.242247870 0.813910832 -0.175066508 0.498213654
1520616838.065294027 18.603262138 4.755725939 -0.430910270 -0.251956994 0.813135440 -0.173280565 0.495279996
1520616838.115295172 18.633013333 4.748301478 -0.484845800 -0.261698524 0.809860014 -0.177613321 0.494058852
1520616838.165297031 18.663873197 4.739847517 -0.523682860 -0.267737085 0.806273318 -0.184082224 0.494321682
1520616838.215297937 18.698027986 4.724478142 -0.553701510 -0.274080974 0.799952830 -0.191055587 0.498450451
1520616838.265330076 18.735073990 4.716286540 -0.581141714 -0.276302062 0.793553981 -0.196583380 0.505256593
1520616838.315300941 18.780300210 4.708014804 -0.613726313 -0.276890243 0.786810389 -0.200761707 0.513766427
1520616838.365302801 18.824714459 4.701573507 -0.636108436 -0.277393326 0.781891737 -0.204883328 0.519346779
1520616838.415303946 18.873422692 4.699910838 -0.653807139 -0.276986624 0.778680069 -0.209029401 0.522725998
1520616838.464853287 18.921802365 4.699655008 -0.681898333 -0.276656181 0.773739705 -0.214570902 0.527965485
1520616838.514854431 18.977758475 4.697508291 -0.707933130 -0.277498015 0.767433360 -0.220846677 0.534104516
1520616838.564856529 19.025126750 4.690291446 -0.734868196 -0.276741045 0.761261233 -0.223906031 0.541997987
1520616838.614857197 19.077027558 4.693334429 -0.756756200 -0.272407372 0.757147040 -0.226679275 0.548761413
1520616838.664859533 19.134857193 4.694896703 -0.774278568 -0.271091068 0.750282405 -0.230762743 0.557076747
1520616838.714861393 19.196124015 4.697859504 -0.785265344 -0.268520196 0.743280050 -0.234286970 0.566163658
1520616838.764862299 19.254281350 4.710002108 -0.792571005 -0.260178829 0.741359010 -0.231038727 0.573859653
1520616838.814864397 19.307616667 4.716991703 -0.808477671 -0.251041888 0.739066116 -0.220985684 0.584743170
1520616838.864038229 19.356899866 4.727838294 -0.834245979 -0.242707096 0.736397358 -0.206810636 0.596692180
1520616838.914040089 19.410939016 4.748131617 -0.853412207 -0.234982482 0.735096931 -0.191118940 0.606538775
1520616838.964040995 19.461759808 4.772621518 -0.874000835 -0.224448330 0.734918405 -0.172427628 0.616268284
1520616839.014043331 19.513284073 4.806561144 -0.887934324 -0.210972688 0.736095988 -0.152608614 0.624791030
1520616839.064045191 19.571799313 4.837981605 -0.904815998 -0.195759702 0.735526707 -0.128452753 0.635750339
1520616839.114046097 19.631149312 4.878927046 -0.916403808 -0.178339338 0.735077845 -0.106590271 0.645363585
1520616839.164048195 19.683599833 4.909328587 -0.929955970 -0.171216575 0.732015737 -0.085388138 0.653870561
1520616839.214049101 19.737308319 4.934976304 -0.939959241 -0.167382899 0.726921910 -0.067146361 0.662615174
1520616839.264050961 19.795027197 4.960289939 -0.945657678 -0.159010923 0.719761686 -0.050688356 0.673861508
1520616839.313209534 19.844555524 4.972162264 -0.952670236 -0.151823260 0.715026590 -0.033551234 0.681587110
1520616839.363210440 19.895621723 4.977757574 -0.960167287 -0.141828849 0.708885283 -0.017977358 0.690683030
1520616839.413212299 19.946790618 4.985986083 -0.966420511 -0.131318508 0.703949310 -0.007955356 0.697959548
1520616839.463213444 20.002183245 4.990341017 -0.971103209 -0.124793565 0.701635512 -0.001877434 0.701520242
1520616839.513216257 20.052450234 4.986367668 -0.978544361 -0.117057680 0.698403057 0.001339349 0.706065773
1520616839.563216448 20.104518741 4.980569804 -0.987783353 -0.103514028 0.695970282 0.000903812 0.710569769
1520616839.613218307 20.164599190 4.968185947 -0.992210321 -0.086782438 0.693990792 -0.000939138 0.714734012
1520616839.663219213 20.222085806 4.956553033 -1.013918818 -0.065464631 0.693600000 -0.005818993 0.717355951
1520616839.712883234 20.276385005 4.945352333 -1.037048631 -0.043047202 0.696087127 -0.010832262 0.716583779
1520616839.762885332 20.335179335 4.931374065 -1.066778404 -0.022174036 0.701717567 -0.014610309 0.711960187
1520616839.812886477 20.392176097 4.920949145 -1.102335960 -0.003694109 0.708694373 -0.019704135 0.705230733
1520616839.862888336 20.447833282 4.908525830 -1.144131003 0.006146353 0.720144110 -0.025713966 0.693320614
1520616839.912935257 20.495297836 4.896616663 -1.195836592 0.010919805 0.736134620 -0.032163600 0.675982309
1520616839.962891340 20.545039406 4.883857845 -1.249324752 0.010310271 0.756213269 -0.038584306 0.653105230
1520616840.012892246 20.593883166 4.882794034 -1.310525347 0.011494510 0.772788514 -0.048541668 0.632700163
1520616840.062894344 20.647915231 4.873798025 -1.363484114 0.009042519 0.787989248 -0.060302430 0.612662056
1520616840.112398863 20.691201725 4.867570521 -1.423528394 0.005198178 0.800181935 -0.076600552 0.594822835
1520616840.162400961 20.731392400 4.869403568 -1.491491235 -0.005029918 0.810832256 -0.095019929 0.577491962
1520616840.212402105 20.755756042 4.861482748 -1.562988006 -0.018873967 0.820340056 -0.107134797 0.561433968
1520616840.262403965 20.797821552 4.865544348 -1.641353857 -0.037338768 0.826938743 -0.112929735 0.549568019
1520616840.312405825 20.831329266 4.857943863 -1.707001528 -0.056499967 0.831104228 -0.112582819 0.541662834
1520616840.362406969 20.867225595 4.849647491 -1.761754300 -0.074154204 0.832571917 -0.116345117 0.536459663
1520616840.412408829 20.906145825 4.838458622 -1.825986108 -0.095180033 0.830984290 -0.129247334 0.532635895
1520616840.462409973 20.947111681 4.826105252 -1.877230372 -0.113474935 0.826998231 -0.147372933 0.530545552
1520616840.512948751 20.983939918 4.806715283 -1.930055408 -0.130643441 0.819514454 -0.165701753 0.532795721
1520616840.562949896 21.027592226 4.798493415 -1.973026096 -0.144900965 0.811074791 -0.188835110 0.534324522
1520616840.612951994 21.074798286 4.784603602 -2.017527858 -0.160334897 0.801727832 -0.207519617 0.537085480
1520616840.662953854 21.107669763 4.775515877 -2.070020361 -0.175063899 0.791944660 -0.225593543 0.539707180
1520616840.712954998 21.152755568 4.772768584 -2.118845159 -0.190740061 0.780274321 -0.243804322 0.543460823
1520616840.762956858 21.204656098 4.767903409 -2.154665962 -0.206437916 0.764910833 -0.263664505 0.550250700
1520616840.812958002 21.258823859 4.755482027 -2.191678545 -0.221309719 0.744566274 -0.286109186 0.561056687
1520616840.862959862 21.315319898 4.741822251 -2.216040060 -0.232222954 0.718909151 -0.312561809 0.575801396
1520616840.913885832 21.382624576 4.728987382 -2.210812301 -0.241513469 0.691051077 -0.334011730 0.593764109
1520616840.963887930 21.443947007 4.722376397 -2.205905034 -0.249496511 0.658453918 -0.355016789 0.614941467
1520616841.013888836 21.499498820 4.713512132 -2.213087523 -0.253741333 0.623157114 -0.372956856 0.638900408
1520616841.063889742 21.558680946 4.704822739 -2.208049720 -0.256047040 0.585704696 -0.387168851 0.664447292
1520616841.113891840 21.618770937 4.697291675 -2.186216686 -0.260716285 0.549152316 -0.396493925 0.687932642
1520616841.163893938 21.667849936 4.706494305 -2.175717632 -0.267215390 0.511150315 -0.401090635 0.711651314
1520616841.213894844 21.717380205 4.703635070 -2.146548108 -0.274584127 0.474611097 -0.393698847 0.737800164
1520616841.263895988 21.767071047 4.720694259 -2.134547195 -0.275366526 0.439359161 -0.383139486 0.764421964
1520616841.313215733 21.809758717 4.745358470 -2.120259886 -0.274101914 0.405249539 -0.370988636 0.789308801
1520616841.363217831 21.860594238 4.755053777 -2.105965196 -0.273234896 0.370885240 -0.355476108 0.813279513
1520616841.413218737 21.898201062 4.788822408 -2.095036034 -0.265175416 0.340726964 -0.340721849 0.835162114
1520616841.463220835 21.937099596 4.815096791 -2.075894065 -0.254057366 0.311288772 -0.325013754 0.856107595
1520616841.513221741 21.975502533 4.837168124 -2.062429913 -0.240529097 0.280776438 -0.306991039 0.876964565
1520616841.563284874 22.012636386 4.861043709 -2.041331950 -0.229068664 0.248609581 -0.285777533 0.896689481
1520616841.613224745 22.035797884 4.893081314 -2.028397361 -0.221104622 0.217195555 -0.263323214 0.913564295
1520616841.663226604 22.055724459 4.922421426 -2.002796590 -0.215620855 0.189530310 -0.237806297 0.927919217
1520616841.713227987 22.087491603 4.965130889 -1.975725896 -0.208756437 0.167027141 -0.208623088 0.940743903
1520616841.762060165 22.100411354 4.986381723 -1.953391216 -0.208035367 0.149302501 -0.185188038 0.948754678
1520616841.812061071 22.106328218 5.017190450 -1.926477589 -0.206231099 0.132164083 -0.159375832 0.956347601
1520616841.862063169 22.120579072 5.033655189 -1.902129213 -0.205965419 0.111550090 -0.126824683 0.963872566
1520616841.912065029 22.134837014 5.075339610 -1.879956210 -0.200022699 0.095941981 -0.098187158 0.970126455
1520616841.962065935 22.143834270 5.101818847 -1.857827754 -0.193057577 0.084483743 -0.070901958 0.974968810
1520616842.012068272 22.145420913 5.146329210 -1.831599069 -0.183677131 0.078810744 -0.047203048 0.978684551
1520616842.062069178 22.155797011 5.166634362 -1.803610225 -0.179737397 0.070496049 -0.017444729 0.981030304
1520616842.112071037 22.157731552 5.187381823 -1.775808173 -0.180667849 0.063131829 0.012518254 0.981436087
1520616842.161650896 22.160005337 5.204965075 -1.747542723 -0.186289197 0.052728927 0.034931846 0.980456915
1520616842.211652756 22.166791277 5.224800605 -1.708153593 -0.197346476 0.042030905 0.054957583 0.977889276
1520616842.261654854 22.168828871 5.250304737 -1.678808230 -0.205597292 0.031706129 0.084031826 0.974506607
1520616842.311655760 22.154694522 5.281632935 -1.636521435 -0.213521925 0.022818325 0.116807301 0.969661676
1520616842.361657619 22.151649736 5.307459621 -1.612444914 -0.216240519 0.011954993 0.153007095 0.964202232
1520616842.411658764 22.162282319 5.346798560 -1.585100207 -0.213401025 -0.005330203 0.185379639 0.959200699
1520616842.461660862 22.150398534 5.370922850 -1.543861513 -0.214224423 -0.018977931 0.209859776 0.953785410
1520616842.511662722 22.135026520 5.404607753 -1.516475849 -0.213361648 -0.034161329 0.231763634 0.948470046
1520616842.561522484 22.135492574 5.425137697 -1.490123400 -0.216959615 -0.055049466 0.249038935 0.942272620
1520616842.611523628 22.124738574 5.440254156 -1.465404268 -0.220625487 -0.076759406 0.263870908 0.935844288
1520616842.661525488 22.112658730 5.450798811 -1.435150937 -0.227419823 -0.095225379 0.273956136 0.929602274
1520616842.711527586 22.126114249 5.449792077 -1.404454932 -0.234071088 -0.118265456 0.283861540 0.922305066
1520616842.761529446 22.120643370 5.466185645 -1.374366634 -0.234023457 -0.136677823 0.293612666 0.916702676
1520616842.811530590 22.111411690 5.472234090 -1.344783093 -0.234261134 -0.152324988 0.300267952 0.912007662
1520616842.861531496 22.103727150 5.472834846 -1.315286008 -0.238035901 -0.171446589 0.301222496 0.907309200
1520616842.911533594 22.104962245 5.498919705 -1.282714160 -0.238679723 -0.192923958 0.294834409 0.904922653
1520616842.961703062 22.103252824 5.517460512 -1.247323485 -0.239066283 -0.211886661 0.284159207 0.903993861
1520616843.011704206 22.092612433 5.542273531 -1.210818817 -0.234461986 -0.230701734 0.270869475 0.904673430
1520616843.061706066 22.086069863 5.561746298 -1.179492226 -0.226493868 -0.250468859 0.254525642 0.906191247
1520616843.111707926 22.075827200 5.584710500 -1.147826825 -0.212013540 -0.268353253 0.234318375 0.910017412
1520616843.161709070 22.060657238 5.602555955 -1.116260928 -0.195414966 -0.283439597 0.214203916 0.914107033
1520616843.211785078 22.049383938 5.621377888 -1.082897183 -0.176770871 -0.300951341 0.196018088 0.916382703
1520616843.261712074 22.035173996 5.637035614 -1.049130827 -0.157893673 -0.318960697 0.172183224 0.918524142
1520616843.311713219 22.023543250 5.650305827 -1.014502081 -0.135747036 -0.337860841 0.143828087 0.920182740
1520616843.361652851 22.000177088 5.649315591 -0.986055554 -0.119090350 -0.358607823 0.122800352 0.917680768
1520616843.411653996 21.978354941 5.660028661 -0.963186493 -0.105661297 -0.384104089 0.106200011 0.911055046
1520616843.461655855 21.953794584 5.684430531 -0.941228401 -0.091304028 -0.406020367 0.088095931 0.905013891
1520616843.511657715 21.929255417 5.705607203 -0.915166681 -0.082496019 -0.424236158 0.071019104 0.898985192
1520616843.561658859 21.890904036 5.719907288 -0.892314031 -0.078213540 -0.437547150 0.059311984 0.893821695
1520616843.611660957 21.850864688 5.731865226 -0.874994665 -0.075811897 -0.451637043 0.051841404 0.887462115
1520616843.661661863 21.802977130 5.745171523 -0.859949103 -0.072762118 -0.464288745 0.048483902 0.881357446
1520616843.711663961 21.757602708 5.761954621 -0.842959410 -0.065244017 -0.477880642 0.049331229 0.874608335
1520616843.761664867 21.711851956 5.771298270 -0.835275873 -0.058845813 -0.493397350 0.055626430 0.866026516
1520616843.811615944 21.657329096 5.777364171 -0.825597292 -0.055658863 -0.509658860 0.070049302 0.855712003
1520616843.861617804 21.599574201 5.772199902 -0.827718522 -0.054733837 -0.519561594 0.086328643 0.848296718
1520616843.911618948 21.544515671 5.766914245 -0.824070885 -0.058834590 -0.527278102 0.107588232 0.840797875
1520616843.961620808 21.490878189 5.764285987 -0.821394762 -0.063395498 -0.530665366 0.130053959 0.835141454
1520616844.011621952 21.436596434 5.756010450 -0.820413646 -0.070319751 -0.529304207 0.153549719 0.831453350
1520616844.061623812 21.382269768 5.751667570 -0.816824168 -0.081925638 -0.524956023 0.171968371 0.829539778
1520616844.111624718 21.325038964 5.747745558 -0.814371543 -0.097660845 -0.518517056 0.186022074 0.828853552
1520616844.161627054 21.267941578 5.760173844 -0.815470422 -0.112769823 -0.511706508 0.198573919 0.828255888
1520616844.211800814 21.218433957 5.756343459 -0.812781936 -0.134182201 -0.504489226 0.209397417 0.826824334
1520616844.261802912 21.159027815 5.754576952 -0.804289712 -0.150874554 -0.492882882 0.217717289 0.828795822
1520616844.311803818 21.106976445 5.748301521 -0.787420031 -0.164787959 -0.473937314 0.224363358 0.835397770
1520616844.361805916 21.059664931 5.744654995 -0.762702492 -0.172846688 -0.447175856 0.234012700 0.845810755
1520616844.411806822 21.013890560 5.726763251 -0.736293827 -0.183194596 -0.413858214 0.247167499 0.856778470
1520616844.461808681 20.972864989 5.721670910 -0.699725825 -0.190823514 -0.375057095 0.258520747 0.869531820
1520616844.511809826 20.936416503 5.720201969 -0.662840477 -0.201011805 -0.329501815 0.265168451 0.883577105
1520616844.561810732 20.890288371 5.714141541 -0.623411797 -0.211489057 -0.282183888 0.275588688 0.894256958
1520616844.612122774 20.860019528 5.714957621 -0.584176386 -0.223978901 -0.238363177 0.282169849 0.901885039
1520616844.662124634 20.829962651 5.722444708 -0.547217665 -0.234464375 -0.196284596 0.286148230 0.908084800
1520616844.712125540 20.807165508 5.736569587 -0.510991254 -0.243187682 -0.159473178 0.288557264 0.912229556
1520616844.762127638 20.782309190 5.750729562 -0.470827444 -0.252647508 -0.118361961 0.290433868 0.915318443
1520616844.812128544 20.756986334 5.764471277 -0.429458669 -0.257634394 -0.079625779 0.293336781 0.917190159
1520616844.862220526 20.739592203 5.782012577 -0.392455271 -0.258951648 -0.044411150 0.293789408 0.919053577
1520616844.912131786 20.720938251 5.799002566 -0.349723258 -0.255788959 -0.009457266 0.292270989 0.921444647
1520616844.962133646 20.709736312 5.815807711 -0.307195135 -0.253677210 0.027400496 0.288917171 0.922726370
1520616845.012325287 20.700979660 5.831143540 -0.266398280 -0.251221480 0.065974658 0.289859194 0.921149695
1520616845.062327385 20.696058643 5.846529494 -0.227201668 -0.246412350 0.100822473 0.289038032 0.919550324
1520616845.112329245 20.697428815 5.869244653 -0.192489150 -0.239207371 0.139490902 0.281035819 0.918880292
1520616845.162330151 20.701061451 5.886126265 -0.157988428 -0.229215365 0.174638929 0.272802468 0.917899980
1520616845.212332487 20.713627932 5.907200768 -0.131713908 -0.214207285 0.203078502 0.262498453 0.918677813
1520616845.262333393 20.723793874 5.929441542 -0.103260552 -0.196776135 0.231297140 0.245456967 0.920614829
1520616845.312335253 20.733519216 5.952154949 -0.074200138 -0.179466269 0.255880919 0.226643309 0.922469308
1520616845.362336397 20.747557772 5.975171779 -0.049950239 -0.163032275 0.275269704 0.210360306 0.923794138
1520616845.412337542 20.761832428 5.997333721 -0.026280837 -0.150612652 0.292646449 0.192553254 0.924444227
1520616845.462339640 20.775807591 6.020702147 -0.003365022 -0.143504172 0.309277679 0.172858273 0.924052968
1520616845.512340546 20.796567945 6.050105763 0.019099966 -0.136536393 0.323773647 0.153644371 0.923537680
1520616845.562342405 20.816001487 6.074380082 0.043855618 -0.130750791 0.337386415 0.136295297 0.922224609
1520616845.612343550 20.835261666 6.091043285 0.069495147 -0.128271084 0.354463080 0.115931893 0.918946272
1520616845.662345648 20.861946121 6.112033193 0.092284810 -0.129108570 0.369394059 0.091732956 0.915676838
1520616845.712346792 20.885130330 6.121573048 0.119631139 -0.134926227 0.383733507 0.073289209 0.910588931
1520616845.762348652 20.908625209 6.140010918 0.142643408 -0.142912971 0.392420334 0.055728929 0.906904874
1520616845.812120676 20.932134324 6.160880666 0.165616473 -0.151666165 0.402658564 0.044394062 0.901605580
1520616845.862122536 20.965456861 6.187533541 0.181990632 -0.156858661 0.411901712 0.036154505 0.896897537
1520616845.912123680 20.989742868 6.211353089 0.209963039 -0.162170632 0.426622694 0.027627732 0.889342719
1520616845.962124586 21.020290743 6.248425180 0.235676748 -0.163069259 0.438277343 0.020322192 0.883690215
1520616846.012126446 21.055512200 6.278704039 0.258079655 -0.163276800 0.450409832 0.018143189 0.877577629
1520616846.062128782 21.089121407 6.306552104 0.280529143 -0.164897110 0.460600676 0.013323569 0.872054152
1520616846.112129688 21.115630251 6.328703602 0.310888124 -0.165046469 0.464059378 0.005274152 0.870276243
1520616846.162130594 21.141619793 6.347146409 0.340180726 -0.162673447 0.468861321 0.000193230 0.868162643
1520616846.212132692 21.172349624 6.365297789 0.364014247 -0.158469497 0.471228101 -0.002913444 0.867653737
1520616846.261890650 21.201366370 6.381342202 0.391098049 -0.154064888 0.470278446 -0.004825691 0.868952764
1520616846.311891556 21.230864457 6.399393246 0.417097281 -0.151238269 0.471272089 -0.007213818 0.868894450
1520616846.361893415 21.254561040 6.416255011 0.448960838 -0.147282574 0.473694798 -0.009952506 0.868229249
1520616846.411895752 21.280671631 6.433265791 0.489135703 -0.144736066 0.476210539 -0.013340211 0.867235281
1520616846.461896658 21.305536652 6.456246682 0.528999377 -0.139617604 0.479156860 -0.019303159 0.866338857
1520616846.512002707 21.335226302 6.481124441 0.566408566 -0.133084372 0.483207256 -0.027223425 0.864903569
1520616846.561899662 21.365499586 6.504833913 0.602780992 -0.126039553 0.488177908 -0.034937516 0.862888018
1520616846.611900568 21.400523836 6.528377989 0.628289128 -0.118407570 0.491459588 -0.041733119 0.861803613
1520616846.661718130 21.429399160 6.552925735 0.657722775 -0.110997604 0.495342963 -0.046688405 0.860311033
1520616846.711720228 21.460690077 6.574425086 0.693072806 -0.111397165 0.502899263 -0.051413078 0.855593185
1520616846.761721134 21.486750095 6.593087365 0.726732327 -0.115609455 0.512235209 -0.054974076 0.849251079
1520616846.811722994 21.514828860 6.609708994 0.760506624 -0.120728514 0.524449080 -0.057101829 0.840902592
1520616846.861724138 21.539709665 6.628132788 0.794980488 -0.127584379 0.541911946 -0.063009344 0.828301570
1520616846.911726236 21.567997388 6.650255508 0.828740742 -0.133943726 0.559213782 -0.066834772 0.815396920
1520616846.961727381 21.599289407 6.671947373 0.855154501 -0.137499409 0.576546230 -0.068830786 0.802465376
1520616847.011729240 21.628916833 6.688948368 0.890822048 -0.140163154 0.594774757 -0.069412113 0.788529795
1520616847.061585426 21.663170121 6.713993836 0.893543116 -0.135173146 0.603063664 -0.068762060 0.783143804
1520616847.111586332 21.691984936 6.731326294 0.930770023 -0.131588674 0.615172227 -0.069730576 0.774199715
1520616847.161588430 21.729385509 6.752501384 0.951177537 -0.126242102 0.622606667 -0.072369291 0.768886569
1520616847.211589575 21.760714007 6.768485496 0.982654145 -0.124148222 0.632458453 -0.073846981 0.761006011
1520616847.261591434 21.791045284 6.786652498 1.008982691 -0.123589572 0.646895527 -0.075550366 0.748694823
1520616847.311593294 21.821171797 6.802563327 1.038541309 -0.122429916 0.661668383 -0.075207774 0.735900576
1520616847.361594439 21.848526093 6.811088719 1.066917334 -0.122461527 0.671277560 -0.073747037 0.727290166
1520616847.411595345 21.876852066 6.820097994 1.092158019 -0.125777872 0.678571622 -0.075062975 0.719781932
1520616847.461848259 21.907779780 6.832340690 1.123179653 -0.130581637 0.688146098 -0.081422605 0.709065401
1520616847.511849165 21.936238349 6.842285418 1.145524299 -0.132886944 0.696818329 -0.089371729 0.699140881
1520616847.561851263 21.969657265 6.855835515 1.168905440 -0.132808548 0.704277384 -0.098776698 0.690361080
1520616847.611853123 22.003651074 6.865772330 1.187258413 -0.128314255 0.711095301 -0.113006851 0.681988546
1520616847.661854029 22.042733333 6.871914196 1.212451329 -0.116464612 0.720807847 -0.133929219 0.670026124
1520616847.711855173 22.083889640 6.877204313 1.232836741 -0.099107149 0.729078974 -0.160743777 0.657862494
1520616847.761857033 22.117618674 6.874849774 1.244519250 -0.082018348 0.730886853 -0.186002437 0.651521674
1520616847.811857939 22.153511112 6.870143880 1.265925567 -0.067038074 0.735958622 -0.206092712 0.641402056
1520616847.862051725 22.186179042 6.870452574 1.277740818 -0.056698765 0.741459384 -0.218245458 0.631974803
1520616847.912052870 22.219613439 6.869008190 1.285617351 -0.052027100 0.747117129 -0.224785751 0.623362288
1520616847.962054729 22.249562288 6.861833671 1.297228295 -0.051768319 0.752807793 -0.227902188 0.615354418
1520616848.012055874 22.279847547 6.862565766 1.305105839 -0.047348138 0.758424320 -0.234016291 0.606454517
1520616848.062057734 22.311131766 6.846184188 1.310240100 -0.037503920 0.764600523 -0.238318227 0.597648658
1520616848.112060785 22.342688994 6.842104767 1.307964498 -0.017560033 0.770595795 -0.245369879 0.587934851
1520616848.162060976 22.376517263 6.840425523 1.304409373 0.006621741 0.776855263 -0.248178003 0.578670659
1520616848.212061882 22.404655429 6.833152276 1.304939516 0.033143989 0.784834876 -0.247513286 0.567162116
1520616848.262063742 22.428917448 6.822806552 1.296558698 0.056175782 0.795005850 -0.242874322 0.553011794
1520616848.311651468 22.457696043 6.838103603 1.279757796 0.077665120 0.809428655 -0.243254942 0.528791467
1520616848.361652374 22.474830536 6.828189894 1.263364990 0.096374207 0.825387579 -0.239170217 0.502239946
1520616848.411654472 22.488489081 6.821577803 1.240436974 0.111685373 0.839498195 -0.237659520 0.475696448
1520616848.461655378 22.494213712 6.817288177 1.208031456 0.123484269 0.853329902 -0.236847643 0.447753177
1520616848.511657238 22.499238412 6.822140405 1.170023466 0.137459304 0.868092344 -0.238271746 0.413215680
1520616848.561658382 22.500955153 6.816647418 1.133418019 0.150559787 0.883129503 -0.240126320 0.373836036
1520616848.611660480 22.501859260 6.808616531 1.098140631 0.165787518 0.896252041 -0.244604912 0.330779706
1520616848.661662340 22.493411106 6.797634017 1.059541528 0.181379334 0.907180071 -0.251967792 0.283968463
1520616848.711436987 22.476211470 6.796499392 1.018098892 0.193134787 0.916553805 -0.262335236 0.231966165
1520616848.761439085 22.456992910 6.791413072 0.974881958 0.205240136 0.924376227 -0.266919963 0.179328777
1520616848.811439991 22.427289512 6.789419728 0.933446119 0.214174601 0.930268119 -0.267403163 0.131247914
1520616848.861441851 22.394778647 6.788290772 0.891413147 0.219220658 0.934622417 -0.266490129 0.086059581
1520616848.911442995 22.355264529 6.789494732 0.847203309 0.220531583 0.937602647 -0.265503297 0.042131903
1520616848.961444855 22.314004406 6.780522389 0.812095001 0.218496036 0.939508290 -0.263719325 -0.005981087
1520616849.011445761 22.264435575 6.781897842 0.771449691 0.212801901 0.938430711 -0.266689665 -0.054219677
1520616849.061448097 22.211048739 6.782930957 0.733135785 0.203752072 0.934963088 -0.271484177 -0.103079863
1520616849.111587048 22.160105329 6.789017551 0.689517442 0.190251597 0.928943914 -0.278683499 -0.152325449
1520616849.161587954 22.098051886 6.793363920 0.650789875 0.172469376 0.922420053 -0.284675031 -0.195846080
1520616849.211590052 22.037949206 6.799388010 0.615560621 0.150742626 0.916595829 -0.285941031 -0.235300816
1520616849.261592150 21.980824094 6.805101221 0.582628607 0.129032119 0.912526065 -0.281991025 -0.266698246
1520616849.311594009 21.925074779 6.811563419 0.546444134 0.107670741 0.908343185 -0.274579393 -0.296522895
1520616849.361594915 21.870559394 6.816622009 0.514064236 0.083643736 0.904392600 -0.263567102 -0.324977128
1520616849.411596060 21.818660970 6.819176693 0.482381943 0.057040127 0.899384062 -0.252443306 -0.352316776
1520616849.461598158 21.769062729 6.818348141 0.454705878 0.029739627 0.895339990 -0.241014547 -0.373354851
1520616849.512424469 21.720554035 6.814773215 0.421670567 0.000740993 0.888956322 -0.233657477 -0.393903911
1520616849.562426567 21.675650427 6.806760771 0.390187054 -0.030003730 0.883211448 -0.228871418 -0.408234232
1520616849.612427711 21.631600660 6.796337294 0.358256777 -0.064339172 0.876991212 -0.226225916 -0.419009212
1520616849.662429571 21.594885071 6.779100813 0.323950421 -0.092978095 0.871780384 -0.224685956 -0.425288440
1520616849.712430477 21.556724546 6.761973978 0.288397066 -0.123245585 0.867451190 -0.225247786 -0.426148324
1520616849.762432575 21.522452038 6.742155402 0.250633683 -0.154291603 0.862421910 -0.226680060 -0.425486428
1520616849.812433481 21.495703037 6.714938593 0.212174562 -0.183281755 0.858896170 -0.226302971 -0.421298152
1520616849.862435341 21.467180715 6.687929405 0.175620323 -0.221295388 0.854963173 -0.226818043 -0.410633535
1520616849.912245035 21.443456650 6.654938737 0.138536237 -0.251322803 0.852765644 -0.226817344 -0.397720376
1520616849.962246180 21.432752755 6.619011201 0.094336855 -0.272329061 0.853994601 -0.226818776 -0.380898079
1520616850.012248278 21.427879646 6.590764708 0.051447131 -0.284563533 0.858742998 -0.230378448 -0.358482677
1520616850.062249422 21.427612414 6.554761918 0.009858959 -0.294834663 0.863686810 -0.234813757 -0.334634301
1520616850.112251282 21.433255845 6.532466836 -0.039019513 -0.304407309 0.866396842 -0.245254716 -0.310713417
1520616850.162252188 21.437072990 6.506008108 -0.088052369 -0.310700392 0.871446046 -0.256689834 -0.279566421
1520616850.212254286 21.446911916 6.486087668 -0.140594836 -0.310763102 0.877668086 -0.269870082 -0.245550736
1520616850.262256145 21.462852140 6.466776823 -0.195409236 -0.305347661 0.884900197 -0.281918852 -0.210324054
1520616850.311942101 21.474405847 6.446228240 -0.248703728 -0.296539501 0.892274375 -0.293374458 -0.172748925
1520616850.361944199 21.485798586 6.436283492 -0.300745536 -0.282492641 0.898518860 -0.307275555 -0.135806849
1520616850.411945105 21.493289463 6.420427089 -0.353632266 -0.265202990 0.906233824 -0.314404168 -0.097763236
1520616850.461947203 21.504572705 6.410606469 -0.405272866 -0.246604581 0.912914491 -0.319501415 -0.060763137
1520616850.511948109 21.514340577 6.399402623 -0.449072559 -0.224603784 0.920074654 -0.320384418 -0.019224906
1520616850.561949968 21.524673376 6.390569162 -0.497228120 -0.201049139 0.925765987 -0.319784194 0.016572560
1520616850.611952305 21.532300585 6.381722292 -0.539834287 -0.177817386 0.930042728 -0.317439168 0.051321304
1520616850.661953211 21.540887533 6.373159676 -0.584129139 -0.153716907 0.932295849 -0.316984310 0.081954315
1520616850.711955070 21.543937686 6.357094484 -0.622942002 -0.131664184 0.933474729 -0.314870382 0.110209418
1520616850.761771917 21.547035138 6.327718391 -0.657533726 -0.109702683 0.934997755 -0.308181442 0.136998969
1520616850.811773777 21.549889339 6.301691732 -0.692383626 -0.090746011 0.935273901 -0.302555924 0.159649001
1520616850.861775637 21.543115072 6.278843082 -0.735764065 -0.072422772 0.934008602 -0.300252469 0.179530855
1520616850.911776781 21.535085988 6.256670339 -0.781100280 -0.055537167 0.931810217 -0.299077682 0.197984554
1520616850.961778879 21.527174629 6.227804140 -0.824368681 -0.043751402 0.930819540 -0.293743357 0.213015586
1520616851.011780739 21.508224681 6.197778704 -0.870140755 -0.039580391 0.929609397 -0.289599015 0.224482007
1520616851.061781883 21.486479284 6.169880214 -0.914976330 -0.040277466 0.926809070 -0.290983627 0.233947008
1520616851.111782789 21.462790968 6.131980982 -0.957216565 -0.044678665 0.924357081 -0.292357452 0.241028886
1520616851.161724091 21.429532387 6.102337027 -1.003444692 -0.052511319 0.921286448 -0.298482517 0.243684281
1520616851.211726189 21.390227695 6.077639748 -1.059537795 -0.064805847 0.917560068 -0.305724660 0.245796981
1520616851.261727095 21.349767324 6.047828503 -1.108931719 -0.075144369 0.915674280 -0.310120414 0.244375256
1520616851.311729193 21.308803744 6.033358983 -1.165326807 -0.083822488 0.912766595 -0.313470682 0.248127117
1520616851.361730099 21.271147565 6.019164546 -1.216451168 -0.096733468 0.911440614 -0.312381586 0.249672564
1520616851.411731958 21.230533877 6.009600219 -1.271267883 -0.110686710 0.910096359 -0.307703955 0.254541441
1520616851.461733103 21.189069770 6.010117677 -1.331387921 -0.122520989 0.908468774 -0.302994105 0.260514235
1520616851.511735201 21.143048644 6.009981408 -1.389157278 -0.133352044 0.908221258 -0.294792438 0.265421924
1520616851.561553717 21.100654925 6.006894483 -1.438860105 -0.144876684 0.909152702 -0.282395890 0.269638038
1520616851.611555576 21.057694196 6.012960352 -1.497040978 -0.150611881 0.909199183 -0.269089234 0.279756841
1520616851.661556721 21.019126559 6.022289609 -1.557354330 -0.154536156 0.906711031 -0.259048095 0.294767311
1520616851.711558819 20.988008102 6.034189359 -1.622563336 -0.157313200 0.903193348 -0.257152107 0.305560349
1520616851.761559725 20.950349933 6.021668608 -1.660331488 -0.169150059 0.898698920 -0.258827867 0.311025151
1520616851.811561823 20.929299896 6.032966587 -1.716753629 -0.177621576 0.895886900 -0.252660372 0.319374350
1520616851.861563683 20.903834113 6.036345990 -1.766990595 -0.191686594 0.896428111 -0.236807241 0.321862116
1520616851.911564589 20.889016435 6.048221698 -1.819575902 -0.205762826 0.900023926 -0.212094472 0.320366239
1520616851.961753368 20.884409880 6.057362560 -1.867369992 -0.210340107 0.904961961 -0.180275803 0.322957462
1520616852.011754513 20.884638208 6.073236269 -1.918776195 -0.206431164 0.907869167 -0.158242378 0.328814689
1520616852.061756611 20.893919040 6.086564675 -1.971027690 -0.198637121 0.909588953 -0.146582811 0.334222545
1520616852.111757517 20.911760012 6.104527289 -2.026156016 -0.188843629 0.909785378 -0.144759753 0.340107723
1520616852.161759615 20.928999588 6.117772394 -2.072661452 -0.183387422 0.910088069 -0.144007683 0.342593852
1520616852.211760521 20.953365517 6.131616337 -2.114395382 -0.174068953 0.909649382 -0.140919502 0.349828095
1520616852.261762381 20.982451453 6.148251575 -2.153345507 -0.163196466 0.909586387 -0.133928728 0.357886313
1520616852.311764479 21.012546273 6.156406357 -2.184483405 -0.159739763 0.908854753 -0.127768177 0.363512776
1520616852.362338543 21.042311293 6.157780802 -2.213372923 -0.159116817 0.906473081 -0.119338313 0.372487260
1520616852.412341833 21.078151762 6.158471353 -2.236233855 -0.149649243 0.905999518 -0.105103940 0.381737002
1520616852.462342739 21.117404101 6.152206342 -2.251829728 -0.135286515 0.902917881 -0.089442815 0.398041256
1520616852.512343645 21.161451041 6.140084496 -2.264401942 -0.124401012 0.895629262 -0.076151643 0.420206546
1520616852.562344790 21.206390572 6.125961179 -2.273174730 -0.122624773 0.884506137 -0.073942793 0.444009597
1520616852.612347841 21.257337371 6.118633821 -2.284620339 -0.122176980 0.873515172 -0.079152095 0.464520157
1520616852.662348747 21.309503087 6.097358397 -2.307006060 -0.120386098 0.863732785 -0.084875485 0.481942959
1520616852.712349892 21.359372915 6.084086013 -2.331721039 -0.109832982 0.856524343 -0.089261676 0.496321589
1520616852.762365341 21.408345287 6.061699475 -2.362436685 -0.094635746 0.849781042 -0.088807601 0.510910428
1520616852.812367201 21.457877521 6.047002942 -2.387676522 -0.076433493 0.842658786 -0.092350485 0.524933786
1520616852.862368345 21.515133728 6.047932285 -2.406777914 -0.057078755 0.838513028 -0.098980487 0.532767098
1520616852.912370205 21.564283264 6.020395484 -2.445198095 -0.043987761 0.833625776 -0.109963396 0.539482339
1520616852.962371111 21.610483846 6.002622426 -2.484207006 -0.030657704 0.830630320 -0.120205855 0.542829558
1520616853.012373447 21.650399772 5.978629432 -2.528095156 -0.025970461 0.832418702 -0.126284411 0.538940523
1520616853.062377214 21.694645740 5.975802160 -2.573618014 -0.027576132 0.838997873 -0.140257960 0.525023648
1520616853.112376213 21.728322564 5.960515003 -2.625542567 -0.033214452 0.845375162 -0.155300258 0.510019084
1520616853.162377357 21.763084465 5.947900602 -2.689691584 -0.038416960 0.853319733 -0.170720170 0.491145798
1520616853.211991310 21.796549315 5.936761383 -2.744937796 -0.038449017 0.862839510 -0.178787198 0.471237510
1520616853.261992455 21.833472310 5.927168940 -2.810113790 -0.038123106 0.872565474 -0.182378290 0.451568691
1520616853.311994553 21.862984197 5.918020041 -2.876759146 -0.041710089 0.882046419 -0.182998201 0.432164369
1520616853.361995459 21.899349976 5.913957461 -2.944008749 -0.050801079 0.888529688 -0.187549848 0.415643235
1520616853.411997557 21.932116161 5.917072136 -3.006071632 -0.065941969 0.889499146 -0.196890743 0.407034349
1520616853.461999416 21.967465444 5.903268991 -3.064407926 -0.089114977 0.885236605 -0.209007457 0.405870123
1520616853.512000322 21.999880694 5.903568417 -3.121409326 -0.115849491 0.873885980 -0.231653966 0.411386230
1520616853.562002420 22.030026026 5.884929114 -3.165392565 -0.146369494 0.858066916 -0.249819875 0.424131074
1520616853.612024307 22.062460714 5.865056441 -3.204053131 -0.180387654 0.839551563 -0.271738282 0.434478737
1520616853.662026405 22.100363278 5.852892864 -3.240101988 -0.211086215 0.819860502 -0.292213041 0.444840314
1520616853.712027311 22.133448736 5.848022225 -3.277793193 -0.233514461 0.797692130 -0.305377127 0.464653713
1520616853.762029409 22.169465239 5.840877753 -3.304924652 -0.253388856 0.776566964 -0.309178936 0.486976616
1520616853.812030315 22.211878961 5.838181965 -3.324339454 -0.266862792 0.754854451 -0.303551658 0.516561128
1520616853.862032175 22.254015799 5.853877096 -3.345885437 -0.274060228 0.731769000 -0.297489583 0.548548147
1520616853.912034512 22.297848078 5.867246677 -3.372765068 -0.280945783 0.707775186 -0.290398823 0.579475864
1520616853.962035179 22.342728702 5.879937699 -3.389810132 -0.288006264 0.682271015 -0.281069259 0.610375889
1520616854.012084723 22.383156717 5.895525936 -3.405462001 -0.291362887 0.653125495 -0.272377528 0.643696542
1520616854.062087059 22.426385460 5.913257147 -3.427700292 -0.292195986 0.617538866 -0.266090167 0.680046527
1520616854.112087965 22.465582446 5.929040016 -3.437065430 -0.288750517 0.584665327 -0.254499410 0.714156597
1520616854.162089825 22.513867717 5.961524582 -3.440415371 -0.281564883 0.549097062 -0.239811571 0.749469175
1520616854.212091923 22.555232369 5.967788985 -3.438367340 -0.276231405 0.512195029 -0.216086047 0.784002094
1520616854.262092829 22.595802604 5.986835819 -3.434665721 -0.269872564 0.474503241 -0.190562917 0.815905171
1520616854.312094927 22.623263766 6.006051466 -3.422304775 -0.264717887 0.436968474 -0.165424091 0.843574456
1520616854.362096071 22.654688637 6.024423931 -3.417197247 -0.256469484 0.399506994 -0.138825074 0.869105957
1520616854.412400961 22.678336062 6.035404576 -3.409564471 -0.248046389 0.363765840 -0.113734460 0.890624430
1520616854.462402105 22.703814236 6.055579966 -3.399670915 -0.235631901 0.330272019 -0.088480626 0.909708293
1520616854.512403011 22.732561149 6.076852479 -3.394712683 -0.220437971 0.298470720 -0.063982234 0.926406285
1520616854.562404871 22.752451314 6.099584200 -3.376204374 -0.204448369 0.270019122 -0.040944506 0.940007492
1520616854.612407207 22.771094355 6.126580025 -3.352763742 -0.187722149 0.242002585 -0.016938496 0.951792115
1520616854.662408113 22.782743126 6.143618827 -3.336483765 -0.170318120 0.220841416 0.004786039 0.960311356
1520616854.712421894 22.790677116 6.161973620 -3.316429984 -0.155931020 0.204988828 0.027856915 0.965861838
1520616854.762411118 22.800151974 6.166583256 -3.303010487 -0.147629641 0.193744180 0.050646622 0.968557485
1520616854.812415838 22.813668508 6.184582448 -3.283496017 -0.142677185 0.189469759 0.073830934 0.968655472
1520616854.862416744 22.837576237 6.190503811 -3.269463154 -0.144639397 0.188195803 0.093554071 0.966907142
1520616854.912418604 22.865730698 6.203767169 -3.245420211 -0.150308533 0.187501341 0.114683851 0.963897404
1520616854.962419748 22.884729279 6.220568606 -3.226218131 -0.152664255 0.192634743 0.135522745 0.959801577
1520616855.012421608 22.895857046 6.245575913 -3.210042958 -0.149507520 0.203534385 0.150910975 0.955744282
1520616855.062423706 22.930404652 6.253127837 -3.197571341 -0.150657848 0.214537710 0.157813454 0.952035030
1520616855.112424850 22.950632643 6.271789326 -3.182679574 -0.150383805 0.229038419 0.155830781 0.949022066
1520616855.162426710 22.994252142 6.289032753 -3.169323893 -0.151240733 0.243458515 0.140290608 0.947719757
1520616855.212263107 23.035846966 6.314198495 -3.152820246 -0.155905167 0.259960306 0.117556299 0.945671579
1520616855.262264967 23.075810993 6.330420740 -3.136565709 -0.162338414 0.269832015 0.095314197 0.944326282
1520616855.312266111 23.105538388 6.342575343 -3.113720551 -0.167419813 0.275245354 0.070924120 0.944023501
1520616855.362267971 23.146630996 6.340365841 -3.094796565 -0.175085546 0.272245310 0.040185293 0.945310893
1520616855.412268877 23.170174633 6.362993208 -3.067996801 -0.175309245 0.257268455 0.010577856 0.950246136
1520616855.462270975 23.194693263 6.372851912 -3.040861357 -0.174702029 0.231421843 -0.019073101 0.956848655
1520616855.512273073 23.215986361 6.386229493 -3.008171556 -0.173058199 0.201824560 -0.044295513 0.962993050
1520616855.562273979 23.235713767 6.404261098 -2.978126707 -0.170939490 0.169352069 -0.057602762 0.968907369
1520616855.612276077 23.241134315 6.434586756 -2.944940914 -0.166382961 0.138152717 -0.068903887 0.973900812
1520616855.662197828 23.248952491 6.452834105 -2.912280112 -0.164515865 0.104275423 -0.074442653 0.978018127
1520616855.712201118 23.236614403 6.496636932 -2.876289502 -0.155920951 0.069696474 -0.069090404 0.982882279
1520616855.762202024 23.237674367 6.508782051 -2.844755278 -0.153526256 0.031969180 -0.056454949 0.986012423
1520616855.812203884 23.226275523 6.526371257 -2.810195142 -0.146060555 -0.002695318 -0.032949898 0.988723092
1520616855.862205029 23.211293322 6.544835715 -2.779989803 -0.137092543 -0.034873301 0.003783552 0.989936954
1520616855.912206888 23.201693327 6.557908358 -2.752427843 -0.130308869 -0.065295937 0.043919741 0.988345636
1520616855.962207794 23.195561537 6.567908286 -2.727318661 -0.125120292 -0.088470863 0.081957403 0.984784648
1520616856.012212038 23.188886998 6.581998069 -2.700386762 -0.120560509 -0.100654889 0.117619676 0.980560742
1520616856.062116861 23.187661216 6.596210846 -2.671660928 -0.119850913 -0.105870707 0.149520759 0.975741100
1520616856.112119198 23.183653057 6.611654268 -2.646027040 -0.120897738 -0.099632373 0.180528041 0.971013261
1520616856.162120104 23.186212941 6.639963617 -2.616746457 -0.120596370 -0.086675974 0.207858149 0.966818898
1520616856.212121964 23.192643028 6.665835486 -2.580104735 -0.124707160 -0.062203515 0.226059050 0.964093436
1520616856.262123108 23.204320245 6.699980738 -2.548875964 -0.125171700 -0.028970353 0.239152292 0.962444256
1520616856.312124968 23.220608742 6.727204993 -2.510771664 -0.128996958 0.010998926 0.242359366 0.961509618
1520616856.362149000 23.241053471 6.756825670 -2.475574202 -0.129398843 0.052464064 0.242387021 0.960079160
1520616856.412128210 23.265211156 6.788694515 -2.440972376 -0.126183639 0.092561474 0.240712438 0.957897481
1520616856.462024689 23.297205058 6.820301694 -2.410535078 -0.123443991 0.133929351 0.227584294 0.956571952
1520616856.512027025 23.337627636 6.852375885 -2.381833583 -0.125964664 0.177054260 0.205860455 0.954152066
1520616856.562027931 23.384696820 6.879091910 -2.355159346 -0.129653811 0.219120783 0.176741818 0.950756699
1520616856.612029791 23.431015791 6.902142395 -2.331130498 -0.132379502 0.257850027 0.152829788 0.944792087
1520616856.662031889 23.480661970 6.922804560 -2.309180423 -0.133684680 0.293270113 0.126135416 0.938195557
1520616856.712032795 23.527587284 6.944399528 -2.285650979 -0.136575785 0.322684383 0.094994994 0.931771321
1520616856.762035131 23.569119085 6.971365252 -2.265385702 -0.135651529 0.342891005 0.064608146 0.927281084
1520616856.812036037 23.620168481 6.991940519 -2.238942975 -0.136288469 0.350929908 0.036620209 0.925706548
1520616856.862337828 23.660815914 7.013384696 -2.212945485 -0.136735007 0.354256988 0.004855594 0.925084833
1520616856.912338734 23.703478475 7.040794989 -2.184369988 -0.137733008 0.352728446 -0.025819446 0.925173291
1520616856.962341070 23.744546233 7.057711858 -2.153905397 -0.140783453 0.348640026 -0.053258589 0.925091171
1520616857.012341738 23.783550042 7.078513808 -2.126666764 -0.140640256 0.343680572 -0.074719032 0.925484224
1520616857.062343836 23.808005627 7.093690494 -2.087931105 -0.140005409 0.340863582 -0.092382916 0.925027514
1520616857.112345934 23.824890869 7.111863719 -2.049530286 -0.136246306 0.332046111 -0.104837989 0.927464997
1520616857.162346840 23.845228925 7.114355970 -2.009122193 -0.137341772 0.310821201 -0.109691548 0.934074506
1520616857.212348700 23.861202841 7.119527057 -1.968182277 -0.134486227 0.278300182 -0.109782232 0.944674719
1520616857.263871908 23.866045631 7.121255254 -1.931800039 -0.128488140 0.236757769 -0.105413441 0.957248433
1520616857.313873768 23.861332932 7.121923733 -1.889721350 -0.123937378 0.186923675 -0.095737971 0.969810965
1520616857.363875628 23.856390524 7.118132930 -1.852333858 -0.119671318 0.129160248 -0.083450290 0.980832532
1520616857.413877964 23.842578590 7.124626030 -1.825596109 -0.108035198 0.070011906 -0.069890154 0.989212867
1520616857.463878632 23.824719439 7.139885300 -1.796900229 -0.092673290 0.005082014 -0.055379766 0.994142302
1520616857.513879538 23.808518809 7.144946047 -1.778984868 -0.079707358 -0.064013016 -0.039862669 0.993961789
1520616857.563881874 23.791197537 7.152015516 -1.773676322 -0.063918428 -0.134643245 -0.019498336 0.988638177
1520616857.613883734 23.765706590 7.167040638 -1.768885061 -0.048505596 -0.206589218 -0.000944176 0.977224238
1520616857.663657904 23.753102541 7.167419543 -1.782678636 -0.040286050 -0.276126578 0.014631511 0.960165124
1520616857.713659763 23.731881818 7.174455790 -1.795544304 -0.037735827 -0.346036069 0.034590916 0.936823630
1520616857.763660669 23.708317619 7.180999441 -1.818455058 -0.037988588 -0.417112706 0.052703009 0.906529785
1520616857.813661814 23.684323919 7.188322311 -1.846244232 -0.039284797 -0.482057008 0.062234365 0.873043315
1520616857.863668919 23.664991403 7.184199113 -1.877617581 -0.046267791 -0.542988812 0.069978524 0.835539016
1520616857.913665533 23.645504778 7.185801127 -1.918430257 -0.053770635 -0.601426575 0.079237962 0.793168418
1520616857.963666677 23.632962839 7.182706169 -1.965178464 -0.059545023 -0.654578124 0.086217601 0.748697799
1520616858.013697624 23.612087865 7.186618682 -2.021054859 0.060418235 0.705237838 -0.098101506 -0.699546512
1520616858.063669682 23.600407821 7.174631654 -2.075935751 0.062203005 0.750598923 -0.108080376 -0.648884177
1520616858.112438202 23.589406572 7.162118823 -2.133057344 0.060291805 0.788630628 -0.116941201 -0.600625829
1520616858.162439108 23.571570575 7.153131315 -2.195841970 0.058340950 0.821952066 -0.127369755 -0.552058040
1520616858.212440968 23.559892237 7.141666156 -2.260877635 0.056758427 0.850154713 -0.136300823 -0.505408281
1520616858.262443066 23.545887152 7.135393662 -2.329279409 0.053602875 0.873248697 -0.144691718 -0.462198823
1520616858.312443972 23.529572561 7.119903457 -2.398640835 0.054474257 0.891435673 -0.151559216 -0.423562038
1520616858.362445831 23.517252510 7.099326860 -2.478021029 0.058516648 0.904023775 -0.159375629 -0.392321585
1520616858.412446976 23.503114519 7.075535342 -2.551302900 0.062278141 0.912940553 -0.165843293 -0.367637026
1520616858.462449074 23.492303713 7.048960013 -2.612342266 0.065980509 0.919776111 -0.172137573 -0.346449323
1520616858.512493134 23.479872796 7.023392176 -2.674307231 0.070337517 0.923991380 -0.183748751 -0.327916086
1520616858.562494993 23.461510270 7.000814219 -2.730567441 0.072714218 0.927454139 -0.197653615 -0.308989499
1520616858.612495899 23.456130558 6.967878955 -2.785926524 0.075736399 0.930080299 -0.209153869 -0.292351321
1520616858.662498236 23.442853096 6.936090286 -2.841110643 0.078865902 0.931388688 -0.219717515 -0.279319699
1520616858.712500095 23.431496282 6.901268936 -2.888959407 0.084188539 0.932487864 -0.228870433 -0.266452619
1520616858.762501001 23.417570842 6.876296377 -2.940249355 0.091509556 0.932920761 -0.236827598 -0.255338096
1520616858.812503099 23.389567285 6.858516211 -2.995166841 0.097451064 0.932208348 -0.244564120 -0.248353131
1520616858.862504005 23.369776266 6.838716199 -3.053125720 0.106028025 0.929461645 -0.251895295 -0.247806111
1520616858.912207603 23.344481912 6.816157074 -3.112661857 0.112241125 0.925824855 -0.257309420 -0.253065467
1520616858.962209702 23.320272329 6.791161341 -3.157995194 0.112953854 0.923403759 -0.258648632 -0.260130371
1520616859.012211561 23.290774458 6.773209360 -3.206172369 0.102294783 0.922581178 -0.260856026 -0.265205356
1520616859.062212706 23.262743651 6.759719622 -3.247822684 0.084110081 0.923719672 -0.262538066 -0.265972226
1520616859.112214565 23.232007588 6.741972642 -3.301592772 0.058799672 0.926352165 -0.263313157 -0.262831592
1520616859.162215471 23.213836090 6.722394443 -3.333809759 0.028890094 0.931916523 -0.258372485 -0.252864818
1520616859.212217808 23.205000592 6.685475289 -3.377926561 -0.001118213 0.936804907 -0.255322502 -0.239177204
1520616859.262218475 23.193426562 6.668094191 -3.438527808 -0.038255272 0.939507427 -0.257466870 -0.222650265
1520616859.312074900 23.189380076 6.643720260 -3.495860318 -0.069045338 0.942003053 -0.256247621 -0.205426742
1520616859.362076759 23.183347595 6.619223108 -3.538323084 -0.092234431 0.946369032 -0.249154073 -0.183849699
1520616859.412078619 23.171237503 6.616004797 -3.569636624 -0.105792065 0.951663445 -0.241375912 -0.157741544
1520616859.462079763 23.168583696 6.606472275 -3.610993249 -0.107300083 0.957308003 -0.231779108 -0.135375495
1520616859.512081861 23.161261652 6.605617686 -3.659270270 -0.102835025 0.961775740 -0.226125002 -0.115238302
1520616859.562082767 23.151612973 6.596528231 -3.715616574 -0.091053120 0.966381876 -0.221075291 -0.094557463
1520616859.612084866 23.149990251 6.585056192 -3.773543982 -0.068040531 0.970908474 -0.216601285 -0.076099311
1520616859.662123919 23.134908179 6.575330342 -3.818690978 -0.043902594 0.974381167 -0.212616947 -0.058719149
1520616859.712145329 23.127964657 6.565708232 -3.871997026 -0.012419032 0.975421914 -0.213296566 -0.053874219
1520616859.762147427 23.115155753 6.549220432 -3.929089236 0.023143286 0.974134336 -0.217576660 -0.056454245
1520616859.812148333 23.102482630 6.526694014 -3.983921249 0.055512979 0.971036271 -0.223248460 -0.064552259
1520616859.862150431 23.087734379 6.503206189 -4.025855509 0.087075161 0.966263061 -0.227665347 -0.083199180
1520616859.912151337 23.065749588 6.478924004 -4.073298112 0.118170974 0.958838285 -0.234383869 -0.108300354
1520616859.962153196 23.031587393 6.454201319 -4.117540100 0.144150966 0.950335916 -0.238957910 -0.137772504
1520616860.012154579 22.990066991 6.438591362 -4.167971787 0.166596311 0.939996337 -0.244272871 -0.170244881
1520616860.062156439 22.947426222 6.421195940 -4.221002625 0.185360206 0.928715830 -0.247903591 -0.204137972
1520616860.112157345 22.905643110 6.412598637 -4.275890971 0.205894029 0.914584785 -0.253746002 -0.238233679
1520616860.162389517 22.852083485 6.408226755 -4.327163872 0.216844622 0.902852372 -0.251771793 -0.272849718
1520616860.212391615 22.816594292 6.370159451 -4.354378561 0.236905598 0.889945900 -0.242890642 -0.304755918
1520616860.262392521 22.762580734 6.361167785 -4.398402968 0.246547304 0.876677218 -0.235148662 -0.339641853
1520616860.312394619 22.707848082 6.348057465 -4.444999352 0.254610538 0.861615576 -0.226541650 -0.376126247
1520616860.362395525 22.657967368 6.346884077 -4.482945920 0.252437422 0.847018569 -0.222035786 -0.411746282
1520616860.412397385 22.594807930 6.335409411 -4.519362411 0.244442455 0.830808932 -0.222228391 -0.447905065
1520616860.462398529 22.544052869 6.310635713 -4.543794168 0.236184526 0.815630325 -0.216656000 -0.481688925
1520616860.512400389 22.493933928 6.293660444 -4.569596294 0.224900812 0.801955444 -0.209863777 -0.512097926
1520616860.563588381 22.445954527 6.264940965 -4.573219533 0.217374440 0.791451699 -0.203291219 -0.533877553
1520616860.613591671 22.387117799 6.261085721 -4.588266016 0.198999362 0.785453496 -0.199504245 -0.551053641
1520616860.663592577 22.333809275 6.246693591 -4.607106266 0.175227087 0.783530594 -0.189851796 -0.565094303
1520616860.713593483 22.287131709 6.234372925 -4.617903834 0.146227478 0.785813260 -0.177864750 -0.574002767
1520616860.763595581 22.242551874 6.209395889 -4.632490299 0.114401518 0.789209076 -0.168027328 -0.579506811
1520616860.813597441 22.190783230 6.186721819 -4.658263726 0.076888526 0.793161738 -0.165833500 -0.580931891
1520616860.863598585 22.135690644 6.159677131 -4.696805563 0.035823396 0.797435661 -0.167573648 -0.578560388
1520616860.913600683 22.090203624 6.129473003 -4.725197726 -0.005343779 0.806114619 -0.169286182 -0.567003399
1520616860.963305712 22.056461052 6.088231352 -4.755556875 -0.040808988 0.817554412 -0.165732697 -0.549974621
1520616861.013308048 22.018964990 6.063443824 -4.804907373 -0.073765380 0.827294800 -0.163601739 -0.532331150
1520616861.063308954 21.987916882 6.030722177 -4.868880896 -0.095761908 0.836222005 -0.157505647 -0.516482707
1520616861.113310814 21.952455527 6.000909085 -4.924951947 -0.107742281 0.846100353 -0.150281703 -0.499921197
1520616861.163311958 21.918492208 5.972688660 -4.983429499 -0.113614020 0.856206823 -0.142974345 -0.483280527
1520616861.213313818 21.874202171 5.971460773 -5.050170021 -0.122986431 0.864724555 -0.141507171 -0.465941523
1520616861.263315916 21.843823900 5.938554350 -5.103597986 -0.132426161 0.873497787 -0.138356765 -0.447573830
1520616861.313362122 21.811369051 5.931777841 -5.178205391 -0.130223696 0.882950551 -0.143566209 -0.427584911
1520616861.363450766 21.779301811 5.926412563 -5.256223473 -0.118810438 0.893250214 -0.150786122 -0.406511598
1520616861.413452625 21.742330606 5.937279471 -5.327896064 -0.103670437 0.903560322 -0.164547730 -0.381779031
1520616861.463454485 21.709044938 5.921386983 -5.400206437 -0.076591084 0.911745885 -0.180867153 -0.360749664
1520616861.513455629 21.686801467 5.887244743 -5.468490934 -0.050063891 0.917878620 -0.188782891 -0.345475710
1520616861.563457727 21.660618861 5.858639348 -5.530928633 -0.031034572 0.922865172 -0.192542892 -0.332090296
1520616861.613458633 21.635163415 5.846555233 -5.600132124 -0.008605605 0.927659486 -0.197547526 -0.316778783
1520616861.663460732 21.623130206 5.825493208 -5.668630555 0.014361487 0.933538178 -0.195500692 -0.300132799
1520616861.713461637 21.611458830 5.809775507 -5.733716379 0.029329339 0.939005913 -0.190875420 -0.284559765
1520616861.763943434 21.579351982 5.803091983 -5.778231301 0.034158820 0.945748503 -0.184054121 -0.265550416
1520616861.813945532 21.555061092 5.794651918 -5.835510330 0.040988533 0.950244344 -0.186768010 -0.245913271
1520616861.863946676 21.541393357 5.781750047 -5.904895902 0.040484358 0.951949550 -0.193775143 -0.233675556
1520616861.913948536 21.524441839 5.756383336 -5.963702601 0.042959177 0.952871512 -0.205030675 -0.219437491
1520616861.963949442 21.500334343 5.721402034 -6.016176190 0.040926375 0.952570416 -0.216620207 -0.209786366
1520616862.013951540 21.477807743 5.680182617 -6.069021098 0.039147839 0.951839071 -0.225572228 -0.203928910
1520616862.063952446 21.450259795 5.635514606 -6.127636210 0.034217065 0.950463772 -0.232651652 -0.203275722
1520616862.113954306 21.403374712 5.582726232 -6.164367413 0.031887442 0.949873476 -0.237220677 -0.201121656
1520616862.164565325 21.358177776 5.537468875 -6.204051912 0.031350839 0.948069224 -0.244711654 -0.200743812
1520616862.214567184 21.321646369 5.501334694 -6.239177412 0.034143248 0.945587480 -0.253028706 -0.201680516
1520616862.264569521 21.278418412 5.469294317 -6.274840419 0.039182983 0.943212677 -0.261250360 -0.201402057
1520616862.314571381 21.230994707 5.439519186 -6.313940086 0.041935185 0.941610916 -0.266037369 -0.202075336
1520616862.364572287 21.178792435 5.429951375 -6.359713817 0.038935587 0.940030485 -0.268423037 -0.206823067
1520616862.414574385 21.129137344 5.404447848 -6.407109600 0.039912331 0.938677128 -0.267198441 -0.214236430
1520616862.464575291 21.077810123 5.393145552 -6.453998429 0.037721680 0.938066109 -0.263496582 -0.221762487
1520616862.514576435 21.029732625 5.372718113 -6.504981746 0.037186525 0.936722282 -0.260309014 -0.231101158
1520616862.564579487 20.979347280 5.350286529 -6.548211434 0.039984834 0.934461500 -0.259368739 -0.240646577
1520616862.613606930 20.929308592 5.330190056 -6.590589303 0.039614316 0.931646520 -0.257698058 -0.253095196
1520616862.663607836 20.889091737 5.316498756 -6.628586309 0.038044146 0.930263238 -0.254539589 -0.261481451
1520616862.713609934 20.848600571 5.302646221 -6.683302493 0.040045533 0.929478466 -0.249308760 -0.268907566
1520616862.763612032 20.791892224 5.286223831 -6.717668951 0.042209170 0.932610549 -0.237296209 -0.268600928
1520616862.813612938 20.764697466 5.273214841 -6.766580344 0.045733603 0.934971535 -0.222054598 -0.272815729
1520616862.863613844 20.728316375 5.254523618 -6.812363412 0.047211902 0.937308174 -0.206223564 -0.276940905
1520616862.913615942 20.699103633 5.238149791 -6.869750155 0.047713031 0.937886612 -0.195768661 -0.282430172
1520616862.963667870 20.677007154 5.231868121 -6.927438187 0.044518306 0.937074077 -0.192124194 -0.288094757
1520616863.012676716 20.671735190 5.236583863 -6.987515393 0.044315287 0.935317433 -0.194330619 -0.292323562
1520616863.062678576 20.655124633 5.248313710 -7.059330261 0.043808380 0.933251107 -0.197904157 -0.296575692
1520616863.112679720 20.639320114 5.227826939 -7.121114994 0.049325674 0.932098615 -0.196537367 -0.300220275
1520616863.162681580 20.613514987 5.211456220 -7.185168557 0.061518020 0.932097334 -0.196340249 -0.298094950
1520616863.212682962 20.595247717 5.188616206 -7.232341300 0.068450145 0.932532579 -0.193195817 -0.297275871
1520616863.262684822 20.578719387 5.168263632 -7.294884719 0.070682015 0.933444311 -0.191075652 -0.295255594
1520616863.312685728 20.569866335 5.142831348 -7.350039154 0.070820352 0.934517298 -0.189987548 -0.292517740
1520616863.362687826 20.555026653 5.109144616 -7.407215963 0.070479095 0.936171391 -0.192203387 -0.285786077
1520616863.412424564 20.542914720 5.078609034 -7.468964026 0.071681191 0.936694031 -0.199420677 -0.278742698
1520616863.462426424 20.524979982 5.046221951 -7.527662736 0.075202248 0.936579431 -0.207007001 -0.272601711
1520616863.512428284 20.499939301 5.010270140 -7.578807936 0.078955438 0.935834924 -0.214975074 -0.267889438
1520616863.562429428 20.474773845 4.975852345 -7.636596920 0.083838513 0.934873423 -0.223825046 -0.262459778
1520616863.612431526 20.448534183 4.955434523 -7.701451475 0.084377259 0.934217056 -0.234593311 -0.255117520
1520616863.662432671 20.416567419 4.919897467 -7.758813474 0.078866720 0.934788181 -0.243510278 -0.246280005
1520616863.712434530 20.388925400 4.886013692 -7.815170987 0.074027617 0.934118389 -0.253105003 -0.240583882
1520616863.762435436 20.365329399 4.847209718 -7.855359220 0.066201684 0.933359878 -0.257865904 -0.240752674
1520616863.812206268 20.324484836 4.817955981 -7.908390568 0.062427838 0.933558293 -0.263840883 -0.234434783
1520616863.862208128 20.291894029 4.780295907 -7.945614739 0.062929699 0.934450045 -0.264719555 -0.229709648
1520616863.912209988 20.250604646 4.741792380 -7.979913081 0.064829107 0.937059286 -0.260751231 -0.222992998
1520616863.962211132 20.203529697 4.717317060 -8.022117877 0.066513474 0.939223885 -0.253013603 -0.222302874
1520616864.012212992 20.151969328 4.708484296 -8.074303727 0.067033269 0.941613294 -0.244091713 -0.222013922
1520616864.062214136 20.098715706 4.701525262 -8.120233457 0.063680603 0.943687712 -0.235657772 -0.223301808
1520616864.112216234 20.049437817 4.697840225 -8.159804982 0.055666501 0.944155188 -0.231059774 -0.228218320
1520616864.162217140 19.996600659 4.692524155 -8.203511575 0.045069492 0.944189606 -0.231234195 -0.230229180
1520616864.212392092 19.947056182 4.674516689 -8.242364004 0.027581385 0.944482361 -0.230228506 -0.232781382
1520616864.262393236 19.897941853 4.659581465 -8.290062981 0.004186192 0.944273126 -0.232372239 -0.233096292
1520616864.312397242 19.864068192 4.641354601 -8.326896664 -0.018800534 0.943745380 -0.235231454 -0.231640586
1520616864.362396002 19.833819610 4.624945196 -8.369769639 -0.042062578 0.942964313 -0.240177013 -0.226636377
1520616864.412399292 19.806953780 4.609303357 -8.409600908 -0.069690592 0.941175849 -0.246035532 -0.220902148
1520616864.462399006 19.777892660 4.588866160 -8.451599746 -0.098077584 0.940476116 -0.250300471 -0.207930606
1520616864.512401342 19.759426443 4.566651322 -8.498764769 -0.132333651 0.939936403 -0.252348798 -0.187955972
1520616864.562403202 19.747934776 4.540309824 -8.547340935 -0.166184523 0.940147784 -0.253771524 -0.155257408
1520616864.612951994 19.746205158 4.531117590 -8.603085803 -0.197586082 0.938840785 -0.259521260 -0.110392193
1520616864.662898064 19.752927611 4.525666646 -8.657063143 -0.227979953 0.934977532 -0.265503314 -0.057880447
1520616864.712898970 19.771182788 4.522417330 -8.706939005 -0.257542177 0.927227191 -0.271885486 0.000213526
1520616864.762900829 19.785309544 4.528850411 -8.765508930 -0.277975194 0.916074583 -0.281080132 0.067313511
1520616864.812901974 19.814494506 4.527797281 -8.801298255 -0.290878732 0.903482534 -0.283327317 0.137238859
1520616864.862903833 19.853605580 4.536802014 -8.835749158 -0.295413402 0.889445077 -0.283380356 0.203258335
1520616864.912904739 19.900942700 4.545775507 -8.865298931 -0.292176985 0.874540366 -0.276801235 0.270541742
1520616864.962907076 19.948259667 4.559122922 -8.882755933 -0.286656527 0.857457658 -0.268580797 0.332353359
1520616865.012907982 19.988894476 4.577824193 -8.904584622 -0.275532594 0.839277707 -0.260447080 0.389694802
1520616865.062542915 20.037333481 4.597256407 -8.908169302 -0.260097086 0.822065822 -0.247839968 0.441738203
1520616865.112544775 20.085479603 4.625721029 -8.932179203 -0.243176574 0.801704063 -0.239887239 0.490499604
1520616865.162545681 20.134742236 4.647551047 -8.930198106 -0.226351557 0.785484855 -0.228389239 0.528788115
1520616865.212548018 20.190430105 4.672984051 -8.921460677 -0.207863383 0.773194376 -0.215859127 0.558899014
1520616865.262548923 20.243505474 4.690893301 -8.908858708 -0.191754110 0.764780543 -0.202443310 0.580825093
1520616865.312550783 20.292223172 4.713887084 -8.904493828 -0.173081686 0.758274748 -0.190555624 0.598958004
1520616865.362551928 20.343797227 4.731605528 -8.896087283 -0.153203633 0.754353067 -0.176944242 0.613327671
1520616865.412553787 20.390996901 4.753605766 -8.890654455 -0.130270262 0.750892107 -0.164578279 0.626182635
1520616865.462522745 20.440698058 4.767790387 -8.884822201 -0.108405437 0.750696083 -0.153933002 0.633252148
1520616865.512523651 20.492049850 4.781536740 -8.881580866 -0.083163507 0.753980603 -0.144534217 0.635379368
1520616865.562525749 20.538417054 4.794678887 -8.885345814 -0.057562356 0.758924026 -0.133513730 0.634740089
1520616865.612527609 20.582941530 4.802425505 -8.888385434 -0.037239684 0.764211543 -0.121746739 0.632274984
1520616865.662528515 20.630907166 4.808963887 -8.892137925 -0.020843797 0.770813334 -0.109516209 0.627230850
1520616865.712529659 20.680280675 4.809340922 -8.898136596 -0.008420974 0.778641174 -0.097654661 0.619766550
1520616865.762532711 20.728897420 4.815004860 -8.912740332 0.003622171 0.787324175 -0.093327103 0.609423970
1520616865.812533617 20.786470758 4.808630314 -8.922954408 0.014245267 0.796453374 -0.091292063 0.597599243
1520616865.862553835 20.835333049 4.795366012 -8.939612353 0.023923386 0.807009353 -0.091102157 0.582978536
1520616865.912555933 20.878443579 4.783590553 -8.969127269 0.033954824 0.818882522 -0.094032887 0.565186961
1520616865.962556839 20.925125174 4.762390269 -8.996077947 0.042062227 0.831694868 -0.100278334 0.544480184
1520616866.012558937 20.964735625 4.741944971 -9.019251601 0.052131204 0.844601857 -0.108782667 0.521628576
1520616866.062562943 21.017207020 4.717424366 -9.042539783 0.062118101 0.857852753 -0.115998041 0.496763979
1520616866.112561703 21.056775232 4.688093516 -9.061334301 0.067562626 0.870731321 -0.122726518 0.471381438
1520616866.162564039 21.098545839 4.687298716 -9.106628445 0.073222670 0.883019464 -0.134547080 0.443635155
1520616866.212564945 21.139035701 4.661009236 -9.143011881 0.077111829 0.895696153 -0.139532503 0.415105827
1520616866.262473822 21.161940406 4.642663179 -9.183068188 0.079659414 0.905448049 -0.143876677 0.391302582
1520616866.312415838 21.194275658 4.630958175 -9.234224410 0.080957150 0.915813236 -0.150561441 0.363405158
1520616866.362417698 21.205832670 4.599941241 -9.275458929 0.081809171 0.924958271 -0.156135619 0.336721138
1520616866.412418842 21.226239485 4.549421314 -9.321991727 0.082746387 0.933361466 -0.160066640 0.310432087
1520616866.462420940 21.249613992 4.534121203 -9.376217379 0.083811901 0.939956872 -0.176098751 0.280081904
1520616866.512422085 21.267676155 4.525135436 -9.440175106 0.080590936 0.944928466 -0.196735740 0.248817894
1520616866.562423944 21.284917368 4.502746734 -9.500712738 0.076698620 0.950479277 -0.216078418 0.209801293
1520616866.612424850 21.287736356 4.476147896 -9.553342176 0.077901926 0.954910680 -0.230640988 0.169945927
1520616866.662434816 21.284207144 4.455438315 -9.609814400 0.080255021 0.958753151 -0.240555857 0.128391611
1520616866.712436914 21.278551702 4.442198002 -9.671573286 0.080816589 0.961953400 -0.247110646 0.083968232
1520616866.762438059 21.274964906 4.413982326 -9.729386206 0.082236007 0.964738548 -0.246239038 0.043394807
1520616866.812439919 21.251994676 4.403213560 -9.790173428 0.083616632 0.964722924 -0.249522801 0.007504064
1520616866.862440825 21.246785163 4.392998458 -9.850297804 0.086444008 0.962487548 -0.255746001 -0.027187050
1520616866.912442923 21.246509315 4.381830355 -9.910710469 0.091411676 0.958685733 -0.263316178 -0.056834508
1520616866.962443829 21.238383028 4.368901719 -9.973179868 0.094917229 0.954132372 -0.272314015 -0.080418992
1520616867.012445688 21.229292125 4.356947713 -10.030728633 0.094293100 0.949618345 -0.282212388 -0.098437690
1520616867.062448025 21.219500831 4.342399997 -10.086400495 0.092218299 0.945321815 -0.289291152 -0.119050747
1520616867.112743378 21.202414601 4.328530138 -10.139268297 0.093010157 0.940911953 -0.292626694 -0.142840560
1520616867.162745476 21.190609976 4.309328956 -10.193736264 0.097777975 0.936863821 -0.293173132 -0.163631182
1520616867.212747335 21.177098890 4.291062943 -10.243314031 0.095093037 0.932258210 -0.293763540 -0.188560140
1520616867.262748480 21.157398892 4.274267364 -10.293211436 0.089661185 0.927233488 -0.293763268 -0.214247690
1520616867.312749386 21.141378813 4.258946992 -10.343772837 0.085903713 0.920987695 -0.293958728 -0.240812135
1520616867.362751245 21.117020117 4.248895403 -10.392135027 0.083088668 0.913263464 -0.297086244 -0.266056164
1520616867.412753582 21.097074331 4.233303529 -10.448524136 0.081275965 0.904790143 -0.299305639 -0.291830685
1520616867.462755442 21.073840313 4.222363480 -10.504292182 0.079135631 0.894052675 -0.303629804 -0.319712853
1520616867.512772560 21.044463435 4.211217275 -10.553282204 0.079066165 0.881379003 -0.309828966 -0.347743594
1520616867.562773228 21.016447221 4.195103195 -10.603522087 0.076448833 0.868371790 -0.314790936 -0.375489915
1520616867.612774134 20.987318906 4.181251794 -10.652425728 0.070954339 0.854744968 -0.318867955 -0.403360569
1520616867.662775278 20.953021005 4.168171933 -10.693054573 0.067772126 0.840848876 -0.320267962 -0.431055146
1520616867.712778330 20.919907626 4.149359301 -10.732574756 0.071029381 0.823669075 -0.317468105 -0.464476139
1520616867.762778282 20.880352126 4.135095239 -10.763391954 0.076844570 0.805247210 -0.316087041 -0.495742701
1520616867.812780380 20.841166037 4.122537728 -10.794178132 0.080261845 0.783296656 -0.315072860 -0.529842880
1520616867.862782240 20.804341133 4.107375998 -10.827678543 0.082740769 0.758540029 -0.313851037 -0.565038508
1520616867.912523985 20.758767966 4.091643230 -10.856791871 0.082945390 0.732064868 -0.314042638 -0.598814088
1520616867.962460756 20.719226363 4.076484122 -10.882910188 0.082500701 0.704092364 -0.315394465 -0.630851733
1520616868.012461662 20.677681854 4.065955618 -10.907572033 0.083164620 0.679017124 -0.320699625 -0.655111549
1520616868.062463760 20.634104108 4.054861912 -10.932175345 -0.084046387 -0.658382511 0.324580176 0.673881580
1520616868.112464666 20.593480259 4.050604780 -10.957380381 -0.081192698 -0.642250795 0.330518064 0.686789248
1520616868.162466764 20.556354156 4.040408551 -10.979086802 -0.081279434 -0.620839049 0.332069232 0.705466196
1520616868.212467909 20.521462743 4.027741955 -10.996659534 -0.085837246 -0.591301750 0.327996635 0.731718809
1520616868.262469769 20.484695699 4.023758385 -11.008073711 -0.092284307 -0.563613293 0.329744552 0.751726142
1520616868.312474966 20.450457332 4.019841080 -11.013452371 -0.094636797 -0.534873825 0.328187238 0.772817575
1520616868.362476110 20.420032106 4.018697790 -11.021217601 -0.092892770 -0.502985026 0.321240432 0.796982799
1520616868.412477970 20.390119475 4.024852648 -11.021132804 -0.094789801 -0.465947363 0.311831230 0.822599072
1520616868.462479115 20.359936496 4.030670055 -11.015647353 -0.102335630 -0.425758292 0.300567643 0.847299468
1520616868.512481213 20.332123586 4.036678258 -11.005028083 -0.110303706 -0.385361010 0.287920259 0.869730940
1520616868.562482119 20.314818049 4.048895747 -10.997200346 -0.115183435 -0.339975659 0.280219320 0.890295715
1520616868.612484217 20.299390959 4.062066121 -10.984426746 -0.117481794 -0.291610689 0.272158484 0.909445432
1520616868.662486076 20.290334337 4.078381643 -10.968776976 -0.116418570 -0.237385658 0.262453526 0.928015578
1520616868.712622643 20.292567030 4.093029215 -10.948254738 -0.115426098 -0.180082287 0.249972131 0.944331043
1520616868.762624502 20.298277789 4.108172883 -10.930485422 -0.113986021 -0.128448645 0.242465819 0.954839494
1520616868.812625647 20.310706864 4.129412982 -10.908657389 -0.110576941 -0.082028735 0.233455488 0.962570809
1520616868.862627745 20.325211494 4.145146138 -10.888862307 -0.110253668 -0.039708170 0.219302996 0.968593612
1520616868.912629604 20.344499847 4.159590098 -10.866935174 -0.115397027 0.003352977 0.200089406 0.972952472
1520616868.962631702 20.367402109 4.175283478 -10.847985118 -0.124281279 0.047229472 0.185010188 0.973701582
1520616869.012632608 20.393744965 4.203781073 -10.826154801 -0.131895083 0.090695244 0.173965616 0.971655301
1520616869.062633514 20.429794409 4.222747525 -10.809327186 -0.137876959 0.131642254 0.161375070 0.968306949
1520616869.112386703 20.465046200 4.252702410 -10.787329425 -0.137882107 0.171652474 0.145663443 0.964523776
1520616869.162388802 20.502379859 4.281041519 -10.769519532 -0.134361435 0.206166345 0.128816772 0.960650135
1520616869.212389708 20.544581274 4.300948218 -10.753856678 -0.134025636 0.237553054 0.110426968 0.955725672
1520616869.262390614 20.587813111 4.327200734 -10.742263863 -0.133965175 0.267366060 0.091674519 0.949823407
1520616869.312392712 20.629224989 4.342590308 -10.723473164 -0.136127152 0.294708152 0.079382090 0.942504635
1520616869.362394810 20.671633285 4.369639370 -10.712910826 -0.137489072 0.319716289 0.062400138 0.935406047
1520616869.412395716 20.723883219 4.372269966 -10.701716732 -0.142541160 0.344222499 0.046564403 0.926835824
1520616869.462397814 20.766204547 4.395741367 -10.692996112 -0.140681679 0.364557507 0.031401595 0.919956754
1520616869.512398720 20.810798716 4.417167429 -10.684754062 -0.136746688 0.378515616 0.017576510 0.915268998
1520616869.562289000 20.852477975 4.444447235 -10.677781940 -0.130759614 0.389346635 -0.000059751 0.911762643
1520616869.612220049 20.893923721 4.463920219 -10.667515884 -0.125063541 0.395954522 -0.021212833 0.909466406
1520616869.662222147 20.933021401 4.481061287 -10.655388818 -0.118094629 0.398178417 -0.041010657 0.908749544
1520616869.712223053 20.965014117 4.494202396 -10.640091142 -0.110397693 0.394466428 -0.059216784 0.910330687
1520616869.762224913 20.992202880 4.504784001 -10.621740402 -0.102152006 0.384743075 -0.074470335 0.914325928
1520616869.812226057 21.016206187 4.509226744 -10.597903945 -0.094515452 0.365505352 -0.087587253 0.921846592
1520616869.862228155 21.038768888 4.510520624 -10.575097491 -0.088269306 0.340548258 -0.101049927 0.930604280
1520616869.912230015 21.049185612 4.518991499 -10.548642496 -0.082955764 0.314126747 -0.112029991 0.939091055
1520616869.962232351 21.059596607 4.518290089 -10.519066939 -0.082141148 0.286438459 -0.120398079 0.946947804
1520616870.012234688 21.067040094 4.521698632 -10.492102381 -0.085189993 0.259979164 -0.127466442 0.953365515
1520616870.062235594 21.072674642 4.531792886 -10.463377996 -0.091274219 0.230754759 -0.125826032 0.960515001
1520616870.112237453 21.074477004 4.546938215 -10.436822619 -0.099738552 0.195731920 -0.122214350 0.967886816
1520616870.162238598 21.072551315 4.571732853 -10.402759319 -0.108125358 0.156575619 -0.115149482 0.974953116
1520616870.212240458 21.055369477 4.596539979 -10.370782203 -0.115704173 0.120201102 -0.108302379 0.980017772
1520616870.262242556 21.043979942 4.609606748 -10.331071920 -0.123120705 0.081210212 -0.099710587 0.984024386
1520616870.312243462 21.027483124 4.635683288 -10.293456956 -0.123170292 0.046861584 -0.090972647 0.987095258
1520616870.362413168 21.008559594 4.662430855 -10.253603545 -0.121414088 0.014774222 -0.077082499 0.989494128
1520616870.412414074 20.984055032 4.686183704 -10.214705864 -0.119033060 -0.019064027 -0.057878622 0.991018546
1520616870.462415934 20.956413577 4.705401776 -10.181349793 -0.115555156 -0.052922963 -0.036306576 0.991225503
1520616870.512418032 20.926758095 4.717145972 -10.139270584 -0.116898896 -0.092428192 -0.010579339 0.988776898
1520616870.562418938 20.866881557 4.742851866 -10.124154415 -0.108305182 -0.124093095 0.015570359 0.986219273
1520616870.612421036 20.826034082 4.758260768 -10.099224822 -0.107258790 -0.161809752 0.040196618 0.980151717
1520616870.662423134 20.780429392 4.774269560 -10.074900995 -0.108492450 -0.198926899 0.062071283 0.972010614
1520616870.712424040 20.730739084 4.784370245 -10.056961662 -0.113072544 -0.229600002 0.080026773 0.963376434
1520616870.762804031 20.684024250 4.804484060 -10.042248141 -0.116318369 -0.257408287 0.091362778 0.954915627
1520616870.812805176 20.635757795 4.822520631 -10.028092922 -0.119167475 -0.280550150 0.104177549 0.946698349
1520616870.862807035 20.594368717 4.840642999 -10.014128035 -0.121785835 -0.302544381 0.118743963 0.937835262
1520616870.912807941 20.549607017 4.850355126 -10.003197690 -0.121541468 -0.321243537 0.133309220 0.929655266
1520616870.962810278 20.513723346 4.868533826 -9.985518826 -0.116734320 -0.337170349 0.148355780 0.922323054
1520616871.012812138 20.483073734 4.877521307 -9.964778948 -0.113709787 -0.348117724 0.159744498 0.916714694
1520616871.062813044 20.448268792 4.879227618 -9.944978629 -0.112583115 -0.357823325 0.173451335 0.910605373
1520616871.112814188 20.410739498 4.872875860 -9.928006175 -0.115460357 -0.363677616 0.189073015 0.904797708
1520616871.162855864 20.374221019 4.877178938 -9.911253653 -0.119111439 -0.365251431 0.203955671 0.900447634
1520616871.212930918 20.340527720 4.876860238 -9.894708605 -0.125228881 -0.365893597 0.216232140 0.896483834
1520616871.262858868 20.310925115 4.879491731 -9.875894145 -0.133220422 -0.366898521 0.231082075 0.891200802
1520616871.312859774 20.274664109 4.889997824 -9.855906671 -0.141603191 -0.359696990 0.244509078 0.889259199
1520616871.362861872 20.247635293 4.897541864 -9.827587855 -0.150497951 -0.349704509 0.255242089 0.888768023
1520616871.412862778 20.216397978 4.907778414 -9.805820941 -0.155844134 -0.338467765 0.266630604 0.888853362
1520616871.462864637 20.198519625 4.911546467 -9.765560811 -0.160831809 -0.324443111 0.272898841 0.891288965
1520616871.512866974 20.178031445 4.918163490 -9.729110804 -0.162335315 -0.304765872 0.279761459 0.895822826
1520616871.562867880 20.161977424 4.924807327 -9.684388388 -0.164208514 -0.276484691 0.285186176 0.902917839
1520616871.613183022 20.144719487 4.939087940 -9.652493609 -0.162834655 -0.243563545 0.287283434 0.911937445
1520616871.663184166 20.134481600 4.946759992 -9.609349314 -0.159436198 -0.209765364 0.285884163 0.921329928
1520616871.713186026 20.113839604 4.952392840 -9.561895754 -0.151249614 -0.173782529 0.281957331 0.931355598
1520616871.763186932 20.108288145 4.954819297 -9.510282770 -0.148117329 -0.139126124 0.273638339 0.940120863
1520616871.813189268 20.097914408 4.970570465 -9.464812812 -0.144511995 -0.098223509 0.265110581 0.948253555
1520616871.863191128 20.093554247 4.990149715 -9.419154531 -0.140943501 -0.060955117 0.258405701 0.953753583
1520616871.913192034 20.095042524 5.027350506 -9.377173773 -0.134403634 -0.024472502 0.253600492 0.957613466
1520616871.963194132 20.094032588 5.047266983 -9.315186134 -0.134657106 0.011332778 0.241956538 0.960830924
1520616872.014109135 20.088874281 5.087215669 -9.269868511 -0.130212256 0.049910903 0.234208651 0.962133036
1520616872.064111233 20.071617371 5.107622594 -9.234301549 -0.128390605 0.091783492 0.220870404 0.962448912
1520616872.114113092 20.088086778 5.110931131 -9.179490611 -0.130558286 0.128038917 0.204475539 0.961639394
1520616872.164114952 20.107934773 5.136390775 -9.155465899 -0.130544337 0.162695367 0.183284100 0.960674415
1520616872.214116096 20.135001955 5.155316708 -9.092836006 -0.133281671 0.198201202 0.162518501 0.957360964
1520616872.264117002 20.149651844 5.175634186 -9.057434531 -0.133942861 0.234563908 0.146906622 0.951555320
1520616872.314119101 20.182764914 5.181661405 -9.032431911 -0.142514582 0.268357233 0.130307962 0.943765768
1520616872.364121199 20.194503165 5.207398892 -8.989858046 -0.148365208 0.298098630 0.121064808 0.935130089
1520616872.414278269 20.216849295 5.221774996 -8.960637120 -0.153625490 0.326673232 0.113404238 0.925647496
1520616872.464280128 20.239271371 5.244171219 -8.939762217 -0.151371695 0.349040106 0.104991945 0.918822238
1520616872.514281034 20.267893465 5.263469340 -8.915407075 -0.148047880 0.373013006 0.094696343 0.911030035
1520616872.564283133 20.297674900 5.288314237 -8.901848515 -0.136908391 0.394129923 0.083254376 0.904978676
1520616872.614284039 20.319729727 5.314929120 -8.878147018 -0.120694931 0.412269594 0.074068803 0.899989071
1520616872.664287090 20.354342546 5.329483292 -8.871424189 -0.109371451 0.429528321 0.063829626 0.894130351
1520616872.714287281 20.385792908 5.340042055 -8.843673995 -0.108496948 0.448935649 0.053394962 0.885344099
1520616872.764289141 20.414155899 5.354025617 -8.837978954 -0.114841943 0.466219143 0.043479002 0.876105368
1520616872.814480543 20.438901794 5.372308877 -8.825333636 -0.124718339 0.485218344 0.039321872 0.864559012
1520616872.864556313 20.471896464 5.394483911 -8.822367399 -0.135309029 0.500642852 0.039694444 0.854091653
1520616872.914483547 20.503914827 5.412341457 -8.808672604 -0.143675773 0.518813931 0.037525532 0.841891449
1520616872.964485407 20.535635255 5.420681372 -8.796696485 -0.146289718 0.540249973 0.032133574 0.828068064
1520616873.014487505 20.572851743 5.438214581 -8.799566194 -0.140127902 0.565555086 0.019057024 0.812495197
1520616873.064488649 20.614640138 5.443155329 -8.792784942 -0.128596959 0.589252927 0.009548372 0.797591774
1520616873.114490509 20.663267898 5.442269362 -8.779672351 -0.119477086 0.611586706 0.005112046 0.782087459
1520616873.164491415 20.714396575 5.464830637 -8.784382007 -0.111468694 0.634967180 0.001326998 0.764453825
1520616873.216315508 20.754839730 5.466818322 -8.784113859 -0.110417581 0.655523980 0.004240338 0.747046377
1520616873.266316652 20.797290428 5.462841382 -8.787291058 -0.111929806 0.674225779 0.006236509 0.729967412
1520616873.316318512 20.837969312 5.468193034 -8.801423721 -0.111642106 0.694159187 0.004325611 0.711097990
1520616873.366319418 20.880185926 5.475964596 -8.809231341 -0.112485664 0.716318020 -0.000226979 0.688647528
1520616873.416321516 20.921724461 5.480699757 -8.829345725 -0.112863580 0.735832812 -0.003021252 0.667684624
1520616873.466323614 20.956476999 5.492750686 -8.846680459 -0.112194479 0.754259865 -0.007894772 0.646871029
1520616873.516324759 20.998103207 5.503732124 -8.875529179 -0.111192662 0.766469164 -0.010062451 0.632502933
1520616873.566326618 21.036964783 5.505785721 -8.903148469 -0.113560521 0.776291951 -0.012574853 0.619932810
1520616873.617854118 21.067302658 5.507254782 -8.942249840 -0.113033136 0.781121009 -0.017373638 0.613817266
1520616873.667855978 21.111013781 5.519605629 -8.964679732 -0.105474156 0.785922969 -0.022843840 0.608833678
1520616873.717856884 21.153598121 5.524401246 -8.998348684 -0.101460441 0.793582217 -0.029233088 0.599231566
1520616873.767858982 21.200280113 5.523883127 -9.018960688 -0.095923918 0.803238003 -0.030146260 0.587110309
1520616873.817860842 21.238060345 5.525537365 -9.048442451 -0.098548474 0.813415292 -0.032677238 0.572342519
1520616873.867862940 21.280676127 5.534590343 -9.080340020 -0.103344393 0.823116253 -0.036457666 0.557198716
1520616873.917864084 21.324037817 5.537659565 -9.113564495 -0.112944132 0.830828165 -0.040415601 0.543447112
1520616873.967865944 21.359936225 5.534307920 -9.148282602 -0.126303260 0.834674733 -0.051034154 0.533630107
1520616874.017866850 21.400787123 5.537520167 -9.186989116 -0.139010935 0.836572115 -0.068455297 0.525487324
1520616874.067867994 21.444659799 5.538120134 -9.221610734 -0.146769515 0.837443725 -0.087799363 0.519074165
1520616874.117869854 21.487318658 5.542007893 -9.254715707 -0.149222910 0.837542445 -0.109051689 0.514162334
1520616874.167871952 21.528739651 5.534768844 -9.295725878 -0.151601065 0.834722120 -0.127794981 0.513735868
1520616874.217873096 21.581654573 5.522527340 -9.335564958 -0.155820519 0.828595770 -0.141663219 0.518729745
1520616874.267874956 21.627228512 5.510397011 -9.368601247 -0.166606020 0.819882602 -0.156024307 0.525063204
1520616874.317879915 21.667452828 5.508879113 -9.410680977 -0.177492143 0.807133287 -0.173346164 0.535708413
1520616874.367877960 21.715645516 5.493316849 -9.433021514 -0.188043012 0.796154073 -0.189990008 0.542846492
1520616874.417882919 21.772781004 5.488241337 -9.453044541 -0.193949735 0.785207492 -0.199782440 0.553100056
1520616874.467143059 21.819014342 5.491558215 -9.474993234 -0.200393009 0.772666617 -0.202399871 0.567329915
1520616874.517224073 21.867300991 5.495856482 -9.490187868 -0.207818955 0.759345073 -0.199846300 0.583324780
1520616874.567145824 21.919251673 5.506345275 -9.511015927 -0.216340311 0.743494907 -0.195998404 0.601661715
1520616874.617146969 21.966404819 5.515155004 -9.529859317 -0.227008015 0.726275204 -0.193489759 0.619316883
1520616874.667148829 22.010056607 5.524559244 -9.537309816 -0.231698021 0.708304573 -0.189402342 0.639333568
1520616874.717150927 22.062346140 5.538284403 -9.547346093 -0.231202575 0.684096423 -0.183828105 0.666906801
1520616874.767152071 22.104433322 5.544376056 -9.553923650 -0.226181595 0.659989654 -0.177246480 0.694146402
1520616874.817153931 22.149041296 5.543496302 -9.546697358 -0.224521863 0.637808819 -0.168197919 0.717286068
1520616874.865250349 22.181890833 5.541008098 -9.549787953 -0.226497879 0.612550446 -0.152301420 0.741811930
1520616874.915252209 22.219782997 5.555185109 -9.543982427 -0.229883024 0.585086428 -0.130514007 0.766677090
1520616874.965253353 22.255257481 5.567116984 -9.531658692 -0.237675222 0.557449305 -0.111303299 0.787637186
1520616875.015255451 22.286563904 5.576871229 -9.522469964 -0.244448666 0.529615577 -0.097222145 0.806411833
1520616875.065257549 22.321583946 5.590854235 -9.504598810 -0.246602966 0.504283200 -0.086274791 0.823068704
1520616875.115258455 22.355393043 5.599419938 -9.492554861 -0.244806768 0.481247074 -0.074526095 0.838401313
1520616875.165260315 22.383096038 5.603348770 -9.472327718 -0.240588831 0.463313050 -0.061484504 0.850692475
1520616875.215262651 22.418680471 5.621529752 -9.450628762 -0.236318955 0.452276592 -0.050167167 0.858535084
1520616875.263584375 22.446088263 5.642921887 -9.434118757 -0.233242390 0.448140038 -0.037726767 0.862174683
1520616875.313585281 22.479017628 5.650577145 -9.422936146 -0.231512338 0.444807404 -0.021070023 0.864930323
1520616875.363587141 22.515511963 5.669854672 -9.402985038 -0.224873974 0.438553520 -0.002319450 0.870113283
1520616875.413588285 22.543817010 5.681263654 -9.374680104 -0.218330212 0.432001909 0.006598169 0.875021561
1520616875.463590145 22.575616967 5.672656521 -9.344040999 -0.215368703 0.422806005 0.015140740 0.880126219
1520616875.513592243 22.607180144 5.687898143 -9.327132117 -0.208987201 0.410792522 0.025107206 0.887098350
1520616875.563593388 22.640179258 5.707038879 -9.291464188 -0.204487357 0.402049693 0.033918995 0.891846661
1520616875.613595247 22.660257248 5.719533715 -9.269054476 -0.198817302 0.396159252 0.044439057 0.895295871
1520616875.662979841 22.687592458 5.751597224 -9.249762951 -0.194183493 0.393076757 0.049107740 0.897425130
1520616875.712980747 22.717233212 5.760846477 -9.229165103 -0.195273960 0.391796200 0.050525757 0.897669742
1520616875.762982845 22.748323041 5.792941946 -9.224334517 -0.192513992 0.389654512 0.050946348 0.899173061
1520616875.812983990 22.780286086 5.800584799 -9.208403352 -0.193746992 0.389866522 0.053587957 0.898662634
1520616875.862985849 22.821433360 5.807417786 -9.191681279 -0.195776231 0.390942681 0.059666683 0.897371369
1520616875.912986755 22.860443309 5.818137611 -9.162258853 -0.198414196 0.394748320 0.064360454 0.894797912
1520616875.962988853 22.898130683 5.833315347 -9.137298268 -0.199983137 0.398029314 0.067403301 0.892768842
1520616876.012990713 22.931880661 5.834453564 -9.119438987 -0.199048485 0.399035350 0.072219257 0.892151820
1520616876.062645912 22.965583053 5.851312800 -9.093052145 -0.195782637 0.404243451 0.072266767 0.890524512
1520616876.112647057 23.004953161 5.866342790 -9.074047786 -0.190535916 0.415234783 0.071734919 0.886639860
1520616876.162730932 23.046527660 5.899160642 -9.039533786 -0.179679575 0.436265741 0.068887611 0.879000541
1520616876.212649822 23.089548192 5.924149818 -9.019000164 -0.168786901 0.460605994 0.065276093 0.868960374
1520616876.262651920 23.138105875 5.942819676 -8.987506690 -0.158591111 0.489465560 0.061482763 0.855273170
1520616876.312654018 23.182805406 5.988178285 -8.977938207 -0.146806569 0.517649781 0.049867678 0.841427211
1520616876.362654924 23.236645827 6.021562432 -8.959468829 -0.138223893 0.547980578 0.038112650 0.824110956
1520616876.412657022 23.289335601 6.039136636 -8.940465218 -0.134070787 0.581125010 0.031014382 0.802095290
1520616876.462657928 23.345014579 6.059264577 -8.931203484 -0.132871663 0.612822287 0.024445964 0.778586130
1520616876.512599707 23.403551201 6.069742407 -8.933234144 -0.134585141 0.643010293 0.019375723 0.753690377
1520616876.562600613 23.462522453 6.082380260 -8.938615261 -0.140231306 0.672854229 0.013276101 0.726241084
1520616876.612602472 23.517922567 6.101670333 -8.944286022 -0.146665616 0.702179371 0.009617278 0.696664077
1520616876.662604570 23.574733426 6.106219772 -8.961035511 -0.153138893 0.729873356 0.012538144 0.666090203
1520616876.712605476 23.632533099 6.115648687 -8.978537528 -0.156384324 0.755351289 0.014452224 0.636222843
1520616876.762607336 23.690312177 6.147745849 -8.995749876 -0.153690846 0.776961517 0.009160324 0.610431006
1520616876.812608719 23.749455274 6.169447716 -9.023619071 -0.150440653 0.795709132 -0.001067336 0.586697066
1520616876.862610579 23.809656063 6.178947483 -9.054186007 -0.148986671 0.809868978 -0.015285486 0.567169785
1520616876.912892580 23.869672922 6.191042668 -9.082367214 -0.147601461 0.821808328 -0.030269978 0.549480308
1520616876.962894440 23.924653699 6.209379254 -9.115879427 -0.144043225 0.833021213 -0.046340758 0.532146354
1520616877.012895346 23.977259134 6.212871347 -9.155287153 -0.146736330 0.842403438 -0.060569442 0.514933239
1520616877.062897444 24.029879891 6.220618912 -9.193732247 -0.149438951 0.849689543 -0.075239298 0.500034728
1520616877.112899542 24.081894014 6.224862131 -9.233029854 -0.150706009 0.853226779 -0.089341268 0.491233041
1520616877.162901402 24.131450288 6.228435320 -9.272640156 -0.150099743 0.855999628 -0.103289226 0.483803720
1520616877.212902546 24.184548511 6.232111647 -9.312310039 -0.148142134 0.857635136 -0.117619383 0.478206611
1520616877.262904406 24.234170864 6.228582455 -9.353633207 -0.149130816 0.856244468 -0.132410353 0.476521678
1520616877.312801123 24.283423837 6.230758741 -9.396158931 -0.151976989 0.853864860 -0.146612761 0.475733638
1520616877.362802982 24.334394735 6.232948321 -9.438972083 -0.156264292 0.849121823 -0.158285989 0.479081565
1520616877.412805319 24.386314370 6.230067700 -9.473717668 -0.161694547 0.844062614 -0.166219824 0.483512303
1520616877.462806225 24.430535367 6.238451051 -9.507458377 -0.168070167 0.837936522 -0.176846456 0.488200916
1520616877.512806892 24.478543090 6.232072616 -9.539762765 -0.175479762 0.831580705 -0.180057945 0.495236834
1520616877.562809229 24.525777155 6.217753231 -9.579044304 -0.181259922 0.825146496 -0.177475811 0.504757800
1520616877.612811089 24.567076368 6.221737824 -9.608250883 -0.186835498 0.817300789 -0.178919397 0.514878400
1520616877.662811995 24.604357649 6.221307451 -9.655314048 -0.190297790 0.808879154 -0.176474433 0.527596475
1520616877.712680340 24.644258965 6.237447536 -9.678868555 -0.190197439 0.802737667 -0.169954367 0.539029392
1520616877.762681484 24.690857691 6.239730078 -9.704149170 -0.187547616 0.793576916 -0.157463704 0.557015935
1520616877.812769413 24.737471105 6.245923326 -9.733685496 -0.179332423 0.782360755 -0.147008087 0.578048573
1520616877.862684250 24.782596582 6.256536365 -9.763723383 -0.171442736 0.768663677 -0.142120617 0.599637615
1520616877.912686348 24.829580839 6.265567862 -9.792196444 -0.167134615 0.754774399 -0.142178445 0.618196504
1520616877.962687254 24.877385947 6.269540024 -9.824077112 -0.165398456 0.739055083 -0.140675707 0.637692152
1520616878.012689352 24.924858173 6.277494906 -9.848093087 -0.167550858 0.724034460 -0.137720393 0.654777752
1520616878.062690496 24.972020761 6.287965713 -9.871793786 -0.171595015 0.709152551 -0.131459961 0.671100655
1520616878.112839699 25.012595234 6.279877440 -9.892485115 -0.181417250 0.695271833 -0.122040002 0.684683210
1520616878.162840843 25.056956393 6.292605755 -9.910186416 -0.185935549 0.678682012 -0.117715798 0.700686584
1520616878.212842941 25.098022302 6.294890776 -9.917076475 -0.189006191 0.657630656 -0.111800955 0.720624122
1520616878.262844801 25.137133670 6.304231552 -9.921836946 -0.188668461 0.634264073 -0.103612553 0.742548137
1520616878.312845945 25.175791123 6.342629039 -9.916901723 -0.185015642 0.608843712 -0.100377525 0.764854822
1520616878.362847805 25.216358988 6.369823146 -9.915500660 -0.180797982 0.580804598 -0.098945399 0.787520105
1520616878.412848711 25.250539425 6.383509198 -9.918264903 -0.180637937 0.549443501 -0.100851486 0.809512663
1520616878.462850809 25.281776851 6.395831596 -9.921824814 -0.183232302 0.514678649 -0.103147109 0.831199426
1520616878.512989521 25.312301274 6.433856003 -9.913930308 -0.183540316 0.476425020 -0.103298401 0.853616772
1520616878.562991381 25.342109130 6.444316128 -9.908304263 -0.185141528 0.431870169 -0.103973387 0.876584455
1520616878.612992525 25.357998093 6.458513393 -9.898571687 -0.180633018 0.389418255 -0.098622423 0.897774333
1520616878.662994623 25.367844476 6.473064253 -9.878225922 -0.173008556 0.344452711 -0.089301429 0.918392957
1520616878.712996483 25.380816072 6.475980239 -9.864480647 -0.164438900 0.297456722 -0.075727766 0.937413811
1520616878.762998581 25.377863179 6.488534316 -9.844872633 -0.152303265 0.253941956 -0.059294511 0.953310736
1520616878.812999487 25.362478979 6.492141656 -9.829142831 -0.143518189 0.205697341 -0.044799541 0.966997484
1520616878.863001347 25.347087143 6.498762567 -9.813636438 -0.136962574 0.149161568 -0.028007853 0.978880810
1520616878.913002491 25.326779595 6.507663075 -9.813313156 -0.125486827 0.090168583 -0.009049087 0.987947770
1520616878.962867737 25.295268410 6.511181746 -9.807906644 -0.113783850 0.028807361 0.007992992 0.993055630
1520616879.012868881 25.252117659 6.516565716 -9.809144184 -0.098279626 -0.030414890 0.027542780 0.994312549
1520616879.062870979 25.210084655 6.520604290 -9.816059130 -0.085147332 -0.087877697 0.047935385 0.991327212
1520616879.112872124 25.170921270 6.517863928 -9.827460483 -0.076063311 -0.140723433 0.065866138 0.984922809
1520616879.162873983 25.126430580 6.515775226 -9.846539813 -0.067465985 -0.186210250 0.084935939 0.976503953
1520616879.212875843 25.077494297 6.503008922 -9.871753753 -0.064289168 -0.226204285 0.104349578 0.966338290
1520616879.262876987 25.029472159 6.490461828 -9.892240592 -0.066367977 -0.265843924 0.123860197 0.953719535
1520616879.312878847 24.983055426 6.484564970 -9.914900507 -0.067414184 -0.300479158 0.142098118 0.940731486
1520616879.362925291 24.933968723 6.470795995 -9.937140178 -0.074216137 -0.331897609 0.158435514 0.926948828
1520616879.412927389 24.882342470 6.466914185 -9.961144950 -0.081244569 -0.357884486 0.175724422 0.913476295
1520616879.463019371 24.829159032 6.463876400 -9.981154504 -0.089617875 -0.378142639 0.187301768 0.902161199
1520616879.512930393 24.782443310 6.464956569 -9.993981346 -0.099258483 -0.392202714 0.192504483 0.894017230
1520616879.562931299 24.728942603 6.469505133 -10.003784552 -0.105516848 -0.400060803 0.199076291 0.888361514
1520616879.612933397 24.677242783 6.462368056 -10.011153423 -0.112687993 -0.404000577 0.206236875 0.884053902
1520616879.662934303 24.629843766 6.456348102 -10.013826839 -0.115535383 -0.404461424 0.215876957 0.881169491
1520616879.712936401 24.574544854 6.433234853 -10.020525266 -0.117909290 -0.401830814 0.228208671 0.878948348
1520616879.762993336 24.526522086 6.417997035 -10.017767073 -0.114999255 -0.398381849 0.241448562 0.877365184
1520616879.812995434 24.478962416 6.391149550 -10.015314215 -0.111527562 -0.391191268 0.251451415 0.878238681
1520616879.862997293 24.435383768 6.373894345 -10.007005658 -0.106762111 -0.382861172 0.257776996 0.880664633
1520616879.912998199 24.389864828 6.367735852 -9.993965034 -0.104890817 -0.375063590 0.260601151 0.883409452
1520616879.963000298 24.339787869 6.358767866 -9.984103657 -0.108759553 -0.370251685 0.265801310 0.883422160
1520616880.013001204 24.296965550 6.358302850 -9.972937293 -0.112805301 -0.367574391 0.270879750 0.882489769
1520616880.063003302 24.248587345 6.365615094 -9.953152760 -0.113365386 -0.363357857 0.273644443 0.883310860
1520616880.113005400 24.199588738 6.367370369 -9.933555005 -0.112550274 -0.358213560 0.278207846 0.884090423
1520616880.162971020 24.151249931 6.373575847 -9.908461727 -0.109356077 -0.351282483 0.279727883 0.886788688
1520616880.212971926 24.105418351 6.371139209 -9.884260550 -0.106984419 -0.344448005 0.284223232 0.888328239
1520616880.262974024 24.064113198 6.365958181 -9.857753427 -0.107913998 -0.338439762 0.290241247 0.888579268
1520616880.312975883 24.023362106 6.360591990 -9.829058895 -0.109163897 -0.331116434 0.289683557 0.891363331
1520616880.362976789 23.986238336 6.361458371 -9.797572490 -0.108407120 -0.322693324 0.283567257 0.896496807
1520616880.412979126 23.945701743 6.360139365 -9.769320576 -0.107499989 -0.313168785 0.277861568 0.901754963
1520616880.462980986 23.904086824 6.363471705 -9.738600385 -0.105317438 -0.304063608 0.274182303 0.906243689
1520616880.512981892 23.861099131 6.370030722 -9.710483612 -0.100343754 -0.294427248 0.271665267 0.910736905
1520616880.563006163 23.811950565 6.373333511 -9.687701122 -0.094924217 -0.284678872 0.269922110 0.914925892
1520616880.613008261 23.772853221 6.378055795 -9.664186176 -0.091267746 -0.275710629 0.270744185 0.917797055
1520616880.663009167 23.726006655 6.382273988 -9.633629107 -0.087344731 -0.264481960 0.271654187 0.921208008
1520616880.713010073 23.682467971 6.387071322 -9.607426508 -0.082481951 -0.253546176 0.270469365 0.925071558
1520616880.763012171 23.640746282 6.392544500 -9.578931566 -0.079274704 -0.242333499 0.267514226 0.929207262
1520616880.813013077 23.599988301 6.400732179 -9.548844247 -0.081064831 -0.231669419 0.264858030 0.932527746
1520616880.863015175 23.561646680 6.398126197 -9.523008855 -0.087360082 -0.222830658 0.260851447 0.935238599
1520616880.913016081 23.527427604 6.400533074 -9.491838629 -0.095089966 -0.210723224 0.257090941 0.938327165
1520616880.963162899 23.497808035 6.401077215 -9.456419574 -0.102336983 -0.192360817 0.251974568 0.942885611
1520616881.013163805 23.471529458 6.398053084 -9.419991474 -0.109678269 -0.172875628 0.250705569 0.946166694
1520616881.063166142 23.448357863 6.400639269 -9.387342405 -0.113835438 -0.152526181 0.252395511 0.948722174
1520616881.113262892 23.424176381 6.413377806 -9.351560651 -0.113373772 -0.131352396 0.254345679 0.951420628
1520616881.163168907 23.402617252 6.424875071 -9.319518354 -0.111549918 -0.111161128 0.258079744 0.953202321
1520616881.213171005 23.380453224 6.442435083 -9.280708088 -0.109581687 -0.091301348 0.260922435 0.954764579
1520616881.263171911 23.364739426 6.466059609 -9.240700056 -0.105787555 -0.075039487 0.265399884 0.955374780
1520616881.313174009 23.342552555 6.469586009 -9.204384964 -0.101893408 -0.058424098 0.270057156 0.955653436
1520616881.363174915 23.329595516 6.476621347 -9.167253053 -0.100191908 -0.041471157 0.271862314 0.956207408
1520616881.413449764 23.322185361 6.484133266 -9.129334724 -0.100860995 -0.021133993 0.271419772 0.956928274
1520616881.463451624 23.319022569 6.498398403 -9.094262537 -0.099583516 0.001557325 0.274356700 0.956456533
1520616881.513453007 23.319549360 6.521996732 -9.062033996 -0.096064286 0.023669416 0.271974568 0.957204913
1520616881.563454866 23.322850562 6.528784529 -9.029869276 -0.093007391 0.054038445 0.266082808 0.957929753
1520616881.613455772 23.329369353 6.539563209 -8.997551450 -0.087903644 0.086428658 0.259479305 0.957848384
1520616881.663457870 23.340175368 6.559662274 -8.967701460 -0.083399978 0.119677379 0.249403318 0.957350382
1520616881.713458776 23.350106080 6.574913620 -8.938099719 -0.081570889 0.155009603 0.240089054 0.954816977
1520616881.763460636 23.365596790 6.597359073 -8.913346286 -0.080125237 0.191789743 0.229816474 0.950779170
1520616881.813375235 23.381907628 6.608093842 -8.887142899 -0.075666337 0.233650580 0.223127149 0.943343144
1520616881.863377333 23.409788086 6.635287665 -8.870165473 -0.064640975 0.279346108 0.212991072 0.934035384
1520616881.913379192 23.437693388 6.648752130 -8.854056469 -0.053469071 0.330166267 0.200433548 0.920846180
1520616881.963380337 23.478619847 6.667754986 -8.841123521 -0.040204180 0.382587341 0.187887110 0.903719528
1520616882.013382196 23.516334344 6.682131798 -8.842262023 -0.031645105 0.434658273 0.172400131 0.883373629
1520616882.063384056 23.558288619 6.699816133 -8.844656636 -0.032224137 0.490745623 0.153355830 0.857095285
1520616882.113385201 23.595664145 6.706299705 -8.854363673 -0.037236132 0.545375273 0.137670400 0.825969819
1520616882.163387299 23.634567275 6.714050072 -8.872306465 -0.044792984 0.596885318 0.122966583 0.791581155
1520616882.213105679 23.673065018 6.721587131 -8.893336906 -0.051498482 0.644089909 0.111587272 0.755012832
1520616882.263106823 23.716606874 6.728192627 -8.925675935 -0.054871300 0.692116041 0.101617087 0.712487540
1520616882.313107729 23.758215643 6.738677403 -8.966100535 -0.053396742 0.734351249 0.089409216 0.670733198
1520616882.363110065 23.792276305 6.748260135 -9.016433653 -0.046417325 0.769455911 0.071988376 0.632930255
1520616882.413110971 23.829546742 6.753594892 -9.066150213 -0.041739273 0.802794858 0.051705353 0.592540973
1520616882.463112831 23.862571372 6.759394881 -9.118172490 -0.037407932 0.833094219 0.027896963 0.551159167
1520616882.513114929 23.890280694 6.755995239 -9.177680406 -0.028698245 0.860484179 0.008223548 0.508601772
1520616882.563115835 23.921024115 6.758536974 -9.243910328 -0.015558805 0.885666012 -0.011079406 0.463929829
1520616882.613003016 23.942171954 6.752942115 -9.308208711 0.000382624 0.906709310 -0.028605350 0.420784761
1520616882.663003922 23.965801842 6.737784715 -9.372606324 0.009464683 0.927530818 -0.046441909 0.370729214
1520616882.713006258 23.976133644 6.725851431 -9.446035309 0.018786953 0.943332461 -0.066968747 0.324478205
1520616882.763103008 23.975226421 6.691922311 -9.516522087 0.025419697 0.956962162 -0.077209497 0.278596399
1520616882.813009262 23.986312565 6.693103482 -9.590323136 0.033439871 0.967914728 -0.091608097 0.231583269
1520616882.863010168 23.978647232 6.675722486 -9.665819314 0.037414183 0.975715507 -0.102024315 0.190185349
1520616882.913012028 23.976167946 6.665127442 -9.735602046 0.043223282 0.981357924 -0.113915017 0.148632912
1520616882.963013172 23.967185504 6.650879077 -9.811680142 0.048547062 0.984642565 -0.130250525 0.105626715
1520616883.012995720 23.961134528 6.641901565 -9.882320739 0.059922239 0.985021788 -0.151092396 0.057554240
1520616883.062997580 23.941040738 6.622834934 -9.950128203 0.073780025 0.982160656 -0.172785821 0.007874934
1520616883.112998724 23.915278134 6.600249793 -10.016191714 0.083847313 0.975485425 -0.198210914 -0.045937424
1520616883.163000584 23.881704538 6.577856686 -10.075286252 0.096245088 0.966167262 -0.219867640 -0.094424182
1520616883.213001490 23.839195386 6.548859987 -10.137765575 0.109179530 0.955620273 -0.235419820 -0.139453333
1520616883.263003826 23.792489754 6.518743754 -10.190582276 0.115403894 0.944131347 -0.245338563 -0.187368437
1520616883.313004732 23.743882475 6.498674289 -10.240960606 0.120008110 0.930843981 -0.251116879 -0.236786505
1520616883.363006592 23.693230885 6.479886524 -10.291199884 0.127939703 0.914979682 -0.256861877 -0.283664572
1520616883.413008690 23.646091041 6.464636384 -10.343731543 0.135615487 0.894834762 -0.267228411 -0.330859737
1520616883.463502645 23.589160368 6.449511999 -10.379353641 0.137598023 0.876114030 -0.272999655 -0.372776312
1520616883.513504505 23.536331961 6.433804884 -10.421516026 0.135134283 0.856899255 -0.281054711 -0.410451754
1520616883.563505411 23.478059845 6.424177306 -10.450509375 0.125574772 0.842988274 -0.283405116 -0.439639951
1520616883.613507748 23.421309332 6.413368077 -10.481806239 0.117956097 0.833502032 -0.284887857 -0.458475333
1520616883.663509607 23.365615407 6.398247023 -10.510224966 0.102749689 0.827286797 -0.283649249 -0.473901002
1520616883.713511467 23.311918733 6.379694477 -10.538346587 0.089280268 0.820573759 -0.281332590 -0.489427945
1520616883.763511658 23.261525592 6.366230880 -10.561649309 0.074270202 0.815649470 -0.282668370 -0.499297980
1520616883.813514709 23.206514436 6.352768138 -10.585287616 0.054119582 0.811919387 -0.284593215 -0.506818194
1520616883.865299225 23.148456371 6.338892032 -10.614898597 0.032765421 0.808839984 -0.286650371 -0.512382545
1520616883.915301323 23.094967456 6.323495005 -10.634055878 0.008130656 0.809106328 -0.285744021 -0.513450287
1520616883.965302467 23.039883088 6.311938252 -10.668408576 -0.013029825 0.810387253 -0.285959779 -0.511204195
1520616884.015304327 22.987886718 6.297014444 -10.700657638 -0.027554688 0.813001077 -0.278262492 -0.510724949
1520616884.065305471 22.943775123 6.275593293 -10.733890595 -0.037816743 0.818848736 -0.267802162 -0.506298966
1520616884.115307331 22.891205813 6.262736531 -10.757584770 -0.053614488 0.828253659 -0.253522422 -0.496837744
1520616884.165308237 22.843962512 6.246007610 -10.787347623 -0.069427336 0.836821710 -0.238375256 -0.487941091
1520616884.215310335 22.800253906 6.212749504 -10.798967993 -0.080842210 0.845960045 -0.224002423 -0.477115346
1520616884.266736984 22.750938238 6.194291518 -10.815921925 -0.094053028 0.854167693 -0.214094594 -0.464451380
1520616884.316738844 22.705106017 6.163030782 -10.846921927 -0.109509504 0.859538100 -0.204420841 -0.455427320
1520616884.366741180 22.666060507 6.138651994 -10.882004752 -0.116845419 0.864043050 -0.201368985 -0.446348840
1520616884.416839123 22.631123443 6.133634277 -10.907887690 -0.119450057 0.868847891 -0.202923247 -0.435496478
1520616884.466742992 22.585772362 6.109441324 -10.950556197 -0.122787441 0.873583093 -0.202458009 -0.425190051
1520616884.516745090 22.547418787 6.093581280 -11.003684746 -0.127895276 0.877650208 -0.205518109 -0.413684926
1520616884.566745996 22.516972483 6.079931855 -11.045788709 -0.136580652 0.883981527 -0.208128529 -0.395733371
1520616884.616748095 22.471828872 6.086176475 -11.095588215 -0.153409498 0.887203511 -0.217285034 -0.376991605
1520616884.668346167 22.432420180 6.087321107 -11.142826072 -0.172575482 0.892282047 -0.221873178 -0.353302624
1520616884.718347073 22.412657691 6.060211070 -11.197240540 -0.186326904 0.898608538 -0.219849404 -0.330834126
1520616884.768349171 22.389758198 6.036354584 -11.243840149 -0.199784398 0.906997402 -0.213875060 -0.302819030
1520616884.818350077 22.369811580 6.014258145 -11.297023156 -0.215217689 0.914625430 -0.204865149 -0.274175018
1520616884.868352175 22.362105559 5.982067358 -11.352088634 -0.226378079 0.923331363 -0.192874793 -0.242922773
1520616884.918353319 22.353717210 5.972646091 -11.414586339 -0.236087671 0.930530489 -0.187857784 -0.207569442
1520616884.968355179 22.348840331 5.962748054 -11.479916925 -0.248000252 0.935657421 -0.185433648 -0.169279142
1520616885.018356323 22.362097831 5.950089027 -11.534922004 -0.260348980 0.939326344 -0.179336935 -0.133126604
1520616885.069706440 22.365468875 5.952363828 -11.602010220 -0.271125589 0.941280409 -0.177329491 -0.095059762
1520616885.119708300 22.366597341 5.949449758 -11.671184235 -0.279186949 0.941841320 -0.177492003 -0.059043754
1520616885.169709444 22.380656476 5.940451078 -11.738367690 -0.287112123 0.940059899 -0.181286993 -0.031449032
1520616885.219711304 22.401082655 5.926011103 -11.794671573 -0.292323135 0.938421102 -0.183929005 -0.009118190
1520616885.269712210 22.423994486 5.909776779 -11.871486567 -0.288341629 0.938982803 -0.186798927 0.016630138
1520616885.319714308 22.449413761 5.895684938 -11.949958292 -0.284472180 0.938108335 -0.193304582 0.040763584
1520616885.369716406 22.478093958 5.874640783 -12.010153639 -0.280703885 0.936824418 -0.198822186 0.063522256
1520616885.419718266 22.505582906 5.846797872 -12.081592525 -0.272556943 0.935231308 -0.208616839 0.086799349
1520616885.471258402 22.556030537 5.829163093 -12.143003795 -0.255909784 0.934242517 -0.221486219 0.112449794
1520616885.521259308 22.589937322 5.811943987 -12.208901463 -0.241661282 0.931091056 -0.234826283 0.139735062
1520616885.571261644 22.620405889 5.805036634 -12.259350397 -0.228366895 0.926359023 -0.247668016 0.168428250
1520616885.621263504 22.654739504 5.801904983 -12.315642787 -0.216624517 0.921747991 -0.252092755 0.199759111
1520616885.671264410 22.697116600 5.803009561 -12.378420348 -0.205980999 0.917987915 -0.250110378 0.228724320
1520616885.721266508 22.737085206 5.806342541 -12.437048488 -0.193879221 0.915415794 -0.242906685 0.255775515
1520616885.771267414 22.773590590 5.810583499 -12.495605693 -0.177419337 0.912633530 -0.237764330 0.281230407
1520616885.821269274 22.819470301 5.807324403 -12.547093549 -0.158579343 0.910406907 -0.228106963 0.306560059
1520616885.871270418 22.888535252 5.803888139 -12.587643429 -0.140758656 0.909160426 -0.216979765 0.326395623
1520616885.920545101 22.936462285 5.798573524 -12.623702940 -0.127875600 0.906502675 -0.207005921 0.345035186
1520616885.970546007 22.989460865 5.797009111 -12.663910299 -0.112185766 0.903097192 -0.193373190 0.366656003
1520616886.020547867 23.058618935 5.802100215 -12.701182845 -0.102097657 0.899290760 -0.182338551 0.384193767
1520616886.070646763 23.111476071 5.809664230 -12.746328077 -0.099137125 0.895798746 -0.170711093 0.398213711
1520616886.120551109 23.163957827 5.817112760 -12.790828923 -0.102590525 0.891250416 -0.156033084 0.413281450
1520616886.170552015 23.210472666 5.825050403 -12.834342050 -0.106330313 0.886618721 -0.139159228 0.428060530
1520616886.220554113 23.268171818 5.835966736 -12.880806461 -0.108705470 0.881741234 -0.129212668 0.440476564
1520616886.270555973 23.306294770 5.842944553 -12.935853278 -0.111630908 0.877761870 -0.125004529 0.448827926
1520616886.318944454 23.357903197 5.846789161 -12.984063788 -0.114264241 0.876902515 -0.125588857 0.449681111
1520616886.368946314 23.407574073 5.842588640 -13.031584377 -0.113087506 0.877743278 -0.123689244 0.448864038
1520616886.418947220 23.454661878 5.831714453 -13.081301793 -0.112722428 0.878075413 -0.123792998 0.448277277
1520616886.468949318 23.489790551 5.810144532 -13.139499000 -0.114293463 0.878440083 -0.125400448 0.446715516
1520616886.518950224 23.540830870 5.795481012 -13.191401635 -0.113542254 0.882360884 -0.126534885 0.438789642
1520616886.568952084 23.584805304 5.782776493 -13.243818819 -0.109915739 0.885841572 -0.127788996 0.432288344
1520616886.618953228 23.631307965 5.775646322 -13.296431631 -0.101959828 0.888726362 -0.132031217 0.427009841
1520616886.668955326 23.671550090 5.777305066 -13.352643295 -0.092609551 0.890100661 -0.137914288 0.424410100
1520616886.717357397 23.700994874 5.801594864 -13.394921722 -0.087303914 0.889791572 -0.145317674 0.423711881
1520616886.767358303 23.740453778 5.809262431 -13.459708693 -0.088037833 0.889286745 -0.145639640 0.424508563
1520616886.817360163 23.789321909 5.812933822 -13.508351968 -0.090727752 0.890934074 -0.134949831 0.424020629
1520616886.867361307 23.830166522 5.825113517 -13.544156963 -0.101006111 0.892534721 -0.119240532 0.423038098
1520616886.917363405 23.888358427 5.828682713 -13.586655403 -0.112667526 0.893604889 -0.098468338 0.423178825
1520616886.967364073 23.941539042 5.822365845 -13.620661743 -0.122841536 0.894943611 -0.075175746 0.422296693
1520616887.017367363 23.988679609 5.828346210 -13.654108001 -0.123625644 0.893284621 -0.057689385 0.428288712
1520616887.067368269 24.034674646 5.821847457 -13.701477468 -0.113482484 0.888309961 -0.041090825 0.443101211
1520616887.115808010 24.082440506 5.819827430 -13.741635163 -0.106576831 0.883754302 -0.030416120 0.454636748
1520616887.165809155 24.134160872 5.822887056 -13.783108478 -0.097581272 0.880133323 -0.022822668 0.464028399
1520616887.215811253 24.185720206 5.826328399 -13.832118828 -0.093516830 0.878035564 -0.016909017 0.469065279
1520616887.265813112 24.239049126 5.839810414 -13.879147927 -0.089112303 0.875189226 -0.012833756 0.475329477
1520616887.315814257 24.301844376 5.855579662 -13.918884757 -0.083725747 0.875881239 -0.008151390 0.475137463
1520616887.365816116 24.355638892 5.860702690 -13.975489108 -0.080681746 0.877910184 -0.010819125 0.471854968
1520616887.415817261 24.411068464 5.860764714 -14.025238124 -0.076314990 0.884114931 -0.016679516 0.460693613
1520616887.465818167 24.461676812 5.851466524 -14.082292563 -0.071115838 0.888203442 -0.022180936 0.453370917
1520616887.514790773 24.504162412 5.834308545 -14.134862341 -0.072702978 0.890355408 -0.027849927 0.448559814
1520616887.564791918 24.552603262 5.818047414 -14.184246463 -0.078412624 0.895301482 -0.033072944 0.437256099
1520616887.614793777 24.602679332 5.806979242 -14.234824486 -0.081131650 0.901606154 -0.038068340 0.423172305
1520616887.664794922 24.646502975 5.798101580 -14.292620438 -0.080559796 0.906969707 -0.040339263 0.411447219
1520616887.714895010 24.687646561 5.791331931 -14.357339774 -0.076232310 0.909692550 -0.043250396 0.405927952
1520616887.764797688 24.735064659 5.791526450 -14.415510270 -0.070631297 0.912636711 -0.047342841 0.399830101
1520616887.814800024 24.786485852 5.797382057 -14.473424336 -0.065413959 0.914569877 -0.051543461 0.395760314
1520616887.864801884 24.841273558 5.801959014 -14.524933735 -0.061015208 0.914259151 -0.052358835 0.397071659
1520616887.914802790 24.889397158 5.802521754 -14.577940182 -0.058289806 0.911133655 -0.051554695 0.404697264
1520616887.964260817 24.917579863 5.788320944 -14.641851579 -0.064051606 0.905936767 -0.049536701 0.415598461
1520616888.014261961 24.969495684 5.788400417 -14.683114585 -0.068253805 0.902825595 -0.047687711 0.421868754
1520616888.064263821 25.011835610 5.788223595 -14.728919971 -0.070948088 0.897924053 -0.042665194 0.432294396
1520616888.114264727 25.062184693 5.793437775 -14.766028141 -0.070022180 0.893967691 -0.037066898 0.441072224
1520616888.164266825 25.109608458 5.787338478 -14.807367156 -0.073485780 0.890208982 -0.035615562 0.448173336
1520616888.214267731 25.154904596 5.783630726 -14.859840909 -0.079416618 0.888801051 -0.037495782 0.449799688
1520616888.264269829 25.194087852 5.780059944 -14.913191700 -0.078610987 0.889338514 -0.042807219 0.448402567
1520616888.314271927 25.236481518 5.780508228 -14.967505322 -0.076706068 0.893313881 -0.050157435 0.439989455
1520616888.364781380 25.294126015 5.787572848 -15.018434576 -0.066262426 0.900085009 -0.058983261 0.426587907
1520616888.414783239 25.337874839 5.786902674 -15.076644881 -0.056773046 0.907477257 -0.066566030 0.410890268
1520616888.464784145 25.385808904 5.781912134 -15.134634759 -0.046538310 0.916097037 -0.075258892 0.391070971
1520616888.514786482 25.432002715 5.773347860 -15.190542978 -0.037122455 0.924043687 -0.081997109 0.371539583
1520616888.564788342 25.475387374 5.760445193 -15.249079602 -0.026799841 0.930547943 -0.086273766 0.354850859
1520616888.614789248 25.510987517 5.738384659 -15.304318896 -0.015295273 0.938859881 -0.087484398 0.332647949
1520616888.664791346 25.541228831 5.708675602 -15.360807556 -0.002992878 0.948561484 -0.085000910 0.304954095
1520616888.714793205 25.559032650 5.674459999 -15.419698947 0.007607886 0.957569381 -0.081671311 0.276283909
1520616888.766263962 25.592733174 5.655747295 -15.478861953 0.023276953 0.965540991 -0.083556367 0.245371375
1520616888.816265821 25.623971587 5.648927460 -15.540291216 0.039785972 0.971471102 -0.088903800 0.216233877
1520616888.866266727 25.648989098 5.632990309 -15.605741095 0.059771758 0.975219059 -0.096081838 0.190114186
1520616888.916268826 25.676764470 5.627564735 -15.673031107 0.081876278 0.976263025 -0.109399272 0.168043386
1520616888.966270924 25.702665837 5.618189575 -15.739488306 0.098980704 0.976058189 -0.122501282 0.150022224
1520616889.016271830 25.730730753 5.605984188 -15.800063945 0.114077640 0.974500963 -0.135279352 0.137962537
1520616889.066272974 25.758603192 5.588785622 -15.862876668 0.121112481 0.974538389 -0.142927761 0.123200444
1520616889.116274834 25.771772382 5.578137826 -15.926243098 0.124653324 0.975227218 -0.148426345 0.106597571
1520616889.165064812 25.782460352 5.555608266 -15.985476528 0.132750258 0.975355096 -0.149281470 0.093674165
1520616889.215065718 25.798781440 5.526792859 -16.039660065 0.138293326 0.976285206 -0.148497260 0.075436835
1520616889.265066624 25.805346496 5.506459537 -16.093370578 0.141576361 0.977313838 -0.147729037 0.054680233
1520616889.315068722 25.808234764 5.485711758 -16.155878833 0.144348285 0.977554278 -0.150221355 0.031380751
1520616889.365166664 25.803126665 5.475418909 -16.214939254 0.144038553 0.977446031 -0.154407581 0.003232710
1520616889.415071487 25.806926086 5.438926810 -16.269239806 0.150039095 0.975759604 -0.157085730 -0.026561968
1520616889.465073824 25.799584261 5.414003313 -16.327360669 0.158318105 0.972658759 -0.161097843 -0.054016676
1520616889.515074730 25.791415608 5.391994877 -16.393810676 0.168887541 0.967187964 -0.170234133 -0.083933190
1520616889.563895464 25.773290392 5.381694492 -16.451118443 0.176558083 0.960729345 -0.183353235 -0.110489634
1520616889.613896370 25.751004966 5.367198552 -16.510456242 0.181601864 0.953802905 -0.195638868 -0.137863027
1520616889.663898468 25.730949027 5.326930131 -16.561782737 0.183977129 0.946367370 -0.203179433 -0.171053603
1520616889.713899374 25.703681511 5.300591377 -16.625123271 0.187858680 0.936743264 -0.207633836 -0.210022292
1520616889.763901234 25.679397624 5.266957513 -16.668315080 0.191970587 0.927478577 -0.205091344 -0.246715066
1520616889.813902378 25.653090633 5.247484288 -16.710266982 0.196227023 0.917695248 -0.201654320 -0.280474461
1520616889.863904238 25.620637407 5.220384187 -16.745323070 0.200319599 0.908676185 -0.197447270 -0.308535614
1520616889.913906336 25.574485011 5.219476825 -16.795142527 0.199183079 0.899071193 -0.200040482 -0.334635467
1520616889.963425398 25.535086038 5.191934665 -16.839025133 0.195787590 0.890191584 -0.200444685 -0.359232642
1520616890.013427496 25.495157702 5.166358191 -16.871768117 0.192457979 0.882789626 -0.202069598 -0.377902474
1520616890.063428402 25.444419716 5.160386130 -16.907562720 0.185451752 0.876863446 -0.203364591 -0.394158582
1520616890.113430262 25.408057869 5.159199126 -16.953784226 0.177336848 0.872660913 -0.202223969 -0.407578263
1520616890.163431406 25.359957714 5.145752361 -16.993211114 0.168599837 0.868897630 -0.199168696 -0.420621961
1520616890.213433504 25.335133671 5.118979521 -17.016900044 0.154393798 0.864484360 -0.191899987 -0.438182314
1520616890.263435364 25.289051769 5.111304178 -17.063451282 0.134297392 0.858837863 -0.192175693 -0.455445099
1520616890.313436508 25.254767124 5.075798316 -17.069869960 0.115502185 0.855427288 -0.191769408 -0.467041641
1520616890.363438368 25.203481982 5.057366021 -17.102345823 0.090486109 0.849912623 -0.199832865 -0.479090413
1520616890.413210154 25.144935785 5.058487120 -17.132846379 0.059926503 0.844866366 -0.208590344 -0.488978227
1520616890.463211060 25.094371200 5.036262584 -17.156601711 0.034783172 0.841925789 -0.211373877 -0.495249614
1520616890.513212204 25.042449179 5.022978856 -17.184609361 0.013766419 0.843586023 -0.217138512 -0.490941925
1520616890.563214064 24.993736393 4.998390465 -17.207603495 -0.006819974 0.846681639 -0.220072068 -0.484408893
1520616890.613214970 24.956160087 4.978220773 -17.254931994 -0.033482435 0.848272177 -0.220135473 -0.480472282
1520616890.663217306 24.913659352 4.959651054 -17.295364560 -0.061666483 0.851505331 -0.219705218 -0.472086361
1520616890.713219166 24.881812396 4.930455567 -17.346561727 -0.089115111 0.857147579 -0.214699798 -0.459630853
1520616890.763220072 24.848945795 4.896514302 -17.380469833 -0.111912920 0.866279228 -0.206889385 -0.440718255
1520616890.812941313 24.808034100 4.882845896 -17.423589804 -0.136413423 0.875346627 -0.200481156 -0.418290529
1520616890.862942219 24.785599101 4.851817417 -17.473023409 -0.152566101 0.884277754 -0.191751586 -0.397501909
1520616890.912944317 24.754694855 4.831891737 -17.519000407 -0.158572617 0.894425562 -0.187560787 -0.373735990
1520616890.962945461 24.739549021 4.816950175 -17.574348911 -0.166274299 0.904506173 -0.179521858 -0.349275455
1520616891.013042212 24.718080294 4.800346551 -17.622450731 -0.171173780 0.916527942 -0.168498352 -0.319819284
1520616891.062949181 24.700162632 4.785097180 -17.677838495 -0.172560146 0.927393872 -0.159775509 -0.290921620
1520616891.112950325 24.674668745 4.772061875 -17.735599421 -0.173042367 0.935694651 -0.156249991 -0.264797657
1520616891.162952185 24.646076553 4.759278447 -17.792999033 -0.171870643 0.942830046 -0.160342987 -0.236267037
1520616891.213149786 24.626393451 4.741737682 -17.856343608 -0.169855552 0.948431654 -0.169791071 -0.206875523
1520616891.263151884 24.604731645 4.722161443 -17.913436726 -0.164749526 0.953804070 -0.182058878 -0.173118326
1520616891.313152790 24.599179066 4.694087720 -17.975780009 -0.151463104 0.959830035 -0.191711617 -0.137956109
1520616891.363154888 24.606287720 4.667188400 -18.033878620 -0.134109212 0.964866048 -0.199166681 -0.106681123
1520616891.413156986 24.602929615 4.645764344 -18.093516023 -0.117392040 0.968237593 -0.206087241 -0.079139891
1520616891.463157892 24.609309313 4.622620654 -18.149123775 -0.098661537 0.971342732 -0.209388925 -0.053995157
1520616891.513159752 24.618747348 4.598399847 -18.215178396 -0.084714312 0.973151218 -0.211181525 -0.034677894
1520616891.563160896 24.615593418 4.596054677 -18.271130565 -0.071571710 0.973583035 -0.216241808 -0.015907378
1520616891.613391161 24.618499596 4.579296320 -18.331248733 -0.049985717 0.973680668 -0.222363050 0.001434619
1520616891.663392305 24.626265768 4.565756348 -18.397424083 -0.032214304 0.972961499 -0.228184707 0.015488667
1520616891.713394165 24.624251326 4.550882703 -18.465729752 -0.013780741 0.970513791 -0.239411666 0.024395215
1520616891.763395071 24.623271828 4.527604082 -18.532602731 0.006693095 0.967166543 -0.252894702 0.024255927
1520616891.813397408 24.618842363 4.499918045 -18.585701635 0.026966561 0.963303211 -0.266337048 0.019603687
1520616891.863399267 24.610420545 4.477215719 -18.652075902 0.042764283 0.958922232 -0.280294837 0.008612423
1520616891.913400173 24.597539685 4.446098029 -18.705667546 0.060938767 0.954261563 -0.292661995 -0.004504631
1520616891.963402271 24.585006359 4.416964075 -18.770972737 0.077222581 0.948859701 -0.305210638 -0.023418088
1520616892.013287306 24.577911577 4.388377030 -18.822752297 0.090766902 0.944369669 -0.312601869 -0.046982646
1520616892.063288212 24.571422167 4.356808683 -18.886637308 0.101729477 0.939604228 -0.318692353 -0.072320065
1520616892.113290310 24.557430451 4.333252646 -18.946625514 0.113304651 0.934674292 -0.324760906 -0.089868676
1520616892.163292170 24.537393840 4.317587014 -19.013950327 0.124320260 0.930389722 -0.328830735 -0.103873892
1520616892.213293076 24.502759434 4.308195296 -19.076907105 0.129114456 0.928540467 -0.328184251 -0.115918751
1520616892.263295412 24.488693738 4.276681631 -19.139537204 0.134347530 0.927234120 -0.324531121 -0.129873703
1520616892.313296318 24.466701637 4.254464938 -19.194379170 0.133426749 0.925107766 -0.326480665 -0.140653114
1520616892.363297224 24.431758987 4.235641242 -19.253619452 0.127654888 0.920795392 -0.332725197 -0.158537120
1520616892.413119316 24.394556779 4.212982540 -19.310021696 0.122144171 0.914906438 -0.339656530 -0.180722033
1520616892.463120461 24.362103718 4.187790989 -19.365167425 0.117212121 0.907337058 -0.348013834 -0.204663512
1520616892.513122320 24.323833020 4.171318739 -19.414629753 0.113554121 0.899256789 -0.357284733 -0.225367052
1520616892.563123226 24.292589109 4.144333914 -19.466158278 0.109128458 0.892737683 -0.358201769 -0.250603077
1520616892.613125563 24.250271951 4.134709858 -19.512569144 0.105131939 0.885915614 -0.357898544 -0.275698083
1520616892.663224459 24.209303187 4.118112070 -19.565097619 0.103201908 0.877678289 -0.355207720 -0.304725553
1520616892.713128328 24.168186429 4.100477111 -19.607108658 0.102988704 0.867112227 -0.354150724 -0.334793933
1520616892.763130426 24.125833223 4.084495747 -19.649196945 0.103275855 0.854476040 -0.354656927 -0.365271487
1520616892.813131332 24.085561599 4.072310800 -19.690784504 0.099864627 0.839056202 -0.355821407 -0.399252893
1520616892.862972736 24.044331961 4.049084264 -19.729294464 0.100161996 0.820465235 -0.354461446 -0.437220147
1520616892.912973642 23.999343657 4.034513937 -19.764092233 0.099325134 0.799953394 -0.355638878 -0.473001134
1520616892.962975502 23.958244468 4.014491229 -19.798688494 0.100093540 0.776699402 -0.355325475 -0.510355884
1520616893.012977839 23.915725307 3.999384746 -19.812462017 0.104928305 0.753144416 -0.354855762 -0.543912611
1520616893.062978745 23.877371103 3.985837491 -19.836551714 0.108435001 0.724499457 -0.353387974 -0.581772574
1520616893.112980604 23.834163370 3.973973412 -19.848655580 0.115302402 0.693432786 -0.345630823 -0.621607321
1520616893.162981749 23.788515033 3.965765687 -19.857927847 -0.120132594 -0.656765372 0.334792449 0.664937156
1520616893.212983608 23.750559073 3.957360773 -19.861365929 -0.126757739 -0.618177543 0.328605334 0.702714406
1520616893.263007641 23.714578116 3.953477106 -19.864312197 -0.131109114 -0.577707213 0.332480155 0.733840393
1520616893.313009501 23.674156381 3.945704371 -19.863434029 -0.133553900 -0.534151306 0.337457654 0.763523457
1520616893.363010645 23.641350812 3.944365329 -19.851243599 -0.134560795 -0.488959321 0.344213302 0.790145162
1520616893.413012505 23.606533591 3.944769471 -19.839479706 -0.137041217 -0.446794987 0.349253844 0.812167284
1520616893.463014603 23.575026044 3.947582972 -19.825498357 -0.143969499 -0.409631566 0.351407896 0.829449971
1520616893.513015747 23.546634601 3.955431351 -19.811117602 -0.155591795 -0.372232179 0.348102389 0.846202768
1520616893.563017607 23.523693376 3.965114158 -19.792730024 -0.171400741 -0.333519674 0.341125832 0.861985835
1520616893.613019466 23.505554642 3.976860475 -19.770974637 -0.183315940 -0.296362153 0.337373997 0.874496156
1520616893.663285017 23.491383814 3.992079749 -19.745967068 -0.188589451 -0.256103795 0.329680659 0.888906929
1520616893.713287115 23.481474175 4.013453078 -19.720906304 -0.191701459 -0.211345951 0.317091908 0.904453515
1520616893.763288975 23.475323988 4.035332402 -19.697428654 -0.196938039 -0.164158084 0.303462059 0.917702736
1520616893.813290119 23.474193171 4.054008783 -19.669891283 -0.204580885 -0.116198473 0.290449284 0.927514846
1520616893.863291979 23.475807337 4.076401852 -19.635875044 -0.210333505 -0.067091022 0.275678920 0.935553176
1520616893.913293123 23.481162334 4.105281530 -19.606158534 -0.212058002 -0.018167083 0.261124246 0.941549515
1520616893.963294029 23.486111244 4.137441309 -19.579973887 -0.211002116 0.033489830 0.244966012 0.945699842
1520616894.013295889 23.520383256 4.146679679 -19.557978429 -0.211252312 0.078927339 0.231528490 0.946328428
1520616894.063311100 23.533797510 4.181470197 -19.529734065 -0.199860298 0.124670477 0.216115176 0.947526973
1520616894.113312244 23.550816329 4.212716046 -19.506389361 -0.188546788 0.167432438 0.192966563 0.948251229
1520616894.163314342 23.573468130 4.236187112 -19.485390047 -0.184212841 0.204923849 0.172758898 0.945635346
1520616894.213315248 23.623668867 4.236583136 -19.477986888 -0.189311952 0.227638873 0.164607457 0.940875078
1520616894.263317347 23.648826895 4.273014631 -19.461474303 -0.190861711 0.251169201 0.154277846 0.936314149
1520616894.313416243 23.678215156 4.300597907 -19.449899574 -0.194761731 0.275063316 0.143042162 0.930562722
1520616894.363320112 23.711537437 4.328796297 -19.439353614 -0.197928484 0.295348191 0.135547567 0.924781390
1520616894.413321257 23.750277520 4.356769710 -19.428051910 -0.200309745 0.313690023 0.128611073 0.919202789
1520616894.463086843 23.792345766 4.389793928 -19.421197741 -0.203139428 0.331249800 0.119311047 0.913659027
1520616894.513087749 23.837505953 4.415968969 -19.416110457 -0.210805910 0.345879644 0.106012736 0.908124132
1520616894.563090086 23.879180691 4.461731343 -19.411283726 -0.216638511 0.352630640 0.089286666 0.905951036
1520616894.613090992 23.920412785 4.495789038 -19.404936498 -0.225003794 0.346923776 0.071894274 0.907660950
1520616894.663092852 23.950314794 4.499965951 -19.385663169 -0.236421091 0.332123050 0.051126791 0.911693698
1520616894.713094950 23.972238980 4.528127098 -19.364040219 -0.237133400 0.319162674 0.023512358 0.917251387
1520616894.763095856 24.005258615 4.527051842 -19.346269239 -0.238101966 0.302610495 -0.002791522 0.922890324
1520616894.813097715 24.036538755 4.547208597 -19.325939884 -0.231697970 0.285202672 -0.021653241 0.929788483
1520616894.863098860 24.058410474 4.566277115 -19.301687460 -0.222966350 0.268802996 -0.032974410 0.936452692
1520616894.913094759 24.090724526 4.584285364 -19.279894044 -0.218270797 0.249664953 -0.047391189 0.942220434
1520616894.963095903 24.114035970 4.611828257 -19.257572436 -0.217968633 0.232833291 -0.059373492 0.945913908
1520616895.013097763 24.123071564 4.625594096 -19.232803604 -0.225801251 0.215519049 -0.067559979 0.947629138
1520616895.063099861 24.132940599 4.638406946 -19.208065375 -0.236219516 0.197012755 -0.073593326 0.948667664
1520616895.113101006 24.148972252 4.662740640 -19.175894090 -0.246352806 0.176965850 -0.075138804 0.949919756
1520616895.163102865 24.163165051 4.689979572 -19.147842903 -0.254172439 0.158445581 -0.073929309 0.951223332
1520616895.213104010 24.178234490 4.714445135 -19.113557296 -0.264612284 0.139801484 -0.071739057 0.951466968
1520616895.263105869 24.181563443 4.737089048 -19.077957276 -0.277856627 0.123904520 -0.056963890 0.950893517
1520616895.313102961 24.179275841 4.763076355 -19.045674636 -0.288673101 0.110859766 -0.040691542 0.950116915
1520616895.363103867 24.169488294 4.781703235 -19.006034650 -0.298688492 0.100584302 -0.019421289 0.948836549
1520616895.413105965 24.161791769 4.824908155 -18.988523568 -0.300014739 0.096221766 0.006165586 0.949049268
1520616895.463106871 24.151934264 4.852119072 -18.964289401 -0.301183795 0.095360013 0.033867428 0.948181305
1520616895.513108730 24.158961867 4.877917972 -18.928979703 -0.302345267 0.091702250 0.062480478 0.946717607
1520616895.563109875 24.155473606 4.901194528 -18.889640521 -0.303355714 0.090873717 0.089887947 0.944265553
1520616895.613111973 24.158132684 4.934636834 -18.858952679 -0.301228787 0.094904982 0.115851057 0.941718002
1520616895.663113117 24.152923194 4.973465987 -18.826704456 -0.294642569 0.104717702 0.140198606 0.939448940
1520616895.713941097 24.144267592 4.992658263 -18.791295005 -0.283041217 0.117817563 0.162824120 0.937813946
1520616895.763942957 24.154228136 5.019700984 -18.749065552 -0.264523445 0.129493769 0.184829433 0.937601617
1520616895.813944101 24.157058593 5.049938344 -18.708651960 -0.242859758 0.144427566 0.208214538 0.936379475
1520616895.863945961 24.171931691 5.067983449 -18.665284463 -0.230696077 0.160437793 0.225525104 0.932833030
1520616895.913946867 24.198176348 5.087626361 -18.620744318 -0.221919888 0.178443114 0.239665616 0.928154088
1520616895.964045048 24.222104516 5.102977322 -18.579806865 -0.211878512 0.198819913 0.260515518 0.920711574
1520616896.013950109 24.252450155 5.111738759 -18.545573553 -0.204582178 0.226021621 0.276374485 0.911415110
1520616896.063951969 24.293225753 5.130744772 -18.510402138 -0.199452767 0.250424337 0.289307629 0.902112710
1520616896.114513874 24.331774004 5.153264811 -18.474506510 -0.194657131 0.278485601 0.298285017 0.891953149
1520616896.164515734 24.365120508 5.184022385 -18.438039048 -0.186984109 0.308210346 0.302899409 0.882210448
1520616896.214516878 24.404169718 5.218820980 -18.411839102 -0.177562907 0.336999102 0.301452125 0.874087888
1520616896.264518738 24.455363692 5.238228904 -18.383012621 -0.172972457 0.367665044 0.291210861 0.866082663
1520616896.314520597 24.509182032 5.247495700 -18.358369846 -0.171873782 0.396310589 0.277157273 0.858243069
1520616896.364521742 24.555358440 5.281133446 -18.338394473 -0.172654677 0.422606922 0.258491886 0.851337593
1520616896.414523840 24.608294263 5.294698078 -18.336732693 -0.183165199 0.447426990 0.231592174 0.844170992
1520616896.464524746 24.660845305 5.316884716 -18.337465392 -0.195882239 0.471084084 0.209329987 0.834200750
1520616896.515709639 24.709126350 5.342232840 -18.330876402 -0.212183464 0.490050848 0.187252202 0.824478597
1520616896.565711737 24.773944935 5.364183161 -18.343351840 -0.231863151 0.499555424 0.162761509 0.818652886
1520616896.615712643 24.827052851 5.395045658 -18.334393650 -0.249554174 0.506638747 0.137297494 0.813750141
1520616896.665714502 24.868940858 5.418520007 -18.320921062 -0.266722822 0.509580689 0.109693110 0.810650282
1520616896.715715647 24.930964775 5.432528198 -18.327488113 -0.284337261 0.504337995 0.084755652 0.810932789
1520616896.765717506 24.979786632 5.465353458 -18.318112286 -0.297184230 0.500909944 0.057412105 0.810848082
1520616896.815718412 25.023866062 5.474491598 -18.300346755 -0.315752826 0.495085758 0.025939817 0.809022478
1520616896.865720749 25.070921321 5.488382945 -18.279267248 -0.329847945 0.484585882 -0.006341534 0.810146061
1520616896.916612387 25.108129913 5.526049226 -18.261273174 -0.328327410 0.472284466 -0.028709577 0.817511012
1520616896.966613293 25.143310485 5.552063091 -18.233908088 -0.320982506 0.458235326 -0.038181515 0.827969075
1520616897.016614437 25.179355261 5.559808997 -18.201649375 -0.312205718 0.441539056 -0.036360300 0.840386090
1520616897.066616297 25.210688268 5.581034685 -18.168927268 -0.298695329 0.425364071 -0.022873370 0.854004283
1520616897.116618395 25.234203829 5.601240400 -18.133304211 -0.286806867 0.413357887 0.000046507 0.864220502
1520616897.166620255 25.261253226 5.635539114 -18.107809796 -0.267992837 0.406618887 0.036006629 0.872665138
1520616897.216621399 25.296253411 5.653269208 -18.077628515 -0.258317296 0.406239799 0.061885551 0.874306342
1520616897.266622305 25.317106027 5.691263420 -18.044249990 -0.246254741 0.413876799 0.083922709 0.872365506
1520616897.316624403 25.358645465 5.723471279 -18.033886399 -0.236257387 0.417971407 0.115003137 0.869630168
1520616897.366304159 25.399535187 5.754577261 -18.028208801 -0.226328391 0.427530550 0.148109102 0.862587260
1520616897.416306019 25.433309648 5.789806923 -18.012143514 -0.215739225 0.447015063 0.176213640 0.850048747
1520616897.466308117 25.468626454 5.822807823 -18.002175484 -0.206394436 0.470584295 0.196505154 0.835067352
1520616897.516309023 25.518682005 5.848705338 -18.003114465 -0.197348491 0.495996651 0.207085284 0.819851560
1520616897.566311121 25.565460269 5.880750502 -18.018290820 -0.188621398 0.523514181 0.208694831 0.804239602
1520616897.616409302 25.620420749 5.911790634 -18.048399217 -0.185343476 0.554260040 0.203278233 0.785570852
1520616897.666314125 25.671967904 5.926840385 -18.069881630 -0.189157142 0.584247528 0.199773195 0.763521494
1520616897.716315269 25.738721824 5.940719747 -18.103577311 -0.193452669 0.613174644 0.193970270 0.740924055
1520616897.767572403 25.800875501 5.954731475 -18.140017040 -0.201084785 0.640975384 0.183832793 0.717579940
1520616897.817573309 25.857371058 5.969752206 -18.193288852 -0.206175253 0.663495171 0.168339022 0.699233792
1520616897.867575407 25.919026195 5.991069733 -18.238254071 -0.208340000 0.686108359 0.145084726 0.681762559
1520616897.917577267 25.977843816 5.990193053 -18.297011692 -0.211986825 0.701557909 0.121276614 0.669455054
1520616897.967578173 26.039153692 5.997262021 -18.346135609 -0.214066199 0.712970328 0.094054996 0.661061746
1520616898.017580271 26.101534620 6.000043725 -18.391751348 -0.221931771 0.717410146 0.065573199 0.657091414
1520616898.067581177 26.168346452 6.000707768 -18.435210517 -0.235258257 0.720053932 0.032534305 0.652010281
1520616898.117583275 26.236187101 6.000749507 -18.462469439 -0.242506320 0.720435189 0.007596377 0.649696943
1520616898.166029215 26.300650873 5.993208904 -18.489770284 -0.250130892 0.717291593 -0.009813067 0.650254575
1520616898.216031075 26.359443959 5.988265482 -18.516842775 -0.258693019 0.711633151 -0.024236949 0.652739420
1520616898.266033173 26.418919383 5.991960830 -18.539238027 -0.269076784 0.703075765 -0.038383364 0.657121656
1520616898.316034079 26.479784137 5.999656485 -18.561986201 -0.280152407 0.693924727 -0.052162783 0.661258003
1520616898.366036177 26.540330950 6.010057487 -18.585053937 -0.289801507 0.682114175 -0.062694232 0.668434568
1520616898.416038275 26.603244617 6.020759475 -18.599792273 -0.297156673 0.669151019 -0.069127761 0.677610639
1520616898.466039181 26.660018875 6.027670509 -18.613971503 -0.303655451 0.656068150 -0.074822678 0.686854800
1520616898.516040325 26.703974581 6.042025605 -18.634790682 -0.308561178 0.642252037 -0.080550643 0.697003525
1520616898.564525127 26.765105461 6.044965499 -18.629555208 -0.312981470 0.632015764 -0.078080605 0.704629046
1520616898.614526987 26.823892423 6.056033966 -18.637828723 -0.314642407 0.621627340 -0.073895480 0.713525797
1520616898.664529085 26.891684278 6.072736480 -18.637366493 -0.311736877 0.616078051 -0.061272191 0.720772969
1520616898.714530230 26.956111001 6.090646104 -18.630995305 -0.307693607 0.611949325 -0.045967165 0.727138011
1520616898.764531136 27.006954198 6.116317278 -18.623658896 -0.302809340 0.605785035 -0.029850512 0.735146204
1520616898.814532995 27.053039763 6.149497022 -18.626674629 -0.295412707 0.596687322 -0.012425940 0.746016869
1520616898.864535093 27.104280004 6.174481088 -18.619998371 -0.287762104 0.585965539 0.006527769 0.757492407
1520616898.914535999 27.133979074 6.212934656 -18.607595761 -0.280543759 0.572974156 0.022864162 0.769722707
1520616898.963912010 27.187151604 6.249851763 -18.602268970 -0.271991884 0.560380601 0.041782682 0.781183848
1520616899.013913870 27.237791145 6.296749064 -18.573758548 -0.263911788 0.545569382 0.057366973 0.793355940
1520616899.063916206 27.288886267 6.310372467 -18.547296224 -0.257370353 0.526922177 0.081505558 0.805897242
1520616899.113917112 27.331205191 6.318535041 -18.499294197 -0.251999607 0.511283661 0.103526426 0.815087416
1520616899.163918972 27.380296948 6.348860778 -18.483958239 -0.247350049 0.494173782 0.117332537 0.825132294
1520616899.213921070 27.415816115 6.377500005 -18.468197078 -0.243924980 0.477649151 0.131683400 0.833673422
1520616899.264014006 27.450467809 6.392459544 -18.457962870 -0.242132916 0.460425442 0.145838983 0.841493348
1520616899.313922882 27.472250186 6.395021874 -18.430302520 -0.239784606 0.447464069 0.157436547 0.847049575
1520616899.363557816 27.514396043 6.418381881 -18.400428602 -0.232355722 0.434565042 0.159376588 0.855431555
1520616899.413559914 27.552843402 6.428127677 -18.373321994 -0.223916317 0.426327094 0.157298367 0.862185546
1520616899.463560820 27.589433801 6.443999187 -18.354241798 -0.212400904 0.415077729 0.158100835 0.870402471
1520616899.513562679 27.624426203 6.472092651 -18.327789286 -0.202556083 0.401901712 0.157323219 0.879030973
1520616899.563563824 27.664719710 6.530408915 -18.317483913 -0.194929079 0.388298810 0.152862573 0.887614625
1520616899.613565683 27.690432663 6.553503289 -18.317269500 -0.196523592 0.375267563 0.147678173 0.893724729
1520616899.663566828 27.731172897 6.597158374 -18.302633292 -0.201878349 0.367753574 0.137805315 0.897224685
1520616899.713568926 27.768260484 6.613675818 -18.286267504 -0.215281138 0.356647261 0.126036938 0.900317418
1520616899.763569832 27.802121437 6.642724121 -18.264424529 -0.224693715 0.345610320 0.111054567 0.904285975
1520616899.813286543 27.838101752 6.673958434 -18.238974628 -0.232073538 0.335522043 0.097652469 0.907761437
1520616899.863288403 27.873930422 6.716045387 -18.216066774 -0.234005185 0.325993132 0.079864847 0.912464606
1520616899.913289309 27.908893821 6.744240531 -18.188380810 -0.231208716 0.314855045 0.067394239 0.918077800
1520616899.963291407 27.940330404 6.772747251 -18.156767837 -0.222906123 0.301593151 0.060809225 0.925017119
1520616900.013292313 27.966546471 6.801165528 -18.117507977 -0.213338904 0.289682522 0.055189901 0.931410019
1520616900.063294411 27.995518507 6.842012051 -18.090128799 -0.204412658 0.273709691 0.049897857 0.938514078
1520616900.113295555 28.015642967 6.872706768 -18.049412770 -0.197221324 0.259122889 0.051083115 0.944113125
1520616900.163297415 28.036662229 6.909095841 -18.011178280 -0.190457187 0.240714613 0.054989511 0.950136142
1520616900.213426590 28.054145156 6.937966656 -17.966712135 -0.178178793 0.221457093 0.065475084 0.956515597
1520616900.263428450 28.061711937 6.952387187 -17.916537262 -0.167779370 0.206194125 0.078874063 0.960787671
1520616900.313429356 28.084986165 6.976043366 -17.893948913 -0.149319440 0.185035702 0.094038783 0.966758605
1520616900.363430500 28.097168336 7.001991990 -17.853156850 -0.131250640 0.164766550 0.110340467 0.971313664
1520616900.413432360 28.103646888 7.020008567 -17.809242197 -0.115452943 0.152266475 0.129209981 0.973031510
1520616900.463434219 28.107683483 7.037010332 -17.761135929 -0.103100665 0.146714433 0.143958029 0.973201528
1520616900.513435602 28.117915522 7.067023215 -17.719133925 -0.092062860 0.146247092 0.158239213 0.972160774
1520616900.563436270 28.128864172 7.113451465 -17.686697049 -0.078325110 0.147839016 0.173285234 0.970557072
1520616900.613787889 28.138765983 7.144373871 -17.646815647 -0.069802544 0.153791270 0.191100665 0.966931428
1520616900.663790226 28.147398128 7.167654028 -17.596112445 -0.070184096 0.163359369 0.205624585 0.962344242
1520616900.713796139 28.159859319 7.203566184 -17.547296642 -0.071815655 0.172249365 0.214016554 0.958837621
1520616900.763792992 28.170807332 7.224032940 -17.482489628 -0.080272063 0.188334551 0.219562981 0.953875563
1520616900.813795090 28.192670479 7.265235962 -17.438212783 -0.089226748 0.205625190 0.218651874 0.949709549
1520616900.863795996 28.212804357 7.288005078 -17.390381157 -0.102031015 0.226185949 0.226100177 0.941970434
1520616900.913883924 28.244756831 7.318315255 -17.357130799 -0.113322442 0.247054602 0.238846022 0.932241720
1520616900.963799238 28.273130283 7.349602492 -17.318866373 -0.122233084 0.265380395 0.251497696 0.922703218
1520616901.013764858 28.291577942 7.379345921 -17.278719047 -0.132104277 0.278278839 0.264888539 0.913752379
1520616901.063766956 28.312422306 7.406995831 -17.233780287 -0.139454191 0.290074801 0.279943165 0.904456169
1520616901.113769054 28.334755461 7.440953936 -17.178803158 -0.143961506 0.304472773 0.294538169 0.894325825
1520616901.163769960 28.362201747 7.476519454 -17.145861732 -0.143364654 0.314958302 0.308509854 0.886041486
1520616901.213771820 28.392028288 7.507349394 -17.109758845 -0.141223418 0.326250887 0.321446018 0.877660961
1520616901.263772964 28.419652399 7.532988791 -17.074021366 -0.138792740 0.338852767 0.330258337 0.869968280
1520616901.313774824 28.450382301 7.560094181 -17.030454904 -0.136799390 0.356855577 0.333188035 0.861931411
1520616901.363776207 28.483618048 7.592299898 -16.994292122 -0.140815415 0.378289653 0.327465405 0.854303439
1520616901.413644791 28.519561580 7.623161303 -16.954903030 -0.147926014 0.396531185 0.319035884 0.847995884
1520616901.463646889 28.556298705 7.661235248 -16.934725948 -0.154572457 0.409732602 0.305239185 0.845609597
1520616901.513648033 28.598432091 7.694476692 -16.927460702 -0.159725669 0.415804756 0.292416585 0.846219036
1520616901.563649893 28.637265300 7.732294504 -16.900564168 -0.163216617 0.424196269 0.276042435 0.846887499
1520616901.613650799 28.683601836 7.772011536 -16.886776009 -0.166208347 0.430237162 0.254178767 0.850096420
1520616901.663652897 28.720785000 7.800663364 -16.869970827 -0.169455609 0.432783956 0.232077542 0.854472269
1520616901.713653803 28.760565161 7.840598633 -16.849642914 -0.172744979 0.434601860 0.206985632 0.859323771
1520616901.763655663 28.793534450 7.857444681 -16.838252955 -0.180876395 0.435227215 0.183864063 0.862586232
1520616901.813576460 28.836871503 7.898593924 -16.820833978 -0.184632296 0.435714755 0.158713752 0.866529579
1520616901.863579512 28.874592514 7.934424206 -16.801708561 -0.188227271 0.432439571 0.137936834 0.870941985
1520616901.913580656 28.915864974 7.971476970 -16.787962037 -0.194756570 0.429025256 0.118353932 0.874070681
1520616901.963581562 28.954462111 7.998155491 -16.773309841 -0.207280206 0.427162336 0.105864586 0.873704724
1520616902.013583422 28.993941181 8.023061932 -16.753842834 -0.223156969 0.432678248 0.098898451 0.867876487
1520616902.063585520 29.032358230 8.054332609 -16.738066018 -0.239369887 0.442304182 0.092840372 0.859330980
1520616902.113586426 29.067948215 8.081993277 -16.720832731 -0.248594863 0.452460864 0.094378817 0.851218186
1520616902.163588762 29.109186626 8.112896305 -16.704628253 -0.248857038 0.464064344 0.098737660 0.844372745
1520616902.213590622 29.152477085 8.140495710 -16.702870216 -0.242207047 0.476009841 0.100273656 0.839461477
1520616902.263770580 29.194484280 8.168806816 -16.683296345 -0.230999590 0.489310286 0.102893128 0.834642221
1520616902.313771248 29.244634303 8.186771985 -16.668527197 -0.218010808 0.503410967 0.103824643 0.829619870
1520616902.363774538 29.290751436 8.206475144 -16.649001618 -0.205317601 0.519191896 0.098433210 0.823768997
1520616902.413774490 29.336188916 8.224238664 -16.633635785 -0.193917192 0.534315918 0.094988856 0.817239096
1520616902.463776350 29.378357800 8.238139736 -16.619622520 -0.187717775 0.546425644 0.095583502 0.810583029
1520616902.513777494 29.420706446 8.251740236 -16.607126067 -0.184494579 0.557136227 0.097533861 0.803771187
1520616902.563861370 29.458889043 8.264209334 -16.602625917 -0.183163127 0.565745914 0.097838508 0.798004045
1520616902.613780499 29.496473040 8.269681039 -16.594256827 -0.181714699 0.576707694 0.095459531 0.790743626
1520616902.664466858 29.538232731 8.277142877 -16.592818390 -0.174130202 0.592292873 0.086533292 0.781907805
1520616902.714468718 29.578081743 8.280619503 -16.593450054 -0.165588118 0.610205817 0.074183662 0.771184946
1520616902.764469862 29.618268953 8.278948085 -16.595708160 -0.154909764 0.631949742 0.062201779 0.756817962
1520616902.814471722 29.654717850 8.281571743 -16.606190202 -0.139734004 0.654910115 0.047741487 0.741139595
1520616902.864472628 29.687931486 8.280782656 -16.622966398 -0.122799452 0.682846217 0.027675567 0.719635603
1520616902.914474964 29.722805666 8.275637179 -16.639805001 -0.106725968 0.714149575 0.005558585 0.691786856
1520616902.964475632 29.748201193 8.265561093 -16.664805837 -0.092649118 0.742393823 -0.016998814 0.663308822
1520616903.014477730 29.769403676 8.252540618 -16.691135472 -0.080607251 0.769484657 -0.036687007 0.632494978
1520616903.064349890 29.780327420 8.237344506 -16.716836068 -0.072058754 0.792751459 -0.049441273 0.603248059
1520616903.114351034 29.788269256 8.223144153 -16.744844872 -0.064240556 0.814479576 -0.064068499 0.573054447
1520616903.164352894 29.787792058 8.203993702 -16.776560725 -0.057551227 0.834185134 -0.082073955 0.542297782
1520616903.214353800 29.786112553 8.176093034 -16.808334111 -0.055235623 0.852885462 -0.103723045 0.508701233
1520616903.264355898 29.776155406 8.151297152 -16.843221368 -0.054291245 0.868782615 -0.129351010 0.474907933
1520616903.314356804 29.758874802 8.126769919 -16.880287338 -0.053327535 0.882380706 -0.155878476 0.440752044
1520616903.364358664 29.725950061 8.095189726 -16.922849438 -0.051363286 0.893072066 -0.179492712 0.409348830
1520616903.414359808 29.697371236 8.071488416 -16.964141255 -0.054963615 0.903074354 -0.202977174 0.374480945
1520616903.463482141 29.665221655 8.046233870 -17.000319509 -0.059312013 0.911352039 -0.222087746 0.341462412
1520616903.513484478 29.621479745 8.020196061 -17.039788173 -0.062992192 0.918336508 -0.235628923 0.311719508
1520616903.563485384 29.581795740 7.995780702 -17.077018021 -0.066678644 0.925814319 -0.244402695 0.280515826
1520616903.613487244 29.546400624 7.971452963 -17.110267644 -0.068919559 0.933036106 -0.248560042 0.250821899
1520616903.663488388 29.502531605 7.954798789 -17.144153962 -0.067445000 0.938256765 -0.251667950 0.227571213
1520616903.713491201 29.464408284 7.937097411 -17.180143462 -0.067455873 0.942782459 -0.251781464 0.207887074
1520616903.763492107 29.422139874 7.921337079 -17.214457534 -0.066769760 0.946764952 -0.252694414 0.187945358
1520616903.813493252 29.377761535 7.905757577 -17.246577996 -0.067278290 0.950642399 -0.253156405 0.166326475
1520616903.863390446 29.332911615 7.891100335 -17.280340940 -0.067251427 0.955050873 -0.251225814 0.142269692
1520616903.913391352 29.291221912 7.878716074 -17.319436592 -0.068619436 0.959750191 -0.245767713 0.117342133
1520616903.963393688 29.250229245 7.875802777 -17.364206401 -0.071354635 0.963358343 -0.243192821 0.087786512
1520616904.013394594 29.201362464 7.873738654 -17.411586210 -0.071435378 0.965235753 -0.244604327 0.058186357
1520616904.063396454 29.157612340 7.861877302 -17.457632406 -0.076666009 0.966218419 -0.244743477 0.025395267
1520616904.113399744 29.114429052 7.848748590 -17.503150138 -0.082659292 0.966486175 -0.243009973 -0.004250650
1520616904.163399458 29.068866171 7.830845139 -17.549291835 -0.090701077 0.966786793 -0.236802389 -0.031956860
1520616904.213477373 29.019395029 7.814185052 -17.592033828 -0.103435366 0.965378317 -0.232072264 -0.059061789
1520616904.263402700 28.982279261 7.802577109 -17.638439719 -0.115158323 0.962097020 -0.229988108 -0.090627563
1520616904.313627720 28.938412076 7.780615983 -17.677924360 -0.125340019 0.958806131 -0.225608269 -0.118665885
1520616904.363628626 28.895638759 7.758716010 -17.716295731 -0.134474181 0.953587822 -0.224901586 -0.148344996
1520616904.413630486 28.847776560 7.732844349 -17.751361197 -0.143159420 0.948220377 -0.222280711 -0.175996544
1520616904.463631630 28.799989630 7.707582051 -17.788127744 -0.153146365 0.942521578 -0.221446904 -0.197890210
1520616904.513633728 28.753362625 7.682422665 -17.827315688 -0.163761949 0.936367136 -0.222832172 -0.216204609
1520616904.563634634 28.710290494 7.654840696 -17.868333318 -0.173350552 0.930643545 -0.226190668 -0.229542936
1520616904.613636732 28.675342597 7.635302671 -17.914442784 -0.185112080 0.924001763 -0.234427825 -0.238742234
1520616904.663638592 28.641634542 7.612945964 -17.963061008 -0.197226468 0.919347097 -0.243486249 -0.237943444
1520616904.713527918 28.611766743 7.586467078 -18.013559204 -0.206624444 0.917224799 -0.251231815 -0.229973002
1520616904.763529778 28.602502760 7.564416949 -18.066595462 -0.211954295 0.918613982 -0.256027914 -0.213713442
1520616904.813531637 28.593372929 7.545468921 -18.118904457 -0.215573680 0.922744406 -0.259279738 -0.186667531
1520616904.863532782 28.584751438 7.527943547 -18.175614229 -0.218198297 0.927866095 -0.259438020 -0.155389596
1520616904.913533688 28.582090313 7.508850587 -18.230188818 -0.222249319 0.933552843 -0.253401321 -0.121951220
1520616904.963535786 28.585330938 7.507646709 -18.286376784 -0.220210151 0.940232261 -0.245222262 -0.085655283
1520616905.013536930 28.595181256 7.506219800 -18.343022254 -0.209815150 0.948983538 -0.230836557 -0.046068776
1520616905.063538790 28.613144707 7.520279686 -18.408903645 -0.191758793 0.957871709 -0.213735505 -0.005242882
1520616905.113356352 28.625682610 7.527738262 -18.469862575 -0.175171737 0.963885159 -0.198496970 0.028969223
1520616905.163357496 28.632902143 7.533497663 -18.527280381 -0.159010022 0.968057494 -0.185523520 0.056227437
1520616905.213359356 28.641610301 7.539278846 -18.585856412 -0.141318579 0.971316252 -0.174750987 0.077690993
1520616905.263360500 28.644054702 7.539697774 -18.645895777 -0.125260736 0.973521453 -0.167660480 0.091954835
1520616905.313362598 28.646271519 7.535495657 -18.706283573 -0.111092096 0.974897335 -0.163333635 0.102741702
1520616905.363363504 28.648255555 7.523349670 -18.764915850 -0.093323043 0.975888605 -0.163835164 0.109955804
1520616905.413365602 28.644159290 7.501990150 -18.820807423 -0.071577352 0.977358883 -0.165867085 0.110156283
1520616905.463367462 28.638490278 7.475511319 -18.880137992 -0.052703105 0.979259979 -0.166578340 0.102586218
1520616905.513424635 28.629889017 7.448190418 -18.938615545 -0.031503304 0.980808021 -0.168327947 0.093214113
1520616905.563426971 28.615388495 7.419474036 -18.999009591 -0.003451513 0.980848058 -0.176290274 0.082746073
1520616905.613427877 28.590384215 7.386272548 -19.063553766 0.021213418 0.979214920 -0.188295223 0.072339758
1520616905.663429976 28.569746653 7.349690309 -19.122352793 0.038670653 0.977095068 -0.203088120 0.050448238
1520616905.713430882 28.538975809 7.312930283 -19.189901740 0.052663893 0.974563462 -0.215839850 0.029423316
1520616905.763432741 28.517202503 7.274567729 -19.259264889 0.067901278 0.972627948 -0.222021745 0.009520250
1520616905.813435078 28.484155838 7.235834004 -19.321557047 0.088526869 0.970186347 -0.225558284 -0.004990562
1520616905.863502026 28.461070578 7.202317170 -19.381388758 0.098070763 0.968194577 -0.228734388 -0.025728706
1520616905.913759470 28.411111542 7.177553414 -19.438945103 0.096287356 0.965490101 -0.236462161 -0.051412604
1520616905.963760376 28.356933686 7.150128434 -19.495706114 0.092140551 0.960938704 -0.248474706 -0.079795024
1520616906.013762712 28.325169087 7.106827518 -19.547993230 0.082142373 0.955852308 -0.257109739 -0.116161859
1520616906.063763618 28.276763173 7.074727780 -19.601304103 0.078131788 0.950435100 -0.265552255 -0.141599942
1520616906.113765478 28.230353133 7.053083720 -19.652338594 0.072946795 0.944754067 -0.271004120 -0.169337786
1520616906.163766623 28.185852133 7.030082802 -19.703652913 0.064666620 0.939557627 -0.268874297 -0.201881912
1520616906.213768482 28.140880364 6.998786393 -19.714332709 0.047936963 0.936688604 -0.259771823 -0.229858883
1520616906.263770580 28.100162007 6.983331252 -19.764459267 0.041865699 0.931662302 -0.255648472 -0.254747867
1520616906.314519644 28.044129041 6.967147082 -19.826324060 0.036666593 0.928798888 -0.251109121 -0.270059984
1520616906.364521503 27.993688248 6.948101830 -19.874224620 0.028620960 0.927079354 -0.245268327 -0.282042835
1520616906.414522648 27.950559102 6.935708607 -19.963217013 0.022250780 0.921900257 -0.247439147 -0.297285533
1520616906.464524746 27.900310753 6.911359079 -20.007744057 0.006102739 0.919003830 -0.241112763 -0.311864316
1520616906.514525652 27.853681187 6.885806786 -20.052030905 -0.007318082 0.914571808 -0.235292480 -0.328849968
1520616906.564527750 27.815855231 6.848875736 -20.071173818 -0.015183933 0.910092167 -0.225459206 -0.347375651
1520616906.614529610 27.764181019 6.835004060 -20.110125723 -0.017983715 0.903193796 -0.225141116 -0.365005520
1520616906.664530516 27.717741078 6.813325474 -20.136122995 -0.015625775 0.895604687 -0.222991961 -0.384607157
1520616906.714532614 27.673639730 6.770142017 -20.138869283 -0.010496654 0.888258840 -0.218628347 -0.403841182
1520616906.764706612 27.631863505 6.731948103 -20.166503509 -0.004008171 0.876614408 -0.222493767 -0.426646972
1520616906.814708471 27.584838762 6.705372621 -20.201272398 0.000816622 0.863303053 -0.234225011 -0.447041180
1520616906.864710808 27.537477489 6.677018757 -20.233568799 0.008202488 0.849410320 -0.250825444 -0.464242851
1520616906.914711714 27.485626698 6.646043610 -20.264472362 0.017071054 0.835800776 -0.265090920 -0.480491879
1520616906.964713573 27.437101890 6.613428834 -20.304659031 0.023275696 0.820600743 -0.276004612 -0.499894106
1520616907.014715672 27.393584366 6.575936722 -20.340622849 0.025175916 0.805737380 -0.281872834 -0.520289490
1520616907.064716578 27.337631077 6.544926809 -20.379382241 0.024733425 0.790429306 -0.289315737 -0.539357187
1520616907.114718676 27.295410686 6.496346665 -20.405243376 0.024539244 0.777596908 -0.290268243 -0.557212008
1520616907.165342569 27.240604926 6.474738830 -20.440698458 0.030615754 0.766618172 -0.305542229 -0.563917724
1520616907.215344429 27.191774743 6.447270264 -20.462145813 0.030992467 0.755090749 -0.315687272 -0.573776066
1520616907.265345573 27.142285222 6.416540277 -20.478990253 0.027267663 0.740666021 -0.317349213 -0.591574000
1520616907.315347433 27.085772889 6.388780680 -20.490056496 0.026648607 0.725390370 -0.323508547 -0.606993314
1520616907.365348339 27.032654638 6.363879819 -20.506490983 0.028080511 0.709412189 -0.331777592 -0.621183918
1520616907.415350676 26.981801847 6.347240964 -20.517766506 0.033252170 0.692869390 -0.343665162 -0.633024927
1520616907.465351582 26.921513220 6.330088176 -20.534300172 0.037950648 0.674205162 -0.354808497 -0.646620506
1520616907.515402555 26.861428759 6.310254854 -20.521014000 -0.041185096 -0.654545971 0.361380184 0.662780297
1520616907.566856146 26.799275768 6.294063672 -20.521268744 -0.045193789 -0.631754715 0.365546237 0.682069974
1520616907.616858006 26.737166178 6.273059147 -20.508100892 -0.054420848 -0.611565128 0.371000525 0.696695827
1520616907.666859150 26.676778901 6.253509420 -20.501942191 -0.057663423 -0.585756432 0.375157750 0.716115210
1520616907.716861010 26.620162544 6.234736159 -20.482799023 -0.058157147 -0.553736756 0.375600472 0.740889761
1520616907.766861916 26.567814926 6.231426284 -20.464003918 -0.056895768 -0.522192832 0.373997411 0.764332031
1520616907.816864014 26.511825134 6.220323169 -20.438646499 -0.057247143 -0.492460471 0.373831269 0.783872204
1520616907.866866112 26.462887410 6.216152279 -20.405621692 -0.060776763 -0.466796517 0.371103435 0.800430783
1520616907.916867018 26.415130180 6.214782821 -20.385323628 -0.065430336 -0.444189311 0.371124386 0.812823116
1520616907.966459274 26.361156326 6.218816971 -20.383173020 -0.068172007 -0.424558089 0.373293786 0.822043038
1520616908.016460180 26.311949506 6.213721619 -20.357603131 -0.070711961 -0.411343359 0.375774061 0.827399731
1520616908.066462278 26.261041188 6.209884312 -20.328644154 -0.073688905 -0.401645055 0.377547630 0.831089033
1520616908.116463184 26.207672927 6.207052514 -20.297399198 -0.076297156 -0.392891751 0.376517330 0.835493576
1520616908.166465044 26.159788733 6.202711036 -20.261723681 -0.077341013 -0.384191308 0.364253796 0.844828135
1520616908.216466188 26.107624097 6.201557950 -20.229782781 -0.072510767 -0.377847532 0.349459675 0.854313389
1520616908.266468287 26.064037307 6.188662548 -20.206337269 -0.067662041 -0.369339176 0.339599896 0.862370183
1520616908.316470146 26.017696645 6.184318188 -20.172014722 -0.059358723 -0.365329049 0.332367039 0.867492582
1520616908.365616322 25.977982305 6.185769664 -20.143369473 -0.055207489 -0.365412677 0.327255518 0.869672084
1520616908.415618181 25.930542614 6.184475559 -20.123742112 -0.055283626 -0.365566331 0.323655113 0.870949106
1520616908.465620041 25.886728464 6.184802723 -20.098408216 -0.061798235 -0.370121614 0.317452337 0.870870245
1520616908.515621185 25.841834795 6.187848277 -20.070976199 -0.066932080 -0.375087290 0.307020722 0.872105440
1520616908.565623045 25.805268062 6.190747797 -20.036650486 -0.068599715 -0.378308160 0.291235636 0.875990194
1520616908.615623951 25.767492787 6.190844560 -20.002129055 -0.069459926 -0.376326136 0.271586912 0.883059741
1520616908.665626287 25.728665414 6.184585338 -19.973840761 -0.070979392 -0.374713220 0.260483846 0.886961158
1520616908.715627193 25.698293654 6.173397982 -19.936692169 -0.070882836 -0.378530283 0.253634663 0.887333030
1520616908.765069246 25.664558954 6.152340504 -19.908492073 -0.071322641 -0.370086898 0.246232897 0.892926721
1520616908.815071106 25.629190154 6.135784318 -19.871458812 -0.069222739 -0.358098673 0.238381606 0.900082087
1520616908.865072250 25.591779585 6.120884082 -19.837575546 -0.069085677 -0.345810220 0.230745759 0.906862093
1520616908.915073156 25.548538629 6.111326418 -19.804210317 -0.069186116 -0.334557504 0.223203860 0.912942821
1520616908.965075016 25.503931768 6.100780213 -19.767377418 -0.066813913 -0.327811523 0.220416023 0.916238115
1520616909.015076160 25.453056926 6.089578752 -19.731263895 -0.061968325 -0.323536229 0.221312758 0.917880656
1520616909.065078020 25.406053801 6.079629488 -19.688971734 -0.053313699 -0.322199496 0.217127880 0.919891634
1520616909.115080118 25.351453466 6.066783960 -19.651385823 -0.043102182 -0.322476712 0.213215276 0.921243843
1520616909.165117025 25.295290340 6.046064976 -19.612323551 -0.035994231 -0.328108673 0.209312268 0.920455044
1520616909.214703083 25.237003746 6.024104251 -19.575669922 -0.028446280 -0.337282752 0.207248107 0.917866753
1520616909.264703989 25.170327053 6.000753109 -19.549850101 -0.020439171 -0.343417814 0.211452707 0.914841078
1520616909.314706326 25.105539639 5.978700459 -19.524329707 -0.014442592 -0.353581383 0.221342898 0.908723797
1520616909.364707232 25.043058451 5.963200551 -19.494646984 -0.009451764 -0.365142598 0.232404134 0.901426573
1520616909.414709091 24.979442802 5.949145947 -19.468238106 -0.007263211 -0.373923200 0.239130864 0.896072048
1520616909.464711189 24.909270330 5.937505879 -19.447015526 -0.006352597 -0.380416966 0.247575970 0.891037999
1520616909.514712095 24.838498068 5.933425721 -19.425085851 -0.002335410 -0.384364521 0.257899119 0.886423435
1520616909.564714193 24.758291154 5.928645272 -19.412481121 0.001426379 -0.383770183 0.269410120 0.883253417
1520616909.614852428 24.689767420 5.933730978 -19.391651081 0.004082234 -0.386690450 0.273008648 0.880863275
1520616909.664854288 24.619968675 5.937920208 -19.372257782 0.003746362 -0.390177774 0.271639493 0.879749541
1520616909.714855433 24.559376840 5.948391856 -19.348740847 -0.002352161 -0.400389986 0.268620839 0.876085139
1520616909.764857531 24.494079990 5.959580873 -19.333438176 -0.017193551 -0.412801262 0.273431594 0.868639547
1520616909.814858437 24.431415434 5.959054630 -19.320252995 -0.035869719 -0.422720685 0.271670995 0.863837633
1520616909.864860535 24.405308702 5.980623125 -19.291955750 -0.049543988 -0.435406984 0.266344613 0.858502591
1520616909.914862394 24.401513130 5.992166169 -19.272029896 -0.060532364 -0.445184895 0.269645261 0.851726291
1520616909.964863300 24.339417601 5.967915285 -19.255673708 -0.072022008 -0.447073416 0.273633523 0.848565193
1520616910.017195702 24.338559318 5.968670410 -19.265249508 -0.072022008 -0.447073416 0.273633523 0.848565193
1520616910.067196846 24.282981442 5.959770159 -19.248132215 -0.082749564 -0.459947704 0.280542564 0.838389223
1520616910.117198706 24.233102702 5.941028437 -19.227988105 -0.090975860 -0.477509965 0.279179787 0.828110061
1520616910.167200565 24.184885594 5.917280384 -19.192863732 -0.092498568 -0.494044036 0.283336603 0.816752640
1520616910.217202902 24.144979970 5.896757810 -19.169781941 -0.085442477 -0.509833618 0.289159508 0.805702206
1520616910.267203569 24.111020388 5.890395466 -19.088198454 -0.072792285 -0.522665540 0.295139524 0.796501524
1520616910.317204475 24.086407414 5.868372085 -19.013282383 -0.059890901 -0.533709533 0.301818812 0.787700844
1520616910.367206812 24.043172628 5.865514916 -18.943943336 -0.046851771 -0.544818062 0.313734429 0.776240233
1520616910.419890881 24.006131963 5.854874381 -18.882312985 -0.035081599 -0.551407470 0.319830619 0.769693094
1520616910.469892979 23.974102081 5.834221782 -18.836271401 -0.030172908 -0.551219418 0.326675652 0.767156938
1520616910.519893885 23.937805518 5.837028680 -18.769487118 -0.025585670 -0.549644048 0.328426394 0.767706258
1520616910.569894791 23.902518951 5.835029666 -18.707983433 -0.025071709 -0.542371725 0.325049815 0.774304164
1520616910.619896889 23.853400995 5.841438390 -18.659086222 -0.020254840 -0.531190716 0.323336531 0.782866306
1520616910.669899940 23.813426647 5.848760503 -18.594197316 -0.016145463 -0.524535374 0.322049735 0.787963155
1520616910.719899654 23.766021091 5.857453602 -18.543008443 -0.012181082 -0.513799656 0.317481647 0.796910872
1520616910.769900799 23.724311388 5.865448784 -18.472982576 -0.013102359 -0.498168186 0.308348860 0.810294864
1520616910.821620464 23.674538007 5.881720274 -18.400143751 -0.017546466 -0.476793571 0.294707735 0.827953721
1520616910.871600389 23.634437954 5.907949432 -18.324348480 -0.025724639 -0.459801488 0.279424029 0.842521837
1520616910.921602726 23.592995185 5.932007894 -18.264068916 -0.036134070 -0.444549043 0.264941195 0.854913236
1520616910.971603632 23.553883524 5.951062878 -18.201681820 -0.048888608 -0.429063309 0.258581308 0.864089283
1520616911.021605492 23.501180118 5.970423190 -18.150508883 -0.061035347 -0.416435256 0.253747681 0.870900958
1520616911.071607590 23.460450480 5.996746149 -18.088748181 -0.065373890 -0.404388515 0.250094284 0.877296434
1520616911.121608496 23.424219452 6.016986773 -18.029528450 -0.070008012 -0.393976259 0.249753905 0.881762197
1520616911.171610355 23.385662752 6.033776142 -17.983644118 -0.072583919 -0.381504428 0.245899794 0.888098664
1520616911.221611500 23.349942152 6.052707742 -17.930764782 -0.070211711 -0.369368531 0.239713548 0.895083582
1520616911.272410393 23.312249280 6.055426362 -17.877306521 -0.066505066 -0.356846785 0.239216009 0.900562685
1520616911.322411537 23.280444287 6.056502810 -17.826964221 -0.061391220 -0.347643197 0.236769309 0.905160549
1520616911.372413635 23.251588289 6.042851111 -17.772522740 -0.055537382 -0.341894680 0.229284694 0.909643972
1520616911.422414541 23.222105315 6.026938732 -17.724991673 -0.051250990 -0.335923036 0.221093714 0.914137090
1520616911.472416639 23.194031634 6.014164130 -17.685683102 -0.046732525 -0.332694655 0.212709577 0.917542900
1520616911.522418499 23.160671310 6.003216783 -17.629028150 -0.042193271 -0.331939672 0.202807074 0.920274455
1520616911.572419405 23.128063613 5.992837174 -17.578820808 -0.038096447 -0.331874651 0.196688948 0.921803306
1520616911.622421503 23.093097480 5.970960937 -17.527856150 -0.035039137 -0.330573658 0.189522252 0.923891028
1520616911.671751499 23.050795259 5.963211538 -17.481339812 -0.026392902 -0.326450873 0.182945756 0.926964990
1520616911.721753597 22.999909798 5.937544419 -17.431672936 -0.008888326 -0.324648528 0.175486486 0.929370122
1520616911.771755695 22.956164163 5.925287277 -17.395899936 0.012607500 -0.320329948 0.173443842 0.931207286
1520616911.821756601 22.898508745 5.894192476 -17.357543605 0.029702155 -0.317601787 0.174856468 0.931489185
1520616911.871758699 22.836645947 5.863236623 -17.329240898 0.032604048 -0.321234529 0.182994569 0.928578667
1520616911.921760559 22.764389692 5.835312802 -17.308334129 0.026355086 -0.322242308 0.192516186 0.926500309
1520616911.971761465 22.698487648 5.812966037 -17.290987247 0.013048682 -0.325862507 0.200808167 0.923752910
1520616912.021763563 22.621266410 5.790235603 -17.274902093 -0.001305494 -0.333609129 0.205540557 0.920030610
1520616912.070742369 22.549966748 5.771877788 -17.258936399 -0.010693615 -0.342558479 0.210473783 0.915554543
1520616912.120743275 22.485942863 5.764482733 -17.233500813 -0.013963891 -0.355503566 0.220606598 0.908160202
1520616912.170745134 22.431425483 5.763314831 -17.213952745 -0.012356512 -0.368222970 0.231899330 0.900267661
1520616912.220748425 22.356467746 5.762904819 -17.196125099 -0.007281984 -0.379449097 0.246052014 0.891865327
1520616912.270748138 22.275100801 5.764748670 -17.184010864 -0.001747108 -0.387520729 0.257254317 0.885237171
1520616912.320750237 22.210616469 5.769539192 -17.161740759 0.005483655 -0.396073719 0.259738268 0.880699478
1520616912.370751381 22.143406786 5.767944928 -17.154469310 0.011116351 -0.406804289 0.264719573 0.874248389
1520616912.420753241 22.080836314 5.766769556 -17.142766513 0.013262802 -0.420944160 0.272776248 0.864998977
1520616912.468755722 22.013235605 5.747424837 -17.144779635 0.007254754 -0.434328382 0.277989949 0.856754232
1520616912.518751860 21.944414308 5.734111336 -17.141936425 0.001695053 -0.453179772 0.278910087 0.846660726
1520616912.568752766 21.872449927 5.729235001 -17.142554906 -0.004444443 -0.468218420 0.274391341 0.839917347
1520616912.618754864 21.816387448 5.718401012 -17.140996689 -0.013418312 -0.483295053 0.268348198 0.833207708
1520616912.668756723 21.756340543 5.708585489 -17.130080492 -0.024864555 -0.498785630 0.265690266 0.824623145
1520616912.718757629 21.705483351 5.693911524 -17.116896434 -0.035982949 -0.516047799 0.263397245 0.814261498
1520616912.768759966 21.641123110 5.681742192 -17.102562719 -0.036291264 -0.530188886 0.255851678 0.807541087
1520616912.818760872 21.601701301 5.675828946 -17.077369059 -0.029739030 -0.545566901 0.250942999 0.799061924
1520616912.868078470 21.557041181 5.659109731 -17.052582022 -0.023862596 -0.557581360 0.253772800 0.790020867
1520616912.918079376 21.505376860 5.627789455 -17.020897066 -0.019272317 -0.563889628 0.258199834 0.784212925
1520616912.968081236 21.452719287 5.593218685 -16.991227538 -0.014221941 -0.564366708 0.260008546 0.783379545
1520616913.018082380 21.408395388 5.572139514 -16.958387338 -0.008210771 -0.562742966 0.262604606 0.783767669
1520616913.068084240 21.373791713 5.539426745 -16.916478603 -0.005143532 -0.558558543 0.267060842 0.785279826
1520616913.118086576 21.341186809 5.512196810 -16.875894429 -0.003147381 -0.555161484 0.274414586 0.785163968
1520616913.168087482 21.295840436 5.491044086 -16.837040939 0.001222222 -0.550745607 0.285470929 0.784336746
1520616913.218089342 21.255645005 5.460266792 -16.792490721 0.007692806 -0.547994676 0.297100229 0.781904156
1520616913.267685413 21.201969134 5.440571252 -16.738665660 0.019055552 -0.544358220 0.305047090 0.781189661
1520616913.317687750 21.168093061 5.433460904 -16.685966364 0.034680582 -0.541157801 0.308264850 0.781612611
1520616913.367688656 21.122334861 5.418780926 -16.632477355 0.051028252 -0.534617180 0.306458881 0.785915735
1520616913.417690516 21.085243856 5.413047788 -16.581816634 0.067525171 -0.527110635 0.305170994 0.790231228
1520616913.467692614 21.046698964 5.409114212 -16.521945348 0.083028483 -0.514010425 0.301716013 0.798665764
1520616913.517694473 21.007474542 5.398938122 -16.457749147 0.092617759 -0.497095138 0.297657845 0.809764276
1520616913.567696571 20.967908565 5.396951319 -16.399736462 0.094418628 -0.477826060 0.291194550 0.823391227
1520616913.617697716 20.927480005 5.408416432 -16.353200227 0.092768912 -0.460719115 0.279145593 0.837382567
1520616913.667699575 20.887334314 5.419733819 -16.304308644 0.081702830 -0.447658991 0.269374633 0.848742235
1520616913.716314554 20.843553252 5.431595843 -16.251757977 0.068612109 -0.436390543 0.262657058 0.857826872
1520616913.766316414 20.797581326 5.446867068 -16.197523655 0.060402325 -0.421578582 0.258735360 0.866994274
1520616913.816317558 20.746457357 5.464733867 -16.139917334 0.058176819 -0.403645646 0.257629326 0.875963915
1520616913.866318464 20.698628483 5.467361184 -16.087364483 0.055666118 -0.382684291 0.256836689 0.885713798
1520616913.916320562 20.658342869 5.468570195 -16.035285714 0.056061284 -0.364548857 0.256052045 0.893531540
1520616913.966321468 20.611584862 5.470613256 -15.993097226 0.055995704 -0.349372660 0.259734092 0.898521801
1520616914.016323328 20.561772145 5.476403351 -15.949961291 0.050034465 -0.338971732 0.268831487 0.900180176
1520616914.066324472 20.512684007 5.479815336 -15.908551686 0.042282363 -0.330069099 0.278035749 0.901089737
1520616914.114924908 20.462148066 5.484612851 -15.870126437 0.037273047 -0.316287321 0.279058154 0.905924720
1520616914.164926052 20.410441575 5.495336469 -15.836304531 0.028001658 -0.302439426 0.274160820 0.912459394
1520616914.214927912 20.343829091 5.501488960 -15.811232686 0.016349013 -0.297300961 0.276825240 0.913626092
1520616914.264930248 20.278602513 5.509230375 -15.787036327 0.004232650 -0.296991323 0.281384773 0.912469642
1520616914.314931154 20.209404706 5.523825253 -15.759346387 -0.005311597 -0.299733906 0.286273148 0.910043437
1520616914.364933014 20.144865524 5.529247153 -15.729224821 -0.018939966 -0.308554802 0.285925316 0.907018151
1520616914.414934158 20.071825104 5.523857372 -15.715094223 -0.031623867 -0.317686592 0.281504445 0.904892484
1520616914.464936018 20.005067270 5.514019604 -15.692040626 -0.035853763 -0.332771782 0.275514867 0.901148715
1520616914.514795303 19.949670662 5.496186193 -15.669758316 -0.037649655 -0.350087079 0.265263726 0.897583810
1520616914.564797640 19.879023824 5.466718419 -15.660876462 -0.038884865 -0.360790654 0.263269356 0.893872092
1520616914.614799500 19.821849928 5.443566312 -15.643869876 -0.037026583 -0.378779445 0.264962174 0.885974159
1520616914.664800406 19.761454040 5.413928384 -15.634181062 -0.034534650 -0.397218584 0.267072468 0.877323801
1520616914.714802504 19.699671982 5.383278768 -15.628550782 -0.033439188 -0.416105354 0.265050708 0.869187136
1520616914.764803410 19.638608281 5.359936329 -15.620209217 -0.028952563 -0.439031813 0.258284472 0.860059270
1520616914.814805508 19.571542233 5.330014287 -15.615003420 -0.026227714 -0.462715541 0.253015856 0.849228716
1520616914.864806414 19.513631956 5.298639131 -15.609980069 -0.023342617 -0.488667666 0.248646046 0.835963024
1520616914.916097403 19.447944804 5.260406524 -15.595657781 -0.012397101 -0.512366592 0.244584161 0.823107147
1520616914.966098309 19.389888938 5.219656641 -15.577456943 0.005216667 -0.531468968 0.239562362 0.812479782
1520616915.016100407 19.334552966 5.169424976 -15.555865826 0.021869350 -0.550841291 0.239525052 0.799201697
1520616915.066102266 19.284846916 5.115933662 -15.531560693 0.039554986 -0.564902649 0.240824208 0.788241144
1520616915.116103172 19.242604661 5.065233084 -15.499962769 0.053057968 -0.581224302 0.241537852 0.775256492
1520616915.166105509 19.202910860 5.012258621 -15.469191358 0.058962419 -0.592355028 0.238007006 0.767457894
1520616915.216107368 19.160382801 4.971295712 -15.436050939 0.059643125 -0.602142250 0.245249149 0.757443241
1520616915.266108513 19.121545953 4.933579897 -15.398977990 0.055591198 -0.612375457 0.256444664 0.745749323
1520616915.317067146 19.079466597 4.898554339 -15.358404731 0.053617956 -0.623470437 0.267964720 0.732533029
1520616915.367069006 19.038586222 4.868111816 -15.317881409 0.056375877 -0.634955396 0.279399627 0.718045440
1520616915.417069912 18.994608098 4.837382764 -15.274687212 0.067853478 -0.643333554 0.290182303 0.705203570
1520616915.467071056 18.952570554 4.800982914 -15.229346304 0.085859444 -0.648820644 0.296543669 0.695501101
1520616915.517072916 18.918384801 4.774843829 -15.173995061 0.107868268 -0.651457979 0.301068745 0.687985864
1520616915.567075014 18.883699418 4.753595755 -15.114793305 0.127040041 -0.649930834 0.305812616 0.684053640
1520616915.617076159 18.848528354 4.730281673 -15.060428998 0.137740994 -0.648429523 0.307908353 0.682465398
1520616915.667078972 18.817158942 4.726417663 -15.010522963 0.141891480 -0.648490951 0.302614668 0.683922991
1520616915.717643499 18.780122767 4.715109782 -14.964359213 0.134722329 -0.648952117 0.291876122 0.689579128
1520616915.767645597 18.737491306 4.719550788 -14.906553853 0.123467563 -0.648953846 0.278517645 0.697167547
1520616915.817646742 18.697174826 4.729760797 -14.856865047 0.109959144 -0.644429844 0.266294554 0.708312342
1520616915.867648602 18.662525722 4.740745675 -14.830499275 0.098028658 -0.634420848 0.256811908 0.722459835
1520616915.917649508 18.618924680 4.756156730 -14.781746510 0.090581102 -0.622205983 0.249906838 0.736343229
1520616915.967651606 18.572377382 4.764207020 -14.728342953 0.085272287 -0.606473951 0.251212643 0.749539987
1520616916.017652512 18.530406545 4.766750043 -14.684225008 0.075213407 -0.590661063 0.253876996 0.762239413
1520616916.067654610 18.485807327 4.779615663 -14.639041039 0.063751512 -0.573105374 0.253011636 0.776834015
1520616916.117655754 18.442836087 4.785603770 -14.600463585 0.039906376 -0.556552489 0.252086781 0.790638389
1520616916.167499304 18.393491630 4.806479109 -14.546325499 0.010165820 -0.537635849 0.249493961 0.805355271
1520616916.217501163 18.348573840 4.827018292 -14.510343851 -0.025328155 -0.515945044 0.253552308 0.817844987
1520616916.267502546 18.308318779 4.843183372 -14.473289204 -0.058313960 -0.494059656 0.256957145 0.828539416
1520616916.317504406 18.273322393 4.862388310 -14.442727134 -0.086829345 -0.469577456 0.258700189 0.839661771
1520616916.367505550 18.225473074 4.877907258 -14.417415019 -0.109282513 -0.438775323 0.264545471 0.851791784
1520616916.417507410 18.186859147 4.894607095 -14.380848586 -0.120075485 -0.410421995 0.266713901 0.863712544
1520616916.467508316 18.157207923 4.902749946 -14.354111393 -0.124925723 -0.384706029 0.262528519 0.876055713
1520616916.517510414 18.129095836 4.901725027 -14.308410918 -0.122289435 -0.364337584 0.250249009 0.888638764
1520616916.566380978 18.094981602 4.898487515 -14.263208542 -0.111968041 -0.348009126 0.237229356 0.900041687
1520616916.616382837 18.065314549 4.883211850 -14.216082091 -0.091791750 -0.339450580 0.221774927 0.909485272
1520616916.666384697 18.031466043 4.850848092 -14.169817357 -0.070107948 -0.335425853 0.207478654 0.916257050
1520616916.716385841 17.993671668 4.820629712 -14.125194310 -0.046051723 -0.336982887 0.189709327 0.921049480
1520616916.766387701 17.952119699 4.780098419 -14.092065379 -0.025846338 -0.341410538 0.170325486 0.923991364
1520616916.816389799 17.903571498 4.746967731 -14.059359504 -0.003252068 -0.350347732 0.151185580 0.924331548
1520616916.866390944 17.848145127 4.706490876 -14.033520806 0.015980663 -0.358441458 0.131860625 0.924054714
1520616916.916392803 17.791025634 4.682775862 -14.003398052 0.034359374 -0.367760526 0.115937000 0.922025076
1520616916.965620518 17.725116016 4.655294336 -13.985440323 0.047133786 -0.376813159 0.111685729 0.918322681
1520616917.015622377 17.660076830 4.635395269 -13.960460377 0.056875772 -0.388932303 0.121764102 0.911411166
1520616917.065623760 17.589696239 4.609892481 -13.941233512 0.057804615 -0.397778431 0.139694004 0.904940071
1520616917.115625620 17.520837717 4.589815638 -13.926048614 0.058659143 -0.405130290 0.165489533 0.897241198
1520616917.165627718 17.426709041 4.533754387 -13.948938439 0.050267540 -0.403131169 0.198213262 0.892003328
1520616917.215628624 17.357468669 4.501152075 -13.940622618 0.040576657 -0.406733439 0.228051539 0.883693352
1520616917.265630484 17.289384450 4.475679698 -13.928562128 0.029549470 -0.407782132 0.256949027 0.875681312
1520616917.315631628 17.224913328 4.454237447 -13.921689459 0.005890734 -0.410989507 0.284547045 0.866074999
1520616917.365025997 17.165126001 4.438071800 -13.905921414 -0.024573565 -0.414021370 0.312890577 0.854448320
1520616917.415026665 17.098680187 4.421985322 -13.895115561 -0.054911264 -0.411554321 0.343163160 0.842524088
1520616917.465127707 17.035924233 4.396309963 -13.886210740 -0.080485358 -0.407555546 0.372092165 0.830040966
1520616917.515029907 16.982363423 4.381460459 -13.862203036 -0.091664180 -0.404195034 0.394958617 0.819897398
1520616917.565031767 16.925028674 4.346169658 -13.836367428 -0.096982163 -0.395517284 0.423481900 0.809211726
1520616917.615032911 16.866027802 4.346850187 -13.813976435 -0.095314149 -0.383104121 0.448453581 0.801895150
1520616917.665034771 16.822668319 4.329986233 -13.783677356 -0.094838510 -0.367398752 0.470666832 0.796552916
1520616917.715035915 16.790068090 4.314934056 -13.748227856 -0.098765841 -0.350246348 0.489064673 0.792709625
1520616917.766720533 16.754590383 4.289517201 -13.701996714 -0.103446225 -0.326919633 0.502570000 0.793628268
1520616917.816721439 16.723507512 4.270631577 -13.659499116 -0.106970245 -0.301075962 0.512239935 0.797195635
1520616917.866723537 16.709114270 4.257272110 -13.616581161 -0.109525554 -0.273637248 0.520195386 0.801575680
1520616917.916725636 16.682392436 4.251807994 -13.570026775 -0.108039939 -0.240712268 0.532892163 0.803996840
1520616917.966726542 16.662462937 4.247123150 -13.512206300 -0.108168637 -0.203282926 0.542118993 0.808135258
1520616918.016728401 16.643062139 4.254054277 -13.450632659 -0.107202801 -0.164481218 0.549686786 0.811971628
1520616918.066729546 16.629736237 4.267353369 -13.393434770 -0.104116618 -0.127419120 0.556082806 0.814675402
1520616918.116731405 16.605291334 4.268197876 -13.324557094 -0.102862474 -0.089906108 0.561672237 0.816002758
1520616918.166733503 16.597252339 4.283906083 -13.269886295 -0.103242878 -0.055926348 0.558109121 0.821417897
1520616918.217488289 16.595108230 4.287721041 -13.205471340 -0.107443142 -0.024138491 0.548612405 0.828792938
1520616918.267490149 16.595002146 4.298294712 -13.150194907 -0.113455205 0.005799889 0.532498495 0.838772693
1520616918.317491293 16.596419756 4.318618812 -13.100090836 -0.122031270 0.040524843 0.513780210 0.848231102
1520616918.367493153 16.615372392 4.319372218 -13.043376354 -0.135030867 0.077952325 0.495986853 0.854217268
1520616918.417495251 16.630401490 4.336585969 -12.997126634 -0.146563700 0.113920541 0.480983452 0.856852444
1520616918.467496395 16.650283500 4.351655131 -12.955165892 -0.154351784 0.144299901 0.471667315 0.856085866
1520616918.517498255 16.667765831 4.403567228 -12.922738273 -0.157860719 0.167787558 0.460471409 0.857259243
1520616918.567499399 16.686569651 4.439777748 -12.888170513 -0.164286618 0.186140277 0.446108575 0.859853966
1520616918.615232944 16.705245128 4.471372333 -12.854914249 -0.170267893 0.196806806 0.432058285 0.863482231
1520616918.665235043 16.715816284 4.494161863 -12.814420977 -0.173719862 0.204308348 0.415926684 0.868955984
1520616918.715236902 16.740372777 4.528575678 -12.785804651 -0.173937119 0.208750764 0.397408008 0.876490658
1520616918.765237093 16.775509448 4.577348805 -12.756508402 -0.174899402 0.210763578 0.376471497 0.885018715
1520616918.815238953 16.806775412 4.595951994 -12.726991630 -0.180834905 0.218295503 0.353250918 0.891548989
1520616918.865239859 16.845549492 4.619395217 -12.706957244 -0.186853519 0.225830686 0.329711223 0.897427865
1520616918.915242195 16.880530804 4.649826109 -12.674681752 -0.189486024 0.231219488 0.304977090 0.904224291
1520616918.965242863 16.916794980 4.681291231 -12.647790369 -0.188852186 0.233322053 0.275730842 0.913163827
1520616919.014601231 16.951140066 4.705246234 -12.630152134 -0.186405709 0.234100352 0.241676551 0.923061418
1520616919.064603567 16.984234139 4.748281726 -12.601352122 -0.177682445 0.236781447 0.206646301 0.932556058
1520616919.114684582 17.013197583 4.771965108 -12.551352302 -0.170415463 0.240569205 0.180108338 0.938427415
1520616919.164606333 17.039857592 4.819154131 -12.524587189 -0.162250766 0.239109302 0.154202028 0.944840285
1520616919.214607477 17.074000932 4.842578423 -12.487113780 -0.159227234 0.235007208 0.129236807 0.950113755
1520616919.264609337 17.099669862 4.869588181 -12.443707620 -0.152469005 0.229824876 0.105914647 0.955361615
1520616919.314610243 17.125105598 4.881539476 -12.395033574 -0.143207566 0.220054619 0.089528858 0.960756026
1520616919.364612341 17.153678669 4.896815249 -12.363351459 -0.132162216 0.206880187 0.080096595 0.966083988
1520616919.414170980 17.177305565 4.905209727 -12.317753419 -0.119565478 0.201648173 0.082960003 0.968586469
1520616919.464172840 17.194633452 4.900254845 -12.267700767 -0.110759250 0.199749166 0.093032680 0.969111748
1520616919.514174700 17.211451068 4.915614433 -12.227553707 -0.103076452 0.195713562 0.104402518 0.969624443
1520616919.564176083 17.224669413 4.931343333 -12.179892533 -0.100171615 0.190732922 0.116893886 0.969495962
1520616919.614177942 17.224783463 4.939322131 -12.138580810 -0.100687540 0.184146581 0.137454967 0.968017659
1520616919.664178848 17.235173498 4.970110418 -12.093339423 -0.103020336 0.173514360 0.160547755 0.966180105
1520616919.714180946 17.244076339 4.989441453 -12.041273218 -0.103078747 0.164508669 0.189000295 0.962595740
1520616919.764182806 17.246885745 5.020028679 -11.985298851 -0.100070611 0.157437441 0.218343670 0.957875444
1520616919.814201832 17.250160659 5.050282837 -11.923493346 -0.090394524 0.153968750 0.250776532 0.951437641
1520616919.864204168 17.270602614 5.079751642 -11.874050166 -0.077492037 0.152654717 0.280697713 0.944404741
1520616919.914205074 17.287386379 5.097961660 -11.827891166 -0.066948237 0.159593781 0.303555350 0.936964198
1520616919.964206934 17.303541646 5.090161935 -11.761344933 -0.056707970 0.172666280 0.330368266 0.926189706
1520616920.014208078 17.328729596 5.104004203 -11.703888542 -0.047865880 0.187943631 0.353399042 0.915147620
1520616920.064209938 17.366134779 5.141585643 -11.661644319 -0.043196589 0.204836163 0.373707544 0.903614338
1520616920.114212036 17.406607598 5.174498102 -11.627764914 -0.041437054 0.226450103 0.396790023 0.888572450
1520616920.164214134 17.436405814 5.203347849 -11.582354878 -0.045812501 0.254197485 0.417181704 0.871346246
1520616920.214800119 17.464064750 5.232566919 -11.532386463 -0.050564838 0.285074489 0.435356741 0.852431957
1520616920.264801025 17.497276157 5.263103200 -11.490716390 -0.056937776 0.316074080 0.444101123 0.836438556
1520616920.314803123 17.530145680 5.291153518 -11.445533740 -0.061884446 0.349138261 0.444098446 0.822830092
1520616920.364804268 17.568260251 5.330990565 -11.413649464 -0.064357327 0.378755993 0.432724052 0.815568469
1520616920.414806128 17.612006583 5.369966753 -11.384541531 -0.070258890 0.409553505 0.412985306 0.810415173
1520616920.464807987 17.657530398 5.402913154 -11.361929565 -0.080359927 0.441180419 0.389341699 0.804558985
1520616920.514809132 17.702378208 5.439820694 -11.347431472 -0.092237618 0.470782994 0.362070840 0.799224812
1520616920.564810991 17.750253555 5.485631654 -11.348501722 -0.109431668 0.496506496 0.330529521 0.795145424
1520616920.614812136 17.797753160 5.523767663 -11.345643782 -0.125795092 0.518185004 0.302238649 0.790133973
1520616920.664451122 17.842455683 5.560106972 -11.334779271 -0.139324617 0.532124989 0.276634189 0.787975363
1520616920.714452267 17.884250960 5.602984236 -11.337606878 -0.151190361 0.536901116 0.249445415 0.791615848
1520616920.764512300 17.932529604 5.644400889 -11.337595577 -0.159594911 0.534521797 0.223006786 0.799427224
1520616920.814455509 17.979845847 5.684605483 -11.335080355 -0.160600475 0.526716258 0.196603855 0.811248664
1520616920.864457369 18.029772730 5.716414030 -11.325067555 -0.157552285 0.512695367 0.170570929 0.826575040
1520616920.914459229 18.077734660 5.745157823 -11.311779970 -0.155004040 0.495639008 0.139308487 0.843154118
1520616920.964460373 18.129752731 5.775098901 -11.297085898 -0.151145885 0.475410296 0.114489760 0.859087927
1520616921.014461279 18.176102435 5.793678969 -11.271229039 -0.149291075 0.453075242 0.096221804 0.873599659
1520616921.064152956 18.212385746 5.809592184 -11.242631698 -0.146205005 0.427228902 0.084526009 0.888231341
1520616921.114154816 18.256637460 5.829219175 -11.213625805 -0.140844487 0.389840875 0.075390667 0.906919605
1520616921.164155960 18.286532193 5.834268497 -11.172293541 -0.138228685 0.359323448 0.067337107 0.920459236
1520616921.214157820 18.313606579 5.853008016 -11.129089688 -0.133880379 0.333063311 0.059407923 0.931458842
1520616921.264158726 18.340589513 5.876669223 -11.086509255 -0.127727321 0.308592032 0.057610380 0.940817588
1520616921.314161062 18.359037971 5.890685542 -11.042959343 -0.121660939 0.288079308 0.063407850 0.947728006
1520616921.364161968 18.376730819 5.898078830 -10.996737576 -0.116164664 0.270962887 0.074216378 0.952668260
1520616921.414163828 18.396662397 5.927201258 -10.957046309 -0.103780158 0.255982069 0.085989296 0.957240147
1520616921.463944435 18.413054715 5.949788500 -10.904560859 -0.094159136 0.243930715 0.097793034 0.960243920
1520616921.513945341 18.434975628 5.972999305 -10.863694197 -0.080689800 0.228336888 0.117928204 0.963039127
1520616921.563947678 18.446721993 5.971356035 -10.807162309 -0.074061500 0.220866910 0.141469380 0.962142981
1520616921.613948584 18.455786042 5.982440133 -10.759230517 -0.066009284 0.216232531 0.163387025 0.960307735
1520616921.663950682 18.470120097 6.004045282 -10.720511941 -0.057974030 0.212507649 0.182926782 0.958132195
1520616921.713952541 18.488894711 6.002941280 -10.667222906 -0.056465007 0.210996422 0.201733316 0.954775304
1520616921.763954639 18.494596950 6.019072810 -10.613962379 -0.044413792 0.212825104 0.218263725 0.951364198
1520616921.813955784 18.508860538 6.034464146 -10.568299612 -0.028843024 0.217165729 0.237432712 0.946378800
1520616921.864132166 18.529613401 6.057973864 -10.525316624 -0.007676392 0.230750406 0.255990260 0.938703526
1520616921.914133072 18.553545494 6.085552617 -10.476447743 0.012118293 0.256676969 0.270054737 0.927922691
1520616921.964133978 18.586341394 6.100788818 -10.428822599 0.031340565 0.290774873 0.282303686 0.913658783
1520616922.014136076 18.616899083 6.120649601 -10.393835634 0.051631705 0.328667799 0.287228486 0.898226832
1520616922.064138174 18.645091054 6.134779742 -10.356926694 0.066642496 0.370015499 0.283602159 0.882166154
1520616922.114139080 18.675086693 6.145891645 -10.331850985 0.078069262 0.409599076 0.276168752 0.865947231
1520616922.164141178 18.706039031 6.166966322 -10.310896471 0.087093561 0.450298462 0.267915503 0.847270494
1520616922.214143038 18.741141078 6.181948277 -10.301688822 0.082441254 0.487952421 0.264429610 0.827757728
1520616922.264728308 18.773174176 6.197417006 -10.301221547 0.069252868 0.526056699 0.263054408 0.805773397
1520616922.314729214 18.811446020 6.215765050 -10.309633919 0.052704382 0.568826784 0.258176279 0.779104195
1520616922.364731550 18.845626349 6.234360053 -10.325670438 0.045901635 0.615345145 0.246809909 0.747213665
1520616922.414774418 18.880641489 6.248518002 -10.343936331 0.044650421 0.667792478 0.225593015 0.707931733
1520616922.464734316 18.913023466 6.257425704 -10.375436572 0.046658996 0.718501936 0.196349538 0.665601056
1520616922.514735460 18.937513973 6.267611254 -10.411492907 0.049235534 0.766319444 0.161596035 0.619852477
1520616922.564737320 18.950792748 6.278514988 -10.449782698 0.048446705 0.808899864 0.126816910 0.572058911
1520616922.614738226 18.964484359 6.278552915 -10.490119438 0.038211973 0.847348363 0.100105693 0.520114840
1520616922.664919376 18.974140341 6.276900808 -10.540400631 0.022698867 0.879624275 0.080311737 0.468290424
1520616922.714921236 18.974243662 6.267613389 -10.591353654 0.006121191 0.906816879 0.067928036 0.415970505
1520616922.764922142 18.964765955 6.260523442 -10.639937946 -0.008811157 0.929865992 0.054486422 0.363734561
1520616922.814924479 18.945562565 6.257744882 -10.693696019 -0.021581637 0.950182102 0.035764821 0.308883608
1520616922.864925385 18.925699912 6.246553163 -10.751647752 -0.032160793 0.966034565 0.018014767 0.255770153
1520616922.914927244 18.889562088 6.235624305 -10.810926315 -0.034825811 0.977213936 -0.002476951 0.209365593
1520616922.964928389 18.864203191 6.217373294 -10.867873423 -0.039283135 0.985443228 -0.019746696 0.164221033
1520616923.014930248 18.832065224 6.210174526 -10.921360115 -0.045503078 0.990519924 -0.037987039 0.123922293
1520616923.064932108 18.798690232 6.199425205 -10.976301504 -0.056935387 0.993621414 -0.054057777 0.080948158
1520616923.114657879 18.751850031 6.188669703 -11.031846448 -0.071493308 0.994216830 -0.068289852 0.041929690
1520616923.164659739 18.709424565 6.177576842 -11.082656555 -0.084549180 0.993543379 -0.075126903 0.008884769
1520616923.214660883 18.666052996 6.165746351 -11.131050442 -0.097213143 0.991885980 -0.078501206 -0.023438591
1520616923.264662981 18.624008007 6.157029849 -11.178362205 -0.104520662 0.989662917 -0.079333576 -0.057869901
1520616923.314663887 18.579445083 6.140673002 -11.229858307 -0.105821323 0.987676294 -0.074863848 -0.087708550
1520616923.364665985 18.540348440 6.132709779 -11.278629090 -0.105191821 0.985172166 -0.075476125 -0.112578145
1520616923.414667845 18.499436760 6.118099283 -11.330787012 -0.108916837 0.982302281 -0.077127511 -0.131418026
1520616923.464668751 18.454884648 6.111755296 -11.391534621 -0.118610853 0.978397356 -0.080414694 -0.149008576
1520616923.515052795 18.404179689 6.097468616 -11.442288084 -0.123758002 0.975584021 -0.077895649 -0.163865931
1520616923.565055132 18.366969216 6.095761644 -11.501190517 -0.126693645 0.971828034 -0.077329475 -0.183082343
1520616923.615056038 18.323646882 6.079165248 -11.554086292 -0.132915596 0.967437064 -0.073771830 -0.202377592
1520616923.665057898 18.278489894 6.056985843 -11.605966798 -0.139479282 0.961719141 -0.076486896 -0.223140264
1520616923.715062141 18.229626945 6.027800531 -11.655345148 -0.146654217 0.955027291 -0.084244568 -0.243553418
1520616923.765060902 18.177600450 5.991369942 -11.696588327 -0.154895510 0.948007988 -0.092843942 -0.262046251
1520616923.815062046 18.123653167 5.963947483 -11.741958858 -0.165489018 0.939816714 -0.105471580 -0.279702832
1520616923.865064144 18.072992063 5.936493434 -11.783434313 -0.178269362 0.932539903 -0.112769759 -0.293039837
1520616923.914721489 18.018894518 5.906264977 -11.820780001 -0.188595925 0.928425965 -0.113546691 -0.299272372
1520616923.964723349 17.970572392 5.888471284 -11.867098892 -0.197393442 0.925340681 -0.110216085 -0.304356481
1520616924.014724493 17.929679563 5.864404844 -11.910114072 -0.199809563 0.925054078 -0.102838581 -0.306227559
1520616924.064745426 17.873530913 5.843427211 -11.949027334 -0.205575038 0.926356966 -0.097189357 -0.300259727
1520616924.114727259 17.826618202 5.819943667 -11.987448573 -0.214353151 0.929488592 -0.094329563 -0.284965994
1520616924.164729357 17.799686864 5.811635197 -12.039152660 -0.228942344 0.932165361 -0.098078474 -0.262742757
1520616924.214730263 17.769679119 5.778094614 -12.082059271 -0.251926930 0.935206799 -0.105892237 -0.225184143
1520616924.264732361 17.747701306 5.736264856 -12.124604335 -0.279520347 0.934663603 -0.119356316 -0.184462446
1520616924.314501524 17.724531446 5.693154512 -12.164920169 -0.299815942 0.934040786 -0.132448461 -0.141900023
1520616924.364502430 17.725441259 5.664922462 -12.213610133 -0.311337685 0.934125789 -0.141438758 -0.102337350
1520616924.414504528 17.721484498 5.641590896 -12.264236599 -0.315904658 0.936125521 -0.142291782 -0.060218805
1520616924.464505434 17.700222691 5.647985423 -12.322114637 -0.314988013 0.938635678 -0.139721604 -0.014949549
1520616924.514507294 17.663938785 5.631572128 -12.367786430 -0.311955748 0.941166137 -0.126202400 0.031030124
1520616924.564508438 17.658834445 5.643731530 -12.429205480 -0.301986892 0.943872506 -0.116740619 0.065423522
1520616924.614510536 17.634003107 5.633297351 -12.492421505 -0.288862215 0.946278737 -0.107012895 0.098302662
1520616924.664512396 17.617669000 5.627781523 -12.554924736 -0.266846691 0.950481153 -0.099017041 0.124796024
1520616924.714419127 17.613665315 5.622303135 -12.614113910 -0.240952231 0.955026021 -0.097780136 0.142500409
1520616924.764421225 17.602568977 5.609261855 -12.678717288 -0.206502566 0.960649964 -0.102506617 0.154921690
1520616924.814422131 17.597487106 5.594487139 -12.743927552 -0.162978776 0.966770257 -0.110070419 0.163333069
1520616924.864423990 17.589887889 5.585592829 -12.815274827 -0.114605891 0.971602270 -0.123522152 0.166122837
1520616924.914425135 17.588852699 5.553570718 -12.871637941 -0.071908001 0.975397632 -0.133546664 0.159981208
1520616924.964426994 17.567306256 5.538231821 -12.940528457 -0.038331115 0.977332353 -0.146595870 0.147857530
1520616925.014427900 17.554345683 5.514595405 -13.011258398 -0.005713321 0.978766287 -0.157998116 0.130462670
1520616925.064430237 17.536884856 5.490001462 -13.072801008 0.017344824 0.979597486 -0.167580527 0.109565912
1520616925.114371777 17.499173583 5.456863036 -13.127656927 0.034066177 0.979825071 -0.173258961 0.093614418
1520616925.164938927 17.468667097 5.424104478 -13.189235376 0.050426616 0.979422979 -0.180833630 0.074074171
1520616925.214939833 17.435453223 5.403512855 -13.252541692 0.066962640 0.977705859 -0.191992543 0.052403450
1520616925.264941931 17.403727839 5.381075816 -13.307983418 0.080675968 0.974650482 -0.206498067 0.030106047
1520616925.314942837 17.361047829 5.357303826 -13.369566899 0.092376346 0.970825620 -0.221232271 0.004528517
1520616925.364943743 17.311836454 5.339173310 -13.425842521 0.098290110 0.967122640 -0.233264024 -0.024510181
1520616925.414945841 17.272183047 5.310168809 -13.477893781 0.101463779 0.964156365 -0.237577868 -0.060533981
1520616925.464947701 17.232672625 5.287290763 -13.534436156 0.104676365 0.960489686 -0.240560428 -0.092914491
1520616925.514948606 17.203404613 5.268215856 -13.580028424 0.107550990 0.955461520 -0.244180380 -0.126103171
1520616925.565721750 17.162357090 5.251782350 -13.634266671 0.113227727 0.950451387 -0.245843675 -0.152913473
1520616925.615722895 17.124317178 5.200944513 -13.680304517 0.114690662 0.947575535 -0.236260383 -0.182010136
1520616925.665724754 17.077847158 5.179987505 -13.738604997 0.108336217 0.941685752 -0.237153148 -0.212719518
1520616925.715725660 17.027105862 5.161594747 -13.792852094 0.095974308 0.935431239 -0.240794979 -0.240364532
1520616925.765727758 16.973491772 5.147983574 -13.846696862 0.077366765 0.931031760 -0.242020812 -0.261954522
1520616925.815728664 16.910107592 5.128422778 -13.880372612 0.047574483 0.929977699 -0.228283335 -0.284191602
1520616925.865730762 16.909249309 5.129177903 -13.889948412 0.047574483 0.929977699 -0.228283335 -0.284191602
1520616925.915732861 16.842756520 5.101384940 -13.918259129 0.030545975 0.929062245 -0.223152462 -0.293450621
1520616925.966018200 16.764490860 5.095282177 -13.959231196 -0.002720257 0.926756939 -0.225147169 -0.300704055
1520616926.016020298 16.712685319 5.132313063 -14.028320854 -0.042558619 0.916971465 -0.239812712 -0.315977783
1520616926.066021204 16.682216114 5.097201074 -14.068176552 -0.085720896 0.906388534 -0.238881182 -0.337709245
1520616926.116023064 16.647850355 5.061751921 -14.114487623 -0.122058664 0.895447807 -0.239632481 -0.354755101
1520616926.166024208 16.616998212 5.010264083 -14.134010961 -0.143956300 0.888815195 -0.233980155 -0.366793428
1520616926.216026306 16.573224998 4.988581017 -14.171001740 -0.159608232 0.882874193 -0.235344379 -0.373726364
1520616926.266028166 16.536260873 4.947760901 -14.209418571 -0.169698141 0.878786271 -0.225543151 -0.384795424
1520616926.316029310 16.483453683 4.927410407 -14.257546425 -0.177156601 0.875217087 -0.214203880 -0.395887973
1520616926.365901709 16.424141172 4.907728671 -14.302693884 -0.178999995 0.872950130 -0.205216021 -0.404726397
1520616926.415902853 16.380957531 4.881466547 -14.336009584 -0.171476618 0.872711866 -0.203616153 -0.409280138
1520616926.465904713 16.348124181 4.831440664 -14.353304696 -0.159339252 0.872063011 -0.202788806 -0.415925242
1520616926.515905857 16.298217439 4.799754736 -14.375275847 -0.147845724 0.866359239 -0.214221010 -0.426230770
1520616926.565907717 16.248519992 4.773470974 -14.402717024 -0.131084339 0.862078987 -0.226047906 -0.434210848
1520616926.615908623 16.192806488 4.750920242 -14.424684079 -0.115800606 0.856251110 -0.234951827 -0.445221176
1520616926.665910959 16.138578029 4.730095596 -14.441294785 -0.105059665 0.845531615 -0.239906036 -0.465278248
1520616926.715912819 16.063681758 4.722395562 -14.454709991 -0.102943768 0.827976106 -0.247008873 -0.492792823
1520616926.767682552 15.993465822 4.709275658 -14.479772824 -0.090734673 0.807568264 -0.254487391 -0.524248878
1520616926.817684650 15.930317649 4.692859689 -14.479601385 -0.065849727 0.790570596 -0.256183816 -0.552296839
1520616926.867686749 15.877916414 4.673569859 -14.474068053 -0.036982894 0.770906155 -0.263166870 -0.578860229
1520616926.917687654 15.824623109 4.680675862 -14.467384472 -0.014566113 0.745356150 -0.284132486 -0.602910249
1520616926.967689514 15.746773708 4.667418491 -14.458344664 -0.001357310 0.713697538 -0.306556514 -0.629807181
1520616927.017690659 15.690091244 4.645726981 -14.433691542 0.010420129 0.682950759 -0.324646353 -0.654273969
1520616927.067692757 15.648036889 4.623309913 -14.427071291 -0.023181438 -0.651752954 0.340338463 0.677385000
1520616927.117693901 15.594878996 4.598559863 -14.412472343 -0.037021733 -0.618950666 0.349618686 0.702350510
1520616927.172907591 15.523490617 4.579481228 -14.390095362 -0.056463605 -0.579527445 0.355840143 0.730983991
1520616927.222909451 15.459630436 4.571915118 -14.361052169 -0.076783741 -0.543232260 0.362504711 0.753387884
1520616927.272910357 15.395998126 4.569358795 -14.325264603 -0.091215748 -0.506178341 0.370064328 0.773637879
1520616927.322912693 15.328874277 4.562865250 -14.290394878 -0.102915747 -0.465590822 0.383848059 0.790755463
1520616927.372913599 15.267698299 4.553870677 -14.256200811 -0.112780100 -0.424091586 0.396597151 0.806311153
1520616927.422914743 15.236328324 4.539348255 -14.206830005 -0.121943075 -0.386018056 0.407215586 0.818715710
1520616927.472916603 15.196344903 4.537038744 -14.156373026 -0.123969433 -0.347844994 0.418939147 0.829533261
1520616927.522918463 15.164489759 4.520221101 -14.104408883 -0.129622321 -0.307960657 0.429786642 0.838833553
1520616927.572919607 15.146101079 4.513738732 -14.057261356 -0.137178239 -0.268462927 0.432765823 0.849601983
1520616927.622921467 15.119307988 4.516632130 -14.003851335 -0.144508208 -0.232712038 0.434074982 0.858219899
1520616927.672922373 15.094359230 4.526033410 -13.953271739 -0.151123009 -0.203789478 0.438122754 0.862368910
1520616927.722924709 15.069516484 4.543837753 -13.912236621 -0.157597822 -0.174471145 0.441864641 0.865724197
1520616927.772925615 15.052005760 4.566191841 -13.865418942 -0.165643373 -0.141570809 0.446315341 0.867941585
1520616927.822927475 15.044515093 4.576499187 -13.819640891 -0.176364148 -0.102876168 0.444966426 0.871961617
1520616927.872929573 15.027259581 4.601951159 -13.771391751 -0.183139934 -0.063925334 0.443748502 0.874906042
1520616927.922930479 15.016896097 4.627852916 -13.718754309 -0.188325861 -0.024761133 0.447257150 0.874003031
1520616927.972932339 15.018417015 4.642525552 -13.662569802 -0.192887513 0.016126581 0.450267729 0.871661238
1520616928.022933483 15.018534122 4.665592901 -13.611002867 -0.192148098 0.054179216 0.451142028 0.869835956
1520616928.072935581 15.034958447 4.688843135 -13.555212370 -0.190404211 0.089320871 0.448163096 0.868860091
1520616928.122936726 15.043979221 4.727758393 -13.507986809 -0.190243362 0.121433342 0.441229774 0.868549189
1520616928.172938585 15.064207676 4.749670975 -13.455285386 -0.196440045 0.154047123 0.437602318 0.863820007
1520616928.222940445 15.081780766 4.786003580 -13.408740651 -0.203449221 0.186337287 0.431395757 0.858943846
1520616928.272941589 15.101322020 4.809368167 -13.365008463 -0.212038219 0.213547643 0.428043512 0.852183049
1520616928.322943687 15.115491360 4.815956346 -13.326963697 -0.221209344 0.238511236 0.429001040 0.842696223
1520616928.372945547 15.134398274 4.854901478 -13.281964982 -0.227203250 0.260330726 0.425796210 0.836244093
1520616928.418319702 15.159991605 4.895986196 -13.248369442 -0.232089756 0.276159195 0.422715890 0.831373394
1520616928.468320847 15.186930102 4.921805499 -13.211103410 -0.235830622 0.289603420 0.418127344 0.828059962
1520616928.518322706 15.198154252 4.958953183 -13.179302642 -0.234376157 0.299959556 0.408231243 0.829722444
1520616928.568324804 15.227904891 4.986408439 -13.144669210 -0.231929534 0.305410905 0.397591583 0.833578913
1520616928.618325949 15.263691734 5.016611396 -13.112509786 -0.230318659 0.310305783 0.381157548 0.839870561
1520616928.668327808 15.298964056 5.032918485 -13.083680070 -0.231739064 0.313227207 0.360282577 0.847574296
1520616928.718328714 15.334412177 5.055702849 -13.056293130 -0.231005836 0.318994457 0.344255195 0.852271788
1520616928.768330812 15.372013512 5.049248226 -13.054077906 -0.236994004 0.323103966 0.329562992 0.854883561
1520616928.816122770 15.395193152 5.067775438 -13.039174728 -0.233940315 0.330435014 0.311900468 0.859536345
1520616928.866124868 15.424744227 5.094274821 -13.014303863 -0.230342748 0.340824447 0.293019586 0.863087734
1520616928.916126728 15.460392169 5.114746255 -12.989929109 -0.231129634 0.353065321 0.273456468 0.864375804
1520616928.966127634 15.496546390 5.139340470 -12.962752146 -0.230238511 0.363786621 0.253097951 0.866366521
1520616929.016128778 15.542525584 5.167055266 -12.942520201 -0.226696155 0.370755369 0.232936904 0.869994086
1520616929.066235781 15.586115565 5.199900031 -12.916723387 -0.219540085 0.376372886 0.207828740 0.875758424
1520616929.116132736 15.632944565 5.226703203 -12.889644573 -0.211203706 0.376797320 0.179720241 0.883808469
1520616929.166133881 15.667280566 5.246742710 -12.860249873 -0.196460663 0.371544621 0.152734500 0.894443947
1520616929.215280056 15.712024999 5.269187534 -12.832440687 -0.180457824 0.360102088 0.130343014 0.905964767
1520616929.265280962 15.753002639 5.285518322 -12.809777021 -0.167775890 0.349901748 0.106535958 0.915461691
1520616929.315282822 15.786468576 5.296018100 -12.784270565 -0.158445038 0.342837058 0.087577941 0.921785238
1520616929.365283966 15.824263866 5.306772932 -12.760852946 -0.148910961 0.337616458 0.074194794 0.926464131
1520616929.415285826 15.862973510 5.320532666 -12.735631120 -0.140839290 0.336167587 0.063847725 0.929020514
1520616929.465287685 15.903837490 5.338906054 -12.712972586 -0.130905004 0.334345187 0.054286849 0.931735002
1520616929.515288830 15.936155329 5.360898804 -12.679684199 -0.120099640 0.333922420 0.039387879 0.934088052
1520616929.565290928 15.975305145 5.371654116 -12.650802471 -0.112132518 0.327561090 0.027478943 0.937749934
1520616929.614524603 16.030470190 5.396754317 -12.621175032 -0.101525900 0.315857750 0.017222557 0.943201865
1520616929.664526463 16.073701477 5.422904367 -12.586671732 -0.086152239 0.303505807 0.004867497 0.948914287
1520616929.714527607 16.118991563 5.440300839 -12.548497260 -0.071196503 0.287395049 -0.007167903 0.955135469
1520616929.764529467 16.154086470 5.440396024 -12.509535813 -0.059447903 0.272656101 -0.015169285 0.960153368
1520616929.814530611 16.185182316 5.447135357 -12.464128891 -0.049056793 0.255813063 -0.022879979 0.965209622
1520616929.864532471 16.221032073 5.457467917 -12.420658080 -0.040180526 0.237531779 -0.028728237 0.970123120
1520616929.914534569 16.265408047 5.476670471 -12.372020800 -0.035680050 0.218291737 -0.031628205 0.974718066
1520616929.964535713 16.294938405 5.497593776 -12.332290589 -0.029867656 0.199795647 -0.043309793 0.978424184
1520616930.014537573 16.336314958 5.538765308 -12.281083754 -0.019612894 0.177986366 -0.059265333 0.982050818
1520616930.064171791 16.354680178 5.558788039 -12.243586057 -0.010801240 0.156805209 -0.077191677 0.984549087
1520616930.114172697 16.369379353 5.579857590 -12.197426272 -0.000692787 0.130177490 -0.095912452 0.986840485
1520616930.164175034 16.377991499 5.597536930 -12.146950100 0.005497193 0.101468616 -0.109325613 0.988798165
1520616930.214175940 16.386251251 5.616178905 -12.100518451 0.008748404 0.072307116 -0.112920087 0.990930977
1520616930.264177799 16.391306235 5.638924521 -12.054841212 0.009265522 0.042577807 -0.105377782 0.993477128
1520616930.314179897 16.397904253 5.659385957 -12.012367752 0.007301072 0.008579014 -0.092156430 0.995680816
1520616930.364180803 16.384806387 5.703715318 -11.974407638 0.008454004 -0.027168166 -0.075592529 0.996732758
1520616930.414182901 16.391323657 5.716953898 -11.945514334 0.006794243 -0.071331641 -0.059623879 0.995645835
1520616930.464092970 16.366302857 5.738302535 -11.923529584 0.008154383 -0.111570348 -0.041050082 0.992874843
1520616930.514094114 16.363023746 5.765542757 -11.923541179 0.018226977 -0.155688531 -0.018989151 0.987455453
1520616930.564096212 16.326227523 5.788693430 -11.902133132 0.028487777 -0.201471317 -0.005988667 0.979061740
1520616930.614098072 16.297747722 5.808801014 -11.881789584 0.043102403 -0.246011153 -0.002043131 0.968306006
1520616930.664099216 16.260073321 5.814425321 -11.867819533 0.057237368 -0.287825664 0.011474306 0.955901988
1520616930.714184046 16.219020096 5.841773060 -11.848332954 0.077526174 -0.333431640 0.031234054 0.939062015
1520616930.764102221 16.186718774 5.849448452 -11.845978938 0.095337546 -0.382225592 0.048737943 0.917844737
1520616930.814104080 16.132761521 5.852479105 -11.849135854 0.109076625 -0.430317119 0.060091207 0.894046147
1520616930.864392042 16.083539301 5.864727895 -11.858443718 0.125013910 -0.476982494 0.072368804 0.866961348
1520616930.914393902 16.031017731 5.847567987 -11.877515878 0.126834986 -0.519794681 0.085272406 0.840508770
1520616930.964395046 15.987579226 5.825208721 -11.906163041 0.127279600 -0.556395554 0.102041112 0.814746281
1520616931.014396906 15.933596631 5.826051062 -11.924756340 0.128231805 -0.588852899 0.126293495 0.787945951
1520616931.064399004 15.879264596 5.828536108 -11.931715717 0.130913509 -0.614382520 0.147501718 0.763962705
1520616931.114400148 15.827812014 5.825607146 -11.941506773 0.125316749 -0.630117122 0.167331949 0.747828954
1520616931.164402008 15.778606042 5.811283664 -11.991312879 0.109897312 -0.629915961 0.188292484 0.745435714
1520616931.214402914 15.724179991 5.799910872 -12.021994496 0.089916764 -0.626188787 0.212150450 0.744845464
1520616931.265215635 15.669325908 5.775702312 -12.039289693 0.070876884 -0.618070111 0.240334061 0.745121026
1520616931.315216780 15.622543590 5.747896097 -12.026688673 0.059661043 -0.609068484 0.270938071 0.743013260
1520616931.365218639 15.582608212 5.711506215 -12.033917982 0.051353061 -0.587530865 0.305297439 0.747638830
1520616931.415219784 15.540259478 5.693456304 -12.046167616 0.047670878 -0.560734206 0.345161320 0.751111377
1520616931.465221643 15.495051727 5.660409787 -12.040947258 0.043165300 -0.541350078 0.374114486 0.751741446
1520616931.515223742 15.446545211 5.648875954 -12.054300465 0.040511692 -0.516970083 0.402538899 0.754362758
1520616931.565224886 15.405000211 5.615450428 -12.048564987 0.035993888 -0.500417282 0.418851788 0.756868657
1520616931.615226746 15.361128664 5.585331002 -12.038372359 0.028829349 -0.486111581 0.436163759 0.756720275
1520616931.666054964 15.321436854 5.554360300 -12.023389857 0.019079661 -0.474509211 0.451760930 0.755241046
1520616931.716056108 15.284348479 5.521837404 -12.009759542 0.005161165 -0.460769968 0.468073853 0.754036648
1520616931.766057968 15.249263648 5.494715054 -11.984688575 -0.008400472 -0.445949499 0.483143634 0.753412705
1520616931.816060066 15.213761556 5.470531230 -11.966872949 -0.021933664 -0.423711983 0.494986941 0.758271058
1520616931.866061211 15.181244535 5.445490035 -11.944601219 -0.035755928 -0.399623851 0.504811057 0.764321980
1520616931.916063070 15.149531281 5.424774829 -11.911937533 -0.053776372 -0.376119453 0.517793361 0.766506552
1520616931.966063976 15.115172200 5.408303117 -11.880092764 -0.071754224 -0.353917276 0.524775620 0.770846575
1520616932.016065121 15.086188249 5.391512492 -11.846871424 -0.091296293 -0.333823619 0.526637435 0.776453341
1520616932.066485643 15.058321657 5.384127374 -11.810152510 -0.107179976 -0.314238500 0.524566214 0.783962311
1520616932.116487503 15.035401682 5.383484277 -11.771637691 -0.117532632 -0.290727945 0.523491616 0.792224634
1520616932.166488409 15.012152636 5.385487284 -11.731474194 -0.123570149 -0.259599537 0.526658186 0.799981033
1520616932.216489553 14.992425490 5.387501332 -11.685746222 -0.128170207 -0.217837924 0.529528851 0.809764307
1520616932.266491413 14.982404757 5.386376765 -11.633863883 -0.132057636 -0.167886099 0.531513428 0.819675859
1520616932.316493511 14.988998063 5.404698839 -11.583748823 -0.128107945 -0.114159166 0.543050449 0.821980687
1520616932.366553545 14.990680872 5.419955305 -11.531686784 -0.126975480 -0.056899388 0.551569910 0.822441683
1520616932.416496515 15.033365867 5.426141158 -11.521819478 -0.125448268 -0.008316234 0.560412340 0.818615649
1520616932.466497660 15.049334852 5.430995977 -11.468797399 -0.127648407 0.048897325 0.560772027 0.816608639
1520616932.516465902 15.060726009 5.457882477 -11.421986026 -0.127930199 0.100791701 0.557360622 0.814140058
1520616932.566466808 15.079609552 5.467442562 -11.375532464 -0.128885066 0.149791980 0.555729124 0.807537085
1520616932.616468906 15.097141399 5.500602289 -11.321713993 -0.125902899 0.197335522 0.550878793 0.801086579
1520616932.666471004 15.126490247 5.537147518 -11.280299833 -0.117963988 0.238146198 0.546847422 0.793932480
1520616932.716471910 15.150939229 5.562995123 -11.229836697 -0.110261938 0.279423685 0.540753264 0.785716627
1520616932.766473770 15.187271897 5.589864214 -11.193567313 -0.101425222 0.314554433 0.535758792 0.777001254
1520616932.816474915 15.227180086 5.608571669 -11.152146986 -0.091807388 0.344900044 0.531332043 0.768310890
1520616932.866477013 15.268498361 5.628964859 -11.114970930 -0.079956393 0.369985409 0.529515990 0.759164402
1520616932.915743589 15.312294908 5.660808492 -11.088039552 -0.072463968 0.394721830 0.520979691 0.753341763
1520616932.965745449 15.356780712 5.691056956 -11.064772075 -0.065690816 0.417912263 0.510719443 0.748464901
1520616933.015746355 15.401445106 5.734963269 -11.039593996 -0.058209894 0.442889679 0.500388062 0.741668475
1520616933.065748692 15.452852471 5.768213920 -11.021724702 -0.046356628 0.468089049 0.491827553 0.732700050
1520616933.115750551 15.502972218 5.813382600 -11.011655705 -0.032900035 0.494266840 0.478124364 0.725268896
1520616933.165751457 15.548626464 5.848894808 -10.997738484 -0.017649494 0.520767949 0.464439966 0.716089908
1520616933.215753555 15.604756441 5.880923480 -10.976834756 -0.007243178 0.550115103 0.447570736 0.704983224
1520616933.265754461 15.649606579 5.923317291 -10.975464541 0.006664958 0.575028345 0.427239029 0.697685310
1520616933.314913273 15.698551905 5.965194148 -10.968204953 0.014310942 0.599639595 0.405771996 0.689620650
1520616933.364915371 15.747160749 6.003694004 -10.962962007 0.018958160 0.621457757 0.386827891 0.681024983
1520616933.414917231 15.796327578 6.041247404 -10.963887731 0.025500194 0.639075571 0.371472386 0.673008485
1520616933.464918375 15.848670455 6.071811253 -10.973978067 0.031108272 0.659714459 0.356126731 0.661046790
1520616933.514920235 15.901369696 6.106956013 -10.983506343 0.032971412 0.684781583 0.336808300 0.645404709
1520616933.564921141 15.948679787 6.137628354 -10.995919467 0.038706288 0.709547348 0.319534331 0.626851016
1520616933.614923477 15.994751238 6.160068920 -11.015625670 0.041279499 0.733002102 0.302343275 0.607941170
1520616933.664924145 16.040581580 6.184568260 -11.036365895 0.042013026 0.755916108 0.286200900 0.587294465
1520616933.714437246 16.094255624 6.193675891 -11.063309484 0.044813587 0.775729552 0.276102875 0.565687729
1520616933.764438152 16.131884049 6.217190029 -11.108050346 0.052144390 0.792293352 0.263474382 0.547844372
1520616933.814439297 16.185301402 6.229328912 -11.142018623 0.058790252 0.808566732 0.253930627 0.527525149
1520616933.864441156 16.236095669 6.248409551 -11.181041037 0.071223811 0.823664271 0.243033887 0.507384339
1520616933.914443016 16.286703034 6.278844734 -11.216197589 0.084665670 0.841004258 0.227943307 0.483306746
1520616933.964444160 16.338221854 6.299550877 -11.271221036 0.102139165 0.854599797 0.217378233 0.460405780
1520616934.014484167 16.392365605 6.313213446 -11.324352398 0.121147838 0.869281459 0.208185921 0.431661405
1520616934.064447165 16.436315386 6.339550707 -11.383738859 0.133892583 0.886674892 0.189663190 0.399885342
1520616934.114621639 16.466139693 6.343249746 -11.446192884 0.150045703 0.898464090 0.175907290 0.373236108
1520616934.164622784 16.510462507 6.337028894 -11.509842064 0.161886099 0.911618177 0.162896384 0.340895817
1520616934.214624643 16.540452274 6.327726276 -11.576608642 0.167853169 0.924318923 0.147058090 0.309570283
1520616934.264626503 16.580669434 6.332009382 -11.639647208 0.175149430 0.937603881 0.125351715 0.272962613
1520616934.314627647 16.611669595 6.322633203 -11.721841262 0.180661984 0.948575261 0.105778208 0.237438820
1520616934.364629507 16.624036668 6.315383204 -11.798934423 0.190465465 0.955865064 0.085211930 0.206842485
1520616934.414630413 16.635822523 6.302515646 -11.870098338 0.196635230 0.962279964 0.063759150 0.176880265
1520616934.464632750 16.642534623 6.303273057 -11.949177039 0.196134876 0.969048978 0.039218773 0.144696501
1520616934.514633656 16.645601317 6.312392569 -12.030894227 0.193881660 0.974759632 0.013304769 0.109893334
1520616934.566385984 16.665187038 6.318755340 -12.115779268 0.191424430 0.979111851 -0.014520474 0.066976313
1520616934.616386890 16.661759006 6.315075109 -12.197361953 0.191857832 0.980138154 -0.041177662 0.028708369
1520616934.666388750 16.647887690 6.305578118 -12.270362089 0.189024062 0.979480557 -0.069220615 -0.009810638
1520616934.716391087 16.624767995 6.288888219 -12.341197834 0.185383026 0.976384196 -0.099445684 -0.049169005
1520616934.766391993 16.604200952 6.275527846 -12.421449641 0.178140539 0.970594400 -0.130789954 -0.095427704
1520616934.816393852 16.568690992 6.245624493 -12.474648418 0.172474227 0.962909196 -0.155811426 -0.137044962
1520616934.866394997 16.525582262 6.219451505 -12.528209182 0.167469810 0.953481984 -0.181252244 -0.173128832
1520616934.916396856 16.483577529 6.199115485 -12.586568379 0.157199706 0.943538098 -0.203557475 -0.208778505
1520616934.967000484 16.440470999 6.185199195 -12.653077282 0.141285088 0.933128964 -0.224835022 -0.242400645
1520616935.017002344 16.390469308 6.163499433 -12.702712390 0.123812042 0.923270050 -0.241787943 -0.271627656
1520616935.067003489 16.338457212 6.140932551 -12.749524671 0.103204094 0.912018602 -0.255271311 -0.303986088
1520616935.117005348 16.290170609 6.108429244 -12.771370946 0.089004467 0.901012095 -0.268167653 -0.329152728
1520616935.167006493 16.243852997 6.074943174 -12.810300982 0.069342015 0.887880543 -0.279435502 -0.358853210
1520616935.217008591 16.191377959 6.038721621 -12.831022002 0.043739310 0.874816118 -0.284766932 -0.389475835
1520616935.267009258 16.145018823 6.005421539 -12.843003798 0.016607861 0.861552451 -0.289441637 -0.416743438
1520616935.317011595 16.093946892 5.969295056 -12.837879367 -0.008618014 0.848467396 -0.294977247 -0.439337264
1520616935.366678476 16.050317943 5.922734558 -12.836390515 -0.033877220 0.835578246 -0.300850394 -0.458421607
1520616935.416680336 16.000480091 5.895915615 -12.853480752 -0.064801906 0.820644787 -0.309216111 -0.476159892
1520616935.466681480 15.963771027 5.857762966 -12.877947619 -0.096192347 0.805159733 -0.311652217 -0.495315790
1520616935.516683340 15.931721194 5.816600833 -12.892757123 -0.125694715 0.792272991 -0.313482753 -0.508166222
1520616935.566684246 15.907707370 5.772227613 -12.901719659 -0.151572311 0.781800542 -0.318365671 -0.514253874
1520616935.616686344 15.894700653 5.703451414 -12.918898056 -0.169814572 0.772827994 -0.324560557 -0.518228085
1520616935.666701317 15.884217020 5.645724870 -12.959076955 -0.190787021 0.763145067 -0.334350960 -0.519056215
1520616935.716689348 15.878941617 5.591470562 -13.006768165 -0.212890368 0.753790248 -0.347137916 -0.515725917
1520616935.765532970 15.880775564 5.548456563 -13.073140526 -0.232516842 0.744052566 -0.361067453 -0.511812458
1520616935.815534830 15.886825494 5.501613529 -13.127904119 -0.246155226 0.741919249 -0.373450387 -0.499497989
1520616935.865536928 15.892032032 5.449794798 -13.190601556 -0.253642922 0.744763451 -0.381524058 -0.485213421
1520616935.915538073 15.897612180 5.402239994 -13.266409559 -0.255569586 0.749511160 -0.384682837 -0.474274523
1520616935.965539932 15.903558978 5.380087385 -13.332125607 -0.254777417 0.760146388 -0.385917759 -0.456435560
1520616936.015540838 15.896174659 5.367838969 -13.405540499 -0.249806730 0.774749407 -0.385797727 -0.434188976
1520616936.065542936 15.891610698 5.351276586 -13.483200841 -0.237813331 0.794862095 -0.379618421 -0.409302973
1520616936.115543842 15.884826194 5.325394834 -13.564819216 -0.219817740 0.817345034 -0.365897304 -0.386970826
1520616936.165092707 15.877778366 5.308327945 -13.652970628 -0.198422575 0.836236256 -0.355161537 -0.367692382
1520616936.215093613 15.862870825 5.314322285 -13.732592666 -0.186477800 0.855210057 -0.341128118 -0.342743920
1520616936.265095472 15.852070125 5.301899612 -13.815255207 -0.170179865 0.870547606 -0.331368716 -0.321528308
1520616936.315097809 15.851211842 5.302654737 -13.824831006 -0.170179865 0.870547606 -0.331368716 -0.321528308
1520616936.365098476 15.850353560 5.303409862 -13.834406806 -0.170179865 0.870547606 -0.331368716 -0.321528308
1520616936.415100574 15.849495277 5.304164987 -13.843982606 -0.170179865 0.870547606 -0.331368716 -0.321528308
1520616936.465101719 15.848636994 5.304920112 -13.853558406 -0.170179865 0.870547606 -0.331368716 -0.321528308
1520616936.515103579 15.847778711 5.305675237 -13.863134206 -0.170179865 0.870547606 -0.331368716 -0.321528308
1520616936.570525169 15.846920428 5.306430362 -13.872710006 -0.170179865 0.870547606 -0.331368716 -0.321528308
1520616936.620527267 15.792670068 5.297187624 -13.925591946 -0.169362068 0.872196682 -0.324271388 -0.324711417
1520616936.670529127 15.748823363 5.278533549 -13.972079801 -0.172339395 0.870992324 -0.317731089 -0.332743835
1520616936.720531225 15.694331985 5.245554759 -14.014027966 -0.177237729 0.866281731 -0.317046042 -0.342964367
1520616936.770532131 15.640650773 5.210429157 -14.053670021 -0.186829007 0.859646152 -0.315875835 -0.355423511
1520616936.820534229 15.624024216 5.157194273 -14.082519533 -0.193367264 0.851987532 -0.312548902 -0.372880049
1520616936.870535374 15.643497195 5.071867061 -14.139547447 -0.190527614 0.844066865 -0.305920216 -0.397068227
1520616936.920537233 15.597398864 5.041483346 -14.168940845 -0.196640951 0.834851352 -0.307086457 -0.412375393
1520616936.970538139 15.593939894 4.953072772 -14.190405355 -0.190122454 0.828131821 -0.301761278 -0.432424872
1520616937.023215532 15.556425591 4.909908395 -14.211437841 -0.184892678 0.818217817 -0.305202631 -0.450761196
1520616937.073216677 15.526080337 4.861399580 -14.233053326 -0.176119569 0.809149043 -0.307351270 -0.468822910
1520616937.123218536 15.474525865 4.843526345 -14.230569946 -0.173050036 0.801269065 -0.313652985 -0.479211202
1520616937.173219442 15.429944379 4.815491418 -14.239321008 -0.174220846 0.791742792 -0.318634834 -0.491184579
1520616937.223221540 15.370943366 4.778934616 -14.245321540 -0.184638117 0.781031927 -0.325500712 -0.499947179
1520616937.273223400 15.329870502 4.727919695 -14.257243557 -0.195237557 0.769418527 -0.336865459 -0.506358657
1520616937.323225498 15.297993944 4.676665163 -14.265253743 -0.205714740 0.757342588 -0.352756219 -0.509584831
1520616937.373225451 15.275500889 4.610155515 -14.275683184 -0.212501213 0.746066175 -0.372394497 -0.509461320
1520616937.423227549 15.260757458 4.544467491 -14.272333713 -0.211849892 0.737364142 -0.390341824 -0.508966605
1520616937.473229647 15.245161848 4.487519709 -14.302278513 -0.208795765 0.730029456 -0.406860523 -0.507863995
1520616937.523230553 15.227335731 4.437718656 -14.324021176 -0.201265023 0.729327715 -0.417435986 -0.503309718
1520616937.573232412 15.208331734 4.391828869 -14.348870101 -0.191572784 0.731878259 -0.422724346 -0.498957122
1520616937.623233557 15.180280998 4.356463417 -14.378403528 -0.181019379 0.732693959 -0.427312058 -0.497791072
1520616937.673235655 15.146632211 4.321704463 -14.406428503 -0.168876158 0.732581880 -0.432452706 -0.497784381
1520616937.723236561 15.107911877 4.293434200 -14.440207665 -0.157799293 0.735645544 -0.436417387 -0.493421606
1520616937.773238659 15.068645945 4.263105804 -14.476236946 -0.150320979 0.740769952 -0.438363508 -0.486313598
1520616937.823239565 15.027601663 4.234061395 -14.507674047 -0.145733946 0.747049444 -0.440462889 -0.476099978
1520616937.873241425 14.993969379 4.191929284 -14.537648690 -0.142934061 0.751443255 -0.441857155 -0.468684482
1520616937.923243523 14.957918176 4.147112545 -14.569785346 -0.143017771 0.753932894 -0.448670986 -0.458067085
1520616937.973244429 14.925803123 4.099763595 -14.593315361 -0.142603493 0.754850247 -0.458604932 -0.446706688
1520616938.023246527 14.887511942 4.047017279 -14.616378698 -0.141232305 0.751351313 -0.472048966 -0.438969719
1520616938.073248625 14.858634587 3.989526773 -14.625861687 -0.138321629 0.744957490 -0.483722238 -0.438084766
1520616938.123249531 14.828483110 3.933492398 -14.626196877 -0.131400247 0.737358932 -0.496268654 -0.439036677
1520616938.173250675 14.793952421 3.876608847 -14.621913851 -0.123155591 0.728867336 -0.507965434 -0.442217395
1520616938.223252535 14.757483463 3.824568226 -14.603845867 -0.115332180 0.720049370 -0.519789802 -0.445023544
1520616938.273254395 14.716281595 3.777312778 -14.587840244 -0.111029241 0.710843220 -0.532909887 -0.445400354
1520616938.323255539 14.671237567 3.731699124 -14.558377787 -0.110234737 0.698506685 -0.546813457 -0.448254121
1520616938.373257637 14.627241056 3.692923211 -14.519897308 -0.111943749 0.682683762 -0.561159477 -0.454435385
1520616938.423259497 14.582118047 3.657230924 -14.481173955 -0.116000441 0.662318511 -0.575564467 -0.465406952
1520616938.473260641 14.533786194 3.632152384 -14.439707684 -0.118834771 0.641580509 -0.590200848 -0.475305908
1520616938.523262501 14.483809127 3.610230411 -14.394979061 -0.116051101 0.622023256 -0.601393015 -0.487796732
1520616938.573263407 14.428788512 3.585906023 -14.327248475 0.108128944 -0.599488173 0.606097934 0.511436561
1520616938.623264551 14.370364476 3.569940615 -14.277633993 0.093373225 -0.572107950 0.607671904 0.542870879
1520616938.673266411 14.308402940 3.573058379 -14.220817631 0.072658155 -0.547481344 0.603183351 0.575460525
1520616938.723268509 14.248388923 3.571484221 -14.163706573 0.045542346 -0.525805436 0.597016164 0.604174013
1520616938.773270607 14.182317718 3.579333842 -14.107544452 0.019374257 -0.505435825 0.588102687 0.631105771
1520616938.823271513 14.127151055 3.591035541 -14.042925269 -0.006630734 -0.482322322 0.578896812 0.657418962
1520616938.873275518 14.067413323 3.605252934 -13.986087110 -0.030440218 -0.454895119 0.571169240 0.682575654
1520616938.923274517 14.026112756 3.613601409 -13.933170602 -0.048755664 -0.425392584 0.569343136 0.701792297
1520616938.973276615 13.969964772 3.640037511 -13.872878210 -0.064103268 -0.390119133 0.564556001 0.724551140
1520616939.023277760 13.933130866 3.653850514 -13.810366324 -0.081126141 -0.357508563 0.554351083 0.747195459
1520616939.073279619 13.900050211 3.679575400 -13.757962486 -0.102272326 -0.327706295 0.542890935 0.766432246
1520616939.123280525 13.871661081 3.708518527 -13.704990063 -0.125748859 -0.298707782 0.525782493 0.786456391
1520616939.173282623 13.848606723 3.739729754 -13.654946836 -0.148557592 -0.268687175 0.510440565 0.803236126
1520616939.223283529 13.832825056 3.763920885 -13.606851962 -0.168267651 -0.240317870 0.497801706 0.816165903
1520616939.273285389 13.826195809 3.780956323 -13.563057959 -0.181648420 -0.217333346 0.487355424 0.825987142
1520616939.323286533 13.818504464 3.797319915 -13.513432328 -0.186700783 -0.194657388 0.473027752 0.838746723
1520616939.373288631 13.805041356 3.819106878 -13.465103281 -0.182255168 -0.170587825 0.460094226 0.852054078
1520616939.423289537 13.798630440 3.833196645 -13.412448103 -0.170235214 -0.148645165 0.444553787 0.866773625
1520616939.473291636 13.787919582 3.830908362 -13.356171343 -0.153668414 -0.129086638 0.431658319 0.879428083
1520616939.523293495 13.773825388 3.834176437 -13.301489302 -0.132125769 -0.118236619 0.413960161 0.892860498
1520616939.573294401 13.753076461 3.825754157 -13.248858681 -0.112555015 -0.112959650 0.397320556 0.903718907
1520616939.623296499 13.750274188 3.802384752 -13.182154762 -0.094707942 -0.120024979 0.388153294 0.908824202
1520616939.673298597 13.731239118 3.765484052 -13.135312296 -0.083607714 -0.125922253 0.391660453 0.907609732
1520616939.723299503 13.704534604 3.743601931 -13.084241596 -0.071267646 -0.136343685 0.400259143 0.903395783
1520616939.773300648 13.669621523 3.704855846 -13.034548503 -0.065075758 -0.153038737 0.410609248 0.896517895
1520616939.823302507 13.628786101 3.668950408 -12.994386208 -0.059432203 -0.170547758 0.417023951 0.890770621
1520616939.871281385 13.587591498 3.650188801 -12.965891599 -0.052017052 -0.187933218 0.425819305 0.883545840
1520616939.921282291 13.546464720 3.632595904 -12.932628524 -0.045004995 -0.206848015 0.437777800 0.873807214
1520616939.971284628 13.484790287 3.617927991 -12.898163625 -0.037870948 -0.221386523 0.450412609 0.864107795
1520616940.021286488 13.426363114 3.606729932 -12.871298725 -0.033151517 -0.233969771 0.465771919 0.852769396
1520616940.071287394 13.371798998 3.602594490 -12.840709335 -0.030916194 -0.247131137 0.477537067 0.842572691
1520616940.121289492 13.309116965 3.561709199 -12.832565143 -0.043896080 -0.254945407 0.494564893 0.829747877
1520616940.171291590 13.257286461 3.549027570 -12.807095637 -0.056421917 -0.266679289 0.503697926 0.819748207
1520616940.221292496 13.225713592 3.543020975 -12.776389963 -0.072761242 -0.287089165 0.510365039 0.807349454
1520616940.268473387 13.204459917 3.551530046 -12.737529116 -0.087784599 -0.307098631 0.514957550 0.795489168
1520616940.318474293 13.178257720 3.543352597 -12.707030044 -0.105504954 -0.320506745 0.512453816 0.789642462
1520616940.368476152 13.150089958 3.538663981 -12.675605495 -0.118313570 -0.326958032 0.509672568 0.786977902
1520616940.418477297 13.123727374 3.562114180 -12.635928699 -0.125267339 -0.330361957 0.508476136 0.785252246
1520616940.468478203 13.094519869 3.585617907 -12.593932336 -0.128924959 -0.326014032 0.507934577 0.786826329
1520616940.518480301 13.072342971 3.609552672 -12.544066363 -0.133338208 -0.319234194 0.510700339 0.787080438
1520616940.568482399 13.042142870 3.625268024 -12.499284709 -0.135286041 -0.307229226 0.512796812 0.790156516
1520616940.618483305 13.012202501 3.660646180 -12.435329818 -0.131620047 -0.292384120 0.508081323 0.799400437
1520616940.667239189 12.998771396 3.682822148 -12.382653466 -0.128311025 -0.279827344 0.501468105 0.808555921
1520616940.717152119 12.981086681 3.700058099 -12.332470992 -0.121833530 -0.264751591 0.488946394 0.822188914
1520616940.767154217 12.969796066 3.728890812 -12.271325254 -0.112204073 -0.252863322 0.470974931 0.837647301
1520616940.817155123 12.966754832 3.753318359 -12.212761541 -0.104826438 -0.242451636 0.457937186 0.848835765
1520616940.867156982 12.952941369 3.773874804 -12.150193067 -0.097536645 -0.227192823 0.447055385 0.859657785
1520616940.917158127 12.950207782 3.798083730 -12.093866985 -0.092510280 -0.216993615 0.434985021 0.868990017
1520616940.967160225 12.945766286 3.822100874 -12.036818044 -0.090775596 -0.207795623 0.422089822 0.877736266
1520616941.017161131 12.931312095 3.835527110 -11.989031319 -0.091771506 -0.197324779 0.413528199 0.884101437
1520616941.066149235 12.919044231 3.857171423 -11.938736963 -0.094415997 -0.189612498 0.404832408 0.889518657
1520616941.116151333 12.909702103 3.876918947 -11.882360797 -0.097349838 -0.184186785 0.400258937 0.892407430
1520616941.166152239 12.900154545 3.896432489 -11.824524584 -0.098026766 -0.178272802 0.393325823 0.896607137
1520616941.216154099 12.889857329 3.901798300 -11.770435129 -0.099468999 -0.169108682 0.388150346 0.900470700
1520616941.266155243 12.884653573 3.911373871 -11.709498679 -0.095625171 -0.160488214 0.382901304 0.904702134
1520616941.316157341 12.873922103 3.902049478 -11.652741285 -0.091825073 -0.151955071 0.387621517 0.904559214
1520616941.366159439 12.852766117 3.895897213 -11.598992787 -0.083676985 -0.136584768 0.388936009 0.907232905
1520616941.416160345 12.825814250 3.885798958 -11.544235917 -0.076203567 -0.120596890 0.385555400 0.911590061
1520616941.466162205 12.796962789 3.878071915 -11.490814480 -0.065989583 -0.112921137 0.381376102 0.915121009
1520616941.515747070 12.759317149 3.871374736 -11.445429397 -0.058828164 -0.114560095 0.385514476 0.913670521
1520616941.565749168 12.706957422 3.867692762 -11.406499000 -0.055141697 -0.121595414 0.399668232 0.906884366
1520616941.615750313 12.663545270 3.878068297 -11.360397958 -0.055732095 -0.133006005 0.412724600 0.899367412
1520616941.665752172 12.607973625 3.877227303 -11.318508518 -0.061782713 -0.148260186 0.421337488 0.892567384
1520616941.715754032 12.550849321 3.874298288 -11.280852321 -0.069733455 -0.165976070 0.427495381 0.885910204
1520616941.765755892 12.488273282 3.879155496 -11.266213922 -0.074579165 -0.187454055 0.431399482 0.879314172
1520616941.815757036 12.452054221 3.855693875 -11.223000134 -0.080299533 -0.212314351 0.428036682 0.874790947
1520616941.865759134 12.397185852 3.836855870 -11.181142422 -0.077500794 -0.235880828 0.434084786 0.865981675
1520616941.916065216 12.352964256 3.807855167 -11.136179389 -0.074089749 -0.253254772 0.442398458 0.857120956
1520616941.966066122 12.311451791 3.763698539 -11.107858293 -0.067224643 -0.266596507 0.445512755 0.852012638
1520616942.016067982 12.273881987 3.730945071 -11.074657196 -0.059522502 -0.282051672 0.448413067 0.846067165
1520616942.066070080 12.231552430 3.702574433 -11.047027459 -0.052814803 -0.302145467 0.450590767 0.838383370
1520616942.116070986 12.188254178 3.681324611 -11.019046929 -0.045278476 -0.330013452 0.452350964 0.827296553
1520616942.166072845 12.141441856 3.658755248 -10.993154556 -0.039350346 -0.360265425 0.450625871 0.815841099
1520616942.216076136 12.105407029 3.643245863 -10.969117295 -0.032524179 -0.392840802 0.448311646 0.802268627
1520616942.266076088 12.066002470 3.622050793 -10.931999089 -0.023891857 -0.423790103 0.441325770 0.790609064
1520616942.317450047 12.029503622 3.609136908 -10.892591429 -0.012268657 -0.452758987 0.442183591 0.774165649
1520616942.367390156 12.001087127 3.586284568 -10.844158922 0.000586657 -0.477169333 0.446263273 0.757072107
1520616942.417391062 11.976828721 3.565205114 -10.796105689 0.013016102 -0.499333909 0.451187201 0.739544683
1520616942.467393160 11.948991843 3.542739933 -10.759259744 0.023992330 -0.513148852 0.456940735 0.726159616
1520616942.517394066 11.925054233 3.526680393 -10.706989605 0.033189590 -0.525003915 0.463029411 0.713353422
1520616942.567395926 11.903459742 3.514174748 -10.655173413 0.039558756 -0.537268638 0.472835412 0.697283435
1520616942.617397070 11.881187996 3.504418171 -10.597753749 0.045090654 -0.547422441 0.481982667 0.682633293
1520616942.667398930 11.856070275 3.497700329 -10.540738010 0.046162378 -0.557051677 0.499783458 0.661648668
1520616942.716712475 11.828173105 3.489913589 -10.486731250 0.052066247 -0.566422192 0.512862885 0.642982635
1520616942.766713381 11.801407040 3.484788256 -10.435099940 0.059550959 -0.571990128 0.524140299 0.628138459
1520616942.816715717 11.770033002 3.477091803 -10.391474184 0.064256458 -0.573331935 0.541877089 0.611171678
1520616942.866716623 11.743229299 3.471008930 -10.338916487 0.065080001 -0.565396847 0.558812670 0.603174434
1520616942.916718483 11.707963055 3.471615146 -10.273304965 0.061605263 -0.538420295 0.572825296 0.614963054
1520616942.966719627 11.669184032 3.476499796 -10.204188704 0.059683573 -0.497361406 0.574651876 0.647182142
1520616943.016721487 11.647002679 3.479938834 -10.131587410 0.054862516 -0.454102346 0.571723757 0.681111671
1520616943.066723347 11.628998840 3.487314287 -10.056226158 0.046003432 -0.414438440 0.563035590 0.713523222
1520616943.117306709 11.606444647 3.504424382 -9.993427347 0.033887903 -0.376839619 0.550567017 0.744123290
1520616943.167308807 11.572132112 3.509501725 -9.928039842 0.017166067 -0.339049855 0.538597058 0.771144429
1520616943.217309713 11.528941169 3.519903798 -9.859739456 0.002237648 -0.296521798 0.521180500 0.800275391
1520616943.267311811 11.492540535 3.540183565 -9.794009616 -0.015565105 -0.251268809 0.501651830 0.827627425
1520616943.317313910 11.442856922 3.539331561 -9.728087138 -0.036542403 -0.202838152 0.485566916 0.849556418
1520616943.367315769 11.407360927 3.553496622 -9.671876488 -0.056440753 -0.153646180 0.471127080 0.866744811
1520616943.417316675 11.363819420 3.572350455 -9.613042147 -0.068597040 -0.103468559 0.455374239 0.881602522
1520616943.467318773 11.341668239 3.581943855 -9.552702068 -0.080331908 -0.055655670 0.435532785 0.894852180
1520616943.516673803 11.319204743 3.588607458 -9.500080601 -0.087051406 -0.008088716 0.409397600 0.908157602
1520616943.566674948 11.300581558 3.596203199 -9.441510336 -0.092062186 0.029469861 0.383806051 0.918340349
1520616943.616675854 11.282842684 3.601848220 -9.390112962 -0.096123348 0.056743497 0.357631229 0.927167936
1520616943.666677952 11.261528140 3.622595353 -9.333093750 -0.097864054 0.073991102 0.334631541 0.934328462
1520616943.716679096 11.242487072 3.625290527 -9.281847446 -0.101952017 0.074386082 0.316712680 0.940088068
1520616943.766680956 11.225422567 3.627719535 -9.231928594 -0.102258471 0.066546417 0.295171068 0.947622721
1520616943.816681862 11.200193540 3.637813314 -9.176580221 -0.095296839 0.055306224 0.268432324 0.956976396
1520616943.866683960 11.170312381 3.639155150 -9.121032120 -0.081160432 0.040019239 0.234157375 0.967978186
1520616943.916684866 11.140842324 3.638143984 -9.064561439 -0.059882470 0.020724189 0.198184671 0.978114223
1520616943.965535164 11.110469795 3.630484082 -9.009506553 -0.032285080 -0.002503551 0.164241160 0.985888557
1520616944.015502930 11.083527421 3.619022524 -8.953025985 -0.003605764 -0.031195489 0.137227416 0.990041654
1520616944.065505028 11.062889500 3.598632504 -8.904452190 0.020126242 -0.066499057 0.117422315 0.990648681
1520616944.115505934 11.036972689 3.589014809 -8.858133841 0.044667655 -0.112825185 0.113500291 0.986099874
1520616944.165508032 10.990642043 3.567392024 -8.821031452 0.059592155 -0.163057284 0.119008261 0.977598144
1520616944.215509176 10.950477104 3.554074965 -8.785165040 0.074993397 -0.213874147 0.122630823 0.966227468
1520616944.265511036 10.904407834 3.539688239 -8.757460111 0.089358295 -0.257698641 0.127404266 0.953611377
1520616944.315512896 10.874091091 3.527399838 -8.722648838 0.107529734 -0.296878929 0.127124024 0.940287052
1520616944.365164280 10.830951702 3.516915172 -8.688817779 0.122737362 -0.330451291 0.137802526 0.925606800
1520616944.415166616 10.780231006 3.497239308 -8.654145426 0.136651486 -0.361747383 0.160747179 0.908088953
1520616944.465167522 10.724513090 3.492709851 -8.628644032 0.142742080 -0.385740832 0.204258862 0.888316963
1520616944.515169382 10.688574729 3.466447115 -8.595130013 0.143057012 -0.409988867 0.237256705 0.868995441
1520616944.565170527 10.642467037 3.443892345 -8.562261449 0.137886847 -0.434885003 0.278939244 0.845017840
1520616944.615172386 10.611742621 3.429027076 -8.522641795 0.129163781 -0.459907336 0.318122698 0.818901648
1520616944.665174484 10.582267804 3.410451497 -8.484177762 0.117721878 -0.475239456 0.357581249 0.795251325
1520616944.715175629 10.550999179 3.393597717 -8.444651676 0.107360165 -0.480759227 0.399732519 0.773018935
1520616944.766014099 10.522280794 3.374971514 -8.398075419 0.094481067 -0.481904067 0.439348537 0.752206528
1520616944.816015005 10.488533452 3.364122463 -8.351710590 0.082461288 -0.473018412 0.482154997 0.732789381
1520616944.866017103 10.455156991 3.360362602 -8.297530459 0.069913208 -0.455604076 0.521081301 0.718339297
1520616944.916018963 10.410810944 3.352212503 -8.245411901 0.054785193 -0.432439438 0.557395984 0.706614769
1520616944.966019869 10.374975779 3.350072359 -8.184085140 0.034568066 -0.408930329 0.584950659 0.699581132
1520616945.016022205 10.338189495 3.349094086 -8.127818016 0.005346141 -0.383838458 0.611256675 0.692101679
1520616945.066024065 10.308902033 3.369642095 -8.064009325 -0.021665342 -0.358910818 0.631634407 0.686841767
1520616945.116024971 10.282434831 3.375916766 -8.001851076 -0.046674049 -0.328974174 0.650086638 0.683362927
1520616945.167651892 10.294491711 3.424929069 -7.853059379 -0.068951548 -0.297167105 0.659194775 0.687313352
1520616945.217653751 10.272178768 3.420629094 -7.791450469 -0.084010651 -0.254121342 0.671653754 0.690829783
1520616945.267654657 10.252691639 3.422926179 -7.727209979 -0.093149021 -0.208227337 0.682491517 0.694384595
1520616945.317655802 10.230543547 3.426542994 -7.666871392 -0.103203387 -0.161514404 0.685889157 0.702010130
1520616945.367658854 10.208562195 3.442094469 -7.603763022 -0.114531582 -0.116420644 0.679693059 0.715084677
1520616945.417658806 10.183934919 3.466874822 -7.544432809 -0.123632906 -0.076554045 0.665918163 0.731715370
1520616945.467660904 10.155523971 3.490933456 -7.487935725 -0.130897994 -0.040323678 0.649914067 0.747563658
1520616945.517661810 10.127568166 3.514732528 -7.430661019 -0.137088574 -0.003613226 0.626062728 0.767619129
1520616945.572168350 10.102173538 3.540112665 -7.368499145 -0.139329944 0.032321683 0.593588500 0.791956545
1520616945.622176409 10.080376709 3.563562437 -7.313404796 -0.136075865 0.063892374 0.559333040 0.815197935
1520616945.672171116 10.066096905 3.564139934 -7.255511371 -0.134032042 0.095584766 0.526385991 0.834156312
1520616945.722172260 10.055457839 3.569191162 -7.201647940 -0.127693378 0.122553968 0.489250011 0.853996108
1520616945.772174120 10.047076654 3.576747492 -7.152691104 -0.120907120 0.141026595 0.450444145 0.873265733
1520616945.822175264 10.030180286 3.579213435 -7.105423703 -0.114851810 0.152331616 0.412144814 0.890921317
1520616945.872177362 10.009199806 3.580194614 -7.057024389 -0.108191673 0.154232264 0.377013637 0.906844908
1520616945.922179222 9.982899849 3.584038383 -7.008809842 -0.098567380 0.144831790 0.347158101 0.921297714
1520616945.972037792 9.950178382 3.582503369 -6.958934971 -0.091317595 0.126758968 0.321690395 0.933867523
1520616946.023311377 9.925814051 3.588590057 -6.904351687 -0.081904627 0.100072355 0.298258581 0.945684395
1520616946.073312283 9.885426406 3.587467525 -6.860365394 -0.069011716 0.074145089 0.269282773 0.957719519
1520616946.123314619 9.848011237 3.581110459 -6.818612680 -0.051681510 0.047477875 0.238689240 0.968556823
1520616946.173315525 9.796340695 3.578921302 -6.768568773 -0.029208862 0.020356932 0.213254123 0.976347846
1520616946.223317385 9.775896208 3.573203126 -6.735774122 -0.006515390 -0.006810038 0.192939245 0.981165440
1520616946.273319483 9.737099341 3.551865261 -6.692413211 0.012476235 -0.034824321 0.175500132 0.983784181
1520616946.323320389 9.699472975 3.539282860 -6.651545932 0.029030926 -0.073557995 0.161465976 0.983704816
1520616946.373322248 9.656263444 3.526327816 -6.618354540 0.043260226 -0.118221656 0.152533656 0.980247763
1520616946.423508644 9.584533813 3.533477209 -6.578941999 0.058249736 -0.163486075 0.154733438 0.972592841
1520616946.473510504 9.539171391 3.525939711 -6.549208241 0.072816692 -0.205812183 0.159894553 0.962690400
1520616946.523511648 9.498059059 3.519499352 -6.512713580 0.090614302 -0.241884722 0.164839788 0.951897407
1520616946.573513508 9.449658759 3.494782464 -6.483356665 0.103729519 -0.276801900 0.181088763 0.937991340
1520616946.623515368 9.403357051 3.481681907 -6.449488303 0.117702227 -0.304531225 0.202695640 0.923212541
1520616946.673517704 9.377499863 3.457485016 -6.419119706 0.128385619 -0.329823798 0.225181107 0.907759255
1520616946.723518610 9.340408327 3.439008780 -6.382657930 0.136978850 -0.351394652 0.252430510 0.891087779
1520616946.773519516 9.302311139 3.424303679 -6.348360513 0.141612457 -0.374526172 0.283578997 0.871354698
1520616946.823521614 9.269720094 3.403286470 -6.316006645 0.139137177 -0.396441578 0.311914134 0.852164593
1520616946.873523474 9.234707026 3.377692212 -6.283274401 0.130235746 -0.415592729 0.339795070 0.833583016
1520616946.923524380 9.197001260 3.369271719 -6.245924253 0.117264344 -0.432596683 0.369518088 0.813981306
1520616946.973526716 9.167788878 3.360529752 -6.211604130 0.101502501 -0.447054219 0.396073286 0.795591428
1520616947.023527622 9.137635677 3.352995457 -6.170906441 0.086263351 -0.456243962 0.419404894 0.780063854
1520616947.073529482 9.099341662 3.345397636 -6.140661403 0.070448369 -0.461506328 0.448312412 0.762276143
1520616947.123530626 9.069611316 3.337393868 -6.094931289 0.054398621 -0.462189605 0.480448021 0.743364821
1520616947.173532486 9.035579003 3.328666652 -6.042154066 0.040459755 -0.453182631 0.513488136 0.727542745
1520616947.223534346 9.008029786 3.320298937 -5.984042642 0.030220279 -0.434376719 0.545596872 0.716050036
1520616947.273535490 8.980741208 3.316283450 -5.916990929 0.021149211 -0.410494972 0.571431272 0.710290708
1520616947.323536396 8.951000980 3.312067041 -5.854115669 0.009249159 -0.384333420 0.589829853 0.710142957
1520616947.373538733 8.930252244 3.298396436 -5.791560531 -0.011651143 -0.356912945 0.598374840 0.717234238
1520616947.423539639 8.901984542 3.285443657 -5.734127376 -0.039505659 -0.326177688 0.606808316 0.723761761
1520616947.473541498 8.877111914 3.288331033 -5.683785618 -0.069999435 -0.296268040 0.610310568 0.731331894
1520616947.523543596 8.844230361 3.289570234 -5.647306032 -0.101907777 -0.262266161 0.612840952 0.738415353
1520616947.573544502 8.813885754 3.296176192 -5.580771624 -0.131356273 -0.228634100 0.611536131 0.745986285
1520616947.621969700 8.787985251 3.307291938 -5.521781278 -0.153406062 -0.193780017 0.609910803 0.752944020
1520616947.671970606 8.754117125 3.310946532 -5.468771245 -0.167956102 -0.154123032 0.604682867 0.763148393
1520616947.721972942 8.730278126 3.330136173 -5.414779959 -0.173935396 -0.116541470 0.594749144 0.776168809
1520616947.771973610 8.703201787 3.343917056 -5.355545171 -0.176364240 -0.080221479 0.581024443 0.790487676
1520616947.821975708 8.684345702 3.363682464 -5.285451896 -0.178504364 -0.046470636 0.560740762 0.807184285
1520616947.871977806 8.658205656 3.372567232 -5.237866380 -0.184392877 -0.010931519 0.538386624 0.822204118
1520616947.921978712 8.637752966 3.381550611 -5.187880318 -0.192595156 0.019570153 0.516213577 0.834294707
1520616947.971980810 8.612871225 3.396933166 -5.133076016 -0.199631551 0.044132018 0.494722436 0.844659292
1520616948.021053553 8.585218655 3.406675933 -5.097882436 -0.201559289 0.064463168 0.468463689 0.857764609
1520616948.071054459 8.558633715 3.419343799 -5.049804394 -0.200066735 0.079303516 0.439188243 0.872237319
1520616948.121055365 8.543068782 3.434594362 -4.991851520 -0.193797756 0.090168078 0.405988029 0.888530173
1520616948.171057463 8.526173343 3.440808879 -4.946307179 -0.182219889 0.098551984 0.369245375 0.905947720
1520616948.221059322 8.510400430 3.436747385 -4.884810091 -0.165814950 0.101051947 0.331391343 0.923295015
1520616948.271061420 8.486847651 3.436591721 -4.836751323 -0.140614136 0.097571891 0.301504940 0.937977698
1520616948.321062565 8.455554806 3.435154536 -4.785783572 -0.113521789 0.084641998 0.278833079 0.949842434
1520616948.371063471 8.422354692 3.440680532 -4.734577258 -0.091270266 0.065798122 0.252793733 0.960955605
1520616948.421172380 8.391187793 3.432704292 -4.685677395 -0.078241936 0.040187045 0.224596145 0.970473994
1520616948.470330477 8.357596012 3.417979589 -4.646821858 -0.070595045 0.006208433 0.207388439 0.975688388
1520616948.520331621 8.316532420 3.411708609 -4.612897170 -0.060933426 -0.035140883 0.202141016 0.976827132
1520616948.570333481 8.281241313 3.410134515 -4.576242849 -0.052792478 -0.078913135 0.208441405 0.973415560
1520616948.620338440 8.251428310 3.397872657 -4.542459703 -0.046396059 -0.116772545 0.222205193 0.966869397
1520616948.670336723 8.216173848 3.379114828 -4.503081843 -0.040838849 -0.143976200 0.242115336 0.958636118
1520616948.720337391 8.181327496 3.366334692 -4.466601204 -0.032910901 -0.162970639 0.270756629 0.948181571
1520616948.770339489 8.145105342 3.353181487 -4.425743912 -0.024812936 -0.173010286 0.305697186 0.935949245
1520616948.820340633 8.112499843 3.347833014 -4.380364125 -0.017107323 -0.174087944 0.338420232 0.924593140
1520616948.867841482 8.092214221 3.344763037 -4.339234605 -0.015550206 -0.171002063 0.374465182 0.911203771
1520616948.917842388 8.067958307 3.342779836 -4.286536277 -0.020760171 -0.164138350 0.413978933 0.895125164
1520616948.967948437 8.053553578 3.339605270 -4.233165915 -0.035925572 -0.146516053 0.451362804 0.879496457
1520616949.017845392 8.036986012 3.340655277 -4.180040628 -0.052663084 -0.119049413 0.482543349 0.866144187
1520616949.067847252 8.038807959 3.351975679 -4.133107371 -0.069862589 -0.081681423 0.503949854 0.857019199
1520616949.117849112 8.049130894 3.375934593 -4.087617501 -0.083939425 -0.035650376 0.517059711 0.851077246
1520616949.167850256 8.060674958 3.393395595 -4.036813342 -0.097548297 0.021421121 0.523719216 0.846016340
1520616949.217852354 8.065135365 3.416067733 -3.982894719 -0.116948987 0.081071509 0.520811297 0.841727947
1520616949.266531706 8.090770033 3.452756174 -3.946828107 -0.142978441 0.132018067 0.513991696 0.835428592
1520616949.316533566 8.114069544 3.483885878 -3.905343800 -0.176916117 0.183489695 0.497413698 0.829223632
1520616949.366534710 8.139994574 3.514884104 -3.868813924 -0.205217992 0.227327250 0.479068625 0.822618472
1520616949.416536570 8.166534065 3.534334496 -3.844139730 -0.227073892 0.264229851 0.448888440 0.822872531
1520616949.466538668 8.186127871 3.574873653 -3.809206249 -0.237473462 0.294786915 0.407229284 0.831186706
1520616949.516539812 8.205954753 3.602491390 -3.782660859 -0.240810284 0.317249642 0.355856036 0.845416793
1520616949.566541672 8.227965788 3.629417359 -3.752470808 -0.234436377 0.334062237 0.300075592 0.862204527
1520616949.616542578 8.258886524 3.641469429 -3.714137433 -0.222800930 0.344477149 0.246006078 0.878166413
1520616949.665871620 8.288703673 3.669411769 -3.690789535 -0.208762787 0.343156867 0.188402143 0.896195345
1520616949.715872526 8.312032996 3.683533785 -3.648877461 -0.198113064 0.334971476 0.148693156 0.909085073
1520616949.765874863 8.336872144 3.713886082 -3.621985910 -0.190398963 0.312595229 0.120211036 0.922811879
1520616949.815876722 8.354137072 3.739836449 -3.600728019 -0.183939870 0.283191192 0.106350534 0.935231756
1520616949.865877628 8.372821905 3.768176597 -3.570684859 -0.177333039 0.251360265 0.114855392 0.944552407
1520616949.915879726 8.393143155 3.791239020 -3.542208832 -0.171316908 0.222214607 0.136826078 0.950026215
1520616949.965881586 8.403368675 3.809624747 -3.517405301 -0.163998541 0.202736679 0.172484634 0.949869132
1520616950.015882492 8.403709489 3.837849502 -3.484951352 -0.159882127 0.193990061 0.217901763 0.943039969
1520616950.065271616 8.406871193 3.850590085 -3.448161292 -0.165866800 0.195342390 0.265340080 0.929475227
1520616950.115273476 8.422397268 3.882972843 -3.424280512 -0.178084374 0.204754778 0.316992205 0.908777959
1520616950.165274620 8.428524177 3.919252119 -3.404927368 -0.192799732 0.225346614 0.361473082 0.883959489
1520616950.215276718 8.462108423 3.941694710 -3.402163478 -0.206727673 0.249120830 0.398836271 0.857981416
1520616950.265277624 8.476300982 3.973558371 -3.385214967 -0.217021594 0.284315044 0.424823393 0.831619906
1520616950.315278769 8.482891305 4.023303041 -3.371704473 -0.228081509 0.324175200 0.437147236 0.807336088
1520616950.365280628 8.478218069 4.084818502 -3.346726344 -0.240903286 0.365718207 0.437781070 0.785215597
1520616950.415284634 8.501896297 4.117225533 -3.337942633 -0.262267461 0.401103986 0.431446051 0.764320402
1520616950.465303898 8.525635783 4.167247615 -3.334144803 -0.285463760 0.429624081 0.414112684 0.749962850
1520616950.515306950 8.552821486 4.217986767 -3.324105186 -0.312699219 0.450019741 0.384622010 0.742810434
1520616950.565306902 8.556108482 4.272403463 -3.308149636 -0.337859325 0.460490512 0.342297099 0.746077918
1520616950.615384817 8.594086692 4.322552828 -3.303758198 -0.361784857 0.454428412 0.291582017 0.759991094
1520616950.665310144 8.624793943 4.354046067 -3.279123136 -0.381610440 0.443642029 0.230436970 0.777466414
1520616950.715312004 8.649279960 4.376554795 -3.245564512 -0.386626092 0.425206010 0.175666753 0.799287999
1520616950.765312910 8.680379384 4.403403281 -3.206931006 -0.382970279 0.396282759 0.127693025 0.824613990
1520616950.815315008 8.703336528 4.433724556 -3.171944154 -0.375121069 0.364205981 0.084243463 0.848257759
1520616950.865315914 8.709532648 4.463282998 -3.125613870 -0.361811261 0.330130736 0.051411197 0.870323616
1520616950.915428638 8.725418525 4.498976545 -3.096723651 -0.341833398 0.293303749 0.031746737 0.892252758
1520616950.965429544 8.737809987 4.527128068 -3.060501685 -0.321467663 0.252423982 0.020076087 0.912434998
1520616951.015431404 8.737956808 4.548194131 -3.035339027 -0.295446958 0.213493633 0.014420309 0.931087331
1520616951.065433741 8.735082489 4.582147153 -2.990330739 -0.267180489 0.171703749 0.015761606 0.948094922
1520616951.115434647 8.720662726 4.607902912 -2.941502538 -0.238023086 0.128488833 0.022872265 0.962451292
1520616951.165436506 8.689964358 4.623934228 -2.862520037 -0.214957984 0.086631793 0.034499845 0.972161385
1520616951.215437651 8.664509197 4.635631721 -2.816156594 -0.189331812 0.043135330 0.052793725 0.979543583
1520616951.265439510 8.644055565 4.670478253 -2.774360587 -0.163726546 0.005343042 0.071136319 0.983923114
1520616951.315726995 8.626603735 4.668465794 -2.727396756 -0.145302101 -0.029289034 0.094747979 0.984404527
1520616951.365729094 8.609859429 4.688328167 -2.687518860 -0.125537759 -0.059783716 0.121233730 0.982836996
1520616951.415730953 8.588398388 4.712266656 -2.653287867 -0.105408753 -0.089461163 0.152826361 0.978534516
1520616951.465731859 8.554753469 4.712157598 -2.613995510 -0.092448921 -0.116003784 0.185708626 0.971343721
1520616951.515734196 8.523741575 4.710061671 -2.564380127 -0.084379242 -0.140705287 0.215839215 0.962546414
1520616951.565735102 8.502514739 4.728584321 -2.526025631 -0.069168307 -0.162922880 0.252169651 0.951358159
1520616951.615736961 8.474947786 4.747784858 -2.470981390 -0.059130631 -0.179431174 0.287301209 0.939023982
1520616951.665739059 8.453039069 4.757981034 -2.424224088 -0.048195577 -0.193613964 0.321604349 0.925614100
1520616951.717198133 8.452180786 4.758736159 -2.433799888 -0.048195577 -0.193613964 0.321604349 0.925614100
1520616951.767200232 8.439128840 4.765452309 -2.390946327 -0.034404382 -0.198806459 0.353331474 0.913481910
1520616951.817202330 8.426454708 4.758754093 -2.345708339 -0.023431548 -0.197064252 0.382597745 0.902350048
1520616951.867203236 8.429029225 4.757396049 -2.304650259 -0.013714730 -0.193910351 0.408242175 0.891935541
1520616951.917204380 8.416197471 4.771937337 -2.254762934 -0.006708405 -0.183468599 0.431317927 0.883322770
1520616951.967206240 8.409864968 4.789207758 -2.215837527 -0.003456958 -0.168924047 0.455653884 0.873974973
1520616952.017208099 8.402325436 4.797258669 -2.168739380 -0.008294088 -0.148248508 0.474390188 0.867702447
1520616952.067211390 8.388002130 4.814149356 -2.115441627 -0.011821547 -0.121742590 0.486407115 0.865128378
1520616952.118067980 8.379241187 4.832943556 -2.066290110 -0.014513558 -0.089190543 0.497432461 0.862783490
1520616952.168070316 8.372001608 4.853553234 -2.013194469 -0.016583811 -0.049858464 0.508011185 0.859746327
1520616952.218072176 8.384855328 4.868842842 -1.970519727 -0.016693073 -0.010421935 0.516575844 0.856015258
1520616952.268123150 8.391881329 4.880161690 -1.913487816 -0.018252748 0.032415659 0.524573793 0.850551820
1520616952.318075180 8.400271820 4.906303998 -1.866567954 -0.018675879 0.070382118 0.529569479 0.845135336
1520616952.368076086 8.409895452 4.930595142 -1.814192468 -0.028521518 0.111101972 0.529883110 0.840277790
1520616952.418077946 8.426335804 4.960314316 -1.772094083 -0.047291347 0.150201492 0.527634177 0.834748594
1520616952.468079090 8.447866974 4.983040312 -1.727313127 -0.069938208 0.190138937 0.525736012 0.826170368
1520616952.516940832 8.459260640 5.007300474 -1.701889059 -0.090587230 0.225894421 0.521241853 0.817968579
1520616952.566941977 8.478870329 5.031234151 -1.666268047 -0.104827013 0.263410587 0.520772636 0.805246560
1520616952.616944075 8.499169204 5.068714893 -1.642083178 -0.111326552 0.300122239 0.517259639 0.793709964
1520616952.666946173 8.526569592 5.127540595 -1.626809802 -0.109900464 0.338324836 0.505574045 0.786036308
1520616952.716947079 8.555544384 5.168943690 -1.598587400 -0.104844026 0.381891731 0.487771432 0.777975235
1520616952.766948938 8.587012536 5.209648728 -1.580207473 -0.094390088 0.423894487 0.462108856 0.773213671
1520616952.816950083 8.620878169 5.241627612 -1.556072491 -0.083459368 0.465365823 0.431053513 0.768545414
1520616952.866951942 8.659852025 5.279348151 -1.539677710 -0.074828326 0.505755018 0.396971462 0.762250774
1520616952.915787697 8.700119717 5.305549283 -1.526542972 -0.073634093 0.545643751 0.360839811 0.752758626
1520616952.965788603 8.742292915 5.326717561 -1.522210173 -0.074810440 0.583212892 0.329345072 0.738781392
1520616953.015789747 8.780671393 5.354296632 -1.523272510 -0.077731947 0.621833366 0.298910847 0.719675840
1520616953.065791607 8.814434153 5.395279790 -1.546910857 -0.081239572 0.660787627 0.264407762 0.697745211
1520616953.115793705 8.842819831 5.425904634 -1.571386228 -0.086816110 0.701201684 0.233752224 0.667936418
1520616953.165794611 8.875582347 5.463362482 -1.613313461 -0.092043176 0.739654187 0.202728661 0.635091196
1520616953.215796471 8.904854939 5.493821014 -1.646438765 -0.097439668 0.778764873 0.168584432 0.596330506
1520616953.265798807 8.931047757 5.522200538 -1.682722879 -0.103970595 0.814300183 0.135256232 0.554807245
1520616953.315800667 8.954034600 5.542707868 -1.727251349 -0.111876365 0.845277139 0.106706455 0.511472355
1520616953.365205050 8.976327092 5.558354293 -1.765931826 -0.121561097 0.873934008 0.080795512 0.463610110
1520616953.415205956 9.001563989 5.564773563 -1.804104835 -0.130005222 0.899714100 0.059799476 0.412355676
1520616953.465208054 9.011627799 5.579388171 -1.863763770 -0.132406300 0.919085083 0.038869747 0.369107469
1520616953.515210152 9.016936226 5.584212333 -1.920350022 -0.137636155 0.935324758 0.014466666 0.325598834
1520616953.565211058 9.020994796 5.581421296 -1.971048657 -0.137606788 0.949689693 -0.008463821 0.281215617
1520616953.615213156 9.023784395 5.572543550 -2.028363032 -0.131832628 0.961904370 -0.029230779 0.237709281
1520616953.665214062 9.019463865 5.556980654 -2.084410481 -0.127573774 0.970937476 -0.053158130 0.195395915
1520616953.715215206 9.009179059 5.543717459 -2.141356777 -0.123055890 0.976908508 -0.078701079 0.155926763
1520616953.765325308 8.986339385 5.516044624 -2.195525696 -0.115433934 0.981153204 -0.097925728 0.120099743
1520616953.815323591 8.969466840 5.487523193 -2.246026727 -0.110647561 0.983789355 -0.113841297 0.083401330
1520616953.865325451 8.954934530 5.466197518 -2.302665229 -0.105418559 0.984948168 -0.127634112 0.049734963
1520616953.915348530 8.937587440 5.448722476 -2.364344049 -0.101110319 0.984400793 -0.142643870 0.019608875
1520616953.965328455 8.907914338 5.416083349 -2.421382029 -0.099617180 0.982819480 -0.155340539 -0.003406434
1520616954.015330315 8.886671061 5.396615056 -2.479769012 -0.105520803 0.979134063 -0.171866773 -0.024973186
1520616954.065331459 8.854990465 5.365261060 -2.537510927 -0.113476201 0.975699173 -0.182815843 -0.041384088
1520616954.115333557 8.819582400 5.335496045 -2.596768649 -0.124235305 0.971990903 -0.192155197 -0.053625126
1520616954.165450573 8.777342089 5.299717028 -2.652586239 -0.132064615 0.969245347 -0.198666788 -0.060447515
1520616954.215452433 8.747297353 5.266380149 -2.708145526 -0.142122534 0.964914183 -0.208239075 -0.073336846
1520616954.265454531 8.720952876 5.234741311 -2.759562300 -0.151299102 0.959542046 -0.220137744 -0.089033803
1520616954.315455675 8.680267186 5.205273253 -2.819955128 -0.157385651 0.952992524 -0.236129496 -0.106197298
1520616954.365457535 8.652339642 5.183019391 -2.879953945 -0.161541210 0.944834740 -0.253362435 -0.130381090
1520616954.415458441 8.623420591 5.151652259 -2.934066615 -0.170113709 0.936694074 -0.263699936 -0.155331521
1520616954.465460539 8.593596401 5.125074796 -2.987261882 -0.183392290 0.928083160 -0.270634496 -0.178285966
1520616954.515461445 8.565859625 5.098131613 -3.042737346 -0.200616991 0.919760204 -0.273905270 -0.196900719
1520616954.565722227 8.535710768 5.070259709 -3.094457380 -0.224539372 0.910376614 -0.275579433 -0.211784008
1520616954.615724087 8.516918164 5.044910412 -3.147494792 -0.252782951 0.898861965 -0.276783948 -0.227021130
1520616954.665724993 8.500946269 5.018143766 -3.203435502 -0.281133428 0.887481948 -0.276074325 -0.239003671
1520616954.715727091 8.488835594 4.987489888 -3.256804430 -0.307454530 0.876189042 -0.275937357 -0.248239902
1520616954.765727997 8.484881282 4.961033319 -3.307809109 -0.333264889 0.865883920 -0.275179910 -0.251903884
1520616954.815730095 8.485562547 4.934273138 -3.361334277 -0.356311024 0.858035179 -0.272153001 -0.250501155
1520616954.865732193 8.486089212 4.908673177 -3.415691913 -0.383452612 0.850866502 -0.263417071 -0.244134668
1520616954.915733099 8.487941838 4.890910916 -3.473156789 -0.408853945 0.845251846 -0.253417685 -0.232738577
1520616954.966292620 8.491843255 4.873135533 -3.531087129 -0.428180144 0.843957810 -0.240773330 -0.215465037
1520616955.016293764 8.496503119 4.858757221 -3.589186320 -0.441338531 0.846306807 -0.226995673 -0.193540834
1520616955.066295624 8.499883684 4.846494659 -3.647670738 -0.450824844 0.849470288 -0.215922011 -0.168922688
1520616955.116297483 8.504721648 4.832695455 -3.707824825 -0.454692704 0.854596592 -0.208101708 -0.140046020
1520616955.166298628 8.517883598 4.819263100 -3.770503042 -0.446161580 0.865066837 -0.204210971 -0.104389133
1520616955.216299534 8.527669652 4.804433767 -3.827054094 -0.427674800 0.877651740 -0.205836261 -0.066731724
1520616955.266301632 8.542217491 4.780545053 -3.882328010 -0.405774765 0.888619905 -0.211121833 -0.033601728
1520616955.316306591 8.548610941 4.760950751 -3.938869443 -0.379435627 0.899782899 -0.215434694 -0.002689283
1520616955.366151810 8.555160387 4.737853871 -3.994235562 -0.352967850 0.910393948 -0.215016483 0.019091076
1520616955.416152954 8.563052161 4.723331995 -4.052715770 -0.320820404 0.922400765 -0.212600424 0.032436980
1520616955.466153860 8.560698987 4.705093946 -4.108430427 -0.283401390 0.936151175 -0.203515740 0.043427801
1520616955.516155720 8.563307455 4.685301259 -4.162559538 -0.244396598 0.949326392 -0.192867329 0.043033672
1520616955.566157818 8.553366487 4.675922094 -4.222855910 -0.203395534 0.959029769 -0.193275520 0.039201184
1520616955.616158724 8.537252439 4.650858935 -4.282539246 -0.170163771 0.963722885 -0.203894465 0.026637168
1520616955.666159868 8.522094161 4.627740654 -4.344045034 -0.139364798 0.964368309 -0.224582368 0.011574872
1520616955.716161966 8.545256905 4.586434267 -4.421527748 -0.103662289 0.962571323 -0.250086675 -0.012931880
1520616955.766162872 8.562696769 4.536801828 -4.493045481 -0.073255317 0.958456443 -0.271445167 -0.048087695
1520616955.816668272 8.567274769 4.457809658 -4.548662542 -0.037520945 0.952151521 -0.290985289 -0.085599186
1520616955.866670132 8.560557083 4.385274514 -4.606032130 -0.007260448 0.941636961 -0.308635600 -0.134205759
1520616955.916671038 8.515235986 4.353327280 -4.652560216 0.009649073 0.926400869 -0.326421206 -0.187450051
1520616955.966673136 8.497422073 4.290110786 -4.697962325 0.027175877 0.907654463 -0.334610513 -0.251913978
1520616956.016674042 8.488273485 4.213644634 -4.741298575 0.047471892 0.885628603 -0.339202405 -0.313608236
1520616956.066676140 8.454025027 4.161758632 -4.771608107 0.058758772 0.864223666 -0.339484300 -0.366626884
1520616956.116677284 8.396877880 4.148097842 -4.819808549 0.056143469 0.839100373 -0.344688368 -0.417071222
1520616956.166679144 8.349459483 4.119264948 -4.860921561 0.045900301 0.813515540 -0.345603985 -0.465449797
1520616956.217822075 8.264823333 4.114891951 -4.918151844 0.019509779 0.783622995 -0.355785881 -0.508891715
1520616956.267823935 8.212215655 4.085704390 -4.938916228 -0.005274688 0.756382397 -0.356582705 -0.548367232
1520616956.317826033 8.169339385 4.028998167 -4.966697830 -0.030497854 0.728906023 -0.356770541 -0.583507216
1520616956.367828131 8.143253246 3.974241193 -4.974283615 -0.058986321 0.701832904 -0.354065080 -0.615295952
1520616956.417829037 8.102109548 3.952664536 -4.979412935 -0.092007128 0.672238487 -0.346060741 -0.647975361
1520616956.467830181 8.056351959 3.926818081 -4.986102298 0.122355781 -0.644365137 0.334041685 0.676933368
1520616956.517832041 8.012448182 3.904540658 -4.991169114 0.149203715 -0.622600743 0.317688015 0.699414678
1520616956.567833900 7.968923471 3.875168891 -4.993624645 0.169273616 -0.609442853 0.296921680 0.715376382
1520616956.616280079 7.932265370 3.851734869 -5.000646698 0.179184420 -0.608091951 0.275949456 0.722474235
1520616956.666282415 7.879586522 3.838277872 -5.014312996 0.184605404 -0.611632282 0.259066983 0.724369446
1520616956.716284275 7.831570036 3.822484494 -5.021687257 0.174355072 -0.625835849 0.245198067 0.719588568
1520616956.766286135 7.778268674 3.803586848 -5.031045697 0.150671003 -0.642286540 0.241820615 0.711539907
1520616956.816287279 7.725801388 3.786921310 -5.036139610 0.130012692 -0.649161865 0.242868383 0.709013767
1520616956.866288185 7.683363956 3.759470437 -5.035578437 0.111372132 -0.649964994 0.256428464 0.706672624
1520616956.916289091 7.640962879 3.722548222 -5.025307562 0.090208252 -0.646952447 0.285656684 0.701224117
1520616956.966292381 7.606966262 3.696575948 -5.009816335 0.071195602 -0.632003568 0.315399629 0.704290956
1520616957.016060829 7.562361036 3.670234310 -4.998462547 0.049861051 -0.609173953 0.353634826 0.708070181
1520616957.066062689 7.525965657 3.642426166 -4.976007649 0.025298860 -0.576604701 0.389408897 0.717807563
1520616957.116064548 7.474881805 3.618600773 -4.953114702 -0.004662238 -0.539047602 0.428369816 0.725193248
1520616957.166065693 7.445528539 3.578333177 -4.914705665 -0.043387408 -0.505109416 0.456143603 0.731378851
1520616957.216067791 7.415881058 3.570962342 -4.886120646 -0.081007386 -0.470839449 0.482377421 0.734207083
1520616957.266068459 7.377822066 3.564847025 -4.854398222 -0.110886368 -0.435679312 0.498989516 0.740875977
1520616957.316070795 7.339692582 3.564935046 -4.821231627 -0.132621076 -0.401909209 0.510971542 0.748190297
1520616957.366071701 7.298769772 3.563650581 -4.786202523 -0.144758886 -0.367077497 0.522928671 0.755542574
1520616957.416187763 7.258769964 3.559810908 -4.751051878 -0.149776127 -0.331580943 0.531148381 0.765181408
1520616957.466189861 7.222846607 3.562589348 -4.713346522 -0.152414986 -0.295564281 0.530528966 0.779711770
1520616957.516190767 7.190287967 3.573192960 -4.670645317 -0.159870459 -0.259031309 0.519392350 0.798483440
1520616957.566192627 7.163477021 3.587009761 -4.630533593 -0.168919343 -0.221047353 0.498490469 0.821042980
1520616957.616193771 7.142984163 3.597883311 -4.591234778 -0.176507336 -0.182161624 0.478629687 0.840580708
1520616957.666195869 7.123709134 3.609312321 -4.550181109 -0.174244484 -0.144465345 0.463082770 0.856926468
1520616957.716197014 7.103632803 3.618818471 -4.508663753 -0.164780901 -0.105302554 0.441565124 0.875659105
1520616957.766198874 7.090031456 3.622072420 -4.462293522 -0.147843310 -0.068576312 0.420587481 0.892494155
1520616957.816199780 7.074228527 3.626952674 -4.413891320 -0.118863039 -0.037472622 0.393323831 0.910913687
1520616957.867722511 7.058073877 3.642266694 -4.363944791 -0.077649092 -0.013937786 0.355167326 0.931467942
1520616957.917724609 7.039350779 3.635314400 -4.318764247 -0.041028906 0.000036129 0.326389380 0.944344535
1520616957.967725754 7.004546509 3.624693240 -4.282252868 -0.015807894 0.006253937 0.300358606 0.953674843
1520616958.017727613 6.976722637 3.622986701 -4.237484481 -0.001025886 0.002683763 0.268383243 0.963307936
1520616958.067729473 6.955571392 3.617003387 -4.192913467 0.000100398 -0.008690385 0.240077968 0.970714704
1520616958.117730618 6.933378050 3.608175806 -4.149653129 -0.007107487 -0.020695983 0.215536529 0.976250564
1520616958.167732477 6.906447875 3.601968888 -4.109139780 -0.013782082 -0.034927290 0.198198660 0.979442408
1520616958.217733383 6.873470487 3.590071257 -4.070086756 -0.017322801 -0.052832545 0.191877521 0.979842671
1520616958.267894983 6.840883190 3.586680953 -4.029547498 -0.014907450 -0.076693900 0.182175614 0.980157058
1520616958.317895889 6.805396689 3.578574781 -3.991054546 -0.012334946 -0.104237390 0.178205286 0.978378910
1520616958.367897749 6.770664474 3.566845715 -3.960831403 -0.011684147 -0.127581424 0.170521410 0.976989718
1520616958.417899847 6.728805572 3.579454858 -3.915592021 -0.013723963 -0.151447479 0.165837685 0.974357828
1520616958.467900753 6.704309240 3.590675266 -3.874628842 -0.019992907 -0.178635706 0.167040223 0.969426187
1520616958.517901659 6.660898219 3.592998740 -3.853715929 -0.033625852 -0.205391566 0.183421859 0.960749722
1520616958.567903757 6.627905329 3.593904991 -3.830218546 -0.046333498 -0.234707222 0.213242900 0.947255611
1520616958.617905855 6.596876409 3.580664231 -3.801952582 -0.057427557 -0.264199184 0.248552272 0.930119689
1520616958.668426514 6.568686179 3.595637812 -3.777965295 -0.062041387 -0.288974223 0.282890570 0.912478871
1520616958.718428850 6.531942582 3.584897213 -3.757256433 -0.069831523 -0.306857705 0.318317807 0.894223507
1520616958.768429756 6.509205430 3.582104960 -3.747841322 -0.077169571 -0.322124232 0.353576859 0.874793828
1520616958.818431616 6.473784797 3.564796268 -3.714902585 -0.085712719 -0.328240722 0.388406946 0.856767998
1520616958.868432760 6.434223124 3.558989598 -3.685157285 -0.091405431 -0.328150132 0.423633735 0.839343194
1520616958.918524742 6.395950168 3.559260987 -3.646392923 -0.098476237 -0.319612527 0.453176620 0.826305763
1520616958.968435764 6.360635387 3.571367042 -3.599916020 -0.107560609 -0.305861760 0.478706583 0.815916238
1520616959.018437624 6.308292298 3.570355571 -3.560120511 -0.122802969 -0.279453623 0.502058408 0.809173936
1520616959.068471909 6.273756995 3.574217303 -3.513093909 -0.144785919 -0.249204563 0.515122231 0.807207043
1520616959.118472815 6.234372579 3.575665956 -3.467014124 -0.171147624 -0.214232731 0.519663501 0.809174069
1520616959.168474674 6.215980927 3.586116117 -3.413139132 -0.198506606 -0.183063681 0.517229584 0.812130761
1520616959.218475819 6.193617542 3.599028788 -3.359249956 -0.222996992 -0.144740471 0.505945676 0.820573891
1520616959.268477678 6.162737624 3.610053061 -3.311075421 -0.239114566 -0.098308525 0.490488209 0.832214501
1520616959.318479061 6.151974988 3.624617443 -3.259726526 -0.249151642 -0.053458095 0.467019541 0.846733984
1520616959.368480921 6.148370495 3.644919417 -3.212982282 -0.251934660 -0.012532896 0.434583509 0.864586044
1520616959.418481827 6.136747173 3.664699547 -3.158886244 -0.245901106 0.022729715 0.401243440 0.882054254
1520616959.467776537 6.125981240 3.681058169 -3.106995816 -0.237469814 0.042743448 0.372746851 0.896013878
1520616959.517778873 6.115370280 3.711588775 -3.054002466 -0.227280889 0.049581949 0.338923820 0.911600610
1520616959.567779779 6.103658927 3.729006557 -3.001296751 -0.218436533 0.045962695 0.304608601 0.925951679
1520616959.617781639 6.093496897 3.749248102 -2.944882879 -0.203273332 0.034998483 0.265210828 0.941869564
1520616959.667782784 6.072972023 3.743685990 -2.893488403 -0.186686686 0.018832337 0.230752317 0.954749597
1520616959.717784643 6.051317830 3.741165267 -2.841479832 -0.163590606 -0.001702634 0.195711178 0.966918998
1520616959.767785549 6.041229773 3.743042197 -2.787061825 -0.137242455 -0.026065958 0.158914753 0.977359287
1520616959.817787647 6.017293427 3.732819760 -2.736105538 -0.109925455 -0.053520458 0.129284573 0.984041388
1520616959.867023230 5.993116936 3.722713613 -2.690311364 -0.081769410 -0.088200068 0.111244128 0.986488345
1520616959.917025089 5.967751679 3.711348820 -2.649624632 -0.054777672 -0.124073851 0.100537771 0.985645597
1520616959.967025995 5.922659721 3.693614034 -2.602481952 -0.032418121 -0.157100277 0.095615352 0.982408404
1520616960.017028093 5.890789574 3.687571441 -2.563562588 -0.011235758 -0.192729087 0.103864885 0.975674814
1520616960.067028999 5.860317910 3.692709100 -2.525099756 0.006571870 -0.228320062 0.121658262 0.965932724
1520616960.117031097 5.823526321 3.690562999 -2.488630286 0.015592908 -0.260136204 0.142889287 0.954813421
1520616960.167033195 5.779178516 3.685672484 -2.450799258 0.019785978 -0.287591381 0.169593051 0.942410691
1520616960.217033148 5.745970830 3.678142566 -2.414970553 0.017210137 -0.311662230 0.201794992 0.928358361
1520616960.267035007 5.707580570 3.673329428 -2.376575063 0.009758733 -0.330829087 0.243654683 0.911640981
1520616960.316322327 5.678165608 3.669686734 -2.335661364 -0.002753418 -0.340059904 0.281441443 0.897297272
1520616960.366324663 5.646411966 3.667199252 -2.293461487 -0.014133796 -0.339572266 0.318020519 0.885072800
1520616960.416325569 5.626507151 3.668857029 -2.240668657 -0.025291642 -0.335993452 0.347676914 0.874979712
1520616960.466327429 5.591582333 3.665230068 -2.198936608 -0.042310967 -0.321732913 0.382273410 0.865196368
1520616960.516328573 5.566133336 3.670347400 -2.152470327 -0.064606138 -0.301787484 0.411060492 0.857775981
1520616960.566392422 5.528155892 3.679882752 -2.108693385 -0.089222218 -0.274588927 0.439964668 0.850336056
1520616960.616331577 5.503238196 3.685559690 -2.049930338 -0.119393558 -0.246398195 0.462127403 0.843487624
1520616960.666333437 5.480264162 3.697519609 -1.988424060 -0.143594677 -0.215932830 0.477846159 0.839295317
1520616960.717009783 5.454530564 3.722765032 -1.938492856 -0.160977400 -0.184023415 0.487942274 0.837934363
1520616960.767011642 5.434813741 3.748649404 -1.887711628 -0.174302214 -0.149331499 0.489283379 0.841380186
1520616960.817012787 5.417627038 3.766810768 -1.834595715 -0.185045043 -0.112317233 0.479630977 0.850351279
1520616960.867014647 5.406559636 3.786022047 -1.777217270 -0.193849072 -0.077995845 0.463583629 0.861062950
1520616960.917015553 5.399948006 3.805209714 -1.724683030 -0.195662713 -0.047680961 0.438693404 0.875780067
1520616960.967017889 5.394863461 3.818209150 -1.672008652 -0.194536366 -0.024306533 0.407117813 0.892087373
1520616961.017018795 5.389513130 3.827703846 -1.619031912 -0.191398972 -0.008225708 0.374661347 0.907153596
1520616961.067020655 5.361412506 3.850384383 -1.565189463 -0.183811328 0.001610266 0.341998460 0.921546448
1520616961.121177912 5.332921658 3.843441942 -1.517741113 -0.175095174 0.010485274 0.301681334 0.937133988
1520616961.171178818 5.323624380 3.843136429 -1.489853596 -0.165519116 0.010339465 0.268721531 0.948833630
1520616961.221180677 5.302827507 3.859008769 -1.458457892 -0.151024130 0.007086019 0.236896806 0.959698601
1520616961.271181822 5.275829898 3.853779536 -1.415213597 -0.138565365 0.002250763 0.202628118 0.969400031
1520616961.321183920 5.248720879 3.847685089 -1.355892151 -0.126050463 -0.011835172 0.164974499 0.978138346
1520616961.371185780 5.235008797 3.878916713 -1.307050460 -0.115864703 -0.039446148 0.128967139 0.984066486
1520616961.421186924 5.217733958 3.870418603 -1.253676319 -0.115949646 -0.070278560 0.099653924 0.985741193
1520616961.471188784 5.183269556 3.874844137 -1.225885153 -0.113162865 -0.106063278 0.090184411 0.983774120
1520616961.523094416 5.149990722 3.883578711 -1.191725445 -0.106173213 -0.150085066 0.095023149 0.978351840
1520616961.573096514 5.125303575 3.893242310 -1.154780993 -0.096975948 -0.192255987 0.120068303 0.969132036
1520616961.623098373 5.091986993 3.870109610 -1.117235333 -0.088593402 -0.229668157 0.156201956 0.956558778
1520616961.673099279 5.066475225 3.870410407 -1.057514314 -0.075320578 -0.261532811 0.196572479 0.941958948
1520616961.723101616 5.021388163 3.851751002 -1.020042558 -0.059458507 -0.278948117 0.237945747 0.928458106
1520616961.773102522 4.990116879 3.856805334 -0.986459208 -0.040819171 -0.290237469 0.276705185 0.915166787
1520616961.823104382 4.961473679 3.845931358 -0.938336174 -0.029983428 -0.295864072 0.317364338 0.900469501
1520616961.873105526 4.940906850 3.847052233 -0.894563800 -0.030557040 -0.298917535 0.352593274 0.886223763
1520616961.923438072 4.916475671 3.838808748 -0.845606996 -0.044364870 -0.300024345 0.384145306 0.872037576
1520616961.973438978 4.887504856 3.834529440 -0.807447471 -0.065328318 -0.298839844 0.411366208 0.858606313
1520616962.023441315 4.854350290 3.848968691 -0.767530420 -0.087179548 -0.292255939 0.434653503 0.847385700
1520616962.073442221 4.829849184 3.831266221 -0.725443881 -0.114765275 -0.275211510 0.461434246 0.835563279
1520616962.123444080 4.811624491 3.833425324 -0.680408794 -0.140816939 -0.246343725 0.487237047 0.825884628
1520616962.173445225 4.773673718 3.841053575 -0.639335737 -0.162808864 -0.203879227 0.506100796 0.822063574
1520616962.223482132 4.742120575 3.872804462 -0.584498402 -0.182290737 -0.156506846 0.517301243 0.821386096
1520616962.273448944 4.728571901 3.903576225 -0.530730329 -0.196945558 -0.105243637 0.523964036 0.821947634
1520616962.323450089 4.715516098 3.944180146 -0.487985744 -0.211427877 -0.052666734 0.523721996 0.823553118
1520616962.374007702 4.701794293 3.978826561 -0.448061093 -0.223693530 0.004765253 0.523395242 0.822189709
1520616962.424008608 4.706561666 4.003609379 -0.406333635 -0.239664031 0.063978560 0.515478885 0.820213031
1520616962.474010468 4.722225114 4.023701359 -0.359252921 -0.253469257 0.123619377 0.506577539 0.814770386
1520616962.524011612 4.734573343 4.055924028 -0.297974628 -0.263026006 0.185406384 0.492139484 0.808851359
1520616962.574013472 4.748232004 4.081005770 -0.251358866 -0.271008302 0.248756052 0.471130611 0.801692506
1520616962.624014378 4.776606415 4.107068871 -0.203671565 -0.274584873 0.304923883 0.444726874 0.796142312
1520616962.674016714 4.807330631 4.130010265 -0.160989822 -0.278769236 0.353505160 0.408436515 0.794041201
1520616962.724018574 4.839616155 4.159562494 -0.126374184 -0.282692443 0.390282853 0.365193769 0.796490922
1520616962.770084620 4.872576203 4.191315711 -0.096893471 -0.284981687 0.414965194 0.325849427 0.800257132
1520616962.820086718 4.910989882 4.213621266 -0.058098558 -0.286832622 0.431789084 0.285453292 0.806102756
1520616962.870088816 4.944966313 4.246502352 -0.027139449 -0.283918548 0.443317796 0.245499861 0.813995951
1520616962.920089722 4.975856655 4.288584553 0.007743957 -0.279834296 0.451608556 0.205885276 0.821799082
1520616962.970090866 5.004587055 4.329595824 0.054484896 -0.275532628 0.454788810 0.168289052 0.830016689
1520616963.020092726 5.037596529 4.365108302 0.082985591 -0.276140469 0.453057282 0.133832656 0.837003202
1520616963.070094585 5.083289048 4.377913865 0.113140075 -0.285902179 0.445654652 0.103782406 0.841950763
1520616963.120095730 5.124430831 4.401203383 0.130404598 -0.295332193 0.432942078 0.078459641 0.848047249
1520616963.166457891 5.148260091 4.390386130 0.151150268 -0.308927820 0.418386634 0.062859890 0.851800951
1520616963.216459036 5.180494010 4.413502125 0.177888442 -0.321669987 0.399314435 0.059117559 0.856493733
1520616963.266462088 5.215974194 4.447118422 0.196173192 -0.332184085 0.377957771 0.054739961 0.862441414
1520616963.316462994 5.248030976 4.453250649 0.234323256 -0.342611897 0.360344945 0.056590033 0.865774900
1520616963.366464138 5.277889763 4.474862603 0.266568810 -0.343305086 0.344495896 0.064181029 0.871404034
1520616963.416465998 5.303351011 4.502217763 0.297318093 -0.333856504 0.327763463 0.079066480 0.880261006
1520616963.466467857 5.326725949 4.534271562 0.332623011 -0.315070584 0.318189864 0.099148947 0.888625469
1520616963.516469002 5.356115737 4.547597390 0.389488376 -0.294475683 0.312626154 0.128099739 0.893945981
1520616963.565768242 5.376614309 4.570211932 0.433447033 -0.269765646 0.309239320 0.158033147 0.898121965
1520616963.615774393 5.407438312 4.585619081 0.466576584 -0.248246150 0.300948733 0.190376803 0.900866462
1520616963.665772200 5.430317344 4.606018792 0.513420890 -0.228162787 0.296446373 0.221958070 0.900442062
1520616963.715773344 5.469182121 4.617211477 0.548864505 -0.209856393 0.290005444 0.255384026 0.898129242
1520616963.765775204 5.499336991 4.643320406 0.576985890 -0.187492664 0.286588182 0.288233870 0.894223099
1520616963.815776110 5.526901608 4.646901827 0.607017538 -0.171536586 0.276026410 0.326375160 0.887616964
1520616963.865787268 5.547421073 4.668279887 0.628928883 -0.155278027 0.260068531 0.363215939 0.881094362
1520616963.915779114 5.557616618 4.690294423 0.674520758 -0.146116587 0.239010802 0.398582429 0.873301681
1520616963.965762615 5.567143715 4.708779373 0.715022802 -0.142189550 0.205590789 0.428030079 0.868507231
1520616964.015763760 5.571531557 4.750209279 0.743119452 -0.135284741 0.164985028 0.448532863 0.867926408
1520616964.065765619 5.592339286 4.765571530 0.772310041 -0.127830175 0.120120861 0.464768318 0.867882962
1520616964.115766525 5.609437534 4.763336018 0.793607898 -0.118872538 0.069842156 0.476125382 0.868502167
1520616964.165768862 5.602087973 4.779125183 0.831424562 -0.107480924 0.019656305 0.476480439 0.872369115
1520616964.215769768 5.619981478 4.792515938 0.868952690 -0.102525751 -0.033069160 0.466523457 0.877924123
1520616964.265771627 5.620940394 4.807784737 0.896120517 -0.096668058 -0.082043990 0.455072636 0.881381283
1520616964.315773726 5.621844840 4.808742256 0.895322562 -0.096668058 -0.082043990 0.455072636 0.881381283
1520616964.367578506 5.622749287 4.809699775 0.894524606 -0.096668058 -0.082043990 0.455072636 0.881381283
1520616964.417580605 5.624805018 4.834292284 0.926582470 -0.093905671 -0.121275576 0.447496743 0.881033839
1520616964.467581511 5.633121283 4.860510738 0.957743380 -0.088600841 -0.162012239 0.444014340 0.876785716
1520616964.517583370 5.634025730 4.861468257 0.956945425 -0.088600841 -0.162012239 0.444014340 0.876785716
1520616964.567584515 5.644100546 4.893690937 0.987868365 -0.084914265 -0.196054513 0.437105055 0.873665477
1520616964.617586613 5.628859259 4.909020374 1.029740340 -0.079857337 -0.217108224 0.430810801 0.872289446
1520616964.667588472 5.610145860 4.933842748 1.071564825 -0.072261200 -0.236364489 0.422489168 0.872016657
1520616964.717589617 5.607347113 4.940977866 1.111032183 -0.065525270 -0.257742177 0.416603716 0.869319707
1520616964.767591476 5.611520832 4.927457313 1.150179128 -0.060733540 -0.281649250 0.413694236 0.863621570
1520616964.819689035 5.603617693 4.943648304 1.179665503 -0.047896037 -0.305188824 0.408723587 0.858784479
1520616964.869689941 5.596707756 4.950266895 1.215056199 -0.037239283 -0.327031118 0.405414232 0.852820722
1520616964.919692039 5.588813405 4.960716999 1.255303505 -0.025338924 -0.348890994 0.406005495 0.844270426
1520616964.969694138 5.582010404 4.953483924 1.296988579 -0.016421263 -0.370171154 0.406051624 0.835359646
1520616965.019695044 5.587432945 4.934683604 1.322776023 -0.008279146 -0.391975900 0.400516506 0.828174425
1520616965.069696188 5.554346774 4.973256555 1.355028324 0.008491808 -0.412934388 0.400385770 0.817987968
1520616965.119698048 5.533083512 4.979719736 1.398649489 0.018559737 -0.433657017 0.395567510 0.809396981
1520616965.169698954 5.504377456 4.986570532 1.435593050 0.028364097 -0.454184768 0.390398591 0.800312823
1520616965.221404552 5.477501970 4.996305974 1.474668067 0.038323970 -0.476887245 0.387810515 0.787853307
1520616965.271406651 5.443036437 5.012891613 1.513670565 0.048268398 -0.500462307 0.391646519 0.770597590
1520616965.321407557 5.426081149 4.987039546 1.546019351 0.050255629 -0.524577014 0.396795308 0.751562913
1520616965.371409416 5.403320727 4.966691476 1.571119807 0.055922264 -0.548388050 0.397926525 0.733346935
1520616965.421410561 5.379151377 4.948162069 1.589101516 0.062428615 -0.574352934 0.400290763 0.711328813
1520616965.471412659 5.359351401 4.924880893 1.611790251 0.067657555 -0.601006623 0.401926448 0.687508999
1520616965.521413803 5.360255847 4.925838411 1.610992295 0.067657555 -0.601006623 0.401926448 0.687508999
1520616965.571415663 5.329039580 4.905083627 1.630403888 0.075684934 -0.618530971 0.402377610 0.670658995
1520616965.624039173 5.296275953 4.881602075 1.652339005 0.081962945 -0.630884585 0.404741131 0.656849551
1520616965.674041510 5.259377105 4.859785889 1.675621378 0.088839986 -0.636183534 0.410049892 0.647485177
1520616965.724042416 5.222476445 4.844980571 1.703722140 -0.099503188 0.640205382 -0.413702857 -0.639598414
1520616965.774044275 5.196310149 4.811698351 1.729297076 -0.105919601 0.641079570 -0.420503980 -0.633225414
1520616965.824045420 5.168510767 4.785845308 1.751511879 -0.110039427 0.643801894 -0.429075456 -0.623942865
1520616965.874047279 5.148006488 4.770549177 1.775620952 -0.113607472 0.650277809 -0.438174805 -0.610110608
1520616965.924049139 5.110815324 4.751798888 1.789163014 -0.113083414 0.652824120 -0.448238420 -0.600095933
1520616965.974050283 5.087367107 4.715633220 1.799969448 -0.099771972 0.653724941 -0.459073483 -0.593245980
1520616966.024121523 5.052938221 4.693105083 1.819422842 -0.084352649 0.650784060 -0.469933305 -0.590362115
1520616966.074122667 5.012356249 4.668772654 1.839319716 -0.069594559 0.643430468 -0.483281534 -0.589570003
1520616966.124124527 4.972326553 4.639259562 1.857183449 -0.057152269 0.632553892 -0.499790853 -0.588912807
1520616966.174125671 4.926704591 4.609344228 1.880481345 -0.051160795 0.619682176 -0.517521262 -0.587833579
1520616966.224127531 4.884327755 4.585686188 1.911513938 -0.048184210 0.608227708 -0.534651179 -0.584709718
1520616966.274129391 4.836819723 4.559731646 1.932144924 -0.047099805 0.591784263 -0.550454879 -0.587002914
1520616966.324130774 4.796667392 4.541165808 1.978622274 0.045806693 -0.573040160 0.565398737 0.591482029
1520616966.374132633 4.777768362 4.507768798 2.014271178 0.031542862 -0.555660006 0.581553116 0.593332098
1520616966.424133539 4.744692185 4.486841072 2.062539266 0.019144002 -0.540557113 0.600897015 0.588518727
1520616966.474135637 4.722175613 4.466388260 2.100439211 0.007385250 -0.520262460 0.618837243 0.588483558
1520616966.524137497 4.702738179 4.441228951 2.150704932 -0.003070130 -0.497261706 0.639736811 0.586053055
1520616966.574138403 4.677526244 4.425612147 2.195434383 -0.013508450 -0.472056002 0.656597401 0.588099061
1520616966.624139547 4.648619952 4.406485222 2.251569935 -0.022815242 -0.445960514 0.669556421 0.593542656
1520616966.674142599 4.611799244 4.391633192 2.305846025 -0.030432732 -0.420596212 0.677677061 0.602433795
1520616966.724143505 4.579649869 4.385118510 2.364213338 -0.037748799 -0.399362708 0.680123644 0.613609228
1520616966.774145603 4.543364594 4.381920709 2.414072360 -0.046158854 -0.378891737 0.680389315 0.625604341
1520616966.823094368 4.517590352 4.376652405 2.472459462 -0.055942834 -0.355360445 0.680082367 0.638809305
1520616966.873099327 4.474527990 4.384341083 2.532562420 -0.061268475 -0.326802293 0.678543795 0.654999812
1520616966.923097372 4.450181588 4.381701298 2.595031806 -0.065109227 -0.297556027 0.676802727 0.670193455
1520616966.973099470 4.439589719 4.376733240 2.665253010 -0.070577480 -0.266629958 0.673058759 0.686235522
1520616967.023100138 4.425764457 4.384204548 2.738793241 -0.078778329 -0.231291595 0.663368108 0.707277121
1520616967.073102474 4.399811071 4.393001601 2.798341526 -0.089104540 -0.188214693 0.658374529 0.723310853
1520616967.123103380 4.390473492 4.415047709 2.864135127 -0.104116769 -0.145456900 0.648074544 0.740271149
1520616967.173105240 4.348017017 4.426405427 2.928121694 -0.117020833 -0.094788942 0.638035609 0.755136903
1520616967.223106384 4.330758404 4.438895390 3.000309048 -0.133975392 -0.048263101 0.627164034 0.765758801
1520616967.270091057 4.322201110 4.476811319 3.061159711 -0.147118451 -0.009994089 0.615436939 0.774269755
1520616967.320091963 4.329039234 4.522709191 3.124076252 -0.157418990 0.029664056 0.595456953 0.787254929
1520616967.370094061 4.335968946 4.568509363 3.184381431 -0.162744620 0.070269856 0.573789036 0.799588943
1520616967.420094967 4.335354283 4.598640913 3.250594116 -0.162584820 0.106998429 0.557359746 0.807135445
1520616967.470097065 4.340308764 4.619425099 3.316501232 -0.161440798 0.137701987 0.543251994 0.812312934
1520616967.520099163 4.348355365 4.652829407 3.382048159 -0.166853289 0.161857091 0.516480901 0.824141821
1520616967.570100069 4.354095053 4.675667620 3.426690864 -0.176333491 0.183706673 0.485899973 0.836097826
1520616967.620101929 4.364451645 4.687297692 3.478918944 -0.182168178 0.201784708 0.455861221 0.847518869
1520616967.668639660 4.371754309 4.701600546 3.515575018 -0.183994657 0.215486213 0.431012572 0.856702878
1520616967.718641520 4.377335449 4.711572121 3.552637514 -0.182398950 0.226695446 0.401470608 0.868424521
1520616967.768642426 4.374103092 4.716808245 3.583712686 -0.178190425 0.237118287 0.369791005 0.880498554
1520616967.818644524 4.382217894 4.731230193 3.625327028 -0.168227445 0.242868966 0.336277243 0.894221342
1520616967.868646383 4.393211316 4.753130754 3.684891831 -0.156148839 0.245008820 0.304000058 0.907288368
1520616967.918647289 4.424867611 4.783748204 3.755100118 -0.144398798 0.243797511 0.270682379 0.920023266
1520616967.968649626 4.431350067 4.809928988 3.791410749 -0.143218220 0.241466797 0.246834683 0.927499308
1520616968.018650532 4.434440909 4.806125751 3.853414049 -0.151890946 0.235896440 0.226529443 0.932719905
1520616968.068082809 4.434360913 4.819017638 3.901065688 -0.162003881 0.228881657 0.207978122 0.937076854
1520616968.118083954 4.437475916 4.815300962 3.951191839 -0.172595695 0.220499381 0.185871879 0.941829281
1520616968.168085814 4.432498945 4.823923855 3.995632262 -0.175685499 0.210969146 0.166371971 0.947072855
1520616968.218087673 4.440646739 4.828305778 4.046472810 -0.173714957 0.197879670 0.148519196 0.953209735
1520616968.268088818 4.438956360 4.826381101 4.097311557 -0.167896363 0.182697216 0.138710444 0.958744988
1520616968.318090916 4.435030331 4.827336002 4.153147185 -0.156690259 0.167960380 0.136005941 0.963711501
1520616968.368092775 4.435523448 4.836905010 4.207515153 -0.144072979 0.149634057 0.137118289 0.968530433
1520616968.418093920 4.422795281 4.839396568 4.265468374 -0.133498295 0.133402363 0.134574343 0.972765008
1520616968.468092203 4.422497603 4.860098852 4.327496092 -0.118602638 0.111974245 0.123043576 0.978905236
1520616968.518093348 4.409112233 4.865800177 4.382519321 -0.103889782 0.087982094 0.114805797 0.984015088
1520616968.568095446 4.385038414 4.867765533 4.436605514 -0.088644562 0.062300975 0.106925987 0.988345872
1520616968.618096113 4.375363971 4.847552501 4.490353259 -0.076058460 0.032493653 0.097680964 0.991775026
1520616968.668099403 4.351089085 4.856150809 4.545420561 -0.057804690 0.001882955 0.089669344 0.994290944
1520616968.718099356 4.313867509 4.853160690 4.576888592 -0.045435487 -0.032468359 0.088191763 0.994536895
1520616968.768101215 4.279827898 4.848878346 4.627340961 -0.035175334 -0.072110965 0.086868110 0.992983704
1520616968.818102360 4.246116210 4.842355998 4.669687688 -0.029911125 -0.111815496 0.084676470 0.989662829
1520616968.868914127 4.210275237 4.856883348 4.717467848 -0.019679918 -0.148164281 0.082099661 0.985352573
1520616968.918833017 4.170650285 4.862566811 4.771779614 -0.005873679 -0.181724047 0.076004530 0.980390321
1520616968.968834877 4.128065092 4.871718022 4.811148323 0.010331911 -0.212375571 0.072286870 0.974455990
1520616969.018836021 4.098528113 4.860038840 4.858427175 0.028443805 -0.243963370 0.071124287 0.966754447
1520616969.068837881 4.068469886 4.838496124 4.912299386 0.049406383 -0.271605170 0.071755223 0.958457526
1520616969.118839979 4.034888193 4.836115623 4.949559973 0.070594498 -0.295759315 0.075821282 0.949628337
1520616969.168841124 4.005125762 4.811020549 4.993500288 0.084391904 -0.321381445 0.082618427 0.939556368
1520616969.218842983 3.979411630 4.779942996 5.031880445 0.092521450 -0.348287401 0.088679835 0.928585782
1520616969.268844128 3.947271222 4.755654255 5.062372473 0.099169529 -0.373800794 0.096538436 0.917125238
1520616969.321067095 3.911403701 4.730964059 5.093049433 0.106723191 -0.395281358 0.107313558 0.906005855
1520616969.371068001 3.868746124 4.713164932 5.123355407 0.113882868 -0.414728289 0.120022102 0.894776974
1520616969.421069860 3.842626019 4.689350013 5.145888374 0.115411406 -0.440860392 0.135049917 0.879820347
1520616969.471072197 3.783826694 4.666517913 5.171457453 0.118117648 -0.462210795 0.149571605 0.866047191
1520616969.521073103 3.736197908 4.664971200 5.189168977 0.122574801 -0.481491508 0.159503851 0.853053262
1520616969.571074963 3.696936074 4.644795816 5.212101101 0.125983363 -0.504324327 0.167654117 0.837661783
1520616969.621077061 3.655356246 4.627252341 5.231989264 0.132151520 -0.527525259 0.171594923 0.821467138
1520616969.671077967 3.612203489 4.596028540 5.248789701 0.142272917 -0.547827067 0.174833834 0.805653184
1520616969.720777988 3.579792864 4.562744946 5.271398889 0.154498053 -0.570310537 0.177781764 0.786937029
1520616969.770780325 3.557051684 4.533586250 5.280237995 0.164748693 -0.594537424 0.182314782 0.765600705
1520616969.820782185 3.524788555 4.501281252 5.296887225 0.176851210 -0.620306217 0.181299121 0.742343906
1520616969.870784044 3.495793349 4.462901415 5.307602664 0.186930708 -0.647815990 0.182763257 0.715534028
1520616969.920785189 3.453788769 4.436595273 5.319023530 0.200651235 -0.673176501 0.183507169 0.687675505
1520616969.970786095 3.412788480 4.406943673 5.316561035 -0.216356615 0.691640391 -0.180811296 -0.664929063
1520616970.020787954 3.379760638 4.369357490 5.329683183 -0.228641442 0.707407149 -0.174902993 -0.645528589
1520616970.070790291 3.332682847 4.343566178 5.325773937 -0.237368717 0.719615507 -0.173422890 -0.629074014
1520616970.119721889 3.296219826 4.313446799 5.326342911 -0.241493071 0.732875601 -0.170889615 -0.612675436
1520616970.169722795 3.256986643 4.285069292 5.321902420 -0.246816299 0.743238155 -0.170273515 -0.598068299
1520616970.219723701 3.216769154 4.256062782 5.316009202 -0.254690197 0.755077360 -0.172625363 -0.578957311
1520616970.269725800 3.181406217 4.230592104 5.316169179 -0.265842906 0.767300845 -0.176496640 -0.556260639
1520616970.319726706 3.139995698 4.205797066 5.307136156 -0.281748521 0.777412893 -0.176900634 -0.533810013
1520616970.369728565 3.119798756 4.178852055 5.305995148 -0.298507478 0.790701733 -0.174199400 -0.505310424
1520616970.419730902 3.094275349 4.164154310 5.309441862 -0.317232529 0.802169314 -0.169609160 -0.476571765
1520616970.469731569 3.076203493 4.136622647 5.305060995 -0.327592887 0.815741345 -0.165618040 -0.447011883
1520616970.519141674 3.057781103 4.113526809 5.301729011 -0.335612852 0.829923536 -0.158879699 -0.416351028
1520616970.569087505 3.036928666 4.108005883 5.289313519 -0.345484617 0.843063049 -0.152576191 -0.382891082
1520616970.619088650 3.035675650 4.087401843 5.289280838 -0.353940854 0.858372413 -0.138342978 -0.344650392
1520616970.669090748 3.026638596 4.075028317 5.279758487 -0.364780536 0.870803663 -0.125461463 -0.304787732
1520616970.719092607 3.027928466 4.072991901 5.283796213 -0.375820527 0.881600895 -0.115892456 -0.260974579
1520616970.769093752 3.028832912 4.073949420 5.282998258 -0.375820527 0.881600895 -0.115892456 -0.260974579
1520616970.819095612 3.029737358 4.074906939 5.282200302 -0.375820527 0.881600895 -0.115892456 -0.260974579
1520616970.869096756 3.030641805 4.075864458 5.281402347 -0.375820527 0.881600895 -0.115892456 -0.260974579
1520616970.919779539 3.031546251 4.076821977 5.280604392 -0.375820527 0.881600895 -0.115892456 -0.260974579
1520616970.969780684 3.032450697 4.077779496 5.279806436 -0.375820527 0.881600895 -0.115892456 -0.260974579
1520616971.019782543 3.033355143 4.078737015 5.279008481 -0.375820527 0.881600895 -0.115892456 -0.260974579
1520616971.069784403 3.034259590 4.079694534 5.278210526 -0.375820527 0.881600895 -0.115892456 -0.260974579
1520616971.119785547 3.035164036 4.080652053 5.277412570 -0.375820527 0.881600895 -0.115892456 -0.260974579
1520616971.169787407 3.036068482 4.081609572 5.276614615 -0.375820527 0.881600895 -0.115892456 -0.260974579
1520616971.219788551 3.036972928 4.082567091 5.275816659 -0.375820527 0.881600895 -0.115892456 -0.260974579
1520616971.269790649 3.064825317 4.056427207 5.273091406 -0.395124757 0.887273329 -0.095482345 -0.217957766
1520616971.319962978 3.105781788 4.060190836 5.230678027 -0.409915078 0.890175045 -0.080802552 -0.181738727
1520616971.369965076 3.136582272 4.062471415 5.208959359 -0.421686091 0.892479437 -0.063944271 -0.146875545
1520616971.419965982 3.153354257 4.062599645 5.201691946 -0.433698792 0.892657071 -0.048753569 -0.112657888
1520616971.469968081 3.177889274 4.102835894 5.171269746 -0.436126963 0.895150573 -0.044210853 -0.080895760
1520616971.519970179 3.196296510 4.134338201 5.131701775 -0.437644466 0.896784568 -0.041821895 -0.049956871
1520616971.569972038 3.213474251 4.157070052 5.106975407 -0.441096322 0.896519938 -0.036048166 -0.019661258
1520616971.619972944 3.215247179 4.170710828 5.092124598 -0.449844510 0.892638544 -0.027933785 0.007486654
1520616971.669975042 3.244881505 4.188560178 5.060009008 -0.449987271 0.892093475 -0.023227299 0.033781352
1520616971.719975948 3.267793257 4.208602823 5.033374006 -0.446772573 0.892513984 -0.019733859 0.058511799
1520616971.769199371 3.293215817 4.224879838 5.003427873 -0.441301952 0.893452697 -0.018518003 0.081559480
1520616971.819200516 3.319494753 4.244836188 4.970609122 -0.436621775 0.893195106 -0.020149379 0.105631106
1520616971.869202614 3.341340359 4.260911352 4.939101013 -0.432708058 0.891648236 -0.024290538 0.130908858
1520616971.919203520 3.363391365 4.272773929 4.910843454 -0.427722417 0.889773059 -0.029016143 0.156574268
1520616971.969205618 3.401110280 4.271789122 4.879520244 -0.421176501 0.887510119 -0.033735791 0.183842432
1520616972.019207478 3.431545508 4.283218087 4.855457446 -0.413022011 0.885381099 -0.036693797 0.210158732
1520616972.069208384 3.454794731 4.285704001 4.820541366 -0.404895066 0.883070153 -0.041381140 0.233526640
1520616972.119210482 3.478359426 4.288113419 4.786523017 -0.393224787 0.882250716 -0.046655684 0.254619691
1520616972.170724154 3.507776821 4.288078638 4.756869743 -0.376219578 0.883174978 -0.053169929 0.275015901
1520616972.220695019 3.540879035 4.282906081 4.729258735 -0.359377629 0.884135469 -0.060726631 0.292343067
1520616972.270697117 3.575440265 4.275508596 4.698170156 -0.345744370 0.884272990 -0.068481700 0.306320691
1520616972.320699215 3.599867907 4.268951001 4.664544900 -0.332438216 0.885853319 -0.074547201 0.314946734
1520616972.370700121 3.624439449 4.263229156 4.630014038 -0.315102076 0.891193803 -0.079235755 0.316553284
1520616972.420702219 3.648808736 4.254022910 4.592687400 -0.295956088 0.899500302 -0.083409283 0.310406333
1520616972.470703125 3.665706604 4.257251745 4.543879005 -0.275907077 0.909873779 -0.089696957 0.296579580
1520616972.520705223 3.678053696 4.258115376 4.499350933 -0.256253512 0.921090402 -0.097217741 0.276541714
1520616972.572062016 3.700093301 4.226543192 4.445848610 -0.237913254 0.933532541 -0.104186994 0.247101899
1520616972.622064114 3.704453914 4.222891667 4.399882141 -0.216375742 0.944019723 -0.119485178 0.218475611
1520616972.672066212 3.721766266 4.179167465 4.337345611 -0.194994462 0.954340337 -0.135197898 0.181475096
1520616972.722067118 3.722287856 4.144675068 4.278094856 -0.173402504 0.961100326 -0.158520833 0.145220113
1520616972.772069216 3.711315695 4.121507628 4.222736295 -0.154472789 0.964293887 -0.186152644 0.107808400
1520616972.822070122 3.702868643 4.072315379 4.178398145 -0.138847419 0.965281258 -0.209784555 0.070313067
1520616972.872071981 3.692845252 4.027241172 4.149116042 -0.121840949 0.964800262 -0.230556357 0.034044143
1520616972.922073126 3.680443623 3.971217900 4.097894242 -0.103178025 0.962340412 -0.251453477 -0.005135815
1520616972.970898867 3.664897667 3.924773846 4.050363241 -0.084617032 0.958210413 -0.269717190 -0.043879370
1520616973.020900011 3.635658395 3.872921604 4.008878760 -0.064898710 0.952344289 -0.287289545 -0.079329883
1520616973.070901871 3.602360923 3.828804871 3.964280538 -0.045910051 0.944305844 -0.306373854 -0.110967570
1520616973.120903730 3.557272868 3.787112165 3.916472195 -0.031276002 0.934071334 -0.326139852 -0.142004757
1520616973.170906067 3.523979512 3.728467446 3.876403514 -0.019471705 0.923346003 -0.344405765 -0.168634753
1520616973.220906734 3.487939121 3.677933931 3.834947794 -0.015614883 0.912404531 -0.363659368 -0.187152378
1520616973.270909071 3.461261905 3.618647560 3.800527293 -0.016182374 0.902542198 -0.379346931 -0.203104942
1520616973.320909977 3.427932943 3.567889939 3.763095459 -0.025419103 0.892451405 -0.390183750 -0.225035553
1520616973.369652033 3.392811550 3.523357301 3.724193716 -0.030656597 0.884118600 -0.396710944 -0.244979391
1520616973.419653177 3.353510101 3.476349976 3.699161048 -0.034454912 0.877609878 -0.400063930 -0.261844634
1520616973.469655037 3.307096962 3.418918832 3.682976730 -0.039010870 0.870718461 -0.401089086 -0.281877738
1520616973.519655943 3.260095334 3.383474278 3.645976138 -0.047574791 0.860238239 -0.406972383 -0.303480297
1520616973.569659233 3.208279971 3.345089635 3.609062258 -0.055871822 0.848414148 -0.413014478 -0.326329304
1520616973.619660139 3.159128275 3.297253824 3.582128258 -0.061022816 0.835672213 -0.418619001 -0.350266043
1520616973.669661045 3.106151180 3.258290507 3.556809299 -0.074642658 0.821171193 -0.420167693 -0.378900323
1520616973.719662189 3.057492055 3.199756486 3.496646147 -0.087008233 0.803454307 -0.424307907 -0.408477104
1520616973.772500038 3.004544519 3.149272194 3.469824385 -0.099092456 0.783364820 -0.430770198 -0.436986592
1520616973.822506189 2.956270487 3.102925795 3.453517747 -0.110597081 0.764415325 -0.434406813 -0.463387760
1520616973.872503042 2.911834505 3.053458742 3.434169392 -0.117226028 0.747238613 -0.435148151 -0.488404136
1520616973.922505140 2.870451759 3.005024689 3.417469242 -0.123888551 0.732043241 -0.429807827 -0.513838060
1520616973.972506285 2.829110286 2.962528429 3.403822360 -0.133577365 0.719000253 -0.420171343 -0.537263219
1520616974.022508144 2.780793890 2.919339197 3.398558051 -0.145145785 0.707896514 -0.407833965 -0.558109921
1520616974.072509289 2.727605284 2.881607501 3.392346659 -0.158837620 0.698794269 -0.395775059 -0.574298949
1520616974.122511148 2.694067789 2.843715903 3.372505366 -0.173656157 0.692486215 -0.381607503 -0.587096325
1520616974.172512054 2.648308161 2.807734236 3.368132416 -0.188059211 0.688976124 -0.365956829 -0.596675148
1520616974.223019600 2.609513415 2.764206727 3.352317405 -0.202998946 0.689606099 -0.347313369 -0.602169644
1520616974.273021460 2.573434651 2.733241562 3.350051927 -0.219102772 0.694486844 -0.326424481 -0.602601906
1520616974.323022604 2.543470646 2.684453677 3.325514428 -0.235276952 0.702915840 -0.300943442 -0.599989268
1520616974.373024702 2.511529848 2.640402327 3.307732216 -0.251676057 0.714371883 -0.273755900 -0.592781310
1520616974.423025608 2.485340210 2.596279845 3.289899327 -0.265267261 0.731127211 -0.244746062 -0.578952197
1520616974.473027706 2.455086373 2.554857089 3.267592133 -0.274982946 0.749940522 -0.217668749 -0.560886717
1520616974.523028612 2.442989219 2.516789594 3.233836952 -0.274770793 0.772887052 -0.193115807 -0.538379886
1520616974.573030472 2.429785355 2.489344088 3.204079368 -0.271420682 0.797658632 -0.170079672 -0.511022921
1520616974.623537540 2.402474305 2.459988339 3.171511303 -0.271092418 0.817176976 -0.150512498 -0.485877226
1520616974.673539400 2.376115113 2.425894637 3.133217749 -0.271403278 0.833119401 -0.134652264 -0.462732203
1520616974.723541260 2.348648340 2.406754326 3.082781061 -0.269298618 0.850183364 -0.127361946 -0.434103027
1520616974.773542404 2.334180941 2.379612292 3.037055586 -0.265948684 0.867025482 -0.123068620 -0.402979187
1520616974.823544502 2.311878184 2.337691133 3.001465777 -0.262594602 0.881331998 -0.124343778 -0.372607850
1520616974.873546362 2.291527895 2.300972859 2.956275066 -0.259394692 0.893000346 -0.131032385 -0.343649954
1520616974.923547506 2.269475816 2.253356436 2.923329158 -0.256346109 0.902023660 -0.143126850 -0.316472265
1520616974.973549366 2.281364032 2.205616742 2.899518418 -0.244845299 0.911115604 -0.152975387 -0.294138857
1520616975.024249077 2.265386404 2.174021400 2.863934239 -0.228205397 0.919982265 -0.166159127 -0.271930274
1520616975.074251175 2.254700184 2.139412275 2.825112136 -0.207150503 0.928305455 -0.176674178 -0.253226946
1520616975.124252319 2.242149284 2.102353112 2.791343009 -0.186025367 0.934355040 -0.187565801 -0.239153283
1520616975.174254179 2.222729168 2.070495442 2.754401482 -0.169036124 0.938395506 -0.196519546 -0.228518556
1520616975.224256039 2.208311373 2.028052769 2.715949990 -0.154019128 0.941327403 -0.207071724 -0.217490527
1520616975.274257183 2.187173855 1.985226317 2.674871415 -0.137393356 0.943098441 -0.222548373 -0.205330509
1520616975.324259281 2.171540699 1.935755445 2.638738985 -0.122176498 0.942513287 -0.238885225 -0.199186988
1520616975.374260426 2.132885546 1.891305503 2.605729258 -0.110796957 0.938999309 -0.260826807 -0.194868441
1520616975.424300909 2.099352751 1.844570069 2.569590091 -0.101742182 0.933032968 -0.284763906 -0.194955193
1520616975.474306107 2.070329348 1.791704388 2.536753228 -0.093051923 0.926300991 -0.307378302 -0.197044139
1520616975.524303913 2.036434114 1.741254212 2.505263150 -0.088053071 0.918648617 -0.325241833 -0.206274393
1520616975.574305058 2.007136786 1.695875096 2.467252755 -0.083829954 0.910713110 -0.339321341 -0.220079981
1520616975.624307156 1.983001626 1.644412575 2.444704721 -0.071424741 0.905976255 -0.348256869 -0.229831861
1520616975.674307823 1.954441621 1.595870383 2.418094210 -0.052909703 0.901806918 -0.357519772 -0.236906011
1520616975.724310160 1.922463164 1.549248566 2.388433195 -0.035465590 0.895929042 -0.366223692 -0.248864522
1520616975.774311066 1.887397009 1.503166878 2.363449046 -0.019012560 0.889001182 -0.374567842 -0.262705830
1520616975.824274302 1.850649022 1.448567720 2.319790073 -0.005972841 0.880072927 -0.384757808 -0.278203876
1520616975.874276161 1.812664238 1.402976931 2.288877292 0.001417851 0.870069299 -0.396261201 -0.293179919
1520616975.924277067 1.773722078 1.350066417 2.265198051 0.004967046 0.857275525 -0.408261594 -0.313650240
1520616975.974279165 1.728951975 1.305358743 2.237736486 0.001579661 0.840711654 -0.422868154 -0.338206953
1520616976.024280071 1.693314764 1.252975841 2.221826146 -0.000075157 0.823273489 -0.434204166 -0.365633012
1520616976.074282408 1.644251852 1.210581937 2.201050592 -0.006238055 0.804006845 -0.442496826 -0.397153168
1520616976.124283314 1.591425899 1.166424111 2.198168148 -0.012532822 0.785781936 -0.446983944 -0.427311398
1520616976.174285173 1.544142537 1.121107859 2.184046172 -0.022078475 0.767336050 -0.451268598 -0.455043493
1520616976.222925901 1.496072156 1.080527967 2.172902255 -0.038004670 0.749449994 -0.450854301 -0.483332960
1520616976.272927999 1.466078300 1.036521470 2.159470478 -0.053198330 0.734434577 -0.447820430 -0.507181084
1520616976.322930098 1.439328856 0.977331431 2.139693892 -0.073672280 0.721011943 -0.441047833 -0.529330693
1520616976.372931004 1.393047333 0.938532743 2.122970174 -0.096840853 0.711182439 -0.434269808 -0.544289556
1520616976.422933102 1.351531628 0.894337279 2.093540548 -0.120342658 0.705284097 -0.425221818 -0.554326972
1520616976.472934961 1.305106700 0.854674226 2.065488930 -0.144291376 0.703320185 -0.414959131 -0.558864594
1520616976.522935867 1.267019484 0.819083597 2.041352063 -0.166834425 0.704636458 -0.406765580 -0.556951972
1520616976.572937965 1.230719087 0.781733547 2.019337728 -0.192098307 0.706064740 -0.399916562 -0.551939822
1520616976.622938871 1.198627225 0.734630141 2.001433936 -0.218318052 0.708102857 -0.389574873 -0.546954285
1520616976.671810627 1.174963312 0.701860158 1.993742317 -0.245198713 0.714334833 -0.377942523 -0.535502369
1520616976.721812487 1.142318416 0.665878382 1.962512424 -0.266813541 0.724500503 -0.366727032 -0.519057645
1520616976.771813631 1.116509339 0.631552164 1.924914472 -0.280619392 0.737963910 -0.357143939 -0.499109438
1520616976.821814537 1.100894952 0.589458142 1.886649395 -0.292606672 0.751379228 -0.345913550 -0.479744106
1520616976.871816635 1.069130190 0.555223721 1.857257013 -0.305918448 0.763456225 -0.333461872 -0.460816314
1520616976.921818733 1.040420919 0.520062457 1.819556273 -0.321401738 0.769977461 -0.320706105 -0.448311529
1520616976.971819639 1.012582716 0.480884884 1.788377578 -0.340851118 0.774416301 -0.307076542 -0.435664900
1520616977.021821499 0.981191486 0.445871379 1.754652607 -0.361217114 0.774586998 -0.297815708 -0.425256373
1520616977.070592165 0.945488304 0.412478409 1.727858545 -0.381898098 0.771421896 -0.286633478 -0.420598799
1520616977.120594025 0.906269743 0.374997789 1.697805159 -0.396836825 0.771021815 -0.270553719 -0.418146601
1520616977.170696020 0.873571089 0.337216029 1.660576678 -0.397896048 0.775564734 -0.248730976 -0.422268848
1520616977.220597029 0.846570573 0.307265374 1.634463900 -0.392904933 0.783802985 -0.224172142 -0.425470851
1520616977.270597935 0.814387509 0.274136293 1.604637641 -0.378636343 0.794143862 -0.204520339 -0.429117090
1520616977.320600271 0.793437850 0.236121662 1.576587249 -0.358501508 0.806267252 -0.190135851 -0.430416246
1520616977.370600939 0.769614608 0.203382114 1.547503528 -0.338192011 0.816614310 -0.185925198 -0.429184172
1520616977.420603037 0.739090425 0.170489162 1.518816745 -0.319275044 0.825969913 -0.192406044 -0.422867667
1520616977.469717264 0.710327199 0.125273441 1.494312809 -0.301060244 0.833613274 -0.206028986 -0.414733283
1520616977.519718409 0.676131994 0.080260073 1.463334918 -0.281914546 0.839590853 -0.229089875 -0.403892582
1520616977.569720507 0.646564355 0.031894139 1.421589575 -0.261613024 0.842811316 -0.259300802 -0.392416622
1520616977.619721651 0.605971478 -0.011832296 1.394273702 -0.247025163 0.842595371 -0.287855505 -0.382296766
1520616977.669723511 0.568919342 -0.054547936 1.373563899 -0.233152906 0.839812332 -0.312910511 -0.377414866
1520616977.719724417 0.537550016 -0.089666951 1.375162094 -0.219656170 0.836820232 -0.330328212 -0.377314641
1520616977.769726515 0.506685960 -0.139414847 1.359625970 -0.200731359 0.832852541 -0.344650202 -0.383770510
1520616977.819727421 0.471070088 -0.190063035 1.335526042 -0.181436061 0.825722386 -0.359610522 -0.394897164
1520616977.868643761 0.445376660 -0.227418138 1.334479315 -0.165545242 0.819191097 -0.370612936 -0.405174989
1520616977.918645859 0.405088895 -0.269857820 1.320558116 -0.151163917 0.807969474 -0.384644214 -0.419980510
1520616977.968646765 0.365782510 -0.314165546 1.307748950 -0.138217793 0.794277822 -0.396132875 -0.439428411
1520616978.018648624 0.324072923 -0.359600936 1.288533152 -0.123814135 0.778896621 -0.408907260 -0.459113239
1520616978.068650961 0.280163137 -0.400089814 1.287013933 -0.109073304 0.765120675 -0.421021444 -0.474799232
1520616978.118651628 0.239143944 -0.444112772 1.271592198 -0.092276060 0.747386918 -0.435894354 -0.492842811
1520616978.168652534 0.192171601 -0.485257220 1.259923344 -0.078673503 0.725977365 -0.451240835 -0.512980559
1520616978.218655825 0.156525222 -0.534116571 1.264381912 -0.061267230 0.705482368 -0.465278147 -0.531090577
1520616978.267195463 0.121706649 -0.568141539 1.261816736 -0.046321181 0.682693461 -0.478525493 -0.550270242
1520616978.317196369 0.080774743 -0.598843017 1.264840498 -0.030852073 0.657442586 -0.490324801 -0.571313386
1520616978.367198229 0.037259102 -0.637444130 1.278160779 -0.013518571 0.631735221 -0.497680709 -0.594173182
1520616978.417200565 0.000005795 -0.673767325 1.291067822 -0.002911148 -0.606534011 0.502042366 0.616491266
1520616978.467201471 -0.031497820 -0.703321218 1.302597592 -0.019536248 -0.583703410 0.507941243 0.633170086
1520616978.517203569 -0.074050678 -0.730136223 1.321460508 -0.032136364 -0.561091411 0.513897582 0.648114926
1520616978.567204475 -0.111234337 -0.758815321 1.337495002 -0.040861172 -0.537771412 0.520528454 0.661953474
1520616978.617206335 -0.150851919 -0.783506469 1.356277692 -0.046568444 -0.514606907 0.530235643 0.672206273
1520616978.666617870 -0.192746197 -0.815315814 1.382447441 -0.052119391 -0.492848319 0.539253050 0.680874622
1520616978.716622829 -0.228117710 -0.831045134 1.401585047 -0.054995883 -0.472983487 0.547896953 0.687801572
1520616978.766620874 -0.266817818 -0.851486729 1.420709411 -0.059080991 -0.451669495 0.556667733 0.694712270
1520616978.816694975 -0.301529272 -0.867576561 1.443171123 -0.064184119 -0.430686304 0.562133232 0.703132943
1520616978.866623878 -0.339276640 -0.877278660 1.471259253 -0.067308276 -0.413475432 0.564844858 0.710955659
1520616978.916625738 -0.370760758 -0.889061177 1.503894461 -0.070827055 -0.398317837 0.567522550 0.717108488
1520616978.966626883 -0.400861562 -0.901681987 1.534340638 -0.071136377 -0.384484141 0.567151308 0.724879958
1520616979.016628742 -0.434374666 -0.907438220 1.561150304 -0.070387225 -0.371328811 0.563446163 0.734635266
1520616979.066630840 -0.466685573 -0.923002580 1.599149404 -0.074289675 -0.356214938 0.559320905 0.744816815
1520616979.116288424 -0.494127916 -0.932562824 1.632258006 -0.079903671 -0.342903175 0.555724795 0.753128653
1520616979.166290283 -0.519561186 -0.957749759 1.669419642 -0.088608603 -0.331140242 0.552274920 0.759925699
1520616979.216291428 -0.543387036 -0.967215558 1.706543572 -0.092669823 -0.320423397 0.548398697 0.766811593
1520616979.266293287 -0.573330205 -0.968434404 1.742598170 -0.093979798 -0.307341319 0.543851113 0.775200024
1520616979.316294432 -0.598767967 -0.975575683 1.782370455 -0.094462727 -0.292814420 0.541286465 0.782525061
1520616979.366296530 -0.624597660 -0.980908878 1.831042417 -0.092337155 -0.276471713 0.540711301 0.789093486
1520616979.416297197 -0.651627841 -0.998440190 1.879808062 -0.089516449 -0.260157315 0.534779804 0.798946518
1520616979.466299534 -0.666475636 -1.001330598 1.921600380 -0.089483267 -0.246209916 0.527739963 0.807999971
1520616979.515960217 -0.688112259 -1.000424708 1.968118989 -0.094303311 -0.231699299 0.521300515 0.815884853
1520616979.565961123 -0.686144534 -0.994857593 2.005195898 -0.101848530 -0.222410611 0.515942733 0.820952796
1520616979.615963221 -0.712547517 -0.979612798 2.044665796 -0.106433600 -0.213209759 0.510760865 0.826036819
1520616979.665964127 -0.737826889 -0.971308558 2.088418674 -0.110853125 -0.205727491 0.508628914 0.828664234
1520616979.715965986 -0.767270844 -0.971951423 2.130468290 -0.114756585 -0.197658256 0.504869335 0.832387587
1520616979.765968323 -0.778113542 -0.978840416 2.181803306 -0.120689953 -0.192024083 0.502512131 0.834291463
1520616979.815970182 -0.803765171 -0.975289041 2.233234946 -0.122006507 -0.187400374 0.501524027 0.835744675
1520616979.865971088 -0.825453359 -0.981411514 2.282759727 -0.124622577 -0.183092356 0.501005473 0.836624120
1520616979.915788651 -0.840765164 -0.977847982 2.330063687 -0.127638640 -0.181187799 0.500225279 0.837050792
1520616979.965790510 -0.902571413 -0.950606466 2.371652300 -0.128638661 -0.175353538 0.494964877 0.841256799
1520616980.015792370 -0.916721777 -0.933596630 2.419857514 -0.135248801 -0.174485338 0.488579652 0.844128280
1520616980.065794706 -0.931652712 -0.923107071 2.475165646 -0.141129047 -0.173049496 0.484787262 0.845646365
1520616980.115795612 -0.954860184 -0.905975756 2.513202600 -0.139663213 -0.170260749 0.482994309 0.847479770
1520616980.165799618 -0.954952888 -0.887967322 2.565918324 -0.135041650 -0.169029845 0.478256164 0.851154338
1520616980.215798616 -0.979440936 -0.869381638 2.615662035 -0.125644581 -0.165830795 0.470801020 0.857356394
1520616980.265799522 -0.995326884 -0.857444460 2.672402905 -0.121911387 -0.167125752 0.465213572 0.860687475
1520616980.316151857 -1.005571470 -0.844610740 2.720282939 -0.121742846 -0.173838774 0.464280022 0.859885354
1520616980.366152763 -1.024009911 -0.821094528 2.770499882 -0.122431089 -0.179438127 0.463883400 0.858850848
1520616980.416154861 -1.046847835 -0.801879875 2.812567988 -0.122153799 -0.182056384 0.462892162 0.858874128
1520616980.466203928 -1.060566384 -0.777789826 2.859877565 -0.121843398 -0.181871344 0.459489706 0.860782325
1520616980.516157866 -1.065054430 -0.765629550 2.912218934 -0.126080726 -0.178278695 0.452761439 0.864481021
1520616980.566159964 -1.066215326 -0.746459680 2.963179588 -0.133683939 -0.173463480 0.446199235 0.867724189
1520616980.616160870 -1.079994124 -0.721539985 3.010583730 -0.142478909 -0.162950263 0.440773927 0.871128760
1520616980.666162968 -1.085199332 -0.695952503 3.060850508 -0.153747061 -0.151088051 0.437175769 0.873161835
1520616980.716924906 -1.084843150 -0.673692978 3.118892047 -0.167314550 -0.142060835 0.435887884 0.872826623
1520616980.766927004 -1.075296693 -0.642132610 3.176062520 -0.176406325 -0.134793541 0.433996230 0.873131595
1520616980.816928148 -1.076439873 -0.604894872 3.226890089 -0.180214727 -0.128960008 0.432122787 0.874163523
1520616980.866930008 -1.080776076 -0.573806596 3.281772171 -0.180754316 -0.127205466 0.431524099 0.874604824
1520616980.916930914 -1.085400565 -0.545377629 3.334925665 -0.179872233 -0.127081982 0.430640772 0.875239781
1520616980.966933012 -1.105825675 -0.519242119 3.381242153 -0.177662600 -0.130348495 0.429342736 0.875848209
1520616981.016933918 -1.104489082 -0.494744657 3.433878467 -0.178921284 -0.139287624 0.429953801 0.873914104
1520616981.066936255 -1.109693859 -0.469481498 3.478999185 -0.179057643 -0.146538768 0.430789199 0.872287462
1520616981.116938114 -1.100716969 -0.448395791 3.533547774 -0.182208402 -0.152263781 0.430215658 0.870936465
1520616981.166481972 -1.099717099 -0.425751744 3.588688541 -0.180340832 -0.158804574 0.432746102 0.868901089
1520616981.216484308 -1.088165816 -0.412281291 3.646149403 -0.177010437 -0.165265861 0.439806549 0.864826399
1520616981.266486168 -1.084812205 -0.389764892 3.696774359 -0.168575589 -0.169611906 0.446707802 0.862128884
1520616981.316487074 -1.076603961 -0.362936392 3.751287593 -0.156728141 -0.171281674 0.444481440 0.865179246
1520616981.366488218 -1.065409057 -0.338754756 3.803163842 -0.144428240 -0.173431791 0.440193877 0.869074938
1520616981.416490078 -1.064265580 -0.315592681 3.855506328 -0.134536758 -0.178042807 0.437476159 0.871100012
1520616981.466491938 -1.062702665 -0.286199623 3.900101120 -0.126236852 -0.181049193 0.433788277 0.873563494
1520616981.516494274 -1.062997094 -0.252147781 3.947588150 -0.123729192 -0.179425595 0.428584085 0.876819950
1520616981.566055059 -1.055371587 -0.215660542 3.997330719 -0.123390856 -0.176844650 0.427376130 0.877980814
1520616981.616056204 -1.049960093 -0.188384231 4.049051898 -0.126345232 -0.174057184 0.426141458 0.878717496
1520616981.666058064 -1.036510358 -0.153093371 4.100072809 -0.128339087 -0.171120716 0.419841938 0.882031477
1520616981.716059923 -1.009130594 -0.128404177 4.155270777 -0.131371607 -0.164552330 0.411467559 0.886768560
1520616981.766061068 -0.995017514 -0.104380104 4.204425218 -0.131488367 -0.155305543 0.410809187 0.888722009
1520616981.816063166 -0.969364129 -0.073321882 4.252482610 -0.132240603 -0.148257250 0.416171229 0.887318274
1520616981.866065025 -0.950125139 -0.049249730 4.302417914 -0.133774339 -0.142469951 0.426523950 0.883110446
1520616981.916066170 -0.943722308 -0.011551512 4.342498383 -0.132548845 -0.136625124 0.439149042 0.878016229
1520616981.965775490 -0.933538030 0.016762101 4.382644522 -0.132302130 -0.131744571 0.449359983 0.873621840
1520616982.015775681 -0.918744068 0.055538879 4.426417857 -0.127147442 -0.132467507 0.453611410 0.872079455
1520616982.065777540 -0.899294219 0.094595495 4.465718084 -0.121183131 -0.133212009 0.452877190 0.873196118
1520616982.115798712 -0.881065751 0.133551554 4.504090636 -0.115027950 -0.136234733 0.454041036 0.872957849
1520616982.165780544 -0.867587298 0.161973335 4.541157529 -0.111652968 -0.141192438 0.457992272 0.870540860
1520616982.215781450 -0.840300299 0.206641436 4.579680949 -0.114228229 -0.145664401 0.457606219 0.869672549
1520616982.265783548 -0.819116364 0.250280466 4.612115651 -0.123259121 -0.145550326 0.454894533 0.869881173
1520616982.315784454 -0.782362363 0.292157829 4.642752250 -0.135546290 -0.145022497 0.452935827 0.869163285
1520616982.365704060 -0.774865559 0.339645478 4.679541425 -0.145233740 -0.137130775 0.447702191 0.871587666
1520616982.415704966 -0.754543691 0.381026823 4.712649692 -0.154883194 -0.130527201 0.444147536 0.872758164
1520616982.465707064 -0.732950983 0.422301898 4.749153030 -0.160483246 -0.124694978 0.440730134 0.874330166
1520616982.515707970 -0.715453311 0.469888984 4.779390824 -0.159718096 -0.119652046 0.436045400 0.877518049
1520616982.565710068 -0.680854009 0.514622413 4.810425197 -0.156885068 -0.121160714 0.432166731 0.879738071
1520616982.615710974 -0.667649741 0.560163969 4.839836070 -0.152632741 -0.121558568 0.424886303 0.883967415
1520616982.665713072 -0.637681834 0.604760349 4.867005159 -0.152771449 -0.123342628 0.418092707 0.886930645
1520616982.715715170 -0.606796601 0.649109033 4.899215798 -0.155367259 -0.124685695 0.417080186 0.886768634
1520616982.765817642 -0.571672043 0.676142973 4.939995115 -0.161019295 -0.126833935 0.420381928 0.883891947
1520616982.815819502 -0.544818356 0.706632900 4.975143689 -0.164606134 -0.126490268 0.420360739 0.883290372
1520616982.865820408 -0.515558571 0.745063569 5.006461708 -0.165457809 -0.123854340 0.418220778 0.884519755
1520616982.915822744 -0.484024273 0.775517569 5.042207818 -0.166362235 -0.115210625 0.416305809 0.886419535
1520616982.965823650 -0.458923079 0.811738926 5.072661290 -0.163228826 -0.105842018 0.413309325 0.889566872
1520616983.015825510 -0.414313355 0.856843036 5.109402507 -0.156636120 -0.101547424 0.409840506 0.892851615
1520616983.065827608 -0.387289288 0.885989730 5.142166766 -0.149741598 -0.096481086 0.407131430 0.895830817
1520616983.115829706 -0.357037120 0.913288422 5.178647266 -0.140645424 -0.093011464 0.401424465 0.900236709
1520616983.165883541 -0.329896234 0.926396016 5.205677620 -0.135455633 -0.087638919 0.396485238 0.903753643
1520616983.215885401 -0.296679068 0.948479492 5.241160504 -0.125813941 -0.084386232 0.391282648 0.907715652
1520616983.265887499 -0.264396386 0.966948789 5.275693248 -0.117570629 -0.082623962 0.382642987 0.912652602
1520616983.315888405 -0.232773777 0.979801072 5.310155382 -0.108945811 -0.080441019 0.372386601 0.918143928
1520616983.365890503 -0.200828661 0.978391161 5.339959775 -0.098764602 -0.079428700 0.364839495 0.922403804
1520616983.415891647 -0.174581333 0.976901019 5.367826995 -0.081193827 -0.078960186 0.355082480 0.927948966
1520616983.465892553 -0.139617363 0.976155715 5.399160721 -0.059927726 -0.078903001 0.341053182 0.934807847
1520616983.515894651 -0.125620944 0.968514158 5.424998821 -0.037936026 -0.075674021 0.327349591 0.941103897
1520616983.565895557 -0.108724982 0.960093470 5.449138601 -0.024027216 -0.068747524 0.313369372 0.946834784
1520616983.615723848 -0.095070754 0.961027141 5.472215710 -0.018167740 -0.053548010 0.300810850 0.952005975
1520616983.665724993 -0.083444979 0.956607934 5.498446402 -0.021281336 -0.032279320 0.289618496 0.956360955
1520616983.715726852 -0.081334617 0.944397012 5.521022274 -0.029195973 -0.007978180 0.283211480 0.958579783
1520616983.765728951 -0.075870934 0.918833436 5.533079888 -0.039424379 0.013206695 0.278656431 0.959490435
1520616983.815730095 -0.081244648 0.911988184 5.542543583 -0.043533030 0.035764585 0.267639875 0.961870400
1520616983.865731955 -0.084847788 0.894155187 5.547832815 -0.048000649 0.053385733 0.251833832 0.965103944
1520616983.915733099 -0.095894351 0.871252343 5.557396349 -0.053393575 0.062509547 0.228744764 0.970009029
1520616983.965734959 -0.112513205 0.832530184 5.555839556 -0.058405851 0.051065855 0.210510249 0.974508322
1520616984.015578508 -0.138798014 0.781945367 5.552638984 -0.057539733 0.024291586 0.198042642 0.978201518
1520616984.065580368 -0.162832545 0.743965958 5.541302463 -0.046591591 -0.012432699 0.182959085 0.981937180
1520616984.115581274 -0.200653969 0.697100654 5.523761730 -0.031300257 -0.055928166 0.174131130 0.982634563
1520616984.165583372 -0.238823656 0.650891056 5.494441598 -0.016448695 -0.101103657 0.168565398 0.980353609
1520616984.215585470 -0.277410713 0.611599786 5.469148929 -0.002284273 -0.150386289 0.179367255 0.972217123
1520616984.265586376 -0.319705763 0.581515310 5.441708340 0.011887838 -0.204341930 0.198346159 0.958520660
1520616984.315588474 -0.358312102 0.558025381 5.410637928 0.016931077 -0.259527547 0.223244196 0.939425793
1520616984.365589380 -0.358312102 0.558025381 5.410637928 0.016931077 -0.259527547 0.223244196 0.939425793
1520616984.415640831 -0.391487387 0.524871634 5.374215615 0.010521788 -0.304220429 0.250597818 0.918988551
1520616984.465641975 -0.423131204 0.498137460 5.342038658 0.004505257 -0.337060565 0.278318425 0.899393536
1520616984.515644073 -0.475261192 0.470978593 5.316571068 0.001669436 -0.351953328 0.311239107 0.882754941
1520616984.565645933 -0.514355278 0.442218738 5.294570401 -0.003998979 -0.355588549 0.342637096 0.869563461
1520616984.615647078 -0.553349018 0.414942798 5.275340299 -0.015711300 -0.348276759 0.374159482 0.859337615
1520616984.665648937 -0.572338769 0.384545208 5.263361116 -0.037353022 -0.336509772 0.399387983 0.851971340
1520616984.715649843 -0.609447535 0.356582844 5.246611057 -0.062168125 -0.315141569 0.417273203 0.850119986
1520616984.765652180 -0.641947104 0.334292395 5.229452368 -0.087378252 -0.289901973 0.424398661 0.853350844
1520616984.815819025 -0.672117598 0.314787207 5.214952307 -0.108418405 -0.261292148 0.420079990 0.862267166
1520616984.865819931 -0.702940892 0.295446858 5.210166584 -0.122122428 -0.232229749 0.412748356 0.872235204
1520616984.915822268 -0.731114440 0.281677899 5.202526089 -0.126311248 -0.201407445 0.399217758 0.885497426
1520616984.965824127 -0.759557122 0.265205044 5.199182095 -0.121072293 -0.173513048 0.378247011 0.901201376
1520616985.015825033 -0.777215122 0.245502694 5.198565794 -0.110255862 -0.146407878 0.346194597 0.920085691
1520616985.065826178 -0.779006745 0.215799884 5.199756582 -0.091091179 -0.124355680 0.309419339 0.938348408
1520616985.115828037 -0.795989611 0.177294444 5.203345696 -0.056943920 -0.113695962 0.279505993 0.951686407
1520616985.165829182 -0.813218411 0.149181523 5.203710747 -0.011780893 -0.116006504 0.249119113 0.961427776
1520616985.215872049 -0.838601814 0.099964415 5.205118898 0.028773839 -0.122900704 0.220738881 0.967130720
1520616985.265873909 -0.850044407 0.054304770 5.194568155 0.060024658 -0.148570753 0.201193646 0.966356502
1520616985.315875053 -0.888743562 0.019608693 5.188707690 0.085088231 -0.187280561 0.187546384 0.960475059
1520616985.365877151 -0.921990522 -0.004417427 5.170258817 0.092089243 -0.236679117 0.182670538 0.949807371
1520616985.415881157 -0.949556193 -0.031508287 5.148740017 0.083657888 -0.291653675 0.181185353 0.935473869
1520616985.465880156 -0.978396116 -0.058202857 5.125336930 0.066233936 -0.348018054 0.187029494 0.916251313
1520616985.515881062 -1.010116202 -0.079407665 5.105475910 0.049703776 -0.401798600 0.197987986 0.892685934
1520616985.565882921 -1.035275955 -0.101581525 5.089965384 0.039380575 -0.443390279 0.217061144 0.868756980
1520616985.615884066 -1.065536865 -0.130874936 5.069714692 0.036076070 -0.467215017 0.243163775 0.849282064
1520616985.665736437 -1.097946682 -0.158572057 5.044825372 0.039643391 -0.477732715 0.278044812 0.832400707
1520616985.715737581 -1.116883150 -0.192750623 5.031875079 0.039863175 -0.479075556 0.315484842 0.818148430
1520616985.765739679 -1.143543135 -0.221308231 5.014484735 0.033567100 -0.469208677 0.355395579 0.807719289
1520616985.815741777 -1.174162323 -0.241682700 5.000582023 0.018382205 -0.449739203 0.389156300 0.803712709
1520616985.865742683 -1.194747887 -0.266034844 4.987286800 -0.012435275 -0.425490796 0.416668652 0.803237313
1520616985.915744543 -1.217431119 -0.284343984 4.980095218 -0.048006968 -0.400196846 0.438854004 0.803084664
1520616985.965745687 -1.229845252 -0.307544491 4.967272597 -0.085904495 -0.369764829 0.457260741 0.804243125
1520616986.015747786 -1.254380013 -0.326888162 4.959185418 -0.117004782 -0.333613728 0.468742729 0.809501091
1520616986.065976143 -1.281272385 -0.333995558 4.953704480 -0.140222989 -0.290838049 0.469471363 0.821795219
1520616986.115978003 -1.300848759 -0.337965930 4.957234686 -0.155045690 -0.248344131 0.463450645 0.836360883
1520616986.165978909 -1.325791503 -0.348477522 4.958173592 -0.163108606 -0.206086644 0.447893076 0.854585087
1520616986.215981245 -1.344550787 -0.348936019 4.963673446 -0.163039576 -0.172604877 0.428698002 0.871690126
1520616986.265983105 -1.353721010 -0.350582242 4.972118859 -0.156469844 -0.147663893 0.404474140 0.888883138
1520616986.315984011 -1.366617753 -0.358387844 4.978507086 -0.143948788 -0.130515827 0.376329025 0.905881245
1520616986.365986109 -1.374707874 -0.370064916 4.989852060 -0.126798692 -0.117533091 0.348002012 0.921413405
1520616986.415987968 -1.382477456 -0.390362665 4.999200604 -0.104235795 -0.110581290 0.316897939 0.936206373
1520616986.466095209 -1.398812100 -0.408261244 5.010213901 -0.077594685 -0.108431505 0.287151587 0.948559771
1520616986.516097069 -1.409071828 -0.426443314 5.013557955 -0.058406225 -0.116010856 0.259686720 0.956918493
1520616986.566097975 -1.425632346 -0.452697607 5.013792226 -0.045700988 -0.133780710 0.239685488 0.960502477
1520616986.616100073 -1.441329874 -0.460697753 5.009007536 -0.035059669 -0.161134264 0.222684691 0.960842389
1520616986.666102171 -1.466312918 -0.478625992 5.001774467 -0.029453070 -0.197082006 0.212808013 0.956558388
1520616986.716103077 -1.478294717 -0.491493072 4.986619343 -0.026835384 -0.241867815 0.213387724 0.946174139
1520616986.766104221 -1.493897388 -0.503567900 4.965817915 -0.022229636 -0.288842085 0.227752003 0.929626333
1520616986.816106081 -1.508781957 -0.517926770 4.944380417 -0.020802409 -0.329093484 0.252768462 0.909600375
1520616986.865979433 -1.514368862 -0.514900635 4.923476349 -0.027303799 -0.360165556 0.282224114 0.888754648
1520616986.915982485 -1.513198571 -0.516040537 4.904717300 -0.051992386 -0.381234266 0.301695690 0.872316993
1520616986.965983391 -1.515422714 -0.507845360 4.884633922 -0.090066845 -0.391695136 0.308217783 0.862243981
1520616987.015984535 -1.511535125 -0.482482777 4.867810862 -0.134645554 -0.393180233 0.304248949 0.857153694
1520616987.065986395 -1.496980980 -0.458841537 4.857483287 -0.182606685 -0.389130912 0.290398397 0.854927308
1520616987.116074324 -1.490578272 -0.427538482 4.838207649 -0.225006295 -0.380705082 0.273786509 0.854094114
1520616987.165989399 -1.480275191 -0.395609253 4.817425481 -0.265832472 -0.374449620 0.253446867 0.851401941
1520616987.215990305 -1.459781970 -0.367803833 4.800801630 -0.302703330 -0.370566744 0.232202752 0.846836976
1520616987.266605377 -1.427612160 -0.348070121 4.797030160 -0.325244743 -0.369405890 0.220313618 0.842150257
1520616987.316606283 -1.404641584 -0.332805315 4.790442544 -0.325004336 -0.363130053 0.220960967 0.844798791
1520616987.366608381 -1.381227856 -0.326065766 4.790107122 -0.301694232 -0.353212461 0.234283571 0.854009810
1520616987.416609287 -1.353697406 -0.333098882 4.805705848 -0.261707779 -0.337814432 0.257448690 0.866666383
1520616987.466611385 -1.324842701 -0.346557131 4.819086926 -0.207969378 -0.317165160 0.286511412 0.879810326
1520616987.516613483 -1.301507996 -0.364085290 4.835161642 -0.147981329 -0.293271102 0.319282328 0.888905159
1520616987.566614389 -1.266907827 -0.380283839 4.851090017 -0.091514258 -0.267424363 0.347736357 0.893973588
1520616987.616616249 -1.212156576 -0.392510713 4.872782665 -0.042460225 -0.244261695 0.371882341 0.894559600
1520616987.666622400 -1.174425044 -0.402403859 4.883593449 0.002038719 -0.224769867 0.393368142 0.891479588
1520616987.716624260 -1.150057146 -0.406883336 4.893236229 0.040928152 -0.208379451 0.412873556 0.885685225
1520616987.766625166 -1.122242821 -0.404177843 4.896210930 0.070703715 -0.196152073 0.427952535 0.879421388
1520616987.816627264 -1.095042975 -0.393218768 4.903361396 0.087039039 -0.188518770 0.435017161 0.876153496
1520616987.866629124 -1.072894264 -0.380228013 4.910440257 0.084584219 -0.188686616 0.435031249 0.876350777
1520616987.916630030 -1.052916318 -0.352451038 4.911909267 0.062183714 -0.201250586 0.428253845 0.878766198
1520616987.966632366 -1.048121590 -0.322410816 4.904411887 0.020292596 -0.222270834 0.414789967 0.882118570
1520616988.016633272 -1.036275430 -0.294476382 4.897047726 -0.036229960 -0.246728562 0.394728437 0.884308695
1520616988.066636086 -1.015085333 -0.265328653 4.899183403 -0.097376361 -0.268664692 0.370807932 0.883650726
1520616988.115684986 -1.015085333 -0.265328653 4.899183403 -0.097376361 -0.268664692 0.370807932 0.883650726
1520616988.165687799 -0.991004302 -0.209031455 4.898412431 -0.141241160 -0.285211730 0.347078337 0.882180158
1520616988.215688944 -0.974745043 -0.161604970 4.892233438 -0.178263982 -0.297882107 0.326409691 0.879172860
1520616988.265691042 -0.954000042 -0.126577854 4.889736191 -0.211802509 -0.305952050 0.306360473 0.876171388
1520616988.315691948 -0.933112348 -0.088090850 4.893694092 -0.235815367 -0.311235222 0.291525914 0.873233297
1520616988.365694046 -0.916879547 -0.051556771 4.887703400 -0.245389822 -0.311307144 0.283069550 0.873351778
1520616988.415694952 -0.898747656 -0.021636912 4.894596054 -0.235824118 -0.307339252 0.281792274 0.877794215
1520616988.465696812 -0.898747656 -0.021636912 4.894596054 -0.235824118 -0.307339252 0.281792274 0.877794215
1520616988.516411066 -0.882404694 -0.009421044 4.907612686 -0.183036412 -0.284622597 0.304321958 0.890435733
1520616988.566412926 -0.849362065 -0.008097709 4.932975172 -0.126157527 -0.258453961 0.330267159 0.899004690
1520616988.616414070 -0.818876105 -0.015706093 4.958554167 -0.071379526 -0.231991094 0.356890723 0.902061033
1520616988.666416883 -0.783360389 -0.025257002 4.976313194 -0.024323503 -0.209120601 0.377536024 0.901744693
1520616988.716416836 -0.738225352 -0.016240393 5.001176088 0.018838983 -0.193104892 0.393431180 0.898647595
1520616988.766474962 -0.701281855 -0.013530753 5.020855548 0.051382077 -0.178797323 0.407784105 0.893925905
1520616988.816419840 -0.677856559 0.004353458 5.039866569 0.076773157 -0.169590870 0.420846402 0.887824941
1520616988.866421938 -0.647251625 0.021411848 5.061965850 0.090000717 -0.166850411 0.431784948 0.881829105
1520616988.915898800 -0.619636640 0.044901864 5.082796712 0.090276701 -0.170597532 0.436775607 0.878620321
1520616988.965900898 -0.600105926 0.078916867 5.102360000 0.076517711 -0.181465846 0.435585993 0.878339359
1520616989.015902758 -0.591799555 0.115526345 5.120536700 0.048493906 -0.198623220 0.428239380 0.880231896
1520616989.065903664 -0.580290769 0.162459204 5.133641265 0.004821020 -0.223182588 0.411152665 0.883809808
1520616989.115906000 -0.566539093 0.201640379 5.138404850 -0.051670442 -0.248506671 0.387018578 0.886448656
1520616989.165906668 -0.553041645 0.237934205 5.147376809 -0.110348472 -0.273509573 0.360887592 0.884746220
1520616989.215908766 -0.534372357 0.289444270 5.154589709 -0.160931528 -0.293060655 0.339916549 0.879018336
1520616989.265909910 -0.519452558 0.333936152 5.157091870 -0.198986404 -0.305746652 0.323171667 0.873202995
1520616989.315804243 -0.501323990 0.373187676 5.160690206 -0.225022454 -0.313482185 0.310223550 0.868824012
1520616989.365805149 -0.486640306 0.418827015 5.168154249 -0.241029203 -0.318008764 0.297461022 0.867347848
1520616989.415807009 -0.466605248 0.461015995 5.173065028 -0.257963099 -0.320899063 0.282947635 0.866267549
1520616989.465809345 -0.443940877 0.507688436 5.176824861 -0.277509757 -0.325991682 0.269789049 0.862514712
1520616989.515810251 -0.405212908 0.549879782 5.197827430 -0.293999385 -0.330259225 0.256758635 0.859399912
1520616989.565812111 -0.377146478 0.582476968 5.215573015 -0.294540955 -0.326692477 0.253969335 0.861404219
1520616989.615814209 -0.353098529 0.599395061 5.237220452 -0.272322822 -0.314367958 0.261971962 0.870852318
1520616989.665815115 -0.353098529 0.599395061 5.237220452 -0.272322822 -0.314367958 0.261971962 0.870852318
1520616989.717325449 -0.353098529 0.599395061 5.237220452 -0.272322822 -0.314367958 0.261971962 0.870852318
1520616989.767327309 -0.322945821 0.588592395 5.276258999 -0.218432216 -0.280600868 0.291800061 0.887920742
1520616989.817328453 -0.277560299 0.591969140 5.313425476 -0.168694031 -0.252495660 0.315810321 0.898917186
1520616989.867330313 -0.250420909 0.597146168 5.351790912 -0.132045735 -0.227942002 0.333196283 0.905310226
1520616989.917331457 -0.206164980 0.615707099 5.385564233 -0.114575160 -0.214541133 0.345407705 0.906387419
1520616989.967333555 -0.178774596 0.641448171 5.413259205 -0.112083715 -0.206008978 0.351700892 0.906258255
1520616990.017334461 -0.148431920 0.667536646 5.439590750 -0.126893977 -0.203798702 0.346840521 0.906678367
1520616990.067335606 -0.131451047 0.709979809 5.457459221 -0.155013308 -0.204890924 0.336402594 0.905993311
1520616990.115924835 -0.119053386 0.754080609 5.468152128 -0.193802275 -0.206144168 0.322842692 0.903171000
1520616990.165926695 -0.103458196 0.799604394 5.479694166 -0.235335696 -0.205669763 0.307004356 0.898924571
1520616990.215927601 -0.073833213 0.847080646 5.502258741 -0.271361733 -0.196379381 0.287528486 0.897287757
1520616990.265929937 -0.067757895 0.887449007 5.513806403 -0.298155168 -0.170487370 0.268105053 0.900087347
1520616990.315930605 -0.038254706 0.923930809 5.538219520 -0.312016406 -0.137505471 0.251131400 0.905908951
1520616990.365932703 -0.018651916 0.949709316 5.557450523 -0.317105431 -0.094202338 0.237078976 0.913435068
1520616990.415960789 0.020213388 0.982731152 5.571896977 -0.310842400 -0.057960375 0.223223847 0.922056783
1520616990.465935707 0.039806818 1.000040928 5.589944063 -0.304191533 -0.018045383 0.209988766 0.929003010
1520616990.515936613 0.060625907 1.005652426 5.608746074 -0.299044266 0.014353214 0.197270458 0.933515334
1520616990.566101313 0.073455858 1.016367546 5.618836985 -0.293168083 0.034564766 0.186267621 0.937103049
1520616990.616102457 0.074797022 1.018548083 5.624185797 -0.290239842 0.030345890 0.190400174 0.937330110
1520616990.666104317 0.061759546 1.006278006 5.622203345 -0.290701176 -0.002738364 0.206855138 0.934182145
1520616990.716106415 0.044629835 0.993139487 5.621048683 -0.292116985 -0.052686222 0.227205069 0.927507243
1520616990.766107559 0.031291829 0.969108064 5.607685338 -0.292686597 -0.111920911 0.242123110 0.918250873
1520616990.816109419 -0.003201810 0.929913313 5.607779047 -0.286545767 -0.165503529 0.261479389 0.906713094
1520616990.866110563 -0.034386994 0.897022743 5.590539787 -0.266931905 -0.222705424 0.284521446 0.893418826
1520616990.916112423 -0.052626711 0.858853059 5.575524144 -0.239054312 -0.283784724 0.313788769 0.873988486
1520616990.966140032 -0.052626711 0.858853059 5.575524144 -0.239054312 -0.283784724 0.313788769 0.873988486
1520616991.016142130 -0.077295943 0.824439276 5.548009564 -0.205883237 -0.331542843 0.336770030 0.856899867
1520616991.066143990 -0.102981127 0.791103887 5.528748160 -0.182347707 -0.368233848 0.350377912 0.841658164
1520616991.116144896 -0.135160147 0.764070359 5.506133275 -0.173521455 -0.389920698 0.355345201 0.831614058
1520616991.166147232 -0.163208426 0.739942984 5.489496622 -0.182208151 -0.392208206 0.345889813 0.832666290
1520616991.216149092 -0.195963671 0.725398649 5.470251453 -0.199848752 -0.374612816 0.330314529 0.842981628
1520616991.266149998 -0.224338495 0.702629254 5.456875186 -0.221447461 -0.345279064 0.314123644 0.856194911
1520616991.316151142 -0.247300205 0.675391220 5.446616245 -0.236014448 -0.306732334 0.301060991 0.871535849
1520616991.366085529 -0.269779480 0.660375637 5.434124408 -0.235256552 -0.262293902 0.291144843 0.889432934
1520616991.416087389 -0.299132255 0.643949674 5.427547059 -0.225456100 -0.217115724 0.285685692 0.905767075
1520616991.466088295 -0.318236383 0.615190775 5.422537669 -0.212021582 -0.174596091 0.277498752 0.920628859
1520616991.516091585 -0.342231677 0.584097844 5.420730685 -0.196421752 -0.132503311 0.268571342 0.933665252
1520616991.566092491 -0.372834595 0.563191273 5.415093793 -0.180511322 -0.091784985 0.256909899 0.944980678
1520616991.616093397 -0.385583805 0.538532582 5.407423205 -0.179087886 -0.054143014 0.246599938 0.950886183
1520616991.666095495 -0.416645452 0.515241070 5.399121669 -0.187302005 -0.020498564 0.239758446 0.952372645
1520616991.716096401 -0.443107613 0.492263072 5.390271857 -0.202292866 -0.003466165 0.238324288 0.949877421
1520616991.765949011 -0.476769653 0.469884639 5.381273894 -0.218300636 -0.008431348 0.242349816 0.945272612
1520616991.815950871 -0.515821307 0.445740524 5.374275248 -0.229750702 -0.043472041 0.247348508 0.940289058
1520616991.865952015 -0.573489382 0.416009591 5.364774692 -0.229203797 -0.091491575 0.254897448 0.934945026
1520616991.915952921 -0.637510209 0.392028048 5.350764626 -0.222911139 -0.137067541 0.264339973 0.928249693
1520616991.965955019 -0.637510209 0.392028048 5.350764626 -0.222911139 -0.137067541 0.264339973 0.928249693
1520616992.015957117 -0.637510209 0.392028048 5.350764626 -0.222911139 -0.137067541 0.264339973 0.928249693
1520616992.065958023 -0.668316423 0.346110468 5.343431642 -0.203955239 -0.192217250 0.285127753 0.916600760
1520616992.115958929 -0.727781017 0.323535268 5.340412876 -0.178321458 -0.237810620 0.306685262 0.904207784
1520616992.165961027 -0.750743927 0.290505867 5.340324662 -0.162660112 -0.281703107 0.326824796 0.887339056
1520616992.215962887 -0.783238876 0.256423454 5.330518983 -0.148755511 -0.322503241 0.343043412 0.869588797
1520616992.265963793 -0.827237047 0.225746220 5.315168037 -0.138687268 -0.353252274 0.357438399 0.853356000
1520616992.315966129 -0.871445229 0.200308263 5.307067039 -0.128989864 -0.378761657 0.366751036 0.839877908
1520616992.365967035 -0.912700611 0.175010932 5.298886970 -0.127523839 -0.388385102 0.367548503 0.835345905
1520616992.415968895 -0.952145024 0.147714302 5.293611295 -0.133339721 -0.377022174 0.359289882 0.843199608
1520616992.465970039 -0.987970918 0.126430775 5.299211768 -0.145787254 -0.349222676 0.350371698 0.856755083
1520616992.515971899 -1.027141732 0.107877245 5.291985086 -0.154464749 -0.310833753 0.341931480 0.873273086
1520616992.565972805 -1.056686041 0.095915398 5.292375602 -0.161736260 -0.268582326 0.334566051 0.888690314
1520616992.615977526 -1.077364317 0.068858618 5.305178497 -0.170536324 -0.226024817 0.327066537 0.901586172
1520616992.665979385 -1.104526138 0.049327960 5.311217975 -0.174178749 -0.184375907 0.315449785 0.914417148
1520616992.715980291 -1.136309261 0.024267051 5.308846248 -0.181683831 -0.144916303 0.299129916 0.925479089
1520616992.765982628 -1.158414970 0.011799303 5.311710163 -0.193506929 -0.109720545 0.279595449 0.933992963
1520616992.815983534 -1.186310438 -0.006886564 5.305294879 -0.209106776 -0.075855588 0.264028968 0.938514246
1520616992.865985394 -1.212568229 -0.024003292 5.300104821 -0.223704070 -0.047599899 0.249430629 0.940996865
1520616992.915986538 -1.242472510 -0.043308601 5.298039893 -0.240235231 -0.015424252 0.235620780 0.941558269
1520616992.965988398 -1.276105106 -0.063669298 5.295470732 -0.253874075 0.012970314 0.223962718 0.940861534
1520616993.015919924 -1.310012716 -0.070758725 5.289426716 -0.257526201 0.029993918 0.216611320 0.941201443
1520616993.065922260 -1.352247946 -0.082236848 5.294385758 -0.252654943 0.027798114 0.220347736 0.941721625
1520616993.115922928 -1.398987805 -0.114417239 5.304473993 -0.245034697 0.006312593 0.235486385 0.940459628
1520616993.165924072 -1.446606923 -0.127470056 5.306525672 -0.232997972 -0.025968692 0.253410267 0.938520542
1520616993.215926170 -1.490845200 -0.159124865 5.314881213 -0.224251560 -0.060733449 0.269342213 0.934600160
1520616993.265928030 -1.521501836 -0.188021581 5.315312992 -0.214162576 -0.103212258 0.282841827 0.929237387
1520616993.315929174 -1.557376354 -0.224091543 5.322427659 -0.208205289 -0.148970953 0.298994607 0.919271689
1520616993.365930080 -1.597001628 -0.259688751 5.322516773 -0.203546086 -0.198535924 0.316743028 0.904890232
1520616993.415955544 -1.659014019 -0.256459490 5.297141457 -0.192249211 -0.243155720 0.336768222 0.889102188
1520616993.465957642 -1.703112108 -0.279237515 5.292398131 -0.184319762 -0.287253295 0.354495984 0.870542570
1520616993.515958548 -1.741294649 -0.299266850 5.284548134 -0.173299656 -0.329357715 0.371415229 0.850612399
1520616993.565960646 -1.777264630 -0.318042750 5.281532024 -0.160777131 -0.362725341 0.384932641 0.833311408
1520616993.615962744 -1.814588741 -0.336726576 5.276300803 -0.149865930 -0.384955637 0.394228709 0.820934276
1520616993.665963650 -1.857770306 -0.353789346 5.266462203 -0.145634060 -0.390194069 0.397966042 0.817411976
1520616993.715964794 -1.899939873 -0.364899810 5.265432022 -0.150426707 -0.375825809 0.392429966 0.825908887
1520616993.765966654 -1.937601751 -0.376574771 5.273181311 -0.163941200 -0.344939354 0.381497509 0.841783687
1520616993.816106081 -1.967934360 -0.381970571 5.285200231 -0.181586939 -0.302747291 0.367261698 0.860516767
1520616993.866106987 -1.989742785 -0.388603153 5.303823801 -0.198212754 -0.253107568 0.349528529 0.880044357
1520616993.916108847 -2.018396840 -0.393751103 5.307619804 -0.210790138 -0.194538406 0.334218387 0.897786387
1520616993.966109991 -2.013550089 -0.403121785 5.337209097 -0.223259159 -0.139383011 0.316852846 0.911225547
1520616994.016111851 -1.998965480 -0.399542337 5.358007172 -0.226687992 -0.085946353 0.301465241 0.922141251
1520616994.066112757 -2.002340785 -0.411803784 5.368518869 -0.224843346 -0.034186969 0.281543725 0.932206979
1520616994.116115093 -2.001054037 -0.426674219 5.383703403 -0.225208260 0.009776718 0.257342593 0.939659750
1520616994.166115999 -2.007566882 -0.425886777 5.383473814 -0.229953717 0.041375674 0.238218525 0.942688324
1520616994.216082335 -2.017267284 -0.430060988 5.383295144 -0.240200008 0.051682855 0.227174986 0.942350446
1520616994.266084194 -2.030204947 -0.433359091 5.384097173 -0.249525845 0.039077122 0.219759466 0.942292740
1520616994.316085339 -2.037839472 -0.442551244 5.387974672 -0.255105003 0.013173639 0.210623611 0.943602452
1520616994.366087198 -2.030638149 -0.449875188 5.393669787 -0.253773700 -0.015682695 0.195037949 0.947266151
1520616994.416088104 -2.034345599 -0.453775410 5.399385952 -0.240740504 -0.043912015 0.177366453 0.953234958
1520616994.466090441 -2.025239144 -0.459407033 5.407705955 -0.218151912 -0.079643763 0.161464507 0.959164129
1520616994.516091347 -2.019704205 -0.462176066 5.412883434 -0.189601031 -0.117368819 0.142379326 0.964367221
1520616994.566093206 -2.008753478 -0.463877040 5.413586304 -0.163150564 -0.158913902 0.127953641 0.965275158
1520616994.616054296 -2.007261253 -0.461661740 5.409930324 -0.142756971 -0.200890647 0.116778233 0.962094714
1520616994.666056395 -2.009976809 -0.467729485 5.391951557 -0.134226864 -0.242238482 0.114445744 0.954047084
1520616994.716058493 -2.005209820 -0.453128660 5.377662990 -0.134610561 -0.285450303 0.119886516 0.941289193
1520616994.766059399 -2.000721714 -0.438611336 5.360523200 -0.142073178 -0.323012788 0.135826738 0.925758634
1520616994.816061258 -1.992398955 -0.423956566 5.347288329 -0.156891035 -0.361725296 0.165460079 0.903970672
1520616994.866063356 -1.986786824 -0.405801115 5.322930701 -0.174064324 -0.390571541 0.202434350 0.881008409
1520616994.916064262 -1.978788298 -0.400487202 5.307604979 -0.192712743 -0.408669603 0.242070947 0.858634154
1520616994.966066599 -1.960039225 -0.398018504 5.306066799 -0.210099536 -0.413914171 0.280803130 0.840049312
1520616995.016067505 -1.945414209 -0.392135906 5.301001606 -0.227023652 -0.403366850 0.318990536 0.827043218
1520616995.066224337 -1.929031320 -0.378011743 5.300733731 -0.247424106 -0.385007011 0.356779356 0.814407395
1520616995.116225004 -1.906177444 -0.365979514 5.306366519 -0.274113661 -0.359561102 0.394336850 0.800047476
1520616995.166227102 -1.886259624 -0.340977548 5.305647313 -0.301995823 -0.324511855 0.427181224 0.788039834
1520616995.216229200 -1.853350579 -0.313792350 5.304240291 -0.330127958 -0.282249155 0.447751148 0.781581637
1520616995.266230106 -1.822754092 -0.282404142 5.311271579 -0.355451920 -0.236459412 0.456866031 0.780393688
1520616995.316231966 -1.791313925 -0.246536722 5.305968895 -0.375545637 -0.183705882 0.451366762 0.788343624
1520616995.366233110 -1.749202007 -0.213192133 5.305057582 -0.391085827 -0.127157758 0.431282854 0.803042888
1520616995.416327238 -1.710344875 -0.163435064 5.294007155 -0.388080059 -0.071864370 0.404580803 0.824950759
1520616995.466610193 -1.657697314 -0.139475590 5.299002572 -0.377361376 -0.023164087 0.367090210 0.849886225
1520616995.516612530 -1.590580466 -0.118907267 5.309609364 -0.350296946 0.016996017 0.322989350 0.879022790
1520616995.566613436 -1.530227722 -0.091778308 5.311789562 -0.309677515 0.046288729 0.269509264 0.910671152
1520616995.616615295 -1.484779610 -0.069799588 5.324548538 -0.267123617 0.064510360 0.215149791 0.937120032
1520616995.666616440 -1.432128884 -0.081823949 5.332073174 -0.232733834 0.065066190 0.163474728 0.956492220
1520616995.716618299 -1.396278613 -0.075434446 5.341336679 -0.203478497 0.052819490 0.120221201 0.970233717
1520616995.766619444 -1.367832865 -0.068665929 5.347196055 -0.185601685 0.028599874 0.082897138 0.978704310
1520616995.816621304 -1.344074268 -0.064430694 5.344067431 -0.174872011 -0.005395564 0.053276826 0.983133891
1520616995.866175413 -1.319484723 -0.057906388 5.339804443 -0.168692245 -0.048795287 0.033426929 0.983892569
1520616995.916176558 -1.301536397 -0.046749014 5.335642958 -0.164072860 -0.096909661 0.026199732 0.981326749
1520616995.966178417 -1.292019904 -0.044519741 5.328118405 -0.164194646 -0.148643232 0.037615578 0.974438493
1520616996.016179323 -1.285344557 -0.025381991 5.313714388 -0.167466030 -0.201089778 0.065016157 0.962959464
1520616996.066181421 -1.277654170 -0.014608697 5.303500765 -0.179263419 -0.246937430 0.098768185 0.947170195
1520616996.116182327 -1.275677672 -0.005645678 5.290884594 -0.192874654 -0.276728294 0.137996205 0.931223854
1520616996.166184187 -1.268051359 0.001018425 5.274857034 -0.211317910 -0.295794472 0.180207174 0.913988920
1520616996.216185331 -1.262883138 0.017246712 5.257430822 -0.236755711 -0.305930100 0.219692970 0.895593941
1520616996.266077995 -1.252905995 0.035885032 5.245712157 -0.269789247 -0.313243869 0.258420327 0.873104218
1520616996.316079855 -1.244978774 0.055071329 5.231230320 -0.298850725 -0.311262761 0.296135897 0.852119281
1520616996.366081238 -1.228996991 0.079873663 5.218375753 -0.325754170 -0.301650940 0.332524865 0.832056576
1520616996.416084051 -1.210601485 0.096684747 5.208983424 -0.349346645 -0.280583730 0.364780346 0.816189311
1520616996.466084957 -1.191330616 0.116814467 5.197896618 -0.366835673 -0.249559386 0.388761261 0.807475315
1520616996.516086102 -1.168249946 0.134032568 5.193728858 -0.382496037 -0.214852441 0.403311677 0.803041033
1520616996.566087961 -1.139041771 0.155561562 5.191328643 -0.397990004 -0.177635715 0.412317995 0.800027112
1520616996.616088867 -1.114721939 0.189698746 5.186309852 -0.407650504 -0.138287668 0.415942365 0.801055265
1520616996.666722536 -1.068530853 0.225358438 5.187576883 -0.413753163 -0.106172625 0.412974323 0.804355582
1520616996.716723442 -1.023720803 0.243416776 5.185506886 -0.414491509 -0.080405442 0.397081141 0.814897737
1520616996.766725540 -0.975720463 0.263354734 5.190689438 -0.405335531 -0.061418165 0.366913514 0.835048136
1520616996.816727638 -0.925247764 0.278141322 5.203481783 -0.386426634 -0.042403799 0.324583957 0.862277002
1520616996.866728544 -0.867253562 0.282817324 5.224911249 -0.356253575 -0.026596451 0.273471750 0.893078508
1520616996.916730404 -0.825755591 0.285702663 5.237925381 -0.313859152 -0.013515219 0.220505692 0.923410532
1520616996.966731548 -0.774626192 0.280092537 5.261256682 -0.272133451 -0.009941458 0.176353092 0.945909160
1520616997.016732454 -0.721646765 0.284780560 5.269370857 -0.230539967 -0.026628072 0.140139332 0.962550382
1520616997.066610813 -0.699114171 0.280661182 5.279795142 -0.203256046 -0.051671712 0.108318243 0.971742853
1520616997.116547823 -0.677961291 0.289145047 5.277719812 -0.186596733 -0.093251080 0.096331739 0.973245134
1520616997.166548729 -0.654556759 0.288050792 5.272533900 -0.180229798 -0.145337599 0.098118237 0.967867250
1520616997.216550827 -0.641329431 0.296245351 5.263743163 -0.179491649 -0.197889055 0.118829556 0.956296087
1520616997.266551971 -0.628724896 0.308558943 5.252056081 -0.183238315 -0.245991424 0.152467945 0.939502775
1520616997.316553831 -0.618460475 0.324944889 5.244544377 -0.191818983 -0.287117755 0.194223123 0.918175501
1520616997.366554976 -0.599802262 0.334550030 5.237998022 -0.207609415 -0.319964271 0.246125877 0.891034932
1520616997.416556835 -0.591400512 0.343344665 5.225771127 -0.220843850 -0.333558856 0.298099050 0.866662241
1520616997.466558933 -0.569756437 0.366356690 5.221472530 -0.228911496 -0.331861733 0.344262108 0.847909735
1520616997.516137123 -0.566078932 0.375340071 5.204009462 -0.232990061 -0.314291955 0.378356937 0.838917295
1520616997.566138983 -0.537621814 0.405463194 5.200627054 -0.235931472 -0.287249252 0.400081468 0.837710586
1520616997.616139889 -0.518994351 0.428427158 5.200271805 -0.238364499 -0.252143833 0.411228082 0.842910029
1520616997.666141987 -0.492089764 0.463254208 5.193739993 -0.232326913 -0.215474250 0.413069088 0.853796803
1520616997.716142893 -0.471796299 0.493914869 5.185967407 -0.222006420 -0.180462496 0.409491645 0.866292693
1520616997.766144753 -0.437040988 0.518298897 5.185454708 -0.210224781 -0.154541873 0.397250373 0.879837765
1520616997.816147089 -0.411623196 0.561503529 5.169369012 -0.199302166 -0.135589181 0.376924474 0.894327771
1520616997.866147995 -0.392430468 0.595448458 5.144277653 -0.197874827 -0.127766428 0.356167570 0.904248834
1520616997.916203260 -0.372233696 0.630790590 5.118559834 -0.204807818 -0.121984439 0.336261217 0.911099308
1520616997.966204405 -0.350569379 0.660969483 5.092293753 -0.216274278 -0.120478360 0.321445630 0.913992948
1520616998.016206503 -0.334840290 0.689344748 5.059866332 -0.230086672 -0.119381350 0.308678368 0.915164402
1520616998.066208363 -0.308866738 0.713656239 5.031711661 -0.245171806 -0.118878766 0.294638337 0.915940432
1520616998.116209507 -0.275221494 0.733524639 5.002129269 -0.260973484 -0.117036354 0.282613885 0.915600745
1520616998.166211367 -0.257411031 0.751238701 4.966484045 -0.272330802 -0.115655719 0.274614485 0.914902494
1520616998.216213226 -0.236170317 0.771579682 4.930774109 -0.279716849 -0.114412239 0.266145716 0.915333154
1520616998.266214609 -0.214703484 0.791271527 4.898046272 -0.282782715 -0.113224036 0.259807648 0.916359231
1520616998.316223145 -0.190384258 0.797323257 4.859058460 -0.287562887 -0.110252233 0.256094147 0.916279335
1520616998.366224289 -0.164392970 0.802613947 4.826804198 -0.292368616 -0.107433998 0.253149448 0.915911505
1520616998.416226149 -0.142270038 0.793745495 4.807073873 -0.298252629 -0.105430922 0.254541064 0.913859145
1520616998.466227055 -0.120144418 0.787706996 4.786259580 -0.302357219 -0.105625830 0.254456333 0.912510422
1520616998.516229153 -0.094468914 0.773159389 4.767076907 -0.305667320 -0.104686456 0.254075550 0.911621550
1520616998.566230059 -0.067297083 0.753139961 4.751440086 -0.310602724 -0.102857834 0.253173293 0.910411719
1520616998.616231918 -0.045087156 0.744889277 4.745385933 -0.316317962 -0.102646560 0.254183168 0.908183653
1520616998.666233301 -0.015536564 0.723589571 4.742202167 -0.326440491 -0.102747024 0.255041392 0.904341497
1520616998.716419458 0.006249632 0.693924027 4.735000698 -0.335860841 -0.099502722 0.255265428 0.901186032
1520616998.766381502 0.024694939 0.681342524 4.726373127 -0.338067322 -0.096861300 0.253762118 0.901073339
1520616998.816383362 0.060882585 0.652852526 4.727431434 -0.336458866 -0.091953422 0.252687429 0.902490478
1520616998.866384268 0.070995911 0.606698833 4.727924632 -0.329156596 -0.084173432 0.251610798 0.906235496
1520616998.916386366 0.097289751 0.579814189 4.739042321 -0.312150064 -0.079288277 0.248706924 0.913466241
1520616998.966387272 0.115020141 0.545017865 4.743667170 -0.291548379 -0.074871873 0.244501830 0.921744325
1520616999.016389132 0.139895358 0.503883514 4.756106606 -0.270832840 -0.071816508 0.236759854 0.930288522
1520616999.066391468 0.149696527 0.464323295 4.764829568 -0.251554308 -0.068891473 0.232424976 0.936991476
1520616999.116468906 0.168562401 0.415076132 4.778239839 -0.242118567 -0.069272215 0.231057456 0.939783173
1520616999.166470766 0.172681861 0.371298163 4.778210856 -0.238252721 -0.072276168 0.231903842 0.940336325
1520616999.216471672 0.161352224 0.347893926 4.765258546 -0.238077809 -0.077376634 0.234576097 0.939311380
1520616999.266473770 0.150398400 0.321987163 4.764180330 -0.242683715 -0.085394940 0.241302209 0.935727291
1520616999.316474676 0.120685995 0.284919152 4.751356504 -0.246713392 -0.090181220 0.244817850 0.933308133
1520616999.366476536 0.098402842 0.253794907 4.741890553 -0.248312195 -0.095448509 0.245227537 0.932252161
1520616999.416477680 0.064162107 0.229942349 4.727890610 -0.246502570 -0.098487310 0.245320566 0.932391845
1520616999.466479778 0.018603701 0.206893493 4.710299099 -0.243482511 -0.099213605 0.246403865 0.932822632
1520616999.516481638 -0.029828950 0.199061244 4.682581678 -0.237266965 -0.101305842 0.250486228 0.933112085
1520616999.566754341 -0.086390039 0.162540987 4.669377791 -0.239160371 -0.104213872 0.255291686 0.931003728
1520616999.616756678 -0.142900545 0.156417558 4.640684476 -0.240251459 -0.108191509 0.259303629 0.929158470
1520616999.666757584 -0.196522228 0.156766134 4.608233111 -0.245809570 -0.114332649 0.263208194 0.925865621
1520616999.716760397 -0.258810281 0.148404329 4.569116623 -0.259732709 -0.115556741 0.268668077 0.920327672
1520616999.766761541 -0.306808131 0.152141831 4.540295068 -0.277523801 -0.117905860 0.271472488 0.913992033
1520616999.816763401 -0.357979566 0.150045443 4.510663803 -0.296474045 -0.122822146 0.270919026 0.907535532
1520616999.866764307 -0.412868745 0.144879364 4.485057087 -0.312848289 -0.128354651 0.272426606 0.900796745
1520616999.916766644 -0.453782385 0.160895982 4.458984622 -0.323394226 -0.134341810 0.270840517 0.896668204
1520616999.966792822 -0.492631717 0.171227137 4.434523069 -0.331861592 -0.136274288 0.268010683 0.894129451
1520617000.016797781 -0.529898544 0.179492581 4.413642972 -0.340053857 -0.139336755 0.263803784 0.891827454
1520617000.066795588 -0.560584860 0.188624212 4.394571553 -0.351380168 -0.143105441 0.254662245 0.889494211
1520617000.116797686 -0.582098701 0.199684339 4.381774886 -0.362347726 -0.149234479 0.242639223 0.887445437
1520617000.166798592 -0.616420600 0.214231088 4.369657560 -0.369060540 -0.149831544 0.228509721 0.888328843
1520617000.216799736 -0.628298637 0.218873336 4.379816240 -0.372816780 -0.149059067 0.217034560 0.889766847
1520617000.266801834 -0.635938144 0.230097068 4.397697193 -0.369480187 -0.141362318 0.204838342 0.895288970
1520617000.316803694 -0.647566283 0.226381031 4.423091151 -0.363245884 -0.125041351 0.192664294 0.902938291
1520617000.366745472 -0.656654794 0.219156326 4.452097300 -0.353735970 -0.108880752 0.179605345 0.911459141
1520617000.416735649 -0.666804415 0.202554196 4.485751683 -0.347044486 -0.097317949 0.170738048 0.917026641
1520617000.466736555 -0.685756986 0.160818865 4.518616215 -0.347030993 -0.087678862 0.169565889 0.918220734
1520617000.516738653 -0.702760401 0.117767712 4.556826645 -0.343072292 -0.080784477 0.174014614 0.919507578
1520617000.566739559 -0.712549677 0.080661744 4.597178047 -0.332214415 -0.076703405 0.176191920 0.923421127
1520617000.616741419 -0.727081690 0.045180629 4.632555548 -0.317805694 -0.074168090 0.177828816 0.928372526
1520617000.666743755 -0.749041358 -0.012347759 4.666477255 -0.305020769 -0.072469772 0.186021413 0.931185533
1520617000.716744661 -0.784666062 -0.074151224 4.699843530 -0.291586732 -0.074084921 0.197799389 0.932933012
1520617000.766617298 -0.825863822 -0.134080673 4.725282275 -0.277612499 -0.075407940 0.205442530 0.935434824
1520617000.816617966 -0.856526946 -0.196657634 4.746176859 -0.263948016 -0.080986093 0.214683602 0.936847719
1520617000.866620302 -0.901387279 -0.247920469 4.753773335 -0.248145743 -0.088489947 0.224026652 0.938299141
1520617000.916621208 -0.943236689 -0.306258722 4.768521933 -0.240129195 -0.095104157 0.235893592 0.936828363
1520617000.966623068 -0.996202892 -0.363145713 4.777828206 -0.234314850 -0.101678929 0.249664485 0.934037254
1520617001.016624212 -1.048891620 -0.415597824 4.783445614 -0.232158830 -0.110536876 0.262536052 0.930031557
1520617001.066626072 -1.097825136 -0.460804223 4.782230606 -0.232590557 -0.119870521 0.278399088 0.924135617
1520617001.116628170 -1.162329982 -0.488151908 4.774882417 -0.233098439 -0.129067430 0.295725795 0.917361962
1520617001.166698933 -1.216903522 -0.515030564 4.764849893 -0.238241873 -0.143069104 0.310866188 0.908919279
1520617001.216700792 -1.279432787 -0.531273160 4.748723252 -0.244070009 -0.156237177 0.322226027 0.901215936
1520617001.266701698 -1.345092826 -0.541073445 4.727929246 -0.250402244 -0.167602685 0.329680086 0.894717328
1520617001.316703796 -1.414492437 -0.546198677 4.706570157 -0.255629716 -0.175477080 0.336715360 0.889091677
1520617001.366705656 -1.480084383 -0.539867960 4.686890915 -0.260871579 -0.183607569 0.342024755 0.883885370
1520617001.416706562 -1.532108703 -0.529658346 4.678889104 -0.269681137 -0.192102601 0.344314936 0.878530534
1520617001.466708899 -1.580190153 -0.513465107 4.672935595 -0.280056164 -0.202225535 0.341352798 0.874157678
1520617001.516710758 -1.628825083 -0.493675535 4.661506033 -0.293216977 -0.208954100 0.334686541 0.870831159
1520617001.566704512 -1.682336822 -0.467386852 4.650413491 -0.305148037 -0.213227986 0.328232459 0.868148579
1520617001.616706371 -1.732005264 -0.440190327 4.641415363 -0.314554425 -0.215320383 0.322068539 0.866582081
1520617001.666707516 -1.771111770 -0.407584945 4.638160648 -0.320601008 -0.217082517 0.315260195 0.866430138
1520617001.716709375 -1.795279305 -0.378438472 4.650684950 -0.324018951 -0.217969349 0.305860282 0.868303271
1520617001.766710281 -1.812789416 -0.353205288 4.668954892 -0.324270421 -0.218337451 0.297122829 0.871146070
1520617001.816712618 -1.830606647 -0.328899079 4.693476334 -0.324921598 -0.211147695 0.290857634 0.874782512
1520617001.866713524 -1.842225105 -0.304570097 4.725122652 -0.327112005 -0.200791937 0.287260098 0.877588725
1520617001.916715384 -1.848071908 -0.281413434 4.755577920 -0.330884674 -0.190245692 0.285231428 0.879184248
1520617001.966679811 -1.855303555 -0.262065018 4.793572183 -0.334808633 -0.181908418 0.283349669 0.880071288
1520617002.016645670 -1.852578421 -0.246643373 4.840048055 -0.332707878 -0.179435816 0.277777893 0.883146476
1520617002.066646814 -1.857059086 -0.233915179 4.889330310 -0.319705139 -0.166346254 0.271014382 0.892563025
1520617002.116648912 -1.839064468 -0.225738455 4.951365290 -0.298694326 -0.150158349 0.262168035 0.905263548
1520617002.166649580 -1.814503843 -0.217799546 5.012725472 -0.281022918 -0.132517231 0.248545773 0.917436811
1520617002.216651917 -1.800022156 -0.215029756 5.074341826 -0.270319363 -0.115346249 0.236342773 0.926155915
1520617002.266653776 -1.785644268 -0.223155681 5.135603881 -0.265933633 -0.101536835 0.231430016 0.930274004
1520617002.316654682 -1.778846671 -0.238019190 5.195159759 -0.264729159 -0.090196566 0.227919216 0.932649925
1520617002.366656780 -1.770205894 -0.248703186 5.251932626 -0.260773554 -0.080820090 0.230165652 0.934071217
1520617002.416535378 -1.761382367 -0.260746071 5.308027162 -0.250726369 -0.071905471 0.236511346 0.935963821
1520617002.466537237 -1.755509604 -0.283714713 5.363115814 -0.236571037 -0.065910182 0.244671140 0.937990419
1520617002.516538143 -1.745955016 -0.306006937 5.412759306 -0.219286070 -0.064874450 0.252468742 0.940193842
1520617002.566540480 -1.746520677 -0.325150183 5.457778440 -0.199148470 -0.068147140 0.258153583 0.942895849
1520617002.616541386 -1.744871634 -0.343501405 5.495233309 -0.181536466 -0.072936626 0.264421339 0.944354867
1520617002.666543245 -1.737611907 -0.353475254 5.527033973 -0.169079447 -0.078334515 0.272014327 0.944078413
1520617002.716545343 -1.748833486 -0.355299975 5.546401531 -0.160549297 -0.086227045 0.285006870 0.941041925
1520617002.766546249 -1.762924643 -0.357487445 5.564168993 -0.162698333 -0.097253293 0.301536799 0.934423142
1520617002.816246271 -1.783070104 -0.348045674 5.576419321 -0.170396177 -0.108291688 0.317434873 0.926538264
1520617002.866247177 -1.802678216 -0.332177245 5.578767842 -0.181995619 -0.121593837 0.329790741 0.918330333
1520617002.916249514 -1.829973226 -0.308688710 5.578224335 -0.192198591 -0.132865082 0.337412884 0.911898633
1520617002.966250420 -1.853393670 -0.286948555 5.571401380 -0.201279787 -0.143570131 0.340091003 0.907310407
1520617003.016253233 -1.869939862 -0.252346175 5.566671202 -0.205104969 -0.153859649 0.339841440 0.904857423
1520617003.066254377 -1.891099889 -0.216320926 5.553071690 -0.205773870 -0.164600068 0.337844763 0.903562310
1520617003.116255283 -1.902265364 -0.177949364 5.538413974 -0.209550639 -0.171813224 0.338728652 0.901017006
1520617003.166257143 -1.906194678 -0.137333031 5.525115213 -0.215747048 -0.177620297 0.340597762 0.897717888
1520617003.216340065 -1.898235717 -0.092527574 5.513908446 -0.223359285 -0.181118947 0.332576173 0.898164599
1520617003.266340971 -1.885371913 -0.048345764 5.501124441 -0.228667098 -0.182049824 0.324086304 0.899742901
1520617003.316343069 -1.866215507 -0.003622499 5.489364859 -0.231811731 -0.178158969 0.316324732 0.902475134
1520617003.366345167 -1.846912035 0.042981253 5.477455302 -0.229955064 -0.170570964 0.311468891 0.906097867
1520617003.416344881 -1.817727860 0.083930171 5.468343039 -0.229307068 -0.166087358 0.306455769 0.908800374
1520617003.466347218 -1.786128341 0.128330331 5.457493442 -0.232775524 -0.164388176 0.300476635 0.910222981
1520617003.516349077 -1.753140419 0.174609047 5.445227218 -0.241909688 -0.163909432 0.291973093 0.910694852
1520617003.566350222 -1.712523512 0.214604930 5.440829207 -0.254065860 -0.162315247 0.285149932 0.909831751
1520617003.616839886 -1.674914264 0.257349328 5.435615627 -0.261289611 -0.159735774 0.282357693 0.909112949
1520617003.666840553 -1.626573606 0.295394937 5.435514785 -0.265140327 -0.156742985 0.273183476 0.911319391
1520617003.716842890 -1.572016437 0.335046038 5.439668683 -0.267787618 -0.153656214 0.263902498 0.913802512
1520617003.766843796 -1.515401264 0.367717476 5.447931759 -0.273092047 -0.149969042 0.257913021 0.914555025
1520617003.816845655 -1.457008029 0.394342535 5.460629993 -0.281320282 -0.144921542 0.252300337 0.914440368
1520617003.866847754 -1.395391964 0.419648788 5.475443277 -0.289402610 -0.138337507 0.249139755 0.913804271
1520617003.916848660 -1.335248680 0.443579028 5.491930616 -0.297956112 -0.128887834 0.245860444 0.913325092
1520617003.966850758 -1.277036818 0.460919719 5.506821895 -0.305571120 -0.120161032 0.242002689 0.913029198
1520617004.017410994 -1.216598615 0.475550587 5.526186930 -0.309015869 -0.111267352 0.237076203 0.914288599
1520617004.067412853 -1.159685848 0.479251348 5.548142245 -0.306833708 -0.104301143 0.230978196 0.917400360
1520617004.117413998 -1.107131838 0.474253566 5.572537656 -0.297494122 -0.098791617 0.229376360 0.921479218
1520617004.167415857 -1.058302284 0.465002317 5.595623530 -0.282469950 -0.097689450 0.234896668 0.924927594
1520617004.217417002 -1.013218390 0.452944460 5.613655865 -0.264168849 -0.102356219 0.246338283 0.926852455
1520617004.267418861 -0.969870020 0.440494265 5.632691084 -0.247122488 -0.108451043 0.258743051 0.927480933
1520617004.317420959 -0.938194066 0.425107614 5.645402032 -0.231980101 -0.113495647 0.269566001 0.927705849
1520617004.367422104 -0.905465927 0.413809451 5.652664983 -0.216302077 -0.122089968 0.283994263 0.926096491
1520617004.417423964 -0.888362685 0.405141239 5.653101583 -0.200202728 -0.130275644 0.296329103 0.924735739
1520617004.467167854 -0.869658555 0.394435258 5.654694839 -0.190972401 -0.140923392 0.306769507 0.921717207
1520617004.517169714 -0.859748237 0.401258367 5.643251485 -0.183664346 -0.153032042 0.315941293 0.918166489
1520617004.567170858 -0.850040332 0.413436488 5.625895215 -0.185929675 -0.165442946 0.321950338 0.913458684
1520617004.617172718 -0.838535167 0.431492309 5.602694157 -0.193321872 -0.177453637 0.325821366 0.908282609
1520617004.667174816 -0.837665325 0.449400888 5.573213587 -0.200027108 -0.188708957 0.328904015 0.903438008
1520617004.717175961 -0.828116296 0.473531199 5.543437517 -0.207851844 -0.199439604 0.331919488 0.898248801
1520617004.767177820 -0.823651250 0.502138099 5.509227819 -0.214742469 -0.208039059 0.334186020 0.893826116
1520617004.817179680 -0.816390765 0.534270661 5.474605870 -0.221373271 -0.215963534 0.335092262 0.889981350
1520617004.866488695 -0.810505018 0.564802764 5.434736370 -0.230031215 -0.221173304 0.336484821 0.885971769
1520617004.916490555 -0.788507121 0.605417807 5.404870555 -0.241091594 -0.223457068 0.333726452 0.883497842
1520617004.966491461 -0.765955003 0.650926672 5.375823833 -0.250459790 -0.221198607 0.327273378 0.883873976
1520617005.016493559 -0.739206108 0.688054226 5.348255596 -0.261682606 -0.215828983 0.322264001 0.883790686
1520617005.066495657 -0.700398263 0.731342576 5.328161734 -0.273513495 -0.207908220 0.316836407 0.884069698
1520617005.116496563 -0.659181030 0.776688002 5.305325372 -0.284903695 -0.199015705 0.309695451 0.885048790
1520617005.166499615 -0.620097526 0.820318348 5.286129010 -0.297475606 -0.187942419 0.298213535 0.887273689
1520617005.216499567 -0.571864034 0.863700842 5.270791699 -0.309037042 -0.177284991 0.285393266 0.889728510
1520617005.266826630 -0.532087254 0.896062226 5.258086696 -0.318607430 -0.164304075 0.276299465 0.891713004
1520617005.316826820 -0.484475651 0.930590524 5.249947919 -0.325186802 -0.151725041 0.268544717 0.893933326
1520617005.366903543 -0.444619136 0.958206420 5.238253238 -0.330473963 -0.136900837 0.259605773 0.897022833
1520617005.416829824 -0.401520482 0.994867516 5.229950742 -0.333323142 -0.119644466 0.249727652 0.901230817
1520617005.466831684 -0.348845894 1.023304891 5.224713976 -0.337313455 -0.099944663 0.236885146 0.905602631
1520617005.516832590 -0.296300989 1.048739916 5.214242738 -0.340715578 -0.073894166 0.227363996 0.909262427
1520617005.566834688 -0.236319740 1.065476911 5.217078406 -0.348586539 -0.047565257 0.214205825 0.911230397
1520617005.616835594 -0.203311467 1.070306972 5.219324609 -0.357846924 -0.015630705 0.203746227 0.911146934
1520617005.667318821 -0.162640207 1.082322231 5.223282621 -0.363848743 0.014209992 0.187341337 0.912313209
1520617005.717319965 -0.127336523 1.072829113 5.236697377 -0.369603099 0.042879662 0.174572251 0.911635570
1520617005.767322063 -0.099413582 1.058305468 5.251486496 -0.369863250 0.069987252 0.164117342 0.911794088
1520617005.817322731 -0.074335421 1.047765824 5.274129453 -0.362889014 0.092833889 0.157810245 0.913668079
1520617005.867325068 -0.054807503 1.023635558 5.301024920 -0.353260677 0.111195307 0.153904210 0.916054579
1520617005.917326927 -0.035006457 0.999127077 5.335542175 -0.340595959 0.127873356 0.152965134 0.918827767
1520617005.967327833 -0.026672015 0.963345665 5.368211872 -0.330717006 0.140968338 0.150151105 0.920982538
1520617006.017329931 -0.014392440 0.930030404 5.403146783 -0.321082390 0.150300124 0.146657498 0.923475798
1520617006.066761732 -0.023038900 0.887540572 5.442315211 -0.312157182 0.159504656 0.146084001 0.925081414
1520617006.116764069 -0.046474737 0.846772354 5.478092465 -0.298245374 0.168420525 0.151576409 0.927204840
1520617006.166764975 -0.053767833 0.811920590 5.502386894 -0.281601776 0.161028262 0.158574807 0.932536524
1520617006.216767073 -0.087844404 0.773204852 5.535400576 -0.267757425 0.154125148 0.161881761 0.937200990
1520617006.266768932 -0.129273662 0.735674642 5.563163555 -0.251602734 0.141730823 0.165695151 0.942949392
1520617006.316769838 -0.173378029 0.699672029 5.591010847 -0.237376540 0.128330909 0.170441345 0.947698952
1520617006.366772175 -0.223257372 0.670464030 5.612576400 -0.223724949 0.114702506 0.176245342 0.951697463
1520617006.416774035 -0.279788712 0.647693987 5.629940582 -0.214864969 0.100307641 0.182004408 0.954277642
1520617006.466332436 -0.346490472 0.628271950 5.642914410 -0.212040497 0.085680041 0.187377225 0.955294475
1520617006.516334534 -0.407037470 0.615599443 5.643071082 -0.212301117 0.065498036 0.196289799 0.955043747
1520617006.566335678 -0.489343224 0.607282040 5.637647672 -0.215352222 0.048282016 0.204828726 0.953591873
1520617006.616337538 -0.563764006 0.598251621 5.624769624 -0.221460057 0.030447041 0.216368936 0.950375139
1520617006.666338444 -0.645023631 0.587380154 5.610635442 -0.228009485 0.014836062 0.230405722 0.945888349
1520617006.716341496 -0.724539423 0.577361970 5.589863530 -0.233759813 0.000616919 0.242147476 0.941658414
1520617006.766341448 -0.803797662 0.564490082 5.564107915 -0.238120691 -0.013792375 0.254706962 0.937140689
1520617006.816347599 -0.880266070 0.550389913 5.539988275 -0.244302611 -0.027072532 0.268160161 0.931489904
1520617006.866345644 -0.952303022 0.528258458 5.517723282 -0.256038164 -0.040289656 0.282689143 0.923530211
1520617006.916496515 -1.017427619 0.498686152 5.492277688 -0.267497229 -0.053441913 0.302608433 0.913245493
1520617006.966498613 -1.079105904 0.467674646 5.468276669 -0.277433349 -0.065988482 0.321413736 0.902978110
1520617007.016545534 -1.132223766 0.432780387 5.448351871 -0.283507322 -0.082554492 0.336986872 0.894006824
1520617007.066501379 -1.169561039 0.399462645 5.435269848 -0.284203855 -0.096720722 0.348275803 0.888018714
1520617007.116502523 -1.194948269 0.360523039 5.431762397 -0.283477909 -0.107545752 0.355879664 0.883981816
1520617007.166504622 -1.212434857 0.327297186 5.436328093 -0.276174386 -0.119642407 0.363709882 0.881548935
1520617007.216505766 -1.223964580 0.289073217 5.445883989 -0.264508778 -0.130746670 0.374128599 0.879186104
1520617007.266507626 -1.227061541 0.255138786 5.460545715 -0.250762616 -0.138685144 0.383798065 0.877828905
1520617007.316927910 -1.226681086 0.228822735 5.476104763 -0.237844619 -0.142702124 0.390765517 0.877706302
1520617007.366930008 -1.223992796 0.211238091 5.490821238 -0.228313760 -0.141578176 0.393209799 0.879326163
1520617007.416930914 -1.212778742 0.195770745 5.506597847 -0.222733264 -0.137816582 0.392712408 0.881574414
1520617007.466932774 -1.204249150 0.187788640 5.519446691 -0.218768276 -0.132273808 0.390520426 0.884385593
1520617007.516935110 -1.192110895 0.184462212 5.527686197 -0.216432668 -0.126826477 0.386176853 0.887659497
1520617007.566936016 -1.180396663 0.190867566 5.533234876 -0.214952593 -0.122623942 0.381164384 0.890770713
1520617007.616937876 -1.169297170 0.199529300 5.534708324 -0.217479940 -0.119060560 0.375762300 0.892933230
1520617007.666939020 -1.154804406 0.209598050 5.534918035 -0.223646439 -0.115103792 0.366857404 0.895627731
1520617007.716563463 -1.141825482 0.235548532 5.530923590 -0.226313036 -0.110583530 0.358444813 0.898927699
1520617007.766564369 -1.127593786 0.269029178 5.525971568 -0.227476365 -0.103194255 0.347717150 0.903713579
1520617007.816566467 -1.116126733 0.295157911 5.519170748 -0.233499184 -0.096148419 0.338248766 0.906543647
1520617007.866568565 -1.105508482 0.325723679 5.508677169 -0.243983250 -0.092357479 0.328670582 0.907699244
1520617007.916569471 -1.089137511 0.364969384 5.501550366 -0.255967133 -0.085749072 0.317548614 0.909005391
1520617007.966571331 -1.072208540 0.395506012 5.490605761 -0.270519016 -0.075632959 0.307756824 0.909057124
1520617008.016573429 -1.058987264 0.427978294 5.476222546 -0.284463923 -0.064220597 0.298163745 0.908875334
1520617008.066574335 -1.033887481 0.452310929 5.465993651 -0.303036085 -0.053517497 0.287539778 0.906987257
1520617008.116702557 -1.016050726 0.497765941 5.462960814 -0.316630168 -0.041247543 0.275494242 0.906723166
1520617008.166703701 -0.978731929 0.515381401 5.456788024 -0.331726556 -0.028716901 0.268933776 0.903774007
1520617008.216705561 -0.937476659 0.527483372 5.458450868 -0.339979280 -0.015750134 0.262427585 0.902938417
1520617008.266706705 -0.903501172 0.529991139 5.470037344 -0.338669262 -0.000586095 0.249488501 0.907225592
1520617008.316708803 -0.867312004 0.519423007 5.486422763 -0.328383731 0.015024564 0.234932261 0.914737788
1520617008.366709709 -0.837623368 0.509692869 5.498428768 -0.305725133 0.025073029 0.226009181 0.924566567
1520617008.416711807 -0.815110492 0.488340638 5.519701590 -0.282604958 0.029258233 0.221714235 0.932802868
1520617008.466712713 -0.797230269 0.468562450 5.536721009 -0.257920035 0.027297652 0.221212087 0.940104944
1520617008.517258883 -0.794671089 0.446132723 5.554319035 -0.241126422 0.021907918 0.223065417 0.944256274
1520617008.567260742 -0.797365214 0.417296094 5.566914163 -0.232757137 0.015738500 0.226861453 0.945574056
1520617008.617261648 -0.817962452 0.399423449 5.570914872 -0.226089075 0.007192549 0.233110041 0.945775717
1520617008.667280674 -0.829099732 0.389670602 5.575266180 -0.225309950 -0.006991241 0.243345689 0.943381908
1520617008.717264652 -0.848978865 0.381013092 5.571231306 -0.229289613 -0.022779886 0.252342381 0.939803529
1520617008.767266750 -0.877067110 0.383529495 5.561078763 -0.235083476 -0.038797513 0.261489960 0.935336043
1520617008.817267895 -0.914349274 0.389992671 5.551752032 -0.245188586 -0.055047095 0.268827926 0.929830049
1520617008.867269754 -0.941943873 0.395434376 5.538541579 -0.256612892 -0.073174729 0.277065391 0.923054739
1520617008.917270660 -0.971463148 0.397587073 5.524276246 -0.267727315 -0.089273141 0.285085369 0.916012403
1520617008.966611862 -1.013539185 0.404241082 5.509945760 -0.276491283 -0.100127008 0.293636707 0.909562882
1520617009.016613007 -1.039697901 0.400127067 5.492034464 -0.287680953 -0.111252075 0.300389090 0.902568025
1520617009.066614866 -1.064929961 0.393717238 5.475336771 -0.300787300 -0.121162986 0.306508291 0.894929717
1520617009.116616726 -1.086285051 0.386399995 5.460828887 -0.314549843 -0.131460853 0.312272436 0.886714366
1520617009.166617870 -1.104864277 0.378338580 5.452846170 -0.325130122 -0.139710318 0.317823053 0.879636253
1520617009.216619968 -1.117462411 0.367867558 5.453346383 -0.328042317 -0.146803375 0.320386251 0.876464293
1520617009.266621113 -1.122283571 0.357055655 5.456437472 -0.321813884 -0.150681446 0.320901148 0.877925611
1520617009.316622972 -1.125312353 0.341618128 5.467380706 -0.308096135 -0.152906751 0.321735133 0.882146701
1520617009.367223024 -1.115921447 0.332324569 5.473224113 -0.290047340 -0.152900085 0.325188384 0.886987384
1520617009.417223930 -1.110492052 0.319058268 5.485096551 -0.276135250 -0.150794704 0.327079410 0.891083240
1520617009.467226267 -1.105693805 0.309061245 5.492081336 -0.267406019 -0.146166398 0.327290002 0.894433150
1520617009.517227173 -1.097534616 0.306628603 5.495993423 -0.263911199 -0.141098513 0.326294129 0.896646101
1520617009.567229033 -1.094129635 0.310948918 5.495279744 -0.264727646 -0.135579676 0.324939340 0.897748211
1520617009.617230177 -1.081551728 0.316463593 5.499347166 -0.270954001 -0.130632107 0.321794866 0.897756786
1520617009.667233229 -1.073299142 0.329906770 5.495824601 -0.276476511 -0.125432083 0.317566335 0.898320184
1520617009.717233181 -1.069692828 0.344837477 5.491623205 -0.283291460 -0.119174996 0.311642773 0.899122934
1520617009.766969919 -1.062143607 0.347545715 5.487827276 -0.293850321 -0.114826755 0.308086915 0.897523959
1520617009.816970825 -1.058021116 0.352400613 5.484271957 -0.301269016 -0.112583178 0.308616026 0.895163759
1520617009.866972685 -1.049452692 0.362452908 5.484407451 -0.304147902 -0.109101634 0.307524466 0.894996978
1520617009.916973829 -1.042770703 0.356937398 5.489436644 -0.304460719 -0.102913029 0.307228421 0.895725000
1520617009.966975927 -1.036126290 0.351840153 5.497145162 -0.297734825 -0.097404120 0.308137802 0.898285871
1520617010.016976833 -1.027953390 0.339930941 5.507872658 -0.287672363 -0.094346434 0.308747322 0.901675359
1520617010.066979885 -1.025488221 0.328319149 5.513275516 -0.277012089 -0.092368309 0.307824889 0.905525392
1520617010.116979837 -1.021221999 0.323354025 5.514966138 -0.269372469 -0.093935508 0.304582373 0.908759688
1520617010.167055130 -1.021815407 0.332637135 5.511445692 -0.265023306 -0.099690972 0.302612908 0.910082296
1520617010.217056274 -1.025501209 0.333770995 5.502597985 -0.269085033 -0.105628893 0.300819225 0.908814379
1520617010.267058372 -1.036143560 0.330330985 5.494989225 -0.277819561 -0.110767899 0.299642890 0.905958554
1520617010.317060232 -1.041687151 0.335213789 5.483697137 -0.285646898 -0.116489517 0.300396952 0.902550671
1520617010.367061377 -1.045879627 0.332014871 5.480040083 -0.291562091 -0.122010732 0.302938488 0.899073524
1520617010.417062283 -1.049964638 0.327234845 5.478362908 -0.293525344 -0.125028416 0.306512844 0.896805801
1520617010.467064142 -1.053762078 0.325148674 5.477949244 -0.291631323 -0.126984451 0.307780654 0.896714665
1520617010.517065287 -1.054960437 0.329408584 5.474802755 -0.287066195 -0.127662796 0.307476046 0.898194685
1520617010.566926718 -1.051198942 0.329050208 5.475093455 -0.283016567 -0.127940216 0.306335174 0.899828698
1520617010.616927862 -1.049104944 0.328577911 5.472175623 -0.280488214 -0.128343530 0.305671400 0.900788152
1520617010.666929722 -1.049159368 0.327631856 5.471935554 -0.280420695 -0.128391394 0.305374802 0.900902944
1520617010.716931820 -1.045082701 0.325158589 5.472369972 -0.284423935 -0.128413257 0.303370662 0.900321777
1520617010.766932726 -1.043962773 0.328040668 5.469813988 -0.289322569 -0.128086986 0.301343133 0.899487905
1520617010.816934824 -1.042210349 0.327952638 5.470726043 -0.294075121 -0.126075511 0.299754094 0.898761521
1520617010.866935968 -1.034930371 0.326293687 5.470528238 -0.297734047 -0.123167664 0.298432966 0.898399648
1520617010.916937828 -1.036356365 0.331172853 5.468826103 -0.297018200 -0.119022959 0.298137768 0.899292831
1520617010.966973066 -1.036352665 0.334183364 5.467270014 -0.295630825 -0.115960636 0.297297903 0.900427400
1520617011.016974926 -1.036754014 0.335739419 5.465420392 -0.294747510 -0.114090455 0.297160036 0.901001213
1520617011.066977024 -1.035664347 0.337741403 5.463653294 -0.293955191 -0.113293410 0.297742789 0.901168231
1520617011.116977930 -1.038591547 0.338594052 5.462072454 -0.292827910 -0.111923537 0.297655641 0.901735026
1520617011.166980028 -1.040106296 0.337183898 5.460226030 -0.292671026 -0.110763800 0.297122938 0.902104767
1520617011.216981173 -1.041099274 0.339349467 5.458997087 -0.291871397 -0.110649633 0.297051337 0.902401379
1520617011.266983032 -1.041771978 0.340198148 5.456392027 -0.290881650 -0.110532833 0.297077083 0.902726739
1520617011.316984892 -1.041734614 0.341743439 5.454691077 -0.288253227 -0.110632660 0.295904782 0.903941841
1520617011.366986036 -1.042012561 0.346927727 5.453466013 -0.281393359 -0.108642404 0.293262872 0.907199809
1520617011.417001724 -1.041882617 0.350503385 5.452383521 -0.272030488 -0.105351558 0.294914933 0.909904195
1520617011.467003822 -1.043051544 0.348831161 5.454061988 -0.264853515 -0.102901593 0.300106520 0.910604170
1520617011.517005682 -1.037888167 0.349383895 5.452842786 -0.262746077 -0.103543755 0.302547559 0.910334095
1520617011.567006826 -1.039167841 0.344917765 5.452042769 -0.265245414 -0.101547877 0.303494021 0.909518707
1520617011.617007732 -1.041731802 0.347425240 5.451196455 -0.270672602 -0.098102189 0.304537158 0.907947918
1520617011.667009592 -1.045689820 0.345823884 5.452413580 -0.279906133 -0.096898749 0.308023627 0.904093266
1520617011.717010736 -1.049299154 0.352566561 5.448028127 -0.287206266 -0.097251805 0.311202201 0.900670771
1520617011.767012596 -1.049965372 0.348274044 5.450371324 -0.290888290 -0.095564480 0.310568083 0.899888270
1520617011.816890717 -1.054232134 0.351200333 5.449512214 -0.287204668 -0.091568453 0.307953711 0.902381964
1520617011.866893768 -1.054271306 0.346736396 5.452679363 -0.281631280 -0.086213088 0.304458923 0.905845401
1520617011.916892767 -1.053364507 0.350862905 5.455287392 -0.275697834 -0.083671456 0.298154859 0.909996413
1520617011.966894627 -1.052939098 0.350457646 5.454661616 -0.274284797 -0.082181966 0.295872848 0.911303041
1520617012.016895771 -1.047806227 0.353042437 5.457218395 -0.276733916 -0.084601940 0.296530900 0.910126517
1520617012.066897869 -1.048712324 0.353000173 5.453524728 -0.284020906 -0.088127581 0.294868683 0.908084861
1520617012.116898537 -1.051342495 0.357061758 5.448738034 -0.288897127 -0.090916980 0.294820707 0.906285443
1520617012.166900873 -1.051810440 0.354037027 5.448721805 -0.289630694 -0.090576516 0.295023919 0.906019229
1520617012.216942787 -1.048244031 0.350793230 5.446313432 -0.287954200 -0.088883202 0.292709148 0.907470941
1520617012.266944647 -1.044249725 0.350242041 5.445369532 -0.283842825 -0.087025252 0.292806588 0.908913724
1520617012.316946507 -1.043331794 0.352711522 5.443435810 -0.281969248 -0.087938936 0.292381168 0.909545677
1520617012.366947651 -1.038718074 0.354872690 5.438987769 -0.284449069 -0.094642123 0.294878392 0.907291756
1520617012.416949511 -1.039278755 0.354599366 5.435712204 -0.286846579 -0.096003886 0.296516105 0.905858981
1520617012.466950655 -1.039173318 0.355340718 5.434522720 -0.287292422 -0.095323748 0.297883034 0.905340900
1520617012.516952753 -1.041086370 0.357191359 5.434730353 -0.287331786 -0.094687712 0.297332945 0.905575950
1520617012.566953659 -1.040187090 0.357482702 5.433368492 -0.287953042 -0.094649444 0.292344711 0.907005567
1520617012.616968870 -1.044002776 0.355912473 5.432766800 -0.288012809 -0.092911868 0.291128359 0.907557318
1520617012.666970730 -1.046875927 0.356900970 5.433273113 -0.289243060 -0.089519388 0.288761919 0.908262784
1520617012.716971874 -1.049132453 0.354156915 5.432415322 -0.292151785 -0.087856401 0.288261133 0.907653076
1520617012.766973734 -1.046913946 0.348455756 5.430312597 -0.296900325 -0.088832934 0.290404931 0.905330814
1520617012.816974640 -1.050031123 0.349111305 5.428963447 -0.300549703 -0.088611525 0.292121385 0.903594472
1520617012.866976976 -1.048750221 0.350211639 5.428693261 -0.303477938 -0.086741719 0.288488198 0.903964366
1520617012.916977644 -1.050028119 0.351749510 5.428270219 -0.302774141 -0.083569694 0.286348346 0.905178739
1520617012.966979742 -1.050604622 0.352285640 5.428777320 -0.300648372 -0.080338505 0.286561005 0.906112064
1520617013.017035723 -1.050632615 0.350498820 5.428663733 -0.300689569 -0.079769940 0.285782901 0.906394325
1520617013.067037582 -1.051250238 0.348773788 5.427866633 -0.300844184 -0.080535823 0.284363155 0.906721762
1520617013.117038488 -1.052846794 0.349825356 5.426488814 -0.299305043 -0.081310950 0.283637026 0.907389144
1520617013.167040586 -1.055030376 0.354931083 5.424971731 -0.295807056 -0.082249760 0.284072302 0.908314973
1520617013.217041492 -1.051862677 0.355047236 5.423580644 -0.294987495 -0.083084155 0.284507516 0.908369349
1520617013.267043352 -1.051792372 0.354180893 5.424778164 -0.295531622 -0.082590026 0.284818815 0.908139962
1520617013.317044497 -1.054561011 0.350913564 5.427197527 -0.297011842 -0.081644817 0.284189846 0.907939547
1520617013.367046595 -1.054221820 0.350680544 5.427479858 -0.297060645 -0.081650245 0.284199983 0.907919919
1520617013.417049646 -1.053040451 0.351796700 5.425437591 -0.294515003 -0.081462790 0.283040483 0.909127501
1520617013.467054605 -1.050792567 0.351108261 5.426140637 -0.290320696 -0.082155767 0.281810298 0.910794861
1520617013.517052650 -1.050218286 0.350362887 5.424034683 -0.286760778 -0.085732712 0.281362009 0.911731089
1520617013.567054749 -1.054130629 0.341738408 5.423771126 -0.283154634 -0.090778636 0.281906423 0.912201437
1520617013.617055893 -1.052995341 0.334833294 5.425355459 -0.278076318 -0.093691894 0.283816028 0.912876691
1520617013.667143822 -1.052079664 0.331097196 5.426745130 -0.272922457 -0.095674028 0.287216002 0.913163064
1520617013.717058659 -1.056835179 0.333545643 5.424982712 -0.270314936 -0.096283660 0.288856069 0.913357249
1520617013.767060757 -1.056333877 0.330467081 5.425837101 -0.270425489 -0.097505364 0.289658488 0.912940698
1520617013.817061663 -1.054593547 0.329688217 5.426192456 -0.269448161 -0.100642827 0.289275079 0.913010755
1520617013.866967678 -1.053065955 0.323802276 5.427868819 -0.269430743 -0.104754081 0.290684877 0.912105235
1520617013.916969538 -1.050780409 0.324559097 5.431473074 -0.270130201 -0.107391449 0.290589809 0.911621805
1520617013.966970682 -1.048967735 0.326912820 5.434283170 -0.270464773 -0.109171695 0.291096425 0.911149394
1520617014.016972542 -1.048337542 0.325753093 5.435264378 -0.270628455 -0.109491263 0.290894792 0.911126842
1520617014.066973448 -1.048792703 0.323571155 5.434267327 -0.269732536 -0.109748402 0.290064360 0.911626192
1520617014.116975784 -1.049799302 0.321305786 5.432543673 -0.267574192 -0.109440181 0.288349803 0.912842423
1520617014.166976690 -1.052176407 0.321633676 5.430400879 -0.265071203 -0.109195041 0.287735301 0.913795435
1520617014.216978550 -1.053966734 0.321326731 5.430550364 -0.265240150 -0.109161059 0.287044503 0.913967712
1520617014.266916752 -1.055495104 0.321753364 5.431746038 -0.267017512 -0.109974384 0.286077854 0.913655703
1520617014.316917658 -1.056865326 0.320822156 5.431527849 -0.271048440 -0.111774391 0.285828201 0.912327500
1520617014.366919518 -1.058507798 0.321112248 5.427399411 -0.275499998 -0.114143826 0.286580491 0.910462828
1520617014.416920662 -1.059792208 0.318407795 5.426110960 -0.279172749 -0.116029698 0.287816154 0.908714227
