1520616724.357818365 0.000000000 0.000000000 0.000000000 0.000000000 0.000000000 0.000000000 1.000000000
1520616724.407773018 -0.974837169 0.204904700 -0.087787001 0.000015753 0.000063794 0.000006282 0.999999998
1520616724.457774878 -1.437573074 0.996457065 -0.486936518 0.000477877 0.000472148 -0.003428857 0.999993896
1520616724.507776022 -0.825392984 1.612867178 -0.982188080 0.000974078 -0.000033658 -0.008085183 0.999966839
1520616724.557778120 -1.825332412 1.605134771 -0.990020683 0.000698169 -0.003664474 -0.008547077 0.999956515
1520616724.607779026 -2.240836557 2.398083070 -1.435654278 0.000084815 -0.009048986 -0.009629100 0.999912691
1520616724.657781124 -3.019924871 2.960538735 -1.712538771 -0.001071307 -0.014990809 -0.007627208 0.999857967
1520616724.707782030 -2.518503318 3.743016693 -2.081733396 -0.000194958 -0.018012562 -0.013792279 0.999742608
1520616724.757783890 -3.504502546 3.577529669 -2.061250035 0.005755430 -0.020264679 -0.019131180 0.999595026
1520616724.807788849 -4.424169289 3.333524774 -1.753557506 0.013995207 -0.022714679 -0.020609601 0.999431549
1520616724.857789755 -5.082777113 4.040546869 -2.011153103 0.020855774 -0.021241854 -0.022828786 0.999296086
1520616724.907791853 -5.880803172 3.539008110 -1.677067362 0.025495142 -0.016320830 -0.024475587 0.999242000
1520616724.957895041 -6.508562716 4.259231252 -1.972358033 0.024993105 -0.015294987 -0.025937763 0.999234027
1520616725.007794857 -7.504952824 4.316897682 -2.034658411 0.022151533 -0.012708484 -0.022268485 0.999425794
1520616725.057796001 -7.370329206 4.913973700 -2.825466043 0.018343874 -0.011580034 -0.024212182 0.999471448
1520616725.107797861 -7.751767529 5.763851066 -3.189077467 0.014976419 -0.013992962 -0.023654831 0.999510056
1520616725.157799006 -8.465675969 6.420493490 -3.432296435 0.010677948 -0.015478854 -0.019154128 0.999639688
1520616725.207800865 -8.301166652 7.329157942 -3.816048437 0.007912603 -0.015800703 -0.019910530 0.999645587
1520616725.257856369 -8.301166652 7.329157942 -3.816048437 0.007912603 -0.015800703 -0.019910530 0.999645587
1520616725.307858467 -8.301166652 7.329157942 -3.816048437 0.007912603 -0.015800703 -0.019910530 0.999645587
1520616725.357859373 -8.527753956 6.428935192 -3.444218913 0.010202698 -0.014702131 -0.016352943 0.999706124
1520616725.407861233 -8.527753956 6.428935192 -3.444218913 0.010202698 -0.014702131 -0.016352943 0.999706124
1520616725.457863569 -8.172291206 5.991675266 -2.618113599 0.018860553 -0.013032781 -0.016304358 0.999604219
1520616725.507864475 -7.602856946 5.603128759 -3.342528007 0.024920419 -0.011599416 -0.019696425 0.999428075
1520616725.557866335 -7.743767349 5.209392288 -4.250886885 0.024920419 -0.011599416 -0.019696425 0.999428075
1520616725.607868433 -8.458824456 5.908440157 -4.245845955 0.027429843 -0.009156877 -0.021109361 0.999358870
1520616725.657862425 -7.610497324 6.019915210 -4.763450427 0.027576006 -0.008162861 -0.020662360 0.999372803
1520616725.707863331 -8.074703081 6.882949867 -4.962659351 0.027576006 -0.008162861 -0.020662360 0.999372803
1520616725.757865667 -8.382148552 6.355987805 -4.170328443 0.026441420 -0.005900519 -0.017731507 0.999475677
1520616725.807866573 -8.411152869 5.777652718 -3.355044887 0.024376438 -0.005702744 -0.016156043 0.999556027
1520616725.857868433 -8.810450927 6.607243744 -3.745352189 0.020413614 -0.005821279 -0.014358857 0.999671556
1520616725.907871485 -9.085824180 7.158480396 -2.957756020 0.020727689 -0.006474477 -0.013196110 0.999677101
1520616725.957871437 -9.376824530 8.051884227 -3.300025490 0.018907171 -0.007125663 -0.013061754 0.999710525
1520616726.007873297 -8.823163164 7.438191800 -2.737139448 0.018907171 -0.007125663 -0.013061754 0.999710525
1520616726.057950258 -8.823163164 7.438191800 -2.737139448 0.018907171 -0.007125663 -0.013061754 0.999710525
1520616726.107951164 -9.727762997 7.026355573 -2.627184615 0.018907171 -0.007125663 -0.013061754 0.999710525
1520616726.157953262 -9.727762997 7.026355573 -2.627184615 0.018907171 -0.007125663 -0.013061754 0.999710525
1520616726.207954168 -10.489158729 7.612983493 -2.903127040 0.016202269 -0.008749801 -0.011982511 0.999758644
1520616726.257956266 -11.163070904 7.258602562 -2.254855078 0.012048283 -0.010368751 -0.010815505 0.999815159
1520616726.307958364 -10.704330907 7.416416429 -1.380411027 0.012048283 -0.010368751 -0.010815505 0.999815159
1520616726.357959270 -10.704330907 7.416416429 -1.380411027 0.012048283 -0.010368751 -0.010815505 0.999815159
1520616726.407961130 -10.176390968 6.979213879 -0.652308458 0.017286704 -0.012040298 -0.008544823 0.999741560
1520616726.457912922 -10.400015529 7.895243952 -0.985296388 0.022970005 -0.012898435 -0.009969576 0.999603230
1520616726.507915020 -10.647506621 7.289172910 -1.741223667 0.022970005 -0.012898435 -0.009969576 0.999603230
1520616726.557915926 -11.365163164 7.734453804 -2.276661816 0.021796757 -0.014718805 -0.010246431 0.999601555
1520616726.607916832 -11.224488586 7.700896695 -3.266148846 0.013117046 -0.019968311 -0.008964393 0.999674372
1520616726.657919168 -11.224488586 7.700896695 -3.266148846 0.013117046 -0.019968311 -0.008964393 0.999674372
1520616726.707921028 -11.951928763 8.335757151 -3.526500513 0.007485284 -0.020947616 -0.009413193 0.999708237
1520616726.757922173 -12.664959655 7.835636575 -3.035108251 0.008982765 -0.022299805 -0.009073004 0.999669800
1520616726.807924032 -12.890521324 7.769197505 -4.007069045 0.009278025 -0.022636035 -0.009117604 0.999659141
1520616726.857948303 -12.202758146 7.091706719 -3.746323873 0.011349479 -0.023283263 -0.007531407 0.999636112
1520616726.907950163 -12.409435583 7.299986518 -2.790340629 0.011481175 -0.029237332 -0.004886323 0.999494615
1520616726.957951307 -12.287033299 6.768953110 -3.628804224 0.005624616 -0.024838415 -0.006752951 0.999652847
1520616727.007953167 -12.287033299 6.768953110 -3.628804224 0.005624616 -0.024838415 -0.006752951 0.999652847
1520616727.057955265 -12.785266635 5.965533068 -3.302798427 -0.000327810 -0.025754308 -0.007784288 0.999637941
1520616727.107956409 -13.602720627 6.248886991 -2.801321085 -0.002886662 -0.024966870 -0.008769157 0.999645649
1520616727.157958269 -14.003076519 5.447204257 -2.357451787 -0.005691080 -0.024561745 -0.006126865 0.999663340
1520616727.207959175 -14.003076519 5.447204257 -2.357451787 -0.005691080 -0.024561745 -0.006126865 0.999663340
1520616727.257899046 -13.109825572 5.062760552 -2.124415773 -0.002576445 -0.025179283 -0.008722080 0.999641581
1520616727.307899952 -12.359345647 4.471695208 -1.828744265 0.002445753 -0.025841998 -0.008622344 0.999625862
1520616727.357901812 -12.456160311 3.718002592 -2.478801463 0.005227767 -0.021384895 -0.011147942 0.999695494
1520616727.407904148 -12.174814139 4.643752581 -2.731450011 0.010600738 -0.022370986 -0.011205388 0.999630733
1520616727.457905054 -13.166841495 4.636464173 -2.857261790 0.012738684 -0.021845803 -0.008613107 0.999643087
1520616727.507906914 -12.625091678 4.034636749 -2.270481687 0.012738684 -0.021845803 -0.008613107 0.999643087
1520616727.557909012 -12.248537278 4.397225309 -1.417993377 0.012738684 -0.021845803 -0.008613107 0.999643087
1520616727.607909918 -12.880571296 5.078353747 -1.787583758 0.009151888 -0.022802666 -0.008385549 0.999662925
1520616727.657912016 -13.369248804 5.035931887 -0.916151214 0.008751509 -0.024291427 -0.007047915 0.999641768
1520616727.707913399 -13.505687415 4.095792281 -0.603866044 0.007702879 -0.024618178 -0.007058047 0.999642334
1520616727.757913351 -13.505687415 4.095792281 -0.603866044 0.007702879 -0.024618178 -0.007058047 0.999642334
1520616727.807916403 -13.505687415 4.095792281 -0.603866044 0.007702879 -0.024618178 -0.007058047 0.999642334
1520616727.857917309 -13.505687415 4.095792281 -0.603866044 0.007702879 -0.024618178 -0.007058047 0.999642334
1520616727.907918453 -13.505687415 4.095792281 -0.603866044 0.007702879 -0.024618178 -0.007058047 0.999642334
1520616727.957920313 -13.743161383 3.392965687 0.066686633 0.007702879 -0.024618178 -0.007058047 0.999642334
1520616728.007921219 -14.023838621 4.214322072 -0.429895662 0.007702879 -0.024618178 -0.007058047 0.999642334
1520616728.057923317 -13.029993858 4.287054762 -0.513457267 0.010074327 -0.025145997 -0.009117803 0.999591443
1520616728.107905865 -12.281503152 4.179418427 -1.167808918 0.010074327 -0.025145997 -0.009117803 0.999591443
1520616728.157907724 -12.304548198 5.007868738 -1.727397166 0.013505637 -0.025686795 -0.008675635 0.999541155
1520616728.207920790 -12.313066239 5.836197035 -2.287575420 0.014672635 -0.025728143 -0.009000068 0.999520773
1520616728.257910967 -12.753714856 6.307805936 -3.051390738 0.014672635 -0.025728143 -0.009000068 0.999520773
1520616728.307912827 -12.753714856 6.307805936 -3.051390738 0.014672635 -0.025728143 -0.009000068 0.999520773
1520616728.357913733 -12.753714856 6.307805936 -3.051390738 0.014672635 -0.025728143 -0.009000068 0.999520773
1520616728.407915831 -11.980272130 5.732114324 -2.786125745 0.014672635 -0.025728143 -0.009000068 0.999520773
1520616728.457916737 -11.980272130 5.732114324 -2.786125745 0.014672635 -0.025728143 -0.009000068 0.999520773
1520616728.507941723 -11.980272130 5.732114324 -2.786125745 0.014672635 -0.025728143 -0.009000068 0.999520773
1520616728.557942867 -12.516966476 6.336612776 -3.374802906 0.014672635 -0.025728143 -0.009000068 0.999520773
1520616728.607944727 -12.516966476 6.336612776 -3.374802906 0.014672635 -0.025728143 -0.009000068 0.999520773
1520616728.657946825 -11.677590475 5.809952935 -3.240350900 0.014672635 -0.025728143 -0.009000068 0.999520773
1520616728.707947969 -10.734579086 5.514481562 -3.087294739 0.014672635 -0.025728143 -0.009000068 0.999520773
1520616728.757949829 -11.282016204 6.261726907 -3.464040006 0.014672635 -0.025728143 -0.009000068 0.999520773
1520616728.807950735 -10.551497061 5.589044676 -3.346394788 0.014672662 -0.025728118 -0.009000043 0.999520773
1520616728.857952833 -10.551497061 5.589044676 -3.346394788 0.014672662 -0.025728118 -0.009000043 0.999520773
1520616728.907965422 -10.551497061 5.589044676 -3.346394788 0.014672662 -0.025728118 -0.009000043 0.999520773
1520616728.957967520 -9.981503287 4.841746016 -3.004851510 0.014672667 -0.025728116 -0.009000041 0.999520773
1520616729.007968664 -10.518197699 5.446244474 -3.593528606 0.014672667 -0.025728116 -0.009000041 0.999520773
1520616729.057970524 -11.054892110 6.050742933 -4.182205701 0.014672667 -0.025728116 -0.009000041 0.999520773
1520616729.107972622 -11.054892110 6.050742933 -4.182205701 0.014672667 -0.025728116 -0.009000041 0.999520773
1520616729.157973528 -11.054892110 6.050742933 -4.182205701 0.014672667 -0.025728116 -0.009000041 0.999520773
1520616729.207975626 -11.054892110 6.050742933 -4.182205701 0.014672667 -0.025728116 -0.009000041 0.999520773
1520616729.257977724 -11.054892110 6.050742933 -4.182205701 0.014672667 -0.025728116 -0.009000041 0.999520773
1520616729.307996511 -11.054892110 6.050742933 -4.182205701 0.014672667 -0.025728116 -0.009000041 0.999520773
1520616729.357998610 -11.054892110 6.050742933 -4.182205701 0.014672667 -0.025728116 -0.009000041 0.999520773
1520616729.408000708 -11.796951234 6.694670013 -4.368501628 0.014672667 -0.025728116 -0.009000041 0.999520773
1520616729.458001614 -11.796951234 6.694670013 -4.368501628 0.014672667 -0.025728116 -0.009000041 0.999520773
1520616729.508002758 -12.318178646 7.021758459 -3.580253486 0.013287674 -0.029783565 -0.007997202 0.999436052
1520616729.558004618 -11.785193110 6.419940174 -2.985492046 0.013287674 -0.029783565 -0.007997202 0.999436052
1520616729.608006477 -11.785193110 6.419940174 -2.985492046 0.013287674 -0.029783565 -0.007997202 0.999436052
1520616729.658007622 -11.785193110 6.419940174 -2.985492046 0.013287674 -0.029783565 -0.007997202 0.999436052
1520616729.708018541 -12.320253573 7.093279790 -3.495711669 0.013287674 -0.029783565 -0.007997202 0.999436052
1520616729.758019447 -11.453669389 6.603772732 -3.398682326 0.013287674 -0.029783565 -0.007997202 0.999436052
1520616729.808020592 -11.453669389 6.603772732 -3.398682326 0.013287674 -0.029783565 -0.007997202 0.999436052
1520616729.858068466 -11.368994347 7.283887684 -4.126881330 0.013287674 -0.029783565 -0.007997202 0.999436052
1520616729.908024311 -10.681766059 6.602820941 -3.874165341 0.013533816 -0.028795833 -0.006594633 0.999471934
1520616729.958025455 -9.982879168 5.918570252 -3.665939240 0.013533816 -0.028795833 -0.006594633 0.999471934
1520616730.008027554 -9.982879168 5.918570252 -3.665939240 0.013533816 -0.028795833 -0.006594633 0.999471934
1520616730.058028460 -9.982879168 5.918570252 -3.665939240 0.013533816 -0.028795833 -0.006594633 0.999471934
1520616730.108030558 -9.982879168 5.918570252 -3.665939240 0.013533816 -0.028795833 -0.006594633 0.999471934
1520616730.158037901 -9.982879168 5.918570252 -3.665939240 0.013533816 -0.028795833 -0.006594633 0.999471934
1520616730.208039761 -9.982879168 5.918570252 -3.665939240 0.013533816 -0.028795833 -0.006594633 0.999471934
1520616730.258041859 -10.544353006 5.136395236 -3.395847822 0.013563504 -0.028795254 -0.006645668 0.999471210
1520616730.308042765 -11.126548835 5.824847450 -3.828377089 0.013563504 -0.028795254 -0.006645668 0.999471210
1520616730.358044863 -11.498792550 6.673456048 -4.204273434 0.013563504 -0.028795254 -0.006645668 0.999471210
1520616730.408046007 -11.498792550 6.673456048 -4.204273434 0.013563504 -0.028795254 -0.006645668 0.999471210
1520616730.458047867 -11.498792550 6.673456048 -4.204273434 0.013563504 -0.028795254 -0.006645668 0.999471210
1520616730.508049726 -12.364623274 7.137783928 -4.017895385 0.013563504 -0.028795254 -0.006645668 0.999471210
1520616730.558050871 -12.364623274 7.137783928 -4.017895385 0.013563504 -0.028795254 -0.006645668 0.999471210
1520616730.608051777 -13.017161271 7.811540222 -3.671129442 0.013563504 -0.028795254 -0.006645668 0.999471210
1520616730.658053637 -13.017161271 7.811540222 -3.671129442 0.013563504 -0.028795254 -0.006645668 0.999471210
1520616730.708055973 -13.017161271 7.811540222 -3.671129442 0.013563504 -0.028795254 -0.006645668 0.999471210
1520616730.758056879 -13.017161271 7.811540222 -3.671129442 0.013563504 -0.028795254 -0.006645668 0.999471210
1520616730.808058739 -13.017161271 7.811540222 -3.671129442 0.013563504 -0.028795254 -0.006645668 0.999471210
1520616730.858060837 -13.017161271 7.811540222 -3.671129442 0.013563504 -0.028795254 -0.006645668 0.999471210
1520616730.908062696 -13.534232523 8.622789274 -3.944098848 0.015530143 -0.028041279 -0.007608637 0.999457158
1520616730.958051682 -12.794483695 8.328916103 -4.549417137 0.016739609 -0.028485277 -0.006058639 0.999435674
1520616731.008053780 -12.330741632 9.188255698 -4.765006465 0.018979614 -0.026683568 -0.004586608 0.999453213
1520616731.058054686 -11.333909388 9.223171174 -4.693547470 0.018995927 -0.025063704 -0.004858184 0.999493554
1520616731.108055592 -11.047427246 9.213706472 -5.651586300 0.011741852 -0.018921816 -0.005944617 0.999734342
1520616731.158057928 -10.182395395 9.173666124 -6.151702955 0.001471859 -0.016662207 -0.005741390 0.999843608
1520616731.208058834 -10.466164283 9.634351335 -6.992681168 -0.011027512 -0.004367588 -0.001358738 0.999928733
1520616731.258060932 -9.949489011 10.360489541 -7.446299916 -0.021514709 -0.000876353 -0.000913023 0.999767731
1520616731.308061838 -9.229944163 10.991282598 -7.736739810 -0.029686880 0.004148122 0.004864760 0.999538802
1520616731.358057022 -8.705031466 11.766818740 -8.087468129 -0.036347138 0.008773477 0.008811418 0.999261863
1520616731.408058882 -8.410332102 12.243526822 -8.915659948 -0.046658520 0.018623114 0.010652760 0.998680470
1520616731.458060026 -8.460421313 12.741524285 -9.781390621 -0.058238459 0.028464773 0.013996476 0.997798646
1520616731.508141994 -8.271335604 12.410406146 -8.856940854 -0.072151668 0.045438401 0.014967774 0.996245680
1520616731.558063030 -7.996060700 12.011366873 -7.982302994 -0.084795270 0.060905703 0.013337808 0.994445755
1520616731.608065128 -7.715478049 12.193047185 -7.039824538 -0.100354190 0.084404889 0.004100873 0.991356663
1520616731.658066034 -8.008013877 12.052416504 -6.093967360 -0.108234095 0.099092547 -0.004503212 0.989164177
1520616731.708067894 -7.085018924 11.994843782 -6.474448237 -0.105336805 0.107670000 -0.011605378 0.988522455
1520616731.757885695 -6.609969646 11.348045348 -5.877807668 -0.096163925 0.122664295 -0.013490578 0.987686172
1520616731.807888031 -6.636655047 11.338326695 -4.878211031 -0.076515081 0.137392028 -0.017579806 0.987400539
1520616731.857889891 -5.896578344 11.148375780 -4.233071415 -0.056747445 0.144810823 -0.023425924 0.987552925
1520616731.907890797 -5.097742831 10.860382840 -3.704940855 -0.041114912 0.151617463 -0.026436683 0.987229867
1520616731.957892895 -5.084053536 10.002924597 -3.190569428 -0.028685613 0.164671547 -0.020969949 0.985708212
1520616732.007893801 -4.170855412 9.635529350 -3.014246091 -0.021304600 0.173497435 -0.025007392 0.984286231
1520616732.057895660 -4.786467083 8.935121533 -2.653065856 -0.017114205 0.185428225 -0.016025888 0.982378058
1520616732.107897043 -4.484772034 7.985845328 -2.741693079 -0.014115820 0.187964772 -0.017829767 0.981912464
1520616732.157942772 -5.189726708 7.293385640 -2.588270502 -0.005541492 0.190871258 -0.012252453 0.981522966
1520616732.207943678 -5.795877428 6.634480593 -2.142820792 0.008341862 0.191621365 -0.011085587 0.981370865
1520616732.257945776 -5.978915267 6.211800234 -1.255218142 0.023650396 0.191317385 -0.012832853 0.981159332
1520616732.307947874 -6.464505777 5.900988057 -0.438151653 0.036210435 0.187280684 -0.011571993 0.981570598
1520616732.357948780 -7.196091819 5.606114423 0.176528265 0.042243931 0.183741199 -0.010754048 0.982007623
1520616732.407950640 -7.176292270 4.810586439 0.782121531 0.045921357 0.173728550 -0.016831809 0.983578319
1520616732.457952976 -7.587713728 4.059637563 1.298656303 0.046620622 0.165700225 -0.024734359 0.984762999
1520616732.507953644 -7.383198529 3.704459980 2.210808931 0.046245882 0.141660416 -0.031846028 0.988321545
1520616732.557955980 -7.345834132 3.358215960 3.148209049 0.045733861 0.117375119 -0.038791329 0.991275304
1520616732.608239174 -8.265583645 3.147430490 3.479313743 0.042751940 0.114305443 -0.039617975 0.991734316
1520616732.658241034 -8.226137499 2.498678369 4.239290511 0.035486891 0.097784466 -0.046632870 0.993480878
1520616732.708242178 -9.152841280 2.476435338 4.614424288 0.031480983 0.094566735 -0.042745330 0.994102066
1520616732.758244276 -9.948689277 2.593280811 5.208539680 0.031425639 0.088208816 -0.037178186 0.994911763
1520616732.808248043 -10.892295412 2.531583504 5.533810191 0.028152147 0.084224573 -0.033340651 0.995490873
1520616732.858247280 -11.451583175 2.187568430 6.288032192 0.026231927 0.072638773 -0.036632338 0.996340086
1520616732.908249140 -12.410297322 2.087182099 6.554095662 0.026405207 0.070489596 -0.031153766 0.996676189
1520616732.958250046 -13.298396508 2.052697465 7.012452122 0.032628016 0.066287254 -0.028310273 0.996865057
1520616733.008350611 -14.242945207 1.802004570 7.224538962 0.036810442 0.061939254 -0.022483640 0.997147434
1520616733.058351517 -14.227318566 1.532371993 8.187375440 0.045193243 0.036452790 -0.025442922 0.997988689
1520616733.108353376 -14.275893042 0.908191116 8.967143837 0.047847499 0.014427527 -0.035635975 0.998114493
1520616733.158354521 -14.264897254 0.560308838 9.904617576 0.046452107 -0.014537633 -0.044622003 0.997817486
1520616733.208356380 -15.210956344 0.759333264 10.160276480 0.043049267 -0.023002732 -0.050612262 0.997524954
1520616733.258357286 -15.298134527 0.285396398 11.036509218 0.034740373 -0.045803041 -0.062258319 0.996403076
1520616733.308359623 -16.089799884 0.031519409 11.592218169 0.028233099 -0.062003303 -0.067266329 0.995406311
1520616733.358360529 -17.079993533 0.119689052 11.483854654 0.018524418 -0.070961487 -0.064244417 0.995235635
1520616733.408395529 -18.001649121 0.088415123 11.870601235 0.015812043 -0.079115428 -0.058715912 0.995009131
1520616733.458397627 -18.816845919 0.584702984 12.169185459 0.018273304 -0.084491170 -0.052643462 0.994864812
1520616733.508398771 -19.684103074 0.307244038 12.582563689 0.021066546 -0.094932447 -0.050933732 0.993956632
1520616733.558400631 -20.641419109 0.050808695 12.449196064 0.023733603 -0.102242708 -0.045942561 0.993414529
1520616733.608401775 -21.625394382 -0.002004783 12.619499905 0.033795293 -0.110567000 -0.043926616 0.992322160
1520616733.658403635 -21.586328115 -0.336993439 13.560911838 0.042592788 -0.136198196 -0.047203192 0.988639350
1520616733.708404541 -22.523022694 -0.469539931 13.236821274 0.042568527 -0.148536581 -0.048368741 0.986805588
1520616733.758406639 -22.296071348 0.173341756 12.505250209 0.040453017 -0.171558362 -0.059105459 0.982566958
1520616733.808284521 -23.266998454 0.261351837 12.282641177 0.040178265 -0.183836765 -0.063213226 0.980098892
1520616733.858286381 -22.553341947 0.569266517 11.653448885 0.038907416 -0.204313222 -0.067744055 0.975783308
1520616733.908288240 -22.077204486 1.065190368 10.927258379 0.034983387 -0.224541122 -0.072781033 0.971112953
1520616733.958289385 -22.414835865 1.631054389 10.175059627 0.033219575 -0.233298718 -0.070995679 0.969240827
1520616734.008291483 -21.751340488 1.800781871 9.446385168 0.027958806 -0.249578407 -0.068962631 0.965491108
1520616734.058292627 -22.226906065 1.899703912 8.572284595 0.023114736 -0.251784666 -0.068000063 0.965114596
1520616734.108294487 -22.198563827 2.804675561 8.147757763 0.010339730 -0.251286778 -0.065228078 0.965656949
1520616734.158296347 -21.460112967 3.413491309 7.857872075 -0.009437974 -0.250919502 -0.070694262 0.965376947
1520616734.208430529 -20.962087658 3.810890337 7.087129054 -0.035546531 -0.242905932 -0.073508769 0.966607269
1520616734.258431673 -20.045837571 3.753979373 6.690585336 -0.061512306 -0.240358069 -0.081516295 0.965297534
1520616734.308432579 -19.078268136 3.848623710 6.456380642 -0.079568497 -0.232895411 -0.088164344 0.965223099
1520616734.358434677 -18.188924647 3.901766682 6.002239713 -0.098244595 -0.225410681 -0.095867159 0.964545236
1520616734.408436537 -17.286780984 4.333088971 5.992345574 -0.105961404 -0.221027521 -0.098502915 0.964477160
1520616734.458437443 -16.464005479 4.900603838 6.023447732 -0.110096630 -0.216137869 -0.101396113 0.964822254
1520616734.508438587 -16.108498928 4.704492760 5.109579286 -0.119665290 -0.194252814 -0.107195174 0.967706183
1520616734.558440447 -15.151115662 4.871009440 5.345565465 -0.122184459 -0.192359991 -0.115701539 0.966789401
1520616734.608036280 -14.773595865 4.643580542 4.447926952 -0.126189031 -0.170455086 -0.126097986 0.969082396
1520616734.658037186 -13.802014016 4.768347812 4.649078240 -0.124597419 -0.169020932 -0.136296147 0.968158442
1520616734.708039284 -12.883860676 5.060458364 4.916783057 -0.115528787 -0.167928154 -0.142292857 0.968610333
1520616734.758040190 -12.039029571 4.737634056 5.343450223 -0.109487781 -0.161891016 -0.149794371 0.969208631
1520616734.808042049 -12.195619885 4.471123323 6.294476775 -0.096606702 -0.140727021 -0.151242612 0.973647125
1520616734.858043194 -11.310479123 4.099037788 6.573901517 -0.089279165 -0.128168105 -0.160242921 0.974640638
1520616734.908045053 -10.869931232 4.747249514 5.952822526 -0.082697502 -0.102572890 -0.147019317 0.980318951
1520616734.958045959 -9.872705348 4.819403526 5.971107370 -0.070749210 -0.097572939 -0.147935146 0.981625827
1520616735.008048296 -10.107411344 4.774326480 6.942128047 -0.044700212 -0.073947615 -0.142410682 0.986028823
1520616735.057911396 -10.323634410 4.001286693 7.538497959 -0.021328633 -0.059562423 -0.125771436 0.990039874
1520616735.107912540 -10.240709595 3.133761370 8.028929697 0.001736200 -0.048842394 -0.107598942 0.992992384
1520616735.157914400 -9.322000579 2.778924711 8.202321418 0.021625612 -0.040568443 -0.092279873 0.994671282
1520616735.207915306 -8.681462885 2.016001410 8.114802847 0.033720536 -0.032099491 -0.087686705 0.995059591
1520616735.257917643 -8.672114931 1.239668603 8.745056755 0.055504765 -0.013528032 -0.074433214 0.995588223
1520616735.307918549 -7.915407890 0.732009421 8.333138549 0.057435634 -0.006104424 -0.070755317 0.995820049
1520616735.357920408 -6.996731020 0.418685718 8.573681817 0.071216252 0.004314679 -0.063893277 0.995403073
1520616735.407921553 -6.137937045 0.330472551 9.078351358 0.086498368 0.020942407 -0.053017168 0.994619841
1520616735.458165169 -5.660094356 1.006907115 8.517902747 0.103757065 0.044837462 -0.037034959 0.992901045
1520616735.508167028 -4.802181051 0.656127581 8.142485008 0.120442184 0.064701046 -0.029327586 0.990175413
1520616735.558168173 -3.964193058 0.256763443 8.514351125 0.140797181 0.087095682 -0.021011434 0.985976174
1520616735.608170033 -3.991793890 0.957135526 7.801107030 0.156553098 0.116687041 -0.005249982 0.980738344
1520616735.658170938 -3.064611025 0.992865642 7.428205844 0.162019940 0.131646898 -0.001043443 0.977966024
1520616735.708173037 -3.145075239 1.778291954 6.814503132 0.160893063 0.162202377 0.012647434 0.973470007
1520616735.758175135 -3.365214600 2.534730870 6.198598246 0.153883567 0.188985370 0.021484022 0.969609620
1520616735.808176041 -2.913245013 3.280532041 5.709206680 0.147478752 0.211439779 0.028411588 0.965782594
1520616735.858806133 -3.262459945 3.655957218 4.850658564 0.128340224 0.243429474 0.041035353 0.960513913
1520616735.908808231 -3.000298087 4.398964029 4.234856615 0.116618240 0.262646047 0.056127166 0.956173092
1520616735.958809137 -3.253779326 4.391750167 3.267543211 0.090367206 0.280833830 0.067774190 0.953085929
1520616736.008810997 -3.502852807 5.224558285 2.773181967 0.064755359 0.292539426 0.077387855 0.950914585
1520616736.058812141 -3.130631089 5.843563696 2.081601680 0.043101481 0.298497630 0.085875307 0.949561403
1520616736.108814240 -3.080280094 6.678442346 1.533475402 0.016521311 0.309872350 0.095502177 0.945825305
1520616736.158815145 -3.604994070 6.848110791 0.699276468 -0.020367229 0.326096729 0.105210957 0.939242649
1520616736.208817244 -4.104629057 7.096007618 -0.130730787 -0.051960891 0.343836978 0.113083335 0.930746130
1520616736.258398294 -4.449436183 6.602322430 -0.929093474 -0.078685667 0.356125496 0.112395508 0.924310795
1520616736.308400154 -4.603506660 6.991165735 -1.837423355 -0.090341500 0.369452579 0.111244219 0.918132849
1520616736.358401060 -4.824592375 7.617024830 -2.585368206 -0.100056990 0.384468637 0.110183250 0.911060984
1520616736.408424377 -5.202236946 8.398956546 -3.081319182 -0.112440184 0.401682256 0.106009696 0.902646395
1520616736.458404303 -5.350287721 8.905865561 -3.930509513 -0.126924385 0.418303697 0.106543554 0.893062533
1520616736.508406162 -6.273522502 8.909476767 -4.314728848 -0.146908408 0.446366243 0.107744207 0.876108602
1520616736.558407307 -7.164717148 8.463102819 -4.233967460 -0.165283909 0.466694944 0.107846853 0.862117228
1520616736.608409166 -7.742095625 7.729587614 -4.592561296 -0.178642555 0.481594777 0.106739889 0.851328318
1520616736.658056974 -8.360327247 7.122625672 -5.091947780 -0.189106389 0.480037849 0.105197943 0.850138712
1520616736.708058119 -9.187954201 6.690259395 -5.449848645 -0.194101647 0.465745665 0.106980319 0.856715085
1520616736.758060217 -10.093040430 6.265695100 -5.473598964 -0.199304127 0.433423533 0.117085846 0.871041222
1520616736.808061123 -10.940697249 6.472661948 -4.985088330 -0.201789527 0.395033139 0.132423734 0.886393682
1520616736.858063221 -11.746439761 6.172373684 -4.474592528 -0.203245753 0.351241427 0.158489420 0.900112064
1520616736.908064127 -12.400819579 6.030169560 -5.217266777 -0.195927815 0.287352706 0.182784193 0.919581781
1520616736.958065987 -12.370117093 5.556463161 -6.097414267 -0.178840996 0.227547765 0.211442425 0.933557718
1520616737.008067131 -12.513356253 5.501766667 -7.085589776 -0.152042003 0.174681658 0.226386718 0.946107077
1520616737.058068991 -13.229087493 5.806808293 -6.457355427 -0.125185462 0.133025309 0.232309583 0.955335085
1520616737.107939720 -13.581096446 5.279407596 -5.684090788 -0.106524089 0.094276251 0.225150898 0.963883645
1520616737.157940626 -13.914377966 5.251579522 -4.741674199 -0.079767973 0.058113196 0.224021637 0.969574254
1520616737.207942724 -14.221329100 5.228802641 -3.790221512 -0.056396493 0.024918200 0.220434790 0.973451089
1520616737.257943630 -14.104298608 4.772677429 -2.908034653 -0.032165631 -0.015694605 0.214846310 0.975991862
1520616737.307945490 -14.394935490 3.965060509 -2.394921495 -0.015105390 -0.042610830 0.216441178 0.975248358
1520616737.357947826 -14.610890639 3.485387649 -1.544464370 0.006402583 -0.053858909 0.226576475 0.972482044
1520616737.407948732 -14.794650305 2.503093273 -1.580935506 0.012407578 -0.046201916 0.240584418 0.969448592
1520616737.457950592 -15.448194477 1.900043519 -1.123539607 0.025672873 -0.019263251 0.256808219 0.965929278
1520616737.508017302 -15.246226020 1.537530349 -0.213708334 0.046549304 0.000114615 0.266204349 0.962791978
1520616737.558018446 -15.709862915 1.000972233 0.491377631 0.065354997 0.034694560 0.278936881 0.957454557
1520616737.608020306 -15.505742385 0.656686340 1.407784764 0.082639541 0.058344608 0.280911638 0.954387377
1520616737.658022165 -15.651038774 -0.293387189 1.683917428 0.077976744 0.099864541 0.277895528 0.952218870
1520616737.708023310 -15.855049553 -0.390136336 2.658093595 0.083397922 0.145526841 0.278363772 0.945716837
1520616737.758024216 -15.210369293 -0.675496138 3.367288311 0.066673453 0.177720709 0.273001564 0.943101345
1520616737.808026314 -14.970885469 -1.071301040 4.253846813 0.047630550 0.208141813 0.268878506 0.939208531
1520616737.858027458 -14.569354980 -1.249712916 5.152146579 0.032127197 0.233005200 0.270353398 0.933587414
1520616737.908360243 -14.757384815 -0.990239742 6.099415523 0.027000959 0.256496164 0.270463634 0.927539804
1520616737.958361149 -14.727746155 -1.359724526 7.028179511 0.023051704 0.273946091 0.275440597 0.921170253
1520616738.008363247 -14.761434554 -1.645565508 7.985864232 0.023627881 0.282439641 0.277348869 0.918012624
1520616738.058416128 -14.365184450 -2.384938131 8.530211528 0.032127108 0.277084333 0.273902186 0.920418228
1520616738.108366251 -13.613490864 -2.736210856 9.088390913 0.045056125 0.245201803 0.260994587 0.932592005
1520616738.158367395 -13.192341444 -3.508625127 9.563795330 0.060774382 0.200280301 0.255127404 0.943983201
1520616738.208369255 -12.878092151 -3.921814091 10.418501281 0.072335736 0.137230366 0.249818622 0.955785553
1520616738.258371115 -13.568891966 -4.188072107 11.090738058 0.079064469 0.087454725 0.247088176 0.961794112
1520616738.308405161 -13.566515359 -4.542628919 12.025769511 0.082475364 0.023843454 0.245034687 0.965705600
1520616738.358407021 -14.308657452 -5.191770836 12.192622399 0.079560172 -0.024399472 0.248796356 0.964974206
1520616738.408407927 -14.107933643 -5.748387543 12.998778584 0.084329738 -0.087877024 0.237423524 0.963740730
1520616738.458410025 -14.527068398 -6.186470014 13.794020563 0.094340527 -0.141398671 0.234250861 0.957200509
1520616738.508410931 -14.555472299 -6.738148600 14.627593569 0.109592550 -0.188209956 0.229731433 0.948572588
1520616738.558412790 -14.379518216 -7.316145462 15.424437210 0.119519044 -0.229373120 0.226949065 0.938934125
1520616738.608413935 -15.014269902 -7.920513427 15.905924136 0.129016504 -0.246819719 0.229776645 0.932543544
1520616738.658416033 -14.750948681 -7.457689423 15.059486970 0.134189215 -0.256748688 0.226358705 0.929965108
1520616738.708337545 -15.402998506 -8.211851955 15.137396531 0.132324683 -0.235370264 0.229028623 0.935220245
1520616738.758338690 -16.363470335 -8.443353814 15.291995227 0.135518374 -0.199731352 0.234192620 0.941751546
1520616738.808340549 -16.585565973 -9.011860777 16.084127389 0.136984326 -0.160252721 0.236815636 0.948405353
1520616738.858341455 -16.924407331 -9.949903997 16.156663255 0.139367569 -0.116461502 0.245853981 0.952139286
1520616738.908343554 -16.999786300 -10.464071569 17.011034204 0.150969209 -0.081814144 0.245540678 0.954056874
1520616738.958344460 -17.235988193 -11.294519398 17.515578622 0.159554057 -0.050290517 0.247424415 0.954355555
1520616739.008346558 -16.975822859 -12.100941979 18.046612161 0.166176202 -0.028593320 0.242693561 0.955336447
1520616739.058348656 -17.239258033 -13.020832849 18.337133582 0.170396938 -0.013322067 0.243595700 0.954698141
1520616739.108448744 -17.771588752 -13.517256848 19.022835572 0.174130310 0.004050685 0.242241528 0.954453388
1520616739.158450842 -18.529757281 -14.102867926 19.309611000 0.169112847 0.012777921 0.242212803 0.955285574
1520616739.208452940 -18.382950913 -14.929123260 19.853440030 0.164132415 0.005136637 0.243157869 0.955985573
1520616739.258454800 -18.383735636 -15.753782045 20.419070009 0.164272816 -0.012869663 0.250109058 0.954093430
1520616739.308455706 -18.615944362 -16.723870624 20.489831973 0.167841205 -0.045969849 0.264044016 0.948681643
1520616739.358456850 -19.448194321 -16.880543490 21.021634210 0.182326452 -0.083091295 0.270227784 0.941716436
1520616739.408457756 -19.994336921 -16.468832009 20.292098798 0.199372107 -0.126715119 0.267005077 0.934292422
1520616739.458460808 -20.654109785 -17.080571357 19.855664683 0.211620973 -0.161573958 0.261509119 0.927751799
1520616739.508461952 -21.544908681 -17.392032099 19.524802879 0.218900637 -0.193912731 0.255107770 0.921629204
1520616739.558614969 -22.365797063 -17.105839166 19.030600624 0.221626096 -0.227657825 0.251897947 0.914112254
1520616739.608616829 -22.183147387 -16.263329750 18.523829494 0.219382332 -0.266744341 0.253763812 0.903505826
1520616739.658618927 -22.226589011 -15.699633340 17.698990611 0.205990857 -0.296006156 0.257695707 0.896404510
1520616739.708699703 -22.717850041 -14.908137562 17.335401511 0.195618863 -0.309917023 0.255636779 0.894614183
1520616739.758620739 -23.205422414 -14.360947756 16.655065934 0.183147419 -0.308421314 0.246144616 0.900414429
1520616739.808622837 -23.407363459 -13.418728705 16.922354305 0.174866365 -0.293746354 0.230786666 0.910973298
1520616739.858624935 -23.267334780 -12.901774596 16.077871967 0.160834516 -0.270903665 0.215182362 0.924359245
1520616739.908625841 -22.928896336 -12.330768442 15.329933874 0.146819383 -0.242779999 0.197626794 0.938320623
1520616739.958545208 -23.217239523 -11.518999669 14.822105491 0.144344250 -0.213086456 0.184891985 0.948458673
1520616740.008546352 -23.846256534 -11.158563082 14.133321733 0.139277494 -0.186660850 0.179494041 0.955793595
1520616740.058548212 -23.723649470 -10.409269079 13.482532976 0.133873622 -0.161837950 0.171326230 0.962566182
1520616740.108549118 -23.395635243 -9.467598609 13.407277465 0.129786128 -0.139573449 0.154879742 0.969374581
1520616740.158551455 -23.507604182 -9.064932168 12.498804739 0.113162722 -0.118895582 0.146644591 0.975475988
1520616740.208552361 -23.437395177 -8.080605071 12.337030630 0.107663468 -0.119260443 0.141892108 0.976755934
1520616740.258554459 -23.319890757 -7.241579046 11.805779239 0.098257297 -0.144267375 0.139681141 0.974690518
1520616740.308556318 -23.774662093 -6.662283903 11.129317733 0.086525470 -0.177102008 0.149066632 0.968982642
1520616740.358345270 -23.922598253 -6.362482771 10.186855971 0.068781277 -0.212830330 0.152647547 0.962637581
1520616740.408347130 -24.211082914 -5.919263432 9.338131505 0.057282500 -0.244043088 0.155866578 0.955440891
1520616740.458349228 -24.113543272 -5.053412196 8.847430318 0.055651086 -0.275919502 0.159049499 0.946295219
1520616740.508350372 -23.926779830 -4.284501698 8.235959907 0.058643140 -0.302331485 0.163756059 0.937198276
1520616740.558351278 -23.600962888 -3.374908420 7.978116178 0.065014324 -0.326105194 0.166252508 0.928325721
1520616740.608353138 -23.475618430 -3.134446459 7.015584718 0.061414013 -0.336513984 0.176697001 0.922911061
1520616740.658355236 -22.955401450 -2.605153586 6.345343457 0.054570929 -0.333765025 0.189593975 0.921779283
1520616740.708357096 -22.149836687 -2.120453790 6.004562706 0.042853134 -0.321199798 0.207140279 0.923085697
1520616740.758201122 -21.854935382 -2.232173914 5.055588610 0.017017192 -0.294693758 0.229330349 0.927509350
1520616740.808203220 -21.134924433 -1.550165811 4.927334252 -0.007986833 -0.276911301 0.261158157 0.924690629
1520616740.858203888 -20.320341597 -1.175237353 4.484747024 -0.036255335 -0.256180394 0.299222665 0.918435057
1520616740.908206224 -19.651728112 -0.901881433 3.793203425 -0.068959903 -0.235533204 0.335911830 0.909357951
1520616740.958208084 -19.967493891 -0.645447840 2.879675218 -0.103188144 -0.206791735 0.375808660 0.897416980
1520616741.008208990 -19.286635018 -0.220711903 2.282992238 -0.135665874 -0.181702214 0.398892763 0.888517664
1520616741.058211088 -18.991339926 -0.459105431 1.357806130 -0.169565166 -0.144135578 0.411192531 0.883964531
1520616741.108211994 -18.840518397 0.126485641 0.561354020 -0.181250925 -0.108110697 0.409204393 0.887700368
1520616741.158145189 -18.233032611 0.591835963 -0.082392900 -0.189858604 -0.080188321 0.384792279 0.899699086
1520616741.208147049 -18.119483218 1.019421922 -0.979207699 -0.194261726 -0.049590825 0.343630695 0.917453583
1520616741.258147955 -18.697915180 0.636661738 -1.699562547 -0.209316456 -0.014967055 0.299145533 0.930846152
1520616741.308150053 -18.369550584 1.024892836 -2.560639377 -0.223504867 -0.007720349 0.244777391 0.943435212
1520616741.358150959 -17.955316319 1.197997659 -3.454196702 -0.241082398 -0.004774297 0.190632220 0.951585960
1520616741.408152819 -17.225124296 1.163383895 -4.136561338 -0.260202499 -0.011924151 0.137281648 0.955670562
1520616741.458155155 -16.530148396 0.989228917 -4.834184834 -0.264875855 -0.020401990 0.087115484 0.960122613
1520616741.508156061 -16.207574445 0.763984765 -5.753538476 -0.261584084 -0.037167348 0.043653602 0.963476371
1520616741.558157921 -15.420691188 0.392832662 -6.246550500 -0.255787529 -0.069371537 0.004063268 0.964232244
1520616741.608345032 -14.646391976 -0.062642327 -6.685871869 -0.260475826 -0.110322730 -0.032359767 0.958610497
1520616741.658346891 -13.756893201 -0.297753170 -7.077681543 -0.265949203 -0.158405573 -0.056037564 0.949230471
1520616741.708348036 -13.348151537 -0.847453026 -7.806214534 -0.275488153 -0.197700007 -0.067051143 0.938363005
1520616741.758349895 -12.508461909 -1.390292687 -7.821912673 -0.293760617 -0.246246428 -0.060800841 0.921613072
1520616741.808350801 -12.138438876 -2.056820793 -8.469078215 -0.319442976 -0.279168289 -0.044780868 0.904442328
1520616741.858352900 -11.388293288 -2.449644622 -9.001028434 -0.342775481 -0.299430903 -0.020409181 0.890185132
1520616741.908354998 -10.545455613 -2.433353082 -9.538949655 -0.361259330 -0.306937678 0.008042046 0.880463675
1520616741.958355904 -9.653536798 -2.331611652 -9.979550959 -0.380993325 -0.304589786 0.041562487 0.871975750
1520616742.008559942 -8.748395724 -2.311709225 -9.554905779 -0.400120293 -0.301562241 0.074324229 0.862229595
1520616742.058561087 -9.010636503 -1.581334893 -8.924205288 -0.423398323 -0.286618958 0.107203649 0.852696201
1520616742.108562946 -8.026618073 -1.485656308 -9.074382976 -0.445872473 -0.267053827 0.141202903 0.842580401
1520616742.158563852 -7.490802782 -0.693208799 -9.365808643 -0.460876853 -0.236231383 0.165536269 0.839276476
1520616742.208566189 -6.509698168 -0.803412362 -9.524833519 -0.483108985 -0.188851578 0.168013669 0.838279307
1520616742.258568048 -5.889079678 -0.019374106 -9.535636451 -0.498499632 -0.142679672 0.155207942 0.840863320
1520616742.308569908 -5.874897959 0.966002487 -9.365837014 -0.522832373 -0.086817462 0.121191492 0.839298314
1520616742.358571053 -5.087943753 1.379352250 -9.823925488 -0.542362210 -0.041131935 0.085525169 0.834767538
1520616742.408459902 -4.958274084 0.447044008 -10.161545272 -0.568681244 0.002131086 0.031721350 0.821943342
1520616742.458460808 -4.024091409 0.127341805 -10.319953704 -0.586003471 0.015604358 -0.012410764 0.810063213
1520616742.508462667 -3.053735818 -0.065546660 -10.465569864 -0.598026599 0.018670285 -0.059267543 0.799063806
1520616742.558463812 -2.210246601 -0.430974174 -10.859255873 -0.607388690 0.012362312 -0.113238137 0.786195444
1520616742.608464718 -1.782811512 -1.277701836 -10.542472808 -0.614458327 0.000424031 -0.170714461 0.770257981
1520616742.658466816 -2.021549175 -2.074882444 -11.097006311 -0.613909075 -0.002973069 -0.224014584 0.756917614
1520616742.708468914 -2.031479156 -1.082245508 -10.976286357 -0.613918259 -0.022317484 -0.262842228 0.743989425
1520616742.758469820 -2.591696694 -1.854046599 -11.277084273 -0.617840779 -0.051025715 -0.285117818 0.731010929
1520616742.808308840 -2.921074440 -0.921069342 -11.131950754 -0.634315785 -0.081438794 -0.285217696 0.713906208
1520616742.858310699 -2.596287303 0.022974974 -11.074560456 -0.651728445 -0.118252803 -0.268730573 0.699321233
1520616742.908311605 -2.045623655 0.526352141 -10.408691869 -0.674121214 -0.156650736 -0.244504571 0.679145529
1520616742.958312750 -1.939011735 1.498671986 -10.200778384 0.694518698 0.196388884 0.218329563 -0.656816097
1520616743.008314610 -1.945484371 2.484187748 -10.370238665 0.716443106 0.231277185 0.182725178 -0.632322425
1520616743.058316708 -1.890783682 3.482247030 -10.340481231 0.744210111 0.254139518 0.134886752 -0.602801775
1520616743.108317852 -2.198919790 4.295624392 -10.833907422 0.767800947 0.267455920 0.084006894 -0.576100580
1520616743.158319712 -2.225490895 5.287564589 -10.957796979 0.792795229 0.270372129 0.027946031 -0.545521453
1520616743.208206177 -2.492797352 6.201315678 -11.263748292 0.815506328 0.257263590 -0.025493255 -0.517798192
1520616743.258208036 -3.258629583 6.443696419 -11.859359383 0.831877682 0.225243039 -0.068380457 -0.502562641
1520616743.308209181 -3.895708343 7.085726043 -12.285890289 0.846083489 0.193597821 -0.091232456 -0.488200012
1520616743.358211279 -3.834250462 7.218751677 -13.275095581 0.861727232 0.167740149 -0.102052118 -0.467840556
1520616743.408211946 -3.839923133 7.420464497 -14.254523863 0.882894170 0.158933644 -0.087186144 -0.433170356
1520616743.458214283 -4.224936185 8.063221729 -14.916813898 0.905002770 0.158294935 -0.051521764 -0.391482065
1520616743.508216143 -4.674959435 8.298812990 -15.778194088 0.921420672 0.165962500 -0.011207520 -0.351162049
1520616743.558217049 -5.212183012 8.712488820 -16.513220030 0.933352371 0.170846091 0.022925692 -0.314864062
1520616743.608169317 -4.548280269 9.013499664 -17.197782387 0.941666282 0.173684829 0.038575698 -0.285674831
1520616743.658170462 -4.022149488 9.117734591 -18.041773786 0.949248628 0.172490292 0.053428977 -0.257525699
1520616743.708172321 -3.432274117 9.165755339 -18.847838954 0.955706988 0.168651678 0.058729420 -0.233947900
1520616743.758173227 -2.622761389 9.401337588 -19.385602979 0.957353367 0.171905368 0.062428112 -0.223664493
1520616743.808175564 -1.916395725 9.432875156 -20.092747187 0.952699853 0.181131598 0.067443442 -0.234532976
1520616743.858177423 -1.409079012 10.001884125 -20.739940007 0.944353592 0.191743833 0.066603373 -0.258833124
1520616743.908178329 -0.786201625 10.647813537 -21.181300353 0.934142230 0.198050672 0.064934984 -0.289719990
1520616743.958180428 -0.977594641 11.206057194 -21.988600008 0.920730391 0.196365282 0.080696849 -0.327390045
1520616744.008182287 -0.356241143 11.976476182 -22.131338976 0.908618278 0.195897204 0.086066657 -0.358649747
1520616744.058113337 0.464104053 12.522385321 -22.301682663 0.890180235 0.194812148 0.087251929 -0.402510219
1520616744.108115435 0.239069198 13.171213192 -23.028581355 0.867096108 0.187829035 0.094968857 -0.451492536
1520616744.158116341 0.313954210 14.131278661 -22.759014053 0.843716800 0.185122179 0.097762421 -0.494281548
1520616744.208118439 0.004659102 15.003573237 -23.137747084 0.813243309 0.174695021 0.105585302 -0.544948359
1520616744.258119583 0.486966481 15.657079345 -22.554386680 0.790969859 0.174598698 0.104391822 -0.577047939
1520616744.308121443 0.344304588 16.544481380 -22.992753208 0.762288161 0.163364786 0.116027289 -0.615439984
1520616744.358123302 0.518866940 17.527387436 -22.934241083 0.737108248 0.162569098 0.114337216 -0.645886770
1520616744.408124447 -0.006949021 18.344436877 -22.697708239 0.710024940 0.155611614 0.116752148 -0.676770675
1520616744.458283901 -0.083454612 19.191352733 -22.171513952 -0.675483533 -0.150956725 -0.120612402 0.711608539
1520616744.508284807 -0.741441975 19.893731296 -21.900005234 -0.641270055 -0.136037083 -0.124099038 0.744893319
1520616744.558285952 -1.381829612 20.494933479 -21.422030747 -0.609761407 -0.124363997 -0.126671729 0.772449931
1520616744.608300924 -1.856810397 21.130976346 -20.813883787 -0.584879854 -0.112363109 -0.124919160 0.793527121
1520616744.658289671 -2.313072107 21.696477630 -20.126836809 -0.562895490 -0.101396830 -0.125086006 0.810691582
1520616744.708290815 -2.754168574 22.246705968 -19.417835623 -0.538751054 -0.091233689 -0.124758965 0.828165995
1520616744.758292913 -3.121504187 22.837818149 -18.699747232 -0.513873654 -0.081964953 -0.123322100 0.844989511
1520616744.808293819 -3.803700962 23.481556971 -18.353037137 -0.492733710 -0.073167195 -0.116089330 0.859292337
1520616744.859205723 -3.150474090 24.112493535 -17.934451775 -0.492733710 -0.073167195 -0.116089330 0.859292337
1520616744.909206867 -2.805379088 23.276664975 -18.361417882 -0.517334984 -0.070575084 -0.116660234 0.844851503
1520616744.959208727 -2.597660192 22.373630016 -18.737424162 -0.558007453 -0.066854103 -0.121791636 0.818122857
1520616745.009209633 -1.829304505 22.089634032 -19.310988298 -0.592848718 -0.061964272 -0.126392022 0.792916063
1520616745.059211969 -2.744483146 22.154408206 -18.913178845 -0.624587967 -0.054206431 -0.135167314 0.767255715
1520616745.109213829 -2.404273405 23.053276105 -18.636965462 -0.652910884 -0.043520083 -0.142346548 0.742664689
1520616745.159214735 -1.600632544 22.987748031 -19.228461395 -0.676139284 -0.040381329 -0.146478905 0.720936160
1520616745.209216833 -0.979090529 22.243975216 -19.474403509 0.703738158 0.035045152 0.148564522 -0.693868161
1520616745.259242058 -0.749069981 21.274717570 -19.387052700 0.738281647 0.027664479 0.152820860 -0.656369309
1520616745.309243917 -1.213630005 20.594788113 -19.954397319 0.771383859 0.019834972 0.156415647 -0.616528719
1520616745.359245062 -1.147030607 19.910195563 -19.228520221 0.810252575 0.011786072 0.149520956 -0.566564503
1520616745.409247160 -1.399493438 18.983635124 -18.949686451 0.841582043 0.003108352 0.148280155 -0.519367883
1520616745.459249258 -1.483203738 18.190469263 -18.346461366 0.870309858 -0.004006120 0.140156069 -0.472123902
1520616745.509250164 -1.964868037 17.448105749 -17.880740511 0.894748443 -0.013107917 0.130342992 -0.426924011
1520616745.559252024 -2.376542420 16.705125937 -17.353004590 0.911390864 -0.018788763 0.122587886 -0.392410353
1520616745.609254122 -3.232418989 16.307691006 -17.683943823 0.916124977 -0.027105347 0.124408629 -0.380135264
1520616745.658396721 -3.455670291 16.874538311 -18.476940033 0.916124945 -0.027105481 0.124408546 -0.380135360
1520616745.708398581 -3.000434604 16.413135934 -17.715449183 0.908225732 -0.029100563 0.122207196 -0.399179883
1520616745.758399725 -2.715597533 15.821428608 -16.961293839 0.895798708 -0.027035774 0.118382034 -0.427550506
1520616745.808401823 -2.171042219 15.012633794 -16.739234251 0.876484163 -0.017965227 0.115193950 -0.467100757
1520616745.858402729 -2.174769247 14.262730839 -16.077696900 0.849718097 -0.006901308 0.108383535 -0.515930749
1520616745.908404827 -3.102815763 14.407410488 -16.420913250 0.815568729 -0.004467113 0.115052264 -0.567089649
1520616745.958405733 -3.845489626 14.768179195 -16.985077653 0.776724544 -0.001005781 0.115113687 -0.619230822
1520616746.008407593 -4.222704590 14.831869602 -16.061144536 0.749322244 0.011670712 0.112022186 -0.652557276
1520616746.058375835 -3.695706428 13.985307934 -16.136019630 0.726051347 0.029293071 0.103379726 -0.679193632
1520616746.108376741 -4.393969549 14.472270923 -16.660705879 0.703930253 0.033449238 0.100528464 -0.702322842
1520616746.158377886 -4.574061556 15.455636293 -16.637053868 -0.686520695 -0.045638211 -0.090778962 0.719976159
1520616746.208379745 -5.531938049 15.480290105 -16.350933588 -0.672619663 -0.056477113 -0.087509240 0.732622180
1520616746.258422613 -6.523573682 15.367305522 -16.413329540 -0.655192846 -0.067499752 -0.073985649 0.748793858
1520616746.308382750 -7.473712937 15.126525901 -16.215186739 -0.645902360 -0.080840707 -0.053471072 0.757242210
1520616746.358384848 -8.129382767 15.876512984 -16.127914471 -0.629876404 -0.115531687 -0.029638906 0.767482690
1520616746.408385515 -9.053575935 15.828548848 -16.506816081 -0.620730060 -0.141025956 -0.010086405 0.771170627
1520616746.458387852 -9.692061567 16.557416835 -16.259657112 -0.618371842 -0.183416888 0.020573663 0.763905252
1520616746.508872509 -9.350800960 15.881545532 -16.912909881 -0.621217077 -0.228390306 0.040390687 0.748529093
1520616746.558874369 -9.415497534 15.092028681 -17.523219225 -0.626712163 -0.266684345 0.053335248 0.730251105
1520616746.608875275 -9.021715524 14.394606597 -18.121999790 -0.633754850 -0.303414474 0.063413959 0.708712295
1520616746.658877611 -9.356630307 13.778862554 -18.835225815 -0.647494844 -0.322997749 0.071117526 0.686560397
1520616746.708879471 -9.688329777 13.046658509 -19.430081006 0.668889403 0.334756515 -0.071486277 -0.659859647
1520616746.758880377 -10.124974393 12.225567000 -19.797708824 0.695135590 0.342731137 -0.066481370 -0.628412371
1520616746.808882475 -10.294078338 11.293394428 -20.117799673 0.724063727 0.345876072 -0.058675919 -0.593850654
1520616746.858883381 -10.066408488 10.362498902 -19.832142609 0.752217975 0.351310649 -0.050072029 -0.555195225
1520616746.909001112 -9.484071868 9.781305315 -20.400559776 0.764510099 0.353839341 -0.039773699 -0.537345403
1520616746.959002018 -9.272239169 8.905129931 -20.833507351 0.773206094 0.352416374 -0.020675618 -0.526808841
1520616747.009004116 -9.243301971 7.930253174 -21.054364654 0.781978975 0.344769264 0.006559878 -0.519230205
1520616747.059005976 -8.464325596 7.416133983 -21.413359452 0.784324054 0.341085638 0.036878529 -0.516852340
1520616747.109007120 -8.352136273 6.439330641 -21.230962124 0.792174561 0.332258736 0.069887649 -0.507128499
1520616747.159009218 -7.671099778 5.723111728 -21.383342442 0.792003005 0.334551203 0.089643486 -0.502763144
1520616747.209011078 -7.541944846 4.844106308 -20.924356085 0.792701804 0.332960163 0.107493430 -0.499205913
1520616747.259012222 -7.330726201 3.888330498 -21.129000374 0.787668063 0.323069379 0.122294997 -0.510146187
1520616747.308444977 -7.006878993 2.947585283 -21.229605668 0.779914047 0.312480788 0.132527369 -0.525857712
1520616747.358445883 -6.354487152 2.445020925 -20.662319186 0.775794169 0.310163100 0.138912832 -0.531644133
1520616747.408447981 -5.677584332 1.799218283 -20.309131531 0.770653952 0.311258225 0.143730182 -0.537170772
1520616747.458448887 -5.050079901 1.030930918 -20.435514735 0.763671636 0.317862213 0.145670906 -0.542723901
1520616747.508450985 -4.108635545 0.755878911 -20.240504687 0.758472960 0.319658908 0.149801256 -0.547810675
1520616747.558452129 -3.258545941 1.213546507 -19.979951362 0.751120411 0.320186091 0.150778920 -0.557283333
1520616747.608453989 -3.968635834 0.711874461 -19.485889117 0.739027265 0.318917396 0.161164200 -0.571101127
1520616747.658455849 -3.058743733 0.758143711 -19.073632497 0.718831381 0.322841463 0.164859405 -0.593191548
1520616747.708350420 -3.525334028 0.267893086 -19.809803551 0.697674900 0.321612536 0.169298884 -0.617375897
1520616747.758352280 -2.984317976 -0.434038801 -19.346561435 0.676499579 0.320655571 0.176974586 -0.638911825
1520616747.808353424 -2.897140704 0.485556036 -18.963487734 0.659470074 0.321940502 0.177000137 -0.655838765
1520616747.858355284 -3.462897659 1.061794172 -18.373683802 -0.644513075 -0.320078299 -0.178241918 0.671105504
1520616747.908423185 -4.380573682 1.443739795 -18.483174702 -0.630462996 -0.312829108 -0.179125851 0.687436026
1520616747.958358288 -4.606141474 2.315142981 -18.047542222 -0.620262350 -0.316934870 -0.175464715 0.695729142
1520616748.008359194 -5.266546110 2.287859726 -18.797956334 -0.609932349 -0.311327175 -0.177891993 0.706691134
1520616748.058361292 -5.748230400 1.748482791 -18.107266267 -0.603975905 -0.312116916 -0.188922192 0.708593355
1520616748.108475208 -6.484984233 1.280403859 -18.595216984 -0.605241936 -0.310256081 -0.191472358 0.707645179
1520616748.158477306 -6.938185835 1.296493389 -19.486479816 -0.602938085 -0.317694590 -0.194103944 0.705591576
1520616748.208478212 -7.513612207 1.138886514 -20.289003687 -0.606998075 -0.322441453 -0.193852186 0.700004412
1520616748.258480310 -8.142391161 1.018490236 -21.057210537 -0.612773821 -0.326612403 -0.190344575 0.693975162
1520616748.308482409 -7.651910224 0.390100659 -21.660994429 -0.621863572 -0.344490557 -0.178996592 0.680126586
1520616748.358483315 -7.000422219 -0.353899166 -21.809411548 -0.630128649 -0.367949237 -0.155007203 0.665975984
1520616748.408485174 -7.464112412 -1.039706406 -22.370357032 -0.638115112 -0.378294647 -0.135587351 0.656748304
1520616748.458486319 -7.690000787 -1.851015020 -22.909571993 -0.642937906 -0.400163167 -0.109020437 0.643905919
1520616748.508488178 -7.268660706 -2.749325639 -23.034113426 0.646167103 0.434746797 0.078949696 -0.622278267
1520616748.558605909 -7.108942497 -3.694983998 -23.317345417 0.654364194 0.461379732 0.049687504 -0.597048906
1520616748.608607769 -7.240801361 -4.432347114 -23.979847398 0.662625289 0.474917678 0.025184897 -0.578572940
1520616748.658610106 -7.315176920 -5.390037125 -24.257872791 0.672060533 0.489308052 0.003656575 -0.555786739
1520616748.708611012 -7.210681901 -6.365416672 -24.063667921 0.676528423 0.508292155 -0.023704019 -0.532340584
1520616748.758613110 -6.800597869 -7.140174322 -23.582438589 0.676306836 0.527920183 -0.041269137 -0.512060740
1520616748.808614016 -6.715030162 -8.127647081 -23.715012034 0.670428273 0.538003312 -0.050958430 -0.508410863
1520616748.858615875 -6.026758763 -8.835814970 -23.557593095 0.662407095 0.551278310 -0.061108661 -0.503562108
1520616748.908617020 -5.401757310 -9.616424062 -23.562350131 0.653382087 0.560129314 -0.062265255 -0.505440439
1520616748.958832502 -5.234169114 -10.521620052 -23.171793585 0.654329129 0.568351445 -0.042557465 -0.497009948
1520616749.008834362 -5.109569883 -11.460434878 -22.850698965 0.658253516 0.575633824 -0.028176370 -0.484307858
1520616749.058835506 -4.972661615 -12.446001788 -22.950267991 0.665606966 0.580839181 -0.013818680 -0.468403945
1520616749.108837366 -4.219906093 -12.870922544 -22.447474321 0.672660031 0.590433997 -0.021151091 -0.445498383
1520616749.158838272 -3.773758520 -13.575872422 -21.896114172 0.682848689 0.588885900 -0.026532782 -0.431540353
1520616749.208840609 -3.639557724 -14.543590448 -21.682778830 0.681445986 0.586256587 -0.037074431 -0.436531865
1520616749.258842468 -3.251043935 -15.424640574 -21.412949788 0.670524817 0.586150090 -0.047757197 -0.452265178
1520616749.308843374 -2.615415154 -16.087191735 -21.016714996 0.659800937 0.584115956 -0.046872329 -0.470397979
1520616749.358798504 -1.913638958 -16.340796035 -20.350986050 0.653766645 0.588487088 -0.046089283 -0.473442603
1520616749.408799410 -1.226640332 -16.863179721 -19.845864112 0.651951295 0.586213170 -0.041081439 -0.479193013
1520616749.458801270 -0.661389409 -17.206121988 -19.095609491 0.655606388 0.587142126 -0.042762243 -0.472880300
1520616749.508802414 -0.313824303 -17.876677253 -18.440205697 0.659908901 0.581636783 -0.032487997 -0.474513883
1520616749.558894396 -0.068670117 -18.658926187 -17.867505050 0.665566039 0.574118836 -0.030718587 -0.475884207
1520616749.608805418 0.214019228 -19.485568369 -17.380936004 0.667623159 0.568096374 -0.027528861 -0.480403986
1520616749.658807278 0.659050288 -20.137205351 -16.766674986 0.661952112 0.563120023 -0.028472583 -0.493866938
1520616749.708808184 1.234768966 -20.443775997 -16.008676013 0.663171608 0.559648800 -0.044045173 -0.495031981
1520616749.759188652 1.788695796 -20.938587315 -15.339103891 0.663313663 0.559085459 -0.060239680 -0.493770812
1520616749.809189796 2.289863086 -21.796080551 -15.222756574 0.652426601 0.547965414 -0.062724405 -0.519749060
1520616749.859191656 2.873341246 -22.592168368 -15.062140806 0.644771155 0.535586296 -0.062240331 -0.541796658
1520616749.909193516 3.410775335 -23.353266469 -14.698968283 0.644124567 0.531327697 -0.065084328 -0.546405024
1520616749.959194660 4.260997580 -23.611997786 -14.240514099 0.640140549 0.540444860 -0.074356342 -0.540934899
1520616750.009196520 4.783463326 -24.388687419 -13.888686361 0.634191092 0.545112349 -0.067896473 -0.544099489
1520616750.059197903 5.307597959 -25.044533247 -13.345410063 0.633998440 0.548950908 -0.052140616 -0.542199441
1520616750.109199762 5.885915954 -25.778209883 -12.988665210 0.629724863 0.549195484 -0.045648802 -0.547491648
1520616750.160124063 6.719543038 -26.289328212 -12.779323528 0.614798863 0.554027279 -0.060514945 -0.558044867
1520616750.210124969 7.350145714 -27.029678713 -12.546468638 0.608055648 0.544670401 -0.063706369 -0.574059214
1520616750.260126829 8.026215762 -27.759204001 -12.442920845 0.609713236 0.530116363 -0.070669887 -0.585006136
1520616750.310127974 8.636762486 -28.443547666 -12.044290132 0.610418344 0.516245917 -0.066209200 -0.597072810
1520616750.360129833 9.242715504 -29.208399832 -11.825607473 -0.605428532 -0.504166918 0.059754641 0.612944854
1520616750.410130978 9.997529925 -29.831342387 -11.620186533 -0.601818233 -0.494795444 0.050299643 0.624869769
1520616750.460133076 10.670837634 -30.558759286 -11.487818172 -0.595482514 -0.482515800 0.034887704 0.641375028
1520616750.510133743 11.452327275 -31.156216943 -11.308045290 -0.596787098 -0.471914179 0.030487132 0.648238152
1520616750.560396671 12.009704816 -31.980327913 -11.408898584 -0.592934530 -0.456075334 0.017393896 0.663416449
1520616750.610397816 12.292472717 -32.927960731 -11.557338324 -0.594678549 -0.438806231 0.012656838 0.673532716
1520616750.660399675 12.633553960 -33.858816240 -11.688378802 -0.599322095 -0.421831529 0.006227192 0.680317874
1520616750.710400581 13.613170179 -34.045469302 -11.762626344 -0.592857624 -0.408908050 0.003507772 0.693759136
1520616750.760402679 14.169161170 -34.741892068 -12.216354621 -0.590698282 -0.388727089 -0.005062386 0.707065176
1520616750.810403585 14.421431839 -35.667902620 -12.497181910 -0.590959053 -0.365746962 -0.021570653 0.718701095
1520616750.860408783 15.221728648 -36.255448099 -12.377535227 -0.589306079 -0.359607144 -0.025617091 0.723010935
1520616750.910406828 15.438970558 -37.134298813 -12.802302665 -0.589361177 -0.334823080 -0.039418227 0.734161502
1520616750.960407734 15.871349121 -38.006708236 -13.030229355 -0.592679650 -0.311119283 -0.049500861 0.741272749
1520616751.010886908 16.300313744 -38.630686678 -13.683406404 -0.588897633 -0.288454406 -0.058765331 0.752688694
1520616751.060889244 17.047505580 -39.293495901 -13.732276578 -0.585281353 -0.273920566 -0.071202166 0.759831240
1520616751.110890150 17.177593786 -40.269364678 -13.907653857 -0.581272331 -0.247426306 -0.098338218 0.768916312
1520616751.160892010 17.065525326 -40.967952965 -14.614346906 -0.570915695 -0.211203354 -0.121103383 0.784080597
1520616751.210893154 17.636706972 -41.780876105 -14.727958061 -0.565896351 -0.190784869 -0.133261519 0.790951213
1520616751.260895014 18.113193830 -42.458233747 -15.288446152 -0.552145628 -0.163452026 -0.152847952 0.803153873
1520616751.310896158 18.461270878 -43.389387005 -15.179836861 -0.546510787 -0.136483729 -0.170134746 0.808549516
1520616751.360898256 18.949207615 -44.232652037 -15.405273830 -0.540508649 -0.105077918 -0.185709224 0.813831135
1520616751.413729191 19.127410255 -45.143504561 -15.777552620 -0.531258361 -0.074143586 -0.199466687 0.820048976
1520616751.463731050 19.351978858 -45.807888779 -16.490407832 -0.516786523 -0.041719548 -0.218061568 0.826825448
1520616751.513732910 19.387844811 -46.795156924 -16.645376360 -0.505285455 -0.008578068 -0.246551118 0.826937466
1520616751.563734055 18.483880329 -47.200714123 -16.780918137 -0.491060149 0.033718007 -0.271889342 0.826921527
1520616751.613735914 18.587921752 -48.144921438 -17.093404823 -0.477831473 0.062749115 -0.284920152 0.828589246
1520616751.663736820 18.299702287 -49.091803647 -17.236035895 -0.467989340 0.092571176 -0.291945528 0.828965840
1520616751.713739157 18.343578941 -49.509920027 -18.143369093 -0.452870129 0.118395615 -0.302259875 0.830379487
1520616751.763740063 17.539457596 -49.801193577 -18.661585826 -0.442228089 0.149943757 -0.316670722 0.825633600
1520616751.816834211 17.924643023 -49.998524411 -19.563080545 -0.428170322 0.162193364 -0.342657681 0.820334811
1520616751.866836071 17.511811192 -50.239057978 -20.441552789 -0.418984271 0.175203302 -0.349556659 0.819491382
1520616751.916836977 16.972435612 -50.881836197 -20.985529025 -0.418153230 0.182561316 -0.350678210 0.817828855
1520616751.966839075 16.416433999 -51.437813263 -21.603389614 -0.415880017 0.191740524 -0.354460187 0.815252942
1520616752.016839981 16.040422708 -51.844455858 -22.436010361 -0.415682690 0.201403438 -0.358227007 0.811367961
1520616752.066841841 15.464827906 -51.660713216 -23.232834850 -0.415843800 0.215674303 -0.361424116 0.806183067
1520616752.116842985 14.686633751 -51.694109206 -23.859970055 -0.415248191 0.230194024 -0.367268368 0.799808475
1520616752.166845083 14.097184985 -52.336017986 -24.350381382 -0.424509632 0.239576396 -0.375923145 0.788084077
1520616752.217440605 13.329461199 -52.632867195 -24.918255255 -0.420438705 0.246495678 -0.382921696 0.784756109
1520616752.267441511 12.596256788 -52.910952174 -25.538803429 -0.420486103 0.252807311 -0.383925764 0.782228169
1520616752.317443371 13.544590698 -53.010521194 -25.237558006 -0.413396901 0.264601993 -0.391391824 0.778396575
1520616752.367445707 12.838300397 -53.718052735 -25.261076704 -0.420165043 0.271628160 -0.394248831 0.770874399
1520616752.417446613 13.632478066 -53.791195002 -24.657808903 -0.406844150 0.281209049 -0.400388548 0.771419678
1520616752.467448711 12.868438584 -54.094078434 -25.227462567 -0.406844150 0.281209049 -0.400388548 0.771419678
1520616752.517449617 12.184146066 -54.157420187 -25.953913923 -0.398882516 0.290481641 -0.408358361 0.767956121
1520616752.567450523 11.579395219 -54.137787755 -26.750086631 -0.388717340 0.298832839 -0.419854747 0.763753726
1520616752.617172480 10.816123043 -54.507226350 -27.280115602 -0.388271650 0.308146187 -0.426057714 0.756812974
1520616752.667174816 9.902970022 -54.787336340 -27.576240498 -0.382729840 0.315912534 -0.424154579 0.757502497
1520616752.717175722 9.122689022 -54.935572039 -28.183848708 -0.373523747 0.321906958 -0.422973027 0.760230057
1520616752.767177582 8.386126826 -55.130808254 -28.831428010 -0.369154874 0.321038882 -0.423074643 0.762670677
1520616752.817178726 7.531398491 -55.481313701 -29.214292745 -0.377167872 0.322793220 -0.419667193 0.759887084
1520616752.867180586 6.714386100 -55.847888573 -29.659392303 -0.383996838 0.323952136 -0.423880129 0.753609367
1520616752.917181730 5.901565075 -56.218485683 -30.108813889 -0.392468965 0.323583762 -0.424628513 0.748967480
1520616752.967183828 5.256023281 -56.444410056 -30.838357562 -0.389863589 0.322631928 -0.424445175 0.750840406
1520616753.017464638 4.420599153 -56.446422514 -31.387959670 -0.390138430 0.320974881 -0.427246831 0.749818163
1520616753.067466497 3.608892830 -56.474642351 -31.971343323 -0.384751722 0.325696616 -0.427191520 0.750596585
1520616753.117468596 2.959709865 -56.832099665 -32.642749121 -0.384751722 0.325696616 -0.427191520 0.750596585
1520616753.167469740 2.362095963 -57.083322531 -33.404158797 -0.385350152 0.324882056 -0.428414782 0.749945121
1520616753.217471600 1.644590718 -57.305524370 -34.064319813 -0.386416880 0.327089582 -0.431145943 0.746865166
1520616753.267472506 0.853967784 -57.759040554 -34.475705821 -0.393786840 0.325160137 -0.433460565 0.742505722
1520616753.317474604 -0.020418208 -58.070713445 -34.847605197 -0.399599095 0.325507131 -0.438444246 0.736296350
1520616753.367475510 -0.854178819 -58.460540850 -35.238601153 -0.398672323 0.328172606 -0.435992151 0.737071206
1520616753.417477369 -1.672133026 -58.795014285 -35.706659309 -0.398672323 0.328172606 -0.435992151 0.737071206
1520616753.467479706 -2.469472282 -59.349787530 -35.944307695 -0.407950248 0.325121881 -0.434181136 0.734410715
1520616753.517480612 -3.339048521 -59.628475632 -36.351947373 -0.410075770 0.325109183 -0.438172594 0.730853378
1520616753.567482471 -4.174075333 -60.178162106 -36.375926616 -0.405484791 0.329803569 -0.444501313 0.727482146
1520616753.617483616 -5.065374610 -60.483891895 -36.710762240 -0.402583049 0.334492305 -0.454976440 0.720443076
1520616753.667485476 -5.906167234 -60.675775747 -37.216972029 -0.392931606 0.336938260 -0.460924393 0.720850932
1520616753.717486382 -6.825813579 -60.793813763 -37.591561974 -0.394264798 0.343316130 -0.461312803 0.716854101
1520616753.767488718 -7.378083931 -61.073420334 -38.376939351 -0.398255195 0.335498089 -0.458929641 0.719873195
1520616753.817489386 -8.219420229 -61.173844990 -38.908040208 -0.407546671 0.334666178 -0.452610375 0.719060573
1520616753.867492437 -8.969716177 -61.596422920 -39.416453311 -0.424331935 0.323937652 -0.449344488 0.716307433
1520616753.917493582 -9.775221780 -62.088685471 -39.746359820 -0.443627148 0.311838311 -0.447681833 0.711008296
1520616753.967494488 -10.633456877 -62.557672388 -39.954887493 -0.465184482 0.292963473 -0.438983929 0.710682005
1520616754.017496586 -11.460273445 -63.074440951 -40.176978950 -0.494735627 0.267965120 -0.428093156 0.707225285
1520616754.067498684 -12.340660942 -63.027161877 -40.648871464 -0.521493163 0.237173927 -0.416968607 0.705641970
1520616754.117499590 -12.786399887 -63.440660768 -41.442808149 -0.544960671 0.200347719 -0.404463182 0.706603278
1520616754.167500734 -13.409134121 -64.223080489 -41.447439966 -0.572937193 0.158415556 -0.379153633 0.709147380
1520616754.217502594 -14.242406014 -64.775905642 -41.440935855 -0.607852475 0.119965882 -0.346268100 0.704430237
1520616754.266214132 -14.655784781 -65.479367643 -42.019087398 -0.633154484 0.077436785 -0.324988535 0.698213002
1520616754.316215038 -15.180337322 -66.328796552 -42.076664837 -0.660691453 0.039320223 -0.301431037 0.686352718
1520616754.366217136 -15.807315627 -67.010237490 -42.454204838 0.687019655 -0.014451701 0.283627004 -0.668842929
1520616754.416219234 -16.481554798 -67.737776081 -42.581047806 0.711225363 0.005990026 0.263695081 -0.651603796
1520616754.466228008 -17.297745948 -68.312630940 -42.639133078 0.731494201 0.021883377 0.237716347 -0.638692641
1520616754.516221285 -18.102438901 -68.799454488 -42.978944913 0.747578392 0.039390906 0.216128497 -0.626788144
1520616754.566223145 -18.464281956 -69.672974499 -43.304571068 0.757684417 0.065275469 0.188756292 -0.621308700
1520616754.616225004 -18.819672133 -70.567379338 -43.576118132 0.762478979 0.086274589 0.159690955 -0.621032447
1520616754.665355206 -19.072023923 -71.513266515 -43.780118182 0.770582740 0.103149424 0.132925472 -0.614730230
1520616754.715357065 -19.330100039 -72.441576537 -44.047769489 0.777500751 0.114790089 0.105241320 -0.609294742
1520616754.765357971 -19.583979312 -73.399298689 -43.912441759 0.786931701 0.128279742 0.085119748 -0.597526095
1520616754.815360069 -19.930913883 -74.337188020 -43.912362520 0.795647116 0.143500844 0.059077941 -0.585545021
1520616754.865360975 -20.026820351 -75.332329296 -43.890096143 0.803710161 0.156647807 0.037219724 -0.572822951
1520616754.915362835 -20.205427548 -76.293901394 -43.681580991 0.812507438 0.168559209 0.020180046 -0.557684698
1520616754.965363979 -19.795110780 -77.205668001 -43.699519940 0.818064420 0.184690705 -0.001894119 -0.544661694
1520616755.015366077 -19.456276838 -77.903559562 -43.068537430 0.824358719 0.197375356 -0.024457099 -0.529978793
1520616755.062586546 -19.050655503 -78.730821608 -42.679810225 0.827989633 0.211588469 -0.037678834 -0.517922575
1520616755.112587690 -19.440480180 -79.108605446 -43.519641215 0.820972529 0.217376702 -0.051184909 -0.525482236
1520616755.162589550 -18.966173089 -79.730698007 -42.896717761 0.821459274 0.232645329 -0.083052957 -0.513987371
1520616755.212590456 -18.831314862 -80.608518483 -42.437104370 0.824547094 0.245046129 -0.103070808 -0.499450591
1520616755.262592554 -18.507520771 -81.550276546 -42.527929131 0.821955486 0.267535342 -0.121190611 -0.487982433
1520616755.312594414 -18.074995248 -82.355514048 -42.122325582 0.821285798 0.290363827 -0.134661525 -0.472276148
1520616755.362595320 -17.361745395 -82.878360780 -41.655521617 0.821106987 0.315002494 -0.145633713 -0.453152917
1520616755.412597656 -16.647722836 -83.292170141 -41.090779554 0.820530183 0.341141410 -0.158716043 -0.430304514
1520616755.460412025 -15.961051744 -83.462970240 -40.384160748 0.816638716 0.363826513 -0.175839967 -0.412082252
1520616755.510414124 -15.559388237 -84.378693017 -40.373287705 0.810938689 0.376957575 -0.182805183 -0.408489527
1520616755.560415983 -15.079248568 -85.022790225 -39.777800775 0.807880502 0.388588579 -0.185377308 -0.402446599
1520616755.610416889 -14.255360585 -85.534523260 -39.534207071 0.805155754 0.391011019 -0.203952265 -0.396532558
1520616755.660419226 -13.775032784 -86.408576639 -39.461296886 0.808155241 0.390171812 -0.213692552 -0.385987768
1520616755.710420132 -12.862675228 -86.706422780 -39.180420817 0.806922113 0.402994146 -0.224580316 -0.368830725
1520616755.760421038 -12.083263848 -87.321653724 -39.062062098 0.805253674 0.408792615 -0.238661380 -0.357065630
1520616755.810423136 -11.222621839 -87.639247626 -38.664030133 0.800471825 0.420455945 -0.256401340 -0.341643101
1520616755.860424995 -10.666066504 -88.144542625 -38.004543118 0.799922478 0.427215849 -0.273241433 -0.320857859
1520616755.909451962 -9.947334821 -88.297550519 -37.326300276 0.794969665 0.437166097 -0.294575496 -0.300223770
1520616755.959454060 -9.060825012 -88.261463728 -36.864999830 0.786007228 0.451718268 -0.312720978 -0.283458698
1520616756.009454966 -8.470821723 -88.902466844 -36.374070991 0.785432121 0.451376895 -0.325981639 -0.270353942
1520616756.059456825 -7.618027193 -89.237462907 -35.973422607 0.781863069 0.454541897 -0.342470196 -0.254550527
1520616756.109493971 -6.867345198 -89.195030366 -35.314122961 0.777602086 0.461015613 -0.359429921 -0.231537757
1520616756.159459829 -6.088147106 -89.307752958 -34.697564813 0.774336127 0.461695520 -0.381049067 -0.205042478
1520616756.209461927 -5.160371060 -89.657719005 -34.568122264 0.762667711 0.465084940 -0.409133803 -0.186127624
1520616756.259463072 -4.550691732 -89.814731571 -33.791180714 0.757466062 0.470926598 -0.418896391 -0.170291273
1520616756.309029579 -3.661604565 -89.627927289 -33.373295359 0.742133717 0.482008135 -0.440272390 -0.151874708
1520616756.359030724 -2.797257802 -89.276309900 -33.013754145 0.720731513 0.493604384 -0.465356790 -0.142631890
1520616756.409032583 -1.823725484 -89.058110810 -33.081754017 0.699502827 0.505806715 -0.487024132 -0.132901682
1520616756.459033489 -1.111430981 -88.889693259 -32.400378885 0.688449546 0.522456853 -0.489704176 -0.115177600
1520616756.509035587 -0.271702738 -88.383876505 -32.202879800 0.668900597 0.536678552 -0.504811200 -0.098558488
1520616756.559036493 0.572271384 -87.942214358 -31.898507940 0.651386647 0.547029771 -0.518723048 -0.085908469
1520616756.609038353 1.124829165 -87.199490830 -31.520299453 0.634730679 0.561912849 -0.526986757 -0.060463819
1520616756.659040689 1.765631583 -86.485371223 -31.238509727 0.619797208 0.569482936 -0.538415266 -0.040615366
1520616756.709247589 2.494068873 -85.914166900 -31.616801592 0.600867642 0.563655371 -0.566260094 -0.024499108
1520616756.759249687 3.491098509 -85.901378421 -31.540851873 0.592227038 0.558808027 -0.580350651 -0.013922892
1520616756.809250593 4.088837978 -85.147285989 -31.268726659 -0.576043259 -0.573053380 0.582759769 -0.013230221
1520616756.859252691 4.543177909 -84.532994606 -30.623574488 0.561929789 0.588782069 -0.579461477 0.042367251
1520616756.909253836 5.359744474 -84.031982330 -30.336859049 0.551104443 0.589824455 -0.587709001 0.054672994
1520616756.959255695 5.717976243 -83.111114471 -30.490717379 -0.516140837 -0.594374689 0.610617925 -0.086389321
1520616757.009257555 5.604628449 -82.129111913 -30.641791050 -0.477433709 -0.602779261 0.626350262 -0.128060788
1520616757.059258699 5.340465324 -81.191359537 -30.867264609 -0.433803804 -0.603522031 0.647308125 -0.169019554
1520616757.111738443 5.802865374 -80.348289805 -30.592638279 -0.409033559 -0.607691005 0.654284515 -0.187922757
1520616757.161740303 6.268939466 -79.477510546 -30.436054686 -0.380765154 -0.612204795 0.660989403 -0.208125434
1520616757.211741209 6.662591434 -78.574513814 -30.263906405 -0.351040465 -0.617037721 0.663821364 -0.235321567
1520616757.261743546 6.888123971 -77.603999409 -30.178836642 -0.322370092 -0.628222806 0.657650074 -0.262507161
1520616757.311744452 6.929028073 -76.883543759 -30.871130301 -0.279330152 -0.617689103 0.673322471 -0.295079122
1520616757.361746311 7.685969872 -76.503556509 -31.402777557 -0.256175015 -0.593389545 0.689453546 -0.326981678
1520616757.411747456 7.631108631 -75.569875463 -31.756655994 -0.216309353 -0.585605890 0.697897972 -0.351019126
1520616757.461749315 7.444259246 -74.862342472 -32.438186899 -0.181931238 -0.578236400 0.702877766 -0.372164664
1520616757.517491102 7.330511574 -74.324174866 -33.273313892 -0.145962622 -0.563364950 0.707963221 -0.400128635
1520616757.567495108 6.978796160 -73.389405602 -33.223286983 -0.116042636 -0.559815696 0.696632940 -0.433408630
1520616757.617495060 7.188886045 -72.444495288 -33.474298413 -0.097947863 -0.555749214 0.697408651 -0.441780715
1520616757.667497158 6.697094225 -71.674334152 -33.880491262 -0.073095944 -0.551091614 0.695629447 -0.455032623
1520616757.717498064 6.824400036 -70.709118946 -34.108861215 -0.058346878 -0.546768342 0.696493266 -0.461017519
1520616757.767558098 7.200776401 -70.095352312 -34.802857866 -0.044781081 -0.534168675 0.700089892 -0.471733638
1520616757.817501068 7.288077060 -69.306322484 -35.410978351 -0.029000671 -0.524740450 0.698264137 -0.486038699
1520616757.867501974 6.608171935 -69.440961323 -36.131812176 0.001562718 -0.512190025 0.699027855 -0.499018029
1520616757.917504072 6.471056399 -68.700455723 -36.789726142 0.025534500 -0.500638455 0.698690561 -0.510431805
1520616757.967064142 5.885725235 -68.306816442 -37.498553022 0.057488279 -0.497123560 0.693406026 -0.518412333
1520616758.017066002 5.743002089 -67.861363597 -38.382409270 0.093435072 -0.481135376 0.688685822 -0.534313089
1520616758.067067146 5.179540799 -67.989680918 -39.198525707 0.139724701 -0.461470831 0.681149069 -0.550960639
1520616758.117069244 4.344649258 -68.153792318 -39.723905155 0.176423657 -0.443583869 0.668192927 -0.570636712
1520616758.167070389 4.153676446 -67.591901266 -40.528770255 0.205127309 -0.424726881 0.658895630 -0.585991820
1520616758.217072248 3.664533522 -67.317987623 -41.356846651 0.238403796 -0.407159399 0.640383140 -0.606048091
1520616758.267074108 2.867490162 -67.456519042 -41.944665439 -0.291401768 0.384934950 -0.614175830 0.624258075
1520616758.317075253 2.370857416 -68.035421805 -42.591370555 -0.351300363 0.357800679 -0.586090981 0.636446456
1520616758.367632389 1.771907102 -68.196950322 -43.375696418 -0.394933774 0.340165951 -0.557087954 0.646504022
1520616758.417634726 1.039326223 -67.860449036 -43.967382264 -0.429256199 0.316592023 -0.528946013 0.660094480
1520616758.467635632 0.059971187 -67.782950922 -44.154084584 -0.455621846 0.295358589 -0.502319698 0.672939045
1520616758.517637491 -0.910842630 -67.875019846 -44.375543035 -0.475805810 0.273379765 -0.482005981 0.683039215
1520616758.567638636 -1.774117755 -67.931914119 -44.877059835 -0.490770156 0.249983297 -0.471062398 0.689023383
1520616758.617639542 -2.523285670 -68.274997470 -45.443664855 -0.509326664 0.230523139 -0.453080341 0.694380038
1520616758.667641401 -3.351333456 -68.565745224 -45.923042168 -0.523564408 0.219723947 -0.444363460 0.692923382
1520616758.717643499 -4.020185593 -69.118928497 -46.419655786 -0.532746262 0.202345157 -0.436161513 0.696420126
1520616758.767645597 -4.778140683 -69.417375031 -46.999684878 -0.541700503 0.187215417 -0.429049979 0.698159772
1520616758.817646503 -5.584137857 -69.896935698 -47.346657676 -0.551137247 0.173931560 -0.426493748 0.695771967
1520616758.867648602 -6.236880158 -70.559467382 -47.714052907 -0.559483190 0.160790764 -0.426153980 0.692472148
1520616758.917649508 -6.773298185 -71.259410087 -48.185577997 -0.570997047 0.150458142 -0.412579587 0.693615747
1520616758.967651367 -7.399280462 -72.039099857 -48.170410541 -0.589666910 0.146160187 -0.396965279 0.688003417
1520616759.017653704 -7.388186968 -72.602633816 -48.996428950 -0.597976695 0.135705547 -0.376379414 0.694511637
1520616759.067654610 -7.894441422 -73.462810465 -49.058093858 -0.621866036 0.119106444 -0.365183691 0.682449383
1520616759.117655754 -7.889641511 -74.109337347 -49.820969963 -0.632865616 0.105913278 -0.350209024 0.682361436
1520616759.167657614 -8.169151383 -74.886600331 -50.384651154 -0.641157463 0.089420644 -0.336306063 0.683973163
1520616759.217659473 -8.763898994 -75.615354048 -50.724052537 -0.650650434 0.068549068 -0.321999082 0.684303755
1520616759.267660618 -9.511961925 -76.217252869 -50.444553591 -0.666940783 0.057970514 -0.306701286 0.676582391
1520616759.317661524 -10.155714332 -76.896508486 -50.092140984 0.690390398 -0.046725820 0.274733543 -0.667607127
1520616759.367663383 -10.376346820 -77.864339197 -49.971207034 0.710219095 -0.024238387 0.247398603 -0.658631360
1520616759.417750597 -10.595151186 -78.836662849 -49.889284118 0.727864117 0.000294867 0.218600370 -0.649944320
1520616759.467666626 -10.833336149 -79.807669413 -49.868932794 0.747112302 0.025491503 0.184053466 -0.638198804
1520616759.517668486 -11.331531278 -80.559603514 -50.300669660 0.757513655 0.041512719 0.162857810 -0.630814625
1520616759.565589666 -11.530579602 -81.515527781 -50.516513492 0.768197550 0.065956965 0.143869689 -0.620341612
1520616759.615591526 -11.859639821 -82.453542208 -50.625363425 0.778052104 0.092720817 0.125946221 -0.608420351
1520616759.665592670 -12.016832479 -83.306044587 -50.126835430 0.792780978 0.116573124 0.116994705 -0.586703730
1520616759.715594530 -11.928229714 -84.301525122 -50.092658609 0.805066884 0.143874438 0.099127586 -0.566869632
1520616759.765595675 -12.218623292 -85.242505193 -50.266520841 0.808567099 0.161711791 0.086786808 -0.559049724
1520616759.815597773 -12.203600492 -86.033401121 -49.654754590 0.815092038 0.176499164 0.073907284 -0.546818734
1520616759.865599632 -12.377822326 -87.013224667 -49.556812915 0.820948792 0.185972954 0.061896290 -0.536307739
1520616759.915600777 -12.687785447 -87.879527901 -49.165096728 0.826626919 0.191006091 0.039251137 -0.527886312
1520616759.963820696 -12.285342636 -88.786575941 -49.288804591 0.829533601 0.205518226 0.017563425 -0.518968004
1520616760.013821602 -12.411349087 -89.757488623 -49.085209553 0.832850928 0.215773646 -0.009179743 -0.509624174
1520616760.063823700 -12.164696314 -90.704336185 -49.291709196 0.833447757 0.231737337 -0.033545072 -0.500537084
1520616760.113824606 -11.862642647 -91.515730473 -48.791306465 0.838616292 0.247552749 -0.061669400 -0.481287062
1520616760.163826466 -11.733491668 -92.490143464 -48.975261209 0.837670279 0.263342276 -0.088840025 -0.470177413
1520616760.213827610 -11.865746973 -93.473977222 -48.854514897 0.839883849 0.280516013 -0.110167969 -0.451407693
1520616760.263829708 -11.667628680 -94.280680950 -48.297758005 0.840915471 0.306008459 -0.129560952 -0.427122878
1520616760.313831806 -11.121021394 -94.925616731 -47.763643492 0.835607768 0.336495736 -0.151294888 -0.406989107
1520616760.363833666 -10.457473061 -95.403865078 -47.188333029 0.829918141 0.366685014 -0.176433029 -0.381640363
1520616760.412088394 -9.620621258 -95.692436389 -46.723138813 0.821913560 0.398875137 -0.204781319 -0.351313729
1520616760.462090254 -9.201063616 -96.386044589 -46.137580064 0.815990293 0.420875606 -0.225437932 -0.325885417
1520616760.512091398 -8.621788547 -97.044518099 -45.657108387 0.811479572 0.440615776 -0.252701700 -0.288964518
1520616760.562093496 -7.937785482 -97.383190990 -45.011012048 0.801324792 0.459950110 -0.282920743 -0.257449660
1520616760.612094402 -7.117076306 -97.653883746 -44.507860101 0.787128423 0.476661155 -0.314855279 -0.232570725
1520616760.662096500 -6.300167050 -97.682835706 -43.931820996 0.768439910 0.496314454 -0.346143820 -0.208222292
1520616760.712097406 -5.624459388 -97.848857662 -43.213589929 0.755322894 0.512628481 -0.365712436 -0.181531759
1520616760.762099266 -4.816619297 -97.744530582 -42.633494895 0.739577443 0.528148371 -0.388708122 -0.151626187
1520616760.809893608 -4.209535411 -97.265322385 -41.999611105 0.721456919 0.545825122 -0.410454073 -0.114465300
1520616760.859894991 -3.561975494 -97.508157241 -41.277324883 0.710572450 0.555772217 -0.421075972 -0.094334833
1520616760.909896851 -2.896810633 -97.386982878 -40.540526076 0.696706183 0.564389182 -0.436988705 -0.071457805
1520616760.959897995 -2.116700634 -97.041990242 -40.018598427 0.679017304 0.575170767 -0.453695668 -0.047689940
1520616761.009899855 -1.247147637 -96.677538820 -39.685352653 0.665422926 0.580915883 -0.467762779 -0.030774160
1520616761.059900761 -0.398410354 -96.213502387 -39.431748211 0.653796169 0.583570144 -0.481626110 -0.005722410
1520616761.109902859 0.473115484 -95.832052969 -39.123626392 0.645575324 0.586048176 -0.489592741 0.008887334
1520616761.159903765 1.267747153 -95.435872810 -38.663624445 0.639540139 0.585951894 -0.497046035 0.024372681
1520616761.209287882 1.896662354 -94.740471732 -38.315942102 0.624612178 0.585044903 -0.515325494 0.044963583
1520616761.259288788 2.759986808 -94.480560899 -37.883371594 0.613614323 0.580177763 -0.533232602 0.050341016
1520616761.309290886 3.414580088 -94.060027554 -37.255152409 0.602541173 0.585892014 -0.538208551 0.063294866
1520616761.359291792 3.972809836 -93.273258548 -36.991762810 0.575821053 0.594754410 -0.553950604 0.088521378
1520616761.409293652 4.544548561 -92.464868288 -36.851691341 0.549936475 0.598840856 -0.572623104 0.105177392
1520616761.459295750 5.056791524 -91.661725354 -36.547440499 0.519332836 0.604462147 -0.587397440 0.141007678
1520616761.509296656 5.814208523 -91.031439842 -36.376971545 0.498935328 0.603597032 -0.597906380 0.171003282
1520616761.559298754 6.257274272 -90.301217475 -36.897036960 -0.468776701 -0.594617693 0.622642053 -0.197471712
1520616761.609656572 6.372019522 -89.308075590 -36.874615447 -0.431367803 -0.595986343 0.634651381 -0.236515796
1520616761.659658670 6.409366168 -88.336743197 -37.109388973 -0.384808542 -0.598228784 0.645089489 -0.279113344
1520616761.709659815 6.866185849 -87.497261737 -37.403645082 -0.340921811 -0.596193664 0.660041569 -0.304418399
1520616761.759661674 7.434467447 -86.676302644 -37.348127575 -0.304513059 -0.598686330 0.669661824 -0.316858827
1520616761.809662819 7.511358320 -85.691687027 -37.505034814 -0.263965278 -0.603314412 0.672617156 -0.337520687
1520616761.859664679 7.567559053 -84.720104948 -37.275100606 -0.234989724 -0.636439802 0.636618955 -0.366661307
1520616761.909666538 7.917709646 -84.289770456 -38.107090262 -0.207156281 -0.617644584 0.653935476 -0.384668475
1520616761.959667921 7.976583017 -83.327670103 -38.373354859 -0.178636257 -0.616581495 0.646425940 -0.412371012
1520616762.014317036 7.976583017 -83.327670103 -38.373354859 -0.178636257 -0.616581495 0.646425940 -0.412371012
1520616762.064319134 7.836100443 -82.488690121 -38.899070786 -0.152718182 -0.606700271 0.642928567 -0.441853817
1520616762.114320278 7.287294431 -81.659759581 -38.790968421 -0.136215221 -0.599579110 0.630320758 -0.473968403
1520616762.164322138 7.071232831 -80.873240835 -39.369505929 -0.119019240 -0.591093917 0.627863044 -0.492169077
1520616762.214323997 7.148426560 -80.398047874 -40.245994821 -0.109193308 -0.569794903 0.629924413 -0.516338866
1520616762.264325142 7.461584905 -79.569511848 -40.710171409 -0.120697800 -0.563103472 0.616073290 -0.537401361
1520616762.314326048 6.694108115 -78.928471425 -40.703348420 -0.117035061 -0.568964005 0.592819021 -0.557806744
1520616762.364328146 6.455012320 -78.247792616 -41.395814707 -0.123944310 -0.565157404 0.583848028 -0.569522956
1520616762.416154385 6.563621541 -77.439350189 -41.974282407 -0.136992079 -0.557974519 0.581120391 -0.576365073
1520616762.466155291 7.089719646 -76.706678046 -42.406037331 0.172958553 0.550315728 -0.574575062 0.580604372
1520616762.516157389 6.944634140 -75.903566579 -42.983931931 0.191868472 0.554770191 -0.565119249 0.579704027
1520616762.566158533 6.839386031 -75.175147762 -43.660931828 0.214837666 0.559879775 -0.554924233 0.576574809
1520616762.616159439 6.404065145 -74.345864597 -44.011338961 0.239491377 0.568112281 -0.546619669 0.566656204
1520616762.666161299 6.231378432 -73.651291074 -44.709727764 0.257149450 0.574967490 -0.543051000 0.555321671
1520616762.716163397 5.892159241 -72.836914798 -45.180601019 0.275114546 0.585255756 -0.535819787 0.542848821
1520616762.766164303 5.551244281 -71.911845475 -45.348003939 0.302367594 0.605482401 -0.521669582 0.519447541
1520616762.816166162 5.862371685 -70.971088009 -45.482819106 0.338536612 0.619478417 -0.504783447 0.496823031
1520616762.864167929 5.588173158 -70.060329138 -45.791580253 0.363207907 0.632713068 -0.491718216 0.475360269
1520616762.914170027 5.077054182 -69.230437185 -46.015269186 0.383629074 0.651560903 -0.477712578 0.447311766
1520616762.964171171 5.355590584 -68.290178605 -45.819485436 0.412099079 0.662656556 -0.469214737 0.413398317
1520616763.014173031 5.665233134 -67.339965233 -45.784613704 0.432550049 0.670498660 -0.466051860 0.382266485
1520616763.064174891 5.463942484 -66.361118027 -45.748004663 0.442193960 0.681465552 -0.458532418 0.360301574
1520616763.114176035 5.410641594 -65.370650504 -45.875020806 0.454788490 0.685948231 -0.448483783 0.348575315
1520616763.164178133 5.085516422 -64.443239683 -46.059960775 0.461839723 0.691613466 -0.434406966 0.345926975
1520616763.214178801 5.044158885 -63.476090443 -46.310783224 0.469420094 0.695787838 -0.426920426 0.336545703
1520616763.262399435 5.227371333 -62.860570494 -45.544253126 0.485465090 0.707195235 -0.409864883 0.310176279
1520616763.312401533 5.262276881 -61.981549013 -45.068750404 0.493700618 0.717541530 -0.396742054 0.289809585
1520616763.362402439 5.027414259 -61.038284483 -44.834034457 0.490609696 0.720634578 -0.392937001 0.292555027
1520616763.412403584 5.348734908 -60.435809481 -44.103434079 0.491695437 0.727570583 -0.385096005 0.283862133
1520616763.462405443 5.450608340 -59.617579588 -43.537641144 0.486518529 0.732778977 -0.383557417 0.281457634
1520616763.512407303 5.665640332 -58.672705652 -43.784571274 0.476612380 0.728269334 -0.400467645 0.286513668
1520616763.562408447 5.993762107 -57.994787083 -43.126724397 0.475458929 0.722612110 -0.407398843 0.292910784
1520616763.612410545 6.020722593 -57.062388290 -42.766300171 0.467296183 0.713188376 -0.424299003 0.304904860
1520616763.661420345 6.067460777 -56.078627884 -42.593005606 0.455985290 0.711878847 -0.434924213 0.310075557
1520616763.711421490 6.589756206 -55.244222820 -42.417006531 0.462591926 0.709050639 -0.435861253 0.305419170
1520616763.761423349 6.733100224 -54.432838790 -41.850342213 0.454868763 0.716497012 -0.426883585 0.312244848
1520616763.811425447 7.109003852 -53.669676211 -41.324719402 0.448062863 0.725579367 -0.418470137 0.312501196
1520616763.861426592 7.004053171 -52.785996223 -40.868545056 0.436960738 0.738209367 -0.407600883 0.313007609
1520616763.911427498 7.232784971 -51.898899615 -40.467619413 0.434962383 0.742592781 -0.407164215 0.305910099
1520616763.961429358 7.146504975 -51.014773084 -40.008407000 0.434361347 0.744881323 -0.407967138 0.300074739
1520616764.011431456 6.873045821 -50.191051567 -39.511714989 0.434361347 0.744881323 -0.407967138 0.300074739
1520616764.060730219 6.853150843 -49.309366861 -39.040295570 0.437451648 0.747024245 -0.408307785 0.289612820
1520616764.110732079 6.721206405 -48.415016734 -38.612828009 0.439287330 0.751569823 -0.405561221 0.278728432
1520616764.160734415 6.722463976 -47.576251623 -38.068336037 0.448140161 0.758049069 -0.394899414 0.261890162
1520616764.210734129 6.764941391 -46.640149862 -37.719181112 0.455434308 0.762558603 -0.385800019 0.249484093
1520616764.260735989 7.053703850 -45.803633625 -37.253502223 0.462768859 0.765083096 -0.379974379 0.236880374
1520616764.310744047 7.151022228 -44.959206652 -36.726745903 0.474061669 0.763803781 -0.372962962 0.229712750
1520616764.360739231 7.441135310 -44.256058471 -36.077579488 0.487192839 0.761914645 -0.364916363 0.221280949
1520616764.410741091 7.592570883 -43.488626952 -35.454589815 0.494655618 0.760840494 -0.357587466 0.220383225
1520616764.461071968 7.687334674 -42.606355224 -34.993486333 0.499428406 0.763194560 -0.350844277 0.212164145
1520616764.511073828 7.852629985 -41.766631300 -34.476242492 0.499428406 0.763194560 -0.350844277 0.212164145
1520616764.561074972 7.895195621 -40.907620251 -33.966058031 0.499428406 0.763194560 -0.350844277 0.212164145
1520616764.611077070 7.952381009 -40.133442134 -33.335678721 0.497034074 0.763212472 -0.354842823 0.211069709
1520616764.661078930 8.176409988 -39.410766622 -32.681804787 0.490366436 0.762261716 -0.365580895 0.211774512
1520616764.711080074 8.231064798 -38.613546836 -32.080594788 0.482883997 0.760536290 -0.373415308 0.221288510
1520616764.761081934 8.211960405 -37.703768927 -31.665939294 0.472292253 0.758052699 -0.380844468 0.239277295
1520616764.811082840 8.337485783 -36.744127767 -31.414280349 0.462273120 0.756550982 -0.389577288 0.249326513
1520616764.861084938 8.506963901 -35.894317825 -30.915180930 0.454209320 0.760447900 -0.391541542 0.249214980
1520616764.912136555 8.489636757 -35.022042046 -30.426473722 0.443767919 0.765942880 -0.390601225 0.252650395
1520616764.962138414 8.309053963 -34.140230658 -29.990814990 0.434393303 0.772784262 -0.386059553 0.255078351
1520616765.012140274 8.089336424 -33.261290175 -29.567509155 0.429403700 0.775727209 -0.386775455 0.253504451
1520616765.062141418 7.759567464 -32.402762987 -29.174847086 0.424015596 0.779568468 -0.387284257 0.249989364
1520616765.112143517 7.736101249 -31.638543942 -28.530317344 0.428313844 0.783744266 -0.384276626 0.233717033
1520616765.162144423 7.736638354 -30.815488508 -27.962356550 0.434014445 0.781272578 -0.387666131 0.225742312
1520616765.212146521 7.875976681 -29.949809078 -27.481540624 0.444784878 0.778164237 -0.386717340 0.216971268
1520616765.262148380 8.009490134 -29.088740114 -26.990893706 0.453794062 0.775343678 -0.389024847 0.203894087
1520616765.312943459 8.247191786 -28.123041486 -26.886375364 0.462521677 0.766467329 -0.397288102 0.201900214
1520616765.362945557 8.701628197 -27.486958926 -26.262767694 0.473851474 0.763388970 -0.393714264 0.194142058
1520616765.412946463 9.001674693 -26.883437219 -25.524029818 0.483789052 0.762035881 -0.386035831 0.190330778
1520616765.462948799 9.160098162 -26.143632058 -24.870125905 0.490322443 0.765618964 -0.375153864 0.180751440
1520616765.512949705 9.127453385 -25.307905826 -24.321950765 0.490600883 0.769792245 -0.371841682 0.168714071
1520616765.562951565 9.369961533 -24.562437880 -23.701090604 0.491347861 0.771703965 -0.366919134 0.168584160
1520616765.612954378 10.021872477 -23.969179835 -23.228801484 0.498598251 0.762970534 -0.373885206 0.171713719
1520616765.662954569 10.237960224 -23.097816289 -22.788311237 0.495627562 0.753464885 -0.390542380 0.184717719
1520616765.712479115 10.286721390 -22.365610367 -22.108975653 0.483263708 0.754189264 -0.402914598 0.187921710
1520616765.762481213 10.648724449 -21.557078327 -21.645047075 0.476319233 0.749573880 -0.417834910 0.191501894
1520616765.812484264 10.743529760 -20.686660730 -21.161947542 0.465248166 0.750300786 -0.423804710 0.202441208
1520616765.862483263 10.691736636 -19.844102106 -20.625838936 0.452331200 0.756824085 -0.425678789 0.203497810
1520616765.912485123 10.981341399 -19.072203275 -20.059887280 0.443244009 0.760551371 -0.427206928 0.206374904
1520616765.962517023 10.832940408 -18.110207757 -19.830667365 0.424328110 0.767799296 -0.427404091 0.218530634
1520616766.012488365 10.824173995 -17.354453718 -19.175870464 0.416407768 0.775959093 -0.417224511 0.224534549
1520616766.062489271 10.755362363 -16.472573289 -18.709445906 0.408667012 0.780086761 -0.414694968 0.229093871
1520616766.111555099 10.763906638 -15.573109804 -18.272533519 0.403243878 0.784496677 -0.411284067 0.229792853
1520616766.161556244 11.181542315 -14.892546834 -17.670524809 0.409842314 0.781977650 -0.409286795 0.230270607
1520616766.211558342 11.199750360 -14.158764529 -16.991384179 0.417089922 0.786966637 -0.396987510 0.221631283
1520616766.261560202 11.439109364 -13.472930525 -16.304114955 0.430142287 0.783119733 -0.393312127 0.216810211
1520616766.311561346 12.023530605 -12.776284619 -15.888018457 0.444490969 0.776780255 -0.395669398 0.206121182
1520616766.361563206 12.217937271 -11.820817401 -15.666008451 0.447637866 0.777280629 -0.393469443 0.201586115
1520616766.411564112 12.407391529 -11.003470489 -15.121902662 0.450762807 0.778911581 -0.386960068 0.200926720
1520616766.461566210 12.470561156 -10.190879713 -14.542501395 0.454986177 0.782599557 -0.372476524 0.204418080
1520616766.510795593 12.515272708 -9.424432803 -13.901751825 0.460533987 0.786155666 -0.358640216 0.203088430
1520616766.560797453 12.399858064 -8.534236949 -13.461035588 0.461802852 0.788862443 -0.352970739 0.199614203
1520616766.610798359 12.300679441 -7.907967668 -12.687763069 0.464791192 0.793049728 -0.339671117 0.199160259
1520616766.660800695 12.300990472 -7.042477164 -12.186837834 0.464976463 0.790006304 -0.344163162 0.203073008
1520616766.710802555 12.388243185 -6.373492246 -11.448700893 0.466509110 0.789406901 -0.342693981 0.204369349
1520616766.760803461 12.467383063 -5.697044086 -10.716474994 0.466043515 0.789721116 -0.342462389 0.204605751
1520616766.810805559 12.723886501 -4.915444636 -10.147872949 0.467632933 0.788614971 -0.346942620 0.197577037
1520616766.860806465 12.980782371 -4.270836815 -9.427813737 0.468914490 0.788510871 -0.345692047 0.197146684
1520616766.910776615 13.150704126 -3.463062980 -8.863342277 0.465583516 0.790137956 -0.346701959 0.196753024
1520616766.960778475 13.344332007 -2.686359568 -8.263975901 0.458455509 0.794161481 -0.346978020 0.196805341
1520616767.010780573 13.430061229 -2.006337173 -7.535813801 0.456411597 0.800746438 -0.335143473 0.195377704
1520616767.060781717 13.631467500 -1.534676854 -6.677343034 0.462334375 0.805953515 -0.320330356 0.184592308
1520616767.110782623 13.742763123 -1.039918698 -5.815468535 0.469250847 0.808434171 -0.307329596 0.178287274
1520616767.160784483 13.536947605 -0.570034978 -4.957069291 0.469770129 0.818695218 -0.285021398 0.166784199
1520616767.210786581 13.574967975 -0.013129670 -4.127363965 0.477134276 0.821873713 -0.273941073 0.147725321
1520616767.260787487 13.796369543 0.454774940 -3.271766734 0.491547644 0.819683390 -0.264210556 0.129200756
1520616767.310789585 13.966064572 1.169160048 -2.592901861 0.502471667 0.820120975 -0.250729634 0.109811023
1520616767.361924648 14.044544203 1.905053694 -1.920368227 0.505413718 0.823339571 -0.243991226 0.084481981
1520616767.411925554 14.559792139 2.625092854 -1.455542267 0.514274070 0.819127299 -0.247404484 0.057824480
1520616767.461927891 14.918471682 3.026911391 -0.612992062 0.523363674 0.819081988 -0.233143762 0.028968044
1520616767.511929750 15.163072235 3.610958137 0.160997581 0.530865876 0.817890883 -0.221410935 0.014598769
1520616767.561930656 15.599131604 3.341200317 1.019532930 0.548501451 0.809478902 -0.209498504 -0.000665222
1520616767.611988544 16.089852795 3.515955104 1.873144948 0.560464870 0.804452271 -0.196343053 -0.013604356
1520616767.661933661 16.451319681 4.022896251 2.655674413 0.571448015 0.797470910 -0.192623517 -0.019583021
1520616767.711935520 16.744685587 3.737922342 3.568212805 0.582731732 0.791321827 -0.181231444 -0.037264698
1520616767.762353420 17.154002336 3.878367818 4.469730895 0.589310376 0.788154913 -0.169145695 -0.053989340
1520616767.812355518 17.443361752 3.780841266 5.421970203 0.595566681 0.785360978 -0.153102929 -0.071189577
1520616767.862357616 17.969840674 3.852402808 6.269141314 0.602954961 0.780381736 -0.141467846 -0.086235205
1520616767.912358522 18.208536357 4.426188853 7.052591341 0.607130054 0.778514405 -0.130764924 -0.090603272
1520616767.962360620 18.804258774 4.821843721 7.751570616 0.605452547 0.781580575 -0.114113212 -0.097658553
1520616768.012361526 19.300628719 4.363202804 8.488636005 0.615184669 0.773405107 -0.080097915 -0.130294619
1520616768.062363386 19.690464881 3.918108964 9.294811693 0.620330934 0.765933651 -0.044181024 -0.163043588
1520616768.112364531 20.024244942 3.432826232 10.102952486 0.618922449 0.760956016 -0.019662737 -0.193634499
1520616768.160436392 20.193932484 3.381443225 11.087109956 0.617149487 0.756053472 -0.003931053 -0.217931650
1520616768.210437298 20.461281326 2.982202626 11.964111405 0.615356074 0.748964482 0.016261007 -0.245203358
1520616768.260439396 20.785070587 2.778244839 12.887995453 0.613265354 0.743051994 0.033084630 -0.265866034
1520616768.310441256 21.548300426 2.522549692 13.481375773 0.610161592 0.737392973 0.046727220 -0.285956295
1520616768.360442162 21.960232256 1.826378892 14.069302967 0.606945815 0.727986599 0.072794768 -0.310408136
1520616768.410444498 22.650630594 1.431655625 14.675556773 0.603959710 0.716249616 0.097444444 -0.335743558
1520616768.460445166 22.952018358 0.708442980 15.296949471 0.597964569 0.703156335 0.122847681 -0.364579197
1520616768.510447264 23.279362628 0.234347061 16.114310339 0.592722129 0.692949911 0.136151373 -0.387251471
1520616768.559714317 23.552797932 -0.213383507 16.965644864 0.594086337 0.680598750 0.143196501 -0.404155326
1520616768.609716415 24.079080480 -0.847946289 17.531645532 0.593379957 0.670542124 0.153369479 -0.418032641
1520616768.659717560 24.359748116 -1.675486019 18.017859140 0.587160922 0.662573851 0.164838492 -0.434817450
1520616768.709719419 24.547224326 -2.619551314 18.289140154 0.584631116 0.654000035 0.171720938 -0.448332836
1520616768.759721279 25.209889956 -3.368035347 18.263725262 0.573380571 0.649367530 0.180920454 -0.465643985
1520616768.809722424 25.728021463 -4.053470048 18.775310066 0.573380571 0.649367530 0.180920454 -0.465643985
1520616768.859723330 26.123620064 -4.785949536 19.329363806 0.574944660 0.646729180 0.187077020 -0.464953970
1520616768.909724236 26.879005630 -5.025279153 19.939375266 0.570085003 0.655036783 0.184634066 -0.460260974
1520616768.959624052 27.521442589 -5.723024777 20.256275561 0.573519520 0.652305321 0.190623047 -0.457423198
1520616769.009624958 28.175095785 -6.158005750 20.875572786 0.577741383 0.650900623 0.196390249 -0.451634966
1520616769.059627056 28.455454015 -7.050856058 21.228017947 0.580007852 0.637947390 0.215954489 -0.458233213
1520616769.109628916 28.886083547 -7.346434000 22.080773414 0.583763175 0.621540516 0.233335487 -0.467399715
1520616769.159634113 29.042735594 -8.188255157 22.597297639 0.582981892 0.602886181 0.255420677 -0.481061996
1520616769.209632158 29.350764606 -9.007211319 23.081476256 0.579589742 0.584815732 0.275488338 -0.496157703
1520616769.259711981 29.383951607 -9.952639269 23.405612977 0.577161635 0.566370338 0.288009219 -0.512991011
1520616769.309634924 29.545420640 -10.841693441 23.833994151 0.567986304 0.552721122 0.302178466 -0.529697172
1520616769.359636068 29.531673788 -11.841436279 23.815958574 0.556145186 0.532788484 0.323121757 -0.549937536
1520616769.409698725 29.871834469 -12.701867478 24.195364511 -0.543168742 -0.512522081 -0.339447167 0.571895494
1520616769.459700584 30.239306318 -13.351773979 24.860635868 -0.527355390 -0.487965266 -0.364301414 0.592512171
1520616769.509701729 30.526470359 -14.302744663 24.975490438 -0.507044195 -0.460557818 -0.389390243 0.615766124
1520616769.559703588 30.840155519 -15.231332900 25.173797034 -0.489570669 -0.438468762 -0.410609033 0.632033170
1520616769.609704494 31.172522105 -16.079715431 25.585840156 -0.468888160 -0.413226851 -0.431443192 0.650572237
1520616769.659706831 31.528497394 -16.891723938 25.123321208 -0.443459346 -0.396343008 -0.440019448 0.672784448
1520616769.709707499 31.424947425 -17.838845812 24.819614838 -0.428642958 -0.366224516 -0.459217628 0.686486700
1520616769.759709835 31.199618802 -18.657370105 24.291178471 -0.410406455 -0.339900763 -0.477573719 0.698539445
1520616769.810701132 31.177725072 -19.645680981 24.140306749 -0.406332171 -0.331291838 -0.481291816 0.702494179
1520616769.860703230 31.355412831 -20.569446259 23.801065284 -0.387439477 -0.324407225 -0.483006910 0.715090853
1520616769.910705328 31.341619240 -21.469552933 23.365614125 -0.375183454 -0.312741785 -0.496312112 0.717707628
1520616769.960706234 31.254795768 -22.324495106 22.854208644 -0.363823272 -0.297763573 -0.511455295 0.719293378
1520616770.010708332 31.006460272 -22.898443246 22.073879858 -0.356570239 -0.282521230 -0.524484847 0.719690951
1520616770.060710192 31.264929186 -23.729436103 21.581290077 -0.356880762 -0.278021551 -0.535483044 0.713160605
1520616770.110711336 31.389680345 -24.259520341 20.742572099 -0.345403849 -0.260170675 -0.547034065 0.716771325
1520616770.160712242 31.535278268 -24.886926297 19.977612615 -0.334577661 -0.248252439 -0.555389374 0.719702132
1520616770.211903811 31.602547722 -25.452793878 19.155865268 -0.315822426 -0.240384635 -0.561711868 0.725914044
1520616770.261905670 31.610384791 -26.284811642 18.601171641 -0.306270090 -0.235945757 -0.565329193 0.728650214
1520616770.311908007 31.514774198 -27.013630274 17.923173104 -0.303587754 -0.230113760 -0.569521506 0.728373109
1520616770.361908913 31.491777408 -27.659957168 17.160459072 -0.303587754 -0.230113760 -0.569521506 0.728373109
1520616770.411910772 31.437727424 -28.401659197 16.491910869 -0.307963481 -0.230931464 -0.572059171 0.724277197
1520616770.461911917 31.680297444 -29.041829086 15.762978569 -0.309315814 -0.242343972 -0.575240390 0.717420114
1520616770.511913776 32.123438698 -29.283117270 14.899609679 -0.307615280 -0.249910950 -0.570459676 0.719369943
1520616770.561914682 32.561818686 -29.663226248 14.085152712 -0.322155651 -0.251588770 -0.570352679 0.712472209
1520616770.612808228 32.359645275 -30.077331327 13.197660235 -0.330580672 -0.249194068 -0.571195815 0.708769410
1520616770.662810564 31.965983115 -30.960194752 12.941569866 -0.354280520 -0.248244857 -0.570575151 0.698071487
1520616770.712812424 32.025480893 -31.725536363 12.300701524 -0.372415388 -0.263979683 -0.559466838 0.691822494
1520616770.762813330 31.872022796 -32.239705464 11.456852753 -0.387726572 -0.272778829 -0.554056782 0.684310527
1520616770.812815428 31.822653043 -33.185329358 11.135359242 -0.409363362 -0.295481155 -0.536818706 0.675972042
1520616770.862817287 32.262870511 -34.079684078 11.055746328 -0.431748409 -0.355654144 -0.505209558 0.657165690
1520616770.912921429 31.943614507 -35.009321179 11.239731284 -0.465972808 -0.382189438 -0.484378646 0.634174979
1520616770.962820530 31.760826398 -35.988534730 11.151814677 -0.498080777 -0.408101442 -0.468988405 0.604498659
1520616771.012594700 32.202075361 -36.880305234 11.051591319 -0.515053546 -0.446884059 -0.441215213 0.583389766
1520616771.062597036 32.795703205 -37.509016517 10.549268608 -0.537729973 -0.466516703 -0.423207443 0.560449911
1520616771.112597942 32.755755189 -38.346482126 10.004240618 0.565868638 0.485158018 0.402213857 -0.531637467
1520616771.162599802 32.793402603 -39.345323670 10.034211294 0.593834314 0.508681134 0.373047716 -0.499439399
1520616771.212600946 32.850539202 -40.343592818 10.048143858 0.612277845 0.533981023 0.344632099 -0.470328422
1520616771.262602806 32.819762529 -41.311119367 9.797255089 0.626701601 0.557330764 0.317219734 -0.442717927
1520616771.312603712 33.145611102 -42.024387494 10.417796213 0.639408599 0.590384892 0.285716537 -0.401208652
1520616771.362605810 32.930114556 -42.947606917 10.735958335 0.654541209 0.610994941 0.263019426 -0.359279515
1520616771.411128521 33.121847654 -43.855532812 11.108663298 0.664234255 0.630505797 0.250337949 -0.313984403
1520616771.461130381 33.094776921 -44.807534144 11.413557769 0.676129558 0.641787379 0.241974418 -0.269083933
1520616771.511132240 33.322550673 -45.405651905 12.181915928 0.692572032 0.653947329 0.213806439 -0.216757189
1520616771.561133385 33.530877905 -45.950269981 12.994314178 0.706545757 0.663440216 0.178883602 -0.169236021
1520616771.611135244 33.853285943 -46.701597411 13.570126778 0.713910905 0.671083594 0.146473511 -0.136101216
1520616771.661136150 34.092658985 -47.563369958 14.017394732 0.719579855 0.677635188 0.107969639 -0.106573641
1520616771.711138487 34.030796508 -47.644301390 15.012192770 0.728349383 0.679157508 0.067423784 -0.060879293
1520616771.761139393 34.014537764 -47.707077842 16.010087940 0.732467996 0.680327279 0.022926345 -0.010945853
1520616771.811141253 34.164383945 -48.226646007 16.851274629 0.732632550 0.679645309 -0.013105070 0.034059608
1520616771.860009193 34.213583133 -48.412358964 17.832646188 0.729206921 0.677481855 -0.050396967 0.082071607
1520616771.910011530 34.152471693 -48.562474440 18.819424145 0.725193927 0.670140736 -0.092841423 0.128006375
1520616771.960012436 34.169526426 -48.760055965 19.799562236 0.717879181 0.662726290 -0.129195802 0.169563530
1520616772.010014296 34.123289514 -48.404773212 20.733176885 0.707444356 0.652767282 -0.174135337 0.207591528
1520616772.060015440 34.069710179 -48.343201157 21.729840387 0.694904046 0.645251087 -0.211099847 0.237057495
1520616772.110017300 34.398154847 -48.312872765 22.673876556 0.681026866 0.634078289 -0.246968382 0.270469499
1520616772.160018444 34.148620998 -47.809408476 23.501074578 0.668561874 0.619861335 -0.276096072 0.304249743
1520616772.210020542 34.133836296 -47.442211781 24.431100384 0.654817326 0.604328288 -0.305285825 0.335860319
1520616772.259750128 34.076365390 -46.810410191 25.204097050 0.638193338 0.593724500 -0.331157695 0.361296363
1520616772.309752226 33.995031876 -46.078964616 25.881128977 0.621217884 0.585248115 -0.351062333 0.385134033
1520616772.359753132 34.108782728 -45.719862457 26.807469294 0.604799979 0.579354470 -0.369726853 0.402327525
1520616772.409755230 34.014767030 -45.002777987 27.498085621 0.592569416 0.569085174 -0.382780525 0.422472037
1520616772.459757090 34.172248775 -44.109598852 27.919310660 0.585179372 0.550780110 -0.403653365 0.437344640
1520616772.509759188 34.119174101 -43.200142538 28.331708880 0.579208003 0.538540338 -0.411388539 0.453047309
1520616772.559759140 33.999872524 -42.226901023 28.528096477 0.573327918 0.522138444 -0.414783022 0.476047884
1520616772.609761000 33.953510865 -41.371862279 29.044583980 0.576578898 0.515212814 -0.411579372 0.482405380
1520616772.659722090 33.744389603 -40.474478713 29.433133892 0.573125019 0.510627931 -0.410798331 0.491967032
1520616772.709722996 33.604071043 -39.528307127 29.724801566 0.567058275 0.500058318 -0.414236670 0.506749023
1520616772.759724855 33.556245543 -38.541417158 29.878947309 0.561789546 0.489457199 -0.423806963 0.514987198
1520616772.809726000 33.431492791 -37.568922796 29.682245840 0.544207894 0.472065331 -0.442268377 0.534219781
1520616772.859727859 33.266384780 -36.647649000 30.034373569 0.534890905 0.462874008 -0.455844638 0.540226840
1520616772.909729004 32.967381206 -35.851578271 30.560556290 0.525830589 0.457818520 -0.462554763 0.547674617
1520616772.959731102 32.964824262 -34.863118902 30.409091646 0.512788920 0.442045868 -0.482418190 0.555801821
1520616773.009732008 33.166326749 -33.905019217 30.612664092 0.506079447 0.435135243 -0.499113175 0.552654460
1520616773.060005426 33.182253511 -32.916702828 30.461082252 0.487789375 0.426480024 -0.514084642 0.562043855
1520616773.110007286 33.104661441 -32.000332508 30.068342000 0.457208071 0.414029754 -0.527625952 0.584081327
1520616773.160008430 33.176609904 -31.035987028 29.813663349 0.434070485 0.404738261 -0.538711576 0.597962869
1520616773.210010529 33.345817463 -30.092644900 30.099100611 0.430820037 0.401530458 -0.537419739 0.603611970
1520616773.260011435 33.206180457 -29.128513467 29.873374923 0.411588837 0.397275698 -0.540363514 0.617068815
1520616773.310013533 33.060750674 -28.248438975 29.421358255 0.384136199 0.382680807 -0.552594549 0.632956590
1520616773.360015392 33.222818234 -27.420249773 28.884854059 0.366797738 0.356117309 -0.577021546 0.636934861
1520616773.410016298 33.197289397 -26.566765309 28.364361459 0.347101760 0.350162095 -0.586512092 0.642581078
1520616773.461805344 33.400819534 -25.780627529 27.780783809 0.332948355 0.341310483 -0.598452418 0.643822374
1520616773.511806250 33.409321151 -25.084266970 27.063142049 0.316813367 0.323355627 -0.606233251 0.653874357
1520616773.561808586 33.307823796 -24.314975712 26.432357421 0.301646090 0.321374906 -0.606390432 0.661829624
1520616773.611810446 33.477281582 -23.557822737 25.801482289 0.298477111 0.314095714 -0.612692087 0.660956658
1520616773.661811352 33.556243418 -22.811599359 25.140486300 0.301984349 0.312222052 -0.609783468 0.662938131
1520616773.711813450 33.797885314 -22.238092307 24.357735473 0.299600841 0.298232588 -0.606227678 0.673635407
1520616773.761815310 33.954327256 -21.621290981 23.586319864 0.297745367 0.294068622 -0.596085759 0.685239455
1520616773.811816216 34.373790597 -21.142553123 22.815047818 0.293240190 0.297849623 -0.590616719 0.690266386
1520616773.863090992 34.628910255 -20.591411680 22.020593874 0.290343789 0.300053977 -0.584072639 0.696079914
1520616773.913092852 34.606552995 -20.098495867 21.150804156 0.282359523 0.294039793 -0.576064194 0.708493997
1520616773.963093758 35.136149619 -19.695742312 20.404267492 0.282359523 0.294039793 -0.576064194 0.708493997
1520616774.013096094 35.496161618 -19.550871410 19.482636448 0.281351477 0.279434963 -0.582871272 0.709237991
1520616774.063097000 35.617212589 -18.629622053 19.852293431 0.299318713 0.279200983 -0.576675824 0.707036147
1520616774.113098860 35.738705976 -18.029105937 19.061964542 0.299372210 0.266460313 -0.575114446 0.713174983
1520616774.163100958 36.107162495 -17.108412480 18.933265859 0.303326234 0.267110649 -0.571765136 0.713953589
1520616774.213101864 36.643753275 -16.566291126 18.286601516 0.303326234 0.267110649 -0.571765136 0.713953589
1520616774.263103724 36.753512972 -15.604561842 18.035544562 0.309551169 0.272144948 -0.564126244 0.715455647
1520616774.312895060 36.405474100 -14.838123923 17.495691008 0.308201762 0.276651791 -0.553720445 0.722405101
1520616774.362896919 36.745627804 -14.218509161 16.788320522 0.308731569 0.277229749 -0.553226478 0.722335759
1520616774.412898064 36.681800544 -13.410183265 16.203055346 0.313300656 0.285623250 -0.550185327 0.719415154
1520616774.462900162 36.661143459 -12.508904818 15.770307790 0.321404170 0.299447415 -0.546284175 0.713164921
1520616774.512901068 37.316873490 -11.792081164 15.533280416 0.334527971 0.308373775 -0.543159617 0.705672929
1520616774.562903166 37.793396076 -10.957254851 15.257615307 0.352829560 0.323241922 -0.530591145 0.699642050
1520616774.612904072 37.717080166 -10.343038750 14.472176282 0.354842431 0.334045146 -0.520612466 0.701044471
1520616774.662905931 37.722052097 -9.594540460 13.809058201 0.359741524 0.351181822 -0.511053866 0.697195317
1520616774.713839769 37.740001591 -8.607908960 13.971033813 0.381239872 0.376113306 -0.491436626 0.686793261
1520616774.763840914 37.773001920 -7.996145737 13.180681526 0.394457361 0.392504528 -0.479355934 0.678646797
1520616774.813842773 37.614577040 -7.030010181 13.384356868 0.419430215 0.418899353 -0.458053339 0.662411327
1520616774.863843679 37.388401270 -6.098157245 13.668072617 0.442407128 0.449425574 -0.436464111 0.641709955
1520616774.913845778 37.477351798 -5.225306830 14.147885035 0.465570111 0.474795402 -0.421284241 0.616711753
1520616774.963847876 37.300298657 -4.242750197 14.091011060 0.475700158 0.500681637 -0.404591283 0.599444035
1520616775.013848782 37.488032158 -3.320816214 14.429823490 0.484142136 0.525760807 -0.393254567 0.578388115
1520616775.063850880 37.657417542 -2.350955185 14.254671623 0.478128770 0.549034546 -0.384822496 0.567331995
1520616775.116383314 37.548379362 -1.432492261 13.874492017 0.470379649 0.569652914 -0.380939395 0.555988957
1520616775.166384220 36.905970507 -1.061153616 14.544878825 0.470590856 0.592307721 -0.363841299 0.543447623
1520616775.216386080 36.808598528 -0.073916790 14.418854429 0.470699658 0.594015419 -0.370434000 0.536997360
1520616775.266387224 36.494966105 0.873476979 14.482727344 0.467326214 0.593963292 -0.379409546 0.533724848
1520616775.316389322 36.134832878 1.784157037 14.280327020 0.459822771 0.594319428 -0.390677822 0.531712588
1520616775.366391182 36.256733910 2.769991862 14.165132242 0.451806815 0.598274230 -0.405574047 0.522922786
1520616775.416392326 36.256183628 3.766382037 14.250022264 0.447294354 0.601261642 -0.408338108 0.521221823
1520616775.466395140 35.930244783 4.711204847 14.282790033 0.433246110 0.602583565 -0.412564253 0.528187081
1520616775.518124104 35.769300962 5.684604963 14.119727769 0.418361790 0.604285761 -0.423670553 0.529448198
1520616775.568128109 35.649670969 6.623435715 13.796795141 0.399911079 0.607806004 -0.434193883 0.531148437
1520616775.618127108 35.416281959 7.483461965 13.343050257 0.386487100 0.606405160 -0.439993234 0.537872158
1520616775.668128014 35.006495029 8.342100126 13.035129519 0.368431652 0.605203303 -0.443919986 0.548563693
1520616775.718130350 34.762811799 9.268300243 12.747428588 0.355885654 0.606123959 -0.446814565 0.553458122
1520616775.768131256 34.402563697 10.182435124 12.561475033 0.342353692 0.602908709 -0.447820080 0.564581451
1520616775.818147182 33.613004578 10.776052865 12.405865340 0.332406366 0.594660806 -0.447201685 0.579564653
1520616775.868135214 33.895631040 11.703334949 12.651365279 0.328959752 0.586055715 -0.448238164 0.589412189
1520616775.918136120 33.881651126 12.644515645 12.313750914 0.319829363 0.577503971 -0.448588430 0.602467229
1520616775.968137980 33.717692436 13.602913565 12.547398027 0.316867963 0.571045366 -0.440443673 0.616044849
1520616776.018139124 33.811859435 14.596487229 12.484597148 0.311791176 0.560756853 -0.442732737 0.626359114
1520616776.068141222 33.496313200 15.524096361 12.684526818 0.303364608 0.552020462 -0.446176612 0.635743467
1520616776.118142366 33.093642517 16.412150242 12.906375021 0.293252138 0.543870054 -0.443276806 0.649395273
1520616776.168144226 32.415474997 17.145342100 12.856190211 0.278559740 0.535231048 -0.439435631 0.665453622
1520616776.218145132 32.504112121 18.129462614 13.009976666 0.272497711 0.521739396 -0.440673054 0.677746457
1520616776.268147230 32.376925374 18.760280556 12.244540676 0.260533522 0.497391952 -0.447253105 0.696195511
1520616776.318193436 31.755513066 19.531151253 12.104522419 0.251627567 0.481006806 -0.446459004 0.711330006
1520616776.368176222 31.428623720 20.426152289 11.801015418 0.249309913 0.463404880 -0.451455865 0.720616463
1520616776.418178082 31.254832920 21.162077427 11.146637126 0.250732998 0.445117632 -0.456065871 0.728702394
1520616776.468179226 30.926106807 22.027824073 10.769248879 0.249591590 0.427907618 -0.456176430 0.739257852
1520616776.518181324 30.557364217 22.669582625 10.096809393 0.248233211 0.417614332 -0.453317590 0.747316335
1520616776.568181992 30.408283670 23.623533809 9.836517003 0.252423239 0.412397237 -0.451369216 0.749984572
1520616776.618184328 30.130415948 24.256962448 9.114327493 0.253610696 0.409189880 -0.447683211 0.753541638
1520616776.668186188 30.269746680 24.741699416 8.250836313 0.252581289 0.409533621 -0.448767823 0.753055341
1520616776.718187094 29.729569472 25.554041365 8.031042904 0.257657665 0.416191927 -0.439777383 0.752989150
1520616776.767155409 29.784909557 26.351125795 7.429716133 0.266692731 0.424587133 -0.431478368 0.749951446
1520616776.817157269 29.040015744 26.902782308 7.054471813 0.274190657 0.450739075 -0.413513328 0.742065023
1520616776.867158413 28.671826731 27.683813195 6.550063641 0.289616748 0.468627737 -0.401312022 0.731750534
1520616776.917160273 28.323730267 28.613205629 6.427350328 0.311703385 0.490490121 -0.385439227 0.716726617
1520616776.967161417 27.917526287 29.495147837 6.188234733 0.326319328 0.517967342 -0.372460136 0.697494786
1520616777.017162323 27.484133479 30.378503482 6.009759308 0.338172506 0.535573177 -0.361587658 0.684145521
1520616777.067164183 27.372007883 31.262791300 5.556479146 0.349344072 0.553917486 -0.353029566 0.668209745
1520616777.117166519 26.997695429 32.039167233 5.049398680 0.351161225 0.573209433 -0.343455087 0.655862290
1520616777.166659117 26.593353247 32.946328434 5.165871654 0.359776396 0.594200435 -0.335776172 0.636192698
1520616777.216660976 26.200655010 33.854286558 5.019583786 0.362449325 0.611591632 -0.329969858 0.621052377
1520616777.266661882 25.539369358 34.599986611 4.938142289 0.357858976 0.624364230 -0.328733896 0.611588331
1520616777.316664219 25.022431257 35.445800435 5.069952662 0.351507894 0.633453420 -0.330644777 0.604857832
1520616777.366666079 24.741770520 36.401334161 4.979482508 0.342695178 0.635299551 -0.339966654 0.602807739
1520616777.416666985 24.335916461 37.275349936 4.712314192 0.326029349 0.629378390 -0.354881617 0.609628365
1520616777.466703892 23.827194062 38.124663067 4.853270657 0.316692926 0.628343702 -0.367780774 0.607969641
1520616777.516669989 23.504652423 39.061646888 4.987539826 0.309004561 0.623879517 -0.382218812 0.607617733
1520616777.566918135 23.531238566 40.037144168 4.769140569 0.297645287 0.614175022 -0.399760714 0.611872288
1520616777.616919041 23.070060368 40.919328968 4.673932123 0.287390594 0.605940331 -0.417235441 0.613316842
1520616777.666921377 22.349298867 41.426227364 4.201114109 0.255947345 0.603732753 -0.425775139 0.623468725
1520616777.716922283 21.841498052 42.254184764 3.963154290 0.242782542 0.594469857 -0.437370131 0.629578903
1520616777.766924143 21.530855692 43.162482343 3.682981427 0.228195609 0.587525310 -0.446180447 0.635345404
1520616777.816925287 21.182840909 44.099054569 3.641530532 0.218147563 0.586877159 -0.448474316 0.637853924
1520616777.866927147 20.738579359 44.969127372 3.427977281 0.203252056 0.585376997 -0.450607360 0.642631605
1520616777.916929007 20.481104980 45.914352091 3.628619186 0.184395651 0.585601292 -0.451380708 0.647552953
1520616777.965325832 20.150941625 46.690264768 3.091076930 0.157674261 0.573319609 -0.454343719 0.663336444
1520616778.015327930 19.692329789 47.380680474 2.531611706 0.131611543 0.556317784 -0.457788544 0.680895421
1520616778.065328836 19.354335912 48.052648292 1.872658452 0.102326168 0.536078440 -0.462708946 0.698605535
1520616778.115330935 18.806559753 48.889099877 1.889688563 0.083141249 0.522031911 -0.464353423 0.710595606
1520616778.165331841 18.219566333 49.327886825 1.209317532 0.064906956 0.491687793 -0.469581070 0.730427149
1520616778.215333700 17.541701932 50.010505423 0.936312584 0.044160350 0.472221043 -0.469079769 0.744997530
1520616778.265335798 16.929825502 50.243036839 0.180312335 0.014388660 0.440996254 -0.461301439 0.769750773
1520616778.315336704 16.239409866 50.797267048 -0.284612524 -0.011750943 0.423975438 -0.454663514 0.783190802
1520616778.362357855 15.484862657 51.156512092 -0.833795105 -0.036919671 0.406715664 -0.441867661 0.798731667
1520616778.412359715 15.073621273 52.027103974 -1.103888235 -0.053406323 0.384990640 -0.438733307 0.810211736
1520616778.462360859 14.354193653 52.614434711 -1.474652993 -0.074147810 0.372250931 -0.427830736 0.820300072
1520616778.512361765 13.606879550 52.874916120 -2.085939396 -0.094724733 0.353568275 -0.406770203 0.836991459
1520616778.562363625 12.934687226 52.843380301 -2.825644048 -0.120441394 0.326689636 -0.383707382 0.855299011
1520616778.612365007 12.323857809 52.868842034 -3.616996765 -0.139839967 0.300625553 -0.363271495 0.870691037
1520616778.662366867 11.851500827 52.701647014 -4.482401126 -0.158261537 0.280545980 -0.342567351 0.882550197
1520616778.712368727 10.981208002 52.821352867 -4.960167708 -0.171619487 0.269395525 -0.323761255 0.890590508
1520616778.762369871 10.320859739 52.613357557 -5.681748003 -0.189040013 0.249901722 -0.303445231 0.899852207
1520616778.810536623 9.689556462 52.544289849 -6.454202419 -0.192570911 0.237127255 -0.290338386 0.906857613
1520616778.860534668 9.424575146 52.308402708 -7.389158118 -0.203123076 0.219585751 -0.277068874 0.913102378
1520616778.910535812 8.749718830 52.170568682 -8.114120692 -0.215088498 0.219747017 -0.260246425 0.915270444
1520616778.960536718 8.190797850 51.748712431 -8.828014691 -0.226877065 0.224699309 -0.246323315 0.915074774
1520616779.010538578 7.574286426 51.246271363 -9.434204957 -0.235023278 0.238706634 -0.237381285 0.911829659
1520616779.060540676 7.967177784 50.997805001 -10.319586709 -0.233171703 0.240517191 -0.225312073 0.914886281
1520616779.110597610 7.735801050 50.631140761 -11.220709421 -0.230319750 0.254497024 -0.214127777 0.914512642
1520616779.160543680 7.308417977 50.217974955 -12.024847298 -0.222297393 0.266817570 -0.209251961 0.914114801
1520616779.209789038 7.209990662 49.783244997 -12.920013164 -0.216402657 0.269863781 -0.205656989 0.915449962
1520616779.259790897 7.166793693 49.694800136 -13.915157138 -0.200547089 0.272963844 -0.208939738 0.917396202
1520616779.309792042 6.755256502 49.261185237 -14.716790009 -0.194430134 0.276738423 -0.208459843 0.917691267
1520616779.359793901 6.852884996 48.642123614 -15.496040536 -0.191442749 0.275770045 -0.204109445 0.919586804
1520616779.409794807 6.263605381 48.317195293 -16.235750696 -0.188167036 0.293793606 -0.206735731 0.914078126
1520616779.459797144 6.014998544 47.918904629 -17.118677187 -0.185083243 0.303034185 -0.201167958 0.912932598
1520616779.509799004 5.488390865 47.622070364 -17.915278575 -0.182257989 0.316993735 -0.194784553 0.910140635
1520616779.559799910 5.138205157 47.196625799 -18.749764579 -0.178473882 0.325825671 -0.188926653 0.909005734
1520616779.609575510 4.497511298 47.005594958 -19.493416781 -0.166784401 0.340581272 -0.192811200 0.904992377
1520616779.659576416 3.967476458 46.830891147 -20.323200878 -0.162292894 0.363215801 -0.193759271 0.896767887
1520616779.709578276 3.442085980 46.482434923 -21.099437379 -0.160509454 0.376383822 -0.189908614 0.892472214
1520616779.759579420 2.814367325 46.607765276 -21.867722217 -0.152493028 0.391420992 -0.187329701 0.887943166
1520616779.809581518 1.972174627 46.490828893 -22.394065586 -0.143995257 0.414198813 -0.190646813 0.878270176
1520616779.859583378 1.326242162 46.399827599 -23.152016782 -0.139326734 0.429068451 -0.191996088 0.871565160
1520616779.909584522 0.437082316 46.284460621 -23.594831898 -0.144011704 0.452136822 -0.200168133 0.857184719
1520616779.959586382 -0.295272572 46.142504319 -24.260793404 -0.141606489 0.478518627 -0.210644589 0.840592876
1520616780.010064840 -0.981189747 45.929725906 -24.956669095 -0.136634166 0.501225542 -0.217487914 0.826318987
1520616780.060065746 -1.490218670 45.742212937 -25.796745544 -0.129705811 0.524738545 -0.219361448 0.812223133
1520616780.110067844 -1.795022313 45.677129909 -26.746934440 -0.129455038 0.539526409 -0.228083131 0.800081704
1520616780.160068750 -2.574480563 45.611280681 -27.369918161 -0.126793222 0.577477342 -0.229596649 0.773129211
1520616780.210070610 -3.511487399 45.376338485 -27.628414494 -0.137761538 0.617177705 -0.234294773 0.738389734
1520616780.260071754 -4.180172401 45.315521312 -28.369468905 -0.135959486 0.646189360 -0.242486937 0.710742158
1520616780.310073614 -4.861498927 45.189814825 -29.090573643 -0.131467055 0.674976050 -0.245929474 0.683112318
1520616780.360074520 -5.706206098 45.157877735 -29.624848684 -0.125932714 0.706763587 -0.248718849 0.650203905
1520616780.411785603 -6.684307416 45.319860668 -29.755536636 -0.106593778 0.743683173 -0.250912747 0.610422721
1520616780.461786509 -7.668431653 45.368411741 -29.926247733 -0.086620885 0.775562210 -0.250205451 0.573059606
1520616780.511788607 -8.577363501 45.783534259 -29.887309433 -0.068019283 0.808363774 -0.253095642 0.527128051
1520616780.561790466 -9.447957826 46.108598706 -29.517987585 -0.057758528 0.841606501 -0.250096071 0.475199332
1520616780.611791372 -10.363517189 46.246928914 -29.140342507 -0.049772628 0.871449428 -0.241627231 0.423927897
1520616780.661796331 -11.304271250 46.455762027 -28.873189875 -0.042597193 0.896481530 -0.229342368 0.376707346
1520616780.711794615 -12.124438115 46.760616312 -28.389051281 -0.035520777 0.924855725 -0.217745451 0.309785541
1520616780.761875629 -12.953132782 46.790275843 -27.830136742 -0.032943323 0.949619618 -0.200326735 0.238760379
1520616780.810660362 -13.476731762 46.456862327 -27.046121732 -0.040570701 0.967736802 -0.180847800 0.170685601
1520616780.860662699 -14.275613989 46.463942688 -26.444675928 -0.035997863 0.979871814 -0.167751867 0.102052402
1520616780.910663605 -14.903245874 46.349615527 -25.674606115 -0.030627657 0.987021466 -0.154554784 0.031038553
1520616780.960665464 -15.680597721 46.469214087 -25.057013782 -0.024286826 0.987450982 -0.150549621 -0.041055081
1520616781.010666609 -15.081286299 46.124526630 -24.334506775 -0.037767827 0.979016017 -0.139421072 -0.143746284
1520616781.060668468 -14.884684231 46.084599264 -23.354836712 -0.033501599 0.963996239 -0.131931766 -0.228435776
1520616781.110670805 -14.070602867 45.659872764 -22.958757261 -0.036237190 0.939633103 -0.112768221 -0.321029323
1520616781.160671473 -14.009798100 45.430426073 -21.987337168 -0.029666834 0.916855765 -0.095796194 -0.386417487
1520616781.210673571 -14.319898208 46.090780170 -21.303399752 -0.042619847 0.885917885 -0.084367368 -0.454109235
1520616781.261108875 -13.427562852 45.658616596 -21.433677368 -0.046580760 0.840976745 -0.061169018 -0.535580712
1520616781.311110735 -13.208208592 45.893478686 -20.486722507 -0.049665865 0.806433574 -0.053046383 -0.586842631
1520616781.361111879 -13.021318073 46.083737584 -19.522941679 -0.049669758 0.774592734 -0.045138485 -0.628889122
1520616781.411113739 -12.584052880 46.172572904 -18.628007359 -0.054235356 0.743556347 -0.035831489 -0.665506266
1520616781.461116076 -12.087733632 46.099722833 -17.762929287 -0.055447705 0.714810218 -0.025021412 -0.696667663
1520616781.511116982 -11.503840427 45.884385197 -16.980178734 0.053878091 -0.686884492 0.009568359 0.724703590
1520616781.561118841 -10.577753185 45.509131891 -16.940842032 0.069646521 -0.653172942 -0.007380917 0.753962858
1520616781.611119986 -9.786463821 45.138442497 -16.454580255 0.081381456 -0.632641573 -0.016370239 0.769982931
1520616781.664536238 -8.882242340 45.006329578 -16.048464890 0.091720992 -0.616834154 -0.020439733 0.781463437
1520616781.714537382 -7.975595710 44.886465598 -15.643959619 0.102075010 -0.606820252 -0.031346881 0.787633955
1520616781.764540195 -7.094076211 45.354880038 -15.703215723 0.114484327 -0.599579846 -0.040788117 0.791033297
1520616781.814541101 -6.143967782 45.158951477 -15.460510198 0.118632352 -0.594577109 -0.053508471 0.793436368
1520616781.864543438 -5.203600117 44.973261105 -15.175505392 0.124303961 -0.593764944 -0.068913796 0.791986493
1520616781.914544106 -4.207789784 44.946022864 -15.088213589 0.132175390 -0.590921514 -0.081765343 0.791615979
1520616781.964545488 -3.211133740 44.866609408 -15.107455056 0.140249198 -0.585632694 -0.088217638 0.793462135
1520616782.014547348 -2.238145578 44.823855866 -15.334316625 0.143295102 -0.585269413 -0.094244811 0.792492362
1520616782.066580296 -1.247440279 44.704345662 -15.399280621 0.153145315 -0.588923484 -0.098083748 0.787461251
1520616782.116582394 -0.289764818 44.745637267 -15.684153778 0.164868913 -0.593570731 -0.099193872 0.781442644
1520616782.166584492 0.698907384 44.741279799 -15.834181403 0.171836502 -0.608078127 -0.102763363 0.768214098
1520616782.216585398 1.694698771 44.649944167 -15.841752229 0.172324935 -0.628685570 -0.111267933 0.750118669
1520616782.266587496 2.620184835 44.948883315 -16.074369791 0.177826603 -0.648647790 -0.124259202 0.729515863
1520616782.316588402 3.618434474 44.926165959 -16.128973651 0.169932355 -0.669438301 -0.140091890 0.709471366
1520616782.366590261 4.586577306 45.110384546 -16.298570135 -0.155494262 0.690569832 0.152736623 -0.689642201
1520616782.416692257 5.566297939 45.304693341 -16.347473849 -0.138083699 0.711650497 0.163686523 -0.669098785
1520616782.467311859 6.546813859 45.238391612 -16.162561401 -0.118659162 0.737987086 0.169638006 -0.642275650
1520616782.517313004 7.491273961 45.213397792 -15.834887136 -0.099382282 0.765140775 0.177445988 -0.610897437
1520616782.567315102 8.487227161 45.188405241 -15.748558716 -0.082448670 0.785009897 0.187590824 -0.584612145
1520616782.617316008 9.478670148 45.165888662 -15.877142568 -0.065088031 0.796388219 0.196260011 -0.568340885
1520616782.667318106 10.467553710 45.286982077 -15.790854183 -0.057235746 0.807415568 0.198163225 -0.552752663
1520616782.717319965 11.416481449 44.998702681 -15.662670188 -0.044494514 0.819014493 0.201356388 -0.535435433
1520616782.767320871 12.377674813 44.876352101 -15.909930482 -0.035266277 0.825705954 0.201375357 -0.525750827
1520616782.817323208 13.375354605 44.937227745 -15.879447901 -0.031022064 0.833055989 0.197550113 -0.515780286
1520616782.868397713 14.087978925 44.443400143 -15.381149919 -0.014738830 0.842301407 0.209125205 -0.496565962
1520616782.918399572 14.895714230 44.065778613 -14.928418590 0.001003403 0.848255478 0.215080919 -0.483944042
1520616782.968400478 15.501487651 43.802570104 -14.177579164 0.013908737 0.852886543 0.218804526 -0.473830846
1520616783.018402576 16.092221302 43.442739049 -13.455391262 0.031071366 0.858152215 0.221218339 -0.462246464
1520616783.068404675 16.796926847 43.070445775 -12.851414596 0.044160824 0.860261666 0.216136021 -0.459657382
1520616783.118405581 17.619720534 42.844600585 -12.329874091 0.053728264 0.858570798 0.207691950 -0.465653855
1520616783.168407679 18.224164746 42.249593196 -11.800144536 0.072058092 0.853643900 0.207345716 -0.472342542
1520616783.218408585 19.162437375 41.931741733 -11.663708025 0.081416088 0.837325872 0.202756463 -0.501145309
1520616783.268410444 19.582828380 41.305303575 -11.007318935 0.101264076 0.828176244 0.199968635 -0.513694697
1520616783.318411589 20.355250992 40.670381685 -11.022730022 0.113233770 0.801515738 0.208748654 -0.548793799
1520616783.368413448 21.155581729 40.194161906 -11.386990141 0.119794043 0.767703757 0.221141499 -0.589386771
1520616783.418414354 22.025794155 39.991855346 -10.937765933 0.126866420 0.735251288 0.232853916 -0.623770397
1520616783.468417645 22.779189026 39.506550594 -10.494059423 0.146756514 0.695260665 0.258084071 -0.654574477
1520616783.518418550 23.741963695 39.723636386 -10.333004478 -0.154584882 -0.648002972 -0.270183920 0.695123235
1520616783.568419456 24.424005056 39.289859285 -9.744228622 -0.160402391 -0.600460768 -0.296167905 0.725260305
1520616783.618421555 25.235990843 38.961103460 -9.261943758 -0.162228983 -0.553681071 -0.316585031 0.752922936
1520616783.668423414 25.924296869 38.271828824 -9.035812622 -0.154905690 -0.507721591 -0.340062814 0.776260456
1520616783.718424559 26.722562778 37.733600627 -9.306149353 -0.143222791 -0.461057665 -0.362104950 0.797366331
1520616783.768426657 27.157586986 36.848764018 -9.472936981 -0.134687438 -0.421880859 -0.385031708 0.809707613
1520616783.818427563 27.746073732 36.216454986 -9.976790767 -0.134122335 -0.387428725 -0.402396243 0.818527608
1520616783.868429661 28.237967106 35.515127778 -10.492718142 -0.123196481 -0.357379136 -0.417027811 0.826553438
1520616783.918430567 28.394398926 34.557842630 -10.735893453 -0.119285012 -0.333734610 -0.434837051 0.827833942
1520616783.968432426 29.035757421 33.953214113 -11.208210759 -0.108257210 -0.315712331 -0.450626855 0.827974358
1520616784.018434763 29.182794511 33.404767998 -12.031367459 -0.101757658 -0.294776917 -0.469942369 0.825776070
1520616784.068435669 29.343705678 32.806140520 -12.816066599 -0.086925885 -0.267504496 -0.492014436 0.823897463
1520616784.118436337 29.796469721 32.088042152 -13.344592336 -0.069277252 -0.250927385 -0.507366333 0.821471554
1520616784.168438673 29.718566071 31.281032174 -13.929969066 -0.054613822 -0.225847301 -0.528601842 0.816449888
1520616784.218439579 29.621920624 30.944848696 -14.866793663 -0.032301837 -0.194779160 -0.548680731 0.812383608
1520616784.268441439 29.536551923 30.777599448 -15.849005389 -0.003703627 -0.163304668 -0.572175611 0.803699532
1520616784.318443537 29.583046195 30.395744827 -16.772057571 0.018539390 -0.141381745 -0.589682947 0.794947492
1520616784.368444443 29.449231691 30.445107705 -17.761833801 0.038719290 -0.118998831 -0.611335261 0.781414930
1520616784.418446541 29.582978336 30.344838502 -18.747763779 0.053610966 -0.105909172 -0.633816646 0.764320333
1520616784.468447685 29.078567135 30.497683653 -19.597591820 0.061055843 -0.090381610 -0.658465666 0.744665237
1520616784.518264532 29.088082127 30.222188570 -20.558847210 0.054865947 -0.085587156 -0.674205340 0.731513312
1520616784.568265200 28.969489558 30.329721264 -21.545950306 0.043576090 -0.085902254 -0.693231181 0.714249577
1520616784.618267536 29.271788743 30.582270691 -22.465098819 -0.037330243 0.090632366 0.708452952 -0.698918194
1520616784.668269396 29.143497612 30.379592163 -23.435904052 -0.015336673 0.103593986 0.720948016 -0.685030679
1520616784.718270302 29.339468441 29.835979480 -24.252041715 0.013325173 0.124064204 0.731517926 -0.670307420
1520616784.768272400 29.441007423 30.147028186 -25.196995967 0.040280395 0.132553074 0.736666306 -0.661913835
1520616784.818273306 29.338099272 30.310970997 -26.178083459 0.068683528 0.144312900 0.745232708 -0.647367415
1520616784.868275404 29.222261893 30.450216686 -27.161542833 0.094938418 0.163834756 0.749316154 -0.634562977
1520616784.918461561 29.159022978 30.307294119 -28.149254319 0.115428878 0.183303444 0.750405718 -0.624473603
1520616784.968463421 29.464964263 30.154777924 -29.089008936 0.132081631 0.206530781 0.747658591 -0.617175916
1520616785.018465519 29.475071569 30.156956875 -30.088955482 0.149231136 0.217799775 0.747433300 -0.609620200
1520616785.068466425 29.317499785 29.757035227 -30.991858471 0.175529958 0.238874152 0.742749910 -0.600375670
1520616785.118468523 29.542255003 29.147174177 -31.751828597 0.197160446 0.258078797 0.737058025 -0.592679138
1520616785.168469667 29.652615323 28.266151991 -32.211850886 0.230123612 0.281048601 0.730653654 -0.578100376
1520616785.218471527 29.829149622 27.647856229 -32.977713793 0.255223595 0.292131649 0.721904366 -0.573039355
1520616785.268473387 29.960903913 26.695692437 -33.253439960 0.288840490 0.307457409 0.711368550 -0.562135125
1520616785.318474531 29.828804417 25.839072068 -33.752189664 0.316860921 0.317553189 0.701765914 -0.553429065
1520616785.368476629 29.356280755 25.396897628 -34.514556474 0.347589062 0.324753731 0.688722224 -0.547154965
1520616785.418477774 29.298029459 24.402718539 -34.605191595 0.368522335 0.343967450 0.677644945 -0.535420406
1520616785.468479633 29.420738483 23.451819665 -34.889328582 0.385435486 0.360313461 0.670259295 -0.521887127
1520616785.518480539 29.628308255 22.512853320 -35.163658660 0.396195408 0.372109070 0.663502228 -0.514129198
1520616785.568482637 29.802723104 21.544280803 -35.340990945 0.407905147 0.382602946 0.658424482 -0.503691947
1520616785.618483543 29.448398816 20.661651426 -35.649891711 0.426877331 0.388500963 0.656597726 -0.485512278
1520616785.668485403 29.911580448 21.543376357 -35.739468062 0.452094098 0.397602461 0.647720406 -0.466884875
1520616785.718486547 29.193031179 20.874938955 -35.547430597 0.481118787 0.397315252 0.634272668 -0.456468494
1520616785.768488646 28.526909921 20.167459106 -35.311306197 0.503328173 0.397397021 0.629118806 -0.439256061
1520616785.818489552 27.843336532 19.514291171 -35.637034719 0.521532683 0.398074722 0.626592046 -0.420621664
1520616785.868491650 27.504878660 18.685595484 -35.191266026 0.545962730 0.410373966 0.611838908 -0.398962474
1520616785.918493509 27.701536364 19.495599239 -34.638799136 0.556002930 0.415236157 0.603514860 -0.392695161
1520616785.968494415 27.812081951 18.502087203 -34.665510689 0.577395237 0.424590334 0.584610248 -0.380221838
1520616786.018496513 27.692779373 17.562302970 -34.345241287 0.606660758 0.436964892 0.563691641 -0.351107023
1520616786.068497419 27.430040211 16.620593150 -34.135120496 0.634280173 0.440422327 0.547783202 -0.321947820
1520616786.118499517 27.481235579 15.636499219 -33.965008268 0.658833900 0.445671913 0.526320488 -0.300501552
1520616786.168500662 27.358567282 14.714517707 -33.597717403 0.680484281 0.446411972 0.511462226 -0.275796821
1520616786.218502522 27.483262200 13.736629464 -33.765603560 0.701659300 0.446476942 0.494993287 -0.251623157
1520616786.268504620 27.342669737 12.794013986 -34.068439853 0.721774586 0.443162926 0.479489905 -0.229646465
1520616786.318505526 27.116608952 11.830263694 -33.926729246 0.744806618 0.442845605 0.454931885 -0.205396814
1520616786.368507385 26.741771166 10.911343016 -34.049535685 0.767282143 0.439038517 0.429053660 -0.185570069
1520616786.418508530 27.503831619 10.434777245 -33.611187728 0.776567934 0.464434975 0.388594096 -0.173887968
1520616786.468510628 28.087546745 10.033582273 -32.905270419 0.786301928 0.486449815 0.348756175 -0.153182852
1520616786.518511534 27.793771713 9.099475850 -32.702436937 0.801145100 0.482620727 0.326471319 -0.136602488
1520616786.568513632 27.007965278 8.535250992 -32.449141545 0.818245207 0.472183869 0.304946971 -0.120517717
1520616786.618514538 26.606311254 8.127750157 -31.629009169 0.824441186 0.475043608 0.290716417 -0.100569711
1520616786.668516397 26.295135537 7.281513233 -31.196513225 0.828552366 0.477438298 0.277533244 -0.092352294
1520616786.718518734 26.219135094 6.427627745 -30.681631194 0.830251839 0.479505108 0.271907678 -0.082601157
1520616786.768520594 25.433440325 5.834859934 -30.504684726 0.843859523 0.457927642 0.268865876 -0.076905927
1520616786.818521500 25.413706203 5.284402690 -29.670054637 0.851833682 0.452475191 0.253178918 -0.074471569
1520616786.868523598 25.321398728 4.612006079 -28.935641859 0.856977815 0.448863034 0.241986859 -0.074520884
1520616786.918525457 24.892258889 4.081833320 -28.204371837 0.864102918 0.440412829 0.233656710 -0.069045122
1520616786.967437744 24.442128969 3.388206393 -27.641997637 0.869748355 0.430997363 0.231194122 -0.065790190
1520616787.017439842 24.312496404 2.752950545 -26.880653164 0.877572378 0.419330364 0.223290827 -0.064575332
1520616787.067444801 23.607312580 2.167849718 -26.480187440 0.883495770 0.405957835 0.227020251 -0.055635117
1520616787.117441893 22.838208136 1.815581318 -25.946909531 0.892645189 0.387958812 0.223961534 -0.050137394
1520616787.167443752 22.462456194 1.348563562 -25.146469094 0.896260565 0.383334953 0.218700863 -0.044059583
1520616787.217445612 22.083538882 0.844285636 -24.370501669 0.900128575 0.379061835 0.211645909 -0.035870369
1520616787.267446995 21.612724902 0.427076571 -23.593153103 0.908543605 0.367788229 0.196980921 -0.021882719
1520616787.317462921 21.298490451 0.192394859 -22.673272022 0.915616115 0.361619799 0.175284747 -0.012389823
1520616787.365852356 21.068051097 -0.144466417 -21.760352428 0.921787579 0.355692392 0.153794810 -0.011736168
1520616787.415853262 20.576783642 -0.392703884 -20.925466539 0.926850549 0.348150061 0.140448651 -0.003711026
1520616787.465855360 20.549794637 -0.950397218 -20.095858356 0.930875429 0.345745742 0.117894118 0.005638728
1520616787.515857220 19.930047716 -1.021237109 -19.314260336 0.934779144 0.337774244 0.107086801 0.025078460
1520616787.565858126 19.813722746 -1.228034331 -18.342816354 0.938485011 0.329841374 0.093454384 0.041434659
1520616787.615860224 19.559527161 -1.159817836 -17.378072287 0.941251146 0.322253823 0.083358872 0.057009227
1520616787.665861130 19.279065652 -1.010421151 -16.429904595 0.943954799 0.314590642 0.077932177 0.062519123
1520616787.715863228 19.967543821 -1.097141891 -15.709850900 0.945089626 0.316616011 0.058985458 0.055503304
1520616787.764108419 19.458476713 -0.894381391 -14.873346950 0.944176681 0.319685085 0.058424932 0.054021917
1520616787.814110279 19.416958403 -0.605502872 -13.916881879 0.947291240 0.312439651 0.052010219 0.048121798
1520616787.864112139 19.388804176 -0.247158545 -12.983717005 0.946856822 0.313626129 0.055240160 0.045269567
1520616787.914113283 19.180496250 -0.314266945 -12.007958699 0.946536183 0.315421117 0.057554203 0.035584916
1520616787.964115381 18.890246365 -0.315798667 -11.051009036 0.946355444 0.315640343 0.059265872 0.035638511
1520616788.014116287 19.285675097 -0.394098164 -10.135855875 0.944827451 0.320287122 0.059907645 0.033590484
1520616788.064118385 19.508193524 -0.269878354 -9.168873462 0.945517761 0.316806289 0.063682280 0.039680055
1520616788.114120245 19.826952601 -0.103176886 -8.235812225 0.946151436 0.312213754 0.068981989 0.050611433
1520616788.164121151 19.325915649 0.007916765 -7.377546431 0.946464326 0.306106249 0.082018460 0.061459057
1520616788.212737322 18.970811146 0.208107675 -6.464406578 0.947820002 0.299345429 0.083627842 0.070964362
1520616788.262739182 18.693777332 0.497594519 -5.548191738 0.947802447 0.296212365 0.085866553 0.080967228
1520616788.312742472 18.379452974 0.688633937 -4.618297046 0.949165742 0.291058952 0.082008894 0.087427814
1520616788.362743378 18.059865610 0.484691285 -3.692947754 0.951130494 0.287633515 0.080380144 0.078465129
1520616788.412744284 18.165201169 0.868336063 -2.775494156 0.951466432 0.289081130 0.070873730 0.078234538
1520616788.462746382 17.654352191 0.955450543 -1.920248935 0.952190320 0.286552600 0.070702021 0.078882363
1520616788.512747288 17.578349898 1.383232809 -1.019568090 0.951919889 0.285981025 0.066238096 0.087612173
1520616788.562749386 17.584580438 1.443180826 -0.021386035 0.951919889 0.285981025 0.066238096 0.087612173
1520616788.611556530 17.306421735 1.637972838 0.919190282 0.950662317 0.289219284 0.067200396 0.089874759
1520616788.661558390 17.292924248 1.827655451 1.900942962 0.951206200 0.287458103 0.066594685 0.090220578
1520616788.711559296 17.046971658 2.227081349 2.784099956 0.952001613 0.284683150 0.067024537 0.090311379
1520616788.761561394 16.858410618 2.346319893 3.758895782 0.953289040 0.280935565 0.069266912 0.086702422
1520616788.811563253 16.599205786 2.536595513 4.705789675 0.953768365 0.277669610 0.078679799 0.083874810
1520616788.861564159 16.505170121 2.660648047 5.693599506 0.952332013 0.280381100 0.091034539 0.078504063
1520616788.911565304 16.596048982 2.930384014 6.652235798 0.951682416 0.282001465 0.096337524 0.074127148
1520616788.961603403 16.177707889 2.676068006 7.524195716 0.951393810 0.278965093 0.114962158 0.061741374
1520616789.010904312 15.999784444 2.981373905 8.459680380 0.951880781 0.271486818 0.126713038 0.064511187
1520616789.060905218 15.663451232 2.986376599 9.401410141 0.952815960 0.263133211 0.140833718 0.055394259
1520616789.110907555 15.293888234 3.060570962 10.327648980 0.951078450 0.258923870 0.158377476 0.057660970
1520616789.160908461 14.779567595 2.951427920 11.178273502 0.950781614 0.251917311 0.173360383 0.049981689
1520616789.210910320 14.353895759 3.092400237 12.072102509 0.949010636 0.246719163 0.188087272 0.055961099
1520616789.260911465 13.875898187 3.045792610 12.949226246 0.946587565 0.246531696 0.202225861 0.047945865
1520616789.310913324 13.132269979 3.123923468 13.613238789 0.944950998 0.239974552 0.216568725 0.050772169
1520616789.360914230 12.545373979 3.190516939 14.420157865 0.942175988 0.241343617 0.226615901 0.051989413
1520616789.411003113 12.189375188 3.162609240 15.354227467 0.941163473 0.249067911 0.223593940 0.046714486
1520616789.461005211 11.658592081 3.013311850 16.188481375 0.939167294 0.252387455 0.229837508 0.037948469
1520616789.511006355 11.059599888 2.793512248 16.958479094 0.937429348 0.255941227 0.233925536 0.031609335
1520616789.561008215 10.449717234 2.653587912 17.738520329 0.938398531 0.251908193 0.234612483 0.030123777
1520616789.611009121 10.260847529 2.382056559 18.682235836 0.938272324 0.255557784 0.231472514 0.027490734
1520616789.661011219 9.784058136 2.173651520 19.536190879 0.939056902 0.250269537 0.233866613 0.029046528
1520616789.711012125 9.045670674 2.135084957 20.209463910 0.938264358 0.236124819 0.249207484 0.042434600
1520616789.761014223 8.452971730 2.105840216 21.014356889 0.934476026 0.229997612 0.267974683 0.045224161
1520616789.812219858 7.525016513 2.385777675 21.260393744 0.928527473 0.219113403 0.294270880 0.056839230
1520616789.862221718 6.988190825 2.344268039 22.103065169 0.922857917 0.210717366 0.317197597 0.057594630
1520616789.912223577 6.345958599 2.328991090 22.869423037 0.914836660 0.206024533 0.341726702 0.062053516
1520616789.962224722 5.656078685 2.238001741 23.587605913 0.908772110 0.203442522 0.359551623 0.058881430
1520616790.012227774 4.892012121 2.006133767 24.189635421 0.899152129 0.196740822 0.387045069 0.054905482
1520616790.062228680 4.234427888 1.843452273 24.925242455 0.889615648 0.199467738 0.408163568 0.046894790
1520616790.112229824 3.818973362 1.732560197 25.828071610 0.880239838 0.205847350 0.425957085 0.036949393
1520616790.162231684 3.200301467 1.514939627 26.582979799 0.871318977 0.206223632 0.444622437 0.024206255
1520616790.212306976 2.334843536 1.120105864 26.891344632 0.857061732 0.204675764 0.472436604 0.018885814
1520616790.262307882 1.635497356 0.579437687 27.358883768 0.846353194 0.202228154 0.492636511 0.009965566
1520616790.312308788 0.725220086 0.977909792 27.471201501 0.829653561 0.194064941 0.523122116 0.018894964
1520616790.362311125 0.211549097 0.345685847 28.051231670 0.820627787 0.195587661 0.536842469 0.010754765
1520616790.412312984 -0.536922792 -0.258066485 28.325590838 0.808377821 0.195273363 0.555329711 0.001589122
1520616790.462313890 -1.093789012 -0.764850386 28.983671449 0.796386992 0.195190104 0.572409229 -0.004031930
1520616790.512315989 -1.996621617 -0.934521419 29.378772737 0.782963410 0.190263421 0.592185773 -0.009172720
1520616790.562316895 -2.798729515 -1.073656213 29.959517456 0.766291577 0.187491824 0.614422185 -0.011376005
1520616790.612377882 -3.385198671 -1.618801481 30.558575522 0.750813082 0.188298878 0.632964647 -0.013379217
1520616790.660989523 -4.298460556 -1.877526497 30.873240576 0.729918185 0.186637967 0.657416280 -0.013767627
1520616790.710991621 -5.182712721 -2.202350142 31.208781493 0.712291611 0.179790528 0.678351310 -0.012471006
1520616790.760992527 -5.966359606 -2.807265018 31.350116392 0.692603905 0.183022126 0.697557825 -0.014690548
1520616790.810994625 -6.940483253 -2.806314507 31.576130144 0.671707476 0.184627838 0.717290586 -0.014691599
1520616790.860995770 -7.541592702 -3.381006733 31.020795762 0.645741954 0.182251773 0.741037001 -0.025802784
1520616790.910997629 -8.197866832 -4.121940405 30.878242055 0.625168015 0.187618913 0.757000323 -0.030242461
1520616790.960998535 -9.039906055 -4.577808842 30.589877848 0.601977698 0.186148155 0.775961851 -0.029239042
1520616791.011000633 -9.860338600 -5.089777981 30.335362544 0.581182426 0.186974009 0.791680561 -0.022574227
1520616791.060411215 -10.625905231 -5.466401088 29.813766178 0.561233616 0.182299942 0.807212875 -0.013817866
1520616791.110412121 -11.219058074 -6.092007977 29.307025884 0.537535451 0.183532263 0.822977453 -0.008925220
1520616791.160413980 -12.123465790 -6.380384802 28.992565252 0.518116117 0.179078330 0.836348126 -0.002907286
1520616791.210415125 -12.813539346 -6.923843471 28.514599602 0.500199622 0.173499991 0.848349998 0.000609885
1520616791.260417223 -13.654179659 -7.160379500 28.027388589 0.481254330 0.160211717 0.861775045 0.008381326
1520616791.310418129 -14.281912453 -7.373440154 27.278685246 0.462158647 0.146883673 0.874523305 0.006600098
1520616791.360420227 -14.728160858 -7.848508966 26.520284306 0.441935611 0.142407242 0.885666233 -0.002901111
1520616791.410422087 -15.324253771 -7.938260909 25.722400964 0.419480086 0.134929275 0.897587967 -0.012899249
1520616791.460058212 -16.189045686 -7.992968401 25.223259666 0.402921481 0.131104694 0.905604897 -0.018590553
1520616791.510060310 -16.965585469 -8.312164074 24.680028511 0.383767940 0.128713862 0.913949851 -0.029164687
1520616791.560062408 -17.509404310 -8.603684548 23.893087039 0.364503942 0.122633922 0.922286777 -0.038534393
1520616791.610063553 -18.113576682 -8.695843715 23.101580606 0.335670431 0.118273266 0.933479135 -0.044198425
1520616791.660065413 -18.815025046 -8.828763395 22.401364531 0.310421953 0.109960591 0.942799690 -0.051726440
1520616791.710066319 -19.535450582 -9.063809666 21.748876756 0.290998072 0.101289764 0.949644313 -0.056887472
1520616791.760068417 -19.979453064 -9.152416965 20.857243119 0.264050645 0.089938940 0.958556840 -0.057939875
1520616791.810069323 -20.313193223 -9.145044093 19.914606844 0.234306886 0.074819784 0.967592092 -0.057164915
1520616791.860033035 -20.547978949 -9.262788265 18.949717227 0.202531589 0.066343243 0.975083780 -0.061572329
1520616791.910035133 -20.861809518 -9.199729288 18.002334548 0.168711010 0.049079130 0.982407343 -0.063274369
1520616791.960036278 -21.304322130 -9.416704199 17.132217042 0.137321476 0.043214684 0.987497043 -0.064225334
1520616792.010038137 -21.604181567 -9.319358435 16.183213290 0.105287403 0.038969627 0.991449445 -0.066512618
1520616792.060043097 -21.835257080 -9.184094508 15.219725990 0.061998769 0.027368744 0.995618027 -0.064434841
1520616792.110040188 -22.322817710 -9.439236229 14.384748545 0.029603789 0.024837031 0.997610299 -0.057275025
1520616792.160047293 -22.089353180 -9.406704987 13.412927557 -0.008035705 0.024543212 0.997928761 -0.058917281
1520616792.210043907 -21.929486259 -9.131651527 12.464883170 -0.050045611 0.018209916 0.997047798 -0.055312974
1520616792.260230064 -22.150340619 -9.543032787 11.580581857 -0.088227406 0.024378710 0.994493216 -0.051037689
1520616792.310152054 -22.128685119 -9.455650441 10.584642419 -0.129827389 0.011937733 0.990507904 -0.043548037
1520616792.360153198 -22.289140871 -9.574745305 9.604810615 -0.153583787 -0.004010425 0.987527330 -0.034434130
1520616792.410155058 -22.170284080 -9.823313673 8.643516263 -0.175757681 0.000377608 0.983876316 -0.033113297
1520616792.460155964 -22.091986965 -9.826536739 7.646591405 -0.188866900 -0.004828609 0.981515818 -0.030539781
1520616792.510158062 -21.814272001 -9.858070155 6.686445560 -0.215984520 -0.012537666 0.975989010 -0.025277374
1520616792.560158968 -21.426103657 -9.673022647 5.783626223 -0.237157402 -0.026390410 0.970902427 -0.020208654
1520616792.610161066 -21.166189794 -9.654350030 4.818174972 -0.230914370 -0.027820537 0.972455311 -0.015337518
1520616792.660163164 -20.759646469 -9.820407969 3.919761211 -0.232061393 -0.029472670 0.972229932 -0.006915957
1520616792.710271358 -20.455339254 -9.841268974 2.967415718 -0.216637350 -0.032404614 0.975713518 0.001153189
1520616792.760273218 -20.316924736 -9.850217377 1.977081761 -0.201462295 -0.054241579 0.977890723 0.014160846
1520616792.810274363 -19.972647393 -9.841363087 1.038255519 -0.193189482 -0.073501874 0.978138665 0.022804602
1520616792.860276222 -19.820438720 -9.992857769 0.061586751 -0.185074562 -0.087155807 0.978273686 0.033643244
1520616792.910277367 -19.840134736 -10.055774447 -0.936237661 -0.168754246 -0.096282420 0.979876518 0.045757079
1520616792.960279465 -19.653643389 -10.041645294 -1.918592660 -0.165419601 -0.106217144 0.978860616 0.056446153
1520616793.010280371 -19.515894323 -9.770028730 -2.871089189 -0.150529235 -0.127319526 0.978189833 0.065386068
1520616793.060282469 -19.674043355 -9.368494110 -3.773175013 -0.120071398 -0.148714660 0.978655635 0.075498062
1520616793.110411644 -19.727478351 -8.776277462 -4.577180077 -0.101071700 -0.156165694 0.979301553 0.079782556
1520616793.160412550 -19.373469574 -7.962737333 -5.038515361 -0.086672474 -0.177154375 0.976995321 0.081144026
1520616793.210414648 -19.420656172 -7.335662248 -5.816043664 -0.061312033 -0.191181982 0.975595431 0.088903545
1520616793.260416508 -19.660869783 -7.105081564 -6.758980549 -0.036678634 -0.202732822 0.973914993 0.095098201
1520616793.310418606 -19.578412031 -6.595997061 -7.615738209 -0.030628466 -0.209467428 0.972118042 0.100855376
1520616793.360419750 -19.442880844 -6.092612657 -8.469105327 -0.021771986 -0.219524457 0.969886086 0.103227778
1520616793.410421610 -18.940306113 -6.074548362 -9.333450352 -0.008765315 -0.216673803 0.971025957 0.100420233
1520616793.460422516 -18.703111119 -6.254086542 -10.288177840 0.004994485 -0.214601448 0.971875158 0.096850149
1520616793.510510445 -18.110021384 -5.988470542 -11.048238829 0.026062229 -0.212407823 0.972726338 0.089482675
1520616793.560512304 -17.910460039 -5.531392109 -11.914988259 0.041584009 -0.222124100 0.969607435 0.093771407
1520616793.610514641 -18.617959674 -5.298968493 -12.582388835 0.081363347 -0.240542399 0.961584317 0.104283086
1520616793.660515308 -18.819645348 -5.629001967 -11.660217054 0.098218355 -0.247512780 0.958002251 0.106406140
1520616793.710516691 -19.273264144 -4.895582709 -12.166503710 0.137175155 -0.262554628 0.949921597 0.099483690
1520616793.760518551 -19.431530509 -4.105422833 -12.758617828 0.165438753 -0.287333973 0.938234374 0.098921517
1520616793.810520411 -19.750546574 -3.586041283 -13.551379808 0.204517470 -0.295129871 0.929374773 0.085635832
1520616793.860521555 -19.874183001 -3.471331953 -14.537055111 0.238974558 -0.302552627 0.919373838 0.078133309
1520616793.910856009 -20.578363416 -3.227565249 -15.203919218 0.279212991 -0.305157484 0.908080544 0.065641009
1520616793.960752964 -20.943515034 -2.436024868 -15.693947912 0.314309245 -0.319346375 0.892015854 0.059458456
1520616794.010754824 -21.313961626 -1.950176714 -16.485604967 0.341611289 -0.326786347 0.879179666 0.059628234
1520616794.060755968 -21.832626085 -1.169053348 -16.833216051 0.375161265 -0.344903336 0.858915295 0.050598714
1520616794.110758066 -22.259707069 -0.337656304 -17.188716809 0.403094775 -0.366531168 0.836782773 0.054443510
1520616794.160759211 -22.741265846 0.359046615 -17.720418029 0.424897383 -0.379837035 0.819565351 0.059149604
1520616794.210761070 -23.347749352 1.107668951 -17.988265664 0.451588072 -0.402983628 0.793168480 0.067499414
1520616794.260762930 -23.994774193 1.868481162 -18.038501446 0.477434297 -0.415539633 0.772153151 0.056238928
1520616794.310711861 -24.762806050 2.481555493 -18.223614741 0.499673652 -0.424071611 0.753919835 0.045764530
1520616794.360714197 -25.615232973 3.003444757 -18.191992985 0.528965400 -0.435256038 0.727085027 0.045772821
1520616794.410714865 -26.438983185 3.405998744 -18.591224591 0.548586291 -0.441019382 0.708829203 0.046001599
1520616794.460716963 -27.127716559 4.112469100 -18.428295231 0.572384348 -0.460012357 0.677812977 0.036528849
1520616794.510718107 -27.979552700 4.515746885 -18.094016580 0.598086881 -0.476659646 0.643916365 0.021433133
1520616794.560719967 -28.658023217 4.987253851 -17.530670382 0.622991893 -0.494652361 0.605967163 0.001985080
1520616794.610720873 -29.191423570 5.480244482 -16.843324544 0.648626247 -0.508340892 0.566424950 -0.006025413
1520616794.660722971 -29.698684068 6.137754142 -16.286217881 0.677405309 -0.524032986 0.515952270 -0.017456575
1520616794.710424423 -30.134566301 6.836408763 -15.718865786 0.702574288 -0.536578247 0.466907295 -0.021696383
1520616794.760425568 -30.576818817 7.119757805 -14.867909833 0.731847183 -0.542728795 0.410841997 -0.032465508
1520616794.810427427 -31.238897403 7.625731859 -14.315060666 0.754382642 -0.544652736 0.364166237 -0.040536143
1520616794.860428333 -31.803237095 8.275712006 -13.806094536 0.770475321 -0.552574033 0.313813354 -0.050506409
1520616794.910430670 -32.010872079 8.942185881 -13.090063610 0.786240623 -0.557705355 0.260624338 -0.053529194
1520616794.960432529 -31.980067832 9.525633871 -12.278497506 0.796323170 -0.566514652 0.203952344 -0.057740799
1520616795.010434389 -32.619734345 9.902362173 -11.608495612 0.803271243 -0.569565390 0.157974090 -0.073449059
1520616795.060435534 -32.207080396 9.937625721 -10.698290580 0.810919116 -0.570417941 0.098154864 -0.086018499
1520616795.110436440 -32.493125227 10.156890233 -9.765498305 0.818628096 -0.563899425 0.052549095 -0.095415259
1520616795.160324812 -33.087687895 10.492292772 -9.034745014 0.824057851 -0.556800720 0.008667303 -0.104050445
1520616795.210326672 -33.281171446 10.466030676 -8.053993049 0.830235005 -0.545251464 -0.038854835 -0.109091608
1520616795.260327816 -33.229365150 10.564889505 -7.060241048 0.831603808 -0.537893839 -0.084009727 -0.109761967
1520616795.310329676 -33.566529999 10.764403060 -6.140178981 0.828079160 -0.534987468 -0.125091830 -0.111469041
1520616795.360330582 -33.319331699 10.598052538 -5.185600276 0.825264332 -0.527226668 -0.165797185 -0.116112516
1520616795.410332680 -33.813521462 10.677612598 -4.319894394 0.815504882 -0.527419500 -0.204227128 -0.122767009
1520616795.460333586 -34.322197367 10.934370906 -3.498113404 0.806407183 -0.528885364 -0.232218731 -0.126736685
1520616795.510339737 -34.331387219 10.843449659 -2.502297721 0.796364286 -0.524488238 -0.269406401 -0.134670720
1520616795.560231924 -34.031122976 10.496437138 -1.613802536 0.781261530 -0.521601369 -0.312164063 -0.141830996
1520616795.610234022 -33.575267788 10.045821142 -0.846247149 0.761843504 -0.517328885 -0.360104241 -0.149299152
1520616795.660234928 -32.852805610 9.693963252 -0.251062786 0.743675445 -0.512745111 -0.400975774 -0.152504793
1520616795.710237026 -32.328609747 9.100425551 0.359618551 0.717848511 -0.506234450 -0.452569932 -0.153625041
1520616795.760237932 -31.752908362 8.651886402 1.043270909 0.702805325 -0.499504599 -0.479475939 -0.163287032
1520616795.810239792 -31.505936302 7.905628880 1.661416937 0.683646550 -0.494230010 -0.511014061 -0.165011276
1520616795.860242128 -31.077024757 7.043908558 1.932475919 0.657546475 -0.489380519 -0.548820626 -0.164119655
1520616795.910242796 -30.670343959 6.398807653 2.579357324 0.636164913 -0.486749373 -0.577167817 -0.158891667
1520616795.960321188 -30.185931297 5.525075667 2.623366290 0.624202155 -0.484714500 -0.593802145 -0.151071296
1520616796.010322332 -29.900511001 4.690312485 3.094222621 0.613773763 -0.486426075 -0.606331732 -0.137961125
1520616796.060324192 -29.885409446 3.812333876 2.615761018 -0.605726952 0.490389663 0.612603956 0.131640540
1520616796.110325336 -29.691306413 2.831604844 2.593521890 -0.598702644 0.501528524 0.612710415 0.120872790
1520616796.160327196 -29.593786723 2.126756212 3.296144345 -0.591989174 0.519248567 0.606964222 0.107350721
1520616796.210329294 -28.729184832 1.746701361 2.967477521 0.595979748 -0.531133459 -0.595873733 -0.087406424
1520616796.260330439 -28.218721963 1.347721504 3.729214176 0.603572545 -0.550340274 -0.573825270 -0.059584611
1520616796.310332298 -27.428236630 0.866242262 4.107778144 0.617032281 -0.565384516 -0.546391742 -0.032673795
1520616796.360354662 -26.624229579 0.281970903 4.218230140 0.623286980 -0.582293223 -0.521913553 -0.007361151
1520616796.410356760 -26.267808756 -0.628392551 4.007986052 0.629082314 -0.600296371 -0.493558182 0.017321358
1520616796.460357666 -25.338953810 -0.945564970 4.199376089 0.644474172 -0.606448276 -0.462573963 0.053841058
1520616796.510359764 -24.693422694 -0.581803617 4.870917046 0.662230766 -0.610965555 -0.422408673 0.098703679
1520616796.560361862 -24.239013545 -1.448250099 5.077757127 0.674775323 -0.611175885 -0.394561851 0.124351304
1520616796.610362768 -23.721603680 -2.300070126 5.159547547 0.690015596 -0.602880989 -0.372570148 0.146984611
1520616796.660364628 -23.098157638 -3.068018580 5.306415534 0.704697333 -0.590903991 -0.355757702 0.166344824
1520616796.710366726 -22.488976131 -3.319735281 6.058437205 0.719098421 -0.580903560 -0.336258960 0.179940065
1520616796.760537863 -21.920263470 -3.859602708 6.679008773 0.733400411 -0.570714086 -0.319266820 0.185682436
1520616796.810539007 -21.294902446 -4.368889870 7.270236459 0.748236828 -0.557476525 -0.305105432 0.190452746
1520616796.860541105 -20.679708149 -4.492021854 8.048936974 0.761907686 -0.541846426 -0.292572153 0.200750252
1520616796.910542011 -20.105308067 -4.830605193 8.794205964 0.775630720 -0.524063160 -0.286971360 0.203475374
1520616796.960544109 -19.490435345 -5.127223016 9.524924380 0.785411621 -0.506299634 -0.290657533 0.205687784
1520616797.010545969 -18.736078641 -5.434158131 10.105214650 0.791917300 -0.484770712 -0.305858579 0.210510989
1520616797.060546875 -18.014172564 -5.486427685 10.795228788 0.798297857 -0.458745393 -0.321261892 0.221503934
1520616797.110548973 -17.232539035 -5.725130055 11.371484117 0.805318014 -0.435332059 -0.335506211 0.222226185
1520616797.160543442 -16.313600709 -5.717655803 11.765814549 0.812352668 -0.411676099 -0.351154595 0.217477314
1520616797.210545301 -15.337525604 -5.758541677 11.979369538 0.812359598 -0.393025505 -0.374092082 0.213677213
1520616797.260546207 -14.419248882 -5.847773158 12.365122833 0.814831188 -0.377374516 -0.392769167 0.198421244
1520616797.310548306 -13.939278101 -6.053146236 13.218029597 0.815417361 -0.365906554 -0.408099412 0.186176771
1520616797.360549212 -13.042870741 -6.256145158 13.612041376 0.805764296 -0.354683734 -0.439409558 0.178500947
1520616797.410551071 -12.147491516 -6.699711601 13.572736740 0.789693720 -0.344201097 -0.479657878 0.166846497
1520616797.460553408 -11.644113696 -6.425636839 14.392183990 0.780484698 -0.335973521 -0.502018297 0.161068488
1520616797.510554314 -11.143094659 -6.414931692 15.257554041 0.770005076 -0.334160029 -0.522974005 0.148079193
1520616797.560556173 -10.224576131 -6.796399139 15.361507394 0.744667338 -0.329403036 -0.564221421 0.136449199
1520616797.610662460 -9.450217319 -6.846630559 15.992257134 0.732210167 -0.326281940 -0.583542656 0.129947433
1520616797.660664558 -8.596789110 -7.047405604 16.473245361 0.708940264 -0.328165357 -0.614033398 0.112579692
1520616797.710665464 -7.738960254 -6.993814362 16.984379035 0.686254619 -0.326589473 -0.640782981 0.108586766
1520616797.760667562 -6.822032429 -7.068683560 17.376345827 -0.656677558 0.327667867 0.671137621 -0.104798127
1520616797.810668707 -5.838895465 -7.226057683 17.469486026 -0.621668189 0.328637234 0.704687563 -0.094560404
1520616797.860670567 -4.869730656 -7.465159305 17.409904270 -0.583492392 0.333027791 0.735215283 -0.089931124
1520616797.910672426 -4.049867497 -7.881958778 17.017345230 -0.546982104 0.329963770 0.764856540 -0.083240381
1520616797.960673571 -3.399699221 -8.437788635 16.499335207 -0.512298242 0.318923742 0.793259225 -0.081104624
1520616798.012466431 -2.791925362 -8.959026331 15.900234047 -0.468635802 0.317731723 0.820041141 -0.083424002
1520616798.062467575 -2.203025515 -9.527885913 15.326129747 -0.430135567 0.317009223 0.840731564 -0.087515622
1520616798.112469673 -1.691298859 -10.170871872 14.756300926 -0.397769782 0.316490379 0.857061575 -0.084014864
1520616798.162471533 -1.574199787 -10.733318609 13.937801399 -0.370298642 0.323387590 0.866629335 -0.085164420
1520616798.212473392 -1.124595965 -11.456270987 13.413209880 -0.343454138 0.330176535 0.875023151 -0.085774096
1520616798.262474537 -1.023078294 -11.749238737 12.462492225 -0.321262245 0.329822228 0.882641968 -0.094609855
1520616798.312475443 -1.105682049 -12.322613510 11.647373835 -0.304369517 0.332811971 0.886200325 -0.106039487
1520616798.362477779 -0.708766671 -12.897222603 10.931634656 -0.289731201 0.332358341 0.889272947 -0.121603411
1520616798.412920237 -0.767002589 -13.607766703 10.230395995 -0.288620709 0.333333692 0.886579533 -0.139869467
1520616798.462923050 -0.612494109 -14.434185679 9.688954580 -0.294637551 0.338381342 0.879454494 -0.158891705
1520616798.512923241 0.277621674 -14.879170121 9.590553672 -0.316660317 0.337670547 0.866418782 -0.187145235
1520616798.562928200 0.883507524 -15.674636705 9.578923963 -0.340253105 0.341570877 0.848384388 -0.218634604
1520616798.612926006 1.116551231 -16.320442800 8.851857861 -0.355518293 0.336132417 0.837088666 -0.244753564
1520616798.662927151 1.630233629 -17.178363280 8.861999171 -0.382087998 0.336107165 0.820608556 -0.260081397
1520616798.712929010 2.246042456 -17.682593619 8.256580924 -0.411310235 0.321064736 0.805109957 -0.282027095
1520616798.762929916 3.070701534 -18.101815102 7.876856350 -0.441635461 0.311459963 0.785546760 -0.301441702
1520616798.812694788 4.051180797 -18.292689045 7.829659383 -0.476811236 0.301210065 0.760682491 -0.321380911
1520616798.862678766 4.800434550 -18.460630039 7.189023266 -0.507193082 0.287273080 0.740137170 -0.335300349
1520616798.912680864 5.701720216 -18.662694142 6.805807598 -0.535682507 0.275388874 0.719041403 -0.346676622
1520616798.962681770 6.405723056 -19.026919212 6.196119072 -0.560186515 0.260285751 0.699178235 -0.359989155
1520616799.012683868 7.389515299 -19.168810782 6.086485116 -0.590204806 0.235928315 0.678962717 -0.367431280
1520616799.062685728 8.236704151 -18.923107138 5.615421671 -0.613602913 0.199005175 0.667589657 -0.371769357
1520616799.112686634 9.211872047 -18.750182097 5.477058001 -0.628764520 0.168132421 0.656439099 -0.381411034
1520616799.162688971 10.157077145 -18.437710432 5.382460006 -0.644303132 0.137731377 0.646541222 -0.384562076
1520616799.213303566 11.046784393 -18.710054037 5.016058623 0.657355973 -0.113784181 -0.644694018 0.373237068
1520616799.263305902 12.002585686 -18.533077374 4.781275425 0.670916861 -0.086869596 -0.641823686 0.361090841
1520616799.313306808 12.659347935 -17.914384003 4.350135237 0.680068611 -0.059940657 -0.642066088 0.348805019
1520616799.363308668 13.409773501 -17.331348829 4.038797068 0.679785318 -0.036171527 -0.649948860 0.337860951
1520616799.413309813 14.347532460 -17.315239223 3.691884089 0.676595240 -0.018208231 -0.663677064 0.318465220
1520616799.463311672 15.313063120 -17.060325256 3.639258875 0.674397284 0.003196006 -0.671531985 0.306957459
1520616799.513313532 16.217132398 -16.634383237 3.674360693 -0.668085146 -0.020103050 0.680731452 -0.299771238
1520616799.563314676 17.165975070 -16.318664768 3.669952592 -0.663246737 -0.038800584 0.687615891 -0.292886782
1520616799.613316774 18.158476098 -16.249923030 3.771028223 -0.656199587 -0.043691647 0.698478910 -0.282170788
1520616799.661990404 19.114399186 -16.005845788 3.934237752 -0.651750272 -0.053220464 0.702965180 -0.279694692
1520616799.711991549 20.037099877 -15.660320117 3.763253992 -0.635129868 -0.065120930 0.718338631 -0.276331190
1520616799.761993647 20.983499499 -15.417090550 3.550728388 -0.618940252 -0.073905576 0.733883697 -0.269936381
1520616799.811994553 21.866815090 -14.988425403 3.740464411 -0.605450320 -0.076580440 0.744928447 -0.269530990
1520616799.861996651 22.846739033 -14.907443341 3.558280517 -0.586378071 -0.072014951 0.760744592 -0.268779223
1520616799.911998510 23.770647631 -14.526253342 3.525309501 -0.565673628 -0.064843215 0.775398880 -0.273066439
1520616799.961999416 24.512741870 -13.953875553 3.176483172 -0.542324505 -0.059345117 0.790660837 -0.277880782
1520616800.012001514 25.265461451 -13.309656997 3.040852487 -0.522418422 -0.056729378 0.802740070 -0.281902731
1520616800.061088324 25.863799857 -12.645827167 2.592164277 -0.493190085 -0.055269678 0.817997026 -0.290843030
1520616800.111089230 26.072231731 -12.053191400 1.814128930 -0.452053549 -0.054276891 0.833896401 -0.311958973
1520616800.161091328 26.818097788 -11.505079658 1.435635410 -0.429744583 -0.049078151 0.841851350 -0.322795961
1520616800.211093426 26.950809897 -11.073015772 0.543610582 -0.391557731 -0.041272112 0.857758349 -0.330499274
1520616800.261095285 27.356227171 -10.637724078 -0.260228939 -0.352891974 -0.033697583 0.870403073 -0.341658041
1520616800.311096430 27.888208810 -10.150515622 -0.952777461 -0.327446406 -0.026656905 0.876304649 -0.352361210
1520616800.361097336 28.107148551 -9.922162596 -1.901418745 -0.298868681 -0.014868692 0.885870175 -0.354528512
1520616800.411099195 28.445634596 -9.635762247 -2.797745715 -0.278968734 -0.003797733 0.890061087 -0.360490338
1520616800.460901976 28.709621369 -9.573268218 -3.760245315 -0.255944200 0.005331830 0.895461978 -0.364159285
1520616800.510864019 29.111361543 -9.409023060 -4.661149506 -0.237057158 0.015376322 0.895699959 -0.375884364
1520616800.560865164 29.758236350 -9.198177127 -5.394018510 -0.235959242 0.023024388 0.891935829 -0.385024144
1520616800.610867023 29.622335425 -9.720172538 -6.236070604 -0.216693711 0.028521816 0.892040440 -0.395593471
1520616800.660868883 30.385734869 -9.716321130 -6.881985811 -0.214017448 0.033566786 0.884383696 -0.413443202
1520616800.710870028 30.306664972 -9.739952086 -7.878574758 -0.206811858 0.033482658 0.875370397 -0.435699938
1520616800.760872126 30.718042119 -9.321197773 -8.688150986 -0.207166048 0.026592711 0.856987480 -0.471113061
1520616800.810873270 31.278801915 -9.790519668 -9.370269311 -0.212272515 0.034756248 0.844328191 -0.490756852
1520616800.860626221 32.077356214 -9.318558465 -9.743851504 -0.226205071 0.036189843 0.825859665 -0.515244965
1520616800.910627365 32.247702920 -9.314223018 -10.729226156 -0.233763915 0.041756876 0.809817500 -0.536475920
1520616800.960629225 33.029654588 -9.131473233 -11.325174228 -0.241096530 0.045169596 0.791601820 -0.559641609
1520616801.010630131 33.507758005 -9.320561683 -12.182882034 -0.241489164 0.047976308 0.780340147 -0.574848251
1520616801.060632467 33.945103224 -8.962383357 -13.007768357 -0.248477273 0.042255977 0.766667123 -0.590504021
1520616801.110634327 34.386570723 -8.914566231 -13.903770572 -0.256295315 0.034929585 0.754546001 -0.603119365
1520616801.160635233 35.040823619 -8.905747268 -14.659994993 -0.264586630 0.027451755 0.740767285 -0.616850181
1520616801.210637331 35.388140201 -8.934440258 -15.597303855 -0.265864156 0.017072144 0.729452601 -0.630018805
1520616801.260342836 35.750202584 -8.461084903 -16.400326607 -0.279854012 -0.005990657 0.715175272 -0.640445294
1520616801.310343981 36.034842030 -8.320305380 -17.348567880 -0.288115612 -0.025561132 0.700188625 -0.652741841
1520616801.360344887 36.675450605 -8.458964394 -18.103812431 -0.298980924 -0.043166149 0.692948866 -0.654651785
1520616801.410346746 37.124733136 -8.739886709 -18.951885459 -0.308464610 -0.063761630 0.686151116 -0.655729125
1520616801.460349083 37.624614611 -9.071396253 -19.752022904 -0.322760606 -0.080678689 0.680212401 -0.653167383
1520616801.510349989 37.546705156 -8.567007194 -20.611977434 -0.337777123 -0.106506191 0.669739758 -0.652695721
1520616801.560352802 38.087197647 -8.423354366 -21.440971844 -0.358920303 -0.128678702 0.666770230 -0.640340119
1520616801.610353947 38.127520148 -7.546011339 -21.919138456 -0.384307950 -0.163593498 0.660651886 -0.623765704
1520616801.660317421 38.376257811 -7.251145727 -22.841734709 -0.404503752 -0.189419594 0.659831200 -0.604251371
1520616801.710319519 38.665478497 -6.589136427 -23.533178908 -0.428026288 -0.214517720 0.655345589 -0.584206986
1520616801.760321379 39.040249902 -5.896884229 -24.149890582 -0.443515678 -0.240387443 0.653332711 -0.564503401
1520616801.810322523 39.258493298 -5.343044734 -24.953402644 -0.446427095 -0.270550299 0.651428033 -0.550587780
1520616801.860323429 39.664075625 -4.566851473 -25.436131344 -0.460075624 -0.300595188 0.643977254 -0.532227630
1520616801.910325527 40.054561574 -4.019819207 -26.176588246 -0.469632435 -0.330887419 0.639316585 -0.511109769
1520616801.960326433 40.181123121 -3.321894331 -26.881487559 -0.479056008 -0.351215864 0.634600206 -0.494404021
1520616802.010328531 40.479288150 -2.395940294 -27.113234697 -0.499709703 -0.369213582 0.625546532 -0.471871888
1520616802.060329676 40.570929108 -1.761462815 -27.880724283 -0.502042650 -0.375693730 0.629751554 -0.458497960
1520616802.110533476 39.969682856 -2.544815668 -28.038398796 -0.519032554 -0.384302863 0.624217967 -0.439623074
1520616802.160471439 40.236754448 -1.589290775 -28.163478546 -0.513300817 -0.390835453 0.627373414 -0.436087742
1520616802.210473299 40.311324022 -0.712420183 -28.638386267 -0.504738323 -0.404462922 0.628523482 -0.431980558
1520616802.260475159 40.761157197 0.174336353 -28.532023863 -0.496612641 -0.415833551 0.628539639 -0.430576667
1520616802.310476303 41.210668170 1.066735580 -28.571565025 -0.485578906 -0.426115696 0.628779101 -0.432753258
1520616802.360478401 41.098025832 1.963700540 -28.999075918 -0.463116044 -0.438099160 0.631184845 -0.441812571
1520616802.410479546 41.669807393 2.775242120 -28.878800768 -0.456955167 -0.436018925 0.642576289 -0.433791638
1520616802.460481405 42.204053660 3.587334506 -29.113506718 -0.451621003 -0.434038114 0.655382929 -0.422045733
1520616802.510607958 42.894692620 4.308296518 -29.056659525 -0.448186442 -0.424846157 0.671311731 -0.409847796
1520616802.560610056 43.015862171 5.091252393 -29.666821830 -0.424288779 -0.412352386 0.692249021 -0.413201931
1520616802.610610962 43.276699330 5.970363831 -30.065729158 -0.403205511 -0.408846875 0.708864800 -0.409609868
1520616802.660613060 43.318866314 6.824013920 -30.584866395 -0.371709923 -0.417578588 0.718643959 -0.413534419
1520616802.710615158 43.075490001 7.611324140 -31.151356101 -0.332812154 -0.429988871 0.726099437 -0.420862506
1520616802.760616064 43.112448490 8.498370886 -31.611554037 -0.302039694 -0.434269834 0.734963372 -0.424276532
1520616802.810617924 42.757280421 9.132918406 -32.297997835 -0.255311454 -0.437111601 0.743180232 -0.437530173
1520616802.860619068 42.933945147 10.023887172 -32.716285096 -0.231760161 -0.438397933 0.749757506 -0.438130302
1520616802.911119223 42.662649425 10.801669334 -33.283253824 -0.195016726 -0.442108765 0.752910401 -0.446804481
1520616802.961120129 42.959583739 11.691498657 -33.629712754 -0.175012835 -0.442039198 0.756400646 -0.449254847
1520616803.011122227 43.319589387 12.388818483 -34.249503842 -0.153048581 -0.428436129 0.763571490 -0.458232686
1520616803.061124086 43.576064311 13.284868356 -34.611878287 -0.128333918 -0.428141020 0.765564666 -0.462748759
1520616803.111126184 43.819852721 14.158282524 -35.033440742 -0.105574451 -0.429728892 0.764425240 -0.468872229
1520616803.161127329 43.849494636 14.833645905 -35.770329919 -0.077375161 -0.419376565 0.765706000 -0.481488009
1520616803.211128235 43.663912329 15.732541776 -36.167249837 -0.050425038 -0.417665029 0.762736742 -0.491167895
1520616803.261130333 43.491664728 16.640472836 -36.549338771 -0.023020812 -0.420564025 0.757389043 -0.498956692
1520616803.311525583 42.829972472 17.309570126 -36.887676141 0.011390951 -0.424639760 0.745025597 -0.514284143
1520616803.361527443 42.857766538 18.121655144 -37.470552982 0.036092418 -0.428028301 0.738706297 -0.519424796
1520616803.411528349 42.545515713 18.967457941 -37.903123266 0.065572874 -0.435513223 0.725162914 -0.529308209
1520616803.461529493 42.217355025 19.655432074 -38.550427025 0.092411663 -0.443987815 0.712763554 -0.535072911
1520616803.511531353 41.497864979 20.278212939 -38.857799873 0.119540465 -0.450219161 0.700317857 -0.540895260
1520616803.561533213 40.705088380 20.421410869 -39.450252079 0.154314568 -0.438706177 0.685873097 -0.559733864
1520616803.611534357 40.168454956 20.986139410 -40.077233933 0.183145023 -0.431460681 0.672595865 -0.572638091
1520616803.661536455 39.554288929 21.143193128 -40.850625309 0.218883582 -0.413119949 0.662056125 -0.585750436
1520616803.710872173 38.630629768 21.359450055 -41.166990125 0.255351569 -0.404891451 0.647549706 -0.592906290
1520616803.760961056 37.750465401 21.441399772 -41.634531492 0.295600010 -0.389734875 0.632291208 -0.600778819
1520616803.810874939 36.856354454 21.486787399 -42.080071140 0.330693242 -0.380001452 0.619360056 -0.602190998
1520616803.860877037 36.039649514 21.152101294 -42.550154379 0.365230379 -0.368053553 0.605175735 -0.604074235
1520616803.910877943 35.189882668 21.378947739 -43.026008345 -0.395277645 0.360816060 -0.590419087 0.604129668
1520616803.960880041 34.273679864 21.229430655 -43.397783900 -0.427167870 0.351395807 -0.572527490 0.605194903
1520616804.010881186 33.319114436 21.007555513 -43.596721743 -0.469540915 0.335978670 -0.542908143 0.609836380
1520616804.060883045 32.487583268 20.454354482 -43.646966516 -0.511579950 0.320410165 -0.512752339 0.610498419
1520616804.110661030 31.666147114 20.039718077 -44.038526596 -0.548554819 0.299248760 -0.487935126 0.609472808
1520616804.160663128 30.711844638 20.019674557 -44.336696081 -0.584036342 0.284066471 -0.461607849 0.604256556
1520616804.210664034 29.737877510 19.895596110 -44.526413169 0.622631951 -0.263876066 0.427766530 -0.599762179
1520616804.260665894 29.092844229 19.131722446 -44.547127673 0.670162982 -0.235750807 0.383165958 -0.590327861
1520616804.310668230 28.465209305 18.353266020 -44.556071746 0.714602943 -0.212214646 0.339450673 -0.573655661
1520616804.360669136 27.818157483 17.590893615 -44.566666758 0.755003740 -0.188983086 0.294098767 -0.554761806
1520616804.410670996 26.987502643 17.042896728 -44.468117538 0.792150747 -0.171969849 0.246541672 -0.531169247
1520616804.460673094 26.102891734 16.577590982 -44.499006103 0.821168374 -0.150899756 0.205146856 -0.510711791
1520616804.510674000 25.270444344 16.060696275 -44.299378442 0.849867060 -0.132665938 0.157880421 -0.484973713
1520616804.560965538 24.892876786 15.279584648 -43.802078365 0.874566432 -0.104298465 0.105487757 -0.461657578
1520616804.610967398 24.164625287 14.652839429 -43.524877744 0.893847384 -0.076480228 0.053331441 -0.438569705
1520616804.660969496 23.814770272 13.828609594 -43.079628771 0.905129756 -0.042346023 0.011431440 -0.422866718
1520616804.710970402 23.050055583 13.207203256 -42.909142385 0.913211666 -0.028628244 -0.022752891 -0.405841327
1520616804.760972500 22.802198144 12.930693371 -41.980644150 0.924283201 -0.010646428 -0.062504815 -0.376404524
1520616804.810974598 22.284375565 12.430418710 -41.286680865 0.930010752 -0.000640545 -0.097056972 -0.354484888
1520616804.860975504 21.713074767 11.658365999 -41.008202843 0.931086627 0.005688153 -0.127324286 -0.341809689
1520616804.910977364 21.224716839 11.024622638 -40.408306280 0.932167790 0.007527107 -0.155931765 -0.326637166
1520616804.961272955 20.819036112 10.367659753 -39.772835655 0.933571913 0.000982405 -0.188834756 -0.304604585
1520616805.011274099 20.834233936 10.030475866 -38.831519527 0.935289833 -0.005245773 -0.217385288 -0.279193567
1520616805.061275005 20.421410976 9.424842929 -38.151235800 0.934331441 -0.015146119 -0.236445059 -0.266250047
1520616805.111277103 20.425820072 9.017781933 -37.237845464 0.935942478 -0.024832425 -0.255676700 -0.240882654
1520616805.161278963 20.463649938 8.321156850 -36.521408171 0.933692772 -0.037994220 -0.272604842 -0.229043328
1520616805.211279869 20.779710719 7.853127024 -35.696148415 0.931260160 -0.052723344 -0.295707931 -0.206231866
1520616805.261281013 21.366646065 7.459060469 -34.988887184 0.929290527 -0.065693201 -0.313482126 -0.183936066
1520616805.311283112 22.074482366 7.012000112 -34.441982432 0.929869024 -0.078904890 -0.318698952 -0.165977694
1520616805.361480713 22.979012447 6.592825265 -34.363766194 0.928536326 -0.097413118 -0.322501315 -0.155961142
1520616805.411481619 23.550363222 5.999103370 -33.797151153 0.930510063 -0.114071708 -0.317154701 -0.143358169
1520616805.461483955 24.246535027 5.714242567 -33.138213265 0.932864860 -0.132565258 -0.312087770 -0.121617550
1520616805.511484861 24.540549696 5.639911704 -32.185307028 0.940549755 -0.152075654 -0.288593185 -0.094620967
1520616805.561486721 24.974316765 5.233323000 -31.381235044 0.945487792 -0.174763499 -0.263678695 -0.077356973
1520616805.611487865 25.114730292 4.842448957 -30.471563936 0.952590160 -0.197290982 -0.225493958 -0.052921924
1520616805.661489725 25.279440192 4.391568844 -29.594308117 0.957309700 -0.219318587 -0.185888948 -0.030046547
1520616805.711490631 25.818249771 3.738100981 -29.062646580 0.959576932 -0.235166897 -0.154186746 -0.011622788
1520616805.761116028 26.312220318 3.207567501 -28.373787142 0.963508696 -0.237205779 -0.123617787 0.010151504
1520616805.811116934 26.262824307 2.987144591 -27.399634292 0.967346094 -0.236009829 -0.086082126 0.033626820
1520616805.861118793 26.321392078 3.127979643 -26.411335095 0.972319469 -0.221794115 -0.039250594 0.062141869
1520616805.911120892 26.434572552 3.012264233 -25.424521979 0.977884457 -0.194305550 0.012277710 0.076397639
1520616805.961121798 26.037880355 2.905415991 -24.512809989 0.978626210 -0.172146151 0.063431496 0.092913346
1520616806.011123896 25.865389965 2.830860437 -23.530624398 0.979495185 -0.138485259 0.102837080 0.104093949
1520616806.061125040 25.850395143 3.020013548 -22.548791288 0.978071781 -0.105859526 0.137154478 0.115576815
1520616806.111126900 25.913768519 3.316917257 -21.595989103 0.975068216 -0.069550569 0.170536160 0.123782514
1520616806.160843372 25.727542312 3.551650339 -20.641934503 0.972261729 -0.036591278 0.190496763 0.130687387
1520616806.210845232 25.634083189 4.214787305 -19.899294108 0.966716765 -0.001915668 0.210761642 0.145032947
1520616806.260847569 25.512332021 4.428639165 -18.930044896 0.963430240 0.032128801 0.220822772 0.148348293
1520616806.310848236 25.617497568 4.874108255 -18.040945634 0.959259809 0.060330049 0.227975026 0.155590142
1520616806.360850334 24.951166908 5.159951365 -17.352253272 0.953549485 0.086482049 0.236583750 0.165204005
1520616806.410852432 24.617962897 5.550451258 -16.494066276 0.950886943 0.114156135 0.227870537 0.175662796
1520616806.460854292 24.072948743 5.363454054 -15.676758735 0.948799474 0.137772092 0.218045515 0.182358332
1520616806.510855198 23.581774351 5.711850083 -14.878405477 0.947233532 0.160285730 0.200897969 0.191564939
1520616806.560827017 23.130094050 6.065159058 -14.059163343 0.947413980 0.173579968 0.175713336 0.203473754
1520616806.610829115 22.653740041 6.050779257 -13.180027359 0.948266231 0.183132975 0.144720368 0.215196385
1520616806.660830021 22.305527307 6.930310808 -12.855724809 0.946353595 0.179297371 0.109563078 0.245485760
1520616806.710831881 21.775105549 7.621422884 -12.364790132 0.940347555 0.173242201 0.077195474 0.282443755
1520616806.760833025 21.837190650 8.158821024 -11.523749895 0.936510550 0.172003473 0.029818634 0.304094795
1520616806.810835123 21.516326898 8.535135583 -10.654592945 0.931422313 0.173362246 -0.003706154 0.319975423
1520616806.860836029 21.289436483 8.989373336 -9.793089141 0.921025351 0.167079588 -0.042239817 0.349302893
1520616806.910838127 21.134350908 9.354223741 -8.875029968 0.912862461 0.156838892 -0.074377250 0.369529043
1520616806.960839033 21.220876382 9.824945019 -7.997001027 0.903338090 0.145298474 -0.112665613 0.387524331
1520616807.011441469 21.279566453 10.384527220 -7.170306866 0.892231629 0.135463703 -0.145868167 0.405332928
1520616807.061438560 21.540449722 11.242632631 -6.728045604 0.870815995 0.119941900 -0.180577747 0.441231368
1520616807.111439466 21.718859307 11.976194898 -6.072258733 0.857883950 0.103266086 -0.207728298 0.458497761
1520616807.161441326 21.830595726 12.863465927 -5.624748852 0.840604248 0.093731237 -0.223745128 0.484290275
1520616807.211442471 22.210177792 13.656158658 -5.147720875 0.828566917 0.072986787 -0.248923807 0.496172079
1520616807.261444330 23.032130899 14.095373433 -4.785114380 0.815182512 0.050914640 -0.273995140 0.507751746
1520616807.311445713 23.645279808 14.854295591 -4.565830150 0.797544326 0.016769732 -0.294984318 0.525952542
1520616807.361447573 24.368799180 15.537047394 -4.463998462 0.777261444 -0.002063646 -0.307090906 0.549140751
1520616807.413039207 25.146429679 16.143433088 -4.297904516 0.759597130 -0.009236124 -0.316532693 0.568096777
1520616807.463041067 25.699313262 16.970959839 -4.200338025 0.746416628 -0.020329117 -0.321840861 0.582123188
1520616807.513043404 26.526974059 17.523347903 -4.299560159 0.728840246 -0.031892802 -0.337243068 0.595014167
1520616807.563044310 27.238023546 18.217082805 -4.184928087 0.715857324 -0.046213338 -0.350093246 0.602368108
1520616807.613046169 28.165363789 18.591013686 -4.199617244 0.703454402 -0.064760741 -0.370960000 0.602782407
1520616807.663047314 28.771621691 19.233874379 -3.731449020 0.696301739 -0.074030871 -0.387933684 0.599325267
1520616807.713049173 29.579728127 19.489239939 -3.200645461 0.681852051 -0.089550200 -0.411397105 0.598173022
1520616807.763050318 30.341270940 20.072078312 -3.484109700 0.652728245 -0.105525595 -0.441729451 0.606370579
1520616807.811882734 31.138725794 20.674049543 -3.442922415 0.632091985 -0.121603293 -0.454711751 0.615556321
1520616807.861885071 32.098316149 20.947712143 -3.377385161 0.615162515 -0.138401433 -0.476509657 0.612665219
1520616807.911885977 32.900438638 21.479163056 -3.105062852 0.603378891 -0.156994457 -0.487580778 0.611188711
1520616807.961887836 33.558462094 22.192278670 -3.346871150 0.581292059 -0.172496307 -0.504538917 0.614642211
1520616808.011888981 34.323340873 22.594446602 -3.850082246 0.554032643 -0.187390786 -0.529808018 0.614195398
1520616808.061890841 35.302905682 22.766366928 -3.954467049 0.533155009 -0.198885847 -0.550854697 0.610531947
1520616808.111892939 36.012792148 23.275966507 -4.440645488 0.508287741 -0.195696931 -0.572662952 0.612701743
1520616808.161895037 36.959396701 23.082212267 -4.698325745 0.485333094 -0.205801029 -0.597299475 0.604426225
1520616808.211580515 37.796405330 23.565966376 -4.954057079 -0.473313254 0.209154171 0.610315098 -0.599787110
1520616808.261582375 38.634419090 23.753027760 -5.466639733 -0.455262536 0.209758038 0.630434637 -0.592697020
1520616808.311583281 39.575787776 23.552011433 -5.737596249 -0.434615940 0.234517587 0.641107861 -0.587444633
1520616808.361584425 40.428845377 23.048225366 -5.873582751 -0.412921178 0.256069773 0.659466265 -0.573610162
1520616808.411588430 41.356625321 23.421345134 -5.871130616 -0.406755166 0.264296361 0.665701040 -0.567044789
1520616808.461588383 42.046821824 23.298972307 -6.584330223 -0.384116417 0.268194088 0.684067346 -0.559087091
1520616808.511589527 43.011184054 23.513323748 -6.739439696 -0.368843999 0.276342649 0.688865604 -0.559511416
1520616808.561590433 43.748082936 22.881955401 -6.981005519 -0.333405300 0.293591105 0.707340035 -0.549832014
1520616808.612308502 44.641933947 23.010433376 -7.410567831 -0.310835503 0.299357873 0.719314794 -0.544382568
1520616808.662310839 45.309992430 22.399015409 -7.834673871 -0.274081986 0.316584174 0.731462195 -0.538160370
1520616808.712311745 45.754914877 22.197690908 -8.707320685 -0.238612903 0.317344265 0.747973576 -0.531875953
1520616808.762313604 46.314956717 21.863209230 -9.465262071 -0.208027964 0.313698522 0.759448422 -0.530618222
1520616808.812314749 47.205140597 21.763638422 -9.909849873 -0.183012631 0.315609779 0.755746920 -0.543822984
1520616808.862316608 48.026929222 21.591133721 -10.452901973 -0.150386052 0.319229258 0.749717612 -0.559821595
1520616808.912317514 48.853618522 21.330123556 -10.951358084 -0.115183228 0.332580918 0.742814893 -0.569516279
1520616808.962319613 49.661979020 21.180143701 -11.520620194 -0.083157582 0.351360922 0.734174016 -0.574994637
1520616809.012320518 50.272528021 20.753990210 -12.188170281 -0.063586078 0.362896634 0.735629124 -0.568429974
1520616809.065271139 50.977347589 20.342966014 -12.766347146 -0.037557470 0.374693822 0.735693024 -0.562982905
1520616809.115273237 51.259067306 19.768272681 -13.534697050 -0.007373480 0.380273999 0.739542777 -0.555350158
1520616809.165274143 51.511891966 19.075219717 -14.209795028 0.018536615 0.382752037 0.744365141 -0.546880069
1520616809.215276241 51.781090878 18.572190643 -15.031070680 0.033021578 0.379607552 0.746000883 -0.546159651
1520616809.265277386 52.060648777 17.870135345 -15.686025441 0.049163135 0.377425279 0.749416647 -0.541763633
1520616809.315279245 52.288558475 17.028981436 -16.176451042 0.060709818 0.381388164 0.748974137 -0.538419101
1520616809.365281105 52.784585072 16.339078211 -16.703699708 0.064062076 0.397127118 0.738849369 -0.540636396
1520616809.415282249 53.488304426 15.683823206 -16.978326637 0.059753051 0.413849265 0.725907939 -0.546091588
1520616809.468603849 53.503571672 14.836360839 -17.508962527 0.069414338 0.415054966 0.725352273 -0.544770691
1520616809.518604994 53.962562019 14.257634573 -18.183057305 0.069414338 0.415054966 0.725352273 -0.544770691
1520616809.568606853 54.499961670 13.654725268 -18.772719908 0.078552046 0.407729387 0.721919633 -0.553550690
1520616809.618608713 54.903065965 12.828338052 -19.165900651 0.088404036 0.407192198 0.716165237 -0.559898735
1520616809.668609858 55.074468945 12.129223808 -19.860062226 0.095311663 0.395747523 0.719003020 -0.563324277
1520616809.718611717 55.452409237 11.573955839 -20.600898658 0.097285217 0.392026111 0.717216432 -0.567848311
1520616809.768612623 55.447434762 10.716270654 -21.115049781 0.109271045 0.395684306 0.715145394 -0.565739193
1520616809.818614960 55.638041418 9.947170809 -21.725094477 0.120939872 0.401372880 0.710557647 -0.565138203
1520616809.869241476 55.880333591 9.321610063 -22.466692924 0.125387444 0.400799179 0.706506797 -0.569636861
1520616809.919243574 56.126091132 8.483965790 -22.954499548 0.129246892 0.409113221 0.699377831 -0.571657469
1520616809.969247580 56.344442182 7.549238723 -23.234870963 0.137947586 0.411909260 0.695756433 -0.572035149
1520616810.019246340 56.691435746 6.843024630 -23.852007189 0.135611036 0.416577004 0.693106788 -0.572430108
1520616810.069248676 57.024759720 6.071662821 -24.394129026 0.135611036 0.416577004 0.693106788 -0.572430108
1520616810.119249582 57.244562672 5.363226409 -25.064803697 0.132952755 0.415097974 0.696184132 -0.570390123
1520616810.169250727 57.045723859 4.616043618 -25.698981119 0.134371107 0.411740684 0.702314598 -0.564949750
1520616810.219252586 56.474719921 4.008561799 -26.251177046 0.138414901 0.403822759 0.714957988 -0.553717952
1520616810.269254446 56.486498711 3.076832812 -26.614140343 0.137328578 0.404015179 0.718349049 -0.549442664
1520616810.319278479 56.643678455 2.191603390 -27.051934128 0.136410144 0.400907711 0.721999995 -0.547157462
1520616810.369257450 56.697986320 1.245396721 -27.370906847 0.136005171 0.397261480 0.724294721 -0.546884875
1520616810.419258356 56.701034956 0.455682540 -27.984374219 0.136005171 0.397261480 0.724294721 -0.546884875
1520616810.469260693 56.892711563 -0.388563479 -28.484882700 0.133845689 0.399203325 0.721527945 -0.549653947
1520616810.519261599 57.021844571 -1.073272699 -29.202167825 0.119086090 0.398248674 0.722599261 -0.552328530
1520616810.569263458 56.833255184 -1.992648013 -29.547396842 0.119086419 0.398248693 0.722599152 -0.552328588
1520616810.619264603 56.882971381 -2.973631472 -29.735012812 0.119278568 0.398098479 0.720796534 -0.554745510
1520616810.669266462 56.675626553 -3.855480292 -30.158511079 0.123596968 0.401183850 0.719991328 -0.552619033
1520616810.719268560 56.776794783 -4.500623283 -30.915845556 0.123620411 0.401354119 0.720092954 -0.552357677
1520616810.769269705 57.054896003 -5.201632953 -31.572538143 0.123620411 0.401354119 0.720092954 -0.552357677
1520616810.819271564 56.874468325 -5.838316264 -32.322258234 0.130678955 0.396264107 0.725898105 -0.546781226
1520616810.869272709 57.143905179 -6.680745581 -32.788859379 0.131266397 0.396484415 0.725270861 -0.547312908
1520616810.919274569 57.499683792 -7.450231184 -33.319249316 0.130937548 0.396676630 0.721266437 -0.552519445
1520616810.969275475 57.717459347 -8.143143153 -34.006596980 0.127084186 0.403092279 0.716614979 -0.554823572
1520616811.019277573 57.488792924 -8.930348906 -34.579326207 0.130879891 0.412707523 0.711090876 -0.553978989
1520616811.069279671 57.436917801 -9.721284584 -35.189022627 0.132314621 0.412776920 0.710508585 -0.554333479
1520616811.119280577 57.243053728 -10.661229946 -35.469948666 0.139717304 0.416173929 0.707300497 -0.554079726
1520616811.169282675 57.619562030 -11.277659224 -36.161509541 0.145100835 0.405351467 0.703543476 -0.565387047
1520616811.219283581 57.699390754 -12.029009225 -36.816567211 0.152401387 0.389457068 0.707358513 -0.569860459
1520616811.269285440 58.185239878 -12.744200882 -37.319012753 0.152578636 0.374706540 0.704290281 -0.583343782
1520616811.319287539 58.451691957 -13.664097504 -37.606751340 0.157924641 0.365655882 0.701669118 -0.590775789
1520616811.369288445 58.670193425 -14.616030870 -37.821413807 0.162704609 0.355405134 0.699475267 -0.598288185
1520616811.419290543 58.538992040 -15.480455984 -38.306754326 0.167446142 0.343236856 0.697104781 -0.606790882
1520616811.469291687 58.838209730 -16.259994018 -38.857017196 0.161873752 0.330970770 0.688752634 -0.624399750
1520616811.519293547 58.909980189 -17.093655157 -39.404610208 0.155794163 0.319715997 0.685105382 -0.635720438
1520616811.569294453 58.884759545 -17.749857115 -40.158773924 0.151156130 0.305783948 0.684043622 -0.644773080
1520616811.619296551 59.333149718 -18.559340761 -40.537828642 0.147610949 0.294611087 0.677280944 -0.657803800
1520616811.669297457 59.410664290 -19.063845232 -41.397751155 0.141987750 0.273721338 0.677343725 -0.667923339
1520616811.719299316 59.756594656 -19.468584749 -42.244225080 -0.132824161 -0.252027995 -0.671447998 0.684103222
1520616811.769301653 59.730501518 -20.025690603 -43.074256535 -0.135219898 -0.233462345 -0.666443897 0.695027657
1520616811.819302559 59.682056266 -20.417042798 -43.993221451 -0.130233182 -0.215401534 -0.663197660 0.704847757
1520616811.869304657 60.168468396 -20.828954887 -44.763761307 -0.122751939 -0.203659473 -0.658708566 0.713833178
1520616811.918231964 60.318267926 -20.690758498 -45.742771960 -0.116597866 -0.178750430 -0.657833277 0.722293985
1520616811.968276024 60.748018619 -21.306172482 -46.403513945 -0.113017320 -0.164538861 -0.658487890 0.725636099
1520616812.018234968 60.989097156 -21.843407911 -47.211758483 -0.103839039 -0.145246869 -0.655160087 0.734088593
1520616812.068236828 61.170186676 -22.307317925 -48.078934408 -0.098217641 -0.127297487 -0.650827486 0.742005545
1520616812.118237972 60.710215424 -22.442741100 -48.956480425 -0.093741868 -0.098328549 -0.651891256 0.746044066
1520616812.168240070 60.835236439 -23.092372044 -49.706380006 -0.089338407 -0.082937736 -0.647268022 0.752452051
1520616812.218241215 61.203409608 -23.563077335 -50.508181132 -0.077262082 -0.064709177 -0.648115056 0.754844466
1520616812.268243074 61.219339209 -23.769571780 -51.486499226 -0.067194788 -0.037444095 -0.648880797 0.756991751
1520616812.317203283 61.007597881 -24.413957583 -52.221300251 -0.063280770 -0.019373568 -0.645998470 0.760464454
1520616812.367204189 61.390656226 -24.459356099 -53.143908120 -0.051637149 0.002515412 -0.654511967 0.754282018
1520616812.417206287 61.369531861 -24.797984048 -54.084591315 -0.050511969 0.020705153 -0.658767778 0.750363147
1520616812.467207193 61.537137745 -25.149231462 -55.005750108 -0.052560965 0.040144893 -0.664817927 0.744071809
1520616812.517209291 61.572705743 -25.355653138 -55.983566557 -0.042372174 0.067322213 -0.669292359 0.738728676
1520616812.567210436 61.456364143 -25.289188359 -56.974549436 -0.028914784 0.092908401 -0.674073466 0.732227374
1520616812.617212296 61.301779217 -25.898014865 -57.752645694 -0.012403074 0.108431039 -0.676091845 0.728689708
1520616812.667214155 61.346923589 -25.760573167 -58.742126247 0.014408421 0.120132187 -0.677070312 0.725903883
1520616812.715496540 61.293801134 -25.594254803 -59.726766388 0.036065286 0.132514344 -0.677393124 0.722687899
1520616812.765498400 60.985271895 -25.688495896 -60.673301292 0.052690940 0.151609560 -0.673327628 0.721711931
1520616812.815499544 60.630641383 -25.430734236 -61.572076084 0.068236250 0.170232058 -0.670692317 0.718704860
1520616812.865501642 61.300285128 -25.584009791 -62.298769870 0.082763390 0.185630964 -0.667793603 0.716060800
1520616812.915502787 61.273026245 -25.347923001 -63.270119436 0.095394658 0.203812816 -0.667543571 0.709750503
1520616812.965504646 60.949144806 -25.132822940 -64.191440649 0.100615444 0.227598863 -0.670226107 0.699194004
1520616813.015506506 60.410705739 -24.761966901 -64.948110439 -0.112125702 -0.251273494 0.682167993 -0.677448365
1520616813.065507650 60.478777205 -24.200736404 -65.772965944 -0.124670541 -0.270531650 0.692569422 -0.656976011
1520616813.112667322 59.906539916 -23.705050025 -66.426295492 -0.124860448 -0.301782041 0.698872032 -0.636329593
1520616813.162669182 59.699194059 -23.455729005 -67.372258876 -0.127830477 -0.322247731 0.710338876 -0.612563834
1520616813.212670326 59.278083772 -23.326951132 -68.270079786 -0.127594005 -0.340175224 0.721997856 -0.588829077
1520616813.262672186 59.327446395 -23.024470339 -69.221956197 -0.138357269 -0.353480514 0.733307789 -0.564064251
1520616813.312673092 58.963775298 -22.569293467 -70.034702989 -0.139919796 -0.373730097 0.740915973 -0.540177551
1520616813.362675190 58.656775011 -22.302272409 -70.948185653 -0.140108522 -0.378226121 0.752706722 -0.520333733
1520616813.412676096 58.186610317 -21.539817547 -71.392716578 -0.142793688 -0.393538190 0.761606229 -0.494665148
1520616813.462678194 58.086977175 -20.638154291 -71.813521294 -0.151802659 -0.403636179 0.773868435 -0.463854971
1520616813.511425018 57.720238839 -20.335122255 -72.693109026 -0.150005488 -0.400740647 0.789747100 -0.439550687
1520616813.561427116 57.527856138 -19.890984247 -73.568169211 -0.150290523 -0.399711375 0.801670317 -0.418292098
1520616813.611492872 58.229042237 -19.381347421 -74.066775629 -0.168620791 -0.392463734 0.808889100 -0.404026818
1520616813.661430120 58.396087293 -18.792708489 -74.857724526 -0.177648436 -0.390259967 0.816744242 -0.386092003
1520616813.711431026 58.441207256 -18.228917221 -75.682408462 -0.183386718 -0.391242465 0.822363639 -0.370157655
1520616813.761432886 58.109831001 -18.039001499 -76.606595562 -0.181304948 -0.389684551 0.827589016 -0.361069090
1520616813.811434031 58.801264947 -17.433205150 -77.000206895 -0.190703400 -0.388162076 0.831855451 -0.347820248
1520616813.861435890 59.046718741 -17.144357240 -77.925582127 -0.186565550 -0.386967899 0.836675052 -0.339741076
1520616813.911437988 59.338379384 -17.023141183 -78.874392296 -0.184300436 -0.387882772 0.839246284 -0.333535575
1520616813.961328983 59.276682774 -16.653048819 -79.801336291 -0.178929567 -0.400275314 0.836483282 -0.328724203
1520616814.011330843 59.073753841 -16.270204823 -80.702585604 -0.176276566 -0.413316767 0.829604060 -0.331440682
1520616814.061331987 59.186460349 -15.862351599 -81.608650166 -0.175016833 -0.429082212 0.822162502 -0.330615159
1520616814.111334085 58.945128731 -15.253649462 -82.364454875 -0.159574244 -0.456228606 0.808396471 -0.335986110
1520616814.161334991 58.963143421 -14.678357664 -83.182204726 -0.150010705 -0.479625324 0.796350052 -0.336575299
1520616814.211337090 58.809830389 -14.476544080 -84.149554916 -0.139684303 -0.494082820 0.787542671 -0.340803468
1520616814.261338949 58.926027555 -13.875882661 -84.940569505 -0.137375926 -0.503208689 0.782607253 -0.339756911
1520616814.311339855 58.527517235 -13.029484230 -85.293838836 -0.139827346 -0.516459632 0.774736001 -0.336900415
1520616814.361090660 58.240746954 -12.206666884 -85.784485777 -0.138107253 -0.519507010 0.772363330 -0.338369235
1520616814.411091566 58.295466525 -11.423204058 -86.403510630 -0.138331575 -0.523009264 0.771785144 -0.334175666
1520616814.461093426 58.262468131 -10.428744460 -86.503316514 -0.155149384 -0.529050661 0.766049440 -0.330457746
1520616814.511094570 58.201135307 -9.432625544 -86.566446468 -0.167923130 -0.540566585 0.753833626 -0.333653192
1520616814.561096430 58.294869968 -8.438742309 -86.508051882 -0.182412342 -0.548990228 0.741692470 -0.339452127
1520616814.611098528 58.458146097 -7.453140385 -86.551980833 -0.191934631 -0.553033038 0.732585731 -0.347323629
1520616814.661100626 58.961698713 -6.590209331 -86.509734422 -0.215172432 -0.556955873 0.719379028 -0.354957455
1520616814.711101532 58.777169168 -5.623683268 -86.331475578 -0.229288423 -0.555255736 0.707636780 -0.371978593
1520616814.760954142 58.927351349 -4.648174369 -86.170765583 -0.238929745 -0.548901871 0.703907535 -0.382274110
1520616814.810956478 58.979509363 -3.847612092 -85.573790223 -0.248852656 -0.548967524 0.696878337 -0.388674153
1520616814.860958338 59.346412842 -3.055231065 -85.086435993 -0.264974210 -0.543577931 0.695317018 -0.388388909
1520616814.910959244 58.775013466 -2.237971949 -85.011667740 -0.276121220 -0.528466646 0.692967360 -0.405310144
1520616814.960960388 58.270262420 -1.422973227 -84.727056664 -0.285417159 -0.513758502 0.686480886 -0.428174312
1520616815.010962248 57.902056418 -0.604377821 -84.286232549 -0.292957443 -0.502970752 0.681837277 -0.443051111
1520616815.060964108 57.223016493 0.123332138 -84.382891730 -0.296635489 -0.489117992 0.680531233 -0.457873583
1520616815.110965252 57.088599010 1.012072386 -83.944630722 -0.303968774 -0.491121387 0.681951994 -0.448713991
1520616815.160938740 56.414564854 1.726979484 -83.758658150 -0.303356428 -0.487002303 0.676816865 -0.461218566
1520616815.210939646 55.959685511 2.599746193 -83.935754321 -0.299744123 -0.467937475 0.682413649 -0.474867973
1520616815.261025906 55.549659295 3.498453830 -84.091327729 -0.302292120 -0.455826010 0.690647354 -0.473126153
1520616815.310942888 55.348953813 4.474333043 -84.005437846 -0.317134703 -0.456330423 0.699943658 -0.448627908
1520616815.360944748 54.860907650 5.317969985 -84.229240556 -0.325881698 -0.450202687 0.706874290 -0.437547023
1520616815.410945892 54.673797133 6.153379444 -84.746039057 -0.335093919 -0.435621176 0.714890066 -0.432294402
1520616815.460947752 54.751999178 7.095225569 -85.072857534 -0.351087814 -0.426103944 0.716572686 -0.426258562
1520616815.510949612 54.520234750 7.910214167 -85.603968479 -0.369986422 -0.418528626 0.715937805 -0.418780248
1520616815.560867310 54.482349047 8.725585639 -86.181665663 -0.398130953 -0.411798994 0.713280889 -0.403910517
1520616815.610869646 54.587292604 9.540916569 -86.751070900 -0.425767420 -0.407834758 0.707176447 -0.390249134
1520616815.660870552 54.483040138 10.301558068 -87.391817287 -0.448412545 -0.412373900 0.697678541 -0.376986220
1520616815.710872412 54.423583742 11.131961109 -87.945798990 -0.471466480 -0.425219161 0.682541198 -0.362002122
1520616815.760873556 54.377936511 11.952378627 -88.515738834 -0.490111150 -0.444630020 0.663610780 -0.348878114
1520616815.810875416 54.667322052 12.635772728 -89.185983948 -0.516019966 -0.452709677 0.645915361 -0.334021989
1520616815.860877514 54.763007250 13.462581494 -89.740268718 -0.539072659 -0.483755634 0.615256302 -0.311192605
1520616815.910878658 54.945480176 14.362615812 -90.136048780 -0.560766051 -0.506917697 0.586243353 -0.291366806
1520616815.960880518 55.268271416 15.229520089 -90.515894526 0.574199345 0.512832263 -0.573481060 0.280031529
1520616816.011795282 55.688150344 16.120227759 -90.690082736 0.598034928 0.522382890 -0.552304518 0.253830770
1520616816.061797142 55.903111861 17.074784964 -90.896509691 0.614652890 0.527497978 -0.538177370 0.233051123
1520616816.111799479 56.551424239 17.666398628 -91.375763624 0.624021171 0.534576749 -0.530250641 0.208948641
1520616816.161800385 57.292268592 18.335729605 -91.431850058 0.636713666 0.537761809 -0.517578150 0.193702871
1520616816.211802244 58.032051843 18.820846147 -90.965606900 0.655856919 0.541706912 -0.492525601 0.183912631
1520616816.261803389 58.564616588 19.284157734 -90.257286940 0.672320901 0.551665062 -0.457491430 0.185342537
1520616816.311805248 59.142426139 19.758401296 -89.593036108 0.683203668 0.565621836 -0.419520596 0.193150603
1520616816.361807108 59.926812532 20.127622310 -89.094624804 0.693010945 0.574664855 -0.389283231 0.194819662
1520616816.412320852 60.742866907 20.557795764 -88.708611778 0.707702012 0.577613462 -0.358324236 0.192676652
1520616816.462322712 61.063985406 20.921508589 -87.834200038 0.710343039 0.585077017 -0.340390001 0.192956725
1520616816.512323856 61.401335793 21.264282172 -86.957444093 0.720956785 0.587887553 -0.316797707 0.185064183
1520616816.562324762 61.832399257 21.762938781 -86.205429547 0.734198719 0.585643529 -0.299966231 0.167314546
1520616816.612326860 62.131247686 21.825064653 -85.253153331 0.749983290 0.580924368 -0.279757056 0.147607359
1520616816.662328959 62.621311419 22.661500077 -85.007769304 0.759198262 0.574820617 -0.272235721 0.138155596
1520616816.712329865 61.972200237 22.793437595 -84.258604994 0.768412136 0.573839681 -0.250814800 0.131691857
1520616816.762331724 62.041070682 23.405618882 -83.470892524 0.779160564 0.568167632 -0.238873596 0.114165509
1520616816.812090158 62.198894226 24.297254608 -83.046537176 0.789214629 0.561295498 -0.227679736 0.101240167
1520616816.862092018 62.433506091 24.906929986 -82.289402310 0.798217174 0.557552170 -0.211471623 0.085233048
1520616816.912197113 62.550880697 24.728907601 -81.312401168 0.812354004 0.556281428 -0.165465548 0.057035933
1520616816.962095261 62.839412800 25.684982902 -81.364065891 0.813766339 0.559091151 -0.152223181 0.045050348
1520616817.012096167 62.798091106 26.460147983 -80.733659978 0.817674431 0.559865711 -0.131237879 0.027120647
1520616817.062098265 62.890343152 27.194006238 -80.060650602 0.822169365 0.558303551 -0.111059563 0.000673531
1520616817.112100124 63.311434768 28.062915995 -79.800501249 0.826637111 0.554163066 -0.095650450 -0.020624600
1520616817.162101030 63.614969843 27.998861062 -78.849836522 0.826937674 0.554861217 -0.067201569 -0.061539107
1520616817.212283134 63.869136290 28.623174542 -78.111167383 0.828439149 0.551529006 -0.047016702 -0.085403521
1520616817.262284040 64.506143221 29.393502544 -78.139749540 0.826529606 0.549948265 -0.040279293 -0.113063238
1520616817.312286139 65.029648281 30.204884455 -78.399753091 0.825667369 0.546901100 -0.044868741 -0.130993810
1520616817.362287283 65.350974777 30.947684094 -77.812387805 0.824770094 0.546020534 -0.020734990 -0.145553869
1520616817.412289143 65.799393228 30.910150385 -76.919352468 0.821569592 0.542620954 0.020581847 -0.173672948
1520616817.462291002 66.028997124 31.298369917 -76.026846083 0.814207243 0.544685020 0.061537192 -0.191305952
1520616817.512292147 66.096717115 31.531216274 -75.056693221 0.807953134 0.541306854 0.109247346 -0.205581228
1520616817.562294006 65.948790319 31.886997529 -74.133905400 0.805980758 0.530722161 0.155044708 -0.211400434
1520616817.613727570 66.671733657 31.592908589 -73.508713729 0.792717013 0.525652105 0.186949314 -0.245641113
1520616817.663729429 66.500901344 31.949672892 -72.590271813 0.785773778 0.519330820 0.222995616 -0.251252908
1520616817.713730574 66.757602999 31.905050776 -71.624811753 0.771068372 0.518587842 0.253807694 -0.268517915
1520616817.763732672 66.490584701 31.284257059 -70.887711767 0.749422050 0.509853435 0.301569555 -0.295756435
1520616817.813733578 66.384982731 30.822213148 -70.007164410 0.734869356 0.492678913 0.334031469 -0.325049990
1520616817.863735676 66.517140808 30.283178415 -69.175313582 0.717782593 0.475744339 0.366249337 -0.352586011
1520616817.913737535 66.810416916 29.416639250 -68.771458410 0.703035495 0.454037711 0.395474488 -0.378405576
1520616817.963739395 67.243288059 28.551891941 -68.516831891 0.688413963 0.433832238 0.426019173 -0.395453498
1520616818.014805079 67.534042325 27.644465542 -68.213452113 0.675798114 0.412692482 0.458739391 -0.403162494
1520616818.064806938 67.824875054 26.730622172 -68.496836335 0.659165030 0.388349177 0.490416696 -0.417346193
1520616818.114807844 68.031542010 25.796264066 -68.787118438 0.641700415 0.367029082 0.522643926 -0.424680536
1520616818.164808989 68.159103410 24.805619823 -68.835616616 0.628080520 0.355918025 0.541100024 -0.431332799
1520616818.214811087 68.277055137 23.812673517 -68.823574024 0.617927438 0.350359179 0.552324142 -0.436293673
1520616818.264812946 67.999946939 23.091766805 -69.458794111 0.608474175 0.342161464 0.559449156 -0.446879572
1520616818.314814091 67.711457889 22.135700348 -69.406726869 0.611254996 0.339956312 0.551827292 -0.454184627
1520616818.364815950 67.076010393 21.383711814 -69.581997304 0.618423729 0.334140195 0.541431857 -0.461252606
1520616818.414816856 66.299163046 20.772314474 -69.431327160 0.633582055 0.326163537 0.531520854 -0.457904693
1520616818.462631464 65.669269446 20.092874393 -69.807618573 0.634079209 0.320675308 0.532352997 -0.460120843
1520616818.512632370 65.054647542 19.584099849 -70.410435610 0.628920867 0.321386520 0.538812771 -0.459184108
1520616818.562634230 64.530946965 19.165187734 -71.152224222 0.620202898 0.324886456 0.546986718 -0.458914683
1520616818.612636566 63.887601954 18.410635242 -71.281675890 0.617959353 0.338508960 0.541598993 -0.458484954
1520616818.662637472 63.224263702 17.667791120 -71.372036130 0.613737647 0.356454276 0.533910710 -0.459571326
1520616818.712639570 62.687240612 16.832059854 -71.486750779 0.607328124 0.382042716 0.514738694 -0.469297337
1520616818.762640476 61.829199862 16.348631268 -71.313364289 0.610684274 0.385026852 0.503448048 -0.474720027
1520616818.812642336 61.240969742 15.542897861 -71.244233964 0.604867104 0.401447344 0.496424259 -0.475960892
1520616818.865568399 60.648187598 14.778341976 -70.991126025 0.596264368 0.410790163 0.498048146 -0.477145983
1520616818.915570259 59.957226505 14.076033191 -70.819850985 0.591704613 0.416263643 0.506143658 -0.469498486
1520616818.965571404 59.449447807 13.227660150 -70.670104613 0.577317919 0.421588185 0.515470932 -0.472500944
1520616819.015573263 58.978268866 12.417541398 -70.321252187 0.568049462 0.427877260 0.521059727 -0.471950866
1520616819.065575361 58.702523100 11.554006178 -69.899030450 0.562439235 0.427862049 0.526283046 -0.472887227
1520616819.115576506 58.577447848 10.669814854 -69.448961695 0.546709656 0.430489361 0.535746415 -0.478292004
1520616819.165578365 58.547907447 9.802450288 -68.952165887 0.535030177 0.434670541 0.539010726 -0.484016185
1520616819.215580225 58.958077155 8.973933222 -68.570956913 0.519112012 0.441989307 0.538151676 -0.495541063
1520616819.267743349 58.789805717 8.121007515 -68.076788459 0.510924472 0.438978975 0.550195755 -0.493495973
1520616819.317744493 59.269496630 7.249867538 -67.971851482 0.501726912 0.437587252 0.545329524 -0.509316418
1520616819.367746353 59.769685459 6.392580952 -68.093797550 0.497632766 0.426238012 0.543680714 -0.524494108
1520616819.417747259 60.304586688 5.591005502 -68.360925748 0.497709693 0.422267882 0.540951621 -0.530420815
1520616819.467749357 60.565288370 4.674502424 -68.664334287 0.499946764 0.408137280 0.549574163 -0.530514310
1520616819.517751455 60.920405977 3.877299436 -69.152554402 0.506538843 0.394202669 0.556054827 -0.528039474
1520616819.567753315 61.238293253 3.002355985 -69.517823669 0.516275158 0.384659217 0.563179919 -0.518001570
1520616819.617754459 61.257437356 2.074786088 -69.890982603 0.526858488 0.376129190 0.573680067 -0.501834780
1520616819.668343306 61.302297396 1.547242213 -70.739325126 0.537534450 0.364924078 0.576314390 -0.495730628
1520616819.718344212 61.093102150 0.896494874 -71.469232826 0.548107681 0.356456574 0.577715507 -0.488632248
1520616819.768346310 60.743891790 0.004486020 -71.756238624 0.567454187 0.356267393 0.567951550 -0.478017078
1520616819.818347454 60.633422408 -0.776876204 -72.370461377 0.576549407 0.351381613 0.562171665 -0.477582206
1520616819.868349314 60.463465309 -1.707590633 -72.694321279 0.588082386 0.354238193 0.553809385 -0.471136471
1520616819.918350220 60.136260763 -2.390463598 -73.347484122 0.593322890 0.356475104 0.548031406 -0.469632863
1520616819.968352318 60.007519821 -3.173617421 -73.955839165 0.599453472 0.359827271 0.538137979 -0.470730693
1520616820.018354177 59.457517406 -3.530920417 -74.710711282 0.600841044 0.356924653 0.539536806 -0.469568809
1520616820.069560766 59.111950466 -4.290146258 -75.262217956 0.598223944 0.359434705 0.546402962 -0.463010376
1520616820.119561672 58.881959953 -5.240856460 -75.470195060 0.597002547 0.367646554 0.550069277 -0.453704486
1520616820.169563532 58.246938992 -6.005157853 -75.582408073 0.597601616 0.370728617 0.551584172 -0.448539298
1520616820.219565630 57.782510785 -6.828104064 -75.909617446 0.603650417 0.384225418 0.541327744 -0.441521546
1520616820.269566536 57.329712525 -7.676569027 -76.183626467 0.611151094 0.404571727 0.521156786 -0.437277559
1520616820.319568396 56.945773883 -8.579210309 -76.378125398 0.624434480 0.430183096 0.494314399 -0.425061595
1520616820.369569540 56.693677624 -9.531648149 -76.206924822 0.647053351 0.459584084 0.453342821 -0.405690421
1520616820.419571638 56.513575750 -10.514838174 -76.176913327 0.664626410 0.492455063 0.409881751 -0.384391331
1520616820.469572544 56.309950397 -11.386200025 -75.730521973 0.678721331 0.521074253 0.366379156 -0.365493216
1520616820.517346621 55.742912802 -12.023277470 -75.208410209 0.698585250 0.539451908 0.320839013 -0.343558750
1520616820.567347765 55.706114911 -12.117907005 -74.213577979 0.712368382 0.558015489 0.273943751 -0.325737353
1520616820.617349625 55.358809666 -12.964016819 -73.809254781 0.723329497 0.562603416 0.248214634 -0.314104011
1520616820.667351723 55.562486282 -13.195388857 -72.857948933 0.744303758 0.560739787 0.206340837 -0.298339180
1520616820.717352867 55.425801037 -13.343373191 -71.878450193 0.772989161 0.540322788 0.179849419 -0.279630523
1520616820.767354727 55.963193538 -13.480919787 -71.046410390 0.789366633 0.522640463 0.159159417 -0.280027758
1520616820.817355633 56.272327552 -13.482803882 -70.095393770 0.805814216 0.498307184 0.155303030 -0.279704073
1520616820.867357731 56.393074134 -14.166440494 -69.375629055 0.816950699 0.461025361 0.182688496 -0.294401230
1520616820.919586658 57.080987707 -14.455177704 -68.709741873 0.832057045 0.420059886 0.199389053 -0.302447965
1520616820.969588518 57.490923822 -15.277464662 -68.315031169 0.847801686 0.360332638 0.233429289 -0.311293203
1520616821.019590378 58.053561783 -15.633842405 -67.569086513 0.857652462 0.316425191 0.270202928 -0.302155144
1520616821.069591761 58.215768209 -16.547746451 -67.196972996 0.855264438 0.275049410 0.321360711 -0.299329010
1520616821.119593620 58.281310357 -17.441926913 -66.754089796 0.845805864 0.240015468 0.379010728 -0.288714189
1520616821.169595480 58.360832295 -17.922986453 -65.881015927 0.834402002 0.199122225 0.436870033 -0.270681015
1520616821.219596624 58.535839040 -18.646047565 -65.212768018 0.815961551 0.162404256 0.493390537 -0.253766392
1520616821.269598484 58.026105234 -19.123648371 -64.497178109 0.791480606 0.121197160 0.553305702 -0.229613806
1520616821.317485094 57.488738798 -19.886826436 -64.138295741 0.752862379 0.092560200 0.616025267 -0.212470513
1520616821.367486238 56.628069949 -20.012868706 -63.644977915 0.706838035 0.071429145 0.680422549 -0.179730418
1520616821.417488337 55.653308210 -19.921035744 -63.848463198 0.647747185 0.064195584 0.745057214 -0.145575615
1520616821.467489481 54.742904132 -20.325020368 -63.937686724 0.591626106 0.065722926 0.795021719 -0.116616952
1520616821.517490387 53.902079253 -20.816462198 -64.164619426 0.540377642 0.080777074 0.833370141 -0.083434267
1520616821.567492247 52.989811619 -21.122458750 -64.436894789 0.485838521 0.103447961 0.866587058 -0.047815494
1520616821.617493391 52.191453307 -21.056070961 -65.035406835 0.440117179 0.121182979 0.889709168 -0.005399175
1520616821.667495251 51.490825537 -21.099881144 -65.747587567 0.414793613 0.131918651 0.899874211 0.027751256
1520616821.713176727 50.882340163 -21.563766863 -66.391447481 0.395905347 0.145971355 0.904986456 0.054321587
1520616821.763178587 50.032199404 -21.648649770 -66.911116206 0.381006082 0.154941932 0.906981282 0.090621838
1520616821.813185692 49.672148671 -21.513771713 -67.834247496 0.371833742 0.152139154 0.908682079 0.113535125
1520616821.863181591 48.837622575 -21.792795130 -68.309339200 0.373029666 0.152071102 0.904754731 0.138355067
1520616821.913183689 48.056714107 -21.913898059 -68.922132840 0.384312807 0.145362592 0.897975182 0.157524459
1520616821.963184834 47.976236717 -22.731072152 -69.492877872 0.393087647 0.150243606 0.892599000 0.161789946
1520616822.013186693 47.144298601 -22.685683718 -70.045886788 0.416449562 0.138801974 0.883382217 0.164132972
1520616822.063187599 46.534390936 -22.778889629 -70.832859023 0.435771000 0.132913015 0.878348776 0.144710724
1520616822.111991167 45.597773356 -22.500231338 -71.045219720 0.454284275 0.126779360 0.874583182 0.112503548
1520616822.161992073 46.550446887 -22.482917661 -70.741717859 0.468803254 0.113649889 0.872697838 0.075536054
1520616822.211994171 45.796261828 -22.524820880 -71.397041456 0.464747721 0.106836589 0.878392709 0.031964789
1520616822.261996031 45.696841273 -23.080761087 -72.222296592 0.449512759 0.095218958 0.888023551 -0.016905711
1520616822.311996937 44.742933718 -23.239439374 -72.477015217 0.435503205 0.069885278 0.895483796 -0.059680636
1520616822.361999273 44.305505274 -22.963640885 -73.332930838 0.406317094 0.036503399 0.908362707 -0.091929940
1520616822.412000179 43.697158946 -22.688986957 -74.077564953 0.363081119 -0.000799167 0.924614990 -0.115145917
1520616822.462002039 43.438393617 -22.949424240 -75.007733178 0.318409181 -0.031968365 0.937229644 -0.138543172
1520616822.511841774 42.780953732 -22.437004865 -75.560181529 0.263592088 -0.072583285 0.951471865 -0.141252142
1520616822.561844110 42.148477187 -23.013218134 -76.077822030 0.211001173 -0.107098863 0.960607955 -0.145741876
1520616822.611845016 41.669603987 -23.555553989 -76.768149690 0.151280286 -0.133959438 0.969980952 -0.135300027
1520616822.661846876 41.709355892 -23.485013150 -77.764866188 0.086717004 -0.156293084 0.977274421 -0.113962005
1520616822.711848974 41.616599847 -23.315783528 -78.746068334 0.027190895 -0.176649801 0.979864990 -0.088994968
1520616822.761849880 41.371423299 -23.412935192 -79.710666703 -0.021754527 -0.194735602 0.978884756 -0.058218722
1520616822.811851978 41.645757524 -23.239633854 -80.656556432 -0.066312803 -0.213153410 0.974379109 -0.027451545
1520616822.861854076 41.728461103 -22.874581388 -81.583862647 -0.096126610 -0.227067520 0.969083989 0.008731432
1520616822.911854982 41.699094279 -21.985128106 -82.039944271 -0.115160245 -0.253014580 0.959254235 0.050527741
1520616822.961549759 41.838637583 -21.531222293 -82.919999485 -0.128968067 -0.270627604 0.949824892 0.089222257
1520616823.011550903 41.886208583 -21.455939612 -83.916026351 -0.136015006 -0.269721603 0.944186665 0.131383851
1520616823.061552763 42.193059100 -21.105810656 -84.801041873 -0.144841424 -0.276999791 0.934718963 0.169093283
1520616823.111553669 42.386600459 -20.528850233 -85.594552057 -0.148345734 -0.287679502 0.924750843 0.200174737
1520616823.161555767 42.147076726 -20.404055881 -86.557388882 -0.135609686 -0.295423795 0.918053956 0.226961952
1520616823.211557627 42.343327560 -20.099095874 -87.489314311 -0.136873067 -0.309044715 0.906096236 0.254453804
1520616823.261558533 42.674629268 -20.060222940 -88.432038063 -0.140795884 -0.317310834 0.894393807 0.282046224
1520616823.311560869 42.949708575 -19.635262180 -89.294441522 -0.139194551 -0.332419743 0.880454513 0.308093884
1520616823.361238003 43.501686422 -19.437560372 -90.104524513 -0.146510289 -0.341841052 0.867538541 0.330236748
1520616823.411240101 43.862285184 -19.349894505 -91.033116581 -0.149096454 -0.343714920 0.860443423 0.345351150
1520616823.461263180 44.537048048 -18.915999711 -91.630134491 -0.156940756 -0.350161555 0.852585571 0.354759538
1520616823.511243105 44.726694209 -18.339272915 -92.424754234 -0.161918068 -0.350113341 0.847350822 0.364965441
1520616823.561244011 45.386109259 -18.115454467 -93.142442951 -0.159281191 -0.341690382 0.846690342 0.375489879
1520616823.611246109 45.533221540 -17.639142780 -94.009325385 -0.138644108 -0.332067693 0.850945455 0.382623434
1520616823.661247015 45.935930637 -17.547396551 -94.920043790 -0.134519754 -0.319740053 0.849126222 0.398315696
1520616823.711248875 46.180671405 -17.064762437 -95.760975576 -0.126028526 -0.316465777 0.845374630 0.411470482
1520616823.761011839 46.904852304 -16.967464724 -96.443687214 -0.118503691 -0.314413425 0.845384500 0.415242244
1520616823.811013699 47.392756080 -16.758574634 -97.291221777 -0.103638612 -0.315520886 0.845977571 0.417166104
1520616823.861015558 47.990980079 -16.709235169 -98.091030294 -0.091961993 -0.318045883 0.844086035 0.421792097
1520616823.911016703 48.669185498 -16.424395615 -98.768454709 -0.085580715 -0.327311636 0.837788931 0.428547245
1520616823.961018801 48.661711564 -15.837714672 -99.578238390 -0.071963259 -0.336376288 0.831289417 0.436612170
1520616824.011019945 49.217248969 -15.497529734 -100.336955992 -0.055088170 -0.347938782 0.831226862 0.430076507
1520616824.061021805 49.337637998 -14.632053729 -100.823225224 -0.030435755 -0.370684565 0.831524853 0.412593064
1520616824.111022711 49.906073207 -14.281399081 -101.567485078 -0.024333697 -0.384906425 0.832844742 0.397019586
1520616824.161719322 50.500469083 -13.879990793 -102.264309970 -0.022214432 -0.404221779 0.834776326 0.373175237
1520616824.211720228 51.059786740 -13.699751224 -103.073431380 -0.016100521 -0.419446424 0.838862739 0.346575787
1520616824.261722565 51.683183095 -13.241138338 -103.706717417 -0.010127105 -0.433658000 0.843677519 0.316301161
1520616824.311724424 52.264964450 -12.750773367 -104.355618526 -0.001347432 -0.446729917 0.848034671 0.285075012
1520616824.361725330 52.972664926 -12.342284362 -104.932070406 0.003479542 -0.462418530 0.848691806 0.256669466
1520616824.411727428 53.180954587 -11.401340271 -105.198977944 0.015531070 -0.482776971 0.849799359 0.211012397
1520616824.461729288 53.629652029 -10.540479524 -105.438955818 0.018952431 -0.503644725 0.845990438 0.174020043
1520616824.511730194 54.189489917 -9.733854500 -105.628527996 0.017046629 -0.518732281 0.842963203 0.141560133
1520616824.561630011 53.970611263 -8.777213151 -105.820698398 0.021409476 -0.528339119 0.843551005 0.093920775
1520616824.611630917 54.367493995 -7.875912768 -105.994312097 0.012241193 -0.538738912 0.839346430 0.071471029
1520616824.661632776 54.593397936 -7.008798697 -106.438249701 -0.002783961 -0.545716064 0.836153042 0.055084634
1520616824.711633921 54.961501703 -6.330671972 -107.074365855 -0.021492347 -0.553056979 0.831889309 0.040326609
1520616824.761636019 55.061508381 -5.659502041 -107.808892634 -0.046797063 -0.561251140 0.825969241 0.024124786
1520616824.811637163 55.204538854 -4.734854093 -108.161835200 -0.068591614 -0.572258473 0.817157293 0.008330016
1520616824.861639023 54.954583971 -3.982367174 -108.771167616 -0.088012388 -0.580093606 0.809720176 -0.009922955
1520616824.911640882 55.110308270 -3.042208664 -109.074238432 -0.110112422 -0.586007712 0.802637007 -0.015622113
1520616824.961117744 55.069887768 -2.317399719 -109.762001601 -0.124969033 -0.585056277 0.801122213 -0.017178285
1520616825.011119604 54.939891781 -1.576620773 -110.421052127 -0.141227360 -0.579803663 0.802311353 -0.013380464
1520616825.061120749 54.851899169 -0.663150364 -110.818329251 -0.155437652 -0.577960467 0.801093986 -0.007018607
1520616825.111160994 54.951386837 0.323299624 -110.948784704 -0.177888109 -0.579243913 0.795483725 0.006160586
1520616825.161123991 54.887089794 1.224835798 -111.376684711 -0.193020989 -0.572254314 0.796802717 0.019321720
1520616825.211125851 54.836225938 2.223377842 -111.394758308 -0.199158559 -0.583835146 0.785927429 0.042313911
1520616825.261126757 54.632966825 3.011657627 -111.975534267 -0.208628985 -0.577272405 0.786991208 0.062252347
1520616825.311128855 55.029556010 3.925685398 -111.890268490 -0.227340019 -0.579152306 0.776487897 0.099828193
1520616825.361129761 54.951683176 4.827372119 -112.315588226 -0.223086024 -0.570841353 0.780500092 0.123257383
1520616825.410990953 55.303221026 5.762801491 -112.352911551 -0.233898733 -0.573627065 0.769600055 0.154787366
1520616825.460992813 55.448801649 6.737124047 -112.524672545 -0.231116077 -0.581899736 0.758513524 0.180652402
1520616825.510993719 55.649509690 7.716020518 -112.563117064 -0.220532943 -0.584114507 0.755940128 0.196799354
1520616825.560995817 56.057457012 8.620714467 -112.440203107 -0.216511788 -0.588814598 0.747472690 0.218413811
1520616825.610996723 56.510399621 9.512091486 -112.457232579 -0.212121505 -0.592233106 0.738613803 0.242309854
1520616825.660998821 56.681624665 10.299725637 -113.049106239 -0.200662928 -0.601651441 0.722023051 0.276464548
1520616825.710999966 57.414711479 10.976614884 -112.982738550 -0.198396656 -0.600794328 0.712635330 0.303044269
1520616825.761001825 58.265526770 11.460225195 -112.777228432 -0.199671286 -0.603762562 0.701734937 0.321201220
1520616825.811155796 59.133333951 11.952062598 -112.847986224 -0.200708954 -0.605525877 0.689798667 0.342391775
1520616825.861157656 59.688491573 12.780323118 -112.924042296 -0.193571508 -0.609855212 0.683846235 0.350657978
1520616825.911159754 60.623298861 13.134073085 -112.892478168 -0.192681935 -0.618227153 0.671600946 0.360029205
1520616825.961160898 61.503386350 13.594646842 -112.777075284 -0.189629773 -0.630061610 0.660958897 0.360827180
1520616826.011162758 62.366552125 14.065598045 -112.595004394 -0.183453318 -0.647283401 0.653494510 0.346863091
1520616826.061164618 63.270654959 14.463608567 -112.439486898 0.178227509 0.666677502 -0.643089397 -0.331982063
1520616826.111165762 64.228908566 14.744144702 -112.384264616 0.168913299 0.687307365 -0.629524148 -0.320587322
1520616826.161167622 65.163964775 15.066495580 -112.531776641 0.159253550 0.703597941 -0.619029070 -0.310469412
1520616826.211901903 65.963161974 15.667447003 -112.543660465 0.145427060 0.722268492 -0.612966993 -0.285395622
1520616826.261903048 66.513864718 16.502107678 -112.551909406 0.124629748 0.742748807 -0.605608242 -0.256963601
1520616826.311903954 67.307986401 17.043594696 -112.827885060 0.108355180 0.757917296 -0.598895426 -0.234829292
1520616826.361905813 68.112911502 17.589731057 -113.059899406 0.091539299 0.775549166 -0.587704626 -0.211535627
1520616826.411907911 68.908429907 18.166785797 -112.875079778 0.077931211 0.797022167 -0.570287496 -0.182905887
1520616826.461908817 69.448714975 18.998581977 -113.002387123 0.057266925 0.814771520 -0.557504093 -0.148516178
1520616826.511909723 69.902063935 19.848457272 -112.733711291 0.038352392 0.837921543 -0.534338530 -0.104397880
1520616826.561913013 70.526669547 20.620180616 -112.614083075 0.023407491 0.852969043 -0.517253662 -0.065913210
1520616826.612506151 70.980272843 21.485203641 -112.399655428 0.005105228 0.864906932 -0.501178264 -0.027023763
1520616826.662507057 71.417335147 22.218730656 -111.879160798 -0.008366086 0.880033342 -0.474665449 0.012807689
1520616826.712509394 71.648943547 23.048431459 -111.371268952 -0.017732518 0.889975191 -0.453199223 0.047330556
1520616826.762565136 72.113708533 23.654386355 -110.725659030 -0.023410806 0.901225873 -0.426416919 0.073569497
1520616826.812512159 72.462839242 24.424211495 -110.191358552 -0.034726947 0.909764919 -0.401055987 0.101370248
1520616826.862513304 72.486056410 25.271343938 -109.660484190 -0.040779706 0.915377080 -0.376626136 0.136288555
1520616826.912515163 72.327091856 25.921409281 -108.917419374 -0.044703779 0.917503056 -0.353164172 0.177383148
1520616826.962517023 72.245070884 26.343082309 -108.014388689 -0.051379962 0.919798061 -0.324065540 0.215204905
1520616827.011626482 72.519251610 27.056452101 -107.369463523 -0.059389511 0.916166156 -0.307026266 0.250693701
1520616827.061628580 72.595325808 27.238888068 -106.389193237 -0.067382547 0.911727321 -0.278930668 0.293956743
1520616827.111629725 72.240937626 27.567299563 -105.513662023 -0.077281839 0.901026396 -0.248628575 0.346933398
1520616827.161631584 72.107749869 28.040114926 -104.642624335 -0.087511448 0.886279013 -0.220043386 0.398035383
1520616827.211632490 71.451196015 28.107615496 -103.891371575 -0.093600792 0.866325006 -0.179811940 0.456494843
1520616827.261634588 71.449923513 28.207713587 -102.896394815 -0.101187519 0.851244212 -0.140311110 0.495436344
1520616827.311635494 71.249799645 28.355411004 -101.927820651 -0.104535973 0.827744423 -0.100344054 0.542072386
1520616827.361637354 70.798218656 27.720076849 -101.301382208 -0.102237606 0.798628665 -0.050276935 0.590941585
1520616827.411665440 70.447467597 27.780613302 -100.366872159 -0.105041409 0.775362695 -0.020988250 0.622365236
1520616827.461434364 70.203438319 27.683232007 -99.402006057 -0.109379968 0.756767175 0.007666751 0.644422755
1520616827.511436462 69.614552151 27.814473454 -98.604517020 -0.105974342 0.735329756 0.021946749 0.669012652
1520616827.561437607 69.124301017 27.639907622 -97.750596300 -0.107434361 0.711498577 0.052598698 0.692431231
1520616827.611439466 68.340420251 28.106176875 -97.340567120 -0.097342139 0.686806375 0.064002092 0.717443548
1520616827.661440611 67.565662802 27.638986984 -96.914557142 -0.098496207 0.660430888 0.090094921 0.738926549
1520616827.711442471 66.755896015 27.944211996 -96.413442940 -0.088856743 0.642894544 0.114396452 0.752133323
1520616827.761444330 65.847126158 27.684527182 -96.086791530 -0.077392842 0.620176382 0.139008028 0.768159079
1520616827.811445713 64.988494899 27.229029910 -95.851686028 -0.062498168 0.599532908 0.165917566 0.780465010
1520616827.861900806 64.118822733 27.394439521 -95.386594656 -0.039649760 0.588305811 0.183409393 0.786565422
1520616827.911902905 63.444698561 26.661769579 -95.480143342 -0.023754883 0.573414388 0.196806936 0.794920547
1520616827.961904764 62.530209865 26.382172171 -95.187678448 -0.003838372 0.561834787 0.209310188 0.800322550
1520616828.011905909 61.724978000 25.828498007 -95.399920204 0.008517180 0.545216496 0.221460489 0.808468726
1520616828.061906815 60.925554385 25.259717365 -95.593338054 0.015375706 0.527036857 0.235993767 0.816273656
1520616828.111908674 60.075917894 24.779137390 -95.810503246 0.026467162 0.509481012 0.251631690 0.822441536
1520616828.161909819 59.140640239 24.434928274 -95.892818449 0.037570955 0.498292999 0.255178950 0.827753716
1520616828.211911678 58.631666180 23.877290967 -96.548551658 0.048478449 0.480121106 0.267083121 0.834146372
1520616828.261740685 57.807262464 23.315723031 -96.619262097 0.057333674 0.472625083 0.270301633 0.836824598
1520616828.311742544 56.952025187 22.854799526 -96.856156004 0.072804827 0.461442282 0.270242748 0.841866577
1520616828.361743689 56.219722256 22.333011594 -97.293728593 0.081945763 0.456046924 0.274350180 0.842637569
1520616828.411818504 55.849230119 21.791399737 -98.048309386 0.080343699 0.446649908 0.281606601 0.845426799
1520616828.461746454 55.339810716 21.263803998 -98.728114216 0.075324154 0.430498275 0.298288971 0.848540628
1520616828.511748791 55.090944379 21.070866724 -99.677240527 0.074515456 0.411688960 0.308676437 0.854212213
1520616828.561749697 54.324977948 20.660890143 -100.172432036 0.080736714 0.399656541 0.318770642 0.855652681
1520616828.611751556 53.546224826 20.568531644 -100.792926582 0.095010156 0.385000503 0.324199458 0.858861103
1520616828.661351204 52.655174595 20.335592399 -101.182501727 0.111446968 0.382712651 0.326390577 0.857076304
1520616828.711352348 51.974544743 20.933822327 -101.605424838 0.129711671 0.378755121 0.320000668 0.858672821
1520616828.761354446 51.464268190 20.385731490 -102.268157268 0.132423403 0.374017852 0.330688209 0.856282662
1520616828.811355591 50.542814124 20.313024631 -102.649780273 0.138557981 0.380488286 0.328799827 0.853182878
1520616828.861357450 49.760668213 19.998409394 -103.187613915 0.130800257 0.388949848 0.333835386 0.848624324
1520616828.911358356 48.839197538 20.384485119 -103.144749839 0.134781439 0.395966149 0.340476234 0.842093051
1520616828.961360455 47.887746432 20.392092735 -103.452455734 0.130182547 0.412894132 0.347741263 0.831653146
1520616829.011361361 47.751567797 20.652358382 -104.408341278 0.116532120 0.419492041 0.355448070 0.827105412
1520616829.061174631 46.898501495 20.336331296 -104.823557807 0.100625571 0.435758227 0.367284444 0.815531360
1520616829.111176491 46.031525160 19.861436434 -104.974643559 0.087131162 0.462790412 0.379325473 0.796458022
1520616829.161177635 45.318695476 19.160946831 -105.009113230 0.069050300 0.501580149 0.382617893 0.772821427
1520616829.211179733 44.452556343 18.875977438 -104.598509471 0.062555275 0.538795597 0.374286237 0.752127619
1520616829.261180401 43.794757940 18.394579081 -105.177782191 0.054771486 0.562553743 0.375411787 0.734574272
1520616829.311182737 43.182846224 18.240305051 -105.953516407 0.047519166 0.584102915 0.372245857 0.719721290
1520616829.361184597 42.443311061 17.760565706 -106.425679413 0.036997437 0.600815110 0.374966655 0.705019433
1520616829.411185503 41.676769574 17.569364066 -107.038750437 0.030569291 0.614341345 0.379043879 0.691358061
1520616829.461228371 40.906138699 16.946158030 -106.905550246 0.009585439 0.642003845 0.377032512 0.667522035
1520616829.511229277 40.154591014 16.288798154 -106.960813889 -0.008299773 0.667967959 0.372644478 0.644116459
1520616829.561231136 39.236839056 15.941501577 -107.153470139 -0.022723372 0.686372712 0.371252761 0.624938026
1520616829.611233473 38.376199988 15.433864194 -107.193528625 -0.046549130 0.706959936 0.366818337 0.602897284
1520616829.661234379 37.377030959 15.404577674 -107.165181642 -0.068276661 0.723190332 0.354122704 0.589008618
1520616829.711235523 36.555919718 14.837850405 -107.232979373 -0.093859527 0.735782704 0.348313442 0.573142171
1520616829.761237383 35.752796794 14.248405110 -107.146101226 -0.123591829 0.747356901 0.343150762 0.555364994
1520616829.811238289 34.759781717 14.131976586 -107.126984319 -0.136686611 0.760183380 0.324057735 0.546282513
1520616829.861240387 33.862318166 13.761791908 -106.887145875 -0.160027806 0.775461854 0.303466853 0.530054605
1520616829.912132740 33.206380469 13.054145945 -106.624499862 -0.193360192 0.788252843 0.282515319 0.511326105
1520616829.962133646 32.573063389 12.319897652 -106.379982132 -0.225890910 0.796091053 0.258774998 0.498244752
1520616830.012135506 32.095319801 11.848698276 -105.638542848 -0.256914032 0.808748447 0.227376141 0.477725046
1520616830.062225580 31.505650368 11.140715800 -105.249890338 -0.281333362 0.812700150 0.204513680 0.467487070
1520616830.112138510 30.876407063 10.526593241 -104.773543462 -0.300526394 0.816274635 0.182510473 0.458333432
1520616830.162139654 30.537361516 10.130957924 -103.920009155 -0.322578844 0.823703155 0.156983305 0.439103910
1520616830.212141752 29.933982905 9.551531231 -103.372105003 -0.345718940 0.820088556 0.138958169 0.434308419
1520616830.262143612 29.092554745 9.070613658 -103.125696929 -0.366011637 0.814028226 0.107420294 0.438011882
1520616830.313514233 28.355148633 8.802571361 -102.505708581 -0.381895574 0.810168113 0.073796259 0.438563007
1520616830.363516331 27.873018061 8.561075391 -101.663550752 -0.399825422 0.808099290 0.050351689 0.429627602
1520616830.413517237 27.165533783 8.209267709 -101.050609196 -0.410895682 0.801302196 0.038480725 0.433126729
1520616830.463519335 26.796182793 7.886169289 -100.179295672 -0.420294610 0.797782343 0.034568015 0.430930186
1520616830.513520241 26.205193243 8.102273698 -99.402101851 -0.423565052 0.795817949 0.029413303 0.431742164
1520616830.563522100 25.487712061 7.979660832 -98.716400138 -0.417795874 0.794733519 0.031345216 0.439161382
1520616830.613523245 25.105625418 7.382288767 -98.011306943 -0.416309187 0.792178133 0.064801702 0.441521467
1520616830.663525105 24.600872112 6.752787346 -97.420585299 -0.408236694 0.787815123 0.101116549 0.449961752
1520616830.714658260 24.184502263 6.164032730 -96.727761980 -0.396253675 0.789286863 0.136886255 0.448632841
1520616830.764658928 23.424166456 5.910408172 -96.129795389 -0.368901988 0.791166991 0.155413861 0.462398797
1520616830.814661026 22.938054600 5.145353870 -95.707436326 -0.345397494 0.792645421 0.185448651 0.466928908
1520616830.864662170 22.240876223 4.817900172 -95.069693128 -0.323291792 0.798676349 0.201925769 0.465644167
1520616830.914664030 21.626480713 4.133104695 -94.677808819 -0.295325153 0.804639021 0.219521908 0.465992738
1520616830.964664936 20.963304771 3.448468017 -94.375368266 -0.271565467 0.819108638 0.232250338 0.448746050
1520616831.014668226 20.415624304 2.647533518 -94.133397121 -0.258789634 0.828000526 0.259111886 0.424622284
1520616831.064669132 19.990599237 1.818605135 -93.769760724 -0.253367367 0.842283709 0.282610254 0.382746098
1520616831.116019964 19.424457402 1.076894176 -93.410110512 -0.250901361 0.855795529 0.299941779 0.338670118
1520616831.166022062 18.788068881 0.576159558 -92.823361423 -0.245250474 0.870760978 0.299151609 0.303538860
1520616831.216024160 18.098899587 -0.146203151 -92.766459742 -0.241387368 0.878223500 0.313821969 0.268274848
1520616831.266025066 17.682422613 -0.766179726 -92.101496603 -0.242297625 0.889380614 0.320081626 0.218727540
1520616831.316025972 17.420412453 -1.469450397 -91.440617613 -0.252806014 0.895925049 0.326898185 0.162926372
1520616831.366029263 17.498195646 -1.884794826 -90.534285014 -0.270964258 0.901338263 0.323808741 0.096517386
1520616831.416029930 16.976343150 -2.297841830 -89.787919054 -0.286316322 0.901166036 0.321582248 0.050075915
1520616831.466031313 17.645316140 -2.823656801 -89.262567976 -0.326433622 0.885631913 0.329085062 -0.028288277
1520616831.515218973 17.699968045 -3.747919103 -88.884742135 -0.357409968 0.866059600 0.339678141 -0.082569029
1520616831.565220118 17.366930459 -4.253374138 -88.088751448 -0.385028050 0.852527265 0.328977388 -0.129323398
1520616831.615222216 17.627970181 -4.780388824 -87.279978436 -0.412280053 0.835863187 0.313846699 -0.181268145
1520616831.665223122 18.082633831 -5.099453365 -86.448426403 -0.426751850 0.817774700 0.307734704 -0.233295417
1520616831.715225220 18.581361662 -5.583625795 -85.729505261 -0.438997187 0.797526720 0.307692444 -0.276691092
1520616831.765226126 19.240499439 -5.823667117 -85.016821913 -0.450185772 0.777310055 0.308464492 -0.313004004
1520616831.815227985 20.162939058 -5.819583712 -84.630702144 -0.464026457 0.747989852 0.303032060 -0.365187896
1520616831.865230083 20.970733712 -6.217838950 -84.196121242 -0.478493999 0.719045922 0.301164569 -0.404124186
1520616831.912727594 21.850697856 -5.941517165 -83.809715526 -0.494126417 0.694110364 0.294583817 -0.432747340
1520616831.962729454 22.715523447 -5.840074037 -83.317998138 -0.509743009 0.665086654 0.286442504 -0.464513186
1520616832.012730837 23.592594408 -5.923526559 -82.844941899 -0.523619204 0.632093311 0.271438281 -0.502595499
1520616832.062732697 24.377337292 -5.511946540 -82.381497734 -0.539457445 0.588725390 0.249993624 -0.547623290
1520616832.112733603 25.116920418 -5.771584304 -81.760526695 0.552483070 -0.547290250 -0.235387130 0.582948315
1520616832.162735701 26.001509203 -5.345221414 -81.949517081 0.561090390 -0.487874499 -0.222174936 0.630709399
1520616832.212736607 26.951426952 -5.155402421 -81.701273208 0.573170508 -0.434264200 -0.205197410 0.663915805
1520616832.262738466 27.877968271 -5.229026267 -81.332354906 0.582751534 -0.382300422 -0.189452690 0.691631922
1520616832.312740803 28.521059143 -4.494388603 -81.548553039 0.595029262 -0.327599046 -0.170747160 0.713767784
1520616832.361881971 28.931471838 -3.648514657 -81.889226913 0.605051889 -0.269948445 -0.142507846 0.735344520
1520616832.411883831 29.639083299 -3.103904156 -82.339432891 0.612979536 -0.208685960 -0.120873894 0.752393355
1520616832.461884737 30.540718071 -3.201799579 -81.918159554 0.620871047 -0.153950573 -0.101609145 0.761901533
1520616832.511886835 30.901674688 -2.370366486 -82.340568517 0.627083765 -0.082317624 -0.074921983 0.770958142
1520616832.561888933 30.918857122 -3.150408892 -81.715077823 0.627386225 -0.011043438 -0.052196671 0.776878417
1520616832.611889839 30.742532704 -4.083474319 -81.401551735 0.624918336 0.059008569 -0.029223803 0.777908112
1520616832.661891937 31.460350937 -3.570022166 -81.871768567 0.617562335 0.113568339 -0.015595189 0.778123245
1520616832.711893797 31.977906253 -2.821436806 -82.286203669 0.612418303 0.169885819 -0.001827850 0.772061714
1520616832.761738777 32.454696876 -1.967678758 -82.495411455 0.606800437 0.223772358 0.008258695 0.762660446
1520616832.811741114 33.307298897 -1.453862795 -82.590610981 0.598365020 0.271127392 0.000347962 0.753955648
1520616832.861742020 33.175555728 -0.666406131 -83.192736998 0.582641422 0.316628111 0.007805622 0.748474906
1520616832.911743879 33.246760317 0.180851344 -83.719125331 0.568458011 0.349425572 0.009709845 0.744756993
1520616832.961745024 32.569492934 0.900919454 -83.870157806 0.553392054 0.391267107 0.014765567 0.735152544
1520616833.011745930 32.248308384 1.801020523 -84.164536049 0.538447133 0.418600965 0.006595195 0.731303234
1520616833.061748743 31.620576826 2.545010988 -84.393514825 0.522506445 0.446818165 0.000560300 0.726181952
1520616833.111749887 31.074270342 3.188132737 -84.930118628 0.514372987 0.464661349 -0.005814528 0.720747149
1520616833.161661386 30.987328561 4.053318587 -85.423975460 0.502373906 0.470288514 -0.017992240 0.725345057
1520616833.211663246 30.582773783 4.637343711 -86.127715531 0.483842621 0.482609365 -0.018227214 0.729830314
1520616833.261665106 29.782749584 5.235277091 -86.078350019 0.473883755 0.494088700 -0.017551597 0.728699173
1520616833.311669111 29.093172429 5.953952530 -86.167731002 0.470795644 0.506142132 -0.023013724 0.722247861
1520616833.361667156 28.287759294 6.311737984 -86.640276504 0.472434632 0.503040188 -0.034634969 0.722880700
1520616833.411669016 27.630932279 6.981087479 -86.293074077 0.478881626 0.510536810 -0.049754268 0.712424779
1520616833.461671352 26.828680577 7.509614410 -86.570655579 0.481841887 0.508428469 -0.064397023 0.710761501
1520616833.511672258 26.469787231 8.206625309 -87.191438450 0.475862874 0.501529600 -0.080353892 0.718029135
1520616833.561608076 25.819706673 8.873137036 -86.826531085 0.470503469 0.508442536 -0.087006099 0.715920814
1520616833.611609221 25.354852783 9.758138826 -86.800402696 0.464279161 0.509314064 -0.094631511 0.718393292
1520616833.661611080 24.762726995 10.557128024 -86.905299370 0.453750404 0.501482736 -0.101976801 0.729538463
1520616833.711611986 24.311476141 11.263030160 -87.451261679 0.438103019 0.478863334 -0.112901863 0.752335577
1520616833.761614084 23.709698893 12.052109793 -87.574620810 0.429614715 0.462692813 -0.117721683 0.766477764
1520616833.811614990 23.056161067 12.745733817 -87.877563090 0.421363851 0.446892899 -0.114720132 0.780755105
1520616833.861617088 22.372472226 13.408994411 -88.181955851 0.419439874 0.421055450 -0.110383719 0.796616554
1520616833.911619186 21.932272769 14.167640696 -88.662247691 0.413880854 0.392461195 -0.105717168 0.814555541
1520616833.961606264 21.312529202 14.947741505 -88.748041861 0.413179612 0.369093625 -0.092001694 0.827398448
1520616834.011608124 20.670819826 15.447628683 -89.329696300 0.410911965 0.334419667 -0.075156727 0.844787730
1520616834.061609268 20.295298571 16.073787861 -90.013003311 0.394573464 0.303286361 -0.053911647 0.865692035
1520616834.111611128 19.886008098 16.735300150 -90.641400320 0.400111794 0.265832907 -0.029985634 0.876552497
1520616834.161612272 19.970714963 17.578941644 -91.171583096 0.392649853 0.225036879 -0.011431765 0.891657900
1520616834.211614370 19.601365215 18.418264342 -91.570479289 0.390635900 0.205846363 0.031594849 0.896678668
1520616834.261616230 19.663097485 19.142349354 -92.257421806 0.385766898 0.177689185 0.073863331 0.902305193
1520616834.311617374 20.397713840 18.766086504 -91.692828963 0.371826298 0.170067592 0.121254246 0.904499655
1520616834.361657619 20.186208487 19.407684670 -92.430133024 0.363736360 0.158494231 0.164906148 0.902984718
1520616834.411658525 19.678371452 20.025516072 -93.030454525 0.357296481 0.158726838 0.209579249 0.896226285
1520616834.461659431 19.240821565 20.798119960 -93.490490751 0.345765729 0.165028714 0.256201566 0.887452726
1520616834.511660576 18.382786180 21.080752423 -93.919319586 0.327451745 0.173744462 0.299029410 0.879300647
1520616834.561663628 18.002742619 21.916163870 -94.316377019 0.305363383 0.183527869 0.330502999 0.873978543
1520616834.611664534 17.330681672 22.468082605 -94.810056868 0.272863547 0.199573738 0.361006267 0.869131914
1520616834.661666632 17.160367325 22.877913046 -95.706177414 0.234277211 0.218451005 0.395165058 0.860951755
1520616834.711667538 16.615171519 22.904774539 -96.544055683 0.180697749 0.243860923 0.425047067 0.852769116
1520616834.761668682 15.892198092 22.638152699 -97.181411327 0.122446623 0.278446699 0.462531633 0.832789739
1520616834.811499596 15.281934752 22.088255652 -97.751667317 0.053694777 0.303705773 0.487800413 0.816658087
1520616834.861500502 14.752070786 21.691554833 -98.501248959 -0.018305493 0.328008381 0.508107691 0.796179619
1520616834.911502361 14.038617965 21.810833043 -99.191725447 -0.066494743 0.356684771 0.524165832 0.770457399
1520616834.961504698 13.395329080 21.385948930 -99.828634311 -0.127088078 0.384604840 0.530916129 0.744349247
1520616835.011505604 12.761416619 21.372224864 -100.601917339 -0.171552328 0.402016229 0.528375823 0.727854202
1520616835.061507463 11.967566921 21.444413704 -101.205731407 -0.207120818 0.427960400 0.515304488 0.713030257
1520616835.111508608 11.191630496 20.882698583 -101.492783297 -0.238962110 0.462281517 0.501865474 0.690886355
1520616835.161510468 11.028472305 20.005717176 -101.040806509 -0.310336633 0.512808657 0.542212058 0.588833202
1520616835.212774992 10.167742755 19.496954925 -101.023324746 -0.338767874 0.526411425 0.539431973 0.563152276
1520616835.262776852 9.200406724 19.742989474 -101.084382140 -0.349655175 0.541083180 0.530059343 0.551368610
1520616835.312777996 9.101253157 18.786638838 -100.809496651 -0.377950180 0.545637518 0.538263302 0.519332242
1520616835.362780094 8.912293478 17.882748434 -101.193262695 -0.413544701 0.540980202 0.532613997 0.502636580
1520616835.412781000 8.877459343 16.883356177 -101.194566559 -0.445824211 0.540313405 0.522906974 0.485665002
1520616835.462783098 9.502340341 16.518790024 -100.504193283 -0.511426461 0.542440180 0.511784703 0.426940328
1520616835.512784958 9.222626578 15.571787309 -100.346250040 0.549893019 -0.536107393 -0.492734324 -0.409169179
1520616835.562786102 9.146836264 14.778902961 -99.741609454 0.586355376 -0.532359156 -0.474889364 -0.383746263
1520616835.613473654 9.286899527 14.049807937 -99.071682049 0.623578995 -0.521976700 -0.453372891 -0.364887082
1520616835.663474560 9.419776266 13.082070474 -98.857607352 0.654825713 -0.505590838 -0.437735917 -0.352091547
1520616835.713476419 9.316581709 12.279016842 -98.270703828 0.686751866 -0.495441173 -0.413310214 -0.334790360
1520616835.763478518 9.599335409 11.347496965 -98.041965845 0.712454791 -0.478006381 -0.400456698 -0.321795750
1520616835.813479424 9.638818274 10.718191036 -97.265811768 0.742670663 -0.459410376 -0.378235109 -0.307116583
1520616835.863481522 9.519249845 9.725477908 -97.250843930 0.771981303 -0.439144376 -0.350211129 -0.297572261
1520616835.913483620 9.913775288 8.823306790 -97.076382047 0.801271469 -0.417550605 -0.318922423 -0.286188772
1520616835.963484526 10.242996555 7.955481745 -96.704235504 0.827211297 -0.399066380 -0.289823679 -0.269202024
1520616836.012620211 10.596507641 7.058918702 -96.437393564 0.850186825 -0.381152394 -0.256319765 -0.257304088
1520616836.062621355 11.007797173 6.175731924 -96.211956132 0.869921298 -0.361154548 -0.225439078 -0.248960940
1520616836.112623215 11.385622656 5.671023952 -95.435735952 0.891189348 -0.344542761 -0.181322413 -0.232796080
1520616836.162625074 11.825539541 5.423321838 -94.572534471 0.910628649 -0.327739132 -0.138996936 -0.209815103
1520616836.212626219 12.283351744 4.933367496 -93.830676851 0.923782948 -0.311352890 -0.105597546 -0.196299775
1520616836.262627125 12.603432505 4.534610975 -92.971292452 0.935767745 -0.292587655 -0.069016654 -0.184303809
1520616836.312628984 12.914395979 4.062852009 -92.146219610 0.941046051 -0.278678671 -0.046888463 -0.185935473
1520616836.362630129 13.045192915 3.638999411 -91.249982400 0.944232427 -0.267815206 -0.023437416 -0.190133709
1520616836.412460089 13.095349966 3.380868938 -90.285175202 0.946621255 -0.261462350 0.001378036 -0.188530477
1520616836.462462187 13.114980158 3.028840660 -89.349391708 0.949539863 -0.248605161 0.023235935 -0.189814683
1520616836.512463093 13.245347672 2.394016937 -88.587812328 0.951598654 -0.231933943 0.031438011 -0.199194123
1520616836.562465191 13.078116869 1.916779680 -87.725096582 0.954061505 -0.219099656 0.046224235 -0.199061061
1520616836.612475157 12.578756761 1.291244251 -87.125642739 0.953278041 -0.209218896 0.071004131 -0.206026316
1520616836.662468195 12.145363859 0.706129013 -86.440215317 0.953165405 -0.200798152 0.097147510 -0.204250272
1520616836.712469101 11.895905913 0.075225155 -85.705551410 0.954053448 -0.189888552 0.118177940 -0.199394913
1520616836.762471199 11.606028929 -0.637483812 -85.066789121 0.952361190 -0.185961896 0.136742063 -0.199318703
1520616836.812472105 10.946525775 -1.161624211 -84.527964074 0.947682926 -0.188220710 0.161474238 -0.200987829
1520616836.863658428 10.426439130 -1.822737817 -83.987188075 0.943722812 -0.201031703 0.181143201 -0.190159538
1520616836.913659573 9.928295569 -2.422820656 -83.361285862 0.941206045 -0.204283308 0.203747208 -0.175745800
1520616836.963661432 9.254857400 -3.038034693 -82.951416711 0.939632503 -0.206725933 0.218490681 -0.163147084
1520616837.013662338 8.553291570 -3.619641054 -82.539665053 0.938232595 -0.207471265 0.233816670 -0.148340948
1520616837.063664436 7.729713170 -4.112826338 -82.259509928 0.935040429 -0.209528821 0.248353781 -0.141836062
1520616837.113666296 6.887411423 -4.437538533 -81.829289337 0.933771876 -0.219308939 0.253414854 -0.125517265
1520616837.163667202 6.056301574 -4.428131200 -81.273260631 0.933425139 -0.215874730 0.263820554 -0.111867449
1520616837.213669538 5.132822047 -4.358449745 -80.895994071 0.934141512 -0.216221025 0.265304910 -0.101199848
1520616837.264724493 5.667909065 -5.053269741 -80.415466178 0.942419128 -0.210964759 0.236087416 -0.107716242
1520616837.314726591 4.756493692 -4.946273155 -80.018132880 0.941746127 -0.219863744 0.233218105 -0.101899370
1520616837.364727497 4.342890250 -5.238786971 -79.155945047 0.943998396 -0.223864439 0.220428073 -0.100812728
1520616837.414729595 3.577865118 -5.089968494 -78.529375331 0.942111600 -0.235078781 0.215975817 -0.102558014
1520616837.464731455 3.167071072 -4.670967818 -77.719630504 0.940848528 -0.253266685 0.200114526 -0.103025284
1520616837.514732361 2.850223634 -4.413802394 -76.806682726 0.940050039 -0.267320363 0.182535620 -0.107361518
1520616837.564734459 2.016291194 -4.122237801 -76.338124541 0.937873589 -0.277680515 0.174378605 -0.113484649
1520616837.614735365 1.469004619 -3.808354630 -75.562267105 0.935975890 -0.288688785 0.161613942 -0.120369648
1520616837.665124178 1.128739024 -3.596806754 -74.646042886 0.935058423 -0.295878342 0.151248236 -0.123473572
1520616837.715126038 0.630395785 -3.234981745 -73.858174445 0.933275035 -0.305255929 0.140513615 -0.126777171
1520616837.765128136 0.251006028 -2.859495355 -73.012554328 0.929048287 -0.319774011 0.133159651 -0.129932174
1520616837.815128088 0.121260157 -2.572018029 -72.063595532 0.924463452 -0.335126635 0.121836688 -0.134956604
1520616837.865130186 -0.144570589 -2.748422736 -71.115853271 0.919892709 -0.346118368 0.117885744 -0.141783041
1520616837.915132046 -0.639040105 -2.812907842 -70.249053658 0.913111780 -0.354778129 0.126652633 -0.155943795
1520616837.965133190 -0.959476210 -2.730437704 -69.305380314 0.909303470 -0.359602388 0.125259858 -0.167819220
1520616838.015135050 -1.072359479 -2.245173804 -68.438329961 0.909106383 -0.357013615 0.133933250 -0.167716270
1520616838.065294027 -1.236954099 -1.700587379 -67.615934535 0.908238357 -0.354755444 0.135751564 -0.175565300
1520616838.115295172 -1.763473633 -1.914307697 -66.793073183 0.904523432 -0.361070129 0.132071051 -0.184453136
1520616838.165297031 -1.306234791 -1.987442928 -67.679404881 0.902119554 -0.368849453 0.124417873 -0.186146673
1520616838.215297937 -2.181188864 -2.347196872 -67.355317748 0.895648564 -0.383626199 0.126229560 -0.186308048
1520616838.265330076 -2.730298588 -3.032357951 -66.876744027 0.892388646 -0.388758669 0.133515514 -0.186233210
1520616838.315300941 -2.817358643 -3.579069177 -66.043961113 0.893098647 -0.392700446 0.129758611 -0.176985507
1520616838.365302801 -3.218228440 -4.145081073 -65.323590417 0.891597974 -0.398892485 0.127967182 -0.171936727
1520616838.415303946 -3.097098525 -4.437047072 -64.374863165 0.894302560 -0.397848378 0.124756976 -0.162404729
1520616838.464853287 -3.688286008 -4.838725393 -63.675469223 0.888092603 -0.409939042 0.134084393 -0.158943025
1520616838.514854431 -3.965712462 -5.305447774 -62.835704505 0.886671803 -0.413663729 0.134375865 -0.156966747
1520616838.564856529 -4.576536551 -4.653148032 -62.386929529 0.882403402 -0.423800412 0.150525750 -0.138200743
1520616838.614857197 -4.945726442 -5.178551100 -61.620345913 0.882258472 -0.424296190 0.150462783 -0.137672378
1520616838.664859533 -5.160499793 -5.556370236 -60.719721070 0.882726634 -0.424584892 0.154390410 -0.129170276
1520616838.714861393 -5.711721711 -5.485758380 -59.888355710 0.880792381 -0.428751587 0.163914265 -0.116228105
1520616838.764862299 -6.090588434 -5.725771131 -58.994569446 0.884392237 -0.420675938 0.172853553 -0.104898880
1520616838.814864397 -6.267260452 -5.969848170 -58.041042625 0.888461006 -0.409832403 0.181223523 -0.099158846
1520616838.864038229 -6.419698240 -6.147162555 -57.068765746 0.894269387 -0.392580703 0.194462630 -0.091361593
1520616838.914040089 -6.460806142 -6.112666724 -56.070206695 0.898270878 -0.378450205 0.204147528 -0.090601653
1520616838.964040995 -6.260699839 -6.383520786 -55.128614669 0.905152053 -0.358078673 0.210430357 -0.090545518
1520616839.014043331 -6.457574396 -6.158196626 -54.174429450 0.908480459 -0.337620407 0.227872972 -0.093539426
1520616839.064045191 -6.610489864 -6.125061752 -53.186745827 0.914190043 -0.311087803 0.244790668 -0.086939478
1520616839.114046097 -6.984575112 -6.107326144 -52.259521110 0.915160443 -0.288878833 0.263778832 -0.097216826
1520616839.164048195 -7.421673007 -5.866513354 -51.392944725 0.914095099 -0.271985962 0.285993739 -0.093066469
1520616839.214049101 -8.046560148 -5.524293119 -50.691231556 0.910842728 -0.256903700 0.309201710 -0.093596558
1520616839.264050961 -8.621011883 -5.337180306 -49.894366448 0.908143021 -0.244105390 0.329155877 -0.085704267
1520616839.313209534 -9.320281815 -5.425468074 -49.184981621 0.904151859 -0.228193818 0.350234274 -0.088164343
1520616839.363210440 -10.223573746 -5.202359477 -48.818530750 0.899331347 -0.212521796 0.372378372 -0.085860133
1520616839.413212299 -10.953196884 -5.271120019 -48.138146987 0.897190527 -0.204455659 0.384085916 -0.075664064
1520616839.463213444 -11.865824316 -5.250147056 -47.729893015 0.892426327 -0.201941868 0.397622087 -0.068493865
1520616839.513216257 -12.731752954 -5.467070010 -47.279213501 0.891093053 -0.197442765 0.402971031 -0.067704303
1520616839.563216448 -13.481630946 -5.764631646 -46.688332742 0.890821370 -0.192715166 0.407882224 -0.054131717
1520616839.613218307 -14.335509108 -6.038028879 -46.245448970 0.890998385 -0.189109969 0.410566602 -0.042359914
1520616839.663219213 -15.096690692 -6.335437193 -45.669123636 0.894849113 -0.184868415 0.405475995 -0.025650563
1520616839.712883234 -15.877406080 -6.250296097 -45.050064287 0.900347455 -0.182737431 0.394944556 -0.000537551
1520616839.762885332 -16.855503925 -6.191647711 -44.850352063 0.904939023 -0.180420394 0.385097802 0.015281655
1520616839.812886477 -17.724786942 -6.113055164 -44.362325170 0.911101547 -0.177611892 0.370868183 0.028368606
1520616839.862888336 -18.659991770 -5.970106312 -44.038353635 0.916241398 -0.178324098 0.356755417 0.037786087
1520616839.912935257 -19.450257965 -5.589792801 -43.557894506 0.924310575 -0.186902439 0.330289931 0.040323698
1520616839.962891340 -19.838520064 -5.622703012 -42.636933345 0.940541513 -0.190951923 0.279106126 0.031918592
1520616840.012892246 -20.797978015 -5.357733419 -42.540852371 0.944605766 -0.202626531 0.256772247 0.027026820
1520616840.062894344 -21.366412949 -4.922363928 -41.842758443 0.949138480 -0.214611024 0.228167246 0.031905520
1520616840.112398863 -22.158186544 -4.346732732 -41.638446670 0.949977606 -0.231475913 0.207134693 0.032506451
1520616840.162400961 -22.450235082 -3.718297871 -40.917490862 0.949548809 -0.248490506 0.184640194 0.050174962
1520616840.212402105 -22.979784231 -3.337602030 -40.159435207 0.948040723 -0.270050767 0.163588768 0.039116317
1520616840.262403965 -22.886876734 -3.376279995 -39.164511988 0.948535089 -0.290834644 0.124653521 0.012565596
1520616840.312405825 -23.457103503 -2.790664877 -38.588407513 0.944541703 -0.304405887 0.123189978 -0.001501938
1520616840.362406969 -23.786402441 -2.396529157 -37.730375320 0.939322831 -0.321842918 0.118203180 -0.010851920
1520616840.412408829 -24.523184569 -2.175760368 -37.091303151 0.930941658 -0.345514709 0.116996771 -0.016702414
1520616840.462409973 -24.724380824 -1.768440622 -36.200454852 0.923285709 -0.365690361 0.117390830 -0.005783774
1520616840.512948751 -25.224225985 -1.463351910 -35.389852796 0.912951576 -0.387877423 0.126721759 0.003481356
1520616840.562949896 -25.947591554 -1.136989035 -34.781387902 0.899387619 -0.416183786 0.133539661 0.007754066
1520616840.612951994 -26.245860674 -0.513900120 -34.058341751 0.888104386 -0.436660018 0.142119325 0.020018141
1520616840.662953854 -26.536158607 -0.799752958 -33.145097389 0.878823952 -0.455946855 0.139733582 0.015982869
1520616840.712954998 -26.803255509 -0.449012655 -32.247522609 0.867258952 -0.475223938 0.147211912 0.018782245
1520616840.762956858 -26.748874449 -0.191305401 -31.282831119 0.853008735 -0.498207741 0.152563633 0.029824189
1520616840.812958002 -26.782334360 0.243963303 -30.383152515 0.835868195 -0.519290139 0.166477761 0.062827279
1520616840.862959862 -26.832789561 0.701969666 -29.495636631 0.819035269 -0.538351622 0.176360458 0.090861141
1520616840.913885832 -26.956454425 1.163609631 -28.617231518 0.799656468 -0.556307276 0.188480703 0.124686697
1520616840.963887930 -27.126908039 1.486937191 -27.686422808 0.780838876 -0.570342626 0.201582500 0.156091110
1520616841.013888836 -27.424372939 2.012436903 -26.889325144 0.755957964 -0.585287423 0.215968021 0.198302805
1520616841.063889742 -27.960855238 2.222232161 -26.071906834 0.736877226 -0.591852878 0.228834970 0.233145196
1520616841.113891840 -27.818135652 2.801558065 -25.269402867 0.720840753 -0.593397158 0.241345929 0.264613991
1520616841.163893938 -27.356622839 3.500656918 -24.723264865 0.699104025 -0.588026822 0.258500231 0.314094969
1520616841.213894844 -27.038387950 4.325894274 -24.256670971 0.679049231 -0.577302213 0.275930954 0.359828299
1520616841.263895988 -26.793327580 4.810279693 -23.416839928 0.669767351 -0.557231499 0.289868332 0.396082191
1520616841.313215733 -26.416628503 5.500254205 -22.798751764 0.659356574 -0.538499518 0.305564726 0.426494286
1520616841.363217831 -25.716164859 6.135277659 -22.473028112 0.649119805 -0.511616206 0.308329249 0.470983450
1520616841.413218737 -25.362360533 6.946524881 -22.007517164 0.637086080 -0.489026081 0.318919363 0.503254666
1520616841.463220835 -25.030255725 7.833582868 -21.686838937 0.623017917 -0.476328507 0.319231299 0.532025570
1520616841.513221741 -24.559217685 8.712106723 -21.607346794 0.607855467 -0.457023154 0.318891943 0.565640784
1520616841.563284874 -24.171798372 9.628387718 -21.505683555 0.597837796 -0.424279660 0.323720005 0.598148893
1520616841.613224745 -23.916834813 10.560131011 -21.764233393 0.581655467 -0.398481218 0.331799537 0.626736551
1520616841.663226604 -23.429656693 11.432258909 -21.718951953 0.574088046 -0.365113280 0.329536107 0.654615278
1520616841.713227987 -22.981691020 12.319138074 -21.605938221 0.568137777 -0.336163733 0.322558190 0.678358036
1520616841.762060165 -22.968503569 12.803980033 -20.731435867 0.582583764 -0.309873635 0.313234532 0.682977757
1520616841.812061071 -23.403448173 13.161633764 -21.557817741 0.574976172 -0.275179882 0.321866386 0.700057472
1520616841.862063169 -22.978277533 14.064373819 -21.492317197 0.575347233 -0.245182576 0.311339825 0.715491844
1520616841.912065029 -22.840908093 14.827514478 -22.123780553 0.566019232 -0.218967825 0.307925636 0.732705346
1520616841.962065935 -23.172043023 15.253709098 -22.965628404 0.558552041 -0.181675389 0.302452321 0.750690525
1520616842.012068272 -23.313703763 16.232320953 -22.816460472 0.563380977 -0.161691627 0.295233855 0.754516178
1520616842.062069178 -23.753831017 16.912016357 -23.403233135 0.560716582 -0.131035888 0.283461828 0.766861071
1520616842.112071037 -23.548915551 17.863957949 -23.630866301 0.562738483 -0.104860791 0.263083985 0.776605712
1520616842.161650896 -23.198781260 18.686953012 -24.078175037 0.562958819 -0.085517239 0.253747493 0.781905608
1520616842.211652756 -22.871767881 19.615979542 -24.251299141 0.569050180 -0.066142593 0.238705735 0.784108808
1520616842.261654854 -23.000065664 20.487249948 -24.725037000 0.575637227 -0.032429333 0.230101475 0.783991985
1520616842.311655760 -22.648629263 21.351731669 -24.365643329 0.586161252 0.000738712 0.203853269 0.784128998
1520616842.361657619 -23.045292365 21.998603577 -25.016961315 0.589375816 0.032142414 0.189816207 0.784584489
1520616842.411658764 -23.261405031 22.921947737 -25.334342596 0.588287237 0.069782868 0.179247934 0.785441695
1520616842.461660862 -23.650899061 23.795198374 -25.627135571 0.584633203 0.103482481 0.172411277 0.785983298
1520616842.511662722 -24.468571575 23.775462649 -25.051790318 0.587192810 0.135982507 0.172810091 0.779005799
1520616842.561522484 -24.794028946 24.710211831 -25.194343701 0.588149252 0.164288729 0.174071358 0.772521089
1520616842.611523628 -25.237688700 25.534789659 -25.545395589 0.588526102 0.192118805 0.178414938 0.764784612
1520616842.661525488 -25.660932563 26.409597810 -25.781139796 0.588861075 0.212674127 0.180018528 0.758686812
1520616842.711527586 -26.078572362 27.228716591 -26.174359099 0.582508458 0.230420150 0.182763201 0.757751980
1520616842.761529446 -26.485107282 28.142030818 -26.198576494 0.581625882 0.244543947 0.182964883 0.753945252
1520616842.811530590 -27.044581919 28.941295443 -25.979113082 0.580236588 0.261817581 0.185341715 0.748615726
1520616842.861531496 -27.521272073 29.817975325 -25.914314298 0.583023026 0.270201335 0.187828869 0.742829527
1520616842.911533594 -28.033423859 30.660799065 -25.748939901 0.595977770 0.272004745 0.195245518 0.729865127
1520616842.961703062 -28.501236887 31.539071120 -25.649999679 0.601951218 0.273687501 0.204588955 0.721729341
1520616843.011704206 -28.936941435 32.423922771 -25.485078172 0.608590215 0.269234613 0.219858484 0.713297217
1520616843.061706066 -29.748247911 32.984157265 -25.317988036 0.609775887 0.270145403 0.242888394 0.704414691
1520616843.111707926 -30.552784326 33.085352507 -24.732769547 0.613518542 0.268191851 0.271095874 0.691502102
1520616843.161709070 -31.401548303 33.579278334 -24.921547166 0.615284719 0.251053753 0.295711077 0.686259198
1520616843.211785078 -32.306499505 33.992025914 -24.818093036 0.612999033 0.248510881 0.325304134 0.675760126
1520616843.261712074 -33.199163807 34.345504166 -24.538444025 0.611432051 0.238013475 0.352182532 0.667433815
1520616843.311713219 -33.959922427 34.954920035 -24.315153586 0.612959609 0.219980293 0.377340501 0.658409701
1520616843.361652851 -34.844869493 35.418623584 -24.358138567 0.606527634 0.211582074 0.406231798 0.649871511
1520616843.411653996 -35.502240052 36.150214929 -24.538798615 0.595549334 0.205684409 0.428564467 0.647570392
1520616843.461655855 -36.292681494 36.727295101 -24.744178268 0.596751987 0.205871505 0.453764759 0.628968627
1520616843.511657715 -36.969891662 37.434368370 -24.540625376 0.607010196 0.203505804 0.465266032 0.611270422
1520616843.561658859 -37.607223899 38.192637768 -24.677866555 0.607746846 0.199360303 0.474555702 0.604728143
1520616843.611660957 -38.257041774 38.915011753 -24.441408199 0.614432253 0.201495608 0.475415920 0.596533511
1520616843.661661863 -39.017269815 39.376433292 -24.898730284 0.606616523 0.211226699 0.487820151 0.591127039
1520616843.711663961 -39.864694206 39.897470781 -24.796789929 0.596738142 0.221967838 0.497764781 0.588951689
1520616843.761664867 -40.579874406 40.579091729 -24.642160808 0.591045973 0.229430825 0.494417509 0.594623814
1520616843.811615944 -41.329874529 41.190408780 -24.894730162 0.569394463 0.240995249 0.503812339 0.603228284
1520616843.861617804 -42.171166120 41.566854020 -25.282695934 0.548021049 0.258892688 0.509648007 0.610660638
1520616843.911618948 -43.103784183 41.877631234 -25.466110958 0.521751236 0.279882110 0.511126777 0.623049814
1520616843.961620808 -44.000955616 42.297271755 -25.603897942 0.502450454 0.294333960 0.502950068 0.638711430
1520616844.011621952 -44.786162198 42.791312649 -25.977226510 0.492273162 0.299938996 0.488860934 0.654766157
1520616844.061623812 -45.544621989 43.402918236 -26.202342817 0.488018808 0.311537248 0.474810516 0.662825135
1520616844.111624718 -46.351289970 43.713532328 -26.705140643 0.478384200 0.316323150 0.456546885 0.680186124
1520616844.161627054 -47.018029438 43.927724809 -27.418989410 0.472345167 0.320607330 0.441765415 0.692058018
1520616844.211800814 -47.780430031 44.293433053 -27.952845961 0.475234648 0.320467540 0.420620501 0.703228967
1520616844.261802912 -48.725698739 44.410048550 -28.257588303 0.480531369 0.335172293 0.404576678 0.702187189
1520616844.311803818 -49.504100804 44.597341507 -28.856764049 0.471743208 0.321556626 0.392538211 0.721091835
1520616844.361805916 -50.287571554 45.146967132 -29.146738628 0.474645709 0.299780278 0.370185650 0.740139055
1520616844.411806822 -51.060221707 45.777689793 -29.074622986 0.474787512 0.281970404 0.343040914 0.759863435
1520616844.461808681 -51.967169773 46.192466929 -29.148142599 0.471264391 0.260882716 0.320308260 0.779264205
1520616844.511809826 -52.671696735 46.841217763 -29.435830130 0.470964291 0.224985564 0.287524351 0.803059076
1520616844.561810732 -53.482891000 47.319639688 -29.772098365 0.472492140 0.201681258 0.261652357 0.817076429
1520616844.612122774 -54.013851844 48.108925991 -30.080493752 0.473287636 0.168963567 0.229876474 0.833430821
1520616844.662124634 -54.184170300 49.046261104 -30.384458404 0.477546836 0.134321357 0.194803333 0.846143282
1520616844.712125540 -54.644753948 49.781710530 -30.881426054 0.479959909 0.108275508 0.171027121 0.853618547
1520616844.762127638 -54.895330070 50.666265880 -31.274838610 0.482881900 0.082749624 0.143631930 0.859853150
1520616844.812128544 -54.761267254 51.626067368 -31.521431931 0.481931171 0.054819037 0.111908085 0.867302600
1520616844.862220526 -54.688236938 52.571306187 -31.839535918 0.479906333 0.024630645 0.085865278 0.872760217
1520616844.912131786 -54.593974136 53.502081679 -32.192766023 0.472685838 -0.006616495 0.066533352 0.878690863
1520616844.962133646 -54.518969265 54.398389141 -32.629809732 0.462821305 -0.029894877 0.047069576 0.884696101
1520616845.012325287 -54.840600068 55.084665283 -33.282173652 0.448342845 -0.057157577 0.029689573 0.891538128
1520616845.062327385 -54.759869399 55.939978086 -33.793957364 0.438685288 -0.074354770 0.007691531 0.895526341
1520616845.112329245 -55.023745333 56.396666922 -34.643548324 0.414275093 -0.099199521 -0.008199224 0.904692420
1520616845.162330151 -54.796752016 57.054893244 -35.361331119 0.390734023 -0.128726727 -0.026937246 0.911060227
1520616845.212332487 -54.602718320 57.839589652 -35.950060660 0.362050211 -0.147463272 -0.042204430 0.919452562
1520616845.262333393 -54.510635075 58.555622010 -36.642027667 0.336198482 -0.164997511 -0.046626205 0.926052050
1520616845.312335253 -53.806351261 59.092758784 -37.106213400 0.312357829 -0.184308941 -0.047492908 0.930702543
1520616845.362336397 -53.114777220 59.565492789 -37.652334181 0.285729705 -0.203518358 -0.055055674 0.934830298
1520616845.412337542 -52.905830725 59.803906543 -38.600754048 0.265209703 -0.221610605 -0.050094959 0.937039513
1520616845.462339640 -52.394400442 60.114455770 -39.402001977 0.250016078 -0.242014935 -0.043349967 0.936504945
1520616845.512340546 -51.797947899 60.339871428 -40.172347448 0.227636564 -0.264584478 -0.042778440 0.936133887
1520616845.562342405 -51.413518628 60.544908783 -41.072444008 0.208778721 -0.279263147 -0.038916359 0.936434225
1520616845.612343550 -50.790577652 60.751046446 -41.827064313 0.192381761 -0.298597403 -0.031624077 0.934253053
1520616845.662345648 -50.031080029 60.867603812 -42.467046923 0.175583911 -0.323117624 -0.017419523 0.929764407
1520616845.712346792 -49.249154379 61.222169669 -42.979760617 0.169528096 -0.340811774 -0.003717637 0.924712787
1520616845.762348652 -48.387842664 61.528441078 -43.385149261 0.170759040 -0.363718539 0.013206887 0.915628611
1520616845.812120676 -47.626635598 61.653713059 -44.021443795 0.169048212 -0.376598819 0.020693344 0.910586524
1520616845.862122536 -46.764719804 61.755623898 -44.518148280 0.167209851 -0.390620759 0.025325216 0.904883927
1520616845.912123680 -45.816484508 61.856462969 -44.819281646 0.163585785 -0.412012701 0.032662775 0.895778080
1520616845.962124586 -45.315848867 61.932619908 -45.681583262 0.162051320 -0.411455224 0.030349791 0.896394366
1520616846.012126446 -44.384160038 62.051473996 -46.024846472 0.164755689 -0.428114287 0.030950834 0.888040408
1520616846.062128782 -43.448087570 62.172348070 -46.355236836 0.163163436 -0.443137532 0.035924167 0.880747566
1520616846.112129688 -42.654244150 62.557124546 -46.826150510 0.163261758 -0.443803881 0.042458524 0.880102828
1520616846.162130594 -41.712108199 62.748940432 -47.101080531 0.160103701 -0.452313970 0.042783928 0.876326659
1520616846.212132692 -40.842662026 63.147101604 -47.393537423 0.160103794 -0.452314203 0.042783478 0.876326544
1520616846.261890650 -39.890018106 63.442847570 -47.464275561 0.155534560 -0.456027397 0.039698554 0.875369658
1520616846.311891556 -38.906869278 63.606554479 -47.545629291 0.153120149 -0.464109592 0.038435345 0.871595796
1520616846.361893415 -38.018295997 64.061577292 -47.603868160 0.151589892 -0.466677312 0.040561900 0.870395039
1520616846.411895752 -37.043231040 64.112404850 -47.819888733 0.143289830 -0.464682158 0.033279574 0.873172942
1520616846.461896658 -36.101156851 64.394388453 -48.001496744 0.141850237 -0.466002184 0.038530442 0.872488326
1520616846.512002707 -35.111906482 64.463547457 -48.130340605 0.134057834 -0.469683059 0.034102219 0.871930823
1520616846.561899662 -34.299827700 64.175900927 -48.638068411 0.118899936 -0.471196187 0.023048630 0.873673691
1520616846.611900568 -33.306081194 64.287545854 -48.639883221 0.113548632 -0.483553567 0.023598381 0.867597702
1520616846.661718130 -32.318992093 64.158791206 -48.735158335 0.106485132 -0.496552804 0.023183682 0.861138053
1520616846.711720228 -31.425298440 63.940952026 -49.127405383 0.099731383 -0.494183160 0.018353240 0.863423311
1520616846.761721134 -30.438063832 63.904033039 -48.972470504 0.100354728 -0.508411211 0.021214644 0.854983572
1520616846.811722994 -29.438921725 63.862627481 -48.973263859 0.102341014 -0.523032416 0.028039506 0.845681497
1520616846.861724138 -28.447826314 63.729772962 -48.982183629 0.100055860 -0.542296515 0.033201791 0.833547213
1520616846.911726236 -27.557370367 63.391837319 -49.286958478 0.098750602 -0.552335006 0.034884006 0.827017210
1520616846.961727381 -26.869686004 62.707077432 -49.528193042 0.089225209 -0.564397529 0.022078523 0.820369935
1520616847.011729240 -25.898809478 62.679863194 -49.290163303 0.091424459 -0.584057069 0.019568424 0.806310105
1520616847.061585426 -25.021977146 62.397008946 -49.678954423 0.093645198 -0.586735185 0.010445399 0.804278119
1520616847.111586332 -24.126656940 62.389371310 -50.124312028 0.094739325 -0.583142602 0.005805567 0.806805714
1520616847.161588430 -23.198815939 62.438677442 -49.754609469 0.094648039 -0.594390911 0.006364010 0.798561640
1520616847.211589575 -22.386859782 62.312556646 -50.324539942 0.095987775 -0.588216978 -0.000163642 0.802986368
1520616847.261591434 -21.504769412 62.078280556 -49.915845322 0.093948686 -0.603691415 -0.002619807 0.791658674
1520616847.311593294 -20.530132642 62.204309552 -49.730913284 0.096916884 -0.612327561 -0.005220323 0.784624001
1520616847.361594439 -19.613204885 62.072976763 -50.107735771 0.099378244 -0.604493013 -0.011785216 0.790299482
1520616847.411595345 -18.663801159 61.988369679 -49.805288740 0.099480459 -0.609048257 -0.006844894 0.786839886
1520616847.461848259 -17.670527496 61.894327851 -49.737734576 0.092145168 -0.614852530 -0.005045041 0.783224222
1520616847.511849165 -18.612460500 62.006431203 -49.421198551 0.086457207 -0.607362694 -0.006396846 0.789680182
1520616847.561851263 -17.670090993 61.950214029 -49.751015685 0.080986408 -0.602040654 -0.006507765 0.794321032
1520616847.611853123 -16.737200844 61.958667730 -49.390953879 0.063963128 -0.610084156 -0.018178420 0.789541377
1520616847.661854029 -15.793576772 61.998114177 -49.062293584 0.041926654 -0.620966425 -0.028355623 0.782201262
1520616847.711855173 -14.906658853 61.800692346 -49.479907313 0.017710770 -0.623309392 -0.043199868 0.780580234
1520616847.761857033 -14.050588753 61.478250089 -49.883856535 -0.012445859 -0.617451862 -0.066055599 0.783731431
1520616847.811857939 -13.271305871 61.028483755 -50.320237601 -0.033218193 -0.615701661 -0.084412768 0.782740379
1520616847.862051725 -12.513296239 60.482829350 -50.677564718 -0.043546367 -0.615450419 -0.093976700 0.781340435
1520616847.912052870 -11.642555028 60.029514173 -50.868129914 -0.049235436 -0.614552984 -0.101617186 0.780752489
1520616847.962054729 -10.809907598 59.595825052 -51.212530848 -0.053222802 -0.616217081 -0.101876751 0.779143742
1520616848.012055874 -9.900954052 59.216043070 -51.040574176 -0.057450824 -0.622912682 -0.105178621 0.773056693
1520616848.062057734 -8.955453982 58.907103144 -50.937687153 -0.064062240 -0.628835170 -0.116003354 0.766162894
1520616848.112060785 -8.338348618 58.175614013 -51.227695120 -0.071967320 -0.633360656 -0.138028006 0.758039084
1520616848.162060976 -7.491517129 57.681733810 -51.030315350 -0.075308811 -0.645855090 -0.154043422 0.743955919
1520616848.212061882 -6.642854883 57.385198936 -50.592320532 -0.076550019 -0.664529152 -0.173105290 0.722893948
1520616848.262063742 -6.117916854 56.608672691 -50.243827982 -0.079121924 -0.681222266 -0.188117689 0.703055958
1520616848.311651468 -5.166366025 56.311114139 -50.321351706 0.078848239 0.701917083 0.198986267 -0.679337787
1520616848.361652374 -4.274880678 55.991048791 -50.641994886 0.081369869 0.724585376 0.209661354 -0.651457669
1520616848.411654472 -3.588257158 55.436556596 -50.171796473 0.091857505 0.747437112 0.220629841 -0.619856787
1520616848.461655378 -2.721339378 55.085527085 -50.525677590 0.098192800 0.766919546 0.221237359 -0.594345535
1520616848.511657238 -1.913223316 54.537575687 -50.741774087 0.110064283 0.789570246 0.218579226 -0.562750213
1520616848.561658382 -1.403507897 53.680952316 -50.661857924 0.133587849 0.813394516 0.222969764 -0.520411503
1520616848.611660480 -0.422204743 53.732064226 -50.847415711 0.145505902 0.833108992 0.223816137 -0.484421075
1520616848.661662340 0.286853397 53.034037238 -50.947390102 0.169479083 0.852941521 0.230157074 -0.436801240
1520616848.711436987 1.254915095 53.024845199 -50.696846585 0.191931190 0.871946965 0.227200368 -0.388909887
1520616848.761439085 2.057593424 52.464349465 -50.900689743 0.216804145 0.886001415 0.228966778 -0.339958335
1520616848.811439991 3.057066211 52.472675439 -50.869307806 0.236305141 0.898370162 0.222143797 -0.296214562
1520616848.861441851 3.756068155 51.761650255 -50.945724235 0.261199963 0.905358731 0.217116357 -0.254873765
1520616848.911442995 4.550076595 51.173909474 -50.790445870 0.278349216 0.912702051 0.208724026 -0.214315097
1520616848.961444855 5.381338590 50.621207353 -50.731083754 0.299815564 0.916280874 0.200169499 -0.174562765
1520616849.011445761 5.767119884 49.817638799 -50.277817416 0.331387730 0.914737268 0.194461502 -0.124990506
1520616849.061448097 5.834266941 48.820305700 -50.249217403 0.373125984 0.900978741 0.204070199 -0.085846732
1520616849.111587048 6.417276285 48.230735582 -49.690193987 0.398338611 0.894758873 0.196562753 -0.045782024
1520616849.161587954 6.868199964 47.697315250 -48.974560990 0.422999520 0.886903059 0.185566270 -0.006287234
1520616849.211590052 7.255190258 47.206187789 -48.194155756 0.445301377 0.879047109 0.168299732 0.025652756
1520616849.261592150 7.244398785 46.746044089 -47.306376887 0.468805486 0.868516748 0.150813843 0.056171694
1520616849.311594009 7.262547965 46.010919425 -46.628687920 0.500284722 0.850565856 0.143120677 0.075956525
1520616849.361594915 7.291147499 45.391597767 -45.844071613 0.523855317 0.838108400 0.124577691 0.087351684
1520616849.411596060 6.773474104 44.791280147 -45.234454511 0.559086682 0.812634799 0.126441249 0.105163573
1520616849.461598158 6.538358464 44.029117837 -44.631271910 0.587370756 0.791089990 0.133206953 0.106902438
1520616849.512424469 6.143353848 43.714902574 -43.767998998 0.615291778 0.769490261 0.123200845 0.118837361
1520616849.562426567 5.793878431 43.596424068 -42.838574565 0.642482179 0.746106012 0.114877588 0.131702724
1520616849.612427711 5.379418369 43.529223214 -41.930991565 0.666355800 0.723618038 0.114840697 0.138414223
1520616849.662429571 5.015109828 43.623881794 -41.004536471 0.685432514 0.704488136 0.116582814 0.142433082
1520616849.712430477 4.577863671 43.504290315 -40.113181505 0.699473650 0.687216253 0.138159814 0.139220330
1520616849.762432575 4.162470781 43.293786757 -39.228231225 0.716208605 0.667284862 0.152502718 0.136084780
1520616849.812433481 3.739539925 43.404532287 -38.328862046 0.732853435 0.644043160 0.169188962 0.139675861
1520616849.862435341 3.271087811 43.441779514 -37.446158664 0.746324863 0.619022386 0.198920292 0.142271576
1520616849.912245035 2.929965155 43.560911613 -36.513719456 0.756796407 0.599153822 0.222066103 0.137697285
1520616849.962246180 2.892553753 43.396984456 -35.527956668 0.759443062 0.590999985 0.241009996 0.126013626
1520616850.012248278 2.514343686 43.228474642 -34.617703084 0.752426510 0.583254804 0.280305576 0.122869711
1520616850.062249422 2.315507166 42.958362041 -33.675629190 0.742154133 0.587957027 0.302298102 0.110134623
1520616850.112251282 2.239572463 42.940272258 -32.678680505 0.733101927 0.584330551 0.330082923 0.110293405
1520616850.162252188 1.725305179 42.833661070 -31.827702705 0.716360479 0.581870033 0.367721423 0.114174791
1520616850.212254286 1.208508548 42.984119506 -30.984919518 0.693647266 0.584452393 0.403947681 0.118722957
1520616850.262256145 0.835398232 42.726825069 -30.093522713 0.664306567 0.599550931 0.430098294 0.119377230
1520616850.311942101 0.098710537 42.523241296 -29.448662349 0.630027913 0.611552736 0.463488707 0.119357860
1520616850.361944199 -0.806330706 42.634859231 -29.038245751 0.597106144 0.621769697 0.489995163 0.129504585
1520616850.411945105 -1.665044283 42.470424714 -28.552887858 0.558347603 0.634937925 0.516728179 0.134513103
1520616850.461947203 -2.463802492 42.272002338 -27.984896764 0.521005502 0.652147196 0.533012773 0.138400453
1520616850.511948109 -3.321856346 41.838466503 -27.709596450 0.476562502 0.672588976 0.549398457 0.136651331
1520616850.561949968 -4.194442685 41.461439016 -27.399043145 0.442099629 0.689587015 0.555740233 0.142022746
1520616850.611952305 -5.144427178 41.310409101 -27.125694598 0.410677444 0.703563306 0.560781853 0.147873002
1520616850.661953211 -6.045006689 40.881371368 -27.055814932 0.380659689 0.715144381 0.564814803 0.157006223
1520616850.711955070 -6.883543888 40.339949040 -27.116784011 0.352489381 0.720410275 0.573232022 0.167825269
1520616850.761771917 -7.153524602 39.462000287 -26.721415319 0.319331133 0.734808652 0.574158111 0.168601113
1520616850.811773777 -7.618243551 38.577307482 -26.758224804 0.294154723 0.740451195 0.578716595 0.174046344
1520616850.861775637 -7.619527850 37.579226710 -26.696312584 0.267120555 0.747383950 0.582005142 0.177013714
1520616850.911776781 -7.581659135 36.708655740 -26.205729108 0.239607419 0.759520217 0.578828684 0.175141882
1520616850.961778879 -7.484175255 35.827010335 -25.743995124 0.219041036 0.768332515 0.576359889 0.171742393
1520616851.011780739 -7.338440208 34.878076454 -25.464199152 0.210571707 0.771044610 0.576346950 0.170217387
1520616851.061781883 -7.003039050 33.970085694 -25.213083952 0.201197434 0.774125778 0.577097480 0.164946570
1520616851.111782789 -6.719017464 33.011303195 -25.204846301 0.198371435 0.771278288 0.583104772 0.160522277
1520616851.161724091 -6.117992407 32.254012003 -24.949348885 0.202979264 0.765838353 0.591563819 0.149476698
1520616851.211726189 -5.582502702 31.414900294 -25.044964352 0.207044840 0.761427839 0.598472013 0.138532776
1520616851.261727095 -4.932227660 30.664223682 -24.928229643 0.214392982 0.758358732 0.601614525 0.130336662
1520616851.311729193 -4.330999745 29.894320427 -25.142178171 0.215163435 0.757072559 0.604872561 0.121140507
1520616851.361730099 -3.582295953 29.233147010 -25.190056597 0.220411160 0.757235653 0.605882198 0.104498077
1520616851.411731958 -2.750992029 28.699534529 -25.034520407 0.225674448 0.760868154 0.602430715 0.085017225
1520616851.461733103 -2.017155024 28.145504360 -24.641412504 0.226397887 0.771166160 0.592627532 0.053285628
1520616851.511735201 -1.172443785 27.659150112 -24.864845867 0.227800760 0.777895086 0.584336995 0.039195986
1520616851.561553717 -0.876750021 27.083581657 -25.627267110 0.216962055 0.783924003 0.580917058 0.030430170
1520616851.611555576 -0.555007493 27.963306599 -25.277173164 0.231862555 0.798386578 0.555192785 0.024074870
1520616851.661556721 -0.402652789 28.838382716 -24.817793328 0.237894425 0.810199641 0.535498272 0.014979507
1520616851.711558819 -0.114331910 28.157528872 -25.491075671 0.230162956 0.809094114 0.540711007 0.004830545
1520616851.761559725 0.154066732 27.426525856 -26.118448574 0.221668252 0.806304043 0.548335145 -0.008095984
1520616851.811561823 0.988857089 26.980895057 -26.441772331 0.215076300 0.813196784 0.540340985 -0.022018095
1520616851.861563683 1.499184626 26.307665607 -26.976868502 0.216388361 0.825419233 0.520331303 -0.033384163
1520616851.911564589 1.693524631 27.267072394 -27.181247023 0.238336999 0.843774809 0.479912375 -0.030391759
1520616851.961753368 1.985147576 26.377787530 -27.533565754 0.217561165 0.858557060 0.461839943 -0.047442408
1520616852.011754513 1.890685072 25.443874698 -27.878360850 0.198726750 0.868946524 0.450460884 -0.050245496
1520616852.061756611 1.781643529 24.525457128 -27.498072660 0.183731251 0.884827951 0.425348287 -0.049001624
1520616852.111757517 2.102409924 23.578464114 -27.515768748 0.170852366 0.883369273 0.433106063 -0.053733926
1520616852.161759615 1.889964290 22.603484010 -27.581195421 0.163807375 0.880273426 0.442376322 -0.050882499
1520616852.211760521 1.869323226 21.670385194 -27.222168198 0.158981829 0.880071400 0.444839850 -0.048131251
1520616852.261762381 1.526298827 20.826713212 -26.809188963 0.138168499 0.886092382 0.439005996 -0.054986286
1520616852.311764479 1.310186215 20.008910551 -26.275809036 0.134746699 0.886025930 0.440626870 -0.051471744
1520616852.362338543 1.183866654 19.200959509 -25.700258445 0.121108828 0.889004545 0.436657194 -0.065833621
1520616852.412341833 0.994344660 18.677528861 -24.869534803 0.104942260 0.892830949 0.432284809 -0.070497248
1520616852.462342739 0.660106818 18.302020123 -24.005082229 0.083049624 0.894737651 0.432132718 -0.076214235
1520616852.512343645 0.094952268 17.749744724 -23.392226440 0.056933118 0.893310383 0.437480856 -0.085823541
1520616852.562344790 0.014818486 17.356695253 -22.476207504 0.040026732 0.891062400 0.438360138 -0.110661872
1520616852.612347841 -0.200827079 16.865264485 -21.632410852 0.031682739 0.884049208 0.447171074 -0.132254422
1520616852.662348747 -0.131762827 16.388664195 -20.756007809 0.028932531 0.875827181 0.459378916 -0.145122947
1520616852.712349892 0.203859415 15.918972593 -19.939461723 0.013940809 0.872544815 0.462425740 -0.156951060
1520616852.762365341 0.093967031 15.160173752 -19.297474198 0.003477760 0.864842735 0.477216666 -0.155882016
1520616852.812367201 0.135591292 14.387458152 -18.664088043 -0.012335328 0.857002638 0.491609457 -0.153995003
1520616852.862368345 0.462615139 13.650219978 -18.072872957 -0.027158768 0.848267597 0.504773929 -0.157821945
1520616852.912370205 0.945383310 13.008347322 -17.477109256 -0.034119655 0.836154098 0.521850204 -0.165392076
1520616852.962371111 1.186827456 12.110752426 -17.108289345 -0.037004340 0.827019299 0.536395351 -0.164163895
1520616853.012373447 1.494271559 11.277066488 -16.649545538 -0.029087471 0.822790146 0.546004237 -0.155079555
1520616853.062377214 1.944558515 10.633488552 -16.030635934 -0.009851912 0.825161636 0.546364557 -0.143167682
1520616853.112376213 2.437344948 9.763345219 -16.027155769 0.017385026 0.819428887 0.556098732 -0.137797892
1520616853.162377357 2.694167583 8.796892267 -16.030445973 0.047228871 0.815144060 0.563566804 -0.125307829
1520616853.211991310 3.128128667 7.896866632 -16.070839456 0.066153433 0.813522680 0.566961632 -0.111171403
1520616853.261992455 3.307571123 6.917342050 -16.162119239 0.092435701 0.812099075 0.569001421 -0.090488214
1520616853.311994553 3.048902472 6.041029086 -15.755712894 0.118867607 0.817946190 0.558653373 -0.068854426
1520616853.361995459 3.459678934 5.134185734 -15.850041220 0.128878965 0.818182966 0.555926386 -0.070090651
1520616853.411997557 3.726671525 4.177854432 -15.731106795 0.149653830 0.818560725 0.549852312 -0.072280744
1520616853.461999416 3.287447040 3.279481887 -15.728170288 0.183980338 0.807918494 0.554123905 -0.079784963
1520616853.512000322 3.211098171 2.289304141 -15.611042659 0.204431662 0.794952487 0.561087896 -0.106951443
1520616853.562002420 3.703569990 1.422183753 -15.536385182 0.215261824 0.778369671 0.569422199 -0.153497110
1520616853.612024307 3.476104299 0.522794798 -15.163077175 0.240586381 0.759690687 0.575734557 -0.183079144
1520616853.662026405 3.257306693 -0.407431579 -14.868447756 0.266848145 0.733794553 0.588287607 -0.210369467
1520616853.712027311 3.161071307 -1.274869625 -14.380298203 0.273954176 0.721248208 0.590841147 -0.235917083
1520616853.762029409 2.916036700 -2.122481266 -13.909647007 0.272605882 0.709783076 0.594041901 -0.262694190
1520616853.812030315 2.846377736 -3.069311745 -14.223748382 0.254336684 0.691163283 0.611243787 -0.289805453
1520616853.862032175 2.958570779 -4.020704998 -13.936932066 0.220711892 0.683144463 0.617043715 -0.322268457
1520616853.912034512 3.099010224 -4.994653610 -14.114979428 0.191738769 0.665785725 0.628535303 -0.353424654
1520616853.962035179 3.248722913 -5.731324756 -14.774450226 0.152061644 0.636299759 0.650506780 -0.385798914
1520616854.012084723 3.101049252 -6.595098593 -15.256204571 0.121241892 0.606304071 0.671913809 -0.407710204
1520616854.062087059 2.889633108 -7.501103435 -15.622890322 0.099801039 0.574817488 0.690882918 -0.426972367
1520616854.112087965 2.904790956 -8.385845213 -16.088725297 0.073347644 0.546765139 0.705516908 -0.444875149
1520616854.162089825 3.282562455 -8.904519793 -16.855709896 0.032322789 0.505972342 0.725291600 -0.465724513
1520616854.212091923 3.591051433 -9.729180510 -17.329808253 -0.001792078 0.475525594 0.738819342 -0.477512489
1520616854.262092829 3.930280338 -10.546288359 -17.795918232 -0.039981223 0.447936750 0.749773383 -0.485380309
1520616854.312094927 4.546271609 -10.967113376 -18.461846952 -0.093974350 0.415763001 0.757040245 -0.495176751
1520616854.362096071 4.857527663 -11.378663462 -19.318436816 -0.126711591 0.384424821 0.765987581 -0.499424424
1520616854.412400961 5.496729151 -11.650769476 -20.037727978 -0.172208294 0.357221972 0.771382667 -0.497700259
1520616854.462402105 6.117122001 -11.490268930 -20.805420811 -0.212141419 0.321570327 0.776243604 -0.499033477
1520616854.512403011 6.359731570 -12.144443103 -21.521798329 -0.234155597 0.288607380 0.781330233 -0.501398049
1520616854.562404871 7.041481837 -12.044432343 -22.246515117 -0.267825695 0.258352776 0.785872904 -0.493889682
1520616854.612407207 7.924029931 -12.139979833 -22.706927473 -0.286503370 0.231406530 0.791045125 -0.488481778
1520616854.662408113 8.069282350 -12.562885662 -23.601383953 -0.303871057 0.203659524 0.797047693 -0.480520711
1520616854.712421894 8.403976999 -12.645225350 -24.540106312 -0.321383411 0.178527916 0.803598174 -0.468049635
1520616854.762411118 8.778024994 -12.617069437 -25.467088158 -0.332500116 0.158411010 0.811234687 -0.454145249
1520616854.812415838 9.698463931 -12.332789302 -25.198802921 -0.344670289 0.152445795 0.815754967 -0.438755633
1520616854.862416744 10.207844622 -11.851206086 -25.911971147 -0.357929326 0.141456678 0.822124072 -0.419509970
1520616854.912418604 11.017148391 -11.650788755 -26.464112709 -0.366744988 0.143360000 0.829378361 -0.396330112
1520616854.962419748 12.013350796 -11.715306816 -26.405647449 -0.373793639 0.147749495 0.833077465 -0.380039918
1520616855.012421608 12.734044399 -11.476972056 -27.056644587 -0.362443813 0.142776637 0.843814538 -0.369088525
1520616855.062423706 13.582748633 -11.258690503 -27.538364721 -0.352682422 0.144531940 0.851821413 -0.359340936
1520616855.112424850 14.252979301 -10.873834467 -28.172932828 -0.338241792 0.148194425 0.856952078 -0.359533083
1520616855.162426710 15.191212038 -10.780251509 -28.506041762 -0.320031798 0.158104032 0.857094542 -0.371445432
1520616855.212263107 16.157683481 -10.574239492 -28.352770763 -0.302722879 0.173857630 0.853752434 -0.386314851
1520616855.262264967 16.678605334 -10.499439486 -29.203091516 -0.285184777 0.187886742 0.851301199 -0.398314554
1520616855.312266111 17.095591146 -10.439718650 -30.110040387 -0.273426141 0.194495629 0.845125565 -0.416139851
1520616855.362267971 17.911547013 -10.366966112 -30.683558556 -0.261642133 0.197789456 0.833864689 -0.443950906
1520616855.412268877 18.900958162 -10.416778343 -30.819882878 -0.266504886 0.200340917 0.813058075 -0.477258032
1520616855.462270975 19.812491314 -10.408046707 -31.231016764 -0.272229876 0.191018393 0.790918036 -0.513664802
1520616855.512273073 20.091272031 -10.723781940 -32.137985657 -0.270763469 0.178845484 0.772799873 -0.545418915
1520616855.562273979 20.518652726 -11.003732219 -32.997621384 -0.281209199 0.163956251 0.758137186 -0.565037823
1520616855.612276077 20.829401883 -11.127952030 -33.939961238 -0.291255936 0.147741025 0.743088364 -0.584090963
1520616855.662197828 21.337501401 -11.167708986 -34.800341540 -0.312459206 0.125992432 0.728235756 -0.596797985
1520616855.712201118 21.903083140 -10.969753416 -35.600923135 -0.337768741 0.099286794 0.716283697 -0.602488237
1520616855.762202024 22.650692828 -10.737893366 -36.223274058 -0.362538521 0.068281224 0.703366802 -0.607600722
1520616855.812203884 23.288752180 -10.759368333 -36.992961714 -0.381635464 0.037949694 0.701994447 -0.600098317
1520616855.862205029 23.932825407 -10.656849015 -37.751024685 -0.402525279 0.001162474 0.705343826 -0.583491333
1520616855.912206888 24.521176456 -10.179864788 -38.403963496 -0.426253394 -0.040057574 0.709651379 -0.559551924
1520616855.962207794 24.977178998 -9.882678259 -39.242856724 -0.438570081 -0.069637318 0.717375185 -0.536823780
1520616856.012212038 25.708294813 -9.204704823 -39.319156693 -0.453158846 -0.097108884 0.723293665 -0.511921088
1520616856.062116861 25.625863866 -8.473493304 -39.996308709 -0.449263214 -0.124594617 0.733353214 -0.494804820
1520616856.112119198 25.466847750 -7.587980088 -40.432863653 -0.438338505 -0.150323595 0.747257237 -0.476307457
1520616856.162120104 25.793898976 -6.676371682 -40.681876925 -0.429147021 -0.164174467 0.763356011 -0.454056362
1520616856.212121964 25.838580554 -5.735153974 -41.016709396 -0.398490339 -0.167174462 0.780410896 -0.451903731
1520616856.262123108 26.202838441 -4.807752205 -41.101810216 -0.369698822 -0.169593352 0.796891225 -0.446682496
1520616856.312124968 26.955872517 -4.176879150 -40.914890794 -0.340272923 -0.160798732 0.809641970 -0.450375384
1520616856.362149000 27.276534933 -3.411615842 -41.473055360 -0.295181584 -0.147833180 0.825479621 -0.457817189
1520616856.412128210 27.720418123 -2.890706555 -42.202178963 -0.252841511 -0.134327022 0.838366626 -0.463862935
1520616856.462024689 28.172970753 -2.253986257 -42.826505304 -0.210009036 -0.122394242 0.845389116 -0.475639671
1520616856.512027025 28.448674400 -1.608089710 -43.538407790 -0.166398133 -0.108390448 0.842055035 -0.501504228
1520616856.562027931 28.622751292 -0.912416401 -44.235355336 -0.123506676 -0.092047839 0.836601886 -0.525709597
1520616856.612029791 28.741136899 -0.476370593 -45.127458975 -0.067161376 -0.070919409 0.828847796 -0.550882127
1520616856.662031889 28.498430375 -0.005357812 -45.975539456 -0.019885727 -0.059587946 0.817115305 -0.573041371
1520616856.712032795 28.686511830 0.300976427 -46.908697911 0.011635348 -0.040749473 0.803080559 -0.594361603
1520616856.762035131 28.682408880 0.797825463 -47.776525198 0.029834334 -0.041625054 0.786100260 -0.615973741
1520616856.812036037 28.566933245 0.797786821 -48.769835510 0.051185685 -0.027762045 0.769016972 -0.636570649
1520616856.862337828 28.646773547 1.151691367 -49.701703043 0.047143780 -0.028757938 0.753336515 -0.655312551
1520616856.912338734 28.509596616 1.351838157 -50.671818372 0.050064879 -0.030925616 0.735462527 -0.675005174
1520616856.962341070 28.322640177 1.377727768 -51.653845367 0.053730214 -0.031762752 0.717474591 -0.693782677
1520616857.012341738 28.522251329 1.308701226 -52.631286273 -0.050799277 0.029449394 -0.702481427 0.709275695
1520616857.062343836 27.879636447 1.451802589 -53.383993463 -0.056400594 0.051726638 -0.694897788 0.715024749
1520616857.112345934 27.855321366 1.535108051 -54.380220835 -0.049184198 0.078740794 -0.682498889 0.724966254
1520616857.162346840 27.155170759 1.241339727 -55.030981388 -0.050686666 0.108876990 -0.681706620 0.721701287
1520616857.212348700 26.979192384 1.592494130 -55.950612944 -0.026860574 0.161990692 -0.676899511 0.717526709
1520616857.263871908 26.918033372 1.197348167 -56.867193133 -0.009447159 0.198595279 -0.676841315 0.708771120
1520616857.313873768 26.876861892 1.356100294 -57.853652798 0.025301276 0.248057788 -0.677280548 0.692183674
1520616857.363875628 26.996110056 1.564938884 -58.824305321 -0.057872218 -0.298294528 0.674183093 -0.673162936
1520616857.413877964 26.230763985 1.512016339 -59.465744792 -0.075282074 -0.357365574 0.670258168 -0.646046782
1520616857.463878632 25.865670352 1.791086735 -60.353903760 -0.108346199 -0.412569064 0.663197333 -0.614993631
1520616857.513879538 25.029929499 2.128271823 -60.787312855 -0.132719085 -0.477180704 0.648891529 -0.577601942
1520616857.563881874 24.684223730 2.578064563 -61.610826068 -0.164228272 -0.533100425 0.636140772 -0.533064658
1520616857.613883734 23.736306864 2.722766572 -61.894577624 -0.190954753 -0.587342046 0.616393273 -0.488492514
1520616857.663657904 23.057825692 3.290242537 -62.361090570 0.224404522 0.630326956 -0.598846005 0.440129528
1520616857.713659763 22.313447503 3.897338696 -62.082998201 0.255019118 0.674651105 -0.581886034 0.375792202
1520616857.763660669 22.331146561 4.894063020 -62.161911856 0.297021276 0.710155962 -0.563117793 0.300591453
1520616857.813661814 21.697411619 5.206748337 -62.869448367 0.334213472 0.730869170 -0.544610498 0.239856242
1520616857.863668919 21.808220213 5.989077492 -62.256518886 0.370004200 0.750025248 -0.524043429 0.161051247
1520616857.913665533 21.524664863 6.214205841 -63.188674232 0.401906920 0.758846806 -0.503862761 0.093512945
1520616857.963666677 21.268119944 6.471900986 -64.120220214 0.427150263 0.758596122 -0.491262662 0.027121466
1520616858.013697624 20.698095770 7.224109792 -64.450756676 0.453130032 0.760691310 -0.463449420 -0.035164464
1520616858.063669682 20.359699165 8.097651034 -64.800632994 0.479129094 0.760877549 -0.426138986 -0.099530054
1520616858.112438202 20.596362178 8.994563716 -64.427084791 0.500141524 0.755127382 -0.392627122 -0.159640334
1520616858.162439108 20.571237974 9.862587260 -63.931197808 0.518340837 0.749531194 -0.357149019 -0.204866650
1520616858.212440968 20.648192183 10.775753555 -63.530941181 0.531983194 0.740834889 -0.326724979 -0.247807057
1520616858.262443066 20.870621369 11.588558749 -62.992542654 0.543840368 0.730143388 -0.299354185 -0.285508948
1520616858.312443972 21.096857342 12.249403225 -62.276929726 0.549590226 0.725927657 -0.268247272 -0.314679234
1520616858.362445831 21.642806623 12.993047467 -61.891011828 0.544792024 0.723148033 -0.249033816 -0.343861500
1520616858.412446976 22.346621112 13.316920153 -61.258752666 0.547342142 0.715863251 -0.230096251 -0.367439929
1520616858.462449074 23.127354680 13.506303392 -60.663278834 0.548802451 0.710922517 -0.212202933 -0.385194704
1520616858.512493134 23.864622600 13.623870591 -59.997986441 0.549117843 0.710127598 -0.187290837 -0.398886616
1520616858.562494993 24.472020788 13.462781744 -59.220093245 0.551061003 0.709851411 -0.157832398 -0.409306339
1520616858.612495899 25.376268085 13.674552218 -58.849296679 0.549262279 0.709950868 -0.139980932 -0.417954605
1520616858.662498236 26.119980633 13.461479719 -58.215662908 0.552804748 0.708766520 -0.119385269 -0.421668221
1520616858.712500095 26.525410269 13.061570663 -57.393653445 0.555236261 0.711193198 -0.089813464 -0.421723216
1520616858.762501001 27.248514579 12.918750045 -56.717841025 0.551752222 0.712230993 -0.077883607 -0.426884811
1520616858.812503099 27.821765782 12.663621660 -55.939193117 0.547403469 0.716321291 -0.072070541 -0.426660389
1520616858.862504005 28.329439950 11.960623852 -55.441135870 0.542572550 0.718364965 -0.054812757 -0.431928659
1520616858.912207603 28.922554033 11.390063085 -54.873090012 0.541382657 0.722845268 -0.049704000 -0.426531417
1520616858.962209702 29.576427950 11.269637453 -54.126131802 0.540687142 0.724585591 -0.064794781 -0.422415403
1520616859.012211561 30.129785759 10.681883080 -53.535928505 0.550310019 0.719004458 -0.059183697 -0.420343624
1520616859.062212706 30.730877495 10.449141538 -52.771389363 0.565787756 0.709559608 -0.058229065 -0.415955231
1520616859.112214565 31.385017376 9.939347167 -52.212631173 0.582476633 0.690241639 -0.057129397 -0.425468780
1520616859.162215471 31.695375437 9.139715107 -51.698562654 0.603212994 0.665269346 -0.038234690 -0.438279465
1520616859.212217808 32.259377317 8.935508150 -50.898436790 0.625866068 0.638475241 -0.034195962 -0.446622512
1520616859.262218475 32.836353342 8.318617678 -50.363137984 0.647839904 0.605631491 -0.025872987 -0.461350783
1520616859.312074900 33.201701117 7.900350657 -49.531528879 0.669571183 0.577806535 -0.015213667 -0.466457482
1520616859.362076759 33.787790048 7.599874771 -48.779056948 0.680020396 0.552041223 -0.018562566 -0.482159911
1520616859.412078619 33.561645392 6.783344116 -48.247891923 0.688136428 0.528330578 -0.005157216 -0.497301176
1520616859.462079763 34.350753124 6.223510143 -47.995117499 0.680296185 0.517525040 0.005346415 -0.518976251
1520616859.512081861 34.907622261 5.587052825 -47.461433279 0.668508169 0.511127584 0.018673558 -0.539904361
1520616859.562082767 34.884432039 5.108022822 -46.583941131 0.667841924 0.514192053 0.034857059 -0.537009015
1520616859.612084866 35.667590210 4.495208189 -46.689399677 0.642220056 0.527738166 0.051907478 -0.553490236
1520616859.662123919 35.495186860 3.950655094 -45.868583613 0.634313459 0.542546241 0.074138606 -0.545704572
1520616859.712145329 35.889540055 3.032529071 -45.907700916 0.610918962 0.560976938 0.092532686 -0.550927036
1520616859.762147427 36.453088868 2.256915259 -46.192017553 0.586646238 0.586259618 0.101896729 -0.549329508
1520616859.812148333 36.960392367 1.395160350 -46.187366007 0.573091124 0.606422849 0.110616641 -0.539983195
1520616859.862150431 37.749834586 0.799778774 -46.038028265 0.561377533 0.633247182 0.114574982 -0.520313218
1520616859.912151337 38.293063868 0.161047317 -45.493120866 0.559455064 0.667000045 0.109809412 -0.479648689
1520616859.962153196 38.854332801 -0.600997075 -45.170219133 0.553679535 0.695433300 0.102080500 -0.446532272
1520616860.012154579 39.158998573 -1.210409449 -44.438238719 0.554141073 0.724621121 0.088837057 -0.399949847
1520616860.062156439 39.562573699 -2.047715839 -44.069395762 0.551626596 0.743056980 0.083812596 -0.369526551
1520616860.112157345 39.944436226 -2.796377281 -43.527466749 0.550664445 0.761137975 0.075412010 -0.334291311
1520616860.162389517 40.371790002 -3.409342953 -42.862905364 0.553612627 0.774027073 0.065928664 -0.300080924
1520616860.212391615 40.729412592 -4.100568154 -42.234961254 0.555632718 0.784911288 0.053614998 -0.268908879
1520616860.262392521 40.770267041 -4.074377056 -41.236139478 0.555003513 0.803355249 0.035302716 -0.212944039
1520616860.312394619 41.139080562 -4.575119689 -40.453047273 0.561719318 0.808850697 0.009681950 -0.173603621
1520616860.362395525 41.436850660 -4.768784174 -39.518260112 0.569072458 0.811920288 -0.006657721 -0.129990995
1520616860.412397385 41.986521572 -4.946713069 -38.702047396 0.578538231 0.809212629 -0.020075076 -0.100326603
1520616860.462398529 42.434486951 -5.310975573 -37.885567239 0.592818073 0.801632516 -0.027199594 -0.072195737
1520616860.512400389 42.634129336 -4.788058098 -37.056893459 0.602256256 0.796259205 -0.042022701 -0.038636424
1520616860.563588381 43.045974397 -4.293781001 -36.291338891 0.610372656 0.790334690 -0.050790211 -0.015383496
1520616860.613591671 43.149090378 -3.983916004 -35.346166537 0.622410926 0.780531891 -0.056874584 0.011827418
1520616860.663592577 43.686448976 -4.058899550 -34.506152725 0.643279153 0.763497884 -0.054120867 0.018271425
1520616860.713593483 43.695400928 -3.777277906 -33.546668951 0.666479153 0.743424586 -0.046339759 0.031273797
1520616860.763595581 43.719651422 -3.577498008 -32.567128291 0.690041088 0.721529033 -0.034404115 0.045337710
1520616860.813597441 43.615644734 -3.184000619 -31.653704833 0.712290340 0.699115447 -0.016489027 0.060068080
1520616860.863598585 44.026051199 -2.824776657 -30.815537380 0.734077243 0.676252332 0.005860934 0.061473858
1520616860.913600683 44.787476074 -2.548202043 -30.229245095 0.746514165 0.662372366 0.026203638 0.057383093
1520616860.963305712 44.940882874 -2.601668230 -29.242529472 0.764578155 0.639761171 0.064644573 0.044124465
1520616861.013308048 44.972533961 -2.239294150 -28.311034311 0.775568907 0.622552222 0.095227343 0.043050601
1520616861.063308954 44.780394611 -2.393919198 -27.341924635 0.784173632 0.606591949 0.127212689 0.030575370
1520616861.113310814 44.644554791 -2.116834520 -26.390729794 0.788659976 0.597032801 0.146406317 0.011509453
1520616861.163311958 44.109004369 -2.730632218 -25.810696923 0.780486878 0.595785536 0.189134156 -0.010397048
1520616861.213313818 43.882459656 -2.831792844 -24.841963719 0.778021306 0.592433886 0.207718490 -0.023621310
1520616861.263315916 43.161582397 -3.514355468 -24.721779519 0.755368542 0.604869903 0.248730415 -0.041035920
1520616861.313362122 43.314544559 -3.502288870 -23.733621144 0.744090873 0.612783818 0.260722040 -0.053374000
1520616861.363450766 43.334787190 -3.789432879 -22.775947633 0.726759197 0.626099812 0.274841070 -0.065440666
1520616861.413452625 42.965661591 -3.721766041 -21.849034751 0.700732378 0.644714995 0.296133733 -0.074976810
1520616861.463454485 43.317617046 -3.852617280 -20.922209356 0.672385911 0.671238403 0.301922027 -0.078608414
1520616861.513455629 43.910546340 -4.351218329 -20.289886776 0.648768593 0.691275031 0.304080091 -0.093666659
1520616861.563457727 43.980009817 -5.251477508 -19.860109815 0.620364725 0.708463359 0.320310144 -0.103095530
1520616861.613458633 43.928976669 -6.136650913 -19.397655861 0.595139705 0.724463150 0.328805629 -0.113352256
1520616861.663460732 44.133409337 -6.805136223 -18.682579169 0.570324365 0.740129702 0.330408369 -0.133298361
1520616861.713461637 43.807269598 -7.158775288 -17.805896626 0.554201790 0.749248316 0.332910409 -0.143728900
1520616861.763943434 43.724657129 -7.705960124 -16.972971698 0.539288520 0.756333112 0.335615547 -0.156493835
1520616861.813945532 44.189493049 -8.353984871 -16.369654621 0.522585762 0.759841152 0.342279456 -0.179973109
1520616861.863946676 44.505683204 -8.563138341 -15.444301385 0.511385420 0.764575161 0.344359933 -0.187952152
1520616861.913948536 44.476734298 -9.335198800 -14.809411939 0.506225887 0.761273750 0.358577399 -0.188732289
1520616861.963949442 45.017516629 -10.040442075 -14.350951042 0.501369436 0.756997861 0.370034751 -0.196614371
1520616862.013951540 45.209145875 -10.596109142 -13.541931671 0.499204184 0.756520119 0.376559029 -0.191509243
1520616862.063952446 45.849056994 -11.358250053 -13.443671857 0.500112261 0.749790202 0.380876856 -0.206482928
1520616862.113954306 45.968620929 -12.077339772 -12.759117665 0.504484379 0.746533115 0.384943699 -0.200005421
1520616862.164565325 46.475711356 -12.765771362 -12.240541494 0.504115573 0.746518049 0.387062408 -0.196878093
1520616862.214567184 46.910889813 -13.470353014 -11.680019945 0.501606686 0.747390466 0.392041392 -0.190004658
1520616862.264569521 46.963022746 -14.413441457 -11.351589824 0.496935815 0.746848145 0.402020419 -0.183445435
1520616862.314571381 47.213755834 -15.289428448 -10.939546488 0.494208875 0.748489043 0.403441856 -0.180987319
1520616862.364572287 47.786778009 -16.052907590 -10.641645183 0.489096013 0.755474665 0.395505517 -0.183353503
1520616862.414574385 47.939935517 -16.975219801 -10.286845292 0.491784399 0.756607483 0.391449517 -0.180167971
1520616862.464575291 48.231367827 -17.919009461 -10.442820565 0.492693684 0.756243511 0.387169098 -0.188278452
1520616862.514576435 48.147897831 -18.885156117 -10.198702973 0.499860177 0.755819977 0.381670962 -0.182217571
1520616862.564579487 48.095096676 -19.874900220 -10.065967714 0.509302863 0.752605605 0.378582421 -0.175700731
1520616862.613606930 47.876055546 -20.777805851 -9.696126660 0.518090614 0.752231865 0.370707433 -0.168241897
1520616862.663607836 47.904160708 -21.775470515 -9.633874615 0.516789221 0.751697014 0.372166283 -0.171384827
1520616862.713609934 48.147880390 -22.743940759 -9.685508946 0.510913376 0.754968239 0.368041709 -0.183127772
1520616862.763612032 47.807220305 -23.657874784 -9.464884142 0.513858458 0.755474485 0.359860718 -0.188965740
1520616862.813612938 47.864558132 -24.499394203 -8.927708713 0.512380649 0.761378761 0.345976244 -0.195112509
1520616862.863613844 48.190115212 -25.281139832 -8.395838090 0.508318727 0.768615922 0.331939888 -0.201637166
1520616862.913615942 47.942296825 -26.015202415 -7.763589586 0.508723058 0.772816781 0.321001850 -0.202269338
1520616862.963667870 47.599792417 -26.892013794 -7.426109903 0.508723058 0.772816781 0.321001850 -0.202269338
1520616863.012676716 47.548288725 -27.595605459 -6.717374312 0.510182868 0.774201473 0.317641697 -0.198568055
1520616863.062678576 47.392555089 -28.352593302 -6.082774878 0.509725282 0.774302058 0.317868372 -0.198987831
1520616863.112679720 47.277801241 -28.959198570 -5.296097305 0.507944487 0.774979955 0.319710316 -0.197948938
1520616863.162681580 47.527951136 -29.423303978 -4.446373115 0.499877502 0.782210478 0.315107972 -0.197423955
1520616863.212682962 48.102532551 -30.025124713 -3.891694829 0.493510451 0.784666034 0.311736181 -0.208727579
1520616863.262684822 47.796968357 -30.588842416 -3.124327332 0.484827677 0.787958715 0.313979130 -0.213261090
1520616863.312685728 47.823433892 -31.355171266 -2.482424171 0.480416180 0.783514232 0.324767508 -0.223230394
1520616863.362687826 47.801141769 -31.473595480 -1.489711339 0.477485490 0.783297404 0.329825983 -0.222862301
1520616863.412424564 48.439525139 -32.161490383 -1.144360395 0.469381542 0.779147532 0.336091982 -0.244238143
1520616863.462426424 48.339919651 -32.722090839 -0.322286265 0.466934652 0.777953707 0.347176426 -0.237125683
1520616863.512428284 48.378645043 -33.365749354 0.442046163 0.463807214 0.777035216 0.356715258 -0.232063280
1520616863.562429428 48.243859305 -34.013432817 1.191938780 0.461416092 0.773614363 0.370997846 -0.225779993
1520616863.612431526 48.679368312 -34.514280682 1.939924957 0.458709629 0.770353142 0.377131269 -0.232192846
1520616863.662432671 48.821199086 -34.971053717 2.818129049 0.459203327 0.765738274 0.386012177 -0.231887472
1520616863.712434530 48.865724144 -35.421037493 3.710055122 0.461729689 0.762331818 0.392920513 -0.226427393
1520616863.762435436 49.045809095 -36.306785646 4.137863045 0.461449052 0.758236527 0.397389452 -0.232859969
1520616863.812206268 48.816163215 -37.175886938 4.575956316 0.457212183 0.755468113 0.406197193 -0.235008064
1520616863.862208128 49.120151739 -38.093850255 4.830778464 0.459669638 0.748106933 0.415960862 -0.236677846
1520616863.912209988 49.535987583 -38.825416841 5.371047731 0.451571763 0.754921149 0.409396030 -0.242016307
1520616863.962211132 49.924427909 -39.538883393 5.954211167 0.448335360 0.764868653 0.394164544 -0.242086059
1520616864.012212992 49.978352461 -40.501133648 6.220981835 0.448194687 0.768498869 0.385992773 -0.244009407
1520616864.062214136 50.101406530 -41.452967243 6.501820762 0.451907899 0.771820882 0.373755472 -0.245720621
1520616864.112216234 50.678350488 -42.263782126 6.403256597 0.455819204 0.771851064 0.364890157 -0.251654448
1520616864.162217140 50.572786857 -43.237554247 6.604810995 0.462629451 0.766913770 0.364945942 -0.254227696
1520616864.212392092 50.361758375 -44.044461236 7.156506645 0.481492368 0.759361726 0.357651246 -0.252230956
1520616864.262393236 50.928208478 -44.853037407 7.315688481 0.497168932 0.745378397 0.356532365 -0.264799492
1520616864.312397242 51.517194410 -45.660902423 7.336894337 0.512830298 0.729139364 0.358945713 -0.276620405
1520616864.362396002 51.787749099 -46.573887696 7.642276148 0.527053179 0.713282959 0.363318335 -0.285380717
1520616864.412399292 52.332362492 -47.377866805 7.881051870 0.538532703 0.696373867 0.366111329 -0.301676085
1520616864.462399006 52.841222172 -48.235199260 7.958787878 0.554089706 0.666531343 0.378699324 -0.324511000
1520616864.512401342 52.786125454 -49.222198481 8.109774268 0.565270820 0.634852944 0.397226274 -0.345892941
1520616864.562403202 52.356724526 -49.980430447 8.600385241 0.569230571 0.602866362 0.421258612 -0.367518555
1520616864.612951994 51.761937594 -50.718598656 8.918718717 0.563134798 0.563511780 0.461470943 -0.390356559
1520616864.662898064 52.033917221 -51.673534504 8.799871722 0.547961609 0.525666466 0.495889680 -0.421314927
1520616864.712898970 52.081159770 -52.585390161 9.207655246 0.533672481 0.476554249 0.535680673 -0.448481826
1520616864.762900829 51.586147383 -53.258997473 9.756486664 0.510138862 0.431523818 0.584432570 -0.460417319
1520616864.812901974 51.302670497 -54.081162681 10.250131502 0.478874584 0.387505406 0.633497140 -0.468188068
1520616864.862903833 51.008872078 -55.025264294 10.399646163 0.442525617 0.347166822 0.675199838 -0.477233125
1520616864.912904739 51.012939688 -55.988524935 10.668183665 0.399991030 0.312172378 0.719534916 -0.474157239
1520616864.962907076 50.225906605 -56.468251215 10.280315619 0.355500153 0.271983475 0.764030662 -0.464652320
1520616865.012907982 49.431437411 -57.054928062 10.123379394 0.316871716 0.239839178 0.796496074 -0.455701095
1520616865.062542915 49.179523858 -58.021217672 10.176520242 0.277242922 0.216125865 0.824920566 -0.442642105
1520616865.112544775 48.938082160 -58.986491086 10.276285685 0.244118009 0.197745102 0.851962062 -0.418884134
1520616865.162545681 48.592955102 -59.924579201 10.305916780 0.214226648 0.181849935 0.869575481 -0.406049291
1520616865.212548018 47.999294392 -60.195409231 9.548145010 0.173214022 0.156662067 0.894886735 -0.380304654
1520616865.262548923 47.762147679 -60.683793675 8.708358089 0.137566637 0.140697025 0.910947120 -0.362567389
1520616865.312550783 47.709336434 -61.124391033 7.812208023 0.104207885 0.129266761 0.922527124 -0.348388472
1520616865.362551928 47.116151730 -61.716598229 7.266843427 0.099936139 0.124106064 0.933945586 -0.319931391
1520616865.412553787 46.606124903 -61.798550938 6.410597907 0.086242313 0.112521627 0.944945752 -0.294921469
1520616865.462522745 46.352949036 -62.202406107 5.531505772 0.072174743 0.105339751 0.953262928 -0.273832307
1520616865.512523651 45.824439529 -62.514536327 4.742042393 0.075526652 0.098827519 0.960728029 -0.248053425
1520616865.562525749 45.684062982 -62.668068704 3.763920604 0.069925839 0.092081599 0.968336314 -0.221260341
1520616865.612527609 45.346649945 -62.760964861 2.827158763 0.067580407 0.094174560 0.973278870 -0.198222809
1520616865.662528515 44.838180280 -63.207031537 2.090624228 0.075865382 0.098455002 0.976586334 -0.175585272
1520616865.712529659 44.539838518 -63.564025742 1.205442140 0.082360647 0.100119439 0.979413706 -0.154730782
1520616865.762532711 44.427380194 -63.588735106 0.212092970 0.097325947 0.105245295 0.979065932 -0.144502556
1520616865.812533617 43.900089927 -63.497684362 -0.632699748 0.114404142 0.097685971 0.979275598 -0.135604007
1520616865.862553835 44.083843791 -63.419245528 -1.612537422 0.131520591 0.096301603 0.977956811 -0.130494484
1520616865.912555933 44.105349457 -63.757579661 -2.553317694 0.151787058 0.094966977 0.976052387 -0.123546351
1520616865.962556839 43.851633550 -63.772712063 -3.520478099 0.178806263 0.083937365 0.972608082 -0.122541251
1520616866.012558937 43.933666678 -63.905645204 -4.508202426 0.206259613 0.078002606 0.967765720 -0.121663786
1520616866.062562943 43.885120352 -64.128896660 -5.481753678 0.226296241 0.071038565 0.964050342 -0.119793450
1520616866.112561703 43.417478669 -64.346100212 -6.338569804 0.253235797 0.060693693 0.958529161 -0.115800491
1520616866.162564039 42.929497738 -64.554462698 -7.186189816 0.284461861 0.053623774 0.950313310 -0.114501326
1520616866.212564945 42.587391852 -64.768940875 -8.101046458 0.310456409 0.048377601 0.942327022 -0.115309188
1520616866.262473822 41.992714753 -64.838027588 -8.902037203 0.341404232 0.043806047 0.931917278 -0.114255714
1520616866.312415838 41.177999059 -64.774067555 -9.478359555 0.368512929 0.036959117 0.922207367 -0.111201694
1520616866.362417698 40.521859997 -64.927375908 -10.217262850 0.395125910 0.023570146 0.911818791 -0.109116703
1520616866.412418842 39.946958558 -65.143691988 -11.006373545 0.414062090 0.014916224 0.903599934 -0.108799134
1520616866.462420940 39.438353951 -64.811580360 -11.800743246 0.441395732 -0.009529404 0.890631170 -0.108881205
1520616866.512422085 38.599353269 -64.955224331 -12.325571089 0.474862998 -0.031013748 0.872437203 -0.111340057
1520616866.562423944 37.661160282 -64.877207178 -12.662776134 0.510451294 -0.053781863 0.849641480 -0.121063387
1520616866.612424850 36.817646323 -64.929788830 -13.197303375 0.541537941 -0.067465360 0.828224056 -0.127397006
1520616866.662434816 36.103470920 -65.174401205 -13.853137408 0.574115784 -0.071578490 0.804373731 -0.135094367
1520616866.712436914 35.106354715 -65.098569477 -13.850166982 0.609703993 -0.079663374 0.774952833 -0.146160511
1520616866.762438059 34.146271470 -65.294499081 -13.650537944 0.650441905 -0.081383605 0.739591733 -0.152663371
1520616866.812439919 33.180367807 -65.523227848 -13.529239699 0.686219694 -0.077070773 0.703918177 -0.166318453
1520616866.862440825 32.299702742 -65.107674145 -13.756713136 0.707787039 -0.087032232 0.682009607 -0.162252252
1520616866.912442923 31.395304955 -65.533232774 -13.725656802 0.727394294 -0.085556017 0.660780797 -0.164153732
1520616866.962443829 30.463978981 -65.678253241 -13.391589453 0.747920389 -0.086962196 0.637999778 -0.161272912
1520616867.012445688 29.559695703 -65.294636580 -13.204212798 0.758196468 -0.097975030 0.626314146 -0.152543766
1520616867.062448025 28.802866350 -65.835470486 -12.837186892 0.774637959 -0.099945414 0.603945982 -0.158733103
1520616867.112743378 27.870937773 -65.488310173 -12.732359202 0.785714307 -0.103467410 0.589414507 -0.156646292
1520616867.162745476 26.900224908 -65.250015998 -12.701823625 0.793431483 -0.104385669 0.580153763 -0.151630223
1520616867.212747335 25.962333857 -64.928198617 -12.572232152 0.805732616 -0.111252621 0.562848572 -0.147035000
1520616867.262748480 25.006730688 -64.926914452 -12.277578230 0.820040121 -0.115757129 0.539035583 -0.153541940
1520616867.312749386 24.202153833 -64.518169428 -11.846784091 0.832247199 -0.125446966 0.517919950 -0.152926724
1520616867.362751245 23.319408699 -64.375409740 -11.399145062 0.843432670 -0.132081271 0.497318832 -0.154433958
1520616867.412753582 22.537811947 -64.157920098 -10.814504341 0.854103344 -0.138802374 0.476713187 -0.154873871
1520616867.462755442 21.807337956 -63.909420246 -10.178378904 0.867439483 -0.144393787 0.451416128 -0.151402303
1520616867.512772560 21.185368750 -63.863119401 -9.396707273 0.883182256 -0.149713802 0.417923582 -0.151376217
1520616867.562773228 20.701515631 -63.978929566 -8.529254586 0.895894027 -0.156420793 0.388994849 -0.146933437
1520616867.612774134 19.946889123 -63.593338543 -7.998351207 0.904136406 -0.164587161 0.369579411 -0.137329840
1520616867.662775278 19.571942468 -63.540430553 -7.072815822 0.912995494 -0.175390270 0.341207588 -0.138761894
1520616867.712778330 19.139242604 -63.003396119 -6.348685416 0.924576834 -0.178163752 0.309484371 -0.132796007
1520616867.762778282 18.690562995 -63.023759034 -5.455224751 0.935939382 -0.180078183 0.270611818 -0.135493785
1520616867.812780380 18.061103206 -63.135356321 -4.686247235 0.944671289 -0.179042872 0.237472986 -0.138370467
1520616867.862782240 17.655252638 -62.957622627 -3.789756270 0.952241081 -0.182199073 0.204965133 -0.134274780
1520616867.912523985 17.759246369 -62.896066340 -2.797085062 0.960565557 -0.190673464 0.157391265 -0.127221973
1520616867.962460756 17.459890969 -62.892339958 -1.842950659 0.964798396 -0.194814197 0.124502224 -0.125342254
1520616868.012461662 17.267335475 -62.696194881 -0.881467695 0.969040210 -0.195303454 0.100401003 -0.112859522
1520616868.062463760 17.365777726 -62.419035112 0.074299842 0.972662549 -0.195227059 0.074778851 -0.101104322
1520616868.112464666 17.711420311 -62.592868426 0.996424119 0.975072324 -0.193753283 0.051550806 -0.095058624
1520616868.162466764 17.941658094 -62.206848853 1.889721076 0.977051835 -0.193116405 0.029327320 -0.084945119
1520616868.212467909 18.294535231 -62.643446675 2.717283804 0.975842580 -0.198186356 -0.009093350 -0.091491734
1520616868.262469769 18.629470330 -62.999867987 3.589512173 0.975125031 -0.195080209 -0.044909688 -0.095173560
1520616868.312474966 18.993286063 -62.912746267 4.516899858 0.973121525 -0.195217754 -0.082630110 -0.089982167
1520616868.362476110 19.078175660 -62.643658281 5.476267052 0.970309727 -0.195926951 -0.112834625 -0.085906993
1520616868.412477970 19.290857656 -62.765720788 6.445734490 0.962748331 -0.203474988 -0.154524029 -0.088520653
1520616868.462479115 19.593528441 -62.786106048 7.398611626 0.952217182 -0.209050916 -0.200562034 -0.096721374
1520616868.512481213 19.858861309 -62.947586443 8.349149659 0.939333494 -0.211749276 -0.247325248 -0.107912250
1520616868.562482119 20.478176800 -62.974008287 9.133847185 0.923754295 -0.212192867 -0.300103902 -0.107656105
1520616868.612484217 20.965679016 -63.535971909 9.802082531 0.902600224 -0.207371230 -0.360133819 -0.112310470
1520616868.662486076 21.754700122 -63.128341236 10.261737759 0.876845208 -0.205688524 -0.423841003 -0.095882828
1520616868.712622643 22.123709166 -62.937244109 11.171305905 0.850567725 -0.201158595 -0.478476923 -0.084436952
1520616868.762624502 22.684147351 -62.905791002 11.998904687 0.822047297 -0.192524966 -0.529654449 -0.081477258
1520616868.812625647 23.437429477 -62.697219385 12.622654572 0.792335288 -0.185539685 -0.576923684 -0.070277157
1520616868.862627745 24.153586486 -63.013774301 13.244677179 0.760335753 -0.182395268 -0.619637673 -0.068342251
1520616868.912629604 24.788106955 -62.851131553 14.000277014 0.731047331 -0.183732512 -0.653697819 -0.067017354
1520616868.962631702 25.501054563 -62.936388525 14.696292069 0.696154668 -0.186911495 -0.689844446 -0.067434505
1520616869.012632608 26.428963386 -62.818743092 15.050050134 -0.660242260 0.187286241 0.723869478 0.070830792
1520616869.062633514 27.024754654 -63.299394677 15.693483752 -0.628700795 0.187523231 0.750532066 0.079195751
1520616869.112386703 27.934942150 -63.614015575 15.962876425 -0.592153670 0.183706780 0.781199727 0.073026280
1520616869.162388802 28.884412777 -63.539506356 16.267759851 -0.565667862 0.176121641 0.803039046 0.064259845
1520616869.212389708 29.874705501 -63.657828826 16.194820732 -0.530683448 0.172108042 0.828277709 0.052057048
1520616869.262390614 30.549213729 -64.394344784 16.245642912 -0.499075618 0.178940420 0.846402549 0.050065741
1520616869.312392712 30.878624496 -65.206419402 15.763954879 -0.463134534 0.184500703 0.864864852 0.058946426
1520616869.362394810 31.731741429 -65.698389481 15.590297342 -0.432557915 0.186275269 0.880346317 0.056440552
1520616869.412395716 32.235102206 -66.219777531 14.901252764 -0.397375965 0.190676237 0.895979836 0.054360356
1520616869.462397814 32.721959945 -67.058160970 14.656134936 -0.367154116 0.194206378 0.907973352 0.055372644
1520616869.512398720 33.355861593 -67.810450143 14.476608611 -0.349323035 0.196278158 0.914828410 0.050371434
1520616869.562289000 33.805231661 -68.255192040 13.701836912 -0.327540196 0.200785214 0.922224014 0.043653007
1520616869.612220049 34.638414291 -68.548492652 13.233028360 -0.319441717 0.195279017 0.926922829 0.025242095
1520616869.662222147 35.259745154 -69.261567682 12.908263893 -0.313493946 0.195738302 0.929149244 0.009473392
1520616869.712223053 36.023062592 -69.674378758 12.411339850 -0.313688618 0.190882054 0.930115227 -0.007011231
1520616869.762224913 36.125253868 -70.229326129 11.585754992 -0.312040611 0.181434870 0.932360883 -0.020377138
1520616869.812226057 36.360709550 -70.746230502 10.762729785 -0.325304617 0.175786165 0.928426642 -0.036056894
1520616869.862228155 36.792027896 -71.431812943 10.176264781 -0.344187014 0.168266387 0.922010444 -0.055843201
1520616869.912230015 37.084626497 -71.847007151 9.314870662 -0.362832348 0.154992326 0.915876185 -0.074167920
1520616869.962232351 37.870441874 -72.297395694 8.891025935 -0.396515830 0.149271348 0.900832421 -0.094837811
1520616870.012234688 38.632348136 -72.556552907 8.297446633 -0.421736259 0.146966012 0.888199246 -0.107896333
1520616870.062235594 38.943567805 -73.008359464 7.461376569 -0.445221417 0.154208862 0.875048745 -0.110847692
1520616870.112237453 39.788356321 -73.453949714 7.165096817 -0.490314645 0.162426099 0.848244513 -0.117006657
1520616870.162238598 40.269929864 -73.966499597 6.454196303 -0.524034184 0.166941433 0.826439303 -0.120485729
1520616870.212240458 40.706983127 -73.911351346 5.556452957 -0.556239870 0.156177019 0.807009389 -0.122236621
1520616870.262242556 41.545245721 -74.046737390 5.028261284 -0.590544202 0.150118305 0.782647734 -0.127218567
1520616870.312243462 42.518555034 -74.146582675 4.821621742 -0.627106967 0.136686740 0.754290896 -0.138198521
1520616870.362413168 43.309761087 -74.167033713 4.210414137 -0.651958754 0.120117577 0.735788948 -0.138333567
1520616870.412414074 44.248094905 -74.172119742 3.864720951 -0.681305220 0.103934289 0.711876247 -0.135103923
1520616870.462415934 45.059997454 -74.023953213 3.300043229 0.709079847 -0.080268530 -0.688176279 0.131057785
1520616870.512418032 45.787555680 -74.014159309 2.614067204 0.728628521 -0.064353671 -0.670245727 0.125418295
1520616870.562418938 46.538941518 -73.981464128 1.955014589 0.750296107 -0.028719098 -0.650283442 0.115595892
1520616870.612421036 47.380741610 -73.731232386 1.476729445 0.777234540 0.001547361 -0.619875545 0.107974000
1520616870.662423134 48.191197166 -73.605389361 2.048852969 0.816918219 0.020178411 -0.568502648 0.095090451
1520616870.712424040 49.166679066 -73.483020525 2.231776259 0.840784325 0.029642546 -0.535469482 0.073996429
1520616870.762804031 50.095925754 -73.146439880 2.384137874 0.862789803 0.038822475 -0.500429712 0.060470443
1520616870.812805176 50.946533475 -72.632359636 2.494537185 0.873677055 0.048671742 -0.481071657 0.053754304
1520616870.862807035 51.742959803 -72.224710140 2.941221629 0.885144991 0.062755756 -0.459199325 0.041425116
1520616870.912807941 52.427132766 -71.836738191 3.558785491 0.895860353 0.078294958 -0.436088560 0.033628771
1520616870.962810278 53.212551699 -71.539455648 4.101685287 0.903872374 0.093742703 -0.416306190 0.030268696
1520616871.012812138 54.087802177 -71.700763106 4.557663910 0.906370660 0.102449001 -0.409491176 0.017703261
1520616871.062813044 54.928167386 -71.749169068 5.097518686 0.909202694 0.112761203 -0.400705896 0.008376020
1520616871.112814188 55.631030488 -71.704413511 5.807434456 0.912407272 0.129231953 -0.388328222 0.003641991
1520616871.162855864 56.139782582 -71.106941441 6.427271880 0.909812491 0.147888129 -0.387570369 0.012630960
1520616871.212930918 56.469541167 -71.236833386 7.362358698 0.910851858 0.159574279 -0.380626729 0.002869746
1520616871.262858868 57.215921320 -71.439472839 7.996278188 0.908865603 0.171695646 -0.379903642 -0.012535707
1520616871.312859774 57.444223294 -71.750499046 8.918851170 0.905579080 0.182258530 -0.382262058 -0.024167696
1520616871.362861872 57.786544558 -72.235119000 9.723810580 0.899012901 0.191474493 -0.392467266 -0.032905440
1520616871.412862778 58.176670991 -72.414645143 10.626900681 0.894025503 0.203265832 -0.397759180 -0.034482406
1520616871.462864637 58.472288156 -72.031549778 11.502028348 0.887874311 0.219544425 -0.403529805 -0.025360385
1520616871.512866974 58.985183697 -72.144118116 12.353066851 0.877018435 0.231318618 -0.420801481 -0.016014843
1520616871.562867880 59.825560673 -72.214770522 12.890444535 0.862553346 0.243066022 -0.443737687 -0.004183183
1520616871.613183022 60.496110847 -72.646964187 13.493413108 0.846503491 0.248852912 -0.470583047 0.007460807
1520616871.663184166 61.367646714 -72.653709625 13.983698465 0.828587627 0.255571079 -0.497266721 0.029185199
1520616871.713186026 62.264917948 -72.340408310 14.294739650 0.806136645 0.262130630 -0.527113826 0.059851960
1520616871.763186932 63.050972980 -72.318051156 14.912491740 0.789869227 0.262507370 -0.548960636 0.076411416
1520616871.813189268 63.762236500 -71.980562045 15.529099642 0.769502121 0.267069577 -0.570751207 0.103843088
1520616871.863191128 64.540395330 -71.733736806 16.106634174 0.749759476 0.263675822 -0.594321818 0.122952699
1520616871.913192034 65.293833235 -71.547352203 16.737183224 0.730774927 0.258345874 -0.615925679 0.140928964
1520616871.963194132 66.142881084 -71.216183870 17.148820547 0.709560763 0.248448786 -0.639446408 0.160950350
1520616872.014109135 67.028987272 -70.884728176 16.824856126 0.682790337 0.235161510 -0.667505147 0.181475339
1520616872.064111233 67.901912634 -70.417102956 16.685831073 -0.652451311 -0.225660053 0.694243078 -0.203497854
1520616872.114113092 68.566208672 -69.774202147 16.304531553 -0.620188597 -0.223879622 0.717026271 -0.226091456
1520616872.164114952 69.485443039 -69.393254832 16.205096537 -0.595903773 -0.209121728 0.734409969 -0.248613744
1520616872.214116096 70.310722007 -68.904111292 15.922867513 -0.567042219 -0.192807917 0.753388608 -0.271466082
1520616872.264117002 71.251048456 -68.602091035 15.766119517 -0.539322191 -0.177748512 0.770085749 -0.290697402
1520616872.314119101 71.844128503 -68.111784110 15.127484115 -0.507218114 -0.161022077 0.788420632 -0.308536194
1520616872.364121199 72.217417074 -67.461045966 14.466276500 -0.480745461 -0.146680571 0.803352654 -0.319363627
1520616872.414278269 72.675652655 -67.118098935 13.646271935 -0.455103653 -0.131794843 0.816635763 -0.329570653
1520616872.464280128 73.277745206 -66.520638809 13.116624922 -0.437091276 -0.129956656 0.824024748 -0.336222692
1520616872.514281034 73.984226270 -66.249846934 12.462747054 -0.413418177 -0.124078592 0.833462126 -0.345008404
1520616872.564283133 74.309946431 -65.314148620 12.327192484 -0.392773313 -0.131805161 0.840190041 -0.349910301
1520616872.614284039 75.028244508 -64.785552088 11.874828052 -0.374357232 -0.137053110 0.843440018 -0.360113930
1520616872.664287090 75.578338527 -64.456470535 11.107298312 -0.355312915 -0.137256936 0.846786844 -0.371302177
1520616872.714287281 76.367008852 -63.842633228 11.072615768 -0.345565587 -0.133038626 0.847100798 -0.381189438
1520616872.764289141 76.294678319 -63.712108321 10.083812682 -0.323309701 -0.118324090 0.853244446 -0.391719494
1520616872.814480543 76.756537410 -63.642715210 9.199578111 -0.304141618 -0.092123702 0.862457577 -0.393926424
1520616872.864556313 77.008108453 -62.849741535 8.644686444 -0.292549071 -0.076499769 0.868410723 -0.392970283
1520616872.914483547 77.320156696 -63.068740167 7.720205242 -0.270301196 -0.053282802 0.877376921 -0.392820500
1520616872.964485407 77.466131295 -62.577377782 6.861570033 -0.248809715 -0.045806368 0.882625857 -0.396190734
1520616873.014487505 77.243092717 -62.474785842 5.892173991 -0.207483238 -0.040933833 0.889447132 -0.405165308
1520616873.064488649 77.420310930 -61.909071841 5.086840908 -0.179231826 -0.046880720 0.896044995 -0.403461916
1520616873.114490509 77.811693725 -61.641065933 4.206504415 -0.154896697 -0.049255900 0.900962680 -0.402302272
1520616873.164491415 78.012561986 -61.145948849 3.361216881 -0.127879294 -0.045868282 0.906788702 -0.399095522
1520616873.216315508 78.599552014 -61.114346110 2.552239765 -0.106777508 -0.033843177 0.911957993 -0.394697127
1520616873.266316652 78.884898436 -60.938544694 1.610076679 -0.083551701 -0.021827951 0.916119190 -0.391494934
1520616873.316318512 78.647993971 -60.740937665 0.658852343 -0.055758215 -0.011238594 0.919247271 -0.389549958
1520616873.366319418 78.629338645 -60.406392844 -0.283342829 -0.022622449 -0.006630889 0.918421893 -0.394899332
1520616873.416321516 78.556118738 -60.289524680 -1.273787515 0.002674434 0.008355674 0.919448938 -0.393111538
1520616873.466323614 78.581415245 -59.810271396 -2.151099533 0.026737199 0.009292406 0.918694343 -0.393953649
1520616873.516324759 78.729238827 -59.855404282 -3.139082940 0.042308918 0.017849928 0.916577377 -0.397211841
1520616873.566326618 79.038716850 -60.117089073 -4.053273524 0.054287475 0.022689741 0.911779645 -0.406443014
1520616873.617854118 79.157189637 -60.248571310 -5.037487230 0.064044139 0.020419912 0.909010357 -0.411316844
1520616873.667855978 79.040246786 -60.369634422 -6.023219492 0.073405599 0.014692132 0.910042659 -0.407698564
1520616873.717856884 78.793959441 -60.637845194 -6.954565575 0.096488829 0.016400702 0.909512507 -0.403990004
1520616873.767858982 78.599070769 -61.055266210 -7.842134221 0.110956951 0.022178218 0.909003244 -0.401135619
1520616873.817860842 78.063604519 -61.634667737 -8.456601279 0.133429964 0.033178690 0.906293321 -0.399659901
1520616873.867862940 77.996436172 -61.709781042 -9.451511528 0.150926618 0.048807805 0.899570413 -0.406954575
1520616873.917864084 77.704009255 -61.772055814 -10.405769539 0.166467986 0.058566766 0.893372962 -0.413210713
1520616873.967865944 77.655296403 -61.679812410 -11.400313763 0.177800957 0.059651154 0.884130849 -0.427949998
1520616874.017866850 77.523905529 -61.519220729 -12.378550314 0.190118745 0.046222743 0.873052615 -0.446651377
1520616874.067867994 77.432401223 -61.673365272 -13.362352337 0.196237187 0.037319018 0.864507730 -0.461220816
1520616874.117869854 77.219201433 -61.589409669 -14.335747070 0.207387278 0.016571244 0.857263076 -0.470973386
1520616874.167871952 76.861631936 -61.160547723 -15.165338227 0.207402844 -0.010454203 0.856169744 -0.473125923
1520616874.217873096 76.596984315 -61.225973662 -16.127461443 0.209399292 -0.028358893 0.850606526 -0.481472998
1520616874.267874956 76.462763266 -61.059685582 -17.104361122 0.198723961 -0.050240476 0.844814024 -0.494240778
1520616874.317879915 76.038456618 -60.887408189 -17.993340519 0.193783973 -0.077104920 0.835930609 -0.507663886
1520616874.367877960 75.585463347 -60.959710377 -18.881917748 0.193135166 -0.097909879 0.825186930 -0.521707767
1520616874.417882919 75.010543821 -61.062586875 -19.693634425 0.188488901 -0.113618451 0.821520445 -0.525991388
1520616874.467143059 74.648682969 -61.109082601 -20.624706319 0.170685129 -0.131680995 0.820774013 -0.529014859
1520616874.517224073 74.079264830 -61.336085411 -21.414790306 0.155876808 -0.143271531 0.821353975 -0.529672858
1520616874.567145824 73.591235409 -61.357554547 -22.287353404 0.135349207 -0.153199961 0.823355342 -0.529430208
1520616874.617146969 73.632667169 -61.585680580 -23.260103075 0.110270531 -0.167544688 0.820096999 -0.535919863
1520616874.667148829 73.493115765 -61.768103047 -24.233369456 0.087445480 -0.181333962 0.822790951 -0.531494434
1520616874.717150927 73.281923976 -62.014185188 -25.179330137 0.065303203 -0.203892669 0.825402319 -0.522373701
1520616874.767152071 72.871355838 -61.638887982 -26.010345065 0.043429835 -0.230754425 0.830311143 -0.505420271
1520616874.817153931 72.368366962 -61.422789401 -26.847186504 0.022051280 -0.251039903 0.834361638 -0.490238070
1520616874.865250349 72.400625967 -61.499743061 -27.843699168 -0.009440680 -0.263343149 0.841172596 -0.472218088
1520616874.915252209 72.206769748 -61.183169834 -28.772247045 -0.044814366 -0.276237152 0.846389595 -0.453110760
1520616874.965253353 72.227607319 -60.606382223 -29.588875386 -0.086741340 -0.289230422 0.847131866 -0.437251991
1520616875.015255451 72.071775931 -59.960401799 -30.336154363 -0.120875389 -0.307411885 0.845940484 -0.418654716
1520616875.065257549 72.056422376 -59.027355843 -30.695583789 -0.158896975 -0.327782075 0.842228813 -0.397443442
1520616875.115258455 72.484232999 -58.417441471 -31.362653897 -0.183382362 -0.338619280 0.839876220 -0.382512519
1520616875.165260315 72.267215170 -57.926318988 -32.206278203 -0.190443616 -0.351799882 0.838767161 -0.369374771
1520616875.215262651 72.639672922 -57.441403717 -32.997563488 -0.205580466 -0.355466255 0.838444025 -0.358318336
1520616875.263584375 72.939612336 -57.099482643 -33.888139889 -0.209683547 -0.352889910 0.843188189 -0.347181796
1520616875.313585281 73.259970832 -56.162946857 -34.030516695 -0.216450190 -0.359500632 0.846778402 -0.326917342
1520616875.363587141 73.544936165 -55.444398627 -34.664932332 -0.222338522 -0.362848931 0.851031961 -0.307653761
1520616875.413588285 73.592443884 -54.630638278 -35.244187984 -0.226034693 -0.373707724 0.848819440 -0.297920147
1520616875.463590145 73.060493218 -54.037843426 -35.848855457 -0.221859790 -0.389503626 0.846015442 -0.288657290
1520616875.513592243 73.200698177 -53.331524565 -36.542725932 -0.234377677 -0.397303495 0.844501573 -0.272092138
1520616875.563593388 73.748799899 -52.744298153 -37.138334565 -0.246516476 -0.401476082 0.842409150 -0.261521331
1520616875.613595247 74.214885587 -52.202471889 -37.837754633 -0.251538251 -0.401093590 0.843661602 -0.253155171
1520616875.662979841 74.092344248 -51.414060543 -38.440573984 -0.250940908 -0.408679951 0.843074007 -0.243383600
1520616875.712980747 74.400902147 -50.675915561 -39.040518987 -0.249136606 -0.408468746 0.844406621 -0.240959942
1520616875.762982845 75.179187054 -50.048039640 -39.033853167 -0.259423507 -0.408141149 0.841989414 -0.239111005
1520616875.812983990 75.461380110 -49.120427577 -39.278603935 -0.259423507 -0.408141149 0.841989414 -0.239111005
1520616875.862985849 75.565205892 -48.387139403 -39.950547877 -0.252909333 -0.408871689 0.846502131 -0.228680897
1520616875.912986755 75.859397066 -47.538114987 -40.389420403 -0.254404381 -0.409704209 0.846471534 -0.225625384
1520616875.962988853 76.056662153 -46.682897191 -40.868679212 -0.251163896 -0.414015562 0.846656834 -0.220635483
1520616876.012990713 76.279511158 -45.738774548 -41.111518164 -0.248827922 -0.419467707 0.845321758 -0.218088589
1520616876.062645912 76.686401363 -45.023997329 -41.680318557 -0.244942580 -0.420595137 0.845855608 -0.218245627
1520616876.112647057 77.021716032 -44.172304927 -42.083039460 -0.228595370 -0.422696322 0.847459456 -0.225575811
1520616876.162730932 77.046420696 -43.272223095 -42.518059432 -0.201331141 -0.434116027 0.846650001 -0.232793520
1520616876.212649822 77.522615228 -42.532291635 -42.993180682 -0.183166723 -0.433494594 0.849496078 -0.238513737
1520616876.262651920 77.808835593 -41.783198115 -43.590622563 -0.160823617 -0.429546567 0.853313172 -0.247955924
1520616876.312654018 77.961863366 -40.811441501 -43.770265497 -0.130107431 -0.438186125 0.850910189 -0.258876084
1520616876.362654924 77.958788121 -40.022773680 -44.385077347 -0.100543770 -0.434008726 0.852654884 -0.272959751
1520616876.412657022 77.757903757 -39.424185582 -45.160537057 -0.063367844 -0.422285784 0.856191774 -0.290851990
1520616876.462657928 77.672383559 -38.509372612 -45.555256610 -0.031168875 -0.417518619 0.855228283 -0.305436225
1520616876.512599707 77.265838878 -37.683768220 -45.946535040 -0.005421273 -0.414419491 0.854042288 -0.314386490
1520616876.562600613 76.737937384 -37.085037940 -46.548898771 0.036052523 -0.396788694 0.851535614 -0.340802062
1520616876.612602472 76.292670409 -36.398528375 -47.123739565 0.073249838 -0.378103780 0.849818730 -0.359833460
1520616876.662604570 75.507960762 -35.950647697 -47.552264556 0.109729890 -0.362006647 0.845199209 -0.377556400
1520616876.712605476 75.421523700 -35.417174235 -48.393653111 0.131036396 -0.344985181 0.843191927 -0.390950204
1520616876.762607336 75.324185494 -34.872429612 -49.226586823 0.156174523 -0.333650663 0.839577572 -0.399244604
1520616876.812608719 74.650281404 -34.527257043 -49.879816626 0.183321247 -0.325421336 0.831616766 -0.410983977
1520616876.862610579 73.923393714 -34.203646814 -50.485548172 0.213362478 -0.323215933 0.818523200 -0.424296694
1520616876.912892580 73.093378666 -34.077483366 -51.028832448 0.239417039 -0.319508691 0.805525034 -0.437861962
1520616876.962894440 72.471691427 -33.795701111 -51.759656460 0.250865746 -0.317089976 0.799381005 -0.444421346
1520616877.012895346 71.592089673 -33.589105392 -52.188164294 0.277187581 -0.316689470 0.781536742 -0.460516173
1520616877.062897444 71.469590148 -33.123447803 -53.064609886 0.281617929 -0.316367436 0.772899208 -0.472472011
1520616877.112899542 71.039240600 -32.589373822 -53.792321538 0.276745076 -0.315789634 0.772026893 -0.477141014
1520616877.162901402 70.214490784 -32.500819613 -54.350842705 0.290155651 -0.315116076 0.761352830 -0.486675893
1520616877.212902546 69.522216501 -31.970455986 -54.840200182 0.299698972 -0.327576869 0.751778900 -0.487547337
1520616877.262904406 68.703619202 -31.761819263 -55.375334912 0.305637952 -0.331791371 0.744337162 -0.492404425
1520616877.312801123 67.826147196 -31.534544836 -55.797696385 0.307745969 -0.345355462 0.735928579 -0.494399787
1520616877.362802982 67.295396219 -30.836955195 -56.279019658 0.299799594 -0.363436190 0.730925985 -0.493742387
1520616877.412805319 66.651132207 -30.357651168 -56.874999132 0.287330718 -0.378096162 0.729722800 -0.491923760
1520616877.462806225 65.859533173 -29.857992670 -57.226726804 0.278540049 -0.393284012 0.725310798 -0.491596759
1520616877.512806892 65.053708320 -29.495707763 -57.695124019 0.262792568 -0.403680460 0.727818791 -0.488120846
1520616877.562809229 64.080286597 -29.338193903 -57.861375432 0.260757206 -0.411524237 0.723664715 -0.488838279
1520616877.612811089 63.276782950 -28.769359362 -58.036900800 0.245716767 -0.426994369 0.726487352 -0.479077454
1520616877.662811995 62.608810086 -28.194751986 -58.509805247 0.228860981 -0.435143721 0.730944869 -0.473278133
1520616877.712680340 62.164088942 -27.410381934 -58.942224864 0.211152060 -0.444374559 0.737522213 -0.462608954
1520616877.762681484 61.582147238 -26.658030871 -59.250950846 0.194911979 -0.454417564 0.748316868 -0.442194372
1520616877.812769413 61.029370803 -25.905779033 -59.609497056 0.185322299 -0.476124484 0.750737880 -0.418752621
1520616877.862684250 60.168349793 -25.412856598 -59.734678096 0.179418372 -0.490038457 0.752357254 -0.402032239
1520616877.912686348 59.770047361 -24.576465647 -60.111248607 0.153917621 -0.503142098 0.761031368 -0.379458366
1520616877.962687254 59.563127427 -23.600046213 -60.172805339 0.130220576 -0.522722603 0.763236497 -0.356754442
1520616878.012689352 58.902072897 -22.849811166 -60.185226339 0.115532217 -0.535763114 0.762828278 -0.343079015
1520616878.062690496 58.258360157 -22.096785516 -60.048894835 0.099538668 -0.549805682 0.761643186 -0.328185042
1520616878.112839699 57.900839153 -21.163147112 -60.071212140 0.071290054 -0.554453866 0.772511293 -0.301205812
1520616878.162840843 57.542265141 -20.312756219 -60.456257601 0.053547295 -0.552804083 0.779221113 -0.290438962
1520616878.212842941 57.411372151 -19.404401887 -60.853447017 0.026059439 -0.557774277 0.784786725 -0.268921098
1520616878.262844801 56.978226089 -18.586584321 -61.232338713 0.006317909 -0.559764158 0.790786452 -0.247549912
1520616878.312845945 56.824348079 -17.693356693 -61.654791034 -0.016604049 -0.573799226 0.784976730 -0.233002761
1520616878.362847805 56.591314962 -16.723140071 -61.720936877 -0.042975479 -0.588694461 0.779267407 -0.210556995
1520616878.412848711 56.478309503 -15.731726256 -61.786727556 -0.069781890 -0.598967604 0.774005141 -0.193091529
1520616878.462850809 56.593566959 -14.901747628 -62.332485008 -0.099660348 -0.607669171 0.767312421 -0.178990618
1520616878.512989521 57.259405884 -14.235196689 -62.667698927 -0.156928895 -0.617510005 0.754603909 -0.156932013
1520616878.562991381 57.106436941 -13.247159176 -62.648144525 -0.196455023 -0.636616937 0.732558176 -0.139580867
1520616878.612992525 56.985615954 -12.256386532 -62.709559971 -0.225275586 -0.651615284 0.714903807 -0.116451618
1520616878.662994623 56.821144485 -11.277717976 -62.586446228 -0.256489266 -0.671113968 0.690559349 -0.083349173
1520616878.712996483 56.398493316 -10.384503254 -62.433040071 0.279685923 0.691145365 -0.664879843 0.045040689
1520616878.762998581 56.796576330 -9.479038776 -62.285853141 0.304070131 0.705137077 -0.640555864 0.003353105
1520616878.812999487 56.039066255 -8.830443153 -62.360029984 0.324876830 0.717217215 -0.615571495 -0.033559609
1520616878.863001347 56.291140409 -8.100062605 -61.725204909 0.355648721 0.726488208 -0.582402639 -0.080845759
1520616878.913002491 56.682350675 -7.439265642 -61.084656783 0.388271702 0.729735392 -0.545399482 -0.138819119
1520616878.962867737 56.655049238 -6.469055516 -60.843935071 0.418184087 0.728435514 -0.507105598 -0.193255489
1520616879.012868881 56.209174842 -6.690706065 -61.711153069 0.442710731 0.727039966 -0.462737946 -0.247575626
1520616879.062870979 55.933858366 -7.290939747 -62.462099382 0.462266046 0.722395283 -0.412810778 -0.306663364
1520616879.112872124 55.331109635 -7.529670465 -63.223480766 0.481166213 0.709079348 -0.365971391 -0.362974509
1520616879.162873983 54.587083509 -7.978731740 -63.718222208 0.495434983 0.692474427 -0.323958993 -0.412400190
1520616879.212875843 54.436932552 -7.050588459 -63.377627521 0.499303726 0.682439016 -0.293536493 -0.445880148
1520616879.262876987 53.767971125 -6.653417349 -64.005915446 0.499017073 0.666544808 -0.254500437 -0.491863300
1520616879.312878847 54.084441130 -5.962199354 -63.356250595 0.493778019 0.656718742 -0.225103941 -0.523671632
1520616879.362925291 54.580812084 -5.829320344 -62.498370041 0.489055577 0.640274638 -0.198571558 -0.558070217
1520616879.412927389 54.903808012 -5.497183223 -61.612165457 0.479959680 0.629913624 -0.178138206 -0.584049921
1520616879.463019371 55.291436195 -5.711251702 -60.715550112 0.469675836 0.622283159 -0.153154135 -0.607216674
1520616879.512930393 55.811741416 -5.641260009 -59.864442809 -0.460776105 -0.616645735 0.147056132 0.621134376
1520616879.562931299 56.574948328 -6.156063595 -59.473939957 -0.450082388 -0.609333316 0.140066520 0.637589307
1520616879.612933397 57.523111500 -6.024371653 -59.184727526 -0.438772858 -0.605081280 0.138473721 0.649753840
1520616879.662934303 58.372251427 -6.547028579 -59.108628101 -0.430569552 -0.601354410 0.131582263 0.660052151
1520616879.712936401 59.225496716 -6.808335137 -58.657306310 -0.429958321 -0.605562129 0.114251161 0.659831056
1520616879.762993336 60.057003727 -6.421389879 -58.258721992 -0.422207366 -0.614537737 0.109404296 0.657354555
1520616879.812995434 61.033694222 -6.487235256 -58.054418143 -0.422229839 -0.617531039 0.100508925 0.655953760
1520616879.862997293 61.940193820 -6.404547265 -57.640387739 -0.424942648 -0.627804022 0.092260310 0.645580275
1520616879.912998199 62.693262286 -6.581782892 -57.006766861 0.428795981 0.636619356 -0.088247917 -0.634871725
1520616879.963000298 63.479778629 -7.080855298 -56.643010382 0.424037021 0.639635760 -0.087930458 -0.635080258
1520616880.013001204 64.331154774 -7.377229969 -56.210204751 0.417659448 0.644047276 -0.088838190 -0.634721567
1520616880.063003302 65.128530679 -7.890862345 -55.893387062 0.416391315 0.647143957 -0.085816877 -0.632817853
1520616880.113005400 66.026413432 -8.270223859 -55.670023227 0.415003174 0.646086762 -0.080949733 -0.635445830
1520616880.162971020 66.925529316 -8.650674721 -55.453579773 0.415178143 0.645600586 -0.079707403 -0.635982486
1520616880.212971926 67.842837899 -8.572802146 -55.063091838 0.411226000 0.650059162 -0.079629125 -0.634015351
1520616880.262974024 68.769337858 -8.803036179 -54.765450921 0.407639044 0.658662512 -0.081156482 -0.627222234
1520616880.312975883 69.688225346 -8.962988699 -54.404811247 0.408277428 0.663303011 -0.079958082 -0.622049325
1520616880.362976789 70.637843552 -8.982934028 -54.092037451 0.407609522 0.670804106 -0.090211718 -0.612974856
1520616880.412979126 71.440624715 -9.451731841 -53.723566265 0.415532580 0.673052534 -0.090674367 -0.605071169
1520616880.462980986 72.337131619 -9.628883556 -53.317496516 0.421011512 0.678360213 -0.088849615 -0.595552243
1520616880.512981892 73.133361144 -10.127254927 -52.974503047 0.424504049 0.679074516 -0.089632124 -0.592131908
1520616880.563006163 73.960004402 -10.047673678 -52.417432361 0.421558093 0.691678427 -0.097866186 -0.578179848
1520616880.613008261 74.699654378 -9.628401154 -51.891002438 0.414342527 0.707286983 -0.105571373 -0.562956552
1520616880.663009167 75.488034658 -9.542685694 -51.281814952 0.415728994 0.713270359 -0.103063579 -0.554790679
1520616880.713010073 76.363397046 -9.964547275 -51.045650822 0.416138231 0.713400639 -0.101401995 -0.554622517
1520616880.763012171 76.905204203 -10.188942305 -50.235655838 0.423757032 0.724974635 -0.095592532 -0.534512698
1520616880.813013077 77.604514875 -10.244984381 -49.523038220 0.421722967 0.733540213 -0.105927599 -0.522348389
1520616880.863015175 78.221056640 -10.157310358 -48.740612812 0.419549393 0.737403294 -0.121986058 -0.515105902
1520616880.913016081 78.921030137 -10.028081234 -48.038233330 0.417657041 0.748943035 -0.122480318 -0.499645373
1520616880.963162899 79.875731193 -10.117145951 -47.754308392 0.413824998 0.750237347 -0.137936753 -0.496856365
1520616881.013163805 80.559032188 -9.819759771 -47.087479171 0.408049056 0.766660775 -0.144597748 -0.474150520
1520616881.063166142 81.365467521 -9.675911919 -46.513920238 0.400259588 0.779151345 -0.154963646 -0.456838825
1520616881.113262892 82.005617801 -9.084235493 -46.023893070 0.390257514 0.792379436 -0.161287069 -0.440250364
1520616881.163168907 82.817362111 -9.496666469 -45.610405628 0.383851745 0.798439104 -0.167486197 -0.432551972
1520616881.213171005 83.486689508 -9.518416754 -44.867756477 0.380602423 0.806538723 -0.166855736 -0.420471459
1520616881.263171911 84.109499023 -9.155915036 -44.174430570 0.372320425 0.818457434 -0.164322656 -0.405589687
1520616881.313174009 84.554476395 -9.239657547 -43.282812754 0.374392114 0.829714350 -0.153053409 -0.384680772
1520616881.363174915 85.335906665 -9.272915086 -42.659707089 0.370564901 0.833922072 -0.157988781 -0.377220330
1520616881.413449764 86.048405702 -9.791807409 -42.187376824 0.370600141 0.839755826 -0.156324598 -0.364730459
1520616881.463451624 86.781971411 -9.525329154 -41.562180304 0.361258437 0.849602955 -0.164219147 -0.347417952
1520616881.513453007 87.529127352 -9.959984386 -41.059355453 0.360424282 0.856595284 -0.162602326 -0.331510693
1520616881.563454866 88.148362587 -9.413887413 -40.495151748 0.356067583 0.870292410 -0.160760998 -0.299938158
1520616881.613455772 88.935159657 -9.789329559 -40.005260367 0.358064668 0.879383966 -0.152632023 -0.274184242
1520616881.663457870 89.317067143 -9.335990050 -39.199884702 0.357109556 0.891033079 -0.162197009 -0.228527783
1520616881.713458776 89.926440772 -9.564217029 -38.440558537 0.357687349 0.899210161 -0.159418097 -0.195106937
1520616881.763460636 90.325467153 -9.958516300 -37.612726409 0.362353208 0.904593798 -0.162636823 -0.154788494
1520616881.813375235 90.754413463 -10.324564244 -36.786885040 0.360164311 0.913195175 -0.156153002 -0.109418836
1520616881.863377333 91.276181986 -10.350355215 -35.934187888 0.354437958 0.920752672 -0.150941082 -0.061685011
1520616881.913379192 91.466196485 -10.871057342 -35.101863561 0.355082271 0.924262663 -0.140034645 -0.006738607
1520616881.963380337 91.714904576 -10.900999701 -34.133747999 0.346455060 0.926961394 -0.134413482 0.051424525
1520616882.013382196 91.880987547 -10.904754375 -33.147643365 0.345166648 0.922329416 -0.134317880 0.110123299
1520616882.063384056 92.044405738 -10.901787476 -32.161090938 0.344185692 0.912644007 -0.136583854 0.173095282
1520616882.113385201 92.295326298 -10.587014200 -31.245691212 0.340924044 0.897400218 -0.154638555 0.233517797
1520616882.163387299 92.591721544 -10.367729988 -30.316140626 0.333956665 0.880786298 -0.165795416 0.291890943
1520616882.213105679 92.136639524 -10.397863900 -29.426201132 0.330717548 0.857889065 -0.172420858 0.353444909
1520616882.263106823 92.056707763 -10.259804099 -28.439007937 0.317881227 0.836060287 -0.185246057 0.406987249
1520616882.313107729 91.867555310 -9.808807546 -27.566755990 0.299811720 0.812069888 -0.196464538 0.460496597
1520616882.363110065 91.396136149 -9.525178270 -26.731700059 0.284053959 0.787776516 -0.193565708 0.511129951
1520616882.413110971 90.879019640 -8.698012442 -26.511729132 0.262791824 0.752713294 -0.199844416 0.569583500
1520616882.463112831 90.344716897 -8.305701997 -25.762988126 0.246284900 0.724944726 -0.193951342 0.613336587
1520616882.513114929 89.618934379 -8.037177101 -25.129636631 0.223584061 0.698591287 -0.188771786 0.652951448
1520616882.563115835 89.100358764 -7.452062152 -24.506162632 0.196693017 0.671728708 -0.187127696 0.689257300
1520616882.613003016 88.447991315 -6.750139062 -24.220294328 0.170362380 0.639764603 -0.190571932 0.724817391
1520616882.663003922 87.534489972 -6.617341640 -23.835742457 0.140558555 0.608994897 -0.173521811 0.761090460
1520616882.713006258 86.613679070 -6.322857888 -23.580034416 0.114095493 0.575194574 -0.163089450 0.793432575
1520616882.763103008 85.636788794 -6.117188868 -23.638220686 0.089316181 0.536556620 -0.157362027 0.824237105
1520616882.813009262 84.915682019 -5.425393259 -23.600486679 0.075779244 0.501031852 -0.156106536 0.847853371
1520616882.863010168 83.962366966 -5.180701600 -23.777451088 0.056730923 0.463736740 -0.151865827 0.871014701
1520616882.913012028 83.226164299 -4.713639163 -24.267204406 0.044916058 0.420771485 -0.153338979 0.892984357
1520616882.963013172 82.434166240 -4.781917486 -24.873898023 0.022317291 0.379823766 -0.147522580 0.912947388
1520616883.012995720 81.829632751 -4.831006290 -25.668963775 -0.004399690 0.333148178 -0.145840581 0.931516752
1520616883.062997580 81.722123323 -4.710734836 -26.655866253 -0.034087678 0.276194357 -0.144214495 0.949608807
1520616883.112998724 81.332749864 -4.653416452 -27.575161044 -0.065883596 0.220883418 -0.139331511 0.963045480
1520616883.163000584 81.579728630 -4.675887480 -28.543921356 -0.103872097 0.159700575 -0.136868508 0.972097385
1520616883.213001490 81.282256966 -4.742388738 -29.496333132 -0.125920840 0.103438998 -0.137231495 0.977042390
1520616883.263003826 81.365279605 -4.762389716 -30.492680061 -0.148857656 0.048027347 -0.124058559 0.979869505
1520616883.313004732 81.260634285 -4.754009634 -31.487154360 -0.160973853 -0.003107419 -0.111708578 0.980611522
1520616883.363006592 80.886476207 -5.041154564 -32.368944313 -0.185433102 -0.049477354 -0.095622115 0.976740993
1520616883.413008690 80.639500408 -5.341895373 -33.290116349 -0.204147095 -0.088764677 -0.089466151 0.970793801
1520616883.463502645 80.536014023 -5.969274088 -34.061923655 -0.232522426 -0.127972054 -0.080800007 0.960743376
1520616883.513504505 80.625385527 -6.496111600 -34.907178037 -0.254195399 -0.163067218 -0.065053849 0.951084527
1520616883.563505411 80.632840181 -7.033150028 -35.750702876 -0.270311215 -0.187994907 -0.045751632 0.943131248
1520616883.613507748 80.777822887 -7.589331653 -36.569019450 -0.279836895 -0.201934907 -0.033081460 0.937986792
1520616883.663509607 80.965995971 -8.212989627 -37.327729949 -0.290916121 -0.206761885 -0.015706136 0.934007843
1520616883.713511467 81.197379075 -8.796720581 -38.106010125 -0.299738981 -0.210928714 0.002590044 0.930407928
1520616883.763511658 81.767077037 -9.326710441 -38.734146242 -0.310566757 -0.224650317 0.020929209 0.923386426
1520616883.813514709 82.111079777 -9.747204817 -39.573697667 -0.318291932 -0.226546232 0.041024310 0.919610818
1520616883.865299225 82.376306962 -10.337273051 -40.336242104 -0.324554091 -0.220389309 0.056600068 0.918090206
1520616883.915301323 82.663411074 -11.112862758 -40.898409193 -0.343497697 -0.211765082 0.071922267 0.912135993
1520616883.965302467 82.896699962 -11.867424301 -41.511771381 -0.352072121 -0.194988876 0.079691887 0.911961492
1520616884.015304327 83.088241541 -12.486748150 -42.273184405 -0.330152514 -0.183096789 0.097226929 0.920880996
1520616884.065305471 83.203483188 -13.186568314 -42.978146178 -0.323612854 -0.164677684 0.110714117 0.925147753
1520616884.115307331 83.569195955 -13.917926799 -43.553792717 -0.321763870 -0.140860863 0.115828782 0.929090912
1520616884.165308237 83.469095993 -13.730876072 -44.531029650 -0.296772752 -0.114078968 0.135364100 0.938396762
1520616884.215310335 83.290143798 -14.326458299 -45.314137511 -0.297517828 -0.087490441 0.141778827 0.940067726
1520616884.266736984 83.366503007 -14.632748105 -46.263008327 -0.296931595 -0.072350913 0.147581197 0.940646992
1520616884.316738844 83.540393154 -15.531795482 -46.664849130 -0.305475976 -0.055707838 0.159866959 0.937029146
1520616884.366741180 83.291791482 -16.200120515 -47.365947453 -0.307342244 -0.034073739 0.162559193 0.936992121
1520616884.416839123 82.896767571 -16.747962816 -48.103392314 -0.306994713 -0.017450457 0.161749053 0.937703030
1520616884.466742992 83.350245727 -17.067348870 -48.935468098 -0.307350914 -0.009355465 0.161345300 0.937771606
1520616884.516745090 83.888061988 -17.772932820 -49.396884354 -0.315705911 -0.001157242 0.159551108 0.935345863
1520616884.566745996 83.419864131 -18.028674400 -50.242689894 -0.320275882 0.027098627 0.158113924 0.933642871
1520616884.616748095 83.631351229 -18.678698462 -50.972581616 -0.331554897 0.042316007 0.160450926 0.928728273
1520616884.668346167 84.169273358 -19.155761474 -51.667600080 -0.341905046 0.061383512 0.162833403 0.923481611
1520616884.718347073 84.685045789 -19.793791799 -52.239348367 -0.354345090 0.085761697 0.162179880 0.916941751
1520616884.768349171 84.638246057 -20.012339966 -53.214051647 -0.353385353 0.122015072 0.156450347 0.914196042
1520616884.818350077 84.246313939 -20.626218288 -53.899283447 -0.358672590 0.162130140 0.149659734 0.907011441
1520616884.868352175 83.800940248 -21.042801354 -54.691811570 -0.360297653 0.211098267 0.140676131 0.897682209
1520616884.918353319 83.723975376 -21.207527462 -55.675143517 -0.359996619 0.247545353 0.126179736 0.890619114
1520616884.968355179 83.087051974 -21.746934728 -56.225932389 -0.366688018 0.293022802 0.112587971 0.875786209
1520616885.018356323 83.207665839 -21.909446811 -57.205239347 -0.371590240 0.325420487 0.103228941 0.863345809
1520616885.069706440 83.176775697 -22.397659806 -58.077417007 -0.372924398 0.361401764 0.086255663 0.850221218
1520616885.119708300 83.032141048 -22.936919737 -58.907043155 -0.381946470 0.390189690 0.074743280 0.834435343
1520616885.169709444 83.020947796 -23.706423217 -59.545587676 -0.392110259 0.408541107 0.074267735 0.820870277
1520616885.219711304 83.095564549 -24.572347342 -60.040166032 -0.403175024 0.422502322 0.073606123 0.808408206
1520616885.269712210 83.061100079 -25.236405528 -60.787052185 -0.415614062 0.433287503 0.063834694 0.797152446
1520616885.319714308 82.887529992 -26.044997933 -61.349236983 -0.429133074 0.444824517 0.049008779 0.784585300
1520616885.369716406 82.569588764 -26.273236202 -62.269465579 -0.436839514 0.454166177 0.039801192 0.775448379
1520616885.419718266 82.172493168 -26.869402425 -62.967248440 -0.452336757 0.462261518 0.030375317 0.762091259
1520616885.471258402 81.970037364 -27.617469294 -63.599235471 -0.480780595 0.459798559 0.019780585 0.746353826
1520616885.521259308 81.755449727 -28.560595355 -63.853135807 -0.510294116 0.462946582 0.010520566 0.724685929
1520616885.571261644 81.487422253 -29.522004495 -63.915214283 -0.535443276 0.467501209 0.001372560 0.703378443
1520616885.621263504 81.517674701 -30.503716574 -64.103166896 -0.557518106 0.469121100 -0.022662846 0.684532943
1520616885.671264410 81.089760898 -31.389421097 -64.283214877 -0.567803151 0.479409681 -0.042772349 0.667784745
1520616885.721266508 80.780162099 -32.313872038 -64.060641202 -0.580387290 0.482661265 -0.067626573 0.652392016
1520616885.771267414 80.398595639 -33.231195921 -63.946957740 -0.593007606 0.484031206 -0.091969804 0.636865234
1520616885.821269274 80.071981687 -34.074045539 -63.519257087 -0.607296770 0.481750217 -0.118677299 0.620502264
1520616885.871270418 79.634931368 -34.829353754 -63.030896034 0.619221971 -0.476364985 0.146804552 -0.606703366
1520616885.920545101 78.914992835 -35.476607432 -62.780394164 0.625826812 -0.472974990 0.175514230 -0.594836292
1520616885.970546007 78.471549372 -36.258309244 -62.341873729 0.632134948 -0.470204258 0.200624863 -0.582291188
1520616886.020547867 77.903602647 -37.073929157 -62.231417064 0.631751901 -0.469846640 0.219871448 -0.576012340
1520616886.070646763 77.050793301 -37.474504716 -61.896371634 0.624278748 -0.474181805 0.242557795 -0.571483487
1520616886.120551109 76.322406267 -38.045407567 -61.517528311 0.613242701 -0.477677070 0.265584415 -0.570283198
1520616886.170552015 75.696151265 -38.246050594 -60.764171126 0.606832837 -0.485657934 0.285542454 -0.560674402
1520616886.220554113 75.063355867 -38.835301218 -60.261822954 0.603828968 -0.485442762 0.297898184 -0.557667082
1520616886.270555973 74.220258337 -38.941525120 -59.734657859 0.595515939 -0.491965259 0.310484946 -0.554012679
1520616886.318944454 73.324417540 -39.288177736 -59.456626872 0.589852172 -0.490664083 0.311151726 -0.560809928
1520616886.368946314 72.401637676 -39.521304895 -59.149822292 0.589852172 -0.490664083 0.311151726 -0.560809928
1520616886.418947220 71.421662006 -39.693526134 -59.049884646 0.589955180 -0.490377168 0.311396232 -0.560816820
1520616886.468949318 70.587560953 -39.496107641 -58.534810505 0.594413348 -0.491532363 0.308742782 -0.556548832
1520616886.518950224 69.596536087 -39.619241873 -58.482775168 0.594376922 -0.487448807 0.303336350 -0.563113482
1520616886.568952084 68.770182493 -40.105235994 -58.198258998 0.603066026 -0.479464738 0.299682826 -0.562685646
1520616886.618953228 68.180028053 -40.282315440 -58.985888737 0.603017244 -0.469096896 0.299723081 -0.571388118
1520616886.668955326 67.324984982 -40.574476018 -58.557468916 0.611877696 -0.466049220 0.299063951 -0.564769477
1520616886.717357397 66.436163959 -40.933178028 -58.272284663 0.618671886 -0.463829119 0.298727407 -0.559347462
1520616886.767358303 65.724194939 -41.282866811 -57.663336496 0.618308788 -0.464825814 0.297899828 -0.559362939
1520616886.817360163 64.877313796 -41.509272024 -57.182157727 0.610988704 -0.466370199 0.304656333 -0.562473253
1520616886.867361307 63.880471565 -41.479310907 -57.255696140 0.587804116 -0.469600783 0.317930997 -0.576958670
1520616886.917363405 62.951755170 -41.710014504 -56.965417467 -0.567482148 0.467246585 -0.324178205 0.595443643
1520616886.967364073 61.963536885 -41.858341953 -56.927686982 -0.548608358 0.464101500 -0.340863693 0.606177045
1520616887.017367363 60.988155532 -42.078810139 -56.932686515 -0.534280806 0.459663267 -0.357519309 0.612726403
1520616887.067368269 60.274928957 -42.637713452 -57.355693536 -0.529724317 0.448007398 -0.383933101 0.609324949
1520616887.115808010 59.338790768 -42.940636500 -57.534251417 -0.526026407 0.449081310 -0.398969187 0.602034703
1520616887.165809155 58.374813316 -43.195604015 -57.458494973 -0.527368932 0.452935978 -0.405960622 0.593234341
1520616887.215811253 57.428008423 -43.349564170 -57.741084365 -0.524357692 0.446395705 -0.416637078 0.593458870
1520616887.265813112 56.557936316 -43.716223665 -57.411637337 -0.530975012 0.448348237 -0.417428983 0.585493329
1520616887.315814257 55.562941280 -43.792578931 -57.476094700 -0.525352873 0.441075470 -0.422924393 0.592107884
1520616887.365816116 54.600173051 -44.050562320 -57.556853025 -0.529608561 0.440835172 -0.425237097 0.586815589
1520616887.415817261 53.707625835 -44.310037232 -57.925678509 -0.535197631 0.431519369 -0.421631126 0.591254365
1520616887.465818167 52.723960554 -44.489564725 -57.938812259 -0.548671353 0.431059290 -0.416104424 0.583099256
1520616887.514790773 51.784007996 -44.759884965 -58.147177697 -0.555294839 0.430712779 -0.406438228 0.583902484
1520616887.564791918 50.819842035 -45.017059341 -58.082021429 -0.565380501 0.434139821 -0.390218419 0.582749594
1520616887.614793777 49.924970449 -45.426504671 -58.259670993 -0.569154127 0.427743262 -0.380773836 0.590008955
1520616887.664794922 48.960557618 -45.656095151 -58.390804900 -0.570009990 0.423605639 -0.377721790 0.594115413
1520616887.714895010 48.013100837 -45.975497083 -58.373253415 -0.578689781 0.415379157 -0.372555032 0.594794958
1520616887.764797688 47.030598366 -46.160849641 -58.354996259 -0.583491699 0.410638526 -0.369874002 0.595068618
1520616887.814800024 46.093505543 -46.501358068 -58.278112894 -0.581879422 0.407664855 -0.373788014 0.596245104
1520616887.864801884 45.107062475 -46.652004846 -58.213031230 -0.583126897 0.413177204 -0.373136458 0.591622180
1520616887.914802790 44.194759779 -47.023676894 -58.041090313 0.587132880 -0.419512357 0.372145061 -0.583774286
1520616887.964260817 43.229907841 -47.237389270 -57.888159749 0.581304383 -0.429260911 0.379845697 -0.577527082
1520616888.014261961 42.368100154 -47.744226119 -57.908257469 -0.575776155 0.433313875 -0.382773515 0.578104957
1520616888.064263821 41.510370006 -48.255688511 -57.960269166 -0.568472572 0.435824008 -0.391365287 0.577693328
1520616888.114264727 40.611283580 -48.679016034 -57.848746047 -0.568168085 0.440852182 -0.399403229 0.568604821
1520616888.164266825 39.751407432 -49.169900361 -57.708583330 0.568071128 -0.443821334 0.400591203 -0.565547969
1520616888.214267731 38.827430251 -49.549826882 -57.752424046 0.568020833 -0.444130532 0.400421554 -0.565475890
1520616888.264269829 37.869116400 -49.684818984 -58.004240835 0.568020833 -0.444130532 0.400421554 -0.565475890
1520616888.314271927 36.934357650 -49.915298745 -57.733861176 0.576170391 -0.442993098 0.393161257 -0.563213123
1520616888.364781380 36.041248164 -50.342918459 -57.594230144 0.591051513 -0.435422699 0.382908474 -0.560755100
1520616888.414783239 35.221941740 -50.874455991 -57.379277040 0.609900784 -0.423827878 0.371435394 -0.557159503
1520616888.464784145 34.347864547 -51.352001761 -57.468378653 0.621947251 -0.407892264 0.358333056 -0.564272042
1520616888.514786482 33.524585551 -51.869544310 -57.701533978 0.631730272 -0.391045311 0.346437016 -0.572696972
1520616888.564788342 32.685103375 -52.403858008 -57.800420514 0.642258488 -0.374190236 0.340533464 -0.575780047
1520616888.614789248 31.720850796 -52.660519756 -57.866312171 0.657817057 -0.361106514 0.326641503 -0.574616510
1520616888.664791346 30.779949560 -52.907180058 -58.098397415 0.664713870 -0.341631819 0.316863951 -0.583986650
1520616888.714793205 30.021126196 -53.556851926 -58.144370945 0.676684514 -0.315666940 0.296012257 -0.595675411
1520616888.766263962 29.388264765 -54.299660036 -58.362825794 0.692217922 -0.283921400 0.281431764 -0.600848691
1520616888.816265821 28.823149183 -55.075415105 -58.082026129 0.713185438 -0.257887791 0.259719920 -0.597834409
1520616888.866266727 28.079837106 -55.740202946 -58.156486069 0.727680634 -0.235312887 0.251680952 -0.593098169
1520616888.916268826 27.392027713 -56.428476868 -57.925840780 0.742519070 -0.217233646 0.244767202 -0.584434762
1520616888.966270924 27.066420161 -57.283257449 -57.521699864 0.761106157 -0.201247589 0.233034285 -0.570886895
1520616889.016271830 26.670083557 -58.031530975 -56.989718638 0.777312052 -0.191473767 0.220534500 -0.557214774
1520616889.066272974 25.965592104 -58.272131161 -56.322033575 0.789713741 -0.187134200 0.218065028 -0.542015351
1520616889.116274834 25.813459823 -59.228426982 -56.072325602 0.797193831 -0.177006318 0.199022299 -0.541794135
1520616889.165064812 25.538287720 -60.180459720 -56.206168718 0.798449253 -0.167836992 0.191923188 -0.545412710
1520616889.215065718 25.675755796 -61.093623683 -55.822457753 0.807566745 -0.149541152 0.174928628 -0.543022441
1520616889.265066624 25.361316696 -62.004869687 -56.088462965 0.810296637 -0.136080600 0.156442008 -0.548112514
1520616889.315068722 25.186058566 -62.652733611 -55.347141898 0.820244955 -0.127413490 0.136374195 -0.540708882
1520616889.365166664 24.960928825 -63.588044692 -55.074177097 0.825577516 -0.117010726 0.113010270 -0.540332244
1520616889.415071487 24.843455061 -64.054821796 -54.197638992 0.839945579 -0.104025046 0.087884474 -0.525306132
1520616889.465073824 24.266303125 -64.766302515 -53.796776386 0.846295170 -0.088002731 0.067600201 -0.521028039
1520616889.515074730 24.105038484 -65.666756287 -53.392825002 0.856895514 -0.069545119 0.040554995 -0.509164852
1520616889.563895464 24.206979532 -66.298874544 -52.624687949 0.872530465 -0.049669628 0.000088300 -0.486028300
1520616889.613896370 24.308796659 -66.892886808 -51.826701293 0.880854380 -0.032597969 -0.012562681 -0.472096507
1520616889.663898468 24.498373240 -67.641128988 -51.190938476 0.889271378 -0.019338877 -0.041890205 -0.455046850
1520616889.713899374 24.225888097 -68.355584630 -50.546496871 0.894134954 -0.005099169 -0.073008331 -0.441776488
1520616889.763901234 24.524315976 -69.226732627 -50.156571277 0.893690234 0.012057759 -0.107254514 -0.435509868
1520616889.813902378 24.992412144 -69.866939102 -49.547455814 0.892414204 0.027632886 -0.146112612 -0.426009878
1520616889.863904238 25.308128707 -70.608031250 -48.954914272 0.890635236 0.042589097 -0.174693637 -0.417656770
1520616889.913906336 25.861339951 -71.422826995 -48.781521037 0.885212789 0.051741218 -0.209498265 -0.412106348
1520616889.963425398 26.653869343 -71.948144518 -48.471781367 0.884045602 0.064665803 -0.231096761 -0.401093498
1520616890.013427496 27.141707192 -72.339004421 -47.691241317 0.887556193 0.072305506 -0.247649120 -0.381688134
1520616890.063428402 27.393699063 -73.091069637 -47.082227354 0.885645913 0.073744011 -0.266117529 -0.373329075
1520616890.113430262 28.045296913 -73.632756732 -46.551195027 0.884695618 0.077596790 -0.272243977 -0.370372269
1520616890.163431406 28.166669117 -74.441060733 -45.975075742 0.885441840 0.067730462 -0.286013704 -0.360002075
1520616890.213433504 28.197252572 -75.288754382 -45.445471995 0.886367637 0.050329381 -0.300541853 -0.348559837
1520616890.263435364 28.320471659 -75.966957449 -44.721001390 0.889719247 0.036448396 -0.309016636 -0.334035768
1520616890.313436508 28.812709869 -76.673336788 -44.212346523 0.893327497 0.029177408 -0.321250629 -0.312910044
1520616890.363438368 29.194070882 -77.262644448 -43.500110425 0.899630552 0.020993713 -0.329151758 -0.286152501
1520616890.413210154 29.307866822 -77.586531618 -42.560883303 0.906722469 0.007220378 -0.333953382 -0.257443915
1520616890.463211060 29.899220292 -78.169105735 -42.003291632 0.907617301 -0.002578833 -0.347196972 -0.235962810
1520616890.513212204 30.217713981 -78.872967593 -41.368358365 0.913394981 -0.015177919 -0.341104336 -0.221646273
1520616890.563214064 30.559941106 -79.338243204 -40.552025589 0.921181774 -0.029433139 -0.328747710 -0.206113495
1520616890.613214970 31.294496979 -79.786011789 -40.042191337 0.924968689 -0.040667644 -0.327953548 -0.187684675
1520616890.663217306 31.980948667 -80.056334992 -39.367128787 0.930505953 -0.059283773 -0.319065839 -0.169826663
1520616890.713219166 32.773665373 -80.306580110 -38.811271247 0.935110673 -0.083405413 -0.307688836 -0.154722804
1520616890.763220072 33.307780203 -80.813090211 -38.134389525 0.940599130 -0.107279008 -0.286520693 -0.147208637
1520616890.812941313 33.640984366 -81.011986241 -37.212752202 0.948811484 -0.130384537 -0.256150710 -0.130933011
1520616890.862942219 34.315763405 -81.145129404 -36.486841639 0.952829044 -0.147127195 -0.235992917 -0.121563749
1520616890.912944317 34.870546664 -81.300450286 -35.669473325 0.958185179 -0.153774609 -0.213626619 -0.112241707
1520616890.962945461 35.484066036 -81.535404457 -34.915556541 0.964122771 -0.157341948 -0.185005511 -0.107162281
1520616891.013042212 35.803863579 -81.368724443 -33.982846884 0.970242758 -0.160648041 -0.150170456 -0.101341166
1520616891.062949181 36.204555428 -82.051042643 -33.371383135 0.972263088 -0.159856754 -0.124224730 -0.117126097
1520616891.112950325 36.216664610 -82.125301207 -32.374217635 0.977437155 -0.156033826 -0.088910278 -0.111198095
1520616891.162952185 36.146940348 -82.058908958 -31.378863127 0.981987631 -0.147966317 -0.063154396 -0.099084728
1520616891.213149786 36.648154000 -82.345230351 -30.562281879 0.983567191 -0.146218518 -0.056047551 -0.089857654
1520616891.263151884 37.002352071 -82.654700206 -29.679801207 0.986329228 -0.139033461 -0.035914232 -0.080836366
1520616891.313152790 37.052991640 -82.626181820 -28.681491468 0.989881013 -0.124454125 -0.009329958 -0.067525577
1520616891.363154888 37.366988345 -83.273242049 -27.986711553 0.993976590 -0.086555722 -0.004274803 -0.067084813
1520616891.413156986 37.515580352 -83.452356819 -27.014169361 0.995599695 -0.065490731 0.009569915 -0.066337231
1520616891.463157892 37.531960028 -83.836600061 -26.091082780 0.996290392 -0.045330855 0.035968823 -0.063693105
1520616891.513159752 37.768224056 -84.226540157 -25.201068156 0.995930636 -0.027359066 0.063418050 -0.057894743
1520616891.563160896 37.461131992 -84.429147534 -24.271205416 0.995151590 -0.005077088 0.088116126 -0.043394526
1520616891.613391161 37.626248056 -84.659688517 -23.312254145 0.995073497 0.022850281 0.091081241 -0.031793190
1520616891.663392305 37.694902064 -84.861494464 -22.335237775 0.993879908 0.048885264 0.097123311 -0.019494134
1520616891.713394165 36.976588487 -85.086032805 -21.676748490 0.991522239 0.070925665 0.107983056 -0.013887389
1520616891.763395071 36.902341373 -85.059696059 -20.679856449 0.990933395 0.087348295 0.102068805 -0.001800061
1520616891.813397408 36.760114037 -84.576606206 -19.815914565 0.991500913 0.094784704 0.083150538 0.032059125
1520616891.863399267 37.232211431 -84.776512487 -18.957333451 0.990333085 0.120912268 0.046123621 0.049932110
1520616891.913400173 36.858927776 -84.854038529 -18.032861155 0.988838670 0.132905987 0.030479349 0.060042417
1520616891.963402271 36.322746341 -84.654039559 -17.212794158 0.987015238 0.140488515 0.016766539 0.076044589
1520616892.013287306 35.784256253 -84.426842148 -16.401369632 0.985192846 0.146046676 -0.002623736 0.089769370
1520616892.063288212 35.506918104 -84.262126882 -15.454821993 0.984262521 0.146032804 -0.021594324 0.097135960
1520616892.113290310 35.261157022 -83.922553232 -14.546917137 0.982044617 0.153540836 -0.034229000 0.104124717
1520616892.163292170 35.356685736 -83.664098768 -13.585628650 0.979858603 0.159487091 -0.051907008 0.108381956
1520616892.213293076 35.010462032 -83.206070260 -12.766886303 0.978824737 0.160488564 -0.060306904 0.111841993
1520616892.263295412 35.376168302 -82.819473792 -11.920244645 0.977778121 0.160486591 -0.075351249 0.111875775
1520616892.313296318 35.529192424 -82.489605591 -10.988702597 0.976198597 0.160188211 -0.081912823 0.121104604
1520616892.363297224 35.523849542 -82.039556389 -10.095714820 0.974517183 0.148705801 -0.098725303 0.135853447
1520616892.413119316 35.203847904 -81.470362983 -9.338339208 0.972528649 0.134395941 -0.109628036 0.155265747
1520616892.463120461 35.939545089 -81.372585408 -8.668123423 0.966017385 0.132969986 -0.140241564 0.171644104
1520616892.513122320 36.731538091 -81.182270305 -8.088013738 0.958364220 0.130650979 -0.172097168 0.186683981
1520616892.563123226 36.353029802 -80.721731953 -7.285121527 0.954979971 0.117763846 -0.181324554 0.203141176
1520616892.613125563 36.409500020 -80.114880636 -6.492314745 0.949624211 0.102017259 -0.204033431 0.214887634
1520616892.663224459 36.085625033 -79.480209220 -5.790675817 0.944742186 0.091407523 -0.220270630 0.224917130
1520616892.713128328 36.192613998 -78.710182760 -5.161698382 0.936767868 0.077404829 -0.241760653 0.240886364
1520616892.763130426 36.302732743 -77.945629929 -4.526613482 0.927406421 0.065546081 -0.263466324 0.257306310
1520616892.813131332 36.518126594 -77.185955481 -3.913017342 0.916968249 0.052499819 -0.287523632 0.271556918
1520616892.862972736 37.376140170 -76.707061633 -3.727347241 0.900560350 0.020495122 -0.330556782 0.281608275
1520616892.912973642 37.604024465 -76.015234823 -3.042187104 0.887711254 0.009074105 -0.353691775 0.294598910
1520616892.962975502 37.967346713 -75.168462745 -2.653633387 0.868364304 -0.006876502 -0.384473353 0.313171501
1520616893.012977839 38.670415492 -74.508531048 -2.388709911 0.847821326 -0.025458662 -0.417592024 0.325833942
1520616893.062978745 39.423118791 -73.888172073 -2.168272878 0.824325085 -0.044190050 -0.454871163 0.334107197
1520616893.112980604 40.229487027 -73.362446047 -1.897380991 0.799387058 -0.063415822 -0.490098601 0.341704736
1520616893.162981749 40.952061130 -72.701201091 -2.098979043 0.760208763 -0.086059810 -0.534430729 0.359249414
1520616893.212983608 41.761421483 -72.182609846 -1.823299993 0.728775673 -0.108105331 -0.571638046 0.361149830
1520616893.263007641 42.641567798 -71.885015688 -2.193138039 0.688072183 -0.118734012 -0.613793026 0.368397919
1520616893.313009501 43.464548768 -71.361420227 -1.972797128 0.657680540 -0.120255833 -0.643299519 0.373042317
1520616893.363010645 44.448212828 -71.190890834 -2.030457721 -0.619416991 0.126483192 0.676911408 -0.376982147
1520616893.413012505 45.336396062 -70.802011923 -2.275210113 -0.581327958 0.128316970 0.709084894 -0.377877193
1520616893.463014603 46.127797524 -70.610627670 -2.855775178 -0.540778943 0.134718810 0.739703903 -0.377156617
1520616893.513015747 47.068151817 -70.383271576 -3.108842385 -0.509643339 0.150223805 0.762323674 -0.369539026
1520616893.563017607 47.794451173 -69.821349781 -3.504737752 -0.475103913 0.161150620 0.784730756 -0.364011526
1520616893.613019466 48.695278246 -69.516359761 -3.813755020 -0.443785165 0.171125586 0.805104660 -0.354368801
1520616893.663285017 49.626105716 -69.155428676 -3.871104583 -0.411015099 0.176750025 0.821773267 -0.352866425
1520616893.713287115 50.392838651 -68.944495365 -4.477427718 -0.360843315 0.187693105 0.840258943 -0.358508451
1520616893.763288975 50.604615806 -68.563311909 -5.377344164 -0.298198062 0.192282994 0.858966027 -0.369164639
1520616893.813290119 51.488443122 -68.556841689 -5.845112710 -0.251550552 0.209202299 0.871484931 -0.365336465
1520616893.863291979 52.394393589 -68.571545137 -6.268241012 -0.205129982 0.219432638 0.884008718 -0.358189327
1520616893.913293123 52.876296410 -68.188311104 -7.056213947 -0.153294911 0.218352439 0.894088413 -0.359762133
1520616893.963294029 53.359682292 -68.145679293 -7.930582644 -0.099294257 0.223297080 0.903210402 -0.352831452
1520616894.013295889 53.515321426 -68.351494512 -8.896717498 -0.041344756 0.228886809 0.907724796 -0.349194980
1520616894.063311100 53.597357442 -68.666402722 -9.842287649 0.014188593 0.229706689 0.910508776 -0.343521891
1520616894.113312244 53.306674753 -68.694149204 -10.798704769 0.074135257 0.217618833 0.908809539 -0.348154030
1520616894.163314342 53.141965957 -69.007308725 -11.734013342 0.121986206 0.214277262 0.902836168 -0.352266197
1520616894.213315248 53.561616988 -69.430268927 -12.537130817 0.150864855 0.220150028 0.897356607 -0.351461066
1520616894.263317347 53.632351870 -69.235986631 -13.515522848 0.170069014 0.216934250 0.896374839 -0.347171729
1520616894.313416243 53.930615706 -69.634947585 -14.382626557 0.193989332 0.223299268 0.886594343 -0.355606590
1520616894.363320112 54.087050507 -69.987358742 -15.305304469 0.211364407 0.232903549 0.879525829 -0.357092901
1520616894.413321257 54.117503152 -70.154388377 -16.290785944 0.233044728 0.240132377 0.873526941 -0.353521258
1520616894.463086843 54.163664823 -70.267622131 -17.283281393 0.251005153 0.246222107 0.867288320 -0.352394745
1520616894.513087749 54.115223039 -70.444938065 -18.266242457 0.273644558 0.251332456 0.857145132 -0.356725211
1520616894.563090086 53.711217516 -70.542280254 -19.175805009 0.290802038 0.242979332 0.850061827 -0.365773303
1520616894.613090992 53.028272779 -70.819347323 -19.851689856 0.298184721 0.239072432 0.842143507 -0.380426809
1520616894.663092852 52.105680955 -70.998688463 -20.193246706 0.295762245 0.229920112 0.837243305 -0.398352966
1520616894.713094950 52.264396751 -71.429398994 -21.081671005 0.292521089 0.210893042 0.829646338 -0.426195366
1520616894.763095856 51.927377752 -72.177103939 -21.653820905 0.295922826 0.194924313 0.822084208 -0.445658780
1520616894.813097715 51.653952618 -72.420980312 -22.584284774 0.295903247 0.164095809 0.821048368 -0.459775392
1520616894.863098860 51.184590806 -72.732023076 -23.410693806 0.290453989 0.132336535 0.824573872 -0.467120382
1520616894.913094759 50.871897887 -73.078308630 -24.295176397 0.280224568 0.113337359 0.823864589 -0.479453829
1520616894.963095903 50.803210176 -73.436673798 -25.226227634 0.264480331 0.101939618 0.821899666 -0.494104654
1520616895.013097763 50.877067637 -74.032262685 -26.026114471 0.246753165 0.099683211 0.819437717 -0.507639598
1520616895.063099861 50.779074151 -74.932749891 -26.449812558 0.230325216 0.102410268 0.815900348 -0.520354739
1520616895.113101006 50.397187704 -75.513303871 -27.168922993 0.210750836 0.094097099 0.816544555 -0.529135909
1520616895.163102865 50.385260190 -75.926674578 -28.079407695 0.189626291 0.092831836 0.815106018 -0.539468534
1520616895.213104010 50.382241320 -75.699071857 -29.053157092 0.164110640 0.078889389 0.814994496 -0.550116473
1520616895.263105869 50.089557403 -76.141211258 -29.901006651 0.146199622 0.079201487 0.819305222 -0.548718278
1520616895.313102961 50.471448427 -76.430949387 -30.778623345 0.116029026 0.083948067 0.825681841 -0.545655097
1520616895.363103867 50.828030417 -76.384964081 -31.711754973 0.079579912 0.076700585 0.835648464 -0.538029463
1520616895.413105965 50.693969397 -76.615529406 -32.675532579 0.063517089 0.078541443 0.846177098 -0.523240996
1520616895.463106871 50.551135438 -77.553710239 -32.990834315 0.053004016 0.084872472 0.857996298 -0.503815036
1520616895.513108730 50.131022539 -78.115350414 -33.703621426 0.046420975 0.084438426 0.870892432 -0.481935283
1520616895.563109875 50.803772489 -78.606754585 -34.256730317 0.030386844 0.093905925 0.881881991 -0.461023287
1520616895.613111973 51.486332438 -78.883391012 -34.933180023 0.018703042 0.103019364 0.892702829 -0.438313662
1520616895.663113117 51.089588065 -79.054112109 -35.835093660 0.020776432 0.100965383 0.904464391 -0.413906386
1520616895.713941097 50.879186509 -79.653615075 -36.607316024 0.031924692 0.094085304 0.915634634 -0.389540738
1520616895.763942957 50.945962304 -79.729756748 -37.602174526 0.040265845 0.075311983 0.926484552 -0.366514858
1520616895.813944101 50.935687878 -79.977818678 -38.570864216 0.053657608 0.057006988 0.936397177 -0.342098511
1520616895.863945961 50.994281348 -80.740929207 -39.214470560 0.069432603 0.059033124 0.944063218 -0.316920880
1520616895.913946867 50.982634779 -80.651174420 -40.210366355 0.086437579 0.044345926 0.950124385 -0.296353906
1520616895.964045048 50.771905946 -81.180481790 -41.032210055 0.112929410 0.046518897 0.956975881 -0.263211139
1520616896.013950109 50.171216162 -81.538193716 -41.747202336 0.146281054 0.048632294 0.960329797 -0.232386389
1520616896.063951969 49.979733335 -81.427556978 -42.722442736 0.171529917 0.034271306 0.962668465 -0.206572970
1520616896.114513874 49.944445800 -81.560718045 -43.712908748 0.191053816 0.030838845 0.963774847 -0.183535964
1520616896.164515734 49.707754627 -81.576548059 -44.684364717 0.214687066 0.020076833 0.963106367 -0.161035743
1520616896.214516878 49.504524087 -81.619349843 -45.662559664 0.241978535 0.012844885 0.958678954 -0.149050531
1520616896.264518738 48.862369531 -81.859631357 -46.390503563 0.292448419 0.004499793 0.945359073 -0.144048243
1520616896.314520597 48.360257267 -82.242325728 -47.166021644 0.336042311 -0.000266945 0.931050255 -0.142200270
1520616896.364521742 47.499558848 -81.852712924 -47.493741178 0.382298219 -0.032800075 0.913946887 -0.132186662
1520616896.414523840 46.754566381 -81.635690980 -48.124524580 0.420604537 -0.051920846 0.894882431 -0.139933852
1520616896.464524746 46.410474844 -81.552086293 -49.059731119 0.448790688 -0.056194616 0.880301666 -0.143171437
1520616896.515709639 45.924144251 -81.618864146 -49.930950537 0.469864345 -0.058064446 0.866896279 -0.156034802
1520616896.565711737 45.351587743 -81.666837305 -50.749411055 0.480308286 -0.062137304 0.856068828 -0.180524422
1520616896.615712643 45.033811268 -82.190009654 -51.540175751 0.488822147 -0.062140173 0.844965621 -0.207905282
1520616896.665714502 44.602721514 -82.420302146 -52.412601675 0.494255630 -0.076026737 0.832044900 -0.240067891
1520616896.715715647 43.892885442 -82.332147418 -53.111430334 0.493808841 -0.088720103 0.824756721 -0.260879134
1520616896.765717506 43.399738966 -82.107599071 -53.951897224 0.489135251 -0.107099251 0.818047760 -0.282974063
1520616896.815718412 42.480628594 -81.849748225 -54.249805037 0.486570440 -0.125744174 0.810498624 -0.300881355
1520616896.865720749 41.904669645 -82.639971426 -54.459133923 0.490350585 -0.140230387 0.795760883 -0.326582852
1520616896.916612387 41.431881228 -83.399068529 -54.906618784 0.487157904 -0.151613599 0.789730681 -0.340611136
1520616896.966613293 40.554330214 -83.876907186 -54.946297936 0.486151447 -0.169641324 0.787167087 -0.339479851
1520616897.016614437 39.795438954 -84.201335763 -55.510948408 0.472937424 -0.191466177 0.795236176 -0.327521480
1520616897.066616297 39.166308078 -84.975222240 -55.583708705 0.465870866 -0.190865293 0.806980732 -0.308734309
1520616897.116618395 38.296484376 -85.402342335 -55.830640178 0.457069075 -0.186822973 0.820996411 -0.286618092
1520616897.166620255 37.791226718 -85.162760355 -56.659684914 0.438116520 -0.173788798 0.844692538 -0.253664904
1520616897.216621399 37.141026341 -85.472061406 -57.353639040 0.435602663 -0.160056634 0.854362757 -0.233872773
1520616897.266622305 36.692342515 -84.745302009 -57.873738648 0.436603407 -0.156860617 0.861357905 -0.206965630
1520616897.316624403 35.869340880 -84.398376932 -58.323528933 0.439928526 -0.145990547 0.867836865 -0.178910110
1520616897.366304159 35.127470134 -84.059307272 -58.902026609 0.448728975 -0.127606894 0.872042375 -0.147989472
1520616897.416306019 34.902490862 -84.426694188 -59.804473938 0.460660136 -0.098153865 0.872623907 -0.129172654
1520616897.466308117 34.718858975 -84.619742440 -60.768326469 0.475044373 -0.077089402 0.869424456 -0.111763966
1520616897.516309023 33.796438148 -84.480987892 -61.128724851 0.505650928 -0.071703404 0.854901968 -0.091205186
1520616897.566311121 33.418086578 -84.988499559 -61.902857913 0.530828827 -0.060322289 0.840396768 -0.091188001
1520616897.616409302 32.977485386 -85.497492260 -62.642315160 0.562008486 -0.052642490 0.820196737 -0.093019048
1520616897.666314125 32.198417170 -85.890436650 -63.130830687 0.598086450 -0.041933187 0.795086618 -0.091495769
1520616897.716315269 31.416390167 -86.034833777 -63.737117118 0.629211996 -0.038680857 0.771002353 -0.090285260
1520616897.767572403 30.929926293 -85.878341524 -64.596688567 0.652930397 -0.046511108 0.750174671 -0.093576580
1520616897.817573309 30.138673960 -86.335990263 -65.002246672 0.680958357 -0.044383825 0.724729259 -0.095358762
1520616897.867575407 29.518339178 -86.210946381 -65.776552029 0.697191235 -0.062042483 0.708064337 -0.093380973
1520616897.917577267 28.651785037 -86.580791195 -66.111662060 0.717779278 -0.075427443 0.686425536 -0.089014564
1520616897.967578173 27.711009197 -86.269180009 -66.245225860 0.733729330 -0.112910134 0.665331201 -0.078911126
1520616898.017580271 26.945947516 -86.598763927 -66.798448297 0.738384043 -0.132249417 0.655338852 -0.088487776
1520616898.067581177 25.968384135 -86.805879396 -66.760068355 0.747838348 -0.160523218 0.636073572 -0.101884795
1520616898.117583275 25.124711214 -86.705358364 -67.287431155 0.742858807 -0.188825756 0.633136677 -0.107905398
1520616898.166029215 24.178516228 -86.422376234 -67.444390269 0.741133303 -0.214099131 0.626352330 -0.112097047
1520616898.216031075 23.190509543 -86.534085600 -67.550991437 0.740150694 -0.226335249 0.622415033 -0.116399455
1520616898.266033173 22.202538750 -86.411614339 -67.456574798 0.739368637 -0.248178018 0.613697560 -0.122951189
1520616898.316034079 21.210082684 -86.304153031 -67.515591954 0.731373535 -0.268067260 0.613482791 -0.129890573
1520616898.366036177 20.231953897 -86.116956527 -67.424919217 0.723318055 -0.289203856 0.613119241 -0.131365583
1520616898.416038275 19.244496737 -86.182731257 -67.281385104 0.714278735 -0.299692422 0.617903260 -0.134855115
1520616898.466039181 18.263072260 -86.020811384 -67.384282873 0.702355657 -0.315417213 0.622896123 -0.138596299
1520616898.516040325 17.285373037 -85.911461918 -67.204987243 0.695515648 -0.329094320 0.623556293 -0.138320137
1520616898.564525127 16.485153130 -85.422396410 -67.552065087 0.679885475 -0.339525589 0.635737740 -0.135335295
1520616898.614526987 15.574079698 -85.058386876 -67.358565063 0.671030149 -0.341769009 0.645659629 -0.126633831
1520616898.664529085 14.693754664 -84.592492271 -67.447840209 0.663245660 -0.345678151 0.653636756 -0.115632183
1520616898.714530230 13.697210902 -84.579871713 -67.529945341 0.658136156 -0.334297898 0.665822268 -0.108546870
1520616898.764531136 12.700838080 -84.510805571 -67.480235508 0.651455451 -0.324615343 0.678422689 -0.099866558
1520616898.814532995 12.048827265 -83.853710805 -67.858532172 0.630959957 -0.312396256 0.706448340 -0.072310823
1520616898.864535093 11.114447400 -83.969345334 -68.195523155 0.617154118 -0.296125525 0.726627197 -0.058680362
1520616898.914535999 10.358463246 -83.335396683 -68.358609227 0.600384077 -0.290718768 0.744045510 -0.037654173
1520616898.963912010 9.428290312 -83.038750027 -68.574893932 0.587773058 -0.280769439 0.758355165 -0.024265168
1520616899.013913870 8.545375894 -82.571993983 -68.523894658 0.572951055 -0.274016013 0.772382869 -0.008186370
1520616899.063916206 7.684892090 -82.106940451 -68.731963963 0.554046617 -0.261762762 0.790148603 0.013333721
1520616899.113917112 6.990196288 -82.505083283 -68.132898000 0.549919574 -0.237778255 0.800043976 0.031298580
1520616899.163918972 6.074540855 -82.129493293 -68.276101658 0.533984831 -0.228670335 0.812500431 0.049123605
1520616899.213921070 5.169893973 -81.830146512 -68.579425781 0.516977476 -0.215702493 0.826188881 0.060155272
1520616899.264014006 4.170280286 -81.815625700 -68.555727235 0.510015535 -0.204001847 0.833046233 0.065584866
1520616899.313922882 3.501093196 -81.338686609 -69.125567337 0.490576736 -0.201162934 0.844833035 0.071589676
1520616899.363557816 2.847308128 -80.883543748 -69.730058909 0.474504428 -0.207137134 0.851929689 0.078457376
1520616899.413559914 2.008281605 -80.368918620 -69.906681305 0.468193190 -0.221771767 0.850792999 0.088111820
1520616899.463560820 1.267165472 -79.881651938 -70.368544984 0.452422652 -0.224554457 0.857388495 0.098863585
1520616899.513562679 0.495167245 -79.327758898 -70.680348190 0.440985348 -0.230765568 0.860699021 0.107127822
1520616899.563563824 -0.105412884 -79.008172410 -71.413265638 0.422318983 -0.229814647 0.870461284 0.105494352
1520616899.613565683 -0.765567157 -78.933144657 -72.160639153 0.408431598 -0.225631741 0.879151252 0.096783383
1520616899.663566828 -1.201261507 -78.761983333 -73.044310039 0.400847247 -0.222050427 0.884908942 0.083374197
1520616899.713568926 -1.729503199 -78.372064929 -73.798580782 0.392133558 -0.218193488 0.891359374 0.064041718
1520616899.763569832 -1.878262766 -78.137804850 -74.759305928 0.373833586 -0.215142171 0.901219906 0.042011628
1520616899.813286543 -2.084268039 -77.580509386 -75.563658831 0.355652080 -0.217714662 0.908460108 0.028498352
1520616899.863288403 -2.731580269 -77.125245565 -76.174986673 0.354906946 -0.228647016 0.906455452 0.010005778
1520616899.913289309 -3.139029644 -76.728647172 -76.997601237 0.340912527 -0.236850323 0.909768828 0.001119041
1520616899.963291407 -3.880426875 -76.413798568 -77.590222957 0.329956752 -0.247909854 0.910856133 0.003217442
1520616900.013292313 -4.197818423 -75.916165818 -78.397455421 0.308959837 -0.256334730 0.915858576 0.006276512
1520616900.063294411 -4.486120625 -75.253008981 -79.088183190 0.290226772 -0.267292429 0.918835080 0.008079299
1520616900.113295555 -4.781623082 -74.490154655 -79.663275856 0.272609016 -0.275552850 0.921697274 0.015135583
1520616900.163297415 -5.283646492 -73.919703862 -80.313320768 0.255860019 -0.274795841 0.926508792 0.024583631
1520616900.213426590 -5.609754725 -73.237847543 -80.968092013 0.243865128 -0.277964593 0.928482979 0.034421538
1520616900.263428450 -6.125110479 -72.768858196 -81.685348897 0.221295576 -0.279404460 0.932731946 0.054520942
1520616900.313429356 -6.780906698 -72.542930769 -82.405687787 0.205663657 -0.274625986 0.936850749 0.067776855
1520616900.363430500 -7.296603890 -71.974657035 -83.046875255 0.198744707 -0.281017983 0.934614466 0.089583676
1520616900.413432360 -7.637136213 -71.268526517 -83.667695219 0.188480560 -0.287952151 0.932121895 0.112727146
1520616900.463434219 -7.842057631 -70.539896609 -84.321228440 0.176886140 -0.292433069 0.930044942 0.134946656
1520616900.513435602 -8.323374041 -70.003964490 -85.014850294 0.176998449 -0.292504165 0.926962961 0.154442651
1520616900.563436270 -8.165541529 -69.593834022 -85.913116345 0.178151153 -0.291929726 0.922884579 0.176983771
1520616900.613787889 -7.930455377 -68.819354162 -86.500411369 0.185930256 -0.294286603 0.917682278 0.191532170
1520616900.663790226 -8.596061142 -68.233206545 -86.962363681 0.215797738 -0.293031460 0.909128809 0.202604811
1520616900.713796139 -8.478943677 -67.616737031 -87.740983509 0.220219833 -0.287317144 0.907624129 0.212533584
1520616900.763792992 -9.331620463 -67.196859027 -88.051860913 0.246690742 -0.277477582 0.904067232 0.211689182
1520616900.813795090 -10.044690224 -66.840728901 -88.655767239 0.269356110 -0.270473368 0.900463700 0.208462391
1520616900.863795996 -10.147042207 -66.184971226 -89.403768537 0.286481853 -0.270666549 0.893811642 0.213935777
1520616900.913883924 -11.118349007 -66.088779890 -89.621277913 0.333037748 -0.257489345 0.878546084 0.225703066
1520616900.963799238 -11.617333270 -65.804397989 -90.439899705 0.354612433 -0.236161365 0.875845032 0.226656817
1520616901.013764858 -11.798580166 -65.398093611 -91.335481257 0.362422620 -0.221377712 0.873152128 0.239263693
1520616901.063766956 -12.745909655 -65.079440050 -91.303438389 0.390042993 -0.208134261 0.859618736 0.256129308
1520616901.113769054 -13.290256231 -64.510010276 -91.919422592 0.409865086 -0.196563569 0.851729523 0.260634215
1520616901.163769960 -14.067940156 -63.955186351 -92.215020502 0.430153662 -0.189478196 0.839598995 0.272285454
1520616901.213771820 -14.584095234 -63.574589186 -92.982307758 0.441330649 -0.184415859 0.831391472 0.282853797
1520616901.263772964 -15.403909967 -63.023735933 -92.825896449 0.457837329 -0.185316902 0.817194560 0.297044907
1520616901.313774824 -16.132888418 -62.345387835 -92.917734758 0.479230030 -0.194685525 0.800572111 0.302523420
1520616901.363776207 -16.607419567 -61.810331975 -93.616687843 0.493138864 -0.206927516 0.788974564 0.302513142
1520616901.413644791 -17.030858450 -61.079695513 -94.152290189 0.501716950 -0.224992898 0.780343180 0.297863760
1520616901.463646889 -17.762673719 -60.466104141 -94.448857284 0.510877679 -0.233334199 0.776575397 0.285464187
1520616901.513648033 -18.609934185 -59.938161084 -94.390326681 0.525662971 -0.244747953 0.765992342 0.277547496
1520616901.563649893 -19.264020247 -59.239184526 -94.679468851 0.530482230 -0.258762436 0.762762030 0.264243619
1520616901.613650799 -20.125139179 -58.810004252 -94.406928070 0.537307597 -0.274453077 0.756805703 0.251438230
1520616901.663652897 -20.811204838 -58.090718368 -94.297649855 0.539214393 -0.295441583 0.752115726 0.237242584
1520616901.713653803 -21.371864960 -57.263810636 -94.254246752 0.535764601 -0.318799218 0.748805068 0.224976268
1520616901.763655663 -21.377939529 -56.346235319 -94.651762334 0.517798942 -0.346905204 0.751239981 0.217208486
1520616901.813576460 -22.103809281 -55.658543202 -94.637882344 0.516457041 -0.365670757 0.747565351 0.201750013
1520616901.863579512 -22.997433344 -55.212845019 -94.585069801 0.514894475 -0.373159398 0.749252186 0.185086211
1520616901.913580656 -23.613030861 -54.438772090 -94.732889952 0.509033027 -0.381176331 0.753368643 0.167408692
1520616901.963581562 -24.053716928 -53.541911950 -94.694973198 0.505939468 -0.394948045 0.752712973 0.146507597
1520616902.013583422 -24.282794407 -52.591941939 -94.907294855 0.506026481 -0.400245445 0.751906789 0.135561662
1520616902.063585520 -24.913288161 -51.816151459 -94.932329989 0.519286773 -0.395640907 0.750152403 0.105265822
1520616902.113586426 -25.689267677 -51.204866714 -95.087850893 0.533389019 -0.387749127 0.745676341 0.095464984
1520616902.163588762 -26.347287831 -50.510153958 -95.378339554 0.545262832 -0.381939868 0.740445068 0.092474225
1520616902.213590622 -26.959521182 -49.926297342 -95.911520364 0.551890113 -0.379390451 0.736192172 0.097474487
1520616902.263770580 -27.731213768 -49.326632896 -95.699640431 0.566626475 -0.383814386 0.720785060 0.109953865
1520616902.313771248 -28.443914202 -48.651444172 -95.889846314 0.575198785 -0.388340538 0.709979096 0.119447345
1520616902.363774538 -29.050088318 -47.870879845 -95.737293790 0.591454247 -0.402184470 0.688027385 0.122669649
1520616902.413774490 -29.513157999 -47.065505856 -95.367240808 0.605221141 -0.420654304 0.662661033 0.132806935
1520616902.463776350 -30.306265162 -46.551108142 -95.041087440 0.619949262 -0.423766775 0.646513254 0.134555734
1520616902.513777494 -31.039588986 -45.912594822 -94.807556053 0.628278281 -0.424804347 0.637689166 0.134759771
1520616902.563861370 -31.535643159 -45.059427313 -94.646200980 0.632361162 -0.431640954 0.627795592 0.140278804
1520616902.613780499 -32.432246159 -44.620600450 -94.705648809 0.640484859 -0.431327611 0.620659520 0.136078644
1520616902.664466858 -32.928512115 -43.753436094 -94.663862668 0.641596109 -0.447930383 0.604516781 0.149238958
1520616902.714468718 -33.744431405 -43.185039371 -94.558028470 0.652332718 -0.460256423 0.583360211 0.149388467
1520616902.764469862 -34.448733635 -42.490539668 -94.410962051 0.661304169 -0.475573092 0.559512750 0.153142133
1520616902.814471722 -34.899637761 -41.608939719 -94.271437868 0.670664726 -0.494135871 0.528796130 0.162521441
1520616902.864472628 -35.448325435 -40.779461924 -94.375881269 0.685406062 -0.511558704 0.492612339 0.160808290
1520616902.914474964 -36.082443454 -40.015366046 -94.494421676 0.700957698 -0.527277172 0.454880298 0.154016244
1520616902.964475632 -36.655712431 -39.196362732 -94.518839926 0.715783739 -0.545800992 0.409637032 0.148163481
1520616903.014477730 -36.657357826 -38.286031880 -94.104961885 0.725340238 -0.565489953 0.366070049 0.141758142
1520616903.064349890 -37.212602252 -37.499179536 -93.835579226 0.735743665 -0.579949411 0.324336902 0.130940879
1520616903.114351034 -37.319574815 -36.611035972 -93.388636411 0.744728624 -0.594657892 0.279445560 0.116924962
1520616903.164352894 -37.227567374 -35.650959603 -93.124462232 0.746244045 -0.613751801 0.235484318 0.104764918
1520616903.214353800 -36.966248267 -35.239677105 -92.251215972 0.742602109 -0.637643132 0.184329471 0.089308396
1520616903.264355898 -36.671925442 -34.740006371 -91.436536137 0.732580138 -0.662604717 0.136587653 0.075000961
1520616903.314356804 -37.005501427 -33.863336467 -91.089870677 0.723087809 -0.681468208 0.097039985 0.057691793
1520616903.364358664 -37.591209085 -33.056731341 -91.169461566 0.717513954 -0.692296413 0.063038429 0.043881186
1520616903.414359808 -38.272996198 -32.325366317 -91.185939841 -0.704670592 0.708309402 -0.032435707 -0.026173890
1520616903.463482141 -38.259075079 -31.328483366 -91.108283000 -0.692759528 0.721038230 0.004441635 -0.012976074
1520616903.513484478 -38.878008282 -30.543366572 -91.085626688 -0.684311579 0.728725222 0.024991758 0.007254335
1520616903.563485384 -38.588899951 -29.586095018 -91.078731407 -0.674611515 0.736255135 0.050531725 0.016559740
1520616903.613487244 -38.645815524 -28.635525859 -90.773479230 -0.666688322 0.741340561 0.068346074 0.035632415
1520616903.663488388 -38.509370757 -28.879470716 -89.813336672 -0.656771494 0.743746213 0.103197709 0.069591728
1520616903.713491201 -38.298921328 -28.011809015 -89.362921072 -0.654454985 0.743092714 0.113374651 0.081535749
1520616903.763492107 -38.423841189 -27.230300215 -88.751660880 -0.647827283 0.745009750 0.124274067 0.099177816
1520616903.813493252 -37.885836749 -26.709142009 -88.089131373 -0.634799462 0.750449838 0.141189288 0.117984187
1520616903.863390446 -37.620738163 -25.935259468 -87.513954399 -0.627252310 0.749961917 0.156125358 0.140486777
1520616903.913391352 -37.458616547 -25.143347541 -86.925233682 -0.619702951 0.750782161 0.163277947 0.160108434
1520616903.963393688 -37.282485247 -24.502321999 -86.178196856 -0.607104880 0.755044597 0.171600869 0.178562210
1520616904.013394594 -36.575066969 -24.176176927 -85.551149192 -0.598838583 0.753727345 0.191082073 0.191768303
1520616904.063396454 -36.313646008 -23.993401142 -84.603387569 -0.583850881 0.754707537 0.203112780 0.219726834
1520616904.113399744 -36.407673124 -23.755519139 -83.636655417 -0.567164634 0.756583487 0.214050438 0.245128772
1520616904.163399458 -35.977559102 -24.241309030 -82.875728278 -0.549306313 0.756565652 0.230285979 0.269887673
1520616904.213477373 -36.018260107 -24.901221798 -82.125489272 -0.519001320 0.762180706 0.244886537 0.299581015
1520616904.263402700 -35.656920878 -25.020323072 -81.200692619 -0.499498853 0.764059600 0.263791485 0.311653456
1520616904.313627720 -35.639906510 -25.650718512 -80.424604931 -0.473922862 0.766036063 0.273041214 0.337689748
1520616904.363628626 -35.460470565 -26.405574520 -79.793736364 -0.448083848 0.763257771 0.297255247 0.358186764
1520616904.413630486 -35.762093864 -27.254800340 -79.360332519 -0.419442236 0.756069310 0.316698647 0.390037659
1520616904.463631630 -35.753837278 -27.549962474 -78.404921014 -0.404034006 0.756408565 0.327188653 0.396925925
1520616904.513633728 -35.946508408 -28.153642945 -77.631326983 -0.387323913 0.755977491 0.332340186 0.409912455
1520616904.563634634 -36.126071015 -28.723690612 -76.829577067 -0.375344735 0.755060369 0.339506549 0.416815873
1520616904.613636732 -36.240274204 -29.629451439 -76.421465619 -0.367821034 0.752596661 0.351582400 0.417966230
1520616904.663638592 -36.141250566 -30.623132726 -76.368627945 -0.367601899 0.747426665 0.371271808 0.410340674
1520616904.713527918 -36.489536170 -31.469475799 -75.965638440 -0.372046877 0.750087257 0.373249186 0.399543831
1520616904.763529778 -36.654914896 -32.436427583 -75.771591730 -0.382962794 0.751530593 0.378238704 0.381414145
1520616904.813531637 -36.887956056 -33.279014580 -75.286062153 -0.401682053 0.759776443 0.370194986 0.352628641
1520616904.863532782 -37.055822131 -34.166966502 -74.857853833 -0.420402451 0.768031368 0.357104785 0.325370204
1520616904.913533688 -37.262380784 -35.125983344 -75.051813156 -0.431596913 0.773082392 0.348308124 0.307813534
1520616904.963535786 -37.546657261 -36.018073606 -74.700584102 -0.449098946 0.781803665 0.325840963 0.284465871
1520616905.013536930 -37.600236352 -37.011798888 -74.602403931 -0.472410070 0.785276509 0.299457572 0.265508367
1520616905.063538790 -37.455754304 -37.996926398 -74.509405398 -0.502063462 0.784028742 0.266891005 0.248998804
1520616905.113356352 -37.110166637 -38.924714696 -74.368770988 -0.530153385 0.778023825 0.242984461 0.233612644
1520616905.163357496 -37.123913312 -39.621520274 -73.651642675 -0.550089829 0.774650455 0.212837891 0.228074297
1520616905.213359356 -36.730350262 -40.413933565 -73.185606946 -0.570222968 0.765504637 0.196937363 0.223750067
1520616905.263360500 -36.727345520 -40.764267721 -72.248986985 -0.585583846 0.757901732 0.184382137 0.220634882
1520616905.313362598 -36.876441132 -41.387543632 -71.481329746 -0.591033191 0.754770171 0.175227881 0.224269807
1520616905.363363504 -36.935590053 -42.053280949 -70.737491571 -0.602516206 0.744340569 0.169582025 0.232751533
1520616905.413365602 -37.015279646 -42.411761418 -69.807361837 -0.615276459 0.732157824 0.176559543 0.232822955
1520616905.463367462 -37.398647726 -42.703925740 -68.931194659 -0.623485379 0.718959162 0.180934224 0.248246877
1520616905.513424635 -37.666765163 -43.234132327 -68.126835277 -0.633924505 0.699774580 0.194946504 0.265426297
1520616905.563426971 -38.074561566 -43.387605374 -67.226752993 -0.649915148 0.681495600 0.198892151 0.271322611
1520616905.613427877 -38.622546254 -43.340993675 -66.391564313 -0.660521854 0.665340125 0.211099967 0.276532462
1520616905.663429976 -38.828523021 -44.193278871 -65.910748843 0.668925511 -0.639882473 -0.246083080 -0.287284179
1520616905.713430882 -38.976145598 -44.466137507 -64.960088157 0.672089479 -0.622003829 -0.271141596 -0.296461132
1520616905.763432741 -39.135905601 -45.391080098 -64.615185352 0.673989307 -0.595797073 -0.297011773 -0.320231586
1520616905.813435078 -39.248006673 -46.310266552 -64.237654410 0.678964258 -0.567170329 -0.318562533 -0.340357558
1520616905.863502026 -39.216066854 -47.286218820 -64.022022737 0.674507059 -0.543178144 -0.351103422 -0.355983312
1520616905.913759470 -39.549579454 -48.197356907 -63.779955119 0.659153106 -0.525711335 -0.382579041 -0.377859832
1520616905.963760376 -39.774015319 -49.169503940 -63.712437055 0.640961534 -0.505987539 -0.421255969 -0.394573606
1520616906.013762712 -40.103516765 -49.937115691 -63.162708943 0.620668702 -0.502054837 -0.453279016 -0.396546891
1520616906.063763618 -40.031764669 -50.924762102 -63.023402794 0.604091100 -0.485059552 -0.488654030 -0.401258537
1520616906.113765478 -39.852459365 -51.871425525 -62.755675374 0.580484305 -0.474436591 -0.517306129 -0.412725406
1520616906.163766623 -39.355917293 -52.249265654 -63.537137342 -0.536546233 0.450401512 0.578953956 0.417215693
1520616906.213768482 -39.523641193 -53.218911710 -63.359218203 -0.508553811 0.447238942 0.600611574 0.424989514
1520616906.263770580 -39.593580792 -54.192562117 -63.576274271 -0.478055812 0.440143424 0.621858716 0.437067665
1520616906.314519644 -39.098084199 -54.905309850 -64.072735545 -0.452589002 0.428223322 0.649925889 0.435183089
1520616906.364521503 -38.662162684 -55.717226309 -63.684452019 -0.451114146 0.427403409 0.653058160 0.432824899
1520616906.414522648 -38.292576932 -56.629328585 -63.861866256 -0.432825544 0.433188012 0.664705273 0.427991933
1520616906.464524746 -38.119049774 -57.603428729 -63.716893039 -0.420055231 0.439792859 0.675134246 0.417527955
1520616906.514525652 -37.976766447 -58.510079382 -64.114058052 -0.394666614 0.441823723 0.693096369 0.410667122
1520616906.564527750 -37.632343257 -59.446848985 -64.175988482 -0.381783312 0.438133676 0.705668809 0.405354063
1520616906.614529610 -36.974895779 -60.195044264 -64.265244506 -0.370577286 0.432325118 0.713205373 0.408785474
1520616906.664530516 -36.992398525 -61.101198851 -64.687828840 -0.355490519 0.421033298 0.720162424 0.421572694
1520616906.714532614 -36.973840500 -62.047218501 -64.364251305 -0.338190666 0.417762599 0.728655795 0.424455200
1520616906.764706612 -36.436066034 -62.771206961 -64.796269050 -0.320905785 0.391275086 0.748322338 0.428878727
1520616906.814708471 -36.113954352 -63.714096372 -64.881143214 -0.314201247 0.373663240 0.757512694 0.433391137
1520616906.864710808 -36.067337171 -64.680384170 -65.134352081 -0.303120438 0.352257307 0.765332556 0.445307612
1520616906.914711714 -36.846221927 -65.107782899 -65.593338859 -0.277420273 0.338111912 0.768848563 0.466465662
1520616906.964713573 -36.964519260 -66.087541282 -65.754829575 -0.263611230 0.321275642 0.775101569 0.475929238
1520616907.014715672 -37.315496920 -66.355648753 -66.652010196 -0.237845405 0.297034274 0.786227972 0.486873473
1520616907.064716578 -37.499576714 -67.012545636 -67.383174414 -0.221343111 0.282641508 0.795193279 0.488660060
1520616907.114718676 -37.325271729 -67.800091604 -67.974265880 -0.211934333 0.269902606 0.801401975 0.489889066
1520616907.165342569 -37.078331173 -68.707592080 -68.314064713 -0.214531939 0.259160903 0.799610433 0.497428215
1520616907.215344429 -36.829621566 -69.335009435 -69.051961044 -0.209113656 0.238998445 0.805376032 0.500520399
1520616907.265345573 -36.490260278 -69.941140644 -69.771293285 -0.200886711 0.220638850 0.815184179 0.496425000
1520616907.315347433 -36.440183498 -70.727481680 -70.387053052 -0.190939949 0.210086778 0.821929604 0.493798751
1520616907.365348339 -35.940588503 -71.247530671 -71.079840095 -0.189940620 0.186569452 0.826055498 0.496736062
1520616907.415350676 -35.564031560 -71.736769959 -71.866510159 -0.183775329 0.166576445 0.827495742 0.503715906
1520616907.465351582 -35.372343321 -72.349678780 -72.633059828 -0.180091703 0.151305675 0.827859296 0.509237231
1520616907.515402555 -34.859667815 -73.009186589 -73.182799109 -0.168196209 0.130770148 0.834443818 0.508244743
1520616907.566856146 -34.528092079 -73.246524581 -74.095886294 -0.151655060 0.106513952 0.840266466 0.509517209
1520616907.616858006 -34.340047064 -74.001134077 -74.724538488 -0.134637486 0.094217444 0.840361092 0.516516269
1520616907.666859150 -34.166068613 -74.387990754 -75.630117535 -0.113023960 0.069739695 0.846124473 0.516173745
1520616907.716861010 -34.079087172 -74.282449712 -76.620721047 -0.082171402 0.027122389 0.853530540 0.513807215
1520616907.766861916 -33.629030209 -74.489536510 -77.489377358 -0.059110475 -0.006489021 0.861631809 0.504038163
1520616907.816864014 -33.277455171 -75.010833483 -78.266966234 -0.040916036 -0.030232765 0.867198044 0.495357861
1520616907.866866112 -33.153816220 -75.078759785 -79.256965945 -0.015747360 -0.052104505 0.869461998 0.490991828
1520616907.916867018 -33.245664341 -74.925553770 -80.240882526 0.006260095 -0.065474082 0.869926395 0.488776046
1520616907.966459274 -32.985051683 -74.833122754 -81.201891137 0.018431485 -0.082306004 0.870496133 0.484894303
1520616908.016460180 -32.846269544 -74.734720057 -82.187313091 0.029842149 -0.090990940 0.868540677 0.486278919
1520616908.066462278 -32.751993226 -75.142212798 -83.095642129 0.031983408 -0.082314385 0.866601260 0.491124893
1520616908.116463184 -32.739947677 -74.649189047 -83.965574589 0.042238840 -0.088113440 0.866996293 0.488640287
1520616908.166465044 -32.531930561 -74.388330657 -84.908273788 0.051931814 -0.093112617 0.872327320 0.477156341
1520616908.216466188 -32.644536035 -73.958652495 -85.804207203 0.064867594 -0.101071352 0.879537086 0.460425120
1520616908.266468287 -32.797644311 -73.669960592 -86.749307643 0.070614405 -0.110005818 0.883451284 0.449917942
1520616908.316470146 -32.850710302 -73.297371755 -87.675785683 0.068796595 -0.115668891 0.887341617 0.441035815
1520616908.365616322 -32.700313979 -73.654144527 -88.597791179 0.061604899 -0.105626768 0.891600598 0.436000226
1520616908.415618181 -32.525292638 -73.181874335 -89.461694181 0.062675184 -0.104210695 0.893512003 0.432259474
1520616908.465620041 -32.291609862 -72.986145647 -90.414103043 0.060164136 -0.091494543 0.895934009 0.430477963
1520616908.515621185 -32.624420736 -72.650981844 -91.295523572 0.068453138 -0.079442685 0.899717133 0.423688693
1520616908.565623045 -32.904767829 -72.192310524 -92.138747224 0.077031402 -0.074835237 0.905823704 0.409816139
1520616908.615623951 -32.974170054 -71.894582428 -93.090871854 0.084057855 -0.078071574 0.913296175 0.390805837
1520616908.665626287 -33.148335051 -72.001953805 -94.069717062 0.087888115 -0.069101686 0.918679677 0.378851273
1520616908.715627193 -33.389581601 -71.824762961 -95.023867735 0.090551233 -0.073020463 0.920587309 0.372810264
1520616908.765069246 -33.878130389 -71.576966633 -95.860478195 0.098188277 -0.076999223 0.920728455 0.369715153
1520616908.815071106 -34.101283979 -71.473400932 -96.829744217 0.108168523 -0.091116298 0.920877369 0.363293631
1520616908.865072250 -34.244509248 -71.147760117 -97.764326788 0.118812376 -0.106944977 0.920748877 0.355904337
1520616908.915073156 -34.606497992 -70.830231547 -98.640762613 0.129562693 -0.110849515 0.921664685 0.348511265
1520616908.965075016 -34.836725829 -70.403969386 -99.515574429 0.139439094 -0.123283641 0.920075132 0.344702241
1520616909.015076160 -35.173740848 -70.048553962 -100.387412002 0.139622243 -0.125668445 0.921767275 0.339202245
1520616909.065078020 -35.312941112 -69.530125061 -101.231126859 0.131831682 -0.138097219 0.921271306 0.338834394
1520616909.115080118 -35.391792619 -68.928937432 -102.026334930 0.122858886 -0.158921191 0.920606505 0.334863274
1520616909.165117025 -35.747390590 -68.508440901 -102.861040117 0.112057014 -0.158959676 0.923122167 0.331693401
1520616909.214703083 -36.148645759 -68.016159397 -103.633473422 0.095364105 -0.161608652 0.924101356 0.332903912
1520616909.264703989 -36.689493932 -67.445630526 -104.251518778 0.091119613 -0.163633851 0.923329152 0.335237910
1520616909.314706326 -36.922715140 -66.901455543 -105.057422901 0.069540256 -0.164463312 0.920206315 0.348333619
1520616909.364707232 -37.032999158 -66.306595853 -105.853651125 0.055058020 -0.164899470 0.916255623 0.360904991
1520616909.414709091 -36.957546497 -65.881313023 -106.755560993 0.034158412 -0.154970560 0.914018995 0.373345156
1520616909.464711189 -36.778662673 -65.346934817 -107.581660570 0.012535108 -0.158711856 0.909464832 0.384092616
1520616909.514712095 -36.678289758 -64.604706433 -108.244248152 0.003910086 -0.173813555 0.903263293 0.392286864
1520616909.564714193 -36.525879032 -63.951169853 -108.985639351 0.005305275 -0.174347459 0.899943369 0.399595733
1520616909.614852428 -36.275634906 -63.211902278 -109.610828385 0.007007564 -0.179790236 0.899891645 0.397267407
1520616909.664854288 -36.117315514 -62.468175643 -110.260294060 0.004611213 -0.177553549 0.900001776 0.398058133
1520616909.714855433 -35.922065672 -61.728624721 -110.904453926 0.001293463 -0.167961794 0.899651208 0.403007279
1520616909.764857531 -35.493701809 -61.304564079 -111.702374331 0.000870092 -0.145389918 0.902197255 0.406080199
1520616909.814858437 -35.193370975 -60.879214735 -112.556118629 0.003701616 -0.117478428 0.903382888 0.412412990
1520616909.864860535 -35.070123483 -60.623336902 -113.514939045 0.003926927 -0.094971562 0.906472652 0.411427166
1520616909.914862394 -34.894990342 -60.337894540 -114.457197524 0.000172065 -0.085792444 0.906128815 0.414210329
1520616909.964863300 -34.896698459 -60.139048660 -115.437226808 0.008687834 -0.076096304 0.905660633 0.417028407
1520616910.017195702 -34.810510578 -59.833541847 -116.385508009 0.010926515 -0.070872541 0.904023129 0.421426003
1520616910.067196846 -34.693667774 -59.620902319 -117.355627688 0.002104752 -0.056192500 0.898808911 0.434718890
1520616910.117198706 -34.749795967 -59.492704862 -118.345786785 -0.014042760 -0.033927861 0.896305015 0.441915174
1520616910.167200565 -34.727660833 -59.628818623 -119.336232684 -0.031054549 -0.025411145 0.893118906 0.448027351
1520616910.217202902 -34.785378402 -60.200026482 -120.155006319 -0.050251953 -0.018348095 0.888900182 0.454966542
1520616910.267203569 -34.465842920 -60.402100825 -121.080783309 -0.075848620 -0.026339226 0.886529208 0.455652493
1520616910.317204475 -33.573325526 -60.335436315 -121.526842211 -0.098137568 -0.030338751 0.888886249 0.446463676
1520616910.367206812 -33.400803909 -60.775596659 -122.408031841 -0.117131062 -0.027823019 0.887281583 0.445238796
1520616910.419890881 -33.038671611 -61.218860321 -123.228018136 -0.138482341 -0.040010281 0.882482135 0.447713190
1520616910.469892979 -32.401674930 -61.641770373 -123.872519738 -0.144368292 -0.039917580 0.884605241 0.441631011
1520616910.519893885 -32.914305136 -62.192834742 -124.530956017 -0.127340075 -0.032483415 0.879849542 0.456721049
1520616910.569894791 -32.426023081 -62.629138625 -125.286746700 -0.118249050 -0.041510568 0.884230674 0.449922382
1520616910.619896889 -31.808081249 -63.009718615 -125.974719638 -0.110258802 -0.052029754 0.888374710 0.442635601
1520616910.669899940 -31.326110927 -63.104692469 -126.845744652 -0.099740622 -0.059367330 0.891838657 0.437208346
1520616910.719899654 -30.820661613 -63.363100122 -127.668998244 -0.088826051 -0.070018149 0.896360684 0.428654774
1520616910.769900799 -30.271573849 -63.793171022 -128.385616446 -0.072936903 -0.076489279 0.902076908 0.418433806
1520616910.821620464 -29.737466692 -64.023382733 -129.199085630 -0.044398688 -0.085755566 0.908631827 0.406279389
1520616910.871600389 -29.530234789 -64.113950346 -130.173176204 -0.008187999 -0.087498588 0.911637889 0.401488871
1520616910.921602726 -29.083014878 -64.236154551 -131.059212593 0.018275123 -0.078369100 0.915286922 0.394682347
1520616910.971603632 -28.997974684 -63.977522866 -132.021438044 0.052923517 -0.082281415 0.912717499 0.396705984
1520616911.021605492 -28.640629261 -63.848162324 -132.946408367 0.073449776 -0.081169438 0.911885429 0.395577574
1520616911.071607590 -28.634086977 -63.381678228 -133.830913758 0.094538478 -0.082907916 0.906596390 0.402829665
1520616911.121608496 -28.218856137 -63.457615657 -134.737454908 0.105912335 -0.087553035 0.908942310 0.393625356
1520616911.171610355 -28.044913668 -63.220507843 -135.693239351 0.115951702 -0.092094383 0.907119437 0.393964662
1520616911.221611500 -27.923952700 -62.921409377 -136.639763810 0.125196770 -0.105244699 0.904821490 0.393125162
1520616911.272410393 -27.983366729 -62.577996475 -137.577067150 0.140728669 -0.126005903 0.902069747 0.388056859
1520616911.322411537 -28.161541789 -62.742433986 -138.547228968 0.143294203 -0.125242123 0.901758029 0.388089731
1520616911.372413635 -28.340160328 -62.418649774 -139.476346400 0.147824127 -0.136331433 0.902148752 0.381692805
1520616911.422414541 -28.261205890 -62.918158182 -140.339050026 0.136008199 -0.129119756 0.911020510 0.367248539
1520616911.472416639 -28.475996417 -62.715782046 -141.294512704 0.132898384 -0.132022857 0.914467447 0.358688268
1520616911.522418499 -28.877636773 -62.411390664 -142.158243514 0.138587468 -0.128502222 0.916468500 0.352655895
1520616911.572419405 -29.040644370 -62.349477346 -143.142923799 0.136578010 -0.136090607 0.919266995 0.343182148
1520616911.622421503 -28.932485058 -62.061684285 -144.094489203 0.136330347 -0.136101578 0.919411965 0.342887789
1520616911.671751499 -29.556958287 -61.699738697 -144.786608107 0.146389197 -0.143630330 0.918634207 0.337715451
1520616911.721753597 -29.765571104 -62.038806565 -145.703948651 0.128242245 -0.142822204 0.928263498 0.318563373
1520616911.771755695 -30.068296282 -61.322790835 -146.332978811 0.123448233 -0.169657026 0.924899925 0.317075948
1520616911.821756601 -30.475090918 -60.694368059 -146.996004405 0.115250985 -0.190866334 0.922102794 0.316249412
1520616911.871758699 -30.979325595 -60.347945378 -147.787040887 0.109398947 -0.193590524 0.920529821 0.321215548
1520616911.921760559 -31.484558703 -59.829636025 -148.477037207 0.111584756 -0.183169752 0.919661685 0.328968188
1520616911.971761465 -31.740024090 -59.293228805 -149.281403249 0.104845618 -0.173123501 0.918685149 0.339194999
1520616912.021763563 -32.330130595 -58.812604259 -149.930074475 0.112148152 -0.154110493 0.918028767 0.347700923
1520616912.070742369 -32.598280564 -58.084396391 -150.560795408 0.108408203 -0.148073322 0.916312243 0.355940762
1520616912.120743275 -32.860759062 -57.373104370 -151.212845022 0.097688065 -0.140131153 0.912990428 0.370498017
1520616912.170745134 -32.868785121 -56.733775228 -151.981736321 0.082861438 -0.139381766 0.909838811 0.381968641
1520616912.220748425 -32.940883224 -56.135236482 -152.779579184 0.069216400 -0.137081010 0.905466347 0.395662207
1520616912.270748138 -32.940721758 -55.439736495 -153.498105274 0.058418111 -0.133557676 0.902381847 0.405532580
1520616912.320750237 -32.841225132 -54.886885551 -154.325423988 0.051127055 -0.130605151 0.903022696 0.406052127
1520616912.370751381 -32.499184535 -54.322707703 -155.076896932 0.034029420 -0.123075954 0.902876469 0.410497734
1520616912.420753241 -32.494279117 -53.621257827 -155.789598839 0.018374877 -0.117275396 0.898493289 0.422633003
1520616912.468755722 -32.098945248 -53.066953702 -156.522031818 0.001882376 -0.110306431 0.895767191 0.430615940
1520616912.518751860 -31.857243139 -52.529246227 -157.329776061 -0.013241395 -0.088075065 0.895985278 0.435060720
1520616912.568752766 -31.664906606 -51.823565776 -158.011701100 -0.018618782 -0.079726649 0.896170901 0.436090265
1520616912.618754864 -31.476730614 -51.520091558 -158.945774542 -0.026035013 -0.059974266 0.895540130 0.440151270
1520616912.668756723 -31.056213419 -51.047313799 -159.720142981 -0.031636625 -0.044626499 0.895987428 0.440697320
1520616912.718757629 -30.734216179 -51.434366238 -160.584150034 -0.048168874 -0.018268038 0.892133315 0.448825340
1520616912.768759966 -30.687124185 -51.311164322 -161.575413688 -0.058779288 -0.003088599 0.892430587 0.447328853
1520616912.818760872 -30.627737186 -51.541158664 -162.546791981 -0.075160231 0.009775762 0.895285220 0.438998576
1520616912.868078470 -30.489911314 -51.887978236 -163.474542062 -0.089691815 0.015054093 0.893708506 0.439333426
1520616912.918079376 -30.665567387 -52.029033321 -164.448835861 -0.089691814 0.015054092 0.893708506 0.439333425
1520616912.968081236 -30.988452496 -52.555155625 -165.235563595 -0.092048252 0.014705491 0.892536758 0.441235768
1520616913.018082380 -31.001452103 -53.181551730 -166.014960112 -0.096464085 0.010992346 0.891767895 0.441954602
1520616913.068084240 -31.256644791 -53.431328997 -166.949030778 -0.100032616 0.002816081 0.891237830 0.442358086
1520616913.118086576 -31.116232083 -54.207933516 -167.563172205 -0.102440937 -0.000411801 0.889939031 0.444425703
1520616913.168087482 -30.634309831 -54.690140872 -168.294764310 -0.108331585 -0.009442311 0.887050999 0.448682110
1520616913.218089342 -30.847441295 -55.302492166 -169.056079535 -0.109695059 -0.014759269 0.882872402 0.456383040
1520616913.267685413 -30.381587853 -55.781062501 -169.800358384 -0.119650993 -0.022098911 0.883880059 0.451609697
1520616913.317687750 -30.063115317 -56.554335571 -170.348650280 -0.129076572 -0.030125117 0.885740558 0.444854334
1520616913.367688656 -29.623407075 -57.089657202 -171.069821143 -0.130380453 -0.045521318 0.890885049 0.432726908
1520616913.417690516 -29.088536993 -57.595367807 -171.746704278 -0.129286455 -0.054177921 0.897165647 0.418859842
1520616913.467692614 -28.531496315 -57.944167141 -172.500391685 -0.124317405 -0.067527198 0.903816075 0.403858594
1520616913.517694473 -28.082570616 -58.480224177 -173.215310261 -0.114348714 -0.075764693 0.909682977 0.391996129
1520616913.567696571 -27.578951312 -58.871967072 -173.985313574 -0.095513954 -0.083912128 0.915524064 0.381643193
1520616913.617697716 -26.908597456 -58.747829132 -174.716897800 -0.073228813 -0.087813253 0.924538102 0.363532215
1520616913.667699575 -26.517497782 -58.968072626 -175.610505011 -0.048174821 -0.072907923 0.930097573 0.356766207
1520616913.716314554 -25.759141922 -58.723002182 -176.214522285 -0.032816904 -0.073902884 0.932537586 0.351902066
1520616913.766316414 -25.204600764 -58.833287076 -177.039338232 -0.011946594 -0.071347387 0.934367216 0.348890720
1520616913.816317558 -24.818555476 -59.076003890 -177.929314402 0.007182025 -0.067035906 0.936413775 0.344360055
1520616913.866318464 -24.583043701 -59.047355273 -178.900763557 0.029390235 -0.067655156 0.938271457 0.337943289
1520616913.916320562 -24.118156572 -58.720963144 -179.723775183 0.041172398 -0.086015936 0.937447360 0.334811199
1520616913.966321468 -24.087050569 -58.646626832 -180.720523159 0.051667492 -0.084265792 0.936995064 0.335067152
1520616914.016323328 -23.949089014 -58.387268729 -181.676399712 0.071777871 -0.085095844 0.934712062 0.337520363
1520616914.066324472 -23.684414110 -58.197023259 -182.621785272 0.081512487 -0.077491981 0.932056687 0.344414053
1520616914.114924908 -23.802392528 -57.775858766 -183.521063628 0.102557151 -0.082082094 0.930716282 0.341338193
1520616914.164926052 -24.005738855 -57.307273742 -184.380760288 0.119383282 -0.076632461 0.930879916 0.336656621
1520616914.214927912 -24.179877980 -56.754524429 -185.195710447 0.134443901 -0.059940204 0.929642446 0.337782375
1520616914.264930248 -24.365627039 -56.306796084 -186.070374163 0.141088646 -0.037506217 0.928055720 0.342636627
1520616914.314931154 -24.667669196 -55.709087702 -186.813014874 0.142569466 -0.019663340 0.926198121 0.348488653
1520616914.364933014 -24.778962263 -55.051470946 -187.558101484 0.149966766 -0.012568471 0.925118533 0.348579549
1520616914.414934158 -25.224736028 -54.590256097 -188.325282436 0.149831466 0.007680068 0.927296513 0.342947118
1520616914.464936018 -25.524033213 -54.010311390 -189.082966627 0.142270734 0.016892841 0.929339388 0.340296888
1520616914.514795303 -25.735229913 -54.114173331 -190.054876422 0.118526441 0.041303555 0.936355698 0.327846772
1520616914.564797640 -26.379802950 -53.639281647 -190.654045421 0.112379985 0.048264558 0.936466544 0.328742579
1520616914.614799500 -26.999009191 -53.606824089 -191.438602709 0.100619795 0.064848339 0.936956074 0.328304228
1520616914.664800406 -27.349730371 -53.536276949 -192.372421618 0.069473086 0.071790468 0.939931153 0.326418515
1520616914.714802504 -27.846085989 -53.295065648 -193.206356992 0.051396763 0.081064755 0.940478471 0.326017061
1520616914.764803410 -28.194066120 -53.396577067 -194.138346939 0.028579450 0.095065660 0.943120735 0.317283808
1520616914.814805508 -28.226032307 -53.918628821 -194.990661510 -0.009072398 0.130658762 0.943235037 0.305210819
1520616914.864806414 -28.838221801 -53.948802713 -195.780796663 -0.027842755 0.146066242 0.941491467 0.302461983
1520616914.916097403 -29.230757492 -54.342707206 -196.611913371 -0.050684535 0.156434030 0.942587281 0.290669383
1520616914.966098309 -29.444483279 -54.934323554 -197.389288046 -0.073106007 0.160659588 0.945720561 0.272867419
1520616915.016100407 -29.571910815 -55.592124517 -198.131622280 -0.102722366 0.159007122 0.947338782 0.258290693
1520616915.066102266 -29.586587444 -56.202570521 -198.923544166 -0.130349293 0.149048519 0.948006099 0.249154646
1520616915.116103172 -29.583380950 -56.939947130 -199.599018410 -0.150068505 0.148179200 0.946426348 0.244539436
1520616915.166105509 -29.334990907 -57.697452818 -200.202746428 -0.171334619 0.148838311 0.944907295 0.235885162
1520616915.216107368 -29.053587214 -58.483171376 -200.753616928 -0.184533634 0.151248193 0.941026633 0.239875381
1520616915.266108513 -28.738170545 -59.230498494 -201.338436989 -0.199504175 0.146103090 0.935597930 0.252008899
1520616915.317067146 -28.257384255 -59.892549525 -201.913356963 -0.222829714 0.137484249 0.927649159 0.266293142
1520616915.367069006 -27.754117102 -60.521375905 -202.506062249 -0.246783524 0.125671868 0.921571053 0.272050122
1520616915.417069912 -27.139989018 -61.283619282 -202.710590317 -0.265842312 0.118991341 0.918165030 0.268592448
1520616915.467071056 -26.547546192 -61.982949049 -203.110527031 -0.284808704 0.105536690 0.917061243 0.258349930
1520616915.517072916 -25.787107219 -62.632283363 -203.100651955 -0.302436296 0.089723574 0.916549210 0.245803808
1520616915.567075014 -25.051114894 -63.306348601 -203.163511739 -0.309213661 0.082731381 0.918418899 0.232484742
1520616915.617076159 -24.279857587 -63.936709892 -203.075155591 -0.315525030 0.081206975 0.919302798 0.220752684
1520616915.667078972 -23.392688643 -64.349067834 -202.868051288 -0.318187241 0.085014219 0.919373624 0.215131590
1520616915.717643499 -22.509139166 -64.681320047 -203.198125202 -0.306292355 0.085995300 0.922725525 0.217640545
1520616915.767645597 -21.617467018 -65.057331608 -203.450188860 -0.291778344 0.102583828 0.924795193 0.221575738
1520616915.817646742 -20.617696466 -65.077172190 -203.442114627 -0.277004423 0.114702847 0.927095928 0.224955434
1520616915.867648602 -19.625211733 -65.138077825 -203.335980002 -0.261029605 0.123043147 0.930716367 0.224701965
1520616915.917649508 -18.781132818 -65.653326989 -203.484469343 -0.240186601 0.125595062 0.934444780 0.230974521
1520616915.967651606 -17.939909203 -66.172000620 -203.637179836 -0.221853406 0.120667580 0.937554973 0.239188365
1520616916.017652512 -17.019769863 -66.522618062 -203.811567350 -0.202482956 0.118872476 0.941389293 0.242190391
1520616916.067654610 -16.425776162 -66.890941755 -204.526766021 -0.173712958 0.114852102 0.943693390 0.257051724
1520616916.117655754 -15.786929716 -67.067649332 -205.275531440 -0.141685219 0.120499702 0.945078827 0.268758501
1520616916.167499304 -15.144136657 -67.414499105 -205.958548509 -0.102057485 0.130708806 0.943462355 0.287016137
1520616916.217501163 -15.042902008 -67.899261071 -206.827316247 -0.060454253 0.144815654 0.936861983 0.312511336
1520616916.267502546 -14.508357989 -68.393345521 -207.512986173 -0.027902640 0.147855472 0.932875396 0.327267014
1520616916.317504406 -14.580590362 -68.764366873 -208.438796975 0.013522029 0.157838612 0.923752178 0.348691900
1520616916.367505550 -14.218091713 -69.174577426 -209.275649430 0.043769842 0.153787819 0.917205138 0.364922241
1520616916.417507410 -13.885081411 -69.748814205 -210.023550667 0.060194619 0.142603330 0.916166062 0.369703457
1520616916.467508316 -14.334266508 -69.789082480 -210.916081459 0.089416680 0.129687565 0.912132644 0.378417538
1520616916.517510414 -14.201432827 -70.091631004 -211.859913861 0.102061807 0.108237351 0.917673290 0.368434251
1520616916.566380978 -14.729500479 -70.244951311 -212.695160793 0.123030466 0.093508691 0.920615595 0.358589676
1520616916.616382837 -15.327137224 -70.395960956 -213.482578350 0.126433120 0.073537710 0.927597231 0.343758998
1520616916.666384697 -15.685407114 -70.836247858 -214.305858454 0.120982128 0.058789072 0.937088711 0.322136487
1520616916.716385841 -16.318465169 -71.111378575 -215.029419500 0.119298979 0.045195336 0.944804883 0.301776189
1520616916.766387701 -16.498925682 -71.604436578 -215.880494003 0.100088818 0.034785033 0.955893119 0.273935349
1520616916.816389799 -17.279385048 -71.693460663 -216.499329918 0.099631844 0.025249240 0.962101264 0.252580935
1520616916.866390944 -17.756383029 -71.702267858 -217.378190180 0.089801083 0.015570671 0.969071910 0.229331536
1520616916.916392803 -18.297789296 -71.909584077 -218.192990302 0.074566160 0.015278528 0.974641691 0.210428203
1520616916.965620518 -18.502184851 -71.766544791 -219.161371539 0.058283871 -0.007600066 0.977521684 0.202476137
1520616917.015622377 -18.661538185 -71.607259719 -220.135658345 0.044500469 -0.022069447 0.976977448 0.207479430
1520616917.065623760 -19.220186876 -71.391123184 -220.936405895 0.039443790 -0.024124630 0.973262760 0.224992864
1520616917.115625620 -19.585801423 -71.203662882 -221.848099176 0.028060894 -0.023333233 0.968256131 0.247281645
1520616917.165627718 -19.800029373 -71.050113867 -222.812738531 0.021037319 -0.025151160 0.962325217 0.269916705
1520616917.215628624 -19.803793311 -71.011782436 -223.811996523 0.006937941 -0.023272330 0.955205827 0.294944216
1520616917.265630484 -19.714323194 -70.763508645 -224.776545756 -0.004062396 -0.031220405 0.945579503 0.323864456
1520616917.315631628 -19.475837946 -70.709840700 -225.746207830 -0.005023552 -0.023390391 0.935917448 0.351406010
1520616917.365025997 -19.708919891 -70.388687675 -226.664104088 0.008583607 -0.006998858 0.921501460 0.388216945
1520616917.415026665 -19.678975298 -70.363227939 -227.663331351 0.016197859 0.011157850 0.905363350 0.424181962
1520616917.465127707 -19.895778801 -70.238920397 -228.631599845 0.025032278 0.021985836 0.889087504 0.456523185
1520616917.515029907 -19.990303422 -70.230392182 -229.627085840 0.025356036 0.022470958 0.877622559 0.478153502
1520616917.565031767 -20.219221586 -70.265928761 -230.599882646 0.023050583 0.020766616 0.866456191 0.498288157
1520616917.615032911 -20.531695972 -70.325056910 -231.547966830 0.018744212 0.010377644 0.852631472 0.522073302
1520616917.665034771 -20.746189471 -70.414254753 -232.520610795 0.012827247 -0.004655866 0.839613080 0.543013500
1520616917.715035915 -20.901825520 -70.739127355 -233.453474779 0.015601192 -0.014728286 0.830346248 0.556834615
1520616917.766720533 -21.127113034 -70.841260368 -234.422399123 0.022050282 -0.028340859 0.823577130 0.566066508
1520616917.816721439 -21.212761716 -70.873550301 -235.418201143 0.034619431 -0.054820921 0.818076037 0.571443574
1520616917.866723537 -21.345991465 -70.870945327 -236.409282900 0.040439964 -0.080096399 0.811710548 0.577126643
1520616917.916725636 -21.387276383 -70.596106090 -237.369886330 0.054377234 -0.115031341 0.803001313 0.582236892
1520616917.966726542 -21.326387203 -70.383275623 -238.345076414 0.066126366 -0.154462016 0.792958927 0.585649152
1520616918.016728401 -21.523732089 -70.195893879 -239.307335775 0.078742181 -0.191005136 0.780160812 0.590479309
1520616918.066729546 -21.669948621 -69.979984212 -240.272739184 0.085826808 -0.224677425 0.766686102 0.595269884
1520616918.116731405 -21.719755485 -69.947500208 -241.270969651 0.094194712 -0.253983046 0.756408128 0.595371071
1520616918.166733503 -21.987776474 -69.832919711 -242.227544823 0.102586459 -0.283627343 0.750259629 0.588338370
1520616918.217488289 -21.894119145 -69.577686994 -243.189877699 0.111805791 -0.311420943 0.747464063 0.576032929
1520616918.267490149 -22.029817889 -69.183666528 -244.098906699 0.118915825 -0.338808051 0.745375072 0.561679743
1520616918.317491293 -21.915757772 -68.907651506 -245.053268265 0.128208559 -0.365959602 0.745725982 0.541783069
1520616918.367493153 -22.026861004 -68.340054279 -245.869043638 0.143934623 -0.395748809 0.743908143 0.518908836
1520616918.417495251 -21.781009868 -67.863513630 -246.713120784 0.159906688 -0.423821551 0.736879392 0.501810628
1520616918.467496395 -21.560537241 -67.093260686 -247.311537214 0.175108879 -0.449602444 0.728881425 0.485722546
1520616918.517498255 -21.379516611 -66.522964866 -248.112782625 0.187457384 -0.467938202 0.725015924 0.469303183
1520616918.567499399 -21.193393388 -65.849120877 -248.827829773 0.193359143 -0.482893179 0.724649715 0.452005763
1520616918.615232944 -20.954184644 -65.178518863 -249.530020713 0.194306955 -0.493091420 0.726867398 0.436771616
1520616918.665235043 -21.271846650 -64.310252583 -249.911077818 0.196567927 -0.504679715 0.728662467 0.419178298
1520616918.715236902 -20.969783197 -63.510174967 -250.429376456 0.191103049 -0.518233746 0.733019598 0.396983221
1520616918.765237093 -21.017040328 -62.691759790 -251.002057311 0.184494449 -0.529522033 0.736026185 0.379254097
1520616918.815238953 -21.027487282 -62.156450992 -251.846649137 0.178647556 -0.538304198 0.742760320 0.355838092
1520616918.865239859 -20.636052853 -61.426106016 -252.406448480 0.173189878 -0.552545774 0.745491136 0.330062721
1520616918.915242195 -20.604651839 -60.588132154 -252.951254668 0.165532267 -0.566400244 0.744516894 0.312224961
1520616918.965242863 -20.645114129 -59.805842310 -253.572853737 0.153889008 -0.579681207 0.746815922 0.287321858
1520616919.014601231 -20.391885650 -59.190259813 -254.319133529 0.133927845 -0.591196106 0.751100051 0.261532425
1520616919.064603567 -20.037150241 -58.302888325 -254.613640970 0.112682772 -0.610036600 0.747559177 0.237304058
1520616919.114684582 -19.666724924 -57.410713741 -254.872116493 0.092988056 -0.624483694 0.743127855 0.221662645
1520616919.164606333 -19.141632402 -56.727996487 -255.380225727 0.071172397 -0.628581252 0.746543539 0.206137925
1520616919.214607477 -18.591743171 -55.895615247 -255.449242425 0.049690380 -0.639356874 0.743531209 0.189512519
1520616919.264609337 -18.174746337 -55.011638350 -255.660662591 0.030129197 -0.647668173 0.740495886 0.176872869
1520616919.314610243 -18.167740955 -54.105249125 -256.083048074 0.014291728 -0.650700103 0.740476345 0.167570598
1520616919.364612341 -17.925946872 -53.234361387 -256.510938445 -0.005682068 -0.652253534 0.738646544 0.170100926
1520616919.414170980 -17.497837050 -52.384844931 -256.819230143 -0.014951520 -0.660155796 0.729503073 0.178314453
1520616919.464172840 -17.120878265 -51.516925759 -257.142677798 -0.020705625 -0.663341368 0.722821310 0.192558717
1520616919.514174700 -16.858271407 -50.552165340 -257.126095489 -0.016235989 -0.664655225 0.718649242 0.203747615
1520616919.564176083 -16.333241585 -49.705385896 -257.211583842 -0.018869071 -0.664559485 0.714649742 0.217440556
1520616919.614177942 -16.111705296 -48.747598930 -257.028374124 -0.010834601 -0.657787273 0.715915121 0.233803453
1520616919.664178848 -15.667395836 -47.852121686 -257.055012609 -0.009523584 -0.642930696 0.720371446 0.260027693
1520616919.714180946 -15.101894010 -47.029262795 -256.999236892 -0.002282003 -0.633524130 0.719245565 0.285180270
1520616919.764182806 -14.856067952 -46.062619617 -257.071143192 0.009557744 -0.629571496 0.708785573 0.318074508
1520616919.814201832 -14.430049699 -45.158285521 -257.044907894 0.026626293 -0.629442561 0.694922245 0.346664355
1520616919.864204168 -14.086025471 -44.270887922 -257.351783817 0.046220001 -0.626724658 0.683182971 0.371942122
1520616919.914205074 -13.214472324 -43.827415323 -257.560894233 0.053061766 -0.636221325 0.665957036 0.385886124
1520616919.964206934 -13.096059285 -42.851578162 -257.744524811 0.073335527 -0.640427222 0.651245010 0.400443268
1520616920.014208078 -12.754746229 -41.939465726 -257.971584936 -0.099828741 0.646140237 -0.636902949 -0.408523745
1520616920.064209938 -12.570040666 -40.963561293 -258.087750304 -0.132096869 0.655549695 -0.620856895 -0.409074236
1520616920.114212036 -12.228914722 -40.109162528 -258.479714386 -0.162316606 0.661071488 -0.603500319 -0.415241101
1520616920.164214134 -12.225659447 -39.123566779 -258.310627361 -0.205934585 0.672989095 -0.583824852 -0.404753217
1520616920.214800119 -12.588807324 -38.336404330 -257.812130723 -0.255100508 0.684596862 -0.556069604 -0.396279525
1520616920.264801025 -12.442914340 -37.360993815 -257.646935186 -0.286984943 0.699011167 -0.535600414 -0.377034783
1520616920.314803123 -12.099628644 -36.428446365 -257.535086248 -0.303515303 0.716819493 -0.515456984 -0.358262993
1520616920.364804268 -11.970999799 -35.468433137 -257.286431425 -0.313302568 0.735855420 -0.497361368 -0.336139809
1520616920.414806128 -12.169453114 -34.747980599 -256.621928285 -0.323034426 0.761287328 -0.469863793 -0.308736749
1520616920.464807987 -11.822688544 -33.889293745 -256.244554174 -0.317337745 0.786381365 -0.450368940 -0.279408164
1520616920.514809132 -11.377508603 -33.001150925 -256.130461438 -0.306685455 0.809240201 -0.434876461 -0.248911214
1520616920.564810991 -11.013307603 -32.110580359 -255.857988140 -0.296288546 0.829010692 -0.424540645 -0.211470117
1520616920.614812136 -10.600775233 -31.234130797 -255.609687497 -0.282150371 0.844282550 -0.420037284 -0.176484628
1520616920.664451122 -10.311832216 -30.452677942 -255.056656423 -0.267053009 0.858458833 -0.412430677 -0.147078409
1520616920.714452267 -9.848920727 -29.706322558 -254.578465464 -0.246747276 0.871232705 -0.403431675 -0.131575981
1520616920.764512300 -9.864915127 -28.959117933 -253.914063908 -0.223332614 0.881246821 -0.401309991 -0.111699934
1520616920.814455509 -9.660971503 -28.125791655 -253.400279602 -0.197854177 0.888378353 -0.398051574 -0.114858918
1520616920.864457369 -9.912693107 -27.489994870 -252.670623051 -0.170679861 0.899114917 -0.386286531 -0.115080267
1520616920.914459229 -9.823048962 -26.972285479 -251.819775877 -0.130892258 0.911489336 -0.371682054 -0.117927339
1520616920.964460373 -10.287877347 -26.329830844 -251.210525013 -0.103893765 0.917299644 -0.365167532 -0.120083810
1520616921.014461279 -10.116393940 -25.622279978 -250.524984924 -0.077871239 0.920074130 -0.359659349 -0.134331000
1520616921.064152956 -10.388012454 -24.853981828 -249.945380460 -0.054925776 0.921233946 -0.354986231 -0.149318294
1520616921.114154816 -10.528604531 -24.027686187 -249.399972923 -0.033647744 0.917028579 -0.357547931 -0.173452849
1520616921.164155960 -9.980744377 -23.922483174 -248.570044265 -0.002965504 0.915964914 -0.345637747 -0.203798995
1520616921.214157820 -9.700785019 -23.293295701 -247.844960903 0.019590846 0.909664163 -0.345627972 -0.229496436
1520616921.264158726 -9.431198048 -22.676991171 -247.105034156 0.029995725 0.906336534 -0.341073903 -0.247634685
1520616921.314161062 -8.914112302 -21.872253392 -246.813453223 0.038092937 0.896402982 -0.343462181 -0.277568645
1520616921.364161968 -8.302058402 -21.510624246 -246.110164959 0.041181779 0.891412259 -0.334107407 -0.303414711
1520616921.414163828 -7.743556155 -21.115695965 -245.380708385 0.037349142 0.889215989 -0.325836991 -0.318951755
1520616921.463944435 -7.220134658 -20.709533349 -244.631667754 0.036368436 0.885830076 -0.316156713 -0.337679354
1520616921.513945341 -6.634745219 -20.425192815 -243.872411760 0.031463024 0.881930978 -0.303321241 -0.359449653
1520616921.563947678 -6.211292715 -19.861254862 -243.163425186 0.015750714 0.880550679 -0.284759115 -0.378542815
1520616921.613948584 -5.718910907 -19.262165715 -242.532035964 -0.005886358 0.878316726 -0.282477606 -0.385657207
1520616921.663950682 -4.881769689 -19.293209897 -241.985930810 -0.014412227 0.877967853 -0.267827599 -0.396526310
1520616921.713952541 -4.394103931 -18.671503479 -241.373017082 -0.032836150 0.877830300 -0.256501948 -0.403165602
1520616921.763954639 -4.155538302 -18.005810824 -240.665952920 -0.056287520 0.881182302 -0.238499810 -0.404310904
1520616921.813955784 -3.512891713 -17.566230579 -240.038438322 -0.075218091 0.884413497 -0.213509869 -0.408128093
1520616921.864132166 -2.781367082 -17.445383251 -239.367418474 -0.087703265 0.893166264 -0.185961677 -0.399975521
1520616921.914133072 -1.915710590 -17.599815114 -238.891194117 -0.096669896 0.905006307 -0.145486794 -0.387881564
1520616921.964133978 -1.115744135 -18.012566941 -238.455660422 -0.103848725 0.915557652 -0.098659771 -0.375813621
1520616922.014136076 -0.294629104 -18.455776692 -238.096028355 -0.102217015 0.927635549 -0.053012925 -0.355293681
1520616922.064138174 0.475513783 -18.892251193 -237.630872528 -0.097455821 0.939120424 -0.010586308 -0.329307033
1520616922.114139080 1.152688953 -19.490775924 -237.202851577 -0.081499138 0.950785066 0.028057092 -0.297621317
1520616922.164141178 1.707143356 -19.445672914 -236.371860582 -0.075911232 0.961303827 0.047664565 -0.260500529
1520616922.214143038 2.486724438 -19.416926581 -235.746219323 -0.068081127 0.969818270 0.057300573 -0.227011294
1520616922.264728308 2.830763621 -19.360906225 -234.808936676 -0.057780006 0.980334066 0.051174202 -0.181625416
1520616922.314729214 3.700415329 -19.414173627 -234.318153129 -0.046595457 0.987349083 0.058656438 -0.139750041
1520616922.364731550 4.417812372 -19.379017077 -233.622376225 -0.034408985 0.992911987 0.070484590 -0.089295748
1520616922.414774418 4.986444964 -19.125927205 -232.839686955 -0.017623448 0.994530204 0.096146809 -0.036808683
1520616922.464734316 5.545469891 -19.532470497 -232.117043417 0.007497880 0.989980588 0.139337144 0.021618892
1520616922.514735460 5.928931946 -19.608206813 -231.196597405 0.032114330 0.981252995 0.171873791 0.081059426
1520616922.564737320 6.288076015 -20.156492771 -230.441350395 0.057609971 0.966188833 0.206278098 0.143560362
1520616922.614738226 6.294912957 -20.861082164 -229.731768093 0.087725846 0.945614809 0.233542594 0.208745456
1520616922.664919376 6.760986162 -21.281786184 -228.953446890 0.111411467 0.926614753 0.246184195 0.261468788
1520616922.714921236 7.290255042 -22.101269065 -228.733623641 0.144492926 0.903546066 0.266383038 0.302929657
1520616922.764922142 7.376750329 -22.678320219 -227.921508791 0.172194764 0.878050751 0.272451703 0.353759680
1520616922.814924479 6.869790824 -23.204311754 -227.238628885 0.207275232 0.840593753 0.279020531 0.415435510
1520616922.864925385 6.739193807 -23.776963154 -226.429299043 0.227119420 0.810788753 0.281786574 0.460037709
1520616922.914927244 6.659328790 -24.458639799 -225.702017440 0.237590371 0.779562609 0.289674846 0.501917760
1520616922.964928389 6.218194691 -25.202674657 -225.200207878 0.250449556 0.744161711 0.301467834 0.540939473
1520616923.014930248 5.804575447 -25.575771653 -224.369715401 0.265681120 0.714351731 0.305915771 0.570552966
1520616923.064932108 5.255831854 -25.907171751 -223.602216578 0.282650418 0.681982849 0.304487220 0.601910015
1520616923.114657879 4.679034034 -26.530933986 -223.074746248 0.298106206 0.650080363 0.310319446 0.626282725
1520616923.164659739 3.889119386 -26.743760694 -223.649845928 0.325562716 0.599212563 0.321550010 0.656931361
1520616923.214660883 3.055811077 -27.122667119 -223.247319925 0.350660479 0.572726768 0.320913711 0.667859018
1520616923.264662981 2.276645363 -27.710985245 -223.031027131 0.366296936 0.549778114 0.315310802 0.681285313
1520616923.314663887 1.456020902 -28.053106222 -223.488770215 0.380713099 0.516779797 0.312150300 0.700398721
1520616923.364665985 0.563959835 -28.479649067 -223.339477701 0.389129139 0.501613963 0.305502708 0.709668965
1520616923.414667845 -0.310854342 -28.825350608 -223.000080293 0.394434999 0.489748054 0.299615091 0.717494720
1520616923.464668751 -1.149536313 -29.138010159 -223.446013648 0.395749496 0.465091729 0.312926147 0.727426455
1520616923.515052795 -2.092340717 -29.123506438 -223.779044423 0.411482853 0.444665529 0.308392573 0.733381517
1520616923.565055132 -2.991720526 -29.081300681 -224.214170421 0.420440200 0.431697543 0.305034980 0.737442154
1520616923.615056038 -3.959002912 -29.265542415 -224.039757779 0.435122104 0.422848197 0.296042971 0.737717233
1520616923.665057898 -4.911918114 -29.358929416 -224.328256455 0.434386300 0.405711179 0.300306050 0.746004865
1520616923.715062141 -5.909530840 -29.372372736 -224.260520750 0.434959064 0.387968379 0.304060436 0.753550529
1520616923.765060902 -6.489470622 -29.231445537 -225.062898076 0.422317337 0.349596885 0.313268623 0.775430754
1520616923.815062046 -7.487468266 -29.181046136 -225.101115890 0.426192019 0.332902556 0.314335506 0.780211151
1520616923.865064144 -8.481271217 -29.134215715 -225.201925643 0.429238548 0.322221178 0.319932546 0.780750247
1520616923.914721489 -9.466778444 -29.132337901 -225.371548698 0.431473742 0.314323449 0.327328001 0.779671443
1520616923.964723349 -10.434636903 -29.091268787 -225.619668288 0.437106966 0.312976656 0.331357241 0.775361523
1520616924.014724493 -11.091662788 -28.909496044 -226.351293640 0.438190607 0.312918910 0.332301833 0.774368284
1520616924.064745426 -11.826284879 -28.691957991 -226.993950298 0.440997654 0.311635992 0.333749155 0.772667832
1520616924.114727259 -12.617984537 -28.451313145 -227.555467625 0.431065084 0.323429525 0.343961007 0.768938919
1520616924.164729357 -13.244314568 -28.018407495 -228.203775724 0.421609643 0.323296364 0.363672801 0.765158064
1520616924.214730263 -14.235570760 -28.150033233 -228.213040023 0.398111199 0.338673782 0.397569738 0.754152402
1520616924.264732361 -14.915200366 -27.439582887 -228.395697910 0.373408769 0.342715912 0.428632554 0.747921004
1520616924.314501524 -15.648439583 -27.244151720 -229.046978887 0.339330559 0.343902552 0.462124320 0.743657797
1520616924.364502430 -16.548337133 -27.294238492 -229.480194438 0.303288813 0.363100847 0.486531106 0.734480193
1520616924.414504528 -17.406195410 -27.453664056 -229.968725570 0.269701772 0.385319790 0.503928545 0.724462307
1520616924.464505434 -18.286619242 -27.920303750 -230.052994612 0.240890460 0.427724425 0.513434137 0.703852961
1520616924.514507294 -18.943869277 -28.338793858 -230.679802733 0.213719301 0.459920937 0.515139070 0.690962032
1520616924.564508438 -19.582596767 -28.698866755 -231.359784132 0.190328569 0.486553658 0.512764753 0.681258308
1520616924.614510536 -20.085099484 -29.559768197 -231.439406526 0.162079304 0.514702168 0.507689587 0.671612434
1520616924.664512396 -20.666009165 -30.373590231 -231.423990955 0.137891053 0.536162159 0.495019430 0.669680491
1520616924.714419127 -21.367172698 -30.874923154 -231.930977148 0.121918506 0.539327917 0.479012033 0.681768838
1520616924.764421225 -21.965171112 -31.579434675 -232.313156967 0.092034517 0.533714548 0.465805181 0.699788513
1520616924.814422131 -22.640943425 -32.151090329 -232.778497267 0.055860843 0.528541836 0.444932054 0.720804107
1520616924.864423990 -23.180028769 -32.946485047 -233.055506715 0.013344541 0.516258112 0.423780325 0.744116739
1520616924.914425135 -23.961305343 -33.377439475 -233.507043198 -0.011676949 0.488196644 0.403811225 0.773604666
1520616924.964426994 -24.833147288 -33.867113778 -233.517564572 -0.027600568 0.465842718 0.384735963 0.796371151
1520616925.014427900 -25.701052870 -34.168366182 -233.912516328 -0.041445684 0.433774688 0.369173847 0.820872978
1520616925.064430237 -26.506039739 -34.650791341 -234.257859791 -0.053017375 0.404370955 0.359455480 0.839324160
1520616925.114371777 -27.392492263 -35.041915357 -234.505294482 -0.053679277 0.382308828 0.351617695 0.852832628
1520616925.164938927 -27.985578505 -35.347386326 -235.250234880 -0.062874720 0.345725182 0.347264570 0.869441307
1520616925.214939833 -28.844271398 -35.744341656 -235.574384511 -0.065100529 0.318539850 0.338706216 0.882933964
1520616925.264941931 -29.693491980 -36.187927444 -235.860838786 -0.076260814 0.297335937 0.335996242 0.890439304
1520616925.314942837 -30.453793928 -36.693121946 -236.269151734 -0.087466843 0.266683261 0.340606527 0.897338723
1520616925.364943743 -31.092188465 -37.127552957 -236.904543040 -0.088132708 0.228023493 0.351308631 0.903781035
1520616925.414945841 -31.395493558 -37.776658223 -237.602159248 -0.087646696 0.179803923 0.364980643 0.909273191
1520616925.464947701 -32.040818436 -38.194782945 -238.241477258 -0.082701724 0.150973777 0.373067446 0.911695138
1520616925.514948606 -32.147165501 -38.724823583 -239.082754396 -0.085600364 0.113782666 0.385383569 0.911704770
1520616925.565721750 -32.556355258 -39.140470461 -239.895036008 -0.084273634 0.088194579 0.393898462 0.911023420
1520616925.615722895 -32.685193699 -39.476292532 -240.828108455 -0.078900257 0.054845870 0.401867722 0.910642089
1520616925.665724754 -32.549563071 -39.337974254 -241.809165226 -0.057688437 0.003141873 0.422698800 0.904426833
1520616925.715725660 -32.693280934 -39.497392297 -242.785859171 -0.052555112 -0.022778039 0.439362338 0.896481933
1520616925.765727758 -32.666897626 -39.952658182 -243.675823718 -0.059076810 -0.037595468 0.457357425 0.886521684
1520616925.815728664 -31.897921716 -39.665573483 -244.247014077 -0.064320351 -0.118018904 0.469615263 0.872580045
1520616925.865730762 -32.151718907 -39.821928927 -245.201550593 -0.062711631 -0.123163103 0.508839623 0.849694262
1520616925.915732861 -31.923087009 -40.326278405 -246.034232441 -0.057043019 -0.132389128 0.501569197 0.853022599
1520616925.966018200 -31.662582194 -39.847221954 -246.872469971 -0.057428913 -0.150939895 0.523477393 0.836594577
1520616926.016020298 -31.308478231 -39.739312159 -247.801429529 -0.068872966 -0.162928876 0.552723518 0.814375472
1520616926.066021204 -31.481572536 -39.597499291 -248.776071756 -0.076722119 -0.177144001 0.587897433 0.785563700
1520616926.116023064 -31.303662199 -39.382595354 -249.736365571 -0.080044827 -0.191998543 0.615985521 0.759796830
1520616926.166024208 -31.385774262 -39.047868019 -250.675096214 -0.077852346 -0.207828305 0.629526901 0.744608816
1520616926.216026306 -31.188619117 -38.380567873 -251.393316489 -0.071452090 -0.219969123 0.641289599 0.731611805
1520616926.266028166 -31.048595108 -38.743023496 -252.314738867 -0.074569387 -0.211171267 0.655636200 0.721101432
1520616926.316029310 -30.905253038 -38.771492917 -253.304002504 -0.055226870 -0.202341870 0.672193194 0.710045119
1520616926.365901709 -30.807926055 -38.610831689 -254.286201785 -0.037649057 -0.195468530 0.681837319 0.703898056
1520616926.415902853 -30.764732236 -38.662265688 -255.283943655 -0.027487204 -0.191746937 0.682024612 0.705209185
1520616926.465904713 -29.975378394 -38.978224474 -255.810337573 -0.029147222 -0.203343599 0.669585364 0.713762748
1520616926.515905857 -30.275644770 -39.028631112 -256.762860158 -0.014216148 -0.212331726 0.663554857 0.717222483
1520616926.565907717 -30.744075165 -39.402834827 -257.563200426 0.003193723 -0.209984642 0.661550264 0.719894089
1520616926.615908623 -30.639537617 -38.543782839 -258.064300798 0.032330692 -0.229438300 0.649925920 0.723815647
1520616926.665910959 -30.777092965 -37.681125168 -258.551024814 0.067854385 -0.250546978 0.643960748 0.719678088
1520616926.715912819 -30.983237958 -37.439725535 -259.499302441 0.096904440 -0.264855497 0.650509186 0.705194224
1520616926.767682552 -30.965530224 -37.392763167 -258.500562750 0.113844834 -0.273385255 0.657681329 0.692643578
1520616926.817684650 -30.723354560 -36.475494731 -258.816742387 0.171911364 -0.309001790 0.649294580 0.673335671
1520616926.867686749 -30.928072008 -36.507305366 -259.795046455 0.210443109 -0.322798834 0.637255992 0.667397491
1520616926.917687654 -30.783841605 -36.440703713 -260.782346719 0.240371042 -0.348051297 0.611580574 0.668618919
1520616926.967689514 -30.852117427 -36.277850709 -261.766631897 0.261256802 -0.380646996 0.587878013 0.664268161
1520616927.017690659 -31.060223199 -35.917025201 -262.675750668 0.275414248 -0.412961413 0.559983498 0.663346324
1520616927.067692757 -31.195322588 -35.353530440 -263.490748710 0.292720849 -0.442221868 0.532989954 0.659299653
1520616927.117693901 -31.386509476 -34.593414772 -264.111773465 0.319594714 -0.467636546 0.513866655 0.644295228
1520616927.172907591 -31.159492302 -33.706088475 -264.513165100 0.348095631 -0.502787960 0.486869431 0.623692116
1520616927.222909451 -30.839941525 -32.810164350 -264.821721841 0.376933733 -0.528816014 0.464575983 0.602033006
1520616927.272910357 -30.494244166 -31.906072965 -265.072943067 0.399166881 -0.554406661 0.436440989 0.585506891
1520616927.322912693 -30.110203082 -30.988080559 -264.973936057 -0.418986363 0.579750542 -0.405057483 -0.569445495
1520616927.372913599 -29.773994647 -30.077384221 -265.213927865 -0.432342322 0.602076711 -0.375820289 -0.556185995
1520616927.422914743 -29.444591737 -29.139810052 -265.102355461 -0.444544895 0.625163783 -0.341482566 -0.543083546
1520616927.472916603 -29.171412195 -28.235177818 -264.775226345 -0.453738699 0.647675812 -0.303030490 -0.531798606
1520616927.522918463 -29.113806822 -27.403169806 -264.223461641 -0.463389014 0.666942558 -0.266857191 -0.518888702
1520616927.572919607 -28.360904408 -26.752758113 -264.122950032 -0.461034463 0.691421501 -0.235239890 -0.504029489
1520616927.622921467 -28.417313640 -25.833163332 -263.734152606 -0.472476567 0.707139495 -0.206213733 -0.483937520
1520616927.672922373 -28.300433372 -25.131845501 -263.030951140 -0.480834234 0.717920809 -0.183361955 -0.468792646
1520616927.722924709 -27.939539773 -24.245922419 -262.739581782 -0.489475527 0.726071468 -0.165525379 -0.453690732
1520616927.772925615 -27.734701045 -23.651555144 -261.961913063 -0.498441296 0.738256470 -0.148210613 -0.429612933
1520616927.822927475 -27.132758602 -22.935620264 -261.608214682 -0.502847304 0.755851680 -0.120225289 -0.401719686
1520616927.872929573 -26.536063193 -22.194454495 -261.300598216 -0.506075929 0.768636474 -0.087688130 -0.381308166
1520616927.922930479 -25.708962230 -21.817465007 -260.883725426 -0.506712068 0.782429387 -0.053626805 -0.358010196
1520616927.972932339 -25.172376882 -21.440356710 -260.128831064 -0.508870352 0.793558727 -0.012951920 -0.333388299
1520616928.022933483 -24.739235929 -21.021526852 -259.330726770 -0.509083297 0.799723733 0.019602747 -0.317634820
1520616928.072935581 -24.160621492 -20.671682956 -258.593967256 -0.500790734 0.810465188 0.047601797 -0.300148111
1520616928.122936726 -23.526700041 -20.234115628 -257.956253819 -0.490592161 0.820912715 0.073417371 -0.282898455
1520616928.172938585 -23.097440492 -20.029488776 -257.076558366 -0.484234057 0.830913291 0.096567345 -0.256466818
1520616928.222940445 -22.638517285 -20.014472940 -256.188209327 -0.479872010 0.835006431 0.132513319 -0.234365812
1520616928.272941589 -22.114746741 -20.011082619 -255.336356686 -0.472825013 0.841346378 0.154771255 -0.211231240
1520616928.322943687 -21.741102374 -20.285942768 -254.450443718 -0.465350999 0.849856303 0.168816767 -0.180813747
1520616928.372945547 -21.553649030 -20.464189915 -253.484478295 -0.462319062 0.853884483 0.180597661 -0.156610535
1520616928.418319702 -21.298451683 -20.552590432 -252.521638920 -0.461693734 0.855162981 0.190516231 -0.138703775
1520616928.468320847 -21.147243869 -20.599261621 -251.534239306 -0.461115940 0.855440777 0.194901062 -0.132690405
1520616928.518322706 -20.956621451 -20.459557287 -250.562567658 -0.456136765 0.857575231 0.197173977 -0.132764446
1520616928.568324804 -20.856053012 -20.406649122 -249.569045280 -0.447024475 0.861516871 0.200547532 -0.133185912
1520616928.618325949 -20.500461825 -20.265438983 -248.645132619 -0.433090049 0.866547434 0.207162770 -0.136426321
1520616928.668327808 -20.175847246 -20.203039145 -247.701346820 -0.412809802 0.873256171 0.215563998 -0.143331400
1520616928.718328714 -20.269884217 -19.688502850 -246.849050247 -0.397110874 0.880225301 0.216125354 -0.144208895
1520616928.768330812 -20.141530766 -19.325117681 -245.926295343 -0.385347424 0.885731278 0.213894669 -0.145727612
1520616928.816122770 -19.910872013 -19.005637994 -245.007203798 -0.371584605 0.890302081 0.219280689 -0.145612726
1520616928.866124868 -19.658734177 -18.726395790 -244.080677866 -0.358395321 0.894354055 0.226632691 -0.142552592
1520616928.916126728 -19.277997624 -18.683532375 -243.156988305 -0.340335726 0.900134742 0.235126327 -0.136545414
1520616928.966127634 -19.418047581 -18.730558665 -242.167961239 -0.327245368 0.903377610 0.243834302 -0.131773271
1520616929.016128778 -18.743616400 -18.936370329 -241.458888506 -0.307272378 0.905001178 0.260493193 -0.136747394
1520616929.066235781 -18.513629235 -19.483013113 -240.653725435 -0.287964950 0.905732643 0.278665730 -0.138094092
1520616929.116132736 -17.955339119 -19.738988041 -239.864555629 -0.265444520 0.905811761 0.293575700 -0.151187197
1520616929.166133881 -17.094488098 -19.755314337 -239.355960532 -0.245057710 0.900878349 0.307345139 -0.184130077
1520616929.215280056 -16.768214238 -20.173103250 -238.508023156 -0.221659026 0.898451480 0.323064992 -0.198194918
1520616929.265280962 -16.404692679 -20.384381876 -237.600712064 -0.202111652 0.895161663 0.332774051 -0.217020525
1520616929.315282822 -16.106449495 -20.745454495 -236.717152464 -0.186528993 0.894215982 0.339657146 -0.224093142
1520616929.365283966 -15.655380507 -21.019026131 -235.867625933 -0.178196327 0.892305281 0.344936626 -0.230339052
1520616929.415285826 -15.018469448 -21.338388343 -235.165947886 -0.172130856 0.891362949 0.346573107 -0.236072327
1520616929.465287685 -14.222620595 -21.723369547 -234.698599969 -0.168455938 0.887618042 0.354099460 -0.241599628
1520616929.515288830 -13.315270261 -22.143541717 -234.685534056 -0.157666933 0.878682585 0.369151298 -0.258428660
1520616929.565290928 -12.512357074 -22.242890667 -234.097775431 -0.155247709 0.873823872 0.370370734 -0.274145052
1520616929.614524603 -11.800411803 -22.483891906 -233.438190460 -0.150215979 0.869176706 0.371918325 -0.289212332
1520616929.664526463 -10.864032179 -22.694544776 -233.157444013 -0.151382101 0.856852973 0.380126058 -0.313672795
1520616929.714527607 -10.180337538 -23.013378506 -232.501009179 -0.148427919 0.849120182 0.386337688 -0.328187843
1520616929.764529467 -9.564424510 -23.561654438 -231.935284296 -0.144422395 0.841347157 0.392257400 -0.342653272
1520616929.814530611 -8.775442107 -24.161073802 -231.800365082 -0.146541432 0.828369819 0.400214214 -0.363534916
1520616929.864532471 -8.152622415 -24.747522264 -231.282510053 -0.138452866 0.818017243 0.409294328 -0.379679796
1520616929.914534569 -7.286536112 -25.242762560 -231.350565659 -0.139652508 0.803234272 0.414060028 -0.404803873
1520616929.964535713 -6.761669664 -25.998290768 -230.958529515 -0.131396075 0.796118780 0.415096228 -0.420267867
1520616930.014537573 -6.080576661 -26.414781789 -230.356327265 -0.126068204 0.794730379 0.405093946 -0.434061433
1520616930.064171791 -5.250933186 -26.926940778 -230.134100187 -0.119138641 0.784192989 0.401835098 -0.457576107
1520616930.114172697 -4.809756090 -27.791763876 -229.894425869 -0.105563952 0.771159066 0.400188475 -0.483755240
1520616930.164175034 -3.928672558 -28.257106842 -229.978970138 -0.103867833 0.752037759 0.398997637 -0.514248547
1520616930.214175940 -3.342427245 -29.024930800 -230.237355130 -0.105510129 0.732974853 0.402070856 -0.538474238
1520616930.264177799 -2.669233830 -29.722304452 -230.483283199 -0.123902991 0.712315143 0.405913749 -0.559007348
1520616930.314179897 -1.832318816 -30.169916204 -230.798270466 -0.150825870 0.688289621 0.408517706 -0.580191554
1520616930.364180803 -0.889115874 -29.838666247 -230.823601790 -0.182826130 0.660466872 0.400840601 -0.608017212
1520616930.414182901 -0.210331288 -30.492512419 -231.157872142 -0.208992092 0.631897056 0.403615018 -0.627792428
1520616930.464092970 0.253722046 -31.378207441 -231.171972950 0.232201203 -0.600322825 -0.414166951 0.643553296
1520616930.514094114 0.991677220 -31.900399122 -231.599451614 0.254841955 -0.563194860 -0.417031571 0.666297079
1520616930.564096212 1.787305860 -32.293272990 -232.060564607 0.275723802 -0.520047219 -0.418026748 0.691939964
1520616930.614098072 2.674970296 -32.751474166 -232.014700350 0.287462755 -0.485380753 -0.413112292 0.714918823
1520616930.664099216 3.440889353 -33.364744795 -231.821653374 0.299032639 -0.450267239 -0.413667987 0.732610190
1520616930.714184046 4.281516978 -33.836988089 -232.086854179 0.309901985 -0.403524719 -0.419305302 0.751872080
1520616930.764102221 5.232051557 -34.108423987 -232.237872613 0.327095438 -0.354771319 -0.419928729 0.768638893
1520616930.814104080 6.204196380 -34.342786158 -232.234903436 0.343729182 -0.305887731 -0.411461285 0.786754445
1520616930.864392042 6.943117607 -34.274457617 -232.905221742 0.364741708 -0.246620869 -0.403286701 0.802185434
1520616930.914393902 7.937080026 -34.361671841 -232.971797921 0.384945139 -0.199958569 -0.402881544 0.805928206
1520616930.964395046 8.784306565 -34.419199667 -233.499905620 0.397981430 -0.146699216 -0.404584271 0.810186207
1520616931.014396906 9.780747679 -34.436792021 -233.582341137 0.412292487 -0.104619538 -0.409942373 0.806856188
1520616931.064399004 10.620002513 -34.221697974 -234.081726634 0.419426970 -0.067462181 -0.421637926 0.801093834
1520616931.114400148 11.294688057 -33.691988121 -234.595737226 0.427494980 -0.046108589 -0.429784517 0.793981933
1520616931.164402008 12.139198251 -33.498931127 -235.095268537 0.431410073 -0.032105638 -0.449736530 0.781403628
1520616931.214402914 12.222471246 -32.784984554 -235.790499360 0.432496887 -0.016220465 -0.468967879 0.769904193
1520616931.265215635 12.669612266 -32.754649065 -236.684448277 0.418488826 -0.003366013 -0.504848140 0.754972932
1520616931.315216780 12.965134252 -31.955443216 -237.207837965 0.403191942 0.010821833 -0.529542644 0.746259830
1520616931.365218639 13.573795199 -31.481438506 -237.844117296 0.373356260 0.019413914 -0.556226783 0.742185940
1520616931.415219784 14.102348028 -31.200697417 -238.645251709 0.341372861 0.027396170 -0.583272541 0.736550855
1520616931.465221643 14.533748387 -30.834233373 -239.469628949 0.316604941 0.036493994 -0.604285765 0.730252158
1520616931.515223742 14.725592928 -31.066068549 -240.423278845 0.284964257 0.032007430 -0.626521596 0.724735528
1520616931.565224886 14.351711219 -31.247426688 -241.332851103 0.251564179 0.034889357 -0.644941953 0.720796833
1520616931.615226746 14.742413051 -30.858401027 -242.167123909 0.241028509 0.036066262 -0.657180379 0.713245002
1520616931.666054964 14.931309232 -30.432993099 -243.052192453 0.230891969 0.040625872 -0.671435017 0.703003169
1520616931.716056108 14.643131754 -30.468537804 -244.009109542 -0.204270872 -0.038952087 0.691909663 -0.691387853
1520616931.766057968 14.728444590 -30.203273665 -244.969503553 -0.183105056 -0.044024942 0.706398684 -0.682301430
1520616931.816060066 14.908932069 -29.563630038 -245.716685125 -0.169847078 -0.036431815 0.722376931 -0.669325229
1520616931.866061211 15.091318125 -29.099356954 -246.583394897 -0.153887577 -0.029717960 0.736080917 -0.658498550
1520616931.916063070 15.025481136 -28.799593591 -247.535134051 -0.125137351 -0.027218818 0.750234111 -0.648651338
1520616931.966063976 14.749872029 -29.185835266 -248.415393665 -0.087842450 -0.009457616 0.758799621 -0.645304108
1520616932.016065121 14.543027616 -29.679344196 -249.260180221 -0.050567383 0.016728441 0.765239556 -0.641538402
1520616932.066485643 14.172687371 -29.640645017 -250.188269913 -0.016687938 0.021272694 0.765469425 -0.642903994
1520616932.116487503 14.387861362 -29.304303327 -251.105098371 0.010576304 0.029887001 0.768591519 -0.638953821
1520616932.166488409 14.794071588 -29.307094150 -252.018873761 0.025252800 0.044429998 0.767331211 -0.639211298
1520616932.216489553 14.654305673 -29.325814650 -253.008881353 0.076577696 0.043879057 0.767475706 -0.634973641
1520616932.266491413 14.516384129 -29.284733830 -253.998472185 0.142557268 0.042619336 0.766982342 -0.624178744
1520616932.316493511 14.095063694 -29.293180617 -254.905344691 0.213573976 0.032910400 0.766410789 -0.604911204
1520616932.366553545 14.262638037 -29.048417202 -255.860336686 0.261874441 0.024978683 0.770298335 -0.580894412
1520616932.416496515 13.948141531 -29.159748868 -256.803044068 0.315547046 0.020055128 0.766356198 -0.559219126
1520616932.466497660 13.863047433 -29.102585143 -257.797775842 0.362008125 0.022516014 0.756642640 -0.543999137
1520616932.516465902 13.213310350 -29.053596546 -258.556354672 0.414528574 0.016582052 0.739614361 -0.529963860
1520616932.566466808 12.738862914 -29.000181757 -259.435016434 0.453834901 0.017304951 0.727634226 -0.514084482
1520616932.616468906 12.409542832 -29.210365478 -260.355544047 0.490995001 0.015090707 0.717183142 -0.494312169
1520616932.666471004 11.887558000 -29.445721496 -261.175385117 0.521420458 0.010031220 0.708156028 -0.475957058
1520616932.716471910 11.138344950 -29.817252302 -261.723695857 0.557352684 0.006673266 0.693423288 -0.456593470
1520616932.766473770 10.505089073 -30.363124122 -262.272340504 0.587323037 0.002304654 0.682097611 -0.435648008
1520616932.816474915 9.707060078 -30.810342009 -262.676253720 0.613315560 -0.001968913 0.669310605 -0.419360777
1520616932.866477013 8.931525005 -31.195031778 -263.176812540 0.634562428 -0.008909488 0.661520706 -0.399551626
1520616932.915743589 8.060004016 -31.671763248 -263.062015893 0.664244739 -0.018395791 0.643720943 -0.379557465
1520616932.965745449 7.128518671 -31.993233672 -263.232285734 0.681402984 -0.031758865 0.634396169 -0.363624599
1520616933.015746355 6.280537607 -32.496526485 -263.066079660 0.709687896 -0.031678485 0.608873300 -0.353005478
1520616933.065748692 5.584698648 -32.975785274 -263.600980731 0.723818617 -0.038500969 0.602621502 -0.333843693
1520616933.115750551 4.634129358 -32.690485554 -263.723545383 0.741608090 -0.062005325 0.591349709 -0.310609564
1520616933.165751457 3.667708332 -32.887835276 -263.888116003 0.758862951 -0.074747778 0.580484338 -0.285618144
1520616933.215753555 2.881963142 -33.157431539 -263.331409302 0.784259779 -0.090608705 0.554899749 -0.262322188
1520616933.265754461 1.886653596 -33.246296876 -263.369643572 0.797180316 -0.105567744 0.541566841 -0.245080298
1520616933.314913273 0.901611205 -33.138785583 -263.234985450 0.808922701 -0.120783301 0.529236167 -0.225753268
1520616933.364915371 -0.011436747 -33.175709293 -262.828808055 0.822121329 -0.134968106 0.509493278 -0.215213222
1520616933.414917231 -0.845115707 -33.673165876 -262.588982412 0.832651782 -0.138123710 0.494886070 -0.206641306
1520616933.464918375 -1.735654725 -33.897702302 -262.193351711 0.848159044 -0.145771912 0.471455915 -0.192629454
1520616933.514920235 -2.664009612 -33.804831648 -261.833445828 0.864508615 -0.157942062 0.445364437 -0.171259096
1520616933.564921141 -3.446079784 -34.226365702 -261.374452050 0.883828303 -0.158965513 0.409965642 -0.159704943
1520616933.614923477 -4.349424301 -34.236241174 -260.945650045 0.893464043 -0.166444473 0.390364358 -0.147084703
1520616933.664924145 -5.069241107 -34.038742145 -260.280174351 0.907028593 -0.176515929 0.358925224 -0.131582450
1520616933.714437246 -5.796858088 -33.916322117 -259.605202599 0.919333313 -0.182562891 0.330447926 -0.110910863
1520616933.764438152 -6.753976957 -33.831415766 -259.328228988 0.927865707 -0.185737105 0.307408110 -0.100335498
1520616933.814439297 -7.424869197 -34.255009495 -258.719564913 0.935839106 -0.184970393 0.285233439 -0.092913978
1520616933.864441156 -7.541209306 -33.813358258 -257.829953108 0.945665508 -0.191384541 0.254537132 -0.065570971
1520616933.914443016 -8.158177795 -33.582042085 -257.077727934 0.953104903 -0.190103162 0.231512621 -0.043055066
1520616933.964444160 -8.310042138 -33.791212290 -256.111712900 0.964809695 -0.177823891 0.192012757 -0.025534652
1520616934.014484167 -8.885316531 -33.622287113 -255.311385681 0.971659311 -0.163170034 0.171035492 -0.000763756
1520616934.064447165 -9.316713334 -33.652439726 -254.409727420 0.977678077 -0.157406233 0.138179611 0.016590685
1520616934.114621639 -9.738651037 -33.681620416 -253.503572322 0.981176597 -0.152284361 0.112487367 0.038059829
1520616934.164622784 -10.074218835 -33.576605706 -252.567428015 0.983661160 -0.146754216 0.082335230 0.063990875
1520616934.214624643 -10.401691028 -33.269132343 -251.673995257 0.982693319 -0.150469053 0.050570762 0.095475139
1520616934.264626503 -10.503173248 -33.406911143 -250.688744851 0.982085086 -0.150300220 0.016633248 0.112436931
1520616934.314627647 -10.274500891 -33.025403398 -249.793110555 0.976810474 -0.145636640 -0.029560356 0.154134526
1520616934.364629507 -10.582512228 -32.800468772 -248.868700780 0.971372197 -0.144341423 -0.053483140 0.180945193
1520616934.414630413 -10.573502868 -32.484563771 -247.919952731 0.963840418 -0.145198853 -0.080386267 0.208487386
1520616934.464632750 -10.763227757 -31.859677562 -247.162640581 0.951959957 -0.152983590 -0.104176500 0.243958027
1520616934.514633656 -10.365437055 -31.797172040 -246.247296046 0.941420693 -0.160694238 -0.142442010 0.260028297
1520616934.566385984 -10.150901125 -31.415610320 -245.348193722 0.927409683 -0.163247412 -0.178271744 0.285448329
1520616934.616386890 -9.628705532 -31.151439756 -244.537314153 0.909646784 -0.171069086 -0.227346478 0.302641165
1520616934.666388750 -9.035789649 -30.816796534 -243.804876668 0.887885802 -0.180158825 -0.270273569 0.325812521
1520616934.716391087 -8.438640562 -30.362162344 -243.144028182 0.862097905 -0.184677428 -0.310129199 0.355670254
1520616934.766391993 -7.751010327 -29.892398583 -242.590415801 0.831365366 -0.192497100 -0.348196217 0.387989548
1520616934.816393852 -7.378836325 -29.141464281 -242.044903027 0.804608734 -0.194022816 -0.375250504 0.417309227
1520616934.866394997 -6.477037135 -28.833464755 -241.741761951 0.770022450 -0.203991981 -0.418748564 0.436007268
1520616934.916396856 -5.986787184 -28.407374804 -240.981431537 0.745556536 -0.216107214 -0.442508290 0.449031777
1520616934.967000484 -5.261485344 -27.790425298 -240.675963783 0.715745308 -0.225562324 -0.462476976 0.472170878
1520616935.017002344 -4.684352505 -26.983811606 -240.548323520 0.688957436 -0.231803200 -0.473333266 0.497554566
1520616935.067003489 -3.971415119 -26.348177296 -240.252199714 0.661014873 -0.248238498 -0.484801183 0.516144164
1520616935.117005348 -3.168278381 -25.855034224 -239.917862622 0.634207041 -0.264865850 -0.495580959 0.531062166
1520616935.167006493 -2.369192070 -25.254327191 -239.893121404 0.606837615 -0.275252989 -0.501895964 0.551438430
1520616935.217008591 -1.652690623 -24.566684556 -239.775761772 0.571531734 -0.293802736 -0.507183502 0.574278962
1520616935.267009258 -0.938160281 -23.943647714 -240.093993581 0.536328059 -0.307948070 -0.511638092 0.596445020
1520616935.317011595 -0.045562651 -23.499883264 -240.014353247 0.504458601 -0.324066514 -0.515173844 0.612452713
1520616935.366678476 0.810609890 -23.032804979 -240.235275079 0.472093766 -0.335302176 -0.514029723 0.632829654
1520616935.416680336 1.666422197 -22.902055109 -240.735764607 0.438091620 -0.336070307 -0.517481533 0.653716562
1520616935.466681480 2.632880129 -22.757686257 -240.948171530 0.404016822 -0.341730968 -0.516395744 0.673294727
1520616935.516683340 3.505476394 -22.292525522 -241.097172358 0.378031056 -0.346881504 -0.504499362 0.694439440
1520616935.566684246 4.365776547 -21.869217540 -241.381239253 0.354870710 -0.343945234 -0.493822839 0.715477085
1520616935.616686344 5.221018027 -22.115439352 -241.837240162 0.325473678 -0.334721259 -0.495644846 0.732369272
1520616935.666701317 4.472122701 -22.280673397 -241.195482029 0.304398111 -0.311112567 -0.490480824 0.754969749
1520616935.716689348 5.093542690 -22.514255918 -241.943329877 0.279254528 -0.283758171 -0.490816605 0.774982109
1520616935.765532970 4.738762882 -22.876653737 -241.081471937 0.262352839 -0.249206714 -0.490694956 0.792644600
1520616935.815534830 5.521785003 -23.492670191 -241.167495692 0.249317501 -0.229371345 -0.493812787 0.800861100
1520616935.865536928 5.194458606 -23.545294772 -240.224050896 0.248054380 -0.189199404 -0.499236133 0.808353817
1520616935.915538073 6.169293179 -23.582884465 -240.443788403 0.266242809 -0.195124175 -0.507831672 0.795706174
1520616935.965539932 6.359753244 -23.385372374 -241.405408878 0.281803862 -0.163667182 -0.514091060 0.793416674
1520616936.015540838 5.941257437 -23.979821331 -240.718756348 0.313600088 -0.119335224 -0.511946593 0.790774794
1520616936.065542936 6.549085583 -24.407739793 -241.387658983 0.336656024 -0.111591664 -0.520811310 0.776508597
1520616936.115543842 6.631893042 -23.815862645 -242.189422269 0.382508111 -0.077297915 -0.525236279 0.756200654
1520616936.165092707 6.566096267 -23.885561683 -241.194026454 0.414448036 -0.031411591 -0.544845734 0.728278287
1520616936.215093613 6.782552622 -24.142097017 -242.136011735 0.437972128 -0.024619919 -0.547492582 0.712619217
1520616936.265095472 6.976860637 -25.116830581 -242.025835183 0.474441661 0.009911588 -0.548560504 0.688395413
1520616936.315097809 7.197206279 -24.159814406 -242.214429557 0.510204180 0.043803963 -0.548662723 0.660864679
1520616936.365098476 7.756588171 -23.409734692 -242.567235910 0.560923581 0.039352360 -0.546153161 0.620912919
1520616936.415100574 8.144218817 -22.884550447 -243.324813622 0.573286651 0.024093088 -0.553692848 0.603478391
1520616936.465101719 8.421352131 -22.149653763 -243.943783727 0.578950362 0.022298970 -0.560539275 0.591705126
1520616936.515103579 8.421352131 -22.149653763 -243.943783727 0.578950362 0.022298970 -0.560539275 0.591705126
1520616936.570525169 8.421352131 -22.149653763 -243.943783727 0.578950362 0.022298970 -0.560539275 0.591705126
1520616936.620527267 8.918757262 -21.320765606 -244.199777003 0.590206616 0.007177847 -0.558981718 0.582360771
1520616936.670529127 9.408337888 -20.450458752 -244.253412734 0.599133547 -0.007739931 -0.555266844 0.576764959
1520616936.720531225 9.929037081 -19.606901751 -244.384881118 0.599889438 -0.019472152 -0.553288106 0.577603470
1520616936.770532131 10.683160080 -19.091013062 -244.791276694 0.584560897 -0.042029373 -0.560478001 0.585138017
1520616936.820534229 11.063814427 -18.215920423 -245.090133082 0.569566087 -0.060873518 -0.561767698 0.596913679
1520616936.870535374 11.631262121 -17.653565060 -245.691597594 0.552853641 -0.088993991 -0.561089084 0.609599837
1520616936.920537233 12.401135271 -17.077864734 -245.967032645 0.543284515 -0.112046897 -0.561431778 0.614069856
1520616936.970538139 13.000931746 -16.277896920 -245.949837155 0.537451584 -0.124634463 -0.562423741 0.615866529
1520616937.023215532 13.747680814 -15.714175034 -246.302800986 0.522719828 -0.144295417 -0.571907320 0.615519968
1520616937.073216677 14.522081920 -15.082259723 -246.271400880 0.510710538 -0.154108421 -0.583535338 0.612300457
1520616937.123218536 15.263364688 -14.411259434 -246.255323916 0.500068046 -0.163860400 -0.597074501 0.605461608
1520616937.173219442 16.205324466 -14.424923328 -246.590771490 -0.481724690 0.175572325 0.611166816 -0.602984912
1520616937.223221540 17.025799950 -13.854007161 -246.620346996 0.469835720 -0.180976349 -0.610403092 0.611481826
1520616937.273223400 17.843172173 -14.409096094 -246.774551162 -0.449963454 0.184187633 0.619380058 -0.616422055
1520616937.323225498 18.708936782 -14.235429672 -247.243903498 0.432809538 -0.172486174 -0.622881002 0.628445448
1520616937.373225451 19.671037411 -14.337734104 -247.496680441 0.415735448 -0.166561844 -0.631209718 0.633242040
1520616937.423227549 20.447822187 -14.638734737 -248.049856752 -0.392518719 0.157698947 0.645355184 -0.636063505
1520616937.473229647 20.918216717 -13.819813157 -248.378636969 -0.384029816 0.137622583 0.651574236 -0.639556205
1520616937.523230553 21.510882940 -14.442546404 -248.889469674 -0.376825601 0.135197359 0.666438640 -0.628954434
1520616937.573232412 21.686469224 -14.247257346 -249.854369482 -0.374740994 0.123406552 0.675482772 -0.622947057
1520616937.623233557 21.998517027 -14.678879395 -250.700731447 -0.371869483 0.126467764 0.684842634 -0.613766697
1520616937.673235655 22.233877798 -15.080492616 -251.585780671 -0.366067034 0.131942813 0.696105845 -0.603342915
1520616937.723236561 22.840550859 -14.952571049 -252.370372201 -0.380138028 0.128065196 0.698424138 -0.592704065
1520616937.773238659 23.466972881 -15.023548268 -253.146618093 -0.386262143 0.129356043 0.702193674 -0.583945729
1520616937.823239565 23.943337841 -15.322415108 -253.973512909 -0.389498877 0.129253381 0.706915351 -0.576068464
1520616937.873241425 24.332361587 -15.250509437 -254.891930080 -0.390155003 0.124278632 0.710343840 -0.572490633
1520616937.923243523 24.487328565 -14.984448129 -255.843348293 -0.379529196 0.112611980 0.713781901 -0.577746942
1520616937.973244429 25.372022519 -15.074608010 -256.300718825 -0.381460532 0.108052109 0.721282457 -0.567947376
1520616938.023246527 26.313977945 -14.749376070 -256.384050451 -0.388058572 0.104787380 0.721428327 -0.563889457
1520616938.073248625 26.870855583 -14.901575801 -257.200581246 -0.360709715 0.104273566 0.739137817 -0.559187637
1520616938.123249531 27.078186848 -15.195216714 -258.133741875 -0.331759276 0.097138514 0.754774539 -0.557508104
1520616938.173250675 27.818219258 -14.683928151 -258.570704160 -0.322590208 0.091594566 0.762262812 -0.553625685
1520616938.223252535 28.633924239 -14.156485970 -258.808254428 -0.311900647 0.086866977 0.770981402 -0.548415711
1520616938.273254395 29.558517701 -13.958698814 -259.133841852 -0.307419971 0.090991784 0.775409388 -0.544016303
1520616938.323255539 29.468011527 -13.739714613 -260.105363624 -0.262479439 0.078446525 0.782376152 -0.559319446
1520616938.373257637 30.002935286 -13.920436217 -260.930709777 -0.201000382 0.081357510 0.805630882 -0.551306343
1520616938.423259497 30.718872966 -13.248944335 -261.121842957 -0.179170207 0.071906950 0.808178120 -0.556395141
1520616938.473260641 31.406219020 -12.624083150 -261.492118397 -0.155234482 0.063261876 0.811118502 -0.560345399
1520616938.523262501 32.019839531 -11.952401039 -261.907224419 -0.132739008 0.064406573 0.814382825 -0.561259978
1520616938.573263407 32.545503319 -11.298277683 -262.451099605 -0.101141464 0.076727777 0.813686770 -0.567271622
1520616938.623264551 33.056042241 -10.777663607 -263.135432121 -0.064156525 0.097123351 0.811013950 -0.573330068
1520616938.673266411 33.317661348 -10.086617010 -263.809234795 -0.025906281 0.122664779 0.806917330 -0.577205890
1520616938.723268509 33.714508950 -9.790273477 -264.677965185 0.008358430 0.151844769 0.804999114 -0.573454209
1520616938.773270607 33.619307478 -9.228999613 -265.500101628 0.037513740 0.180886202 0.797054065 -0.574958884
1520616938.823271513 33.941970376 -8.934847636 -266.399747819 0.070549964 0.214795947 0.789147212 -0.571079750
1520616938.873275518 34.658882388 -9.324366678 -266.977945089 0.104213358 0.257363165 0.784899139 -0.553928803
1520616938.923274517 34.721374563 -9.118541433 -267.954536455 0.142551026 0.269898938 0.778250724 -0.548780082
1520616938.973276615 34.574837214 -9.103170411 -268.943622163 0.186903893 0.276592418 0.769781459 -0.544058889
1520616939.023277760 34.488593524 -8.963276192 -269.930025546 0.226706076 0.287413979 0.753693279 -0.545842469
1520616939.073279619 34.332932739 -9.279294003 -270.865922155 0.262039441 0.306883050 0.742168879 -0.535110718
1520616939.123280525 34.634639728 -9.725435772 -271.708495840 0.293035772 0.334652449 0.720381110 -0.532154895
1520616939.173282623 34.548627751 -10.187963791 -272.590918512 0.328021749 0.358295596 0.697098084 -0.527333158
1520616939.223283529 34.326109262 -10.528318382 -273.504507191 0.357725145 0.369455454 0.680332271 -0.522190950
1520616939.273285389 34.638882369 -11.378421720 -273.928178405 0.383332137 0.389236008 0.662034344 -0.513090958
1520616939.323286533 34.169334987 -12.146279011 -274.363977024 0.417414015 0.385681213 0.650917682 -0.503310752
1520616939.373288631 34.144398622 -13.046754738 -274.798167815 0.448412475 0.381151840 0.640325752 -0.493591388
1520616939.423289537 34.444792536 -13.997773428 -274.871153763 0.479088928 0.377668992 0.629562300 -0.481135367
1520616939.473291636 34.338243831 -14.986402538 -274.977266227 0.506817115 0.359905456 0.625324878 -0.471776718
1520616939.523293495 34.276597260 -15.975323906 -275.112300403 0.527906384 0.340851670 0.620940318 -0.468580954
1520616939.573294401 34.450939821 -16.957737874 -275.045461292 0.539301770 0.329178680 0.613017042 -0.474347029
1520616939.623296499 34.600162496 -17.944107355 -275.114799881 0.538584026 0.308596216 0.615168768 -0.486068936
1520616939.673298597 34.376648758 -18.908203446 -274.971411123 0.536802179 0.299120373 0.622410819 -0.484742402
1520616939.723299503 34.261012304 -19.884014215 -274.785880655 0.528661151 0.299850242 0.632646224 -0.479964556
1520616939.773300648 33.977435522 -20.809605686 -274.535152441 0.519483490 0.294655046 0.643298605 -0.479043016
1520616939.823302507 33.572959404 -21.724142679 -274.530552564 0.503120200 0.283038786 0.660955550 -0.479475622
1520616939.871281385 32.891854155 -22.451916226 -274.610810294 0.489055887 0.271754098 0.678054104 -0.476672510
1520616939.921282291 32.323584507 -23.148404646 -275.048958087 0.467428919 0.267153706 0.695460460 -0.475892689
1520616939.971284628 31.650561194 -23.856214234 -275.263539557 0.448419341 0.260539453 0.713127854 -0.471686285
1520616940.021286488 30.964363366 -23.824194781 -275.990249468 0.422692862 0.244433573 0.739520456 -0.463349187
1520616940.071287394 30.227411698 -24.079578530 -276.616094002 0.402892668 0.241048192 0.755405412 -0.457095101
1520616940.121289492 29.450578978 -24.441835113 -277.131167873 0.386207656 0.247201726 0.762146456 -0.457020494
1520616940.171291590 28.839516539 -24.767693212 -277.852568729 0.364362034 0.257888841 0.770497267 -0.455046828
1520616940.221292496 28.080351193 -25.377820593 -278.079312097 0.349947926 0.271198279 0.777364322 -0.446869840
1520616940.268473387 27.795879528 -25.994884207 -278.813007108 0.325898785 0.285502029 0.782965461 -0.446367182
1520616940.318474293 27.259930282 -26.204592448 -279.630797338 0.313076741 0.297021379 0.780760039 -0.451857296
1520616940.368476152 26.782430111 -26.682655977 -280.367987170 0.314230484 0.302634390 0.776364328 -0.454895658
1520616940.418477297 26.578852807 -27.264135439 -281.155665986 0.311940474 0.306345007 0.777625633 -0.451823253
1520616940.468478203 26.382273369 -28.122967897 -281.628702277 0.316784286 0.308361897 0.784754887 -0.434419640
1520616940.518480301 26.002212838 -28.785454665 -282.274198423 0.332774404 0.311138136 0.784218975 -0.421253908
1520616940.568482399 25.905419718 -29.458318274 -283.007605306 0.346379382 0.314854382 0.780585043 -0.414216167
1520616940.618483305 26.321738444 -30.041108065 -283.705484076 0.356691389 0.320587523 0.776328044 -0.409035037
1520616940.667239189 25.906001405 -30.649595577 -284.381432049 0.387178636 0.310509882 0.766808518 -0.407039328
1520616940.717152119 25.884461210 -31.335603890 -285.108706836 0.406687546 0.305397888 0.757089483 -0.410064488
1520616940.767154217 25.650911329 -32.249332444 -285.441204327 0.432330817 0.300338110 0.743077501 -0.413186292
1520616940.817155123 25.601524121 -32.673766377 -286.345315349 0.447307326 0.282690082 0.736921886 -0.420652597
1520616940.867156982 25.185102814 -33.057985275 -287.169311182 0.465584403 0.268231643 0.729241256 -0.423662767
1520616940.917158127 24.741126841 -33.582507289 -287.895783475 0.485543584 0.254299826 0.722615541 -0.421195687
1520616940.967160225 24.291665419 -34.397739543 -288.260996842 0.506863233 0.255667883 0.707485603 -0.420936714
1520616941.017161131 24.405822332 -35.128441123 -288.934081830 0.510008186 0.264629343 0.697348596 -0.428448243
1520616941.066149235 23.906628567 -35.786569695 -289.497706144 0.523352088 0.264432073 0.685431115 -0.431697183
1520616941.116151333 23.502099939 -36.544508146 -290.009454025 0.530260219 0.269635686 0.678053922 -0.431698479
1520616941.166152239 23.072366779 -37.203364278 -290.626898766 0.533463282 0.268632375 0.674533623 -0.433887042
1520616941.216154099 22.597894559 -38.055624653 -290.847190313 0.542185856 0.269776551 0.668232736 -0.432111236
1520616941.266155243 22.393541845 -38.888875765 -291.360933977 0.545818072 0.268875396 0.664855251 -0.433308377
1520616941.316157341 22.198258637 -39.821720328 -291.663697071 0.548805513 0.270759453 0.665035074 -0.428053943
1520616941.366159439 21.677000223 -40.667896695 -291.774490666 0.568218505 0.264615557 0.661556110 -0.411642867
1520616941.416160345 21.168206931 -41.527037392 -291.829323592 0.582333092 0.253773150 0.660006780 -0.401096507
1520616941.466162205 20.526157420 -42.291898055 -291.881864931 0.587560859 0.240639456 0.661451540 -0.399182601
1520616941.515747070 19.924245009 -43.088632279 -291.827864693 0.584011152 0.239202523 0.665807789 -0.398011452
1520616941.565749168 19.193150707 -43.757764325 -291.694585194 0.569675780 0.243372743 0.680721934 -0.390969132
1520616941.615750313 18.390750594 -44.326798587 -291.514712828 0.558398271 0.254610288 0.689585736 -0.384495104
1520616941.665752172 17.524898439 -44.731117829 -291.220050315 0.545730335 0.266193493 0.695421781 -0.384327948
1520616941.715754032 17.143194628 -45.648148838 -291.335619903 0.526577259 0.270051803 0.700861548 -0.398222934
1520616941.765755892 16.660786278 -46.519954207 -291.420693881 0.500787713 0.277329983 0.706083123 -0.416828946
1520616941.815757036 16.306684806 -47.453471860 -291.476880529 0.477428303 0.275122791 0.714154707 -0.431685905
1520616941.865759134 16.036504349 -48.414800157 -291.530269915 0.453751520 0.275809472 0.721719200 -0.444027127
1520616941.916065216 15.591530319 -49.310317654 -291.523448931 0.441472039 0.274513765 0.729907073 -0.443824624
1520616941.966066122 15.932023704 -50.136771498 -291.971821876 0.418625845 0.270104519 0.737059577 -0.456660848
1520616942.016067982 15.538157351 -50.949741286 -292.400715126 0.403708681 0.260626975 0.746249759 -0.460656248
1520616942.066070080 14.904196975 -50.971777428 -293.173766645 0.380627521 0.242026012 0.766150956 -0.457775941
1520616942.116070986 14.668404500 -51.595846075 -293.918709752 0.340754256 0.235773722 0.778802336 -0.470918475
1520616942.166072845 14.148930434 -52.251856800 -294.466246622 0.309086477 0.227482291 0.789125617 -0.479581190
1520616942.216076136 13.999351847 -53.214285769 -294.692866845 0.280348184 0.229326926 0.794450588 -0.487506225
1520616942.266076088 13.877903934 -53.222191206 -295.685433170 0.243002826 0.209811949 0.804923623 -0.499025584
1520616942.317450047 13.876630781 -53.513336163 -296.642111273 0.210502723 0.195090707 0.813276287 -0.506171809
1520616942.367390156 13.882918791 -53.720237072 -297.620452969 0.179760481 0.171913364 0.825469060 -0.506688066
1520616942.417391062 13.965041840 -53.915672716 -298.597725047 0.148428313 0.149303734 0.836157811 -0.506475612
1520616942.467393160 14.203032854 -53.860039794 -299.567397804 0.131098369 0.133907771 0.842473355 -0.505094618
1520616942.517394066 14.059509636 -53.456277335 -298.663861992 0.135295927 0.124826720 0.849347539 -0.494693905
1520616942.567395926 14.835592903 -53.536961161 -299.289309737 0.114430254 0.119616619 0.855712787 -0.490258307
1520616942.617397070 15.286146038 -53.038914267 -300.030222124 0.098639087 0.103184887 0.865322543 -0.480458225
1520616942.667398930 15.366263833 -53.057614020 -299.033612141 0.118309062 0.085436043 0.872936670 -0.465494596
1520616942.716712475 15.311741159 -53.343171278 -299.990421595 0.115188006 0.077940932 0.882523861 -0.449231086
1520616942.766713381 15.292544888 -53.040381309 -299.037557628 0.122842972 0.072269728 0.889186433 -0.434780609
1520616942.816715717 15.742787398 -52.860921894 -299.912243858 0.115662179 0.061971058 0.899350230 -0.417074348
1520616942.866716623 16.423102999 -52.549879903 -300.575888012 0.122525419 0.053520485 0.904785894 -0.404333483
1520616942.916718483 16.941863218 -52.224322304 -301.366394232 0.154102506 0.046114182 0.902700725 -0.399070547
1520616942.966719627 16.970396413 -52.078340785 -302.355269984 0.207336752 0.040302807 0.887035432 -0.410554865
1520616943.016721487 17.257976748 -51.814048911 -303.275839023 0.257295621 0.038287716 0.866873386 -0.425280551
1520616943.066723347 17.076615771 -51.876980859 -304.257239944 0.307993407 0.040763147 0.845398758 -0.434487476
1520616943.117306709 16.501463709 -51.951283775 -305.071905017 0.360174807 0.044664366 0.818991827 -0.444445261
1520616943.167308807 16.353305566 -52.398551481 -305.953948533 0.400905815 0.064379674 0.792375239 -0.455270541
1520616943.217309713 15.823188100 -52.316208249 -306.797865036 0.444798946 0.069403529 0.760618868 -0.467756331
1520616943.267311811 15.231942460 -52.654505506 -307.529974016 0.490370519 0.086484814 0.721670028 -0.480884083
1520616943.317313910 14.449389738 -53.070376579 -307.993290850 0.532869351 0.106121658 0.681710757 -0.489958051
1520616943.367315769 13.659387849 -53.414177843 -308.500930196 0.570577777 0.121719085 0.645422671 -0.493006126
1520616943.417316675 12.996289794 -54.023327664 -308.935944525 0.603777822 0.136609165 0.608416406 -0.496608251
1520616943.467318773 12.540193600 -54.498613318 -309.688327279 0.633523620 0.143826886 0.572160196 -0.500594007
1520616943.516673803 11.988137770 -55.328612773 -309.767921652 0.667014092 0.144724226 0.529451088 -0.503814098
1520616943.566674948 11.501333900 -56.121786108 -310.133842482 0.689994822 0.137944604 0.497007869 -0.507800757
1520616943.616675854 11.034827195 -57.004345033 -310.192674765 0.707051951 0.130017969 0.467464065 -0.514441653
1520616943.666677952 10.662677668 -57.780221427 -309.683243168 0.723850948 0.122359263 0.437116485 -0.519612542
1520616943.716679096 10.192876003 -58.662676011 -309.706913840 0.719692068 0.107143123 0.427949250 -0.536118568
1520616943.766680956 9.816676275 -59.586647206 -309.637986367 0.714519302 0.082625743 0.424773380 -0.549729688
1520616943.816681862 9.366379029 -60.341232714 -309.160667709 0.716604980 0.054741036 0.412569446 -0.559702754
1520616943.866683960 9.165622160 -61.280070514 -308.880881601 0.717174495 0.012309319 0.405543937 -0.566606866
1520616943.916684866 9.093000394 -62.252427125 -308.658961124 0.717418266 -0.032940126 0.398590119 -0.570396262
1520616943.965535164 9.110962071 -63.228795322 -308.443595100 0.716359093 -0.080524293 0.393542678 -0.570499473
1520616944.015502930 8.795548162 -64.161159973 -308.266930950 0.715291734 -0.129496838 0.400014216 -0.558190765
1520616944.065505028 8.457912113 -65.101564794 -308.226425752 0.706562840 -0.168730115 0.415638906 -0.547305583
1520616944.115505934 7.973638514 -65.974450390 -308.286006096 0.691072304 -0.204252888 0.445710074 -0.531076603
1520616944.165508032 7.182795553 -66.580179771 -308.198488507 0.672747788 -0.239379977 0.480631121 -0.509020005
1520616944.215509176 6.305912880 -67.035364042 -308.043943829 0.650801608 -0.267343848 0.518456779 -0.485990846
1520616944.265511036 5.349117851 -67.266456353 -308.220408038 0.623021203 -0.289472071 0.556362651 -0.467451710
1520616944.315512896 4.387353296 -67.358784528 -307.962562256 0.609040832 -0.314696247 0.579994447 -0.440047701
1520616944.365164280 3.530106097 -67.780008560 -308.258699985 0.591875976 -0.328028972 0.600279352 -0.426315051
1520616944.415166616 2.533356545 -67.701751671 -308.277836066 0.583519934 -0.341706091 0.621368292 -0.395781353
1520616944.465167522 1.593116700 -67.422526258 -308.082945832 0.586034491 -0.349625987 0.639908373 -0.353330607
1520616944.515169382 0.651163866 -67.167873858 -308.301754000 0.587340504 -0.344574102 0.659447704 -0.318478487
1520616944.565170527 -0.234637212 -66.729137844 -308.452972912 0.587190058 -0.330896215 0.686031241 -0.274001218
1520616944.615172386 -1.184482935 -66.490250533 -308.654779637 0.595788152 -0.302477436 0.705008910 -0.237710571
1520616944.665174484 -1.896803379 -66.069240789 -309.216340302 0.596917948 -0.276450947 0.725992831 -0.200495006
1520616944.715175629 -2.608723088 -65.625267533 -309.760452493 0.603657439 -0.261065291 0.736991241 -0.155841333
1520616944.766014099 -3.308403765 -65.308665712 -310.400929063 0.616488059 -0.239612295 0.740724633 -0.117709126
1520616944.816015005 -4.159244257 -64.996709313 -310.823721756 0.636200937 -0.222984750 0.734855396 -0.074254399
1520616944.866017103 -4.905550566 -64.631173331 -311.379968410 0.654332587 -0.209245773 0.725555621 -0.040424165
1520616944.916018963 -5.667691557 -64.265498823 -311.914218599 0.676144348 -0.192907050 0.710993596 -0.010188080
1520616944.966019869 -6.441984158 -63.932686998 -312.452463206 0.701191481 -0.177697928 0.690327377 0.014214995
1520616945.016022205 -7.259648668 -63.632712334 -312.943828599 0.726062566 -0.160630040 0.667724926 0.034271906
1520616945.066024065 -8.198708883 -63.509856604 -313.264877477 0.753662551 -0.141884972 0.640105457 0.046113094
1520616945.116024971 -9.168766194 -63.448644583 -313.499913437 0.778567103 -0.125434739 0.611769830 0.061944067
1520616945.167651892 -10.125691700 -63.316207037 -313.241545731 0.804713427 -0.124371845 0.574434264 0.083625478
1520616945.217653751 -11.117120913 -63.248489177 -313.129821033 0.830503350 -0.126160710 0.533878369 0.096548163
1520616945.267654657 -11.987224329 -63.166082772 -312.643889731 0.849829784 -0.127882415 0.495804839 0.124951938
1520616945.317655802 -12.762693159 -62.942320047 -312.053484501 0.866849662 -0.137881669 0.454554242 0.151462041
1520616945.367658854 -13.514556903 -62.575050426 -311.505931821 0.883889853 -0.158472623 0.408036976 0.164714851
1520616945.417658806 -14.296542327 -62.157869994 -311.042834333 0.895380440 -0.184854540 0.368820983 0.167611900
1520616945.467660904 -14.894918692 -61.845851889 -310.304870630 0.904750361 -0.201780730 0.331306239 0.175919009
1520616945.517661810 -15.347215414 -61.600815014 -309.447324943 0.911566634 -0.222680183 0.302525293 0.167147408
1520616945.572168350 -15.691327768 -60.971419183 -308.750584263 0.907779668 -0.275270566 0.263568505 0.175196554
1520616945.622176409 -15.805880233 -60.389263100 -307.945617165 0.899940546 -0.321992342 0.229622149 0.183579993
1520616945.672171116 -16.701858474 -60.173230565 -307.557605651 0.886785042 -0.355274289 0.237215206 0.176412628
1520616945.722172260 -16.920787495 -59.782086000 -306.663695133 0.871549434 -0.396347193 0.222321865 0.184074645
1520616945.772174120 -16.818995539 -59.533085683 -305.700555871 0.855564791 -0.436403665 0.204397321 0.189162537
1520616945.822175264 -16.366416114 -59.432910001 -304.814476474 0.835753193 -0.475927682 0.193383280 0.193939034
1520616945.872177362 -16.139637359 -59.311478381 -303.848129871 0.817739532 -0.506771359 0.192857829 0.193108014
1520616945.922179222 -16.028313848 -59.418329920 -302.860106681 0.798936443 -0.530689466 0.202261324 0.197887867
1520616945.972037792 -15.732983778 -59.487648233 -301.907229395 0.775222140 -0.555055024 0.219450920 0.206847402
1520616946.023311377 -15.525144458 -59.476500878 -300.929129935 0.752990045 -0.572097155 0.242167806 0.216946056
1520616946.073312283 -15.327859166 -59.438886232 -299.949505695 0.726002316 -0.591413289 0.264840934 0.230239523
1520616946.123314619 -15.474125638 -59.291756640 -298.971262881 0.694949648 -0.610984848 0.290263016 0.243905482
1520616946.173315525 -15.439245588 -59.099046463 -297.990627287 0.661006186 -0.630634445 0.308646941 0.264779313
1520616946.223317385 -15.547518398 -58.564230917 -297.152624106 -0.634487552 0.637722332 -0.325591170 -0.291077592
1520616946.273319483 -15.668239819 -57.990953919 -296.342204572 -0.608427091 0.643514136 -0.343747755 -0.312319567
1520616946.323320389 -15.789834742 -57.286226087 -295.643224345 -0.575109026 0.642061928 -0.374299375 -0.341915290
1520616946.373322248 -15.983062544 -56.381812605 -295.262830771 -0.542319326 0.632739712 -0.407157475 -0.373835521
1520616946.423508644 -15.767657381 -55.627057481 -294.643197559 -0.520037333 0.613815588 -0.428658926 -0.411148540
1520616946.473510504 -16.317940852 -56.313202381 -295.119005585 -0.499783643 0.591868826 -0.447783534 -0.446539483
1520616946.523511648 -16.908701257 -55.548703381 -295.376965705 -0.485403889 0.562441606 -0.469263907 -0.477319483
1520616946.573513508 -16.679136868 -54.578739158 -295.457399512 -0.462980729 0.543810758 -0.475783042 -0.513370434
1520616946.623515368 -16.535759635 -53.606476638 -295.642192804 0.444971910 -0.522625723 0.480433346 0.545936034
1520616946.673517704 -16.181078053 -52.677610687 -295.749005826 0.435164846 -0.502453560 0.471894911 0.579212542
1520616946.723518610 -15.855289408 -51.865699272 -296.233424666 0.429488352 -0.480454763 0.462596196 0.608857731
1520616946.773519516 -15.864660732 -50.903179784 -296.504475240 0.425480095 -0.453975683 0.455029506 0.637040750
1520616946.823521614 -15.422956257 -50.499673709 -297.305774188 0.420032652 -0.427453810 0.441272274 0.667933075
1520616946.873523474 -15.253265199 -49.758952772 -297.955802986 0.425056995 -0.399084193 0.427653932 0.690775269
1520616946.923524380 -14.915858310 -49.064360790 -298.591175766 0.433935051 -0.372273403 0.405224453 0.713376498
1520616946.973526716 -14.882102651 -48.487381244 -299.407236523 0.446057888 -0.344107750 0.384028756 0.731535462
1520616947.023527622 -14.876344347 -47.775528013 -300.109541171 0.460497741 -0.321152285 0.368608797 0.740898505
1520616947.073529482 -15.105618232 -47.002138404 -300.700558936 0.472893789 -0.299014470 0.336418686 0.757485497
1520616947.123530626 -15.566176220 -46.391500066 -301.344769430 0.485272860 -0.274945990 0.305937677 0.771567944
1520616947.173532486 -15.517081984 -45.824243662 -302.166846025 0.485019363 -0.268356450 0.269255956 0.787554610
1520616947.223534346 -15.749709486 -45.055353788 -302.762406943 0.480000887 -0.266384007 0.229266562 0.803788251
1520616947.273535490 -15.807551964 -44.302400742 -303.417934180 0.473528162 -0.277067481 0.192536792 0.813593433
1520616947.323536396 -15.935823807 -43.335246981 -303.637387905 0.474744151 -0.294921081 0.157646792 0.814117336
1520616947.373538733 -15.830234908 -42.363175601 -303.846978499 0.484963344 -0.321954561 0.129553563 0.802727656
1520616947.423539639 -15.542981465 -41.467578356 -304.186671057 0.496988222 -0.350419332 0.102751584 0.787179211
1520616947.473541498 -15.157770582 -40.651969456 -304.618405579 0.503509478 -0.381074902 0.074520298 0.771820478
1520616947.523543596 -14.706029313 -40.119849396 -305.334490816 0.503464604 -0.411170906 0.046929078 0.758458661
1520616947.573544502 -13.967585011 -39.447423811 -305.284054266 0.507235265 -0.442887991 0.016640198 0.739111438
1520616947.621969700 -13.270588801 -38.897555337 -305.744316087 0.495634001 -0.474572724 -0.013542181 0.727285553
1520616947.671970606 -12.783214303 -38.031960186 -305.859255785 0.489699518 -0.502040741 -0.037316549 0.711868634
1520616947.721972942 -12.365739808 -37.166257606 -306.135433426 0.469987697 -0.526158046 -0.055683624 0.706518654
1520616947.771973610 -11.581116313 -36.555342711 -306.241022075 0.445641175 -0.553700212 -0.075443822 0.699377042
1520616947.821975708 -10.682043510 -36.167531696 -306.444174015 0.416726769 -0.580742729 -0.087770169 0.693810551
1520616947.871977806 -9.757612072 -36.152816682 -306.825238294 0.388430705 -0.601098436 -0.107788005 0.690060870
1520616947.921978712 -9.072112246 -35.492262932 -306.519037818 0.373295644 -0.626853973 -0.102281132 0.676197478
1520616947.971980810 -8.166850590 -35.664545132 -306.907393553 0.354392852 -0.642578741 -0.116820880 0.669216819
1520616948.021053553 -7.351462636 -35.400481527 -306.392211160 -0.334282462 0.665738822 0.108876053 -0.658174035
1520616948.071054459 -6.464496529 -35.700096947 -306.040754584 -0.300137508 0.686978929 0.106331819 -0.653200561
1520616948.121055365 -5.540027304 -35.932311553 -305.738375635 -0.259116781 0.704015324 0.102435509 -0.653244123
1520616948.171057463 -4.784492668 -36.499516941 -305.410586890 -0.219610914 0.715041527 0.103569363 -0.655560865
1520616948.221059322 -3.995553389 -36.817865952 -304.885012232 -0.171228327 0.725881777 0.097630040 -0.658972595
1520616948.271061420 -3.053991105 -36.866448520 -304.551695265 -0.136147619 0.720688230 0.094865445 -0.673106862
1520616948.321062565 -2.162215351 -36.839031023 -304.100049071 -0.096729028 0.706461473 0.092342140 -0.695002598
1520616948.371063471 -1.388635791 -37.450698244 -303.934405253 0.064959327 -0.688440831 -0.094018198 0.716233263
1520616948.421172380 -0.683710006 -37.251834743 -303.253572715 0.040851664 -0.673530580 -0.072063099 0.734502968
1520616948.470330477 0.216626764 -37.520501923 -302.911210851 0.025953437 -0.647384489 -0.056655122 0.759611703
1520616948.520331621 1.201241400 -37.537121108 -302.737263098 0.023001773 -0.609220393 -0.047644580 0.791234115
1520616948.570333481 2.017117247 -38.020699256 -303.054278521 0.024202615 -0.565960087 -0.055602057 0.822199383
1520616948.620338440 2.950623237 -38.065063201 -302.698471824 0.034954102 -0.537603621 -0.065107682 0.839953301
1520616948.670336723 3.829579703 -38.163813796 -303.165037846 0.046330609 -0.508317313 -0.080121624 0.856181937
1520616948.720337391 4.778851613 -38.379662883 -303.393712313 0.057280343 -0.483494735 -0.110262357 0.866483708
1520616948.770339489 5.710792883 -38.359072433 -303.755736487 0.068447568 -0.464350676 -0.141656655 0.871565702
1520616948.820340633 6.576716872 -38.293199068 -304.251555350 0.074827967 -0.452987389 -0.169866398 0.871979706
1520616948.867841482 7.492882724 -38.404113760 -304.636702156 0.081138124 -0.450996245 -0.206348539 0.864545702
1520616948.917842388 8.265434676 -38.090826801 -305.188983572 0.101419069 -0.448283968 -0.241783781 0.854573730
1520616948.967948437 8.931501289 -37.594495606 -305.745769539 0.122346657 -0.459449431 -0.269181005 0.837543493
1520616949.017845392 9.701346573 -37.433864340 -306.363455409 0.133879875 -0.480263141 -0.302246147 0.812447390
1520616949.067847252 10.497002582 -37.384273928 -306.967170828 0.131886310 -0.499221975 -0.335156997 0.788069292
1520616949.117849112 11.283702445 -37.825190104 -306.535087213 0.116051951 -0.544758453 -0.363743946 0.746632784
1520616949.167850256 12.189289365 -37.966193063 -306.935125331 0.091525927 -0.578242758 -0.388886195 0.711354936
1520616949.217852354 13.187659522 -37.913624141 -306.957341079 0.067333035 -0.618266513 -0.405822195 0.669717200
1520616949.266531706 13.878303726 -38.505962974 -307.372245030 -0.035455874 0.655579624 0.415768504 -0.629360619
1520616949.316533566 14.658689815 -39.123189781 -307.472388034 -0.004155886 0.693990319 0.417063680 -0.586871410
1520616949.366534710 15.325748634 -39.856834144 -307.601996987 0.032517199 0.722989945 0.416532338 -0.550208126
1520616949.416536570 16.055299399 -40.448219670 -307.258458282 0.073529106 0.743502601 0.405845960 -0.526389979
1520616949.466538668 16.813887596 -40.988856597 -306.894788568 0.124217199 0.754296967 0.398941404 -0.506410830
1520616949.516539812 16.953555006 -41.903404908 -306.515190886 0.195923327 0.754128199 0.389825578 -0.490857136
1520616949.566541672 17.342182478 -42.427972826 -305.757696868 0.254331381 0.744150583 0.387552881 -0.480997112
1520616949.616542578 17.662243941 -42.883589016 -304.927049802 0.308425277 0.730364000 0.387347946 -0.470535699
1520616949.665871620 18.043648742 -43.690524281 -304.476066593 0.364665704 0.701920229 0.388872785 -0.472339787
1520616949.715872526 18.183317542 -44.255749646 -303.663039586 0.403941891 0.676893647 0.387517100 -0.477992089
1520616949.765874863 18.538987733 -45.156573904 -303.414012736 0.420435408 0.649168299 0.389553720 -0.500062483
1520616949.815876722 18.212092632 -46.092123986 -303.547749929 0.422199288 0.621944287 0.404327945 -0.521010535
1520616949.865877628 18.264331101 -47.052876635 -303.275306377 0.408243127 0.603474631 0.422183551 -0.539367192
1520616949.915879726 18.261918540 -48.050853712 -303.338835372 0.385698203 0.591917720 0.443423994 -0.551584509
1520616949.965881586 18.279422569 -49.043534384 -303.458328861 0.353282937 0.588089071 0.471881781 -0.553777929
1520616950.015882492 18.509017793 -50.016047520 -303.419544414 0.311854619 0.596755804 0.498372144 -0.546126737
1520616950.065271616 18.540318412 -50.856590296 -303.960384604 0.268545374 0.611770709 0.521475799 -0.530738139
1520616950.115273476 18.591897230 -51.800642782 -304.286121507 0.233643021 0.640208291 0.530301445 -0.504306117
1520616950.165274620 19.120377084 -52.634087576 -304.447610887 0.198606202 0.674376098 0.537235953 -0.465993546
1520616950.215276718 19.410781980 -53.590524574 -304.477498427 0.182581106 0.704096115 0.543726418 -0.418657835
1520616950.265277624 20.025293994 -54.311534964 -304.797684316 0.174607196 0.727694491 0.545218351 -0.377769777
1520616950.315278769 20.442620289 -55.165314027 -305.108972084 0.178617591 0.748918463 0.544305267 -0.333089580
1520616950.365280628 20.731293491 -56.105622100 -305.289217779 0.187949105 0.765660738 0.541344297 -0.292207324
1520616950.415284634 21.100469297 -57.022774053 -305.139079451 0.211477002 0.779727503 0.531583549 -0.254404067
1520616950.465303898 21.070001613 -57.948259381 -304.761523323 0.239526182 0.790946305 0.516911711 -0.223234034
1520616950.515306950 21.312481499 -58.874337967 -304.472417880 0.279016204 0.793220666 0.500753938 -0.205417689
1520616950.565306902 21.369821063 -59.669368982 -303.868565365 0.322627952 0.788863038 0.484302989 -0.197628255
1520616950.615384817 21.371469774 -60.533812401 -303.365837947 0.376690717 0.769428791 0.472029940 -0.208017247
1520616950.665310144 21.340712754 -61.431235107 -302.925739671 0.432868595 0.736696343 0.470556131 -0.220182208
1520616950.715312004 21.225778431 -62.046705737 -302.146005098 0.481002045 0.696409975 0.478860736 -0.233114938
1520616950.765312910 20.841323665 -62.831606513 -301.660077835 0.519149811 0.645992804 0.499781504 -0.251784072
1520616950.815315008 20.585679053 -63.657346282 -301.157285964 0.545575393 0.596200639 0.523504597 -0.269880020
1520616950.865315914 20.348206933 -64.230858252 -300.373263634 0.561948477 0.554742775 0.542805921 -0.286070088
1520616950.915428638 20.127640408 -65.151543443 -300.051255578 0.563192743 0.514595100 0.572833882 -0.299778522
1520616950.965429544 19.511005752 -65.936578950 -299.992255967 0.553649042 0.470844184 0.612829114 -0.310191828
1520616951.015431404 19.150382824 -66.621459961 -299.359097926 0.544608473 0.434083023 0.645485629 -0.313563141
1520616951.065433741 18.556026797 -67.365432157 -299.053735380 0.533108200 0.396877529 0.676213817 -0.317834467
1520616951.115434647 18.362082656 -68.227431215 -298.585394378 0.510573632 0.363980237 0.710513354 -0.319380224
1520616951.165436506 17.991760712 -69.148675739 -298.466355790 0.481776556 0.337072007 0.741621633 -0.322910461
1520616951.215437651 17.267149900 -69.416491332 -299.101347112 0.446570994 0.301976486 0.780406319 -0.316781512
1520616951.265439510 16.530618445 -69.968949388 -298.711076036 0.425582461 0.275509190 0.803437426 -0.312189939
1520616951.315726995 16.191062272 -70.814569326 -299.122935874 0.388690675 0.253211050 0.831691225 -0.305112158
1520616951.365729094 15.827514757 -71.745879303 -299.100688830 0.363412366 0.247958655 0.849357327 -0.291616337
1520616951.415730953 15.569813411 -72.706025899 -299.208894791 0.324941875 0.241624606 0.871283513 -0.277300139
1520616951.465731859 14.934029780 -73.344766465 -299.642241840 0.296661450 0.236014465 0.888981264 -0.256907512
1520616951.515734196 14.868150870 -73.695184905 -300.576515293 0.251547224 0.225227361 0.909547037 -0.242323785
1520616951.565735102 14.473509954 -73.698922704 -301.495343120 0.229804800 0.213123153 0.924684483 -0.216164018
1520616951.615736961 13.997683699 -74.323127916 -302.114985945 0.210183473 0.212164181 0.936079253 -0.185916379
1520616951.665739059 13.636295140 -74.611780925 -303.001596202 0.192993396 0.200535076 0.948164765 -0.153371479
1520616951.717198133 13.078198226 -75.180646853 -303.605681784 0.182912745 0.192782536 0.956753141 -0.118326874
1520616951.767200232 12.881127885 -75.511968958 -304.528389183 0.174004521 0.173612438 0.965616404 -0.084652876
1520616951.817202330 12.954808447 -76.027653854 -305.381993460 0.155647406 0.165083816 0.972076090 -0.059910716
1520616951.867203236 12.938397824 -76.326269448 -306.336225832 0.153320645 0.151115179 0.976029592 -0.031987792
1520616951.917204380 12.856851339 -76.128083104 -307.312992101 0.155241397 0.126602795 0.979714869 -0.005533260
1520616951.967206240 12.734281932 -76.187596771 -308.303666045 0.168624734 0.114256353 0.978808678 0.021089263
1520616952.017208099 12.585619672 -76.413653992 -309.266369356 0.187843968 0.111994570 0.974776233 0.044532625
1520616952.067211390 12.402131510 -76.275983356 -310.239703261 0.215730834 0.094218438 0.969908003 0.062141447
1520616952.118067980 12.195843756 -76.404087940 -311.209772629 0.242476104 0.088201656 0.963175836 0.075618219
1520616952.168070316 11.472974710 -76.431335384 -311.900220251 0.296886899 0.070590825 0.947780176 0.092670608
1520616952.218072176 10.777023723 -76.062824896 -312.516541793 0.337261199 0.034991522 0.934009877 0.112499009
1520616952.268123150 9.960336304 -76.046319155 -313.093385985 0.392384349 0.003983111 0.908963472 0.140726910
1520616952.318075180 9.228422475 -75.870026348 -313.751582758 0.424960744 -0.018610770 0.891702732 0.154687565
1520616952.368076086 8.428943269 -76.065866519 -314.319455655 0.457312590 -0.029195545 0.874129602 0.160966625
1520616952.418077946 7.673286939 -75.807930598 -314.921495995 0.496868499 -0.039203851 0.852084331 0.159803145
1520616952.468079090 6.847806827 -75.562076947 -315.429569382 0.540001125 -0.046554061 0.826381477 0.152725765
1520616952.516940832 5.935047828 -75.633471507 -315.831780554 0.582545229 -0.049560187 0.798350349 0.144296791
1520616952.566941977 5.542893608 -75.365300793 -316.711723470 0.608231360 -0.063259478 0.777481036 0.146888017
1520616952.616944075 4.807443424 -75.182306200 -317.364123658 0.633103121 -0.077014075 0.754014719 0.157197564
1520616952.666946173 4.111300815 -75.012569169 -318.061672803 0.652059940 -0.099937871 0.731590801 0.172061493
1520616952.716947079 3.241842265 -74.520037630 -318.023534731 0.674548196 -0.136312071 0.700858836 0.187618343
1520616952.766948938 2.349216788 -74.091695593 -318.164044006 0.685190856 -0.174215252 0.676758809 0.205329129
1520616952.816950083 1.560021035 -73.484863862 -318.258517889 0.697129092 -0.218807753 0.648034181 0.214909043
1520616952.866951942 0.964437980 -72.982805678 -318.885589181 0.699611660 -0.260432468 0.624726485 0.228987494
1520616952.915787697 0.274137696 -72.307522873 -319.145355712 0.707209397 -0.304390635 0.594026704 0.233095444
1520616952.965788603 -0.142902978 -71.418840209 -319.335934300 0.712163023 -0.345824306 0.562767328 0.237744217
1520616953.015789747 -0.459321391 -70.474803443 -319.429068463 0.718810609 -0.386171192 0.527247793 0.237050381
1520616953.065791607 -1.305829381 -70.083325646 -319.068278556 0.735040773 -0.417346997 0.481984513 0.230710804
1520616953.115793705 -1.425420110 -69.172402278 -318.673415699 0.747178545 -0.454163315 0.431808381 0.221362660
1520616953.165794611 -1.958850663 -68.423833829 -318.279591981 0.761066577 -0.485224112 0.379284479 0.203662737
1520616953.215796471 -2.362809740 -67.679618771 -317.747651183 0.771114541 -0.515496264 0.324256912 0.185750965
1520616953.265798807 -2.330692486 -66.848500560 -317.192483640 0.773445367 -0.548454460 0.269126149 0.168970665
1520616953.315800667 -2.295585921 -65.957222678 -316.740387116 0.774319110 -0.574968827 0.216250271 0.151909793
1520616953.365205050 -2.440184211 -65.292006715 -316.007871548 0.779524365 -0.592035372 0.164047423 0.122165155
1520616953.415205956 -2.893173501 -64.748083655 -315.301508746 0.780572673 -0.606505832 0.118688945 0.093647810
1520616953.465208054 -2.772077189 -64.089877289 -314.558474385 0.781277969 -0.615761744 0.071388881 0.073115231
1520616953.515210152 -2.874781040 -63.692484354 -313.646591293 0.776836433 -0.627823481 0.017020354 0.045531751
1520616953.565211058 -2.902771713 -63.232303232 -312.759207578 0.775586362 -0.630276037 -0.029659052 0.018391654
1520616953.615213156 -2.737973961 -62.790567600 -311.877328146 0.772557216 -0.629632167 -0.081865356 0.004092220
1520616953.665214062 -2.203090817 -62.652691875 -311.043727338 0.762113031 -0.631582633 -0.142283184 -0.006527011
1520616953.715215206 -2.149593128 -62.285893596 -310.114966325 0.753401123 -0.629305243 -0.189875828 -0.017573526
1520616953.765325308 -2.091769185 -62.030481970 -309.149864624 0.747363593 -0.623287052 -0.227911597 -0.031893814
1520616953.815323591 -1.414046185 -62.380240927 -308.503056920 0.730711011 -0.622013146 -0.277207448 -0.048136224
1520616953.865325451 -1.351412986 -62.261531027 -307.512105336 0.722220588 -0.616023524 -0.308058700 -0.063342547
1520616953.915348530 -0.843375692 -62.007367614 -306.689123521 0.720420922 -0.603167685 -0.335489557 -0.068038192
1520616953.965328455 -1.010625599 -61.900228280 -305.709047691 0.714391505 -0.600926099 -0.349687882 -0.079063177
1520616954.015330315 -0.646566248 -62.038069210 -304.787928444 0.705760774 -0.601528316 -0.366528709 -0.075644702
1520616954.065331459 -0.718737679 -62.078661944 -303.791362584 0.695909478 -0.605614893 -0.377847454 -0.078561446
1520616954.115333557 -0.127368140 -62.261658608 -303.006000064 0.683872571 -0.609402407 -0.394303256 -0.073972664
1520616954.165450573 0.357744751 -62.528283277 -302.173187498 0.677404953 -0.613196564 -0.400253958 -0.070066209
1520616954.215452433 0.964237367 -62.736229720 -301.405773018 0.664259394 -0.615706297 -0.418649127 -0.066318344
1520616954.265454531 1.698199571 -63.087538817 -300.824497351 0.648490280 -0.616914606 -0.441733918 -0.061219872
1520616954.315455675 2.229829181 -63.183974442 -299.983028322 0.635558890 -0.617646768 -0.459218387 -0.060793429
1520616954.365457535 2.858669967 -63.612453229 -299.334210015 0.621920537 -0.616983135 -0.477822384 -0.065057099
1520616954.415458441 3.727637727 -63.732068168 -298.854014951 -0.607210054 0.615192747 0.499320501 0.059269480
1520616954.465460539 4.475996576 -64.151604842 -298.340256241 -0.585329669 0.620053856 0.519391367 0.056169410
1520616954.515461445 4.957963336 -64.742889174 -297.693656766 -0.565194739 0.632281098 0.526809962 0.056980554
1520616954.565722227 5.609996639 -65.463158099 -297.456875754 -0.540266118 0.644977576 0.538139685 0.050220783
1520616954.615724087 6.271870806 -66.000018803 -296.933709268 -0.520624897 0.658602172 0.542760988 0.024564315
1520616954.665724993 6.885894595 -66.741080701 -296.662043941 -0.494859468 0.668719548 0.554887858 0.005266686
1520616954.715727091 7.717421712 -67.183268438 -296.325840643 -0.482322152 0.675651727 0.557019137 -0.024285098
1520616954.765727997 8.332207180 -67.943970689 -296.117583797 -0.471930154 0.678100780 0.560833922 -0.054097812
1520616954.815730095 8.721943161 -68.673167089 -295.555108486 -0.465145920 0.692627529 0.546284636 -0.074023484
1520616954.865732193 8.984409085 -69.406258158 -294.927661976 -0.457841180 0.707124617 0.530124437 -0.096562472
1520616954.915733099 9.080820756 -70.079672734 -294.194710682 -0.457417875 0.721647296 0.507791913 -0.110188207
1520616954.966292620 9.440338636 -70.928670939 -293.807478269 -0.459565101 0.724762847 0.494799316 -0.136720042
1520616955.016293764 9.919850823 -71.713303842 -293.414516094 -0.466953360 0.723938124 0.481062065 -0.162626694
1520616955.066295624 10.296793026 -72.440440644 -292.840768200 -0.480377458 0.724555098 0.458592715 -0.184255607
1520616955.116297483 11.135695165 -72.778452288 -292.414163781 -0.503601356 0.707250427 0.445581381 -0.218265297
1520616955.166298628 11.727318522 -73.216425093 -291.737287407 -0.534313624 0.686985411 0.431939910 -0.236617646
1520616955.216299534 12.335006753 -73.917688986 -291.364535524 -0.559914068 0.657249853 0.439002757 -0.248586900
1520616955.266301632 12.799489824 -74.354135532 -290.593970868 -0.584317269 0.631790439 0.441185337 -0.254498859
1520616955.316306591 13.632890020 -74.697943750 -290.161258467 0.610825791 -0.598332094 -0.446965504 0.262892368
1520616955.366151810 14.245715529 -75.135325047 -289.503122844 0.631611226 -0.577077868 -0.450599944 0.254966831
1520616955.416152954 15.142607276 -74.982062789 -289.088278446 0.658702439 -0.549816194 -0.451435659 0.244987948
1520616955.466153860 16.048407989 -74.896725225 -288.673257281 0.683758753 -0.523649761 -0.454581953 0.227200669
1520616955.516155720 16.747570734 -74.704191212 -287.984706550 0.708144776 -0.502335121 -0.455799070 0.196055120
1520616955.566157818 17.507273716 -74.626128486 -287.339138900 0.725994944 -0.477223687 -0.464344677 0.171967774
1520616955.616158724 18.165468186 -74.514190020 -286.594659337 0.725538804 -0.461269687 -0.487885191 0.150969403
1520616955.666159868 18.935455909 -74.393608351 -285.968098112 0.722763045 -0.435504210 -0.517590421 0.141597389
1520616955.716161966 19.755332776 -74.762031549 -285.529844453 0.710157083 -0.417733685 -0.552985166 0.124027791
1520616955.766162872 20.563314726 -75.312395820 -285.319453536 0.691788863 -0.394996665 -0.594357570 0.110203824
1520616955.816668272 20.967676720 -75.864462625 -284.590266578 0.675307046 -0.375050235 -0.628066741 0.093967460
1520616955.866670132 21.727542817 -76.399255693 -284.220672355 -0.642299280 0.368477227 0.667862138 -0.075075513
1520616955.916671038 22.502054238 -76.927644627 -284.568432607 -0.588447475 0.345466406 0.728790357 -0.056983743
1520616955.966673136 22.989100044 -77.763806365 -284.316202689 -0.535590340 0.345081571 0.769678106 -0.040710073
1520616956.016674042 23.378743739 -78.137243870 -285.158059103 -0.475276648 0.336244304 0.812502272 -0.029865270
1520616956.066676140 24.097508718 -78.787406174 -284.911754650 -0.432078556 0.336962881 0.836203412 -0.022978090
1520616956.116677284 24.608808534 -79.505573203 -285.383780726 -0.380201229 0.336216158 0.861417544 -0.019118970
1520616956.166679144 25.469499674 -80.000388341 -285.503650409 -0.336933146 0.333357113 0.880022173 -0.030167290
1520616956.217822075 26.136275321 -80.734348548 -285.374372982 -0.294306985 0.334452776 0.893811589 -0.051240440
1520616956.267823935 26.565859599 -81.538279556 -285.785654250 -0.246829188 0.332316852 0.907344362 -0.073260286
1520616956.317826033 26.794200348 -82.511538938 -285.760620696 -0.203607020 0.332904936 0.915383351 -0.098953558
1520616956.367828131 26.704392339 -83.297419570 -286.372442690 -0.155657844 0.320862970 0.925797252 -0.125367611
1520616956.417829037 27.445625128 -83.595895786 -286.973679666 -0.119751826 0.308931611 0.929894406 -0.159740898
1520616956.467830181 28.115665429 -83.946949911 -287.627749232 -0.086781313 0.303607712 0.929035623 -0.192831979
1520616956.517832041 28.612368941 -84.190538902 -288.460785861 -0.060620968 0.296322075 0.926752301 -0.222819431
1520616956.567833900 28.446392230 -84.889264731 -289.156655064 -0.038258487 0.302134144 0.918868796 -0.250861282
1520616956.616280079 29.144691035 -84.871991337 -289.872253002 -0.042741070 0.307968639 0.909836332 -0.274820608
1520616956.666282415 29.237131404 -85.803844152 -289.521389625 -0.050584116 0.335906729 0.896334346 -0.284943253
1520616956.716284275 29.217812669 -86.424459758 -290.305266565 -0.063668862 0.350221117 0.888576893 -0.289348492
1520616956.766286135 29.519822919 -86.385429227 -291.257771907 -0.093931406 0.362623151 0.884724115 -0.277388865
1520616956.816287279 30.408304676 -86.801655196 -291.451049193 -0.112251272 0.385445071 0.876448410 -0.265838174
1520616956.866288185 30.860140126 -87.438935863 -292.075323234 -0.113688358 0.387996321 0.881470759 -0.244014574
1520616956.916289091 31.556183995 -88.084944031 -292.388686248 -0.117939673 0.385307992 0.890911427 -0.209534757
1520616956.966292381 32.257734254 -88.757604046 -292.623964252 -0.111621964 0.378007030 0.902198058 -0.175185290
1520616957.016060829 32.688664428 -89.524129726 -293.100133933 -0.095398677 0.366404566 0.916620003 -0.128275318
1520616957.066062689 33.362345718 -90.238315516 -293.290113349 -0.073555178 0.354583661 0.928446570 -0.082746787
1520616957.116064548 33.377322046 -90.995245060 -293.943438211 -0.038987276 0.345646462 0.937110488 -0.028852186
1520616957.166065693 33.967377359 -91.644559400 -294.423256526 -0.016509338 0.339590752 0.940124053 0.023923366
1520616957.216067791 34.109760160 -92.492800833 -294.933367895 0.011640751 0.337249512 0.938293121 0.075718414
1520616957.266068459 34.194717368 -93.393439592 -295.359551072 0.042965075 0.334262398 0.934526237 0.114382535
1520616957.316070795 34.422425225 -94.319208102 -295.661381815 0.070836493 0.333550714 0.929602447 0.139876388
1520616957.366071701 34.320602219 -95.225121830 -296.072420004 0.101352165 0.326436207 0.925237160 0.164630916
1520616957.416187763 34.159901702 -95.754249520 -296.905606196 0.124137581 0.303776387 0.926768429 0.182784153
1520616957.466189861 33.522499002 -95.929185127 -297.656016305 0.164175592 0.273766005 0.925907136 0.201976543
1520616957.516190767 33.212418552 -96.498424334 -298.417473356 0.206451113 0.252287681 0.922603305 0.206232891
1520616957.566192627 32.923786327 -97.164081967 -299.105653096 0.251637825 0.232984991 0.918002491 0.199167832
1520616957.616193771 32.284281964 -97.712545148 -299.644375946 0.301814838 0.212203311 0.907969413 0.198668325
1520616957.666195869 31.447091727 -97.860635798 -300.170856397 0.339140942 0.185778696 0.900090079 0.200767397
1520616957.716197014 30.736714398 -98.170896919 -300.802601669 0.372170601 0.153715752 0.894603214 0.193766871
1520616957.766198874 29.884308911 -98.293384756 -301.310933859 0.397672232 0.107840691 0.891074668 0.190297442
1520616957.816199780 28.946008034 -98.305463610 -301.656542835 0.410075050 0.059267004 0.891290199 0.184194616
1520616957.867722511 28.132842165 -97.996761738 -302.149963978 0.412189911 0.001000188 0.894569283 0.172754956
1520616957.917724609 27.278067566 -97.651170639 -302.537168287 0.406943696 -0.054414024 0.897356810 0.161823042
1520616957.967725754 26.624947275 -97.084449339 -303.039424053 0.398951697 -0.103511367 0.899944644 0.142206109
1520616958.017727613 25.935066710 -96.466630333 -303.416736232 0.387943929 -0.134578769 0.904072600 0.118493870
1520616958.067729473 25.042625838 -96.162448943 -303.749937331 0.376875763 -0.144587242 0.909913308 0.095482774
1520616958.117730618 24.307504459 -95.624808096 -304.162900861 0.360640417 -0.152148188 0.917540182 0.070067344
1520616958.167732477 23.337852209 -95.488120459 -304.365610021 0.353784225 -0.145250522 0.922071142 0.059361750
1520616958.217733383 22.601012789 -95.055281657 -304.884954069 0.336621559 -0.146281540 0.928825484 0.050703631
1520616958.267894983 21.754875281 -94.719705596 -305.299007236 0.314895587 -0.148003900 0.936475248 0.044155686
1520616958.317895889 20.914082891 -94.342738156 -305.687547717 0.287982382 -0.148538819 0.945037263 0.043668514
1520616958.367897749 20.106165026 -93.980247268 -306.152164851 0.262136618 -0.147479989 0.952900480 0.038919417
1520616958.417899847 19.845635898 -93.606630612 -307.042409294 0.231381488 -0.140334364 0.961750582 0.042481664
1520616958.467900753 19.442788675 -93.028461378 -307.751940443 0.207236909 -0.130833982 0.968264129 0.048988878
1520616958.517901659 19.297137506 -92.916880952 -308.734964118 0.176135341 -0.111628682 0.975777599 0.066132117
1520616958.567903757 18.988642741 -92.496381633 -309.588199901 0.146252717 -0.096770862 0.979422296 0.099887479
1520616958.617905855 18.744695541 -91.612417562 -309.987069911 0.120861714 -0.086816628 0.981162517 0.123188612
1520616958.668426514 18.633979416 -91.250935085 -310.912851937 0.101544869 -0.079981748 0.979271146 0.155947371
1520616958.718428850 18.649594095 -91.137984506 -311.906329842 0.078953485 -0.069343385 0.975104293 0.195267664
1520616958.768429756 18.969068500 -91.066785014 -312.851246101 0.055131285 -0.058371574 0.967646459 0.239193709
1520616958.818431616 19.317004382 -90.866976771 -313.767224970 0.041126393 -0.053743970 0.960322800 0.270555588
1520616958.868432760 19.579216908 -91.028649754 -314.718595791 0.031828312 -0.052032500 0.950768503 0.303840142
1520616958.918524742 19.533683794 -90.643578989 -315.640358906 0.034705007 -0.064445124 0.937410066 0.340447877
1520616958.968435764 19.503557060 -91.078652470 -316.540249703 0.042253226 -0.063194140 0.925965864 0.369876174
1520616959.018437624 19.247648724 -90.856632300 -317.481109931 0.065875270 -0.075634875 0.911501233 0.398880078
1520616959.068471909 19.359015387 -90.858487706 -318.474887584 0.092765761 -0.092188550 0.900279594 0.415201682
1520616959.118472815 19.298067490 -91.061229682 -319.452221225 0.129888451 -0.099941730 0.892438040 0.420351026
1520616959.168474674 18.975616007 -90.960046372 -320.393383792 0.173023591 -0.111501641 0.882738527 0.422377691
1520616959.218475819 18.483475364 -90.417158905 -321.073876838 0.218532821 -0.132675363 0.869048372 0.423551155
1520616959.268477678 18.021888754 -90.039328469 -321.876486309 0.259033479 -0.163649920 0.858071820 0.412108131
1520616959.318479061 17.609607445 -89.636833266 -322.693812275 0.293987275 -0.201919556 0.848198157 0.391611876
1520616959.368480921 16.969311874 -89.014547155 -323.144125031 0.324203520 -0.244486690 0.837102542 0.366575599
1520616959.418481827 16.284441581 -88.562933365 -323.715962129 0.339613242 -0.280183562 0.830217703 0.341904347
1520616959.467776537 15.744891396 -87.749094473 -323.931720921 0.345941315 -0.316790755 0.822325605 0.322100642
1520616959.517778873 15.149155751 -87.035620936 -324.300576655 0.338460835 -0.338594139 0.825886943 0.297840611
1520616959.567779779 14.458991303 -86.321705430 -324.418888471 0.328450606 -0.361714671 0.828662683 0.273131570
1520616959.617781639 14.221551851 -85.475012928 -324.895054737 0.295970849 -0.399926891 0.831418752 0.247391585
1520616959.667782784 13.634831340 -84.692637483 -325.103975068 0.264206135 -0.418013572 0.839497172 0.225176087
1520616959.717784643 13.096936376 -84.051916995 -325.651831129 0.228134839 -0.438397365 0.845207914 0.203435068
1520616959.767785549 12.324646254 -83.592167787 -326.090235774 0.192372296 -0.458049615 0.849287219 0.178590791
1520616959.817787647 12.027287865 -83.025190170 -326.858424794 0.140199148 -0.476753881 0.851491263 0.167369546
1520616959.867023230 11.455156141 -82.373312225 -327.356140009 0.098713605 -0.491262024 0.849300326 0.166151149
1520616959.917025089 11.172826748 -81.565213016 -327.873117556 0.055715211 -0.505190855 0.843272619 0.174840798
1520616959.967025995 11.411722066 -80.792349586 -328.461004573 -0.000923606 -0.515417894 0.835687310 0.189658275
1520616960.017028093 11.678698126 -79.889115926 -328.796999721 -0.043617302 -0.526497871 0.820491156 0.218384488
1520616960.067028999 11.889366756 -79.062368037 -329.318638155 -0.072008137 -0.529026386 0.808812757 0.246511327
1520616960.117031097 12.124243826 -78.124529579 -329.574160735 -0.089941888 -0.531406330 0.795341694 0.277397476
1520616960.167033195 12.500871640 -77.285126551 -329.966020462 -0.107469182 -0.529864466 0.779168864 0.317159115
1520616960.217033148 12.959264573 -76.558268389 -330.477443116 -0.115709873 -0.531166444 0.761850060 0.352218569
1520616960.267035007 13.721062106 -76.025650641 -330.846201647 -0.116050100 -0.527274873 0.742241524 0.396977459
1520616960.316322327 14.546619509 -75.630080512 -331.248668103 -0.108677683 -0.533653507 0.721750238 0.427176416
1520616960.366324663 15.055115507 -74.840382243 -331.591900478 -0.079972854 -0.539384309 0.704468200 0.454305476
1520616960.416325569 15.736702563 -74.422905436 -332.192859879 -0.056943157 -0.541356331 0.690067994 0.476966417
1520616960.466327429 16.157479717 -73.668867671 -332.697214551 -0.016843861 -0.551388416 0.674607931 0.490501007
1520616960.516328573 16.666065820 -72.993463092 -333.231226564 0.025620852 -0.563551444 0.659455361 0.496862123
1520616960.566392422 17.273927549 -72.536246594 -333.880423908 0.065542178 -0.570997712 0.644737636 0.503963507
1520616960.616331577 17.788107474 -71.855775567 -334.402514117 0.110753387 -0.578684216 0.629078229 0.507068878
1520616960.666333437 18.280325676 -71.066902729 -334.770482714 0.153670302 -0.591380686 0.612569936 0.501410408
1520616960.717009783 19.047553724 -70.443754182 -334.922295129 -0.183986968 0.609272950 -0.592969491 -0.493277256
1520616960.767011642 19.294052089 -69.509507924 -335.180020733 -0.214254822 0.630419101 -0.577752679 -0.472089473
1520616960.817012787 19.731436359 -68.622864374 -335.330214657 -0.223692752 0.657751880 -0.562226902 -0.448581016
1520616960.867014647 19.810456958 -67.826845866 -334.730122764 -0.232449465 0.690883103 -0.545951754 -0.413018725
1520616960.917015553 19.704518238 -67.097307659 -335.405808336 -0.227895481 0.695803585 -0.565089871 -0.380255780
1520616960.967017889 19.843841219 -66.147493649 -335.125732536 -0.214870329 0.722478891 -0.557222444 -0.348364955
1520616961.017018795 19.985935652 -65.172313561 -334.955929801 -0.197592688 0.745504941 -0.551952429 -0.317061554
1520616961.067020655 20.030809258 -64.276564321 -334.513640689 -0.177201603 0.762360781 -0.550263571 -0.290887664
1520616961.121177912 19.740070193 -63.654314640 -333.786814623 -0.158357788 0.780799533 -0.543974961 -0.263374527
1520616961.171178818 19.594941267 -62.762036149 -333.359290718 -0.131869728 0.792387465 -0.544436878 -0.241497341
1520616961.221180677 20.417902124 -62.351845897 -332.966252060 -0.094207721 0.803786441 -0.537392881 -0.237194339
1520616961.271181822 20.587225122 -61.477331971 -332.511768710 -0.056307790 0.815582085 -0.531303885 -0.222196933
1520616961.321183920 20.609735973 -60.653598117 -331.945239100 -0.018838753 0.821749987 -0.527311704 -0.215207869
1520616961.371185780 21.157687814 -59.860311993 -331.679822624 0.035125806 0.818649095 -0.532675420 -0.211746863
1520616961.421186924 21.526928884 -59.181503310 -331.045094490 0.074371925 0.810341817 -0.536512974 -0.223536990
1520616961.471188784 21.584179666 -58.324760359 -330.532538285 0.100384038 0.801812658 -0.535219281 -0.246089065
1520616961.523094416 22.232086226 -57.616789066 -330.251480039 0.126966472 0.791253863 -0.526137413 -0.284563284
1520616961.573096514 22.823164213 -57.124455589 -329.612547678 0.137945897 0.787941504 -0.497138103 -0.336114300
1520616961.623098373 23.622459026 -56.588599750 -329.340543412 0.144899202 0.780522236 -0.470826210 -0.384853141
1520616961.673099279 24.563430976 -56.414408663 -329.050320643 0.149755577 0.778724269 -0.433259582 -0.428308200
1520616961.723101616 25.296374735 -55.766862125 -328.841809429 0.142003671 0.778292908 -0.398685912 -0.463836879
1520616961.773102522 26.272943474 -55.708345608 -328.634712072 0.138796556 0.782359740 -0.356400363 -0.491556238
1520616961.823104382 27.252495433 -55.872086274 -328.517806321 0.128945719 0.786199315 -0.319637927 -0.512928099
1520616961.873105526 28.202095994 -55.791361733 -328.214916371 0.111587397 0.794821827 -0.279920497 -0.526736207
1520616961.923438072 29.095989045 -55.482756241 -327.889773535 0.079890250 0.802378459 -0.257039845 -0.532669574
1520616961.973438978 30.081401169 -55.335226108 -327.804933647 0.045308598 0.801223033 -0.245978017 -0.543584030
1520616962.023441315 30.942778983 -54.949986809 -328.136021164 0.010354125 0.799463659 -0.241737107 -0.549830720
1520616962.073442221 31.856753010 -54.765291840 -328.497323318 -0.023995606 0.804597090 -0.225763097 -0.548706441
1520616962.123444080 32.667336523 -54.194460726 -328.366532617 -0.061104517 0.818004474 -0.207079208 -0.533153936
1520616962.173445225 33.494456924 -53.660295282 -328.541287079 -0.092055143 0.834609540 -0.190694588 -0.508515821
1520616962.223482132 34.264863981 -53.203774378 -328.096245923 -0.115596209 0.857254662 -0.166863448 -0.473189763
1520616962.273448944 34.990524029 -53.010881153 -327.435784192 -0.127720066 0.883563553 -0.137489117 -0.429068497
1520616962.323450089 35.574267711 -52.262075600 -327.121883637 -0.141032705 0.903255615 -0.110525887 -0.389901395
1520616962.374007702 36.073221724 -51.846399260 -326.361450818 -0.150890588 0.926832505 -0.087947712 -0.332383420
1520616962.424008608 36.759823050 -51.323186886 -325.856646468 -0.156609541 0.943867115 -0.059559171 -0.284677055
1520616962.474010468 37.356889708 -50.784813412 -325.261948723 -0.160918140 0.957814399 -0.028877399 -0.236353602
1520616962.524011612 38.015269856 -50.577371791 -324.538413268 -0.161628706 0.969183219 0.006837146 -0.185777563
1520616962.574013472 38.540925654 -50.320671454 -323.727370162 -0.156014574 0.977284466 0.045022137 -0.136189327
1520616962.624014378 38.477612149 -50.106957522 -322.752527736 -0.144277349 0.982187913 0.082627149 -0.087542592
1520616962.674016714 38.463923165 -50.674314030 -321.929169245 -0.124062374 0.983360834 0.126515443 -0.040047977
1520616962.724018574 38.286215273 -50.902946639 -320.972013545 -0.092273375 0.983155899 0.157750319 -0.002222643
1520616962.770084620 38.237068563 -51.187772758 -320.014695059 -0.063610881 0.980413111 0.185081846 0.022101968
1520616962.820086718 37.876541961 -51.447444748 -319.118820611 -0.028975706 0.975643592 0.213311840 0.042166909
1520616962.870088816 37.721056560 -51.783460294 -318.189886898 0.007365641 0.968269581 0.244772899 0.049859734
1520616962.920089722 37.775493726 -52.129364855 -317.253197713 0.039601174 0.960257452 0.271992842 0.048551688
1520616962.970090866 37.685934721 -52.414294267 -316.298842216 0.073584751 0.952273977 0.292867930 0.044586241
1520616963.020092726 37.205699608 -52.638259872 -315.450777570 0.101507119 0.945706347 0.305207567 0.046734891
1520616963.070094585 36.773172663 -52.910012381 -314.591085174 0.137232106 0.940427031 0.307722026 0.045513778
1520616963.120095730 36.675314345 -53.309551853 -313.679607276 0.167530473 0.934483372 0.312140743 0.035249472
1520616963.166457891 36.486759126 -53.747890285 -312.800797656 0.185544680 0.931833729 0.311306072 0.018644119
1520616963.216459036 36.097437737 -54.223908277 -312.012232042 0.190845142 0.931539021 0.309537026 0.000113937
1520616963.266462088 36.331751589 -54.830285768 -311.252361423 0.198384382 0.929620513 0.309247408 -0.028554858
1520616963.316462994 36.207213922 -55.497419430 -310.517907172 0.204688972 0.928265047 0.306917798 -0.047200545
1520616963.366464138 36.089398771 -56.012749826 -309.669052547 0.196757002 0.926584035 0.314495912 -0.061814485
1520616963.416465998 36.417777090 -56.611119842 -308.938216723 0.177860806 0.924846000 0.325608080 -0.083694611
1520616963.466467857 36.538626052 -57.252080812 -308.180216351 0.152919622 0.920698572 0.345586968 -0.097464748
1520616963.516469002 37.079381139 -57.617675955 -307.422638549 0.117637827 0.918284165 0.360163857 -0.114880499
1520616963.565768242 37.617510875 -58.237110097 -306.851046271 0.084871739 0.914446148 0.375040736 -0.126212028
1520616963.615774393 37.652578379 -58.204679428 -305.852187661 0.041130122 0.913262168 0.385856195 -0.123998073
1520616963.665772200 38.346900313 -58.824702906 -305.486827650 0.005326840 0.908575013 0.394978990 -0.135847961
1520616963.715773344 38.832409913 -59.421387455 -304.847884791 -0.029918858 0.904540643 0.401559340 -0.140218343
1520616963.765775204 39.006440266 -60.083182783 -304.118679484 -0.066882462 0.897615211 0.414081063 -0.135464173
1520616963.815776110 39.322265457 -60.903969482 -303.642692464 -0.104277593 0.891849997 0.418589126 -0.136062154
1520616963.865787268 39.915915602 -60.952699343 -302.839445985 -0.148809740 0.888392319 0.409495252 -0.144666468
1520616963.915779114 40.330764675 -61.599716976 -302.199705077 -0.190482154 0.886120636 0.392452018 -0.156486999
1520616963.965762615 41.061438078 -62.219710426 -301.913830102 -0.225565340 0.882300423 0.373090587 -0.177396888
1520616964.015763760 41.667202980 -62.441325080 -301.149673162 -0.257595991 0.881575637 0.342516099 -0.197867185
1520616964.065765619 42.155360378 -62.879101299 -300.394653734 -0.281193239 0.875155620 0.325004289 -0.222272841
1520616964.115766525 42.469065855 -63.447719265 -299.634218016 -0.294242830 0.872787781 0.306449248 -0.240315430
1520616964.165768862 43.083874645 -64.053034212 -299.128645105 -0.304452418 0.863913410 0.286781145 -0.280568922
1520616964.215769768 43.205185083 -64.713428436 -298.387589610 -0.306857118 0.858885041 0.260426858 -0.316753922
1520616964.265771627 44.092129986 -64.879440556 -297.956580659 -0.305008689 0.853847199 0.237323422 -0.348700808
1520616964.315773726 44.853826992 -65.465624529 -297.680526279 -0.304849053 0.847332920 0.209669992 -0.380962559
1520616964.367578506 45.255057676 -64.612756543 -298.014637245 -0.313794634 0.834514657 0.177284510 -0.416759423
1520616964.417580605 46.021082970 -64.132193100 -297.587713334 -0.322820549 0.826398599 0.141890781 -0.438998012
1520616964.467581511 46.935871420 -63.746023381 -297.706182911 -0.326057200 0.816318125 0.113442132 -0.463079155
1520616964.517583370 47.606772175 -63.855641270 -296.972782545 -0.335505095 0.799914609 0.111337143 -0.484950502
1520616964.567584515 47.958952238 -63.320771109 -296.204744062 -0.344443454 0.794128444 0.079070197 -0.494435663
1520616964.617586613 48.791713761 -62.884355520 -295.864083407 -0.345364501 0.786201204 0.059914112 -0.508941380
1520616964.667588472 49.117196473 -62.273505195 -295.142333531 -0.348324270 0.781858453 0.045253182 -0.515091945
1520616964.717589617 49.626635438 -61.819955324 -294.411057621 -0.350105227 0.774048327 0.035444280 -0.526326155
1520616964.767591476 50.506598451 -61.380931789 -294.229609472 -0.345359919 0.766567125 0.024026032 -0.540854989
1520616964.819689035 50.735052174 -60.793845310 -293.452989640 -0.350735592 0.756153384 0.010618468 -0.552362067
1520616964.869689941 51.194640686 -60.118216009 -292.876531969 -0.354788067 0.746335358 -0.004082317 -0.563109488
1520616964.919692039 51.667155983 -59.308644805 -292.528216363 -0.356809251 0.731429870 -0.013289303 -0.580965488
1520616964.969694138 52.409838145 -58.743163464 -292.169532576 -0.361478899 0.718296512 -0.018418180 -0.594174972
1520616965.019695044 53.125540774 -58.053877315 -292.282024136 -0.360659079 0.704463992 -0.026869759 -0.610682839
1520616965.069696188 54.012978199 -57.602253175 -292.374167783 -0.360211656 0.694803330 -0.033467730 -0.621591350
1520616965.119698048 54.301366588 -56.694155140 -292.070539561 -0.368731836 0.679378855 -0.049955426 -0.632444195
1520616965.169698954 54.848819014 -56.817691067 -292.898207802 -0.353048060 0.661728194 -0.066961608 -0.658019003
1520616965.221404552 55.459037243 -56.027756653 -292.958518112 0.359516588 -0.642938395 0.080964738 0.671433358
1520616965.271406651 56.137981912 -55.328046405 -293.180868525 0.371581221 -0.621979061 0.087715703 0.683648593
1520616965.321407557 55.886186319 -54.671053102 -292.470264008 0.393424817 -0.602831029 0.097976122 0.687177083
1520616965.371409416 56.498822107 -54.133081931 -293.049284225 0.393411568 -0.578905610 0.107549470 0.706065679
1520616965.421410561 56.999149059 -53.313905386 -293.329681671 0.394258475 -0.549516703 0.119972614 0.726772467
1520616965.471412659 57.211941415 -52.359247226 -293.537881601 0.398650247 -0.517806067 0.132764590 0.745203610
1520616965.521413803 57.297028617 -51.490519737 -294.025808560 0.405426589 -0.486543587 0.144441254 0.760290302
1520616965.571415663 57.729847484 -50.829683766 -294.638967307 0.402896223 -0.461348084 0.154339313 0.775249609
1520616965.624039173 57.928475385 -50.087003919 -295.278477745 0.403308605 -0.445488851 0.162850752 0.782535294
1520616965.674041510 58.188453363 -49.313313527 -295.856244678 0.398960651 -0.436545621 0.166475734 0.789014670
1520616965.724042416 58.331738686 -48.646866313 -296.587898577 0.393520203 -0.426101760 0.170182661 0.796628522
1520616965.774044275 58.832813784 -48.218262395 -297.339711338 0.381870330 -0.421390443 0.164333775 0.805977392
1520616965.824045420 58.589894750 -47.492511431 -297.983354003 0.371418363 -0.411131213 0.165096999 0.815942710
1520616965.874047279 58.831148714 -47.139883824 -298.887483582 0.363493741 -0.398696073 0.157475990 0.827112480
1520616965.924049139 59.087264463 -46.173285641 -298.897110426 0.368033772 -0.393571888 0.142503140 0.830268129
1520616965.974050283 58.973965363 -45.479287467 -299.608116648 0.376792137 -0.385598981 0.130410716 0.832066197
1520616966.024121523 58.810373014 -44.528508598 -299.871284058 0.389868122 -0.386553063 0.116740847 0.827617757
1520616966.074122667 58.557657720 -43.567327817 -299.982038231 0.404939121 -0.391207880 0.102931587 0.819991336
1520616966.124124527 58.278717961 -42.713656812 -300.421854585 0.410136017 -0.392610600 0.083832685 0.818912355
1520616966.174125671 59.083737763 -42.191420941 -300.703302294 0.398767483 -0.414162021 0.051704776 0.816566550
1520616966.224127531 59.335914504 -41.229840130 -300.811788403 0.401531537 -0.420383209 0.037994232 0.812777227
1520616966.274129391 59.442832104 -40.274595675 -301.087608377 0.396291631 -0.426897626 0.022301898 0.812535529
1520616966.324130774 59.545078940 -39.432804225 -301.617639261 0.388766040 -0.439674132 0.006050735 0.809636346
1520616966.374132633 60.425654052 -38.963918525 -301.686440963 0.382300581 -0.454740663 -0.027416236 0.803931307
1520616966.424133539 60.963015801 -38.243647148 -302.125133900 0.379484939 -0.458243051 -0.056949522 0.801723917
1520616966.474135637 61.546477595 -37.432257544 -302.090216193 0.378410295 -0.476473132 -0.084241409 0.789102267
1520616966.524137497 61.994991933 -36.574825178 -302.342495059 0.372380846 -0.484239022 -0.110045553 0.784050414
1520616966.574138403 62.758922746 -35.949077743 -302.500133444 0.360685586 -0.496394792 -0.142664210 0.776624132
1520616966.624139547 63.367681144 -35.181976633 -302.702541695 0.348359000 -0.508400745 -0.164323990 0.770176808
1520616966.674142599 63.974616894 -34.391458444 -302.784456212 0.337823546 -0.519980127 -0.181485297 0.763255531
1520616966.724143505 64.676814430 -33.685463192 -302.692318686 0.329686646 -0.538740939 -0.195922554 0.750119503
1520616966.774145603 65.252220882 -32.954204257 -303.058607896 0.319458882 -0.552394943 -0.202754917 0.742762609
1520616966.823094368 65.851134703 -32.173482902 -302.880348532 0.309344930 -0.570841660 -0.218737958 0.728422418
1520616966.873099327 66.662024433 -31.590634885 -302.827945921 0.291485699 -0.593252947 -0.231895660 0.713660586
1520616966.923097372 67.587218642 -31.284370072 -303.052038629 0.266409895 -0.612008927 -0.244654382 0.703288756
1520616966.973099470 68.517943000 -30.938541804 -303.171013324 0.241067734 -0.630956232 -0.253775065 0.692371864
1520616967.023100138 69.415818736 -30.540740943 -303.359623075 0.210879669 -0.652603867 -0.265329308 0.677671245
1520616967.073102474 70.371335586 -30.737691292 -303.579163752 -0.178074024 0.672859532 0.288928593 -0.657320287
1520616967.123103380 71.365552867 -30.635253937 -303.611390869 -0.148106097 0.699483126 0.298935884 -0.632001011
1520616967.173105240 72.292129583 -30.583284890 -303.983888931 -0.109563347 0.721959254 0.309209968 -0.609228943
1520616967.223106384 73.159721083 -31.048658308 -304.159138961 -0.073554607 0.744531014 0.322780009 -0.579720929
1520616967.270091057 74.080366038 -31.435011968 -304.215207803 -0.049650946 0.766476291 0.332257333 -0.547406561
1520616967.320091963 75.066018112 -31.578965921 -304.127075803 -0.020064713 0.782875887 0.338000366 -0.521975579
1520616967.370094061 75.778653229 -32.277777821 -304.065325353 0.012939753 0.790655875 0.356408454 -0.497663404
1520616967.420094967 76.590560582 -32.859886124 -304.109556275 0.043538389 0.792815483 0.369585442 -0.482653726
1520616967.470097065 77.378784957 -33.447527224 -303.926853589 0.071144283 0.793590687 0.380069299 -0.469786803
1520616967.520099163 77.818502641 -34.117117333 -304.525433111 0.107098201 0.795791995 0.382472926 -0.457120922
1520616967.570100069 78.683938309 -34.477792646 -304.177676842 0.138528719 0.798182876 0.364708058 -0.459022792
1520616967.620101929 79.148947998 -35.248322213 -303.741729395 0.171758274 0.798996188 0.360015358 -0.449992365
1520616967.668639660 79.715813315 -35.330019892 -302.921979921 0.209891236 0.795969102 0.347971180 -0.448659019
1520616967.718641520 79.490261426 -34.645409369 -302.228845895 0.247935863 0.801021684 0.329375941 -0.434054787
1520616967.768642426 79.358331951 -35.620790707 -302.405554300 0.281421976 0.781115503 0.347197503 -0.436020798
1520616967.818644524 79.322958282 -36.488551230 -301.909832223 0.309558155 0.767240572 0.353848371 -0.436241888
1520616967.868646383 79.535084021 -37.330938975 -301.414468157 0.333099851 0.753178574 0.357274878 -0.440591860
1520616967.918647289 80.083423113 -38.102122748 -301.091049189 0.364297743 0.731458745 0.359792260 -0.450338526
1520616967.968649626 80.321657696 -38.579910407 -300.245494201 0.381555497 0.722907461 0.351283844 -0.456530247
1520616968.018650532 80.249623189 -39.338290559 -299.597674339 0.392450503 0.714605419 0.344762184 -0.465253408
1520616968.068082809 80.446333830 -39.983115217 -298.859090501 0.404528756 0.707945362 0.332614156 -0.473854063
1520616968.118083954 80.870358147 -40.550272371 -298.153019584 0.417886665 0.696877647 0.319344735 -0.487597396
1520616968.168085814 81.211381076 -41.032265975 -297.345934998 0.432692006 0.685973572 0.311906340 -0.494906376
1520616968.218087673 81.629191503 -41.709476863 -296.740278446 0.444771706 0.671227101 0.312021413 -0.504256826
1520616968.268088818 81.902375576 -42.390536209 -296.060919461 0.458076152 0.652960273 0.323629336 -0.508992312
1520616968.318090916 82.157804256 -43.011490885 -295.319858411 0.459229312 0.641265243 0.333004044 -0.516716202
1520616968.368092775 82.512978238 -43.742879166 -294.737687796 0.459136100 0.629536302 0.344274697 -0.523787189
1520616968.418093920 82.773536499 -44.573698032 -294.245905929 0.464046781 0.610771623 0.362088563 -0.529632404
1520616968.468092203 82.972322925 -45.360794051 -293.661984862 0.471093195 0.592417249 0.367755059 -0.540249222
1520616968.518093348 83.435030117 -46.227513070 -293.848264754 -0.470486590 -0.561406709 -0.382559285 0.563128111
1520616968.568095446 84.079692140 -46.991932919 -293.839710821 -0.465183829 -0.534543423 -0.395458072 0.584363112
1520616968.618096113 84.363936592 -47.923461563 -293.612864008 -0.467239428 -0.501783142 -0.415311156 0.597844159
1520616968.668099403 84.576780645 -48.680916660 -294.230082920 -0.465007995 -0.453253005 -0.434070070 0.624429702
1520616968.718099356 84.699864943 -49.669115892 -294.321256015 -0.456397062 -0.410214699 -0.464381776 0.638572775
1520616968.768101215 84.981585776 -50.622023760 -294.209006439 -0.440231305 -0.381560611 -0.480420115 0.655594701
1520616968.818102360 85.545388422 -51.431125033 -294.374782515 -0.418647695 -0.355653118 -0.493838756 0.674068432
1520616968.868914127 85.813965588 -51.926488115 -295.200907035 -0.398937154 -0.311694580 -0.506169706 0.698203312
1520616968.918833017 86.480828355 -52.544131161 -295.617813640 -0.378032602 -0.285151802 -0.515625347 0.714080040
1520616968.968834877 86.397659436 -53.489216484 -295.933877974 -0.372360013 -0.247310917 -0.531431653 0.719559399
1520616969.018836021 86.676109340 -54.039072707 -296.721357361 -0.363503729 -0.209998411 -0.544305209 0.726290263
1520616969.068837881 86.674912213 -54.824520676 -297.340283896 -0.358314506 -0.177088787 -0.556769793 0.728187938
1520616969.118839979 86.872554418 -55.614021415 -297.921339952 -0.353743440 -0.151674079 -0.569401151 0.726390309
1520616969.168841124 87.171014899 -55.896368813 -298.833042364 -0.338829801 -0.125921337 -0.584407546 0.726502583
1520616969.218842983 87.208050178 -56.566273531 -299.574565160 -0.327223138 -0.101094750 -0.600487668 0.722578321
1520616969.268844128 87.201122944 -57.239715860 -300.313772467 -0.316785554 -0.083093342 -0.617386212 0.715245884
1520616969.321067095 86.874443954 -58.143695885 -300.589636476 -0.318208339 -0.064980229 -0.633221396 0.702532339
1520616969.371068001 86.557926974 -58.906620440 -301.153341297 -0.312221889 -0.049470936 -0.645966943 0.694835828
1520616969.421069860 87.192181792 -59.058578272 -301.911384596 -0.290585266 -0.035840870 -0.667405602 0.684722863
1520616969.471072197 86.589776544 -59.432711307 -302.616460755 0.280645650 0.010685879 0.689418339 -0.667702168
1520616969.521073103 86.274139142 -59.910940845 -303.436015231 0.269828173 -0.004305259 0.702678359 -0.658344397
1520616969.571074963 85.800495997 -60.611058587 -303.970334723 0.258917116 -0.020040811 0.717272225 -0.646591717
1520616969.621077061 85.481857037 -60.944838591 -304.857498813 0.237424086 -0.039950716 0.728991954 -0.640784265
1520616969.671077967 85.363480934 -61.334478578 -305.770826673 0.221397196 -0.063075298 0.736614509 -0.635927553
1520616969.720777988 85.116339180 -61.726919399 -306.656778790 0.209604709 -0.089301999 0.743722560 -0.628464616
1520616969.770780325 84.512655290 -61.849620723 -307.444503454 0.201288581 -0.124206265 0.752272764 -0.614932028
1520616969.820782185 83.788405099 -61.762267639 -308.128485252 0.182352334 -0.159049866 0.756188241 -0.607972130
1520616969.870784044 83.779726434 -61.355516030 -309.041982822 0.151623634 -0.192469103 0.759337041 -0.602804426
1520616969.920785189 84.189762697 -60.941239140 -309.854537387 0.120107640 -0.221565394 0.770574963 -0.585403414
1520616969.970786095 83.824018766 -60.618737678 -310.727591902 0.096322794 -0.249448081 0.769360225 -0.580157236
1520616970.020787954 83.531412804 -60.215044092 -311.594432856 0.080606312 -0.269770830 0.763583817 -0.581090419
1520616970.070790291 83.256736141 -59.778251579 -312.451033714 0.063113987 -0.282782575 0.763765960 -0.576812100
1520616970.119721889 83.099383227 -59.250941653 -313.286009344 0.048303068 -0.297326410 0.766931765 -0.566638762
1520616970.169722795 82.474125501 -58.729934800 -313.867046895 0.042704978 -0.317143281 0.763973725 -0.560303999
1520616970.219723701 82.228612541 -58.068437716 -314.575668793 0.031895346 -0.336643429 0.765238001 -0.547781609
1520616970.269725800 81.932564950 -57.555866870 -315.381663180 0.016051944 -0.352379167 0.763548360 -0.540892927
1520616970.319726706 81.644619208 -56.653344426 -315.701882615 -0.001590188 -0.379942874 0.754413351 -0.535258237
1520616970.369728565 81.619575498 -56.033956591 -316.486568235 -0.015517675 -0.402938743 0.748613670 -0.526286180
1520616970.419730902 80.853839577 -55.476437469 -316.807225258 -0.028008374 -0.428528036 0.735740788 -0.523702918
1520616970.469731569 80.343980993 -54.616440594 -316.828429029 -0.045690973 -0.458907676 0.725285726 -0.511152322
1520616970.519141674 80.192048490 -53.628051247 -316.830164979 -0.067800712 -0.485835538 0.717028971 -0.495213437
1520616970.569087505 80.622197801 -52.821343166 -317.235373125 -0.094391082 -0.505118548 0.714231888 -0.475203521
1520616970.619088650 80.815636508 -51.847208585 -317.352177598 -0.125371450 -0.527066548 0.706269471 -0.455704166
1520616970.669090748 80.570180296 -51.421056864 -318.222893372 -0.157023651 -0.517044492 0.710224233 -0.451209601
1520616970.719092607 80.717135550 -50.960161469 -319.098095971 -0.179840538 -0.528431626 0.707421965 -0.433556871
1520616970.769093752 80.208433262 -50.349107143 -318.491602284 -0.211456680 -0.554406066 0.690450452 -0.413760993
1520616970.819095612 80.438285751 -50.215546476 -319.455619597 -0.247685550 -0.571410007 0.674923969 -0.395752584
1520616970.869096756 80.907334633 -51.008882536 -319.843705984 -0.280354235 -0.590831140 0.658282809 -0.372805326
1520616970.919779539 81.261172020 -50.688210120 -320.722323253 -0.319167826 -0.611076801 0.636630222 -0.345570548
1520616970.969780684 81.725331888 -50.575740272 -321.600905150 0.359098370 0.627123740 -0.612461548 0.320398233
1520616971.019782543 82.211047681 -49.913445534 -322.171383763 0.401950627 0.642357047 -0.580990585 0.297090993
1520616971.069784403 82.507042087 -49.029169406 -322.532552757 0.443068984 0.653948030 -0.550335243 0.270505029
1520616971.119785547 83.100237739 -48.252073055 -322.742886253 0.478491844 0.665996815 -0.518961209 0.241190922
1520616971.169787407 82.693081220 -47.386135706 -323.033361859 0.507982351 0.680170900 -0.483363383 0.213731883
1520616971.219788551 82.076265397 -48.155453792 -323.199758744 0.538070713 0.684896523 -0.458413313 0.176787712
1520616971.269790649 82.517252134 -47.367987332 -322.769146074 0.567212905 0.689397771 -0.425166492 0.149109648
1520616971.319962978 83.004426624 -47.706349845 -323.574237265 0.597874277 0.678410414 -0.408483511 0.124285479
1520616971.369965076 83.323847276 -47.178802101 -322.787049977 0.624979799 0.673525549 -0.376282978 0.119057571
1520616971.419965982 84.185653940 -46.712036924 -322.985593528 0.648008384 0.669581406 -0.348890441 0.100106617
1520616971.469968081 84.499473239 -46.291795681 -323.837012782 0.658693683 0.669039679 -0.334271157 0.082288112
1520616971.519970179 85.470130497 -46.252224082 -324.074201686 0.673560831 0.666392735 -0.314486234 0.057748921
1520616971.569972038 86.172314683 -45.571768052 -323.864637947 0.687702181 0.665707070 -0.286661444 0.041533408
1520616971.619972944 85.851953250 -45.223897016 -322.983528252 0.704539597 0.657912311 -0.264320484 0.030166675
1520616971.669975042 85.061630688 -45.093505570 -323.582183678 0.717870758 0.654968951 -0.235496250 0.014790709
1520616971.719975948 84.592155345 -44.664267495 -322.810595979 0.724901561 0.655514504 -0.211218989 0.014317869
1520616971.769199371 83.796569638 -44.358409487 -322.287629190 0.733388377 0.652462861 -0.190631806 0.009654894
1520616971.819200516 84.543425811 -43.787088745 -321.947337453 0.736594454 0.653917339 -0.172685300 0.000715421
1520616971.869202614 85.125654109 -43.149468020 -321.442907062 0.735842119 0.659668057 -0.152882569 -0.001162597
1520616971.919203520 84.931571408 -42.636678409 -322.279195720 0.739793321 0.660160184 -0.129263553 -0.013612744
1520616971.969205618 85.036551926 -42.178295566 -321.396662854 0.738143995 0.667262906 -0.099449426 -0.003669993
1520616972.019207478 84.925652386 -42.173157227 -320.402844516 0.740464715 0.667103785 -0.080313548 -0.015306177
1520616972.069208384 85.841236567 -41.771071386 -320.408552748 0.727842690 0.681792543 -0.068442270 -0.026825416
1520616972.119210482 86.770906480 -42.066331578 -320.188245528 0.723113822 0.688001127 -0.049562344 -0.036116797
1520616972.170724154 87.056443343 -42.142198061 -319.232885399 0.714285607 0.698707528 -0.025474604 -0.030901566
1520616972.220695019 87.373877805 -42.665413636 -318.442011942 0.707729647 0.705679937 0.000720404 -0.033675717
1520616972.270697117 87.466532350 -42.775098794 -317.452373472 0.701868749 0.711523816 0.022344681 -0.024795837
1520616972.320699215 88.189975034 -43.013218314 -316.804353583 0.694387641 0.718509620 0.030299042 -0.025528390
1520616972.370700121 88.490472499 -43.626290927 -316.073707810 0.683726992 0.728534433 0.034931580 -0.023124983
1520616972.420702219 88.889535473 -43.912478939 -315.202590617 0.669923294 0.741730893 0.029437075 -0.013096630
1520616972.470703125 89.622364683 -43.885894371 -314.522697529 0.652352737 0.757847600 0.009758938 0.002772163
1520616972.520705223 89.964936074 -44.342490283 -313.701622006 0.639327139 0.768530586 -0.001978973 0.024852216
1520616972.572062016 89.934806429 -44.863673588 -312.848709252 0.625536286 0.778437177 -0.015574418 0.049973524
1520616972.622064114 90.673855846 -45.104469886 -312.219564513 0.611259624 0.786688773 -0.031853308 0.080422719
1520616972.672066212 90.177802796 -44.612065352 -312.934735223 0.599094640 0.790744468 -0.051129465 0.114867646
1520616972.722067118 90.188215247 -44.617985696 -311.934806961 0.584553262 0.792236846 -0.065162221 0.162518147
1520616972.772069216 90.372111060 -43.829367818 -311.348066666 0.553710198 0.796035695 -0.093444068 0.225832671
1520616972.822070122 90.082424557 -43.853476773 -312.304884563 0.541795131 0.791244986 -0.100520053 0.265113422
1520616972.872071981 90.318299867 -43.674497819 -311.349725219 0.527249663 0.785839323 -0.108448570 0.304472100
1520616972.922073126 90.406916189 -43.548258506 -310.361691423 0.511876804 0.776095617 -0.127400049 0.345582057
1520616972.970898867 90.233726003 -43.396407774 -309.388579654 0.493954658 0.768305249 -0.134797719 0.384116408
1520616973.020900011 90.269509350 -43.148713154 -308.420402538 0.478409187 0.757713859 -0.149277725 0.417983873
1520616973.070901871 89.902014896 -42.712299547 -307.599128534 0.458213927 0.748275186 -0.157389026 0.453158843
1520616973.120903730 89.729148438 -42.084278526 -306.840375092 0.440516204 0.734641752 -0.168858814 0.487579400
1520616973.170906067 89.180491286 -41.610531302 -306.151507256 0.424178354 0.723331174 -0.165322124 0.519165996
1520616973.220906734 88.853114858 -40.850642732 -305.589907722 0.413654836 0.714626254 -0.165417482 0.539292175
1520616973.270909071 88.283529333 -40.332914901 -304.951526784 0.405320303 0.709207547 -0.150684156 0.556807321
1520616973.320909977 87.732378625 -39.632239618 -304.498440649 0.405002757 0.691442400 -0.145176733 0.580348077
1520616973.369652033 86.901473034 -39.360551493 -304.012867317 0.403490682 0.680661771 -0.131720838 0.597113427
1520616973.419653177 86.623796974 -38.426401589 -304.237054655 0.401505359 0.657918026 -0.145741049 0.620239361
1520616973.469655037 85.767564722 -38.028761416 -303.907284093 0.399198502 0.644356507 -0.134132994 0.638320913
1520616973.519655943 85.781786693 -37.498811943 -303.059374138 0.406756533 0.634650475 -0.135501364 0.642967556
1520616973.569659233 84.961238492 -36.936197802 -302.958547662 0.406958329 0.617854949 -0.127240813 0.660643592
1520616973.619660139 84.240108104 -36.270735335 -302.765854464 0.407532602 0.594755256 -0.124658700 0.681647690
1520616973.669661045 83.394166205 -35.791045358 -302.532874145 0.410982963 0.571271754 -0.112793212 0.701440859
1520616973.719662189 82.472613440 -35.410106928 -302.607883577 0.413691803 0.543813968 -0.098169177 0.723524894
1520616973.772500038 81.722746115 -34.768122439 -302.767742610 0.409840183 0.517794402 -0.084115300 0.746220208
1520616973.822506189 80.954173595 -34.379799311 -303.276172968 0.401419699 0.491068101 -0.067161977 0.770197127
1520616973.872503042 80.150300651 -33.824658259 -303.489730226 0.405995714 0.466328395 -0.059251764 0.783705644
1520616973.922505140 79.350802285 -33.281550743 -303.746316643 0.410663832 0.436323127 -0.048360733 0.799148663
1520616973.972506285 78.684511490 -32.696943527 -304.209232379 0.418421487 0.410754169 -0.035885268 0.809269250
1520616974.022508144 78.289417383 -31.856227086 -304.579497841 0.430443860 0.382121526 -0.028112068 0.817258181
1520616974.072509289 78.222678900 -31.017817117 -305.120436561 0.441866057 0.361442073 -0.015163576 0.820904429
1520616974.122511148 77.452923541 -30.445407581 -305.402967995 0.452033207 0.356756236 0.006564450 0.817525459
1520616974.172512054 77.207577903 -29.619510257 -305.910608742 0.465446172 0.339126076 0.018562680 0.817318048
1520616974.223019600 76.813079369 -28.949056398 -306.538989621 0.478853428 0.333009721 0.034488370 0.811550659
1520616974.273021460 76.648954320 -27.975352820 -306.696990606 0.491484543 0.328377723 0.057535212 0.804550007
1520616974.323022604 76.563140170 -27.190988763 -307.311326799 0.504903441 0.333026307 0.080002810 0.792316568
1520616974.373024702 76.435847933 -26.272117450 -307.684786564 0.521811290 0.338765183 0.100053609 0.776492372
1520616974.423025608 75.917082082 -25.417234127 -307.677270188 0.535509314 0.354274913 0.124909597 0.756383932
1520616974.473027706 75.682503584 -24.456020560 -307.532213626 0.547315680 0.372890710 0.149927163 0.734111647
1520616974.523028612 75.346337871 -23.521041468 -307.645380367 0.554407264 0.402227758 0.164022724 0.709888697
1520616974.573030472 74.727655657 -22.770027944 -307.876055473 0.553978979 0.444595625 0.177020753 0.681253017
1520616974.623537540 73.780103376 -22.460811174 -307.956861807 0.548265061 0.471742865 0.202381323 0.660231696
1520616974.673539400 73.067285303 -21.963570660 -307.462248559 0.549489596 0.494457091 0.218034696 0.637208161
1520616974.723541260 72.708743178 -21.044007085 -307.301468037 0.541894398 0.516267096 0.229167406 0.622335156
1520616974.773542404 71.801917072 -20.644439651 -307.435677867 0.521490121 0.549713070 0.242350989 0.605912198
1520616974.823544502 70.811232945 -20.521484144 -307.377138090 0.494904933 0.570884969 0.264578792 0.599297525
1520616974.873546362 69.882112282 -20.293020707 -307.086381747 0.472052336 0.591138206 0.279063012 0.591477851
1520616974.923547506 69.028524911 -20.199430486 -306.573907875 0.448977331 0.605143384 0.297965447 0.586035352
1520616974.973549366 68.100958889 -19.835860817 -306.660153869 0.419893027 0.619565458 0.303059774 0.589901062
1520616975.024249077 67.124319446 -19.812409409 -306.446552772 0.390404017 0.637558394 0.303846612 0.590577035
1520616975.074251175 66.374351807 -20.085780237 -305.844209904 0.365374719 0.655561788 0.302442715 0.587595492
1520616975.124252319 65.458734268 -20.332322258 -305.526622822 0.340364060 0.663693821 0.301325807 0.594024896
1520616975.174254179 64.749402606 -20.977005648 -305.241610682 0.315931161 0.674326895 0.304342399 0.594008791
1520616975.224256039 63.858289516 -21.287515174 -304.910700883 0.293953638 0.682811357 0.301882481 0.596847449
1520616975.274257183 62.990932383 -21.438747002 -304.436548441 0.269982308 0.693040604 0.298760350 0.597951944
1520616975.324259281 62.303767292 -21.998155690 -303.973011972 0.242048496 0.695811494 0.307187163 0.602407618
1520616975.374260426 61.616852063 -21.828225513 -303.266420717 0.226773196 0.696485651 0.302937098 0.609680877
1520616975.424300909 60.679864623 -21.694328730 -302.943734817 0.208071541 0.688052554 0.304664871 0.624875374
1520616975.474306107 59.774503414 -21.759835360 -302.524175569 0.188667320 0.680339063 0.309217056 0.637124959
1520616975.524303913 59.013339164 -21.949899894 -301.904091334 0.180937606 0.671819111 0.310676915 0.647611395
1520616975.574305058 58.206725594 -22.231009962 -301.384137801 0.175122874 0.657355658 0.317074160 0.660817293
1520616975.624307156 57.246264182 -22.228606312 -301.105735035 0.170135768 0.646136493 0.310873463 0.675957945
1520616975.674307823 56.258559329 -22.362090079 -301.024364236 0.160137937 0.638118023 0.301093148 0.690292797
1520616975.724310160 55.317610243 -22.683695893 -300.918607359 0.154475352 0.629951375 0.291845130 0.702940289
1520616975.774311066 54.362380538 -22.979486431 -300.911961334 0.147223590 0.615487524 0.285698212 0.719636613
1520616975.824274302 53.369425131 -22.922134110 -301.015644845 0.140756139 0.598812918 0.280631955 0.736787965
1520616975.874276161 52.448279030 -23.268590901 -300.838282076 0.131147873 0.587753505 0.286679343 0.745091275
1520616975.924277067 51.569260227 -23.554189824 -301.220066309 0.127219690 0.565135152 0.294287648 0.760152742
1520616975.974279165 50.577042237 -23.535002394 -301.343091927 0.127734692 0.543078959 0.304567940 0.772002243
1520616976.024280071 49.820630794 -23.549726243 -301.997022302 0.123100801 0.511721518 0.316613744 0.789140683
1520616976.074282408 48.934614160 -23.827087047 -302.368567062 0.127415301 0.478120520 0.333371666 0.802514449
1520616976.124283314 48.185623955 -23.817678925 -303.031081334 0.134024458 0.441932533 0.347741127 0.815971317
1520616976.174285173 47.299831354 -23.878900409 -303.491106766 0.144005960 0.413307873 0.360601833 0.823653570
1520616976.222925901 46.516566270 -24.043596014 -304.090582508 0.148617810 0.388014627 0.382738531 0.825147630
1520616976.272927999 46.111244955 -24.141209636 -304.999530369 0.150222274 0.363044362 0.403073253 0.826537363
1520616976.322930098 45.623022036 -24.324503293 -305.852784033 0.153829876 0.344346576 0.427958915 0.821348265
1520616976.372931004 45.203632811 -24.276521529 -306.759321638 0.155215593 0.330843131 0.454239458 0.812476127
1520616976.422933102 45.039719488 -24.535199671 -307.711276491 0.151886922 0.323873863 0.476467858 0.803127925
1520616976.472934961 44.398923638 -24.341532505 -308.454158519 0.157078113 0.327112055 0.498543338 0.787260256
1520616976.522935867 43.931138530 -23.882825398 -309.209648348 0.158767095 0.331875959 0.517458760 0.772585134
1520616976.572937965 43.531956798 -23.532113417 -310.056793584 0.151695482 0.334332012 0.535846719 0.760314987
1520616976.622938871 43.098634838 -23.146139590 -310.871199063 0.144164337 0.338125150 0.554032101 0.746951443
1520616976.671810627 42.378905237 -23.151514644 -311.565432749 0.133254460 0.345819309 0.578589269 0.726558128
1520616976.721812487 41.677531444 -23.130861805 -312.277927144 0.127514247 0.367515585 0.590320339 0.707244165
1520616976.771813631 40.825419972 -23.222797966 -312.793149215 0.116735478 0.392553044 0.601053726 0.686301213
1520616976.821814537 40.124871775 -23.421840348 -313.478433355 0.099579827 0.415188428 0.607781710 0.669554942
1520616976.871816635 39.291307712 -23.515314094 -314.022890527 0.088382347 0.435108668 0.617698188 0.649090098
1520616976.921818733 38.571118501 -23.678006747 -314.697322586 0.084380856 0.452068268 0.624415228 0.631363425
1520616976.971819639 37.812073792 -23.759680292 -315.343217748 0.081637834 0.462366557 0.634731033 0.613733612
1520616977.021821499 37.422660759 -24.173603667 -316.166032994 0.071873206 0.466946898 0.648669214 0.596676703
1520616977.070592165 37.109907800 -24.818788166 -316.863114446 0.069786940 0.474105318 0.660164213 0.578391858
1520616977.120594025 36.238464193 -25.206211994 -317.163928037 0.079021077 0.489931586 0.665378173 0.557668895
1520616977.170696020 35.829188954 -25.861142745 -317.799191361 0.081748458 0.506500978 0.664049350 0.543886394
1520616977.220597029 35.037227530 -26.465617746 -317.713126994 0.093932873 0.537726084 0.643182632 0.536976141
1520616977.270597935 34.599545712 -26.932435762 -318.481577101 0.105940652 0.551854727 0.631456880 0.534317459
1520616977.320600271 33.631518511 -27.179112897 -318.436038885 0.114227078 0.574336359 0.605929624 0.538460037
1520616977.370600939 32.912159716 -27.728501285 -318.861121609 0.110805027 0.581734965 0.590762594 0.548002038
1520616977.420603037 32.004517935 -27.990529219 -319.189035867 0.094569800 0.581742059 0.575947609 0.566495438
1520616977.469717264 31.273396029 -28.645061571 -319.381514850 0.069369991 0.582342433 0.563779946 0.581564500
1520616977.519718409 30.591624710 -29.302255538 -319.702893066 0.041891100 0.573283774 0.555324932 0.601003386
1520616977.569720507 29.758081420 -29.764107893 -320.006039871 0.008895939 0.558907382 0.546890602 0.623260836
1520616977.619721651 29.136082594 -30.397775713 -320.466020908 -0.011886300 0.543656477 0.542718645 0.640119382
1520616977.669723511 28.332291696 -30.973443358 -320.315931082 -0.029485655 0.534513083 0.531294438 0.656622099
1520616977.719724417 27.773266711 -31.757942450 -320.584356564 -0.038270574 0.518448060 0.527677826 0.671790953
1520616977.769726515 27.076082695 -32.474794761 -320.576792648 -0.041581525 0.507733750 0.514952089 0.689421324
1520616977.819727421 26.391950150 -33.203737719 -320.601385829 -0.038290220 0.497541008 0.504668666 0.704483031
1520616977.868643761 25.615224422 -33.822884220 -320.716948601 -0.034407570 0.484499630 0.496172865 0.719644854
1520616977.918645859 25.024219923 -34.503667823 -321.149669491 -0.033287935 0.459834622 0.494701235 0.736691741
1520616977.968646765 24.543022655 -35.087165772 -321.803870785 -0.029859622 0.436772788 0.494914874 0.750597896
1520616978.018648624 24.143702626 -35.482951494 -322.630851544 -0.028556482 0.403199851 0.494954288 0.769177912
1520616978.068650961 23.363394067 -36.045717505 -322.903638950 -0.016753116 0.386171327 0.486342333 0.783621193
1520616978.118651628 22.722993506 -36.405979247 -323.581944633 -0.007984906 0.358799218 0.479798428 0.800620279
1520616978.168652534 22.327121424 -36.729689225 -324.441303198 -0.006816749 0.323655831 0.476689226 0.817292981
1520616978.218655825 21.732099115 -37.124380915 -325.141422418 -0.005622063 0.292796959 0.471233906 0.831971717
1520616978.267195463 21.027078747 -37.475472428 -325.757605045 0.000344248 0.263730477 0.467647983 0.843653650
1520616978.317196369 20.784382861 -38.080487855 -326.515928881 0.006943643 0.233779765 0.463048557 0.854918032
1520616978.367198229 20.549602775 -38.516905082 -327.384501455 0.009359606 0.200998340 0.458559584 0.865583718
1520616978.417200565 20.578441895 -38.891350435 -328.311301855 0.015841402 0.161653580 0.460034470 0.872917783
1520616978.467201471 20.240853353 -38.645557420 -329.219938070 0.024296613 0.127020083 0.451954734 0.882616843
1520616978.517203569 20.561662294 -38.768793417 -330.159030457 0.032767584 0.083763479 0.458772478 0.883989693
1520616978.567204475 20.881006226 -38.389541619 -331.027470166 0.033605140 0.048017559 0.449888216 0.891159695
1520616978.617206335 21.057465617 -37.861141306 -331.857924976 0.038069598 0.022343919 0.447750718 0.893068166
1520616978.666617870 20.993182552 -38.313016875 -332.747686831 0.034029966 -0.000468162 0.442255461 0.896243187
1520616978.716622829 20.989660175 -38.876844725 -333.573571658 0.027818028 -0.018855120 0.433698117 0.900431333
1520616978.766620874 21.334408923 -39.016055123 -334.501886673 0.021160645 -0.046515730 0.429663392 0.901541948
1520616978.816694975 21.376822887 -39.545868713 -335.348939572 0.019752642 -0.067738059 0.428197543 0.900926330
1520616978.866623878 21.555257595 -39.902218491 -336.266095988 0.017824681 -0.088734462 0.425424754 0.900456692
1520616978.916625738 21.906940387 -39.877201735 -337.201880886 0.014506228 -0.108107052 0.421526136 0.900232277
1520616978.966626883 21.816989792 -40.202218603 -338.143301581 0.012183976 -0.122172562 0.422267071 0.898117997
1520616979.016628742 22.006626108 -39.982016412 -339.100144862 0.009156402 -0.135985269 0.427866815 0.893506662
1520616979.066630840 22.453988149 -40.222614146 -339.961527433 0.009593350 -0.154045213 0.434575897 0.887311574
1520616979.116288424 22.744460358 -40.407515195 -340.900376461 0.014071762 -0.170269417 0.438060974 0.882560420
1520616979.166290283 22.683040536 -39.923750303 -341.773416629 0.013968366 -0.183223912 0.433516547 0.882211588
1520616979.216291428 22.730673249 -39.737429618 -342.754750276 0.015851105 -0.193150268 0.436916882 0.878376545
1520616979.266293287 23.238861759 -40.049053387 -343.557641965 0.009140976 -0.208993543 0.440632961 0.872972357
1520616979.316294432 23.362231097 -40.140945518 -344.545739047 0.009646492 -0.220175875 0.443412294 0.868800936
1520616979.366296530 23.776055959 -40.082249894 -345.454201378 0.003098512 -0.238497785 0.444544291 0.863417384
1520616979.416297197 23.777662348 -39.807203307 -346.415630936 -0.004563210 -0.253611253 0.446131751 0.858269754
1520616979.466299534 23.620445177 -39.930328768 -347.395489539 -0.008155807 -0.264823541 0.452573387 0.851457165
1520616979.515960217 23.253102358 -39.715123969 -346.490643614 -0.003982567 -0.272475760 0.457761300 0.846283458
1520616979.565961123 23.708883474 -39.975872197 -347.341686466 -0.001192568 -0.284734745 0.463546058 0.839076728
1520616979.615963221 23.819408078 -40.023644251 -348.334411072 0.008108149 -0.290168153 0.470838092 0.833095548
1520616979.665964127 23.930180350 -40.427411420 -349.242541887 0.010974751 -0.294556565 0.474061790 0.829687534
1520616979.715965986 24.457510911 -40.093581621 -350.023874175 0.011020991 -0.301717427 0.472535636 0.827982612
1520616979.765968323 24.557302771 -39.646791160 -350.912929781 0.017370289 -0.306325217 0.476950415 0.823639142
1520616979.815970182 25.011229704 -39.572557841 -351.800871081 0.017370289 -0.306325217 0.476950415 0.823639142
1520616979.865971088 25.171696190 -39.486688806 -352.784170128 0.018629403 -0.304858536 0.478561287 0.823221302
1520616979.915788651 25.495175383 -39.294470856 -353.710676184 0.018827966 -0.303132163 0.480991871 0.822437365
1520616979.965790510 25.465017836 -39.084798531 -354.687982706 0.030442454 -0.298667939 0.490403930 0.818153228
1520616980.015792370 25.850875070 -39.024752484 -355.608585046 0.038385378 -0.290758244 0.498634290 0.815689924
1520616980.065794706 26.281137817 -38.495212372 -356.339653605 0.045378705 -0.301540923 0.498084669 0.811742266
1520616980.115795612 26.805085246 -38.327776462 -357.174784916 0.045378705 -0.301540923 0.498084669 0.811742266
1520616980.165799618 26.451346871 -37.975273488 -358.041162902 0.045426151 -0.301949742 0.503053255 0.808517310
1520616980.215798616 27.217562087 -37.761905956 -358.647288747 0.033762699 -0.312051095 0.507526511 0.802434443
1520616980.265799522 27.329320372 -37.299498903 -359.526885133 0.034213412 -0.310716780 0.512402463 0.799830132
1520616980.316151857 28.056831777 -36.996427822 -360.142413424 0.030671669 -0.309867488 0.514967041 0.798655330
1520616980.366152763 28.580254832 -37.460238755 -360.857191518 0.023571179 -0.302312401 0.511144999 0.804227829
1520616980.416154861 28.763083466 -37.469866611 -361.840289171 0.025280302 -0.298916404 0.512750490 0.804423287
1520616980.466203928 28.787692991 -37.242026879 -362.813676775 0.031215350 -0.301881575 0.515761647 0.801176036
1520616980.516157866 28.586079565 -37.000195128 -363.762818192 0.038588841 -0.299419701 0.524136433 0.796328917
1520616980.566159964 28.457348657 -36.955988399 -364.753511949 0.047538841 -0.303862029 0.527896323 0.791664953
1520616980.616160870 28.149659249 -37.015874956 -365.703112301 0.061902284 -0.307620872 0.533640502 0.785344078
1520616980.666162968 28.360969591 -36.971690383 -366.679532120 0.074250400 -0.318002070 0.533769090 0.780033410
1520616980.716924906 28.971359263 -36.649426018 -367.403113578 0.086508763 -0.331487557 0.532599033 0.773931847
1520616980.766927004 28.973835646 -36.603685917 -368.402063882 0.099722320 -0.337466163 0.533974644 0.768793293
1520616980.816928148 28.961354715 -36.417999387 -369.384593647 0.108476923 -0.339665807 0.535692325 0.765436888
1520616980.866930008 28.967127375 -36.129094851 -370.341934153 0.113119206 -0.340693707 0.536298154 0.763882277
1520616980.916930914 29.091729604 -35.725909401 -371.248529861 0.114587639 -0.338785834 0.541152617 0.761083226
1520616980.966933012 29.639381578 -35.145374144 -371.851071255 0.116776837 -0.343121377 0.543182468 0.757353086
1520616981.016933918 29.478752575 -34.962388675 -372.820975704 0.118726858 -0.333768094 0.544504349 0.760274823
1520616981.066936255 29.949644016 -34.562490111 -373.607323204 0.118044538 -0.327820640 0.545103265 0.762536259
1520616981.116938114 29.775539950 -34.431900152 -374.583352935 0.117753236 -0.318783763 0.549917146 0.762956238
1520616981.166481972 29.759069443 -34.178831976 -375.550661170 0.116739316 -0.310367910 0.550804649 0.765935984
1520616981.216484308 29.616447180 -34.128538883 -376.539159776 0.111507195 -0.300189155 0.547293209 0.773254654
1520616981.266486168 29.369388441 -34.044965667 -377.504549592 0.103520926 -0.296704840 0.542611544 0.778988041
1520616981.316487074 28.927856944 -33.860897095 -378.382711706 0.097171888 -0.295572233 0.544751295 0.778743030
1520616981.366488218 28.653598537 -34.020291416 -379.331065953 0.083102764 -0.294581019 0.551338838 0.776106590
1520616981.416490078 28.601336905 -34.013442419 -380.329675893 0.073010812 -0.288351208 0.555563010 0.776448803
1520616981.466491938 28.166365396 -34.135084066 -381.221865949 0.066426840 -0.282756275 0.565429612 0.771962251
1520616981.516494274 28.429224823 -34.440607523 -382.137049176 0.061230484 -0.284121778 0.569789151 0.768678065
1520616981.566055059 27.972562548 -34.395145622 -383.025526965 0.070936071 -0.284616109 0.570522530 0.767115237
1520616981.616056204 28.234623301 -34.429085852 -383.989981330 0.069793963 -0.285472914 0.569293132 0.767814657
1520616981.666058064 28.111794684 -34.824142640 -384.900389626 0.070617125 -0.287579248 0.576932374 0.761222986
1520616981.716059923 27.896665892 -35.094258522 -385.838876180 0.074327125 -0.293393011 0.583100725 0.753916152
1520616981.766061068 28.106815654 -34.718518394 -386.741459381 0.078035434 -0.311504887 0.578508112 0.749802334
1520616981.816063166 28.161334932 -33.856842271 -387.245980844 0.091493029 -0.325796902 0.567001298 0.750995960
1520616981.866065025 27.706344618 -34.165437431 -388.081296857 0.099913047 -0.326493584 0.560333800 0.754616031
1520616981.916066170 27.748278293 -34.000765208 -389.066753415 0.106042331 -0.331267610 0.546411788 0.761873318
1520616981.965775490 27.638494006 -34.222542967 -390.035650744 0.112189935 -0.330968000 0.536382083 0.768223836
1520616982.015775681 27.453894792 -34.427707047 -390.996811933 0.110192986 -0.330371235 0.532878896 0.771201942
1520616982.065777540 27.179705872 -33.580019591 -391.450955537 0.115979260 -0.335808589 0.526314001 0.772512120
1520616982.115798712 26.864878847 -33.797902160 -392.374758076 0.115443437 -0.334471670 0.524275237 0.774555996
1520616982.165780544 26.590914923 -34.032131591 -393.307539048 0.110541060 -0.325944780 0.523837418 0.779188703
1520616982.215781450 26.318974689 -34.329163426 -394.222864453 0.114151737 -0.321340119 0.526623177 0.778702728
1520616982.265783548 26.003339429 -34.710986198 -395.091533408 0.124289347 -0.319104159 0.531390866 0.774821555
1520616982.315784454 25.523834452 -34.835370133 -395.960212644 0.138179610 -0.319048740 0.533736381 0.770869491
1520616982.365704060 25.576901447 -35.327951961 -396.828859313 0.146918463 -0.322483708 0.535043616 0.766907786
1520616982.415704966 25.870776630 -34.584042906 -397.429056526 0.168998233 -0.344564074 0.530418910 0.755890850
1520616982.465707064 25.957523757 -34.830853623 -398.394229778 0.170723853 -0.351542695 0.530845171 0.751980388
1520616982.515707970 25.621425466 -35.046851524 -399.310953753 0.172220502 -0.354799012 0.534689819 0.747371766
1520616982.565710068 25.571065332 -35.072795906 -400.309347836 0.166108893 -0.357274163 0.536555274 0.746238197
1520616982.615710974 25.386187613 -35.091455607 -401.291932206 0.166521198 -0.357174234 0.541813656 0.742384819
1520616982.665713072 25.524096763 -35.128108475 -402.281698660 0.164464173 -0.362111887 0.545496453 0.737739884
1520616982.715715170 25.257259747 -34.989393254 -403.235405163 0.169878177 -0.362197539 0.541886345 0.739130257
1520616982.765817642 24.862074042 -34.954664862 -404.153349713 0.172446926 -0.358528857 0.543039103 0.739477957
1520616982.815819502 24.766497185 -34.640038802 -405.097741320 0.177696651 -0.358985185 0.539690541 0.740464487
1520616982.865820408 24.460092120 -34.351525512 -406.004866459 0.185586264 -0.365161185 0.534624640 0.739183023
1520616982.915822744 24.462461186 -33.884351756 -406.889028814 0.190483775 -0.381188209 0.529643638 0.733409229
1520616982.965823650 24.499669236 -34.037544598 -407.876524390 0.188276658 -0.391204436 0.526072468 0.731272007
1520616983.015825510 24.414516568 -34.166405382 -408.864524351 0.178918058 -0.397830741 0.524740050 0.731004042
1520616983.065827608 24.158968982 -33.923935796 -409.800421744 0.177182513 -0.406138611 0.521128441 0.729440151
1520616983.115829706 23.860863815 -33.757785893 -410.740383190 0.172566670 -0.410199059 0.520383324 0.728806334
1520616983.165883541 23.945889923 -33.517184968 -411.707276025 0.162483011 -0.423899261 0.518646221 0.724510031
1520616983.215885401 24.117097447 -32.788862676 -412.370777814 0.158538307 -0.437408186 0.513202631 0.721223089
1520616983.265887499 24.360728444 -32.844881679 -413.339026650 0.151078929 -0.443247489 0.512031294 0.720090810
1520616983.315888405 24.065783125 -32.341729324 -414.151335068 0.145858981 -0.451280692 0.514387306 0.714476448
1520616983.365890503 23.785987139 -31.669026797 -414.836306248 0.138036475 -0.458828562 0.515934826 0.710094035
1520616983.415891647 23.537082082 -31.031734402 -415.565624200 0.116204435 -0.467770975 0.516693576 0.707611894
1520616983.465892553 23.794713063 -30.887163603 -416.520990916 0.086645353 -0.477129596 0.518740469 0.704093926
1520616983.515894651 23.759303105 -30.355727304 -417.367348757 0.060220385 -0.486846964 0.521685735 0.697995368
1520616983.565895557 23.580248482 -30.075628397 -418.310473374 0.042263224 -0.494817668 0.529155798 0.688014126
1520616983.615723848 24.221602141 -29.401838049 -418.677450281 0.037268072 -0.515877245 0.530152505 0.671878025
1520616983.665724993 24.294855937 -28.912232674 -419.546311868 0.038241764 -0.530406480 0.537183090 0.654706699
1520616983.715726852 24.538080157 -28.012330152 -419.908275168 0.050993308 -0.550963789 0.537993781 0.635925528
1520616983.765728951 24.687276597 -27.111896331 -420.316881772 0.058491628 -0.567519808 0.535354655 0.622812484
1520616983.815730095 24.027057578 -27.847143383 -420.470252629 0.059851239 -0.581180976 0.540600271 0.605308062
1520616983.865731955 24.700365916 -27.113559105 -420.562502236 -0.055980882 0.593896707 -0.544859255 -0.589305722
1520616983.915733099 23.994136446 -27.439287329 -419.933899770 -0.042119736 0.600109986 -0.555383239 -0.574145792
1520616983.965734959 24.284216610 -26.900931228 -420.725117950 -0.015563333 0.589004591 -0.571746860 -0.570908839
1520616984.015578508 23.343078397 -26.951671366 -420.390925933 -0.019812739 -0.568994856 0.581055714 0.581572494
1520616984.065580368 22.485917899 -27.136783161 -419.910291454 -0.064170973 -0.545817933 0.583757913 0.597655059
1520616984.115581274 22.121873721 -26.208346922 -419.836278033 -0.106865571 -0.521686586 0.579300307 0.617117502
1520616984.165583372 21.428364710 -25.505798507 -419.676681740 -0.137990177 -0.497473121 0.575881239 0.633908514
1520616984.215585470 21.008743409 -26.102137231 -418.992358651 -0.190872739 -0.456891509 0.555590233 0.667935056
1520616984.265586376 20.571679639 -25.204086057 -419.042151718 -0.213556469 -0.420180314 0.530224761 0.704772191
1520616984.315588474 20.934817081 -24.960990099 -419.941615755 -0.252369231 -0.370136967 0.499959596 0.741180679
1520616984.365589380 21.662357386 -25.163704665 -420.597048367 -0.275600858 -0.320754335 0.465165886 0.777677004
1520616984.415640831 22.059077067 -24.258632763 -420.443887186 -0.283219804 -0.289466345 0.429666883 0.807082491
1520616984.465641975 22.250424361 -23.367871710 -420.856114016 -0.281240372 -0.265335651 0.394932190 0.833384312
1520616984.515644073 22.599902646 -23.996875969 -421.550533608 -0.291021615 -0.238857217 0.354272862 0.856004900
1520616984.565645933 22.772682094 -24.232548059 -422.506883925 -0.295073524 -0.226598631 0.323465005 0.870031647
1520616984.615647078 23.729926814 -23.988381691 -422.662013973 -0.288093066 -0.240428155 0.296827595 0.878117342
1520616984.665648937 23.929617090 -24.003948654 -423.641749377 -0.274377775 -0.247274657 0.276492847 0.887199970
1520616984.715649843 24.188067710 -24.036785988 -424.607215579 -0.258550043 -0.262317225 0.265196273 0.891073782
1520616984.765652180 25.078604486 -23.618221214 -424.429036513 -0.238552532 -0.289750943 0.268069610 0.887285616
1520616984.815819025 25.834252762 -23.109246823 -424.016797804 -0.222055017 -0.319137284 0.278949030 0.878083369
1520616984.865819931 26.376828366 -22.307698232 -423.765537840 -0.206446126 -0.349481035 0.291618273 0.866141897
1520616984.915822268 27.360766616 -22.246269633 -423.597931014 -0.210270772 -0.377467878 0.307650496 0.847735440
1520616984.965824127 27.640623871 -21.362742242 -423.222352439 -0.214867060 -0.402273131 0.328223276 0.827210950
1520616985.015825033 28.175752510 -21.249488308 -424.059496922 -0.238372909 -0.417388380 0.358313746 0.800360266
1520616985.065826178 29.137303174 -21.032118263 -423.891655969 -0.274047708 -0.437854619 0.380827231 0.766910559
1520616985.115828037 29.404769731 -20.068921707 -423.864934550 -0.315474150 -0.443725903 0.394964697 0.739990724
1520616985.165829182 29.589988704 -19.098460367 -424.019526660 -0.363817634 -0.440225363 0.401061274 0.716231955
1520616985.215872049 30.482116149 -18.665145155 -423.891673037 -0.416640979 -0.435435187 0.402113972 0.689282849
1520616985.265873909 30.697798128 -17.705458927 -424.071905185 -0.459154179 -0.412771637 0.393325842 0.681242833
1520616985.315875053 31.290739271 -17.558793770 -424.863681752 -0.497976791 -0.370782198 0.375915119 0.687915329
1520616985.365877151 32.044855989 -16.903301157 -424.904146675 -0.515148686 -0.335739470 0.348440614 0.707453163
1520616985.415881157 32.656911127 -16.210020608 -425.284607695 -0.521703405 -0.292977530 0.319545494 0.734765541
1520616985.465880156 33.402425584 -15.555884101 -425.412332497 -0.516261756 -0.259653167 0.285706940 0.764477322
1520616985.515881062 34.294183456 -15.241951319 -425.738237554 -0.509445606 -0.224194042 0.241525384 0.794901060
1520616985.565882921 35.180650771 -14.799447614 -425.873759401 -0.504253463 -0.200271168 0.198931313 0.816116559
1520616985.615884066 36.140971431 -14.562022645 -426.020093311 -0.505957686 -0.193514609 0.160584835 0.825088739
1520616985.665736437 37.125726683 -14.625713177 -426.181959334 -0.516503585 -0.197220626 0.119679452 0.824624096
1520616985.715737581 38.018483739 -14.703919284 -426.625658155 -0.525360441 -0.211208998 0.084733842 0.819882517
1520616985.765739679 38.981293893 -14.924128348 -426.782197533 -0.531355272 -0.237893189 0.051885821 0.811403886
1520616985.815741777 39.901155249 -15.230426289 -426.537173743 -0.531008952 -0.273699176 0.030588973 0.801362945
1520616985.865742683 40.738365893 -15.563183282 -426.103179364 -0.519851605 -0.314509740 0.016683225 0.794077831
1520616985.915744543 41.435405165 -16.259271137 -425.931138814 -0.500603032 -0.353950234 0.008299637 0.789966425
1520616985.965745687 42.378984265 -16.348884516 -425.612347466 -0.481810740 -0.398136116 0.009915921 0.780543220
1520616986.015747786 43.025915611 -16.932414184 -425.121457498 -0.469999352 -0.437544819 0.011232824 0.766504380
1520616986.065976143 43.479781167 -17.510281459 -424.443168865 -0.466907850 -0.477593006 0.024721260 0.743835223
1520616986.115978003 44.170879434 -17.847293556 -423.803789453 -0.469880325 -0.514265669 0.047664073 0.715871105
1520616986.165978909 45.017440118 -18.354166999 -423.641264622 -0.480164926 -0.534098135 0.072948974 0.691996584
1520616986.215981245 45.847880377 -17.954483448 -423.253164074 -0.494662997 -0.550861266 0.097118392 0.665152917
1520616986.265983105 46.448852365 -17.959321757 -424.052419515 -0.514425179 -0.556682516 0.117987040 0.641521917
1520616986.315984011 47.369130364 -18.282877052 -424.272420368 -0.540388765 -0.550483792 0.136702065 0.621498288
1520616986.365986109 46.563117044 -18.073069374 -424.825885152 -0.569909173 -0.537586207 0.144503136 0.604419926
1520616986.415987968 45.604667575 -17.825543237 -424.967678756 0.604247899 0.516644128 -0.151453309 -0.587388472
1520616986.466095209 46.051037222 -18.658143648 -424.639760025 0.638227765 0.493725502 -0.153255227 -0.570450072
1520616986.516097069 45.130726864 -18.292983087 -424.780069005 0.666864670 0.463322522 -0.149332078 -0.564201810
1520616986.566097975 44.303912750 -18.018569321 -425.271063410 0.687519197 0.431501747 -0.135985061 -0.568006742
1520616986.616100073 45.071347537 -17.429397518 -425.523888320 0.701011231 0.400549195 -0.127976385 -0.575991008
1520616986.666102171 45.737792208 -16.687777271 -425.447397083 0.706599228 0.371345052 -0.109530902 -0.592303440
1520616986.716103077 46.735439746 -16.710996499 -425.382897012 0.709337552 0.342450340 -0.077101215 -0.611247417
1520616986.766104221 47.347473400 -15.923445281 -425.454854544 0.706090261 0.321694463 -0.033805746 -0.629925700
1520616986.816106081 48.166427999 -15.349764709 -425.469136191 0.695102068 0.312115107 0.013664320 -0.647480163
1520616986.865979433 48.669442003 -16.088405503 -425.020374908 0.679226811 0.307251200 0.062372740 -0.663594214
1520616986.915982485 48.744847895 -15.092725178 -425.074547233 -0.654986715 -0.320269815 -0.081033321 0.679597858
1520616986.965983391 49.706599003 -15.236203451 -425.307889882 -0.624163081 -0.329971095 -0.085258948 0.703043695
1520616987.015984535 49.542921146 -14.311894326 -424.963125902 -0.579325405 -0.357045613 -0.072411752 0.729148163
1520616987.065986395 48.690928291 -13.822330365 -425.148693416 -0.540057726 -0.378465894 -0.047812361 0.750210102
1520616987.116074324 48.035430482 -13.069068377 -425.202721184 -0.495247925 -0.405350729 -0.012224398 0.768290858
1520616987.165989399 47.887042285 -12.080986599 -425.161790219 -0.448590275 -0.427165691 0.031158568 0.784426786
1520616987.215990305 47.115528271 -11.454105376 -425.053226604 -0.405820873 -0.445508492 0.070182236 0.794925189
1520616987.266605377 46.176124721 -11.704510416 -425.287359657 -0.385041513 -0.450817934 0.087034859 0.800581762
1520616987.316606283 45.179858490 -11.787574162 -425.310897114 -0.381816000 -0.458961371 0.088476911 0.797334835
1520616987.366608381 44.265573842 -11.829300086 -425.713814636 -0.403469913 -0.466233195 0.072656750 0.783938539
1520616987.416609287 43.628056187 -11.115955019 -425.422764717 -0.441983440 -0.474326631 0.039537114 0.760329996
1520616987.466611385 42.861110086 -11.641292308 -425.791294786 -0.490296753 -0.480853270 -0.002362368 0.726900025
1520616987.516613483 42.047157829 -11.342953568 -426.289768175 -0.541722195 -0.483444311 -0.050560832 0.685756709
1520616987.566614389 42.145083047 -11.892041519 -427.119776051 -0.585304236 -0.488202638 -0.094162121 0.640476877
1520616987.616616249 41.945763398 -12.595810631 -427.801670995 0.623027925 0.487543025 0.132088521 -0.597235821
1520616987.666622400 41.753616421 -13.116290666 -428.633644596 0.652895078 0.482130107 0.168300980 -0.559422342
1520616987.716624260 40.983510463 -12.990309931 -429.258997031 0.675084214 0.478084679 0.202854816 -0.523971627
1520616987.766625166 40.654528643 -13.210610088 -430.177277382 0.690294383 0.472434240 0.228423211 -0.498118852
1520616987.816627264 41.030751193 -14.135270690 -430.236093745 0.700917975 0.478177185 0.236608253 -0.473367834
1520616987.866629124 40.600032229 -14.536837466 -431.044317289 0.700860685 0.478150332 0.237077577 -0.473244949
1520616987.916630030 39.838344986 -14.083277827 -431.507044204 0.688274837 0.485324038 0.223713722 -0.490602179
1520616987.966632366 38.998939660 -13.980477958 -432.040739704 0.665380228 0.489750813 0.197608902 -0.527602137
1520616988.016633272 38.278790425 -14.025885415 -432.733071446 0.632591727 0.499427134 0.160027490 -0.569904770
1520616988.066636086 37.513255540 -14.228561362 -433.343709474 -0.596841675 -0.508703667 -0.118938860 0.608977949
1520616988.115684986 37.047346735 -14.593458646 -434.149798153 -0.563454557 -0.511401790 -0.077967397 0.644133726
1520616988.165687799 36.235642585 -15.031868493 -434.535716770 -0.534664790 -0.511003174 -0.041791860 0.671760939
1520616988.215688944 35.355944413 -15.487286908 -434.672556798 -0.508644270 -0.511029725 -0.011526979 0.692817981
1520616988.265691042 34.915128969 -16.071505148 -435.354004370 -0.489682024 -0.505543801 0.017405710 0.710164785
1520616988.315691948 34.009022354 -15.910234252 -434.962900163 -0.468236422 -0.515792291 0.038771360 0.716386590
1520616988.365694046 33.244114753 -15.898085617 -435.606925607 -0.456835029 -0.515415268 0.052839001 0.723088444
1520616988.415694952 32.502371391 -15.417370431 -435.139240142 -0.462649310 -0.525138888 0.054190763 0.712213539
1520616988.465696812 32.136837154 -16.117707409 -435.752357454 -0.490140993 -0.527482381 0.034330045 0.693069688
1520616988.516411066 31.795462389 -16.932561879 -436.220839537 -0.535136046 -0.529349086 -0.005734591 0.658320646
1520616988.566412926 32.394048645 -17.717947095 -436.378524534 -0.574569485 -0.542572293 -0.045896807 0.611047214
1520616988.616414070 33.326400806 -18.026270359 -436.189696009 0.609141660 0.554470008 0.088890874 -0.560007019
1520616988.666416883 33.864273972 -18.858808792 -436.322256240 0.639416018 0.558511993 0.127465454 -0.512800222
1520616988.716416836 34.539165790 -19.543273104 -436.046521512 0.661077716 0.564814148 0.156975569 -0.468316029
1520616988.766474962 35.277971161 -20.216485389 -436.077373450 0.673817540 0.566832919 0.182886750 -0.437290295
1520616988.816419840 35.235853409 -21.053283964 -435.531484963 0.689252643 0.569061575 0.196461964 -0.403115883
1520616988.866421938 35.811864583 -21.605561999 -434.928824113 0.690169885 0.575842606 0.208242918 -0.385623793
1520616988.915898800 36.084767975 -20.762506604 -435.392269191 0.694125146 0.578584286 0.203375209 -0.376920456
1520616988.965900898 36.242922902 -21.497606532 -436.051522644 0.683853156 0.586742057 0.192076195 -0.388825610
1520616989.015902758 36.395755697 -21.829799823 -436.982269524 0.666338788 0.594536008 0.170012363 -0.416671754
1520616989.065903664 37.287772227 -22.053567808 -436.589542649 0.639682421 0.613512344 0.132806872 -0.443589156
1520616989.115906000 38.002659643 -22.628920779 -436.192170100 0.612644041 0.626422786 0.076295434 -0.475857939
1520616989.165906668 37.749248748 -23.125982274 -437.022057314 0.581752988 0.626400636 0.029088634 -0.518015015
1520616989.215908766 36.872909473 -22.657185499 -436.911336676 0.544037618 0.639040437 -0.016867618 -0.543475734
1520616989.265909910 36.274628644 -22.270087699 -437.612917280 0.517107780 0.641329636 -0.061940051 -0.563435242
1520616989.315804243 35.302232594 -22.234609697 -437.843540853 0.495497805 0.647599826 -0.092350023 -0.571461165
1520616989.365805149 34.340980396 -22.018908288 -438.015200732 0.477887311 0.654357790 -0.122520020 -0.573086770
1520616989.415807009 34.136041719 -22.960766457 -438.281477521 0.469537383 0.651829787 -0.144961299 -0.577614748
1520616989.465809345 33.153299361 -23.083893751 -438.419525078 0.450915917 0.655254509 -0.169998599 -0.581736057
1520616989.515810251 33.920277943 -23.660151687 -438.701784971 0.436225927 0.658479201 -0.189219583 -0.583359264
1520616989.565812111 33.718291085 -24.622874706 -438.881689663 0.437084137 0.661240275 -0.191387485 -0.578869231
1520616989.615814209 34.706051455 -24.546596451 -439.017745091 0.445963954 0.680745620 -0.178119288 -0.553150135
1520616989.665815115 33.763418741 -24.738140573 -439.291157626 0.468416262 0.703578602 -0.141472080 -0.515314474
1520616989.717325449 34.539192663 -24.986164686 -438.710934514 0.498758978 0.728697257 -0.091507060 -0.460289308
1520616989.767327309 35.212843816 -25.689438225 -438.483777180 0.524250242 0.747414971 -0.032201109 -0.406811544
1520616989.817328453 36.072420267 -26.171328184 -438.653807742 0.540442022 0.759465555 0.017637770 -0.361695176
1520616989.867330313 36.787541261 -26.765896219 -439.021354767 0.549503810 0.766357865 0.054098762 -0.328351197
1520616989.917331457 36.992789008 -27.583136997 -439.559862774 0.553453860 0.770767851 0.075672165 -0.306397565
1520616989.967333555 37.637575940 -28.215655485 -439.130712247 0.549944768 0.779398500 0.076714863 -0.290195727
1520616990.017334461 37.533780192 -28.758174383 -438.297105812 0.555528318 0.782902912 0.047919700 -0.275961992
1520616990.067335606 37.656240862 -29.739931333 -438.442559160 0.553644807 0.782834717 0.019515408 -0.283313221
1520616990.115924835 37.622722594 -30.681522523 -438.777645054 0.545871129 0.783730172 -0.018206759 -0.295736778
1520616990.165926695 37.464105736 -31.663259026 -438.672601582 0.534087964 0.787053647 -0.059347810 -0.302942965
1520616990.215927601 37.347864134 -32.478977975 -438.105953114 0.528737837 0.790565238 -0.097633860 -0.293104987
1520616990.265929937 38.168657709 -32.281156932 -437.570075570 0.511471971 0.801901159 -0.147294066 -0.271395307
1520616990.315930605 38.668956022 -32.402974520 -436.712834604 0.502442129 0.814710225 -0.180081456 -0.226649124
1520616990.365932703 39.434587858 -32.901313128 -436.306058839 0.491914064 0.827329942 -0.198500214 -0.184779291
1520616990.415960789 39.716564013 -33.467764154 -435.531705765 0.492196282 0.835793134 -0.203663593 -0.133093195
1520616990.465935707 40.612138316 -33.035890190 -435.424787354 0.485311854 0.842442500 -0.216092206 -0.089817576
1520616990.515936613 41.160659181 -32.228323362 -435.641491483 0.482730394 0.844965411 -0.224872083 -0.049369707
1520616990.566101313 41.182548942 -31.863344458 -434.710733062 0.481938888 0.845706993 -0.228078883 -0.022239888
1520616990.616102457 41.201428891 -31.401746319 -433.823844848 0.479960086 0.848374115 -0.222207000 -0.022885063
1520616990.666104317 42.026710241 -31.161708622 -433.312676972 0.485977637 0.847177239 -0.205872038 -0.061099635
1520616990.716106415 42.237978475 -31.647825262 -432.464705070 0.493775046 0.841594582 -0.185022814 -0.116924428
1520616990.766107559 41.837477782 -31.788006524 -433.370215097 0.503244832 0.829100980 -0.163170012 -0.180863902
1520616990.816109419 41.130667362 -31.323776702 -433.903984431 0.513783931 0.812452779 -0.130492780 -0.242730691
1520616990.866110563 40.352238149 -31.188797813 -434.517033092 0.526048921 0.791782287 -0.079318396 -0.300103206
1520616990.916112423 39.759154641 -30.451730432 -434.193021323 0.532583730 0.768074418 -0.026825367 -0.354537244
1520616990.966140032 39.204967496 -29.662216382 -434.456733618 0.532134884 0.737856322 0.032693867 -0.413922245
1520616991.016142130 39.129193502 -28.910221092 -433.801934881 0.530457629 0.714903115 0.079092123 -0.448634235
1520616991.066143990 39.327120392 -28.029153052 -433.372348971 0.524272338 0.696917252 0.106478932 -0.477605586
1520616991.116144896 39.333910374 -27.548961423 -432.495211641 0.519434122 0.684218700 0.120480770 -0.497511154
1520616991.166147232 39.726747316 -27.117202059 -431.683261526 0.518446053 0.683100680 0.106539944 -0.503225985
1520616991.216149092 39.812706233 -26.722287876 -430.768573682 0.516611120 0.695899804 0.078435173 -0.492630020
1520616991.266149998 40.072917628 -26.587050296 -429.812539777 0.516996118 0.713083849 0.048369288 -0.471048671
1520616991.316151142 40.149092290 -25.752555031 -429.266815421 0.519579879 0.731952427 0.020965570 -0.440275866
1520616991.366085529 41.110640374 -25.688850348 -428.999669402 0.533793699 0.741258625 0.006766644 -0.406883460
1520616991.416087389 41.353294152 -25.146303830 -428.195453996 0.547146465 0.754621587 -0.001539898 -0.362180389
1520616991.466088295 41.855157157 -25.515540074 -427.413278747 0.562933657 0.759349591 0.009398955 -0.326198644
1520616991.516091585 42.110768474 -24.550908654 -427.348865407 0.576569847 0.766308196 0.007723290 -0.283336039
1520616991.566092491 41.391205952 -23.915074157 -427.628050413 0.592172754 0.768881011 0.006831950 -0.241053407
1520616991.616093397 40.910357849 -23.047509122 -427.754999273 0.598533105 0.774970640 -0.006445603 -0.202822786
1520616991.666095495 40.815862809 -23.568619082 -428.603241631 0.597316754 0.780650002 -0.015613357 -0.183178856
1520616991.716096401 40.232986151 -22.893239410 -429.055034837 0.599973854 0.780039093 -0.028613771 -0.175361455
1520616991.765949011 39.596060536 -22.419981595 -429.663601022 0.599517044 0.775708582 -0.032654575 -0.194394415
1520616991.815950871 39.506560682 -21.430364175 -429.551141527 0.594068319 0.770721016 -0.031440263 -0.228218004
1520616991.865952015 38.742355693 -20.970779037 -430.003659190 0.601200264 0.746642505 -0.005208108 -0.284703507
1520616991.915952921 38.483724704 -20.016961274 -429.850879323 0.601831876 0.726518642 0.018099196 -0.331121540
1520616991.965955019 39.359271240 -20.419746168 -429.584078660 0.605311604 0.694142904 0.053714224 -0.385847474
1520616992.015957117 40.160754337 -20.994774514 -429.419861593 0.603353053 0.659195859 0.099619793 -0.437609197
1520616992.065958023 40.741182160 -21.641142338 -428.924571598 0.597028896 0.619343835 0.162206175 -0.483382734
1520616992.115958929 41.086002272 -22.504144349 -428.555347251 0.584650026 0.583522553 0.217816669 -0.519847743
1520616992.165961027 41.822536377 -23.175006552 -428.468967761 0.567255286 0.550101338 0.259792489 -0.555083616
1520616992.215962887 42.495410069 -23.418095988 -427.770291498 -0.548596448 -0.527404106 -0.292739030 0.578956567
1520616992.265963793 42.754264693 -23.739731853 -426.859498078 -0.533376286 -0.509780940 -0.319685437 0.594503450
1520616992.315966129 42.844648398 -24.459676475 -426.171377065 -0.520315126 -0.492788879 -0.341059640 0.608366348
1520616992.365967035 42.815476789 -25.161802964 -425.459922632 -0.514404134 -0.486473441 -0.350495362 0.613094593
1520616992.415968895 43.046777267 -25.850755438 -424.773013193 -0.518738153 -0.493913394 -0.336561327 0.611299240
1520616992.465970039 43.238006745 -26.663548063 -424.222741047 -0.532245130 -0.509000372 -0.316905549 0.597665973
1520616992.515971899 43.613514890 -27.188599132 -423.458990428 -0.547174669 -0.531433504 -0.291488912 0.577245638
1520616992.565972805 43.505310240 -27.631366180 -422.568906671 0.567441656 0.552361771 0.267390490 -0.549007074
1520616992.615977526 44.002617948 -27.943703982 -421.759505570 0.585000006 0.570969512 0.247053796 -0.520320317
1520616992.665979385 44.752763950 -28.591497703 -421.626673836 0.604363606 0.577135072 0.225267789 -0.500913329
1520616992.715980291 45.631261317 -29.051703940 -421.498406168 0.623532766 0.577915323 0.196004988 -0.488674548
1520616992.765982628 44.742440928 -28.662796829 -421.740789284 0.636833862 0.586011960 0.162581846 -0.473919569
1520616992.815983534 44.186995341 -27.999388147 -421.239422033 0.645700173 0.597013530 0.131689833 -0.457497453
1520616992.865985394 44.059909845 -27.245351273 -420.595001619 0.652278472 0.607372007 0.102853794 -0.441648205
1520616992.915986538 43.360925554 -27.003643668 -421.268053173 0.657400868 0.614848298 0.077508492 -0.428693483
1520616992.965988398 43.329289917 -26.240199729 -420.622954314 0.659224657 0.625890678 0.052587528 -0.413422620
1520616993.015919924 42.477522868 -26.196208385 -421.145024860 0.664623016 0.623957105 0.042372657 -0.408850015
1520616993.065922260 42.760890601 -25.309867113 -420.778825628 0.663383745 0.623405828 0.047799940 -0.411098950
1520616993.115922928 42.980725465 -24.410466659 -420.401000992 0.653584471 0.620202434 0.069405716 -0.428204539
1520616993.165924072 43.193947453 -23.597755827 -419.858748756 0.645472927 0.609234653 0.096546892 -0.450418178
1520616993.215926170 43.324589613 -22.881041219 -419.173728466 0.638076651 0.592902377 0.125231687 -0.475017877
1520616993.265928030 43.626359089 -22.290514729 -418.425254254 0.627439480 0.575598297 0.154937441 -0.500999690
1520616993.315929174 43.974059857 -21.980430161 -417.540408653 0.612936373 0.552393757 0.188660812 -0.532519706
1520616993.365930080 44.795968914 -22.133170679 -416.991650204 0.593405535 0.526774153 0.222349379 -0.566515328
1520616993.415955544 45.031531247 -22.569964498 -416.123478822 -0.570720905 -0.501216357 -0.257607160 0.597242298
1520616993.465957642 45.760651685 -23.238635016 -416.269297635 -0.542901710 -0.467009437 -0.288882346 0.635379343
1520616993.515958548 46.229449600 -23.944753791 -415.738614311 -0.517088704 -0.439169604 -0.318637707 0.661981376
1520616993.565960646 46.802715577 -24.693473085 -415.405769695 -0.497264276 -0.415415556 -0.343456048 0.679850056
1520616993.615962744 46.944835951 -25.265855054 -414.598192651 -0.486625529 -0.399881165 -0.361484919 0.687473128
1520616993.665963650 47.318348217 -26.049021394 -414.101061812 -0.483703737 -0.389636611 -0.368102862 0.691891819
1520616993.715964794 47.541205041 -26.938527773 -413.702171807 -0.490501868 -0.398606973 -0.357275486 0.687658801
1520616993.765966654 47.447376904 -27.921871533 -413.857835970 -0.503353389 -0.415895491 -0.341341474 0.676130390
1520616993.816106081 47.548161591 -28.865036415 -414.174510018 -0.519254348 -0.442781551 -0.313564341 0.660300556
1520616993.866106987 47.953539200 -29.570520286 -413.593165454 -0.541793631 -0.475432214 -0.278708505 0.634622282
1520616993.916108847 48.074621677 -30.073336459 -412.737294593 -0.569141979 -0.508330832 -0.243564526 0.598626340
1520616993.966109991 48.674241825 -30.597301081 -412.132384061 0.594530056 0.538675083 0.209368174 -0.559042159
1520616994.016111851 48.645983999 -30.981716544 -411.209656448 0.622476021 0.562298004 0.175299512 -0.515378151
1520616994.066112757 48.659258978 -31.835579645 -410.689328110 0.646957777 0.575607001 0.155631938 -0.475290348
1520616994.116115093 49.624523581 -31.579839123 -410.635839491 0.668031794 0.585518017 0.128152099 -0.440997974
1520616994.166115999 49.569739840 -30.595181813 -410.801516056 0.681552349 0.590364702 0.105241836 -0.419380579
1520616994.216082335 50.247857602 -29.861678734 -410.755369189 0.684495072 0.591295017 0.084382907 -0.417990698
1520616994.266084194 49.472271162 -29.398580584 -411.184328135 0.685978691 0.578312455 0.081789681 -0.433933622
1520616994.316085339 50.422362136 -29.090404085 -411.232850144 0.688171905 0.558318584 0.081824801 -0.456075093
1520616994.366087198 49.744353641 -29.745293586 -411.566652813 0.697861135 0.531695030 0.084717653 -0.472348548
1520616994.416088104 49.504056002 -30.715610382 -411.593899116 0.715675618 0.498578482 0.094388327 -0.479915358
1520616994.466090441 49.607558432 -31.606195278 -411.151015621 0.737512947 0.463255445 0.112391698 -0.478369263
1520616994.516091347 48.873728203 -32.275383048 -411.267981101 0.758368706 0.419499202 0.136657582 -0.479814580
1520616994.566093206 48.125627085 -32.266732523 -411.931509462 0.770532154 0.378780833 0.163038838 -0.486028413
1520616994.616054296 47.234121429 -32.519329140 -412.307558147 0.776059326 0.339363830 0.191766565 -0.495771820
1520616994.666056395 46.557610296 -31.838958730 -412.589389288 0.769237496 0.309874993 0.223200761 -0.512281743
1520616994.716058493 45.855674369 -31.129570047 -412.525721004 0.755541930 0.285339236 0.257034474 -0.530727041
1520616994.766059399 46.639909969 -30.514968896 -412.610808900 0.732732953 0.276825323 0.290349679 -0.549697393
1520616994.816061258 46.800531149 -29.658233122 -413.100915674 0.701937315 0.278859140 0.332117658 -0.564995086
1520616994.866063356 46.295545969 -28.885683479 -413.485827373 0.669094643 0.284921611 0.376260952 -0.574072931
1520616994.916064262 46.534190795 -27.936058395 -413.688955033 0.639591776 0.299467582 0.416420851 -0.572568950
1520616994.966066599 46.185250921 -27.038975915 -413.417875731 0.618231048 0.318147934 0.450946980 -0.559659794
1520616995.016067505 46.558290378 -26.142368655 -413.656490455 0.607426808 0.346942020 0.470994062 -0.537427671
1520616995.066224337 46.568287315 -25.353450051 -414.270906842 0.595738901 0.379965498 0.489255662 -0.511224294
1520616995.116225004 46.815062580 -24.771470278 -415.045762644 0.582489552 0.418598481 0.502761313 -0.482402627
1520616995.166227102 47.512824556 -24.055813895 -415.076813663 0.581718069 0.458831884 0.501917826 -0.446268850
1520616995.216229200 47.959471297 -23.694118848 -415.895155512 0.580207065 0.499762155 0.495218924 -0.410311793
1520616995.266230106 48.586531818 -23.511956174 -416.652527193 0.588641007 0.535015534 0.479755758 -0.370262820
1520616995.316231966 49.097546102 -23.567234703 -417.510320108 0.607523749 0.561469471 0.455400101 -0.329055734
1520616995.366233110 49.309242229 -23.777798035 -418.464703591 0.637690015 0.573469959 0.429684295 -0.282586373
1520616995.416327238 49.663101699 -24.255868099 -419.268589459 0.673687191 0.571643156 0.405156470 -0.234984906
1520616995.466610193 50.188007707 -24.165376107 -420.114925611 0.722568281 0.548665633 0.379811831 -0.180565986
1520616995.516612530 49.562275378 -24.715152933 -419.561568138 0.775707907 0.505620420 0.358702439 -0.118143107
1520616995.566613436 49.124686229 -25.525751774 -419.950727818 0.812882657 0.453165395 0.359195088 -0.069583043
1520616995.616615295 49.066007870 -26.396085122 -420.439682533 0.844270715 0.393775261 0.361829147 -0.035038155
1520616995.666616440 48.616193367 -27.104428158 -419.895699945 0.866572158 0.337186404 0.367865298 -0.005757353
1520616995.716618299 47.714348885 -27.306794675 -420.277438499 0.877593026 0.285615517 0.384994618 0.005779499
1520616995.766619444 46.756938336 -27.442237846 -420.532429064 0.880694050 0.245676524 0.404993592 0.001107796
1520616995.816621304 46.075545444 -27.737056565 -419.862514407 0.881654298 0.211679049 0.421699963 -0.006842549
1520616995.866175413 45.435262920 -27.397492364 -419.173504652 0.874874614 0.182588783 0.448034074 -0.022830151
1520616995.916176558 46.226125619 -26.799485510 -419.303596902 0.857447449 0.170827040 0.483896376 -0.038030142
1520616995.966178417 46.285613535 -26.233029332 -420.125538863 0.828978484 0.171131808 0.530378994 -0.046975524
1520616996.016179323 46.496316904 -25.433201845 -420.687570963 0.793992030 0.189245353 0.575555476 -0.049987468
1520616996.066181421 47.213942689 -25.040334782 -421.262608964 0.754478230 0.215715924 0.617497083 -0.054097996
1520616996.116182327 47.650696016 -25.034983696 -422.162174358 0.719217495 0.249075396 0.646687203 -0.049832748
1520616996.166184187 48.491817425 -24.772932857 -422.635296048 0.686489415 0.288352645 0.666334272 -0.039795374
1520616996.216185331 48.953289318 -24.432182687 -423.454401056 0.659807279 0.329270602 0.674881751 -0.027746131
1520616996.266077995 49.883051387 -24.080196909 -423.346472808 0.638719259 0.382420942 0.667388687 -0.019602823
1520616996.316079855 50.521663546 -24.217111800 -424.103723640 0.612876241 0.426709913 0.665046460 -0.003816904
1520616996.366081238 51.372797611 -23.702036621 -424.205056575 0.591905041 0.471320580 0.653636503 0.016268235
1520616996.416084051 52.176340073 -23.208324866 -424.537574566 0.581941404 0.507827037 0.633440690 0.046997823
1520616996.466084957 52.952500336 -22.690734549 -424.897679427 0.581806771 0.527927264 0.612376887 0.088250972
1520616996.516086102 53.649849295 -22.103194695 -425.308168584 0.586566784 0.540388827 0.589089222 0.129973888
1520616996.566087961 54.608687630 -22.280950755 -425.529599905 0.594950417 0.550290112 0.562440833 0.163936276
1520616996.616088867 55.268409645 -21.778805256 -426.088721325 0.606035678 0.551212269 0.531865476 0.214487544
1520616996.666722536 56.036205038 -22.412394764 -426.183876831 0.616390689 0.546377575 0.512286701 0.243097511
1520616996.716723442 56.748103326 -22.682922517 -426.831962907 0.631332124 0.526122571 0.498220760 0.276388973
1520616996.766725540 56.792543252 -23.679253225 -426.905108053 0.648237126 0.493099394 0.500781017 0.293018751
1520616996.816727638 56.884969303 -24.560862371 -426.442266029 0.673156496 0.442211360 0.507835078 0.305635369
1520616996.866728544 56.740196331 -25.528092116 -426.650850319 0.688722666 0.379632681 0.526650120 0.322768909
1520616996.916730404 56.450932348 -26.457414316 -426.421314705 0.700463478 0.307352815 0.547242937 0.339720961
1520616996.966731548 55.753767855 -27.008200280 -425.962406772 0.701555009 0.243007638 0.564452662 0.360778393
1520616997.016732454 55.422036445 -27.190095043 -426.888078726 0.688284645 0.192324008 0.594264052 0.368952519
1520616997.066610813 54.561280007 -27.696837266 -426.840009255 0.673335277 0.156641292 0.625013639 0.362548013
1520616997.116547823 55.497262879 -27.360784809 -426.944913066 0.650279791 0.146389452 0.656430884 0.353277251
1520616997.166548729 56.415081415 -27.304124812 -427.337849168 0.618140079 0.158639812 0.688955496 0.343622727
1520616997.216550827 57.359043871 -27.017737311 -427.173784910 0.578007267 0.185777111 0.717874037 0.340663075
1520616997.266551971 57.838345762 -27.355230988 -427.983950150 0.535030485 0.221922803 0.739209471 0.343601524
1520616997.316553831 58.472056466 -27.823706308 -428.599532491 0.491115080 0.266085282 0.750135097 0.353980138
1520616997.366554976 59.354837787 -28.131267385 -428.954642789 0.446587508 0.313715841 0.750876132 0.371923383
1520616997.416556835 59.756311099 -28.209193340 -428.042093215 0.413344178 0.354583874 0.736746229 0.400776573
1520616997.466558933 60.726613835 -28.158953574 -428.278712247 0.387434987 0.376286217 0.718210624 0.438721225
1520616997.516137123 61.384689051 -28.850755125 -427.981478963 0.372719806 0.386239195 0.700636012 0.470115315
1520616997.566138983 62.163793708 -29.452849067 -427.806897126 0.370779244 0.377604888 0.685378006 0.500194252
1520616997.616139889 63.126468304 -29.299835269 -428.030155718 0.377912732 0.350862292 0.664681802 0.540625306
1520616997.666141987 63.560928856 -30.198652170 -427.972085006 0.385672859 0.320080206 0.658697088 0.561180233
1520616997.716142893 64.415351273 -30.694365558 -428.127746724 0.393974062 0.284759320 0.654143549 0.579476303
1520616997.766144753 65.334221127 -31.088869451 -428.134445154 0.400681147 0.248985254 0.653389735 0.592066564
1520616997.816147089 66.248232429 -31.461514632 -428.294816317 0.413662267 0.214307609 0.649580375 0.600833683
1520616997.866147995 66.723462420 -32.319542465 -428.489610294 0.423997741 0.196820947 0.654574825 0.594154213
1520616997.916203260 67.232374055 -33.136591295 -428.760608739 0.438928552 0.185733114 0.659941641 0.580794255
1520616997.966204405 67.791004503 -33.876462939 -429.135471342 0.453892754 0.182729977 0.659788562 0.570324624
1520616998.016206503 68.437178209 -34.601504907 -429.373743639 0.470298943 0.183928934 0.659382439 0.556959469
1520616998.066208363 69.040679584 -35.390465252 -429.489189143 0.489085940 0.187794542 0.659157855 0.539480376
1520616998.116209507 69.730372188 -35.925342882 -429.977277283 0.502585266 0.188014847 0.656513880 0.530139598
1520616998.166211367 70.627798912 -35.508834536 -429.831860390 0.517472720 0.189081295 0.648078021 0.525799512
1520616998.216213226 71.604993074 -35.582047846 -430.031187709 0.528866270 0.184507111 0.642394911 0.523054847
1520616998.266214609 72.235161391 -36.143516729 -430.567509056 0.533414615 0.181530251 0.642894571 0.518846978
1520616998.316223145 72.871137768 -36.765771806 -431.023943791 0.537863461 0.179055216 0.641357174 0.517013638
1520616998.366224289 73.515535179 -37.508289898 -431.206752052 0.542748360 0.179088356 0.639972116 0.513602248
1520616998.416226149 74.167563007 -38.228689867 -431.443149166 0.544224345 0.178840879 0.637389583 0.515335155
1520616998.466227055 74.856327897 -37.513472725 -431.324543237 0.545592831 0.177049639 0.632835470 0.520097256
1520616998.516229153 75.589043906 -37.038802840 -430.836879674 0.549475285 0.175719660 0.625421568 0.525402107
1520616998.566230059 76.448534875 -36.530362895 -430.889454356 0.550104941 0.173627837 0.622688328 0.528674923
1520616998.616231918 77.389493772 -36.192075185 -430.876893404 0.552505694 0.171827474 0.617911361 0.532351695
1520616998.666233301 78.141215071 -35.532618740 -430.871211278 0.556026793 0.173299210 0.610894963 0.536291836
1520616998.716419458 77.854546043 -36.354148545 -431.364069926 0.556601419 0.172711862 0.610486116 0.536350795
1520616998.766381502 78.851131551 -36.434772907 -431.346264402 0.555743859 0.169853338 0.609599244 0.539154308
1520616998.816383362 77.988205250 -36.691970073 -431.781244650 0.550440046 0.154068525 0.610188320 0.548588060
1520616998.866384268 77.102236029 -36.307702413 -432.040853790 0.539153816 0.136661994 0.614685713 0.559283592
1520616998.916386366 76.754626220 -36.936671842 -432.736242083 0.526539289 0.116722853 0.617663145 0.572384829
1520616998.966387272 76.436969092 -37.437451283 -431.931062661 0.518361391 0.100741099 0.624309405 0.575665237
1520616999.016389132 75.742242370 -37.119884868 -432.576435696 0.496840875 0.069612235 0.635184373 0.587234275
1520616999.066391468 75.334347335 -36.408400119 -433.148634170 0.477882931 0.042843263 0.641274328 0.598798460
1520616999.116468906 75.473768432 -36.539927731 -432.167174927 0.466722934 0.028455617 0.645573679 0.603816699
1520616999.166470766 75.269373847 -36.283663668 -431.222425445 0.474351302 0.026349598 0.645199358 0.598342987
1520616999.216471672 75.724800028 -36.626204348 -430.400687728 0.467994510 0.033556000 0.647327985 0.600684288
1520616999.266473770 75.244200984 -36.174815870 -431.152534122 0.457456498 0.048860950 0.650469598 0.604347137
1520616999.316474676 75.876828484 -36.298512508 -430.388020167 0.450768091 0.061072665 0.653500493 0.604992036
1520616999.366476536 75.687895087 -35.417838235 -429.953604470 0.447375248 0.066142849 0.657721836 0.602397292
1520616999.416477680 75.886522848 -34.596509120 -429.418847051 0.446492358 0.066780068 0.658810543 0.601792045
1520616999.466479778 75.207890270 -34.424793337 -430.132969949 0.434008781 0.080053529 0.667069821 0.600204685
1520616999.516481638 75.396264977 -33.547692560 -429.691145103 0.429545735 0.083283961 0.667655554 0.602320765
1520616999.566754341 75.940676969 -32.721112414 -429.548383600 0.424066514 0.086300248 0.670573067 0.602537651
1520616999.616756678 76.607794888 -32.032777161 -429.263518261 0.423861625 0.092151031 0.670706158 0.601666652
1520616999.666757584 76.283249252 -31.873907408 -430.195950849 0.422743813 0.117438640 0.670345655 0.598441757
1520616999.716760397 75.415005546 -31.895427808 -430.691621848 0.428890929 0.136700386 0.669394623 0.590996120
1520616999.766761541 74.594685127 -32.143351064 -431.206994014 0.439688952 0.160632358 0.666904209 0.579749642
1520616999.816763401 73.646712708 -32.453233664 -431.134048372 0.449309872 0.180474849 0.669038737 0.563858702
1520616999.866764307 74.579620197 -32.164996298 -431.349925277 0.457016053 0.197032954 0.669418193 0.551537510
1520616999.916766644 75.573241931 -32.175822674 -431.237681623 0.465588041 0.210722810 0.668785292 0.539953616
1520616999.966792822 75.187114046 -32.999846481 -431.652277837 0.471475004 0.219532518 0.668352190 0.531810252
1520617000.016797781 74.978038179 -32.037892890 -431.828154412 0.479886018 0.228506788 0.667397714 0.521607466
1520617000.066795588 74.758767386 -31.076920264 -431.659477407 0.491322603 0.231787560 0.667613876 0.509085787
1520617000.116797686 75.564795129 -31.077322278 -431.067599788 0.508152940 0.231754947 0.666533478 0.493764474
1520617000.166798592 75.221779915 -30.618225101 -431.887093744 0.522886795 0.228659341 0.667186449 0.478713429
1520617000.216799736 74.320966638 -30.185495999 -431.922884301 0.530148849 0.222281410 0.668352246 0.472057674
1520617000.266801834 73.509895843 -29.793726534 -432.357258393 0.537753596 0.201826127 0.667800941 0.473422842
1520617000.316803694 72.597532540 -29.458103448 -432.122843490 0.545144913 0.182666761 0.664053066 0.477999376
1520617000.366745472 72.235223675 -29.105908054 -431.259888861 0.553038415 0.161803733 0.659474126 0.482764892
1520617000.416735649 71.504145766 -28.932453723 -430.600011080 0.558202444 0.145817468 0.655842654 0.486844648
1520617000.466736555 70.509906162 -28.954079115 -430.495035120 0.555911357 0.137556736 0.656700591 0.490698524
1520617000.516738653 69.613264163 -28.564237667 -430.285138070 0.548330120 0.129980423 0.655392619 0.502891325
1520617000.566739559 68.811076185 -28.029312221 -430.550372335 0.530457501 0.119701405 0.660394827 0.517846586
1520617000.616741419 68.588135867 -27.534801659 -429.710278936 0.520700463 0.107422711 0.661669672 0.528700893
1520617000.666743755 67.815933565 -27.579004604 -430.344116221 0.497637545 0.094196516 0.668743084 0.544303754
1520617000.716744661 67.563845361 -26.804877716 -429.763444974 0.479238143 0.087549752 0.669775450 0.560416532
1520617000.766617298 67.116806938 -26.558744268 -428.903459523 0.469095655 0.088443629 0.670713594 0.567688529
1520617000.816617966 66.988789180 -25.988608783 -428.091944285 0.454306020 0.085072652 0.672521740 0.577999302
1520617000.866620302 66.976069225 -25.243310838 -427.425334072 0.438250959 0.084414139 0.675323359 0.587153056
1520617000.916621208 67.061867833 -24.314803428 -427.064068812 0.418848908 0.084325445 0.677298323 0.598933880
1520617000.966623068 67.273081411 -23.531767036 -426.479053570 0.403952184 0.091753623 0.674688881 0.610900008
1520617001.016624212 66.650010221 -23.008996794 -427.060855569 0.375849571 0.112753308 0.681515461 0.617705811
1520617001.066626072 66.067782674 -22.445896223 -427.647310027 0.353868170 0.134825402 0.681757261 0.625944459
1520617001.116628170 66.398449442 -21.521040905 -427.459421419 0.344000682 0.150651484 0.675569714 0.634486583
1520617001.166698933 65.561859177 -21.021629063 -427.684598107 0.332219276 0.179098811 0.677406980 0.631406170
1520617001.216700792 65.555060629 -20.027103532 -427.580325636 0.333860181 0.200520774 0.669882338 0.632128509
1520617001.266701698 64.873662119 -20.070884262 -428.310927661 0.325859906 0.235495653 0.668717246 0.625439337
1520617001.316703796 63.883387578 -19.991481286 -428.425170827 0.322143165 0.260843894 0.672705457 0.612904244
1520617001.366705656 62.942487186 -20.144931905 -428.727096908 0.321229337 0.289376072 0.671922782 0.601326015
1520617001.416706562 62.691724997 -21.089413684 -428.514794073 0.327976371 0.306308565 0.665919565 0.595951085
1520617001.466708899 61.839899451 -21.530174862 -428.231734324 0.337789446 0.326450028 0.668067361 0.577074233
1520617001.516710758 61.206178044 -21.375130961 -428.989598802 0.351292275 0.346494824 0.662670859 0.563384777
1520617001.566704512 61.022170941 -21.293021905 -429.969088204 0.360165627 0.353839488 0.660679565 0.555500540
1520617001.616706371 60.775863908 -20.937625258 -430.870767786 0.370829154 0.358616245 0.657178109 0.549542593
1520617001.666707516 59.980992209 -20.747494586 -431.446987631 0.388550482 0.362708831 0.650994007 0.541920316
1520617001.716709375 59.172484818 -21.036864655 -431.959413978 0.397191593 0.368080673 0.650218125 0.532890089
1520617001.766710281 58.451870934 -21.278182316 -432.609399684 0.393188794 0.375907651 0.653788895 0.525981075
1520617001.816712618 57.835031622 -22.065202886 -432.619786435 0.399537417 0.372771258 0.653735830 0.523489165
1520617001.866713524 57.055652348 -22.257796419 -433.216004246 0.398684299 0.375268414 0.651329768 0.525351292
1520617001.916715384 56.067471815 -22.326012219 -433.353284392 0.408846236 0.368027197 0.641207589 0.535026696
1520617001.966679811 55.069524120 -22.380269572 -433.319276470 0.422152267 0.361440651 0.629948469 0.542506263
1520617002.016645670 54.082116443 -22.537876172 -433.305629527 0.425971139 0.351645964 0.629779169 0.546142751
1520617002.066646814 53.195863760 -22.632742867 -432.852246143 0.429787138 0.332370901 0.627662606 0.557541257
1520617002.116648912 52.572167815 -23.307277731 -432.457270086 0.429794974 0.307508461 0.636940270 0.561268135
1520617002.166649580 51.673578487 -23.741341135 -432.393034739 0.429060349 0.276769008 0.647143921 0.566136802
1520617002.216651917 50.702327765 -23.589304585 -432.209849254 0.439135927 0.251563371 0.640802256 0.577276343
1520617002.266653776 49.861942768 -24.131290918 -432.207881864 0.443263757 0.238432814 0.642373999 0.577946953
1520617002.316654682 48.922241376 -24.281114822 -431.900450422 0.451492913 0.229944060 0.635301569 0.582813689
1520617002.366656780 48.043529964 -23.998918396 -432.285458776 0.438672925 0.213458880 0.634975106 0.599005831
1520617002.416535378 47.221154855 -23.430454509 -432.262049632 0.433391541 0.200475477 0.626692864 0.615822547
1520617002.466537237 46.283483141 -23.469762609 -431.916757537 0.423343109 0.195015797 0.621865858 0.629310977
1520617002.516538143 45.353847962 -23.452356481 -431.548687625 0.410449098 0.192210274 0.617014062 0.643335369
1520617002.566540480 44.454509574 -23.032291629 -431.427295760 0.389882147 0.187627591 0.623921222 0.650776542
1520617002.616541386 43.567641360 -22.701506645 -431.104734038 0.374708533 0.187254638 0.628004993 0.655849788
1520617002.666543245 42.770336823 -22.158338458 -431.367933197 0.361713105 0.182933639 0.627072801 0.665190661
1520617002.716545343 42.395280410 -22.053976366 -432.289041898 0.337823432 0.189530735 0.628616606 0.674384602
1520617002.766546249 41.945516548 -21.455662505 -432.952165561 0.327808794 0.207303267 0.622288027 0.679944381
1520617002.816246271 41.127984685 -21.097277239 -433.402944504 0.330877664 0.232571162 0.611510616 0.680062786
1520617002.866247177 41.805559855 -20.866414534 -432.704664975 0.333837130 0.261636383 0.599681827 0.678587415
1520617002.916249514 41.761491128 -19.867673258 -432.728619358 0.340310309 0.283603451 0.588656272 0.676196546
1520617002.966250420 41.897800778 -20.594200779 -432.055137775 0.347699228 0.305225106 0.583441007 0.667487433
1520617003.016253233 41.765119668 -19.603109423 -432.066698331 0.355150220 0.317821257 0.577712434 0.662650974
1520617003.066254377 40.831779771 -19.915435239 -431.889697704 0.358818620 0.333938704 0.585704532 0.645510915
1520617003.116255283 41.608876389 -19.852694132 -431.263451428 0.373995774 0.343756803 0.575953517 0.640496657
1520617003.166257143 41.799822497 -20.553665818 -431.950603725 0.375303642 0.350575053 0.575963165 0.636011589
1520617003.216340065 42.350247291 -21.036570593 -431.269549011 0.394452608 0.358591532 0.569812764 0.625406002
1520617003.266340971 42.645056431 -21.844001990 -431.780569667 0.403985767 0.358176081 0.570921948 0.618509114
1520617003.316343069 43.444191476 -22.338525967 -432.122372555 0.415611181 0.353990747 0.563422130 0.620091445
1520617003.366345167 43.814959120 -23.050480634 -432.718738136 0.420035374 0.344818751 0.561920271 0.623631239
1520617003.416344881 44.123547674 -23.956385686 -433.008753899 0.424016376 0.338776982 0.561833857 0.624326026
1520617003.466347218 44.295801288 -24.925677325 -433.184260054 0.431048334 0.337492979 0.560066857 0.621788500
1520617003.516349077 44.318267075 -25.920189428 -433.286441095 0.442228044 0.338226880 0.556193703 0.616997163
1520617003.566350222 45.275284041 -26.157884163 -433.120249219 0.469986680 0.329315366 0.535615597 0.619499671
1520617003.616839886 46.249604794 -26.376372831 -433.065827063 0.488308553 0.321534430 0.516004785 0.626026700
1520617003.666840553 46.230784567 -27.375952450 -433.043772936 0.495713585 0.318602099 0.513215045 0.623996043
1520617003.716842890 46.085298936 -28.357408023 -433.168588355 0.503445211 0.310407676 0.513115374 0.622014957
1520617003.766843796 45.823094265 -29.321509676 -433.126675183 0.510556627 0.308766592 0.508582731 0.620756577
1520617003.816845655 45.569175190 -30.282736254 -433.019117907 0.519953239 0.306791709 0.503167603 0.618344434
1520617003.866847754 45.234855127 -31.223721063 -432.966414149 0.528087884 0.304564434 0.497459828 0.617168868
1520617003.916848660 44.851363374 -32.146592884 -432.931176700 0.537184644 0.300037747 0.488294093 0.618852880
1520617003.966850758 44.340510202 -32.965910976 -433.191459045 0.542278255 0.291654625 0.482725959 0.622774054
1520617004.017410994 43.786820384 -33.794529327 -433.108880514 0.547508126 0.281844854 0.476613257 0.627405876
1520617004.067412853 42.941931997 -33.411158476 -433.481962817 0.557434942 0.249319617 0.466852292 0.639652212
1520617004.117413998 42.310888748 -32.747871337 -433.884249518 0.559508519 0.209599065 0.457661026 0.658456403
1520617004.167415857 41.594804478 -32.168350244 -434.273323573 0.547479537 0.187096133 0.452151191 0.678837605
1520617004.217417002 42.162974871 -32.759829367 -433.701191724 0.525546773 0.175980585 0.453755825 0.697808767
1520617004.267418861 41.667422528 -32.144612778 -434.314328271 0.504915194 0.161852764 0.455690559 0.714989821
1520617004.317420959 41.047692253 -31.780386125 -435.009506904 0.483798582 0.153591089 0.458150934 0.729689270
1520617004.367422104 41.610769437 -32.209448947 -434.303214344 0.462229843 0.147769001 0.457548641 0.745088676
1520617004.417423964 42.302201037 -32.687397857 -433.761469771 0.439355696 0.150570170 0.460226947 0.756628280
1520617004.467167854 43.018479671 -33.236130609 -433.330381283 0.420969693 0.155440972 0.461877344 0.765043751
1520617004.517169714 43.163684592 -34.164487039 -432.988226536 0.409970015 0.171308398 0.464440642 0.766076308
1520617004.567170858 43.496710134 -35.107398598 -432.984794246 0.406609350 0.186310989 0.464675748 0.764220846
1520617004.617172718 43.768467824 -35.961427097 -432.541191857 0.416392722 0.201746607 0.462888323 0.756075267
1520617004.667174816 44.381558057 -36.533132361 -431.995963962 0.420893606 0.217873284 0.462181922 0.749511625
1520617004.717175961 45.010007405 -37.140787798 -432.481562857 0.420392390 0.228264260 0.454903028 0.751151716
1520617004.767177820 45.488258734 -37.894550971 -432.932247608 0.423289587 0.239560316 0.450383902 0.748726333
1520617004.817179680 46.273404460 -38.198678315 -433.471740656 0.426232636 0.247019040 0.444411725 0.748201546
1520617004.866488695 46.925462695 -38.934591426 -433.289389483 0.436766434 0.259509373 0.437492329 0.741950422
1520617004.916490555 47.411685613 -39.771555993 -433.540542005 0.448283153 0.261990596 0.431954662 0.737440379
1520617004.966491461 47.769385389 -40.661531544 -433.823374797 0.460576686 0.258359942 0.427215041 0.733898198
1520617005.016493559 48.065177499 -41.566020889 -434.130630475 0.472375863 0.254204795 0.421726431 0.731018319
1520617005.066495657 48.076476718 -42.564959610 -434.175282012 0.486362577 0.248292002 0.413637082 0.728496321
1520617005.116496563 48.839280010 -43.039655251 -433.736197528 0.517385349 0.228963840 0.389833036 0.726579772
1520617005.166499615 48.621867155 -44.009887226 -433.842881951 0.533831830 0.217214991 0.381683581 0.722605611
1520617005.216499567 49.370125928 -44.663033808 -433.959107378 0.554117998 0.198954557 0.360827016 0.723307814
1520617005.266826630 50.061152431 -45.374413232 -433.830960248 0.576778694 0.167448518 0.334049491 0.726428434
1520617005.316826820 49.538861007 -46.211988506 -433.991207960 0.587244161 0.154582674 0.323525426 0.725658178
1520617005.366903543 49.013189562 -46.898796744 -434.493168094 0.592181065 0.139652090 0.315094186 0.728378016
1520617005.416829824 49.545459418 -47.735831956 -434.619899519 0.606586754 0.111882978 0.288001182 0.732523057
1520617005.466831684 48.762195582 -48.214606355 -435.016475915 0.610811688 0.090490300 0.276393837 0.736428567
1520617005.516832590 48.027068484 -48.859730099 -435.224810990 0.617537919 0.063912739 0.261269254 0.739121409
1520617005.566834688 47.430507840 -48.237340486 -435.731512645 0.627277047 0.029825613 0.232442023 0.742700912
1520617005.616835594 46.446415642 -48.411976123 -435.764146064 0.634605464 0.005153720 0.210508195 0.743596426
1520617005.667318821 45.467360094 -48.214443289 -435.813451367 0.643735116 -0.024770517 0.186702216 0.741710054
1520617005.717319965 45.070961782 -47.494174815 -436.382733110 0.641284202 -0.059426359 0.164810832 0.747034450
1520617005.767322063 44.863266790 -46.560908318 -436.675779924 0.632425929 -0.086921173 0.141835131 0.756548049
1520617005.817322731 44.582644650 -45.601436069 -436.650007469 0.620017366 -0.109205476 0.120688863 0.767519920
1520617005.867325068 43.964100987 -45.215022085 -435.965837922 0.611376813 -0.121198722 0.110500696 0.774156869
1520617005.917326927 44.098321882 -44.308873785 -436.366936427 0.584355090 -0.126791736 0.093314056 0.796081322
1520617005.967327833 44.324838135 -43.471692775 -436.864749990 0.556672992 -0.129037932 0.078777197 0.816858951
1520617006.017329931 44.080314371 -42.767963460 -436.197686889 0.547828170 -0.131561464 0.068837741 0.823308717
1520617006.066761732 44.572104701 -42.274524826 -435.480288405 0.530919765 -0.137685510 0.066818336 0.833487980
1520617006.116764069 44.551417940 -41.661673583 -434.690360932 0.517159888 -0.133341140 0.065596953 0.842889572
1520617006.166764975 44.687575227 -41.249744747 -433.789374901 0.512661534 -0.125268736 0.066324284 0.846809887
1520617006.216767073 45.187690752 -40.981626394 -432.965969163 0.501519522 -0.117131365 0.074358487 0.853949195
1520617006.266768932 46.154577902 -40.795787945 -432.791059727 0.481080042 -0.110464901 0.082802091 0.865738594
1520617006.316769838 47.082651600 -40.729036977 -432.424694448 0.466130673 -0.102617111 0.088994510 0.874226459
1520617006.366772175 48.038580301 -40.564084853 -432.181813580 0.454063386 -0.087537442 0.092683189 0.881801261
1520617006.416774035 49.001246606 -40.552655690 -431.911364029 0.447491346 -0.075939782 0.095582264 0.885916856
1520617006.466332436 49.904912571 -40.523218023 -431.484138973 0.453491219 -0.062534726 0.093801212 0.884102061
1520617006.516334534 49.578406866 -41.455326347 -431.327396840 0.452781190 -0.023618546 0.117561313 0.883521758
1520617006.566335678 50.569982739 -41.584846310 -431.326029825 0.458695150 -0.002102783 0.120751756 0.880348426
1520617006.616337538 51.551017441 -41.778030883 -431.310198429 0.469026141 0.018575358 0.125103839 0.874081498
1520617006.666338444 52.459379689 -41.780529596 -430.892021692 0.488162269 0.036717820 0.125308723 0.862929386
1520617006.716341496 52.607960205 -42.744201054 -430.670073162 0.501426147 0.077127858 0.150341194 0.848540298
1520617006.766341448 52.783061422 -43.702564285 -430.444508355 0.512170986 0.114921026 0.172155097 0.833568630
1520617006.816347599 53.762902047 -43.655369918 -430.250382003 0.527749145 0.133679109 0.164612933 0.822504297
1520617006.866345644 54.668196537 -43.853722659 -429.874751764 0.555883852 0.149925223 0.153222880 0.803142777
1520617006.916496515 54.943512748 -44.750382064 -430.221454657 0.565989063 0.180729249 0.168867091 0.786433230
1520617006.966498613 54.532582943 -43.934840472 -429.813988576 0.573523617 0.212878759 0.182871602 0.769617614
1520617007.016545534 55.423399095 -43.646965831 -430.165520614 0.575387616 0.236860260 0.180532100 0.761731232
1520617007.066501379 56.410378737 -43.495043916 -430.112691466 0.582433021 0.252684271 0.174225084 0.752707151
1520617007.116502523 57.251011612 -42.986074029 -430.297856318 0.580080529 0.264478113 0.176479188 0.749942000
1520617007.166504622 58.188343891 -42.699407820 -430.099788944 0.578814046 0.278646910 0.176304643 0.745819598
1520617007.216505766 58.842804131 -41.943364492 -430.090829009 0.566824121 0.293137687 0.186652150 0.746954943
1520617007.266507626 58.814878702 -40.949323566 -430.196198874 0.544229834 0.306082103 0.198199866 0.755542486
1520617007.316927910 59.167779025 -40.022350340 -430.068990383 0.532324417 0.311918564 0.206961020 0.759279040
1520617007.366930008 59.402126896 -39.480162714 -429.262074246 0.524798641 0.314733038 0.208056165 0.763047923
1520617007.416930914 58.719012009 -38.827386650 -429.589545559 0.510806132 0.308534210 0.216023902 0.772798428
1520617007.466932774 57.986682751 -38.167185914 -429.756365365 0.502078321 0.300185959 0.220525008 0.780496297
1520617007.516935110 58.343236846 -38.305109808 -428.832327391 0.500721333 0.292532504 0.221528940 0.783982021
1520617007.566936016 57.705192192 -38.023227708 -428.115779067 0.501612708 0.285630026 0.222590264 0.785654984
1520617007.616937876 57.542968152 -39.009975602 -428.119236586 0.505912293 0.278269973 0.222935132 0.785441596
1520617007.666939020 58.028735079 -39.840701783 -428.391127196 0.512535716 0.264241139 0.213186154 0.788692224
1520617007.716563463 57.279887083 -40.378781348 -428.004220152 0.518803702 0.255018199 0.213869765 0.787444068
1520617007.766564369 56.585223142 -41.090359350 -427.898869523 0.524749685 0.242819789 0.217544860 0.786352690
1520617007.816566467 56.082405440 -41.701347725 -427.287422416 0.538209705 0.234574334 0.216194836 0.780105754
1520617007.866568565 56.637240622 -42.526741121 -427.183097623 0.558900492 0.218244619 0.202269946 0.774006715
1520617007.916569471 57.372140205 -43.149090772 -427.452548016 0.576836862 0.201327041 0.183557074 0.770086656
1520617007.966571331 57.792378304 -44.048916154 -427.569655755 0.595142822 0.180720250 0.163355558 0.765806878
1520617008.016573429 57.955854028 -44.997907840 -427.839267455 0.613540543 0.158143065 0.140335143 0.760831663
1520617008.066574335 57.376267118 -45.612177177 -428.374759935 0.626936349 0.145596590 0.125988830 0.754903478
1520617008.116702557 56.818142344 -46.417586390 -428.175228645 0.648429833 0.130655131 0.116909308 0.740810503
1520617008.166703701 56.090121993 -45.748042796 -428.027927101 0.656616619 0.108503104 0.094814042 0.740332351
1520617008.216705561 55.595140054 -44.882701922 -428.106527672 0.659497334 0.085735647 0.075903134 0.742934304
1520617008.266706705 55.177498147 -43.997211514 -427.902856427 0.653353785 0.055655136 0.059992139 0.752616955
1520617008.316708803 54.504859569 -43.694791207 -427.227505184 0.640279818 0.035779555 0.057984319 0.765113977
1520617008.366709709 54.616249405 -42.735038784 -427.485318277 0.611797520 0.010970906 0.051296290 0.789273162
1520617008.416711807 54.596942518 -42.030336793 -426.776077593 0.589876598 0.007151607 0.050925088 0.805854260
1520617008.466712713 54.697615478 -41.108021025 -427.149170852 0.558771417 0.007755274 0.053977576 0.827526907
1520617008.517258883 55.162016952 -40.478201910 -427.771793654 0.537435541 0.012788761 0.060601773 0.841027296
1520617008.567260742 55.575903294 -41.213200648 -427.234695013 0.519038492 0.025343959 0.066067404 0.851816780
1520617008.617261648 56.529919378 -40.935702050 -427.121346694 0.513111305 0.035815276 0.069061555 0.854789188
1520617008.667280674 56.582449698 -41.672402338 -426.447170715 0.515978941 0.061642642 0.073592292 0.851205082
1520617008.717264652 56.663093449 -42.668440779 -426.484640834 0.520937634 0.085605614 0.088153412 0.844703875
1520617008.767266750 57.465249847 -43.113445390 -426.086500145 0.534614657 0.104712705 0.088684461 0.833880977
1520617008.817267895 58.007595722 -43.765917245 -426.615784030 0.547881620 0.124827313 0.100003320 0.821123139
1520617008.867269754 58.876859897 -44.256621838 -426.555877465 0.567076732 0.147034053 0.098946872 0.804372105
1520617008.917270660 59.280001177 -45.108972781 -426.222748394 0.582864033 0.177149582 0.104728737 0.786078518
1520617008.966611862 59.860650167 -45.922773652 -426.198771469 0.599061717 0.201388087 0.106889113 0.767556262
1520617009.016613007 60.823429965 -46.180493029 -426.280231790 0.614312462 0.212722392 0.101786400 0.752999941
1520617009.066614866 61.145739132 -47.114298789 -426.435549536 0.628478437 0.227382569 0.106375977 0.736203894
1520617009.116616726 62.120313314 -46.925451098 -426.556138563 0.640504696 0.237782896 0.102712530 0.722954469
1520617009.166617870 62.982994215 -46.523758789 -426.863424999 0.648526042 0.248377939 0.099845044 0.712568130
1520617009.216619968 62.017929782 -46.690093401 -426.660981333 0.651842590 0.254585744 0.104332128 0.706683907
1520617009.266621113 61.324730352 -46.153620529 -426.179658772 0.647199018 0.257321967 0.114769533 0.708340872
1520617009.316622972 61.834175876 -45.464145487 -425.664790415 0.637494493 0.257912021 0.124609298 0.715230511
1520617009.367223024 60.836012763 -45.480117334 -425.723230977 0.621808466 0.258228489 0.135699566 0.726813530
1520617009.417223930 60.126301019 -44.775642012 -425.728105548 0.606419674 0.252931817 0.143894241 0.739983191
1520617009.467226267 59.625390750 -44.355952904 -424.971170971 0.598327142 0.250335077 0.148100510 0.746594414
1520617009.517227173 58.887159704 -43.760554647 -425.288213300 0.593709024 0.250301377 0.148581432 0.750188225
1520617009.567229033 58.497944050 -44.636893235 -425.004414334 0.594296005 0.245782348 0.144997449 0.751916907
1520617009.617230177 58.740830743 -45.588287698 -425.193767524 0.597316113 0.238286382 0.136053589 0.753606318
1520617009.667233229 57.953003050 -45.975848859 -424.715098667 0.602800357 0.231657422 0.132416928 0.751952343
1520617009.717233181 58.721282074 -46.610403837 -424.799284905 0.611190379 0.217866875 0.120339530 0.751331314
1520617009.766969919 59.513979356 -47.199320528 -424.641778876 0.619916260 0.206192198 0.110122570 0.749040471
1520617009.816970825 59.885664060 -48.124606867 -424.566309200 0.628200877 0.203100007 0.101784538 0.744146460
1520617009.866972685 58.928420987 -47.931668319 -424.350762420 0.629258410 0.198518428 0.097850196 0.745016528
1520617009.916973829 59.143200024 -48.854512154 -424.031029374 0.627365634 0.188595831 0.090781883 0.750068413
1520617009.966975927 58.280848143 -48.497474981 -423.672039553 0.617978615 0.183546199 0.093311438 0.758753056
1520617010.016976833 57.893108186 -47.628155687 -423.978538641 0.604822841 0.185918162 0.098003480 0.768126999
1520617010.066979885 58.735347219 -48.093640573 -423.706587848 0.596481812 0.188572914 0.103544056 0.773258258
1520617010.116979837 57.997567553 -47.615735753 -423.229840382 0.589314941 0.186289974 0.111968031 0.778117668
1520617010.167055130 58.951886811 -47.327308120 -423.307842002 0.589089793 0.186239144 0.118217211 0.777375641
1520617010.217056274 59.468669395 -46.615716609 -423.783839148 0.592971006 0.189667549 0.121883185 0.773017527
1520617010.267058372 60.324366483 -46.265630229 -424.164919218 0.599295929 0.193812913 0.120121064 0.767366844
1520617010.317060232 60.606447778 -47.219180105 -424.059217857 0.608683523 0.201523341 0.120978817 0.757797359
1520617010.367061377 60.041694841 -46.449243870 -424.356290768 0.613462759 0.211150971 0.122732533 0.751009611
1520617010.417062283 59.585082021 -45.713985846 -424.857190330 0.613721349 0.214565781 0.122542280 0.749860667
1520617010.467064142 60.498700474 -45.325209530 -424.976162165 0.612393191 0.217223078 0.124246606 0.749900990
1520617010.517065287 59.526923795 -45.274740272 -424.745721413 0.609549106 0.217601539 0.127367984 0.751582899
1520617010.566926718 59.451558846 -45.853275651 -425.557889461 0.605679518 0.217179740 0.127889729 0.754738033
1520617010.616927862 59.604522116 -46.516550136 -426.290466554 0.603503649 0.216376422 0.130157002 0.756322514
1520617010.666929722 58.959937616 -46.442956845 -425.529483736 0.603438466 0.215735464 0.130599104 0.756481395
1520617010.716931820 58.038759901 -46.818694897 -425.428228941 0.606313647 0.213709015 0.131149247 0.754660250
1520617010.766932726 57.788206811 -47.550678617 -426.061808441 0.610728259 0.211685303 0.128956576 0.752044232
1520617010.816934824 58.268746172 -47.718306899 -426.922611950 0.613673077 0.209738324 0.125065262 0.750848767
1520617010.866935968 57.477981395 -47.106977271 -426.891512856 0.614843987 0.207307113 0.120814221 0.751261976
1520617010.916937828 57.081611617 -47.967112764 -426.570486481 0.615448981 0.204387646 0.119254841 0.751815486
1520617010.966973066 57.267401461 -47.039338149 -426.894085612 0.615475732 0.203152573 0.118304509 0.752278338
1520617011.016974926 56.912209993 -46.111374351 -426.781292831 0.611683451 0.197648602 0.116233827 0.757144691
1520617011.066977024 56.999786816 -45.305226514 -427.366490204 0.610681543 0.198915166 0.116089151 0.757643794
1520617011.116977930 56.422349001 -44.677580023 -427.888625677 0.606947295 0.201725820 0.118380905 0.759544360
1520617011.166980028 56.892153014 -43.949814298 -428.388266786 0.605829930 0.201069570 0.118607488 0.760574380
1520617011.216981173 57.039910547 -44.663023653 -429.073467579 0.605829930 0.201069570 0.118607488 0.760574380
1520617011.266983032 57.039910547 -44.663023653 -429.073467579 0.605829930 0.201069570 0.118607488 0.760574380
1520617011.316984892 57.927842011 -45.088150112 -429.249095623 0.605829931 0.201069570 0.118607488 0.760574380
1520617011.366986036 58.612721503 -45.788307319 -429.047303732 0.604025508 0.200334843 0.120949375 0.761833568
1520617011.417001724 58.949716874 -46.309165458 -429.831612931 0.596701962 0.199905622 0.120798606 0.767718834
1520617011.467003822 59.106684934 -45.473236061 -429.305701274 0.589564245 0.202642123 0.119716519 0.772669481
1520617011.517005682 59.606995638 -46.240455341 -428.904373757 0.586283360 0.210462550 0.120827433 0.772902367
1520617011.567006826 58.802624656 -45.779657710 -428.529336602 0.586283360 0.210462550 0.120827433 0.772902367
1520617011.617007732 58.070490214 -45.661813629 -429.200225513 0.589039916 0.207519934 0.116912370 0.772203957
1520617011.667009592 57.272816228 -46.264640216 -429.182440176 0.594997039 0.210163487 0.110506398 0.767852960
1520617011.717010736 56.838081693 -45.521950735 -428.673109028 0.601031318 0.212840223 0.106172318 0.763012341
1520617011.767012596 56.423805779 -46.317190215 -428.230424450 0.604585374 0.209885365 0.104401720 0.761265354
1520617011.816890717 56.909304612 -46.528607912 -427.382135914 0.602398311 0.206953938 0.104452305 0.763790586
1520617011.866893768 56.998599819 -45.599037943 -427.024468416 0.597944010 0.200586380 0.106145016 0.768740074
1520617011.916892767 56.561429719 -44.819787434 -427.473524034 0.590926079 0.195273678 0.111705062 0.774723524
1520617011.966894627 55.822201690 -44.293331659 -427.893507649 0.589104508 0.185785308 0.113243847 0.778213036
1520617012.016895771 55.170802869 -43.573646937 -428.133785565 0.589101362 0.185551912 0.113123358 0.778288622
1520617012.066897869 55.520396718 -44.505068476 -428.032602284 0.598355003 0.183042704 0.110165883 0.772224150
1520617012.116898537 55.895307097 -45.373375857 -428.357386057 0.603416078 0.184165512 0.108849500 0.768195214
1520617012.166900873 56.137218504 -44.650493507 -427.710145778 0.603416078 0.184165512 0.108849500 0.768195214
1520617012.216942787 56.048520784 -44.053699998 -426.912668366 0.601201505 0.180437101 0.111899827 0.770374994
1520617012.266944647 55.848551294 -43.426454469 -427.665380297 0.595957272 0.180951513 0.112082548 0.774292569
1520617012.316946507 56.611037532 -44.004063061 -427.373861771 0.595957272 0.180951513 0.112082548 0.774292569
1520617012.366947651 57.473899445 -43.498955317 -427.355545510 0.597386555 0.186252110 0.113139889 0.771776406
1520617012.416949511 58.202530887 -43.991389991 -426.879515770 0.599602207 0.184195318 0.111143241 0.770841396
1520617012.466950655 57.309944742 -44.295210510 -426.546374560 0.599645536 0.185121092 0.111773254 0.770494745
1520617012.516952753 56.446206585 -43.916961011 -426.213382500 0.599170243 0.182354931 0.112873208 0.771363299
1520617012.566953659 57.422469061 -43.972533661 -426.004042449 0.601252802 0.176872039 0.113881136 0.770871219
1520617012.616968870 57.338799507 -44.846308410 -425.524963025 0.601114313 0.172783355 0.113197789 0.772006319
1520617012.666970730 57.923430437 -45.655940882 -425.472982881 0.603421909 0.167118177 0.109671121 0.771962279
1520617012.716971874 58.416000048 -46.526016461 -425.454444643 0.607094456 0.164078158 0.106865270 0.770126284
1520617012.766973734 58.707004132 -47.047558108 -426.256511307 0.609151662 0.165763594 0.105543107 0.768321116
1520617012.816974640 58.991615891 -47.999630868 -426.368554178 0.613074066 0.168539070 0.104080600 0.764788860
1520617012.866976976 58.962098491 -48.737776954 -427.042549044 0.616347181 0.163612610 0.103874163 0.763254364
1520617012.916977644 58.622145856 -49.391063832 -427.719046244 0.615631527 0.160102068 0.102512547 0.764759000
1520617012.966979742 57.681672699 -49.153827052 -427.962416231 0.612368620 0.156306222 0.102317911 0.768182324
1520617013.017035723 57.219001531 -48.585592654 -427.281942088 0.611791751 0.154299364 0.102827759 0.768979201
1520617013.067037582 57.935589822 -48.031074347 -426.858845564 0.611791751 0.154299364 0.102827759 0.768979201
1520617013.117038488 57.145722008 -47.943303326 -426.251881740 0.611049587 0.153782785 0.104527509 0.769443472
1520617013.167040586 57.159836542 -46.967186591 -426.035094057 0.606028943 0.156001230 0.107449939 0.772558766
1520617013.217041492 56.391892605 -46.602560846 -425.508491573 0.604724701 0.156758328 0.107785220 0.773380378
1520617013.267043352 55.654285243 -46.146082594 -425.010934556 0.604724701 0.156758328 0.107785220 0.773380378
1520617013.317044497 55.304941754 -45.435677285 -425.621903806 0.604724701 0.156758328 0.107785220 0.773380378
1520617013.367046595 55.304941754 -45.435677285 -425.621903806 0.604724701 0.156758328 0.107785220 0.773380378
1520617013.417049646 55.795786952 -46.305667304 -425.575123910 0.602644403 0.154268074 0.108213744 0.775442371
1520617013.467054605 55.717576757 -45.665070644 -424.811239701 0.599540936 0.153289489 0.111053255 0.777637559
1520617013.517052650 54.864146476 -45.158163318 -424.689989054 0.597283813 0.156488945 0.116396191 0.777955773
1520617013.567054749 54.108891057 -44.560459706 -424.421028751 0.593238993 0.162388279 0.124201673 0.778634374
1520617013.617055893 53.889542835 -43.603748314 -424.612313012 0.587318480 0.166542793 0.129905311 0.781309869
1520617013.667143822 53.793869436 -44.573324466 -424.386993935 0.583085475 0.167789000 0.129874979 0.784213408
1520617013.717058659 54.337467707 -44.932688329 -425.145517852 0.581190323 0.170166449 0.130919475 0.784933933
1520617013.767060757 55.254996710 -45.303273877 -425.289763755 0.583259646 0.173604996 0.129104012 0.782944215
1520617013.817061663 54.278000292 -45.139830465 -425.426746413 0.582892088 0.175844773 0.131329905 0.782347676
1520617013.866967678 53.691229995 -44.361897634 -425.651515472 0.579865209 0.184038218 0.136619731 0.781806449
1520617013.916969538 53.662164133 -44.993673892 -424.876909807 0.581300430 0.184795821 0.137041895 0.780486921
1520617013.966970682 52.787096558 -44.509950850 -424.893303617 0.581300430 0.184795821 0.137041895 0.780486921
1520617014.016972542 53.630301821 -43.972376070 -424.897574409 0.581300430 0.184795821 0.137041895 0.780486921
1520617014.066973448 54.404529426 -44.384951317 -425.377525742 0.581300430 0.184795821 0.137041895 0.780486921
1520617014.116975784 55.085112687 -44.361861331 -424.645218924 0.580039631 0.183460990 0.139163576 0.781363930
1520617014.166976690 55.995442527 -44.775356416 -424.627291363 0.580039631 0.183460990 0.139163576 0.781363930
1520617014.216978550 55.603972502 -45.475708600 -425.224164915 0.580292442 0.183452105 0.138526095 0.781291577
1520617014.266916752 55.214946136 -45.960841950 -424.441027559 0.582647940 0.183127764 0.139564444 0.779427588
1520617014.316917658 55.178049198 -46.931341284 -424.679291402 0.586323250 0.184322385 0.139508439 0.776394037
1520617014.366919518 56.052956529 -47.171838602 -425.099646254 0.590467443 0.189089853 0.137318191 0.772487502
1520617014.416920662 56.052956529 -47.171838602 -425.099646254 0.590467443 0.189089853 0.137318191 0.772487502
