1520616724.357818365 0.000000000 0.000000000 0.000000000 0.000000000 0.000000000 0.000000000 1.000000000
1520616724.407773018 0.001609938 0.005329815 0.000269734 0.000891950 0.000802790 0.002279698 0.999996681
1520616724.457774878 0.005045171 0.008263974 0.000681865 0.000995028 -0.000261147 0.004241448 0.999990476
1520616724.507776022 0.001937957 0.012688020 0.002057889 0.000246565 0.000076392 0.008382613 0.999964832
1520616724.557778120 0.010249811 0.013105076 0.003206184 0.000688323 0.004361880 0.009887522 0.999941367
1520616724.607779026 0.015366334 0.013983758 0.005160695 0.001647999 0.009339638 0.010953392 0.999895034
1520616724.657781124 0.014477757 0.017726417 0.007662741 0.003511632 0.015457931 0.010433139 0.999819919
1520616724.707782030 0.017060160 0.016719501 0.008835975 0.002851185 0.018106080 0.014727842 0.999723527
1520616724.757783890 0.018402647 0.017992661 0.010603968 -0.001888372 0.020718435 0.020470773 0.999573973
1520616724.807788849 0.019240710 0.015671550 0.006134088 -0.011744783 0.023245935 0.023008672 0.999395961
1520616724.857789755 0.019391320 0.013288682 0.001762104 -0.020242337 0.021692819 0.024105419 0.999269032
1520616724.907791853 0.018830494 0.011468829 -0.000365419 -0.025028339 0.016464775 0.026758113 0.999192923
1520616724.957895041 0.023191160 0.009577986 -0.002852380 -0.025419833 0.015281269 0.026972270 0.999196083
1520616725.007794857 0.024156238 0.010524128 -0.004884034 -0.023437037 0.014640806 0.027819873 0.999230908
1520616725.057796001 0.023003823 0.003581525 -0.010558211 -0.023057229 0.013442575 0.030467972 0.999179345
1520616725.107797861 0.019472143 0.003851514 -0.013496506 -0.020693807 0.015739313 0.028769137 0.999247906
1520616725.157799006 0.018970734 0.005378935 -0.013010193 -0.016627705 0.017765028 0.026048978 0.999364485
1520616725.207800865 0.020004416 0.004300260 -0.014752524 -0.014923616 0.017814028 0.024707274 0.999424583
1520616725.257856369 0.021839650 0.005650373 -0.015907071 -0.014051223 0.016907142 0.024602113 0.999455576
1520616725.307858467 0.024183052 0.003932909 -0.018249757 -0.014474772 0.016058068 0.024705641 0.999460980
1520616725.357859373 0.024697884 -0.000119507 -0.019058376 -0.017894605 0.016311875 0.022883773 0.999444865
1520616725.407861233 0.027606238 0.002032849 -0.018614750 -0.023588799 0.015224951 0.021189508 0.999381196
1520616725.457863569 0.028767802 -0.003636513 -0.020661545 -0.033609200 0.013584566 0.021680640 0.999107517
1520616725.507864475 0.028667536 -0.004023579 -0.019448131 -0.040629077 0.010776937 0.025882770 0.998780866
1520616725.557866335 0.026658332 -0.006699889 -0.016963068 -0.045515433 0.009086583 0.028780219 0.998507626
1520616725.607868433 0.027758397 -0.011477060 -0.013703284 -0.048290591 0.007858994 0.029358572 0.998370838
1520616725.657862425 0.029578295 -0.018776638 -0.012823004 -0.050326060 0.006772944 0.028359147 0.998307154
1520616725.707863331 0.028680374 -0.022314339 -0.012589773 -0.050595712 0.006568856 0.026830070 0.998337153
1520616725.757865667 0.030091303 -0.024533917 -0.013107890 -0.049166052 0.005887113 0.024383253 0.998475587
1520616725.807866573 0.032104960 -0.024410352 -0.013128083 -0.046356622 0.005178247 0.022606911 0.998655685
1520616725.857868433 0.031272518 -0.022105468 -0.013468035 -0.042595013 0.005336524 0.020797345 0.998861681
1520616725.907871485 0.031844140 -0.018491591 -0.013723354 -0.039290540 0.005290653 0.019471088 0.999024093
1520616725.957871437 0.031084437 -0.016872165 -0.014432169 -0.037431777 0.005544456 0.018526434 0.999112052
1520616726.007873297 0.028875649 -0.015739656 -0.014612333 -0.036847877 0.006414148 0.018589587 0.999127379
1520616726.057950258 0.028875649 -0.015739656 -0.014612333 -0.036847877 0.006414148 0.018589587 0.999127379
1520616726.107951164 0.026969217 -0.013553296 -0.014897389 -0.036664565 0.006790266 0.019454812 0.999115165
1520616726.157953262 0.025368982 -0.011894567 -0.015203795 -0.035723674 0.007218832 0.019131377 0.999152490
1520616726.207954168 0.025186672 -0.011615517 -0.018147430 -0.034008002 0.007958763 0.017883161 0.999229857
1520616726.257956266 0.025594973 -0.009536523 -0.020060259 -0.031258787 0.008665389 0.016774420 0.999332987
1520616726.307958364 0.022918753 -0.009993170 -0.020270291 -0.030449801 0.011774364 0.015674168 0.999344032
1520616726.357959270 0.020511246 -0.012049639 -0.018439512 -0.032730324 0.012282563 0.015092885 0.999274772
1520616726.407961130 0.018474733 -0.011998579 -0.017401809 -0.038443670 0.014487346 0.013184707 0.999068749
1520616726.457912922 0.014521009 -0.010535316 -0.014055276 -0.044745341 0.015681534 0.013249079 0.998787468
1520616726.507915020 0.013103402 -0.013914902 -0.013070144 -0.049708304 0.015308066 0.015586177 0.998524821
1520616726.557915926 0.012830850 -0.008835749 -0.013439106 -0.048303986 0.015607010 0.015998701 0.998582589
1520616726.607916832 0.014163015 -0.007769849 -0.014230919 -0.042181483 0.018254419 0.014748088 0.998834317
1520616726.657919168 0.013696802 -0.006638515 -0.012835698 -0.033155281 0.019926635 0.014764455 0.999142466
1520616726.707921028 0.011097030 -0.004057027 -0.013552599 -0.028035061 0.021259513 0.016239706 0.999248888
1520616726.757922173 0.008656489 0.001737511 -0.013614553 -0.027333548 0.022094959 0.017790857 0.999223786
1520616726.807924032 0.005745296 -0.002157336 -0.013984438 -0.030774560 0.022932920 0.019182058 0.999079104
1520616726.857948303 0.002513192 -0.004219192 -0.012874748 -0.032719461 0.023468575 0.019359840 0.999001431
1520616726.907950163 0.005566954 -0.004647227 -0.014817392 -0.032158197 0.022518493 0.018821688 0.999051806
1520616726.957951307 0.010782297 -0.000644970 -0.014405606 -0.027359464 0.021507453 0.017994855 0.999232242
1520616727.007953167 0.008330093 -0.003324495 -0.013861965 -0.022342875 0.022202324 0.019250592 0.999318401
1520616727.057955265 0.004864178 -0.002266649 -0.015003366 -0.016695350 0.024260887 0.020639374 0.999353136
1520616727.107956409 -0.000854103 -0.002491760 -0.014776598 -0.011359360 0.025343428 0.023225764 0.999344405
1520616727.157958269 0.001395646 0.001219525 -0.016832508 -0.008357592 0.025787707 0.022486632 0.999379556
1520616727.207959175 0.002416475 0.003791324 -0.016598953 -0.007949251 0.025617672 0.022879181 0.999378350
1520616727.257899046 0.004277145 -0.000736995 -0.018172326 -0.011837141 0.025451390 0.024196149 0.999313092
1520616727.307899952 0.004589000 -0.004033126 -0.019880719 -0.017515086 0.025319854 0.024960296 0.999214246
1520616727.357901812 0.002904068 -0.004363064 -0.020820880 -0.023958721 0.024420547 0.025914901 0.999078593
1520616727.407904148 -0.000374653 -0.001616101 -0.021609636 -0.028956165 0.025025074 0.025131900 0.998951287
1520616727.457905054 -0.002030069 -0.006551867 -0.020675012 -0.031216962 0.025229272 0.024781860 0.998886803
1520616727.507906914 -0.005651274 -0.004833387 -0.020451962 -0.029953682 0.025819444 0.024285041 0.998922605
1520616727.557909012 -0.006399163 -0.003783451 -0.023263018 -0.027703014 0.026807395 0.022806588 0.998996379
1520616727.607909918 -0.006551862 0.000535003 -0.025403963 -0.024282850 0.027382944 0.021860675 0.999090901
1520616727.657912016 -0.003959468 0.001590398 -0.027713966 -0.021974242 0.027106592 0.021414573 0.999161539
1520616727.707913399 -0.002713739 0.004115405 -0.028979291 -0.020504290 0.026935225 0.020990879 0.999206410
1520616727.757913351 -0.002713739 0.004115405 -0.028979291 -0.020504290 0.026935225 0.020990879 0.999206410
1520616727.807916403 -0.002165656 0.003745634 -0.028981939 -0.020531078 0.026850163 0.020926916 0.999209491
1520616727.857917309 -0.001774685 0.004478012 -0.029125618 -0.020333968 0.026704003 0.020868824 0.999218654
1520616727.907918453 -0.000999530 0.004723119 -0.030751343 -0.020169316 0.026227781 0.020841780 0.999235169
1520616727.957920313 -0.000466356 0.006277448 -0.032379657 -0.019175150 0.025244888 0.020986543 0.999277026
1520616728.007921219 0.003052461 0.004348236 -0.033032941 -0.019811530 0.024242419 0.020647622 0.999296495
1520616728.057923317 0.003949866 -0.001635741 -0.031835508 -0.022831049 0.022925474 0.020468480 0.999266835
1520616728.107905865 0.004256212 -0.005559902 -0.030582813 -0.026642532 0.022070606 0.020048954 0.999200232
1520616728.157907724 0.003393476 -0.010094365 -0.029348473 -0.030359900 0.021692607 0.019272127 0.999117757
1520616728.207920790 0.006220445 -0.012868209 -0.027667430 -0.032061498 0.020368812 0.019095597 0.999095856
1520616728.257910967 0.010093503 -0.014430094 -0.027948091 -0.032821539 0.019019316 0.018902340 0.999101453
1520616728.307912827 0.010397884 -0.014502995 -0.027992939 -0.032835499 0.018996997 0.018889598 0.999101660
1520616728.357913733 0.011570631 -0.014585612 -0.028051742 -0.032774823 0.018918858 0.018879576 0.999105324
1520616728.407915831 0.010285286 -0.013112759 -0.028114825 -0.032014029 0.019177384 0.018671887 0.999128966
1520616728.457916737 0.010285286 -0.013112759 -0.028114825 -0.032014029 0.019177384 0.018671887 0.999128966
1520616728.507941723 0.010285286 -0.013112759 -0.028114825 -0.032014029 0.019177384 0.018671887 0.999128966
1520616728.557942867 0.010310499 -0.015789473 -0.028069759 -0.032786964 0.019093761 0.018651831 0.999105877
1520616728.607944727 0.011770462 -0.016785300 -0.028442471 -0.033089814 0.018803966 0.018523012 0.999103785
1520616728.657946825 0.015116984 -0.018851756 -0.028899056 -0.033617536 0.018059268 0.018104721 0.999107573
1520616728.707947969 0.016538660 -0.019777988 -0.029080444 -0.033909457 0.017673586 0.017955491 0.999107298
1520616728.757949829 0.019103367 -0.020353933 -0.028971187 -0.034391815 0.017042105 0.018050502 0.999100070
1520616728.807950735 0.018955340 -0.022938552 -0.028552000 -0.035430539 0.016853848 0.018198050 0.999064290
1520616728.857952833 0.018102076 -0.023039950 -0.028483750 -0.035628242 0.017018494 0.018217401 0.999054115
1520616728.907965422 0.017336413 -0.023682995 -0.028425844 -0.035894781 0.017176890 0.018341722 0.999039589
1520616728.957967520 0.015943680 -0.023716988 -0.028013117 -0.036208285 0.017459447 0.018839923 0.999014107
1520616729.007968664 0.017476175 -0.023155113 -0.028071665 -0.037122217 0.017258148 0.019738419 0.998966712
1520616729.057970524 0.017740676 -0.021984413 -0.027833521 -0.037746574 0.017260586 0.020543681 0.998927037
1520616729.107972622 0.017740676 -0.021984413 -0.027833521 -0.037746574 0.017260586 0.020543681 0.998927037
1520616729.157973528 0.017740676 -0.021984413 -0.027833521 -0.037746574 0.017260586 0.020543681 0.998927037
1520616729.207975626 0.017740676 -0.021984413 -0.027833521 -0.037746574 0.017260586 0.020543681 0.998927037
1520616729.257977724 0.016653244 -0.025386678 -0.026811918 -0.038810334 0.017361766 0.020492258 0.998885576
1520616729.307996511 0.016086141 -0.025907239 -0.026900207 -0.039154429 0.017565729 0.020479506 0.998868843
1520616729.357998610 0.016086141 -0.025907239 -0.026900207 -0.039154429 0.017565729 0.020479506 0.998868843
1520616729.408000708 0.013853986 -0.025391347 -0.026507865 -0.038815843 0.018129288 0.020506516 0.998871434
1520616729.458001614 0.012534182 -0.022231520 -0.026489393 -0.037790507 0.018534553 0.020736077 0.998898575
1520616729.508002758 0.012538963 -0.020082800 -0.027425947 -0.036635203 0.018949194 0.020953195 0.998929304
1520616729.558004618 0.008880805 -0.017493571 -0.027736672 -0.035688187 0.019606819 0.021094795 0.998947914
1520616729.608006477 0.010103854 -0.017521102 -0.028213550 -0.035629545 0.019418590 0.021051119 0.998954606
1520616729.658007622 0.009456093 -0.017183323 -0.028099202 -0.035573027 0.019486237 0.021115798 0.998953938
1520616729.708018541 0.010714092 -0.022284203 -0.028668509 -0.037004720 0.019142952 0.020831507 0.998914534
1520616729.758019447 0.011477107 -0.026160864 -0.028612181 -0.038179422 0.018689699 0.020592355 0.998883868
1520616729.808020592 0.012043118 -0.030519313 -0.027498747 -0.039515948 0.018252542 0.020225323 0.998847471
1520616729.858068466 0.014430884 -0.034046672 -0.027229775 -0.040688961 0.017790397 0.020102441 0.998811194
1520616729.908024311 0.015769746 -0.034502628 -0.026779716 -0.041090397 0.017449896 0.020212624 0.998798543
1520616729.958025455 0.017485745 -0.034132036 -0.026251583 -0.041007501 0.017082933 0.020194172 0.998808667
1520616730.008027554 0.017485745 -0.034132036 -0.026251583 -0.041007501 0.017082933 0.020194172 0.998808667
1520616730.058028460 0.017485745 -0.034132036 -0.026251583 -0.041007501 0.017082933 0.020194172 0.998808667
1520616730.108030558 0.017974145 -0.034116060 -0.026313525 -0.040934128 0.017022299 0.020124450 0.998814119
1520616730.158037901 0.017974145 -0.034116060 -0.026313525 -0.040934128 0.017022299 0.020124450 0.998814119
1520616730.208039761 0.017931570 -0.033311321 -0.026149717 -0.040458224 0.016923815 0.019753409 0.998842590
1520616730.258041859 0.019449170 -0.034496886 -0.026357965 -0.040310324 0.016507308 0.018916747 0.998871735
1520616730.308042765 0.022205557 -0.036677057 -0.026020482 -0.040391436 0.015843753 0.017839213 0.998899029
1520616730.358044863 0.023516783 -0.038892543 -0.026597405 -0.040922867 0.015677384 0.017392457 0.998887902
1520616730.408046007 0.023516783 -0.038892543 -0.026597405 -0.040922867 0.015677384 0.017392457 0.998887902
1520616730.458047867 0.023516783 -0.038892543 -0.026597405 -0.040922867 0.015677384 0.017392457 0.998887902
1520616730.508049726 0.020881405 -0.036565181 -0.027098214 -0.040210460 0.016589695 0.017590318 0.998898634
1520616730.558050871 0.018600349 -0.032429815 -0.028148064 -0.038899441 0.017470295 0.017768586 0.998932380
1520616730.608051777 0.015856387 -0.029422394 -0.028875083 -0.037966588 0.018348485 0.017992936 0.998948510
1520616730.658053637 0.013388710 -0.026218850 -0.028555132 -0.037014770 0.018798492 0.018106271 0.998973817
1520616730.708055973 0.013388710 -0.026218850 -0.028555132 -0.037014770 0.018798492 0.018106271 0.998973817
1520616730.758056879 0.013388710 -0.026218850 -0.028555132 -0.037014770 0.018798492 0.018106271 0.998973817
1520616730.808058739 0.013085690 -0.026243836 -0.028583016 -0.037115814 0.018872532 0.018102680 0.998968737
1520616730.858060837 0.009910016 -0.027863550 -0.027587539 -0.038005211 0.019307022 0.017774014 0.998932894
1520616730.908062696 0.009461301 -0.031323717 -0.025593186 -0.039903060 0.018695234 0.016604476 0.998890647
1520616730.958051682 0.008263173 -0.041756407 -0.022762037 -0.043446467 0.018030986 0.015649844 0.998770429
1520616731.008053780 0.005522872 -0.046609044 -0.017928083 -0.045502934 0.017012162 0.015185370 0.998703897
1520616731.058054686 0.003494590 -0.053271603 -0.017646201 -0.046575777 0.014619976 0.014457474 0.998703126
1520616731.108055592 -0.000611124 -0.063615220 -0.011949275 -0.042221825 0.010803261 0.015023239 0.998936890
1520616731.158057928 -0.008659973 -0.076373425 -0.002588842 -0.034058459 0.007076103 0.014390020 0.999291188
1520616731.208058834 -0.018365622 -0.096717051 -0.000477566 -0.026262731 0.002443273 0.012309339 0.999576300
1520616731.258060932 -0.035970939 -0.118484765 0.003674064 -0.018767634 -0.000840074 0.010751511 0.999765710
1520616731.308061838 -0.053165868 -0.138003601 0.010604172 -0.011206830 -0.003960523 0.007515658 0.999901113
1520616731.358057022 -0.075066995 -0.155697111 0.019919223 -0.004638864 -0.007578914 0.005595602 0.999944864
1520616731.408058882 -0.101680504 -0.172803299 0.027558701 0.000880921 -0.010962387 0.006676603 0.999917233
1520616731.458060026 -0.130090415 -0.192700801 0.033045874 0.007197632 -0.011922778 0.008775581 0.999864506
1520616731.508141994 -0.160325069 -0.205679033 0.040561101 0.018885874 -0.015251672 0.013565623 0.999613267
1520616731.558063030 -0.194832986 -0.215933397 0.045147093 0.031482014 -0.020723373 0.021595786 0.999056078
1520616731.608065128 -0.222904233 -0.228159881 0.047415439 0.042754028 -0.029595062 0.031732013 0.998142928
1520616731.658066034 -0.254388549 -0.234211254 0.046462826 0.048598327 -0.039458942 0.041726224 0.997166043
1520616731.708067894 -0.287510522 -0.231081153 0.045914402 0.046447641 -0.047854688 0.049484698 0.996545940
1520616731.757885695 -0.316496213 -0.222923370 0.040470129 0.036374923 -0.056309316 0.055779897 0.996190107
1520616731.807888031 -0.357443977 -0.234865467 0.033873973 0.014715634 -0.060864239 0.057449895 0.996382710
1520616731.857889891 -0.395275461 -0.202136083 0.025954402 0.006253541 -0.066442271 0.059157740 0.996015401
1520616731.907890797 -0.424483641 -0.168087867 0.021345430 -0.000646302 -0.074211856 0.060855798 0.995383722
1520616731.957892895 -0.441143131 -0.142699020 0.013887086 -0.007263006 -0.083854997 0.062022428 0.994519385
1520616732.007893801 -0.456416779 -0.123795597 0.005557685 -0.012112611 -0.093068840 0.062896470 0.993597257
1520616732.057895660 -0.460570916 -0.100710536 0.001679688 -0.014618992 -0.101661557 0.059621278 0.992923218
1520616732.107897043 -0.462810883 -0.072799887 0.001168025 -0.017810787 -0.104512773 0.054500728 0.992869340
1520616732.157942772 -0.459443800 -0.046794807 -0.002321164 -0.026196285 -0.105868498 0.050538960 0.992749429
1520616732.207943678 -0.452864718 -0.029382883 -0.008557889 -0.039398521 -0.105583921 0.048254816 0.992457185
1520616732.257945776 -0.434003733 -0.014175177 -0.013716803 -0.051815002 -0.105934566 0.045374028 0.991985015
1520616732.307947874 -0.405750918 0.003674645 -0.019444791 -0.060625037 -0.106409357 0.040831878 0.991632196
1520616732.357948780 -0.377760539 0.020337352 -0.024582928 -0.065052974 -0.104782484 0.037067542 0.991672697
1520616732.407950640 -0.338557227 0.027384919 -0.024002340 -0.069042797 -0.102433044 0.035372713 0.991710308
1520616732.457952976 -0.303608369 0.045795397 -0.027551755 -0.069582678 -0.099320209 0.037685994 0.991903984
1520616732.507953644 -0.262176059 0.045784057 -0.028678823 -0.073088080 -0.095315984 0.039710920 0.991965745
1520616732.557955980 -0.220489793 0.048439581 -0.028776277 -0.074603864 -0.091453254 0.040608058 0.992180201
1520616732.608239174 -0.177076103 0.055402102 -0.029542813 -0.073614340 -0.088245633 0.040227308 0.992560024
1520616732.658241034 -0.127708725 0.058914871 -0.030837580 -0.071529065 -0.086232272 0.037148320 0.993009361
1520616732.708242178 -0.082803833 0.052438589 -0.032649278 -0.071223098 -0.082977302 0.032701847 0.993464960
1520616732.758244276 -0.032967720 0.048965433 -0.035958720 -0.069386346 -0.078738304 0.027935653 0.994085215
1520616732.808248043 0.018548339 0.048199774 -0.039257464 -0.068467203 -0.075229646 0.025204855 0.994493568
1520616732.858247280 0.065833376 0.044726449 -0.044389494 -0.069596740 -0.070687760 0.024041093 0.994777141
1520616732.908249140 0.114664808 0.044586137 -0.048583327 -0.071582664 -0.066412637 0.022856569 0.994958723
1520616732.958250046 0.164840306 0.044710215 -0.056296737 -0.077213286 -0.062898031 0.018341987 0.994859547
1520616733.008350611 0.224910249 0.046173643 -0.064603700 -0.084921765 -0.058161197 0.012511664 0.994609987
1520616733.058351517 0.274560802 0.052558685 -0.075323077 -0.091627832 -0.051089341 0.009332313 0.994438096
1520616733.108353376 0.318221952 0.054593166 -0.083129961 -0.095678004 -0.041994516 0.008139267 0.994492802
1520616733.158354521 0.370710321 0.054982994 -0.094110123 -0.097052727 -0.035207389 0.010213622 0.994603886
1520616733.208356380 0.419436709 0.044902760 -0.105296596 -0.097701673 -0.026465612 0.016562019 0.994725919
1520616733.258357286 0.473819586 0.036974925 -0.116083619 -0.093187663 -0.016556617 0.019986652 0.995310239
1520616733.308359623 0.526895963 0.039724333 -0.132750036 -0.086891899 -0.005990606 0.019963569 0.995999682
1520616733.358360529 0.566298724 0.048015343 -0.148341775 -0.079775779 0.004223941 0.017321810 0.996653369
1520616733.408395529 0.618157244 0.048894078 -0.166912535 -0.076037673 0.011051603 0.012539780 0.996964838
1520616733.458397627 0.668939674 0.052282477 -0.186208462 -0.074973125 0.016471070 0.005490146 0.997034399
1520616733.508398771 0.719743763 0.049380939 -0.209743346 -0.081337129 0.023087988 -0.000925988 0.996418767
1520616733.558400631 0.770917044 0.055082170 -0.228526707 -0.088179123 0.030430544 -0.005357212 0.995625293
1520616733.608401775 0.814787087 0.055209605 -0.247800087 -0.098874822 0.039319999 -0.006797933 0.994299500
1520616733.658403635 0.857439218 0.050179807 -0.264827284 -0.108650044 0.050436446 -0.007051955 0.992774699
1520616733.708404541 0.902689032 0.041118628 -0.281760645 -0.114153420 0.062822210 -0.007029149 0.991449927
1520616733.758406639 0.943569934 0.027770348 -0.293952654 -0.117226338 0.075481280 -0.006018532 0.990214290
1520616733.808284521 0.979815233 0.023879652 -0.299495151 -0.116648259 0.086811535 -0.006398066 0.989351306
1520616733.858286381 1.009277240 0.001815918 -0.304626024 -0.119800290 0.096480357 -0.008765092 0.988060021
1520616733.908288240 1.038885746 -0.012061967 -0.305032522 -0.120806880 0.104059392 -0.011783302 0.987136513
1520616733.958289385 1.060812148 -0.028527628 -0.300151872 -0.122207916 0.111373249 -0.015215062 0.986118515
1520616734.008291483 1.083065976 -0.040407469 -0.295211693 -0.121310269 0.116290292 -0.020099044 0.985574155
1520616734.058292627 1.097632801 -0.054639522 -0.284608895 -0.116835314 0.119460522 -0.025500425 0.985610685
1520616734.108294487 1.104167320 -0.080673447 -0.271387978 -0.107592803 0.118913650 -0.032062600 0.986537035
1520616734.158296347 1.112253981 -0.107413551 -0.256227641 -0.092363131 0.114911233 -0.038320264 0.988329914
1520616734.208430529 1.107551378 -0.135465394 -0.242367381 -0.075563568 0.108349305 -0.042241783 0.990336411
1520616734.258431673 1.090692007 -0.162070205 -0.226917881 -0.057236922 0.100559415 -0.041682651 0.992408331
1520616734.308432579 1.075321456 -0.195815517 -0.214894901 -0.044028710 0.095644449 -0.041275375 0.993584398
1520616734.358434677 1.049738480 -0.225415505 -0.201076248 -0.033512587 0.092500965 -0.039381786 0.994368922
1520616734.408436537 1.022882609 -0.252853339 -0.187801534 -0.026240013 0.088633017 -0.040025247 0.994913880
1520616734.458437443 0.988398338 -0.272756659 -0.173262024 -0.019428160 0.084447709 -0.040208435 0.995426749
1520616734.508438587 0.952829822 -0.291689627 -0.163437892 -0.014393477 0.078805204 -0.037798336 0.996069201
1520616734.558440447 0.908305381 -0.308430040 -0.152133225 -0.009755129 0.075925494 -0.033168187 0.996513938
1520616734.608036280 0.861145314 -0.326842373 -0.143175284 -0.007106373 0.074160345 -0.026318544 0.996873651
1520616734.658037186 0.815831677 -0.338882442 -0.137465782 -0.006027108 0.070327305 -0.015458591 0.997385972
1520616734.708039284 0.765414022 -0.345976263 -0.134402485 -0.008210950 0.066648386 -0.006670427 0.997720441
1520616734.758040190 0.712242537 -0.341594124 -0.131925869 -0.010249694 0.058816501 -0.000069433 0.998216188
1520616734.808042049 0.657720978 -0.333983624 -0.129687719 -0.012316490 0.048374839 0.006140956 0.998734433
1520616734.858043194 0.601391592 -0.325733262 -0.128547905 -0.015044700 0.036698904 0.014779274 0.999103809
1520616734.908045053 0.543926509 -0.303101026 -0.131140010 -0.016756390 0.026070705 0.023348405 0.999246913
1520616734.958045959 0.491115590 -0.287402250 -0.132605680 -0.023095487 0.017743983 0.025754361 0.999243945
1520616735.008048296 0.440528731 -0.269083552 -0.140161755 -0.037611306 0.009291867 0.024266703 0.998954543
1520616735.057911396 0.385595553 -0.232586967 -0.141463923 -0.051127665 0.000438479 0.020533600 0.998480917
1520616735.107912540 0.351520585 -0.218891797 -0.153051995 -0.072262055 -0.009598653 0.012630299 0.997259513
1520616735.157914400 0.308301063 -0.186751004 -0.160492258 -0.087997413 -0.018701005 0.005677593 0.995928960
1520616735.207915306 0.258797194 -0.146927579 -0.161281296 -0.099767344 -0.029243023 0.002984163 0.994576502
1520616735.257917643 0.211451533 -0.112067581 -0.159676282 -0.108796440 -0.041196793 0.000507490 0.993209898
1520616735.307918549 0.156877626 -0.079232041 -0.165821274 -0.114534857 -0.050355201 -0.004421802 0.992132334
1520616735.357920408 0.115744818 -0.039205881 -0.166562237 -0.116805594 -0.065742688 -0.010978775 0.990915647
1520616735.407921553 0.069489690 -0.014526571 -0.175192381 -0.123420160 -0.083029764 -0.014061581 0.988774896
1520616735.458165169 0.003962580 0.019837596 -0.186600067 -0.129311158 -0.096968089 -0.018266226 0.986682400
1520616735.508167028 -0.058440112 0.037934733 -0.199788586 -0.142029226 -0.113011224 -0.023042112 0.983120147
1520616735.558168173 -0.104948201 0.048421870 -0.211165647 -0.158382552 -0.129995741 -0.027640519 0.978392598
1520616735.608170033 -0.165081840 0.053393848 -0.231060984 -0.172806634 -0.144086521 -0.032207773 0.973827295
1520616735.658170938 -0.220240434 0.045276718 -0.243679496 -0.180717074 -0.161404721 -0.033839231 0.969610624
1520616735.708173037 -0.276150865 0.043535392 -0.254079343 -0.179470223 -0.179050361 -0.030410000 0.966853991
1520616735.758175135 -0.328363659 0.029950740 -0.261809275 -0.176163428 -0.196652729 -0.023456624 0.964232305
1520616735.808176041 -0.386611796 0.014998436 -0.270737296 -0.169107749 -0.214195541 -0.015926225 0.961909141
1520616735.858806133 -0.443189474 -0.009904605 -0.276951418 -0.161359700 -0.231653529 -0.011496922 0.959253622
1520616735.908808231 -0.497209961 -0.039695992 -0.281475575 -0.150553944 -0.247273526 -0.009392236 0.957131704
1520616735.958809137 -0.552483968 -0.067087991 -0.284744154 -0.135829669 -0.257558472 -0.005805960 0.956650524
1520616736.008810997 -0.597347045 -0.096163257 -0.289370073 -0.118379509 -0.264388873 0.002364788 0.957120276
1520616736.058812141 -0.642847705 -0.134665139 -0.290002977 -0.098264115 -0.271274444 0.012920436 0.957385712
1520616736.108814240 -0.684812352 -0.170066982 -0.289278115 -0.073389720 -0.280592292 0.022974018 0.956741401
1520616736.158815145 -0.716057257 -0.221187145 -0.287550101 -0.056237228 -0.291789136 0.030447670 0.954342399
1520616736.208817244 -0.748398561 -0.259339691 -0.286982013 -0.043179124 -0.301709900 0.036956094 0.951704233
1520616736.258398294 -0.774982416 -0.300607750 -0.285832933 -0.038793897 -0.313153656 0.043662796 0.947904732
1520616736.308400154 -0.796593705 -0.336051675 -0.283609565 -0.035449361 -0.328777773 0.049115510 0.942462830
1520616736.358401060 -0.817039835 -0.370532614 -0.283474667 -0.030394507 -0.345922937 0.054844961 0.936165330
1520616736.408424377 -0.833438051 -0.394116168 -0.282883318 -0.019661721 -0.364667265 0.063052779 0.928792522
1520616736.458404303 -0.844349282 -0.423141224 -0.280734037 -0.008607937 -0.385501753 0.071166704 0.919918258
1520616736.508406162 -0.858459604 -0.447201577 -0.278893011 0.002383405 -0.405570699 0.081631704 0.910408146
1520616736.558407307 -0.862834782 -0.472733515 -0.275279167 0.010307266 -0.424993526 0.090652444 0.900586696
1520616736.608409166 -0.865377447 -0.487744704 -0.267408080 0.013530844 -0.441772389 0.096768860 0.891790256
1520616736.658056974 -0.865617462 -0.498968730 -0.256932093 0.010738036 -0.445862092 0.100926287 0.889328721
1520616736.708058119 -0.861244684 -0.504157627 -0.237646996 0.007911049 -0.436162862 0.105758689 0.893596370
1520616736.758060217 -0.862036350 -0.516031468 -0.212305530 0.007430980 -0.406293662 0.106132592 0.907527472
1520616736.808061123 -0.840991790 -0.527316075 -0.182697742 0.013973573 -0.365370094 0.106169999 0.924682305
1520616736.858063221 -0.821904635 -0.532551046 -0.151695076 0.022874523 -0.314965854 0.101362268 0.943397561
1520616736.908064127 -0.792969392 -0.530898247 -0.127346348 0.029729224 -0.259663927 0.089575718 0.961075964
1520616736.958065987 -0.749389197 -0.541446130 -0.108543093 0.024649647 -0.209630812 0.075274660 0.974567105
1520616737.008067131 -0.710727711 -0.526629677 -0.096342631 0.016308024 -0.165484065 0.063581740 0.984025627
1520616737.058068991 -0.690149739 -0.523198684 -0.093832992 -0.000178090 -0.122356866 0.064014991 0.990419531
1520616737.107939720 -0.661849652 -0.504066627 -0.093982445 -0.012126120 -0.086767969 0.067307703 0.993878237
1520616737.157940626 -0.637482234 -0.483840734 -0.098122059 -0.022311272 -0.053041563 0.072938636 0.995675025
1520616737.207942724 -0.599682093 -0.476122675 -0.106832687 -0.034772023 -0.023503997 0.073741993 0.996393791
1520616737.257943630 -0.566118027 -0.437986236 -0.119631491 -0.042533820 0.005046840 0.072762423 0.996429141
1520616737.307945490 -0.529123303 -0.410342412 -0.135743218 -0.052564532 0.027933961 0.065158295 0.996097917
1520616737.357947826 -0.494003873 -0.385302466 -0.153450382 -0.064339972 0.035194836 0.054270487 0.995829506
1520616737.407948732 -0.458728606 -0.355063843 -0.173402589 -0.076273853 0.026756332 0.040875980 0.995889327
1520616737.457950592 -0.436758548 -0.324755956 -0.193036288 -0.090693170 0.006517681 0.028924631 0.995437409
1520616737.508017302 -0.412873270 -0.297692527 -0.210358507 -0.105713053 -0.021057328 0.018881912 0.993994373
1520616737.558018446 -0.382259217 -0.281353673 -0.229677723 -0.125656053 -0.051185687 0.013580310 0.990659456
1520616737.608020306 -0.363292127 -0.244887824 -0.258024466 -0.138480375 -0.081761170 0.016556551 0.986845569
1520616737.658022165 -0.344822917 -0.229886369 -0.282425198 -0.150111604 -0.116509885 0.025793971 0.981441096
1520616737.708023310 -0.318839523 -0.219966314 -0.298813685 -0.153405511 -0.157617710 0.035751374 0.974856526
1520616737.758024216 -0.297127359 -0.216045726 -0.312541220 -0.148129341 -0.197947181 0.049573161 0.967686475
1520616737.808026314 -0.272653484 -0.208831176 -0.330346566 -0.137233349 -0.236596418 0.064180348 0.959723932
1520616737.858027458 -0.232545391 -0.207436905 -0.345654496 -0.127567997 -0.271478075 0.070772707 0.951323964
1520616737.908360243 -0.195521099 -0.189975701 -0.353402829 -0.117765327 -0.300199121 0.076257792 0.943502286
1520616737.958361149 -0.162357941 -0.172230450 -0.369390930 -0.112600660 -0.319294255 0.073792198 0.938044232
1520616738.008363247 -0.112319655 -0.157267239 -0.379312310 -0.113999965 -0.329707675 0.069624098 0.934585118
1520616738.058416128 -0.059204433 -0.148364072 -0.386855282 -0.125643828 -0.326832852 0.066113056 0.934356987
1520616738.108366251 -0.007891000 -0.140039388 -0.395688200 -0.139751682 -0.305261790 0.061694729 0.939935353
1520616738.158367395 0.037414111 -0.117445724 -0.403468802 -0.145428786 -0.264418828 0.051833998 0.951969741
1520616738.208369255 0.117794348 -0.113887336 -0.394688840 -0.146340206 -0.221309786 0.039642909 0.963345713
1520616738.258371115 0.180826219 -0.104466632 -0.396424446 -0.137494523 -0.174475217 0.033036932 0.974454830
1520616738.308405161 0.239939074 -0.099257163 -0.402420239 -0.123681267 -0.125923463 0.025058489 0.983980842
1520616738.358407021 0.291836180 -0.096872217 -0.417934152 -0.111882733 -0.077331474 0.017597946 0.990551568
1520616738.408407927 0.348424075 -0.116611697 -0.426392129 -0.108357150 -0.033781387 0.007778213 0.993507446
1520616738.458410025 0.389992172 -0.100735957 -0.436603955 -0.101760615 0.009445081 -0.001378460 0.994763121
1520616738.508410931 0.434382251 -0.098073530 -0.454695246 -0.102623906 0.047381025 -0.008983459 0.993550537
1520616738.558412790 0.490598402 -0.094508882 -0.468151888 -0.104318834 0.075507792 -0.019253618 0.991486486
1520616738.608413935 0.531313263 -0.086721897 -0.481406424 -0.106296881 0.089120983 -0.025144113 0.990013231
1520616738.658416033 0.564686732 -0.085585117 -0.497745401 -0.108425866 0.084276666 -0.025131270 0.990206895
1520616738.708337545 0.595324099 -0.082140414 -0.516920837 -0.109660636 0.064675646 -0.021820231 0.991622652
1520616738.758338690 0.626927163 -0.066171673 -0.538182386 -0.111835914 0.031735941 -0.015076148 0.993105366
1520616738.808340549 0.658938836 -0.054361361 -0.563367682 -0.121458504 -0.009164627 -0.008291454 0.992519568
1520616738.858341455 0.698797966 -0.052217586 -0.595011871 -0.138221017 -0.050989881 0.000211424 0.989087932
1520616738.908343554 0.714748077 -0.031396211 -0.619864854 -0.153593653 -0.086158894 0.011234854 0.984306564
1520616738.958344460 0.748427759 -0.007449803 -0.644301999 -0.165219366 -0.114059002 0.018736678 0.979460077
1520616739.008346558 0.758829022 -0.006903334 -0.675108725 -0.178983552 -0.131517499 0.026040759 0.974674261
1520616739.058348656 0.786049445 -0.003795879 -0.697763579 -0.187223244 -0.143775032 0.030974400 0.971244966
1520616739.108448744 0.824703232 -0.000246503 -0.721858714 -0.190994630 -0.155169126 0.036256943 0.968570610
1520616739.158450842 0.851352678 0.015709714 -0.737960037 -0.186783456 -0.162463015 0.039540656 0.968067274
1520616739.208452940 0.884973764 0.020300769 -0.753258893 -0.180042056 -0.163735954 0.034481613 0.969322657
1520616739.258454800 0.932316744 0.028202315 -0.754133031 -0.172719509 -0.156185454 0.021164320 0.972278842
1520616739.308455706 0.962021402 0.039101831 -0.768294113 -0.168217610 -0.130260171 -0.000682642 0.977105244
1520616739.358456850 0.996997631 0.036895650 -0.773775713 -0.168835235 -0.094092702 -0.024066278 0.980847614
1520616739.408457756 1.018858469 0.024905516 -0.775850457 -0.175408499 -0.051942318 -0.037389926 0.982413277
1520616739.458460808 1.036350582 0.009694913 -0.777852148 -0.179501420 -0.014161008 -0.044557778 0.982646076
1520616739.508461952 1.056460564 0.000445161 -0.769843642 -0.178280752 0.018490315 -0.051000182 0.982483111
1520616739.558614969 1.064634518 -0.021081679 -0.762624959 -0.174047117 0.049987342 -0.065142178 0.981307986
1520616739.608616829 1.080502970 -0.037085384 -0.751886896 -0.165206384 0.074907082 -0.084493359 0.979773776
1520616739.658618927 1.092521101 -0.063477701 -0.734526225 -0.155279190 0.095056639 -0.103922902 0.977779443
1520616739.708699703 1.103191662 -0.087255244 -0.717149089 -0.142723215 0.102758683 -0.110946267 0.978141944
1520616739.758620739 1.102710043 -0.117956982 -0.691277969 -0.130010192 0.098911137 -0.105278731 0.980933395
1520616739.808622837 1.099459939 -0.149389444 -0.671167957 -0.118237325 0.082874529 -0.089157720 0.985496143
1520616739.858624935 1.097735964 -0.175687895 -0.652410006 -0.109152956 0.059218073 -0.069801681 0.989801282
1520616739.908625841 1.094584591 -0.199701488 -0.641752706 -0.106799563 0.031022437 -0.046517770 0.992707187
1520616739.958545208 1.091347704 -0.236036273 -0.625457154 -0.110512709 0.003733439 -0.024183976 0.993573418
1520616740.008546352 1.091258429 -0.260956164 -0.612816023 -0.113603268 -0.019171852 -0.007209810 0.993315034
1520616740.058548212 1.084623264 -0.287066922 -0.596950884 -0.114958705 -0.038957922 0.008901100 0.992566142
1520616740.108549118 1.071960930 -0.308588572 -0.578917030 -0.112452287 -0.059385895 0.025298765 0.991558254
1520616740.158551455 1.055927057 -0.326952870 -0.561137700 -0.105901078 -0.074321043 0.039456533 0.990810035
1520616740.208552361 1.056908881 -0.347496828 -0.536320885 -0.097471104 -0.074525388 0.043799129 0.991477174
1520616740.258554459 1.067033285 -0.369779469 -0.510437366 -0.087006831 -0.056700684 0.035186036 0.993970214
1520616740.308556318 1.079398780 -0.391612382 -0.477242115 -0.073207738 -0.023584435 0.019669187 0.996843781
1520616740.358345270 1.083567734 -0.406749633 -0.443442735 -0.057828773 0.015576861 0.005774760 0.998188282
1520616740.408347130 1.088494140 -0.429593915 -0.412012639 -0.046764939 0.050328536 -0.003337898 0.997631664
1520616740.458349228 1.089799006 -0.443902727 -0.382432871 -0.037917117 0.082470073 -0.010850630 0.995812856
1520616740.508350372 1.099515334 -0.458599046 -0.348825213 -0.032406248 0.109802199 -0.019936160 0.993224980
1520616740.558351278 1.108310577 -0.470181993 -0.317369420 -0.029579755 0.130108579 -0.030257992 0.990596411
1520616740.608353138 1.110464345 -0.482152013 -0.286141401 -0.028776788 0.141601421 -0.043565838 0.988545877
1520616740.658355236 1.112032515 -0.492473536 -0.256139782 -0.029645263 0.137298078 -0.057497340 0.988415121
1520616740.708357096 1.105638146 -0.505016973 -0.229113552 -0.031798113 0.118864886 -0.075301219 0.989540169
1520616740.758201122 1.091638162 -0.507421882 -0.197783351 -0.029045702 0.093940870 -0.102604875 0.989850342
1520616740.808203220 1.089888228 -0.509343294 -0.171598709 -0.025144151 0.067494948 -0.142190699 0.987215280
1520616740.858203888 1.076631013 -0.507470921 -0.146866061 -0.021904356 0.042236733 -0.187920929 0.981031081
1520616740.908206224 1.064679962 -0.496458186 -0.115664783 -0.015383623 0.014982479 -0.234927529 0.971775656
1520616740.958208084 1.051934215 -0.497053062 -0.089626178 -0.008406880 -0.014545768 -0.278087650 0.960408769
1520616741.008208990 1.030601521 -0.489354707 -0.065447778 -0.002710757 -0.047899384 -0.311399897 0.949067123
1520616741.058211088 1.006734291 -0.468093510 -0.046895118 -0.001011616 -0.084052667 -0.330936739 0.939901591
1520616741.108211994 0.976259363 -0.451040001 -0.024875838 -0.010346324 -0.117056783 -0.333608510 0.935358768
1520616741.158145189 0.940003381 -0.433970408 -0.013094409 -0.028907756 -0.146254788 -0.314754159 0.937391966
1520616741.208147049 0.905117712 -0.410463545 0.010317323 -0.047198855 -0.175035823 -0.280241819 0.942655426
1520616741.258147955 0.858239491 -0.391666848 0.019245426 -0.060659074 -0.199851128 -0.232239316 0.949971001
1520616741.308150053 0.814972942 -0.373802114 0.032792460 -0.063392360 -0.218995825 -0.178384849 0.957183934
1520616741.358150959 0.760082185 -0.359747043 0.039144927 -0.059952646 -0.233716768 -0.121947759 0.962762118
1520616741.408152819 0.711054963 -0.358881195 0.048910273 -0.060297330 -0.243351569 -0.066425220 0.965780480
1520616741.458155155 0.667184976 -0.350954769 0.059239349 -0.067117161 -0.242502201 -0.014573583 0.967716684
1520616741.508156061 0.624253127 -0.339139901 0.071215354 -0.076244339 -0.227114634 0.031642467 0.970363075
1520616741.558157921 0.589998759 -0.330248168 0.085307365 -0.085791804 -0.204243986 0.075682790 0.972212053
1520616741.608345032 0.564295509 -0.325893987 0.106937886 -0.091363201 -0.172627841 0.118099789 0.973604044
1520616741.658346891 0.539887606 -0.306412164 0.134732740 -0.087262215 -0.132477502 0.151334270 0.975670516
1520616741.708348036 0.518057157 -0.295505847 0.157618027 -0.080315317 -0.087139108 0.169931651 0.978304380
1520616741.758349895 0.502989754 -0.292356190 0.181937246 -0.071321126 -0.037182589 0.171963772 0.981814246
1520616741.808350801 0.493952596 -0.297903796 0.202470968 -0.060551420 0.007799999 0.158643319 0.985446591
1520616741.858352900 0.470772887 -0.298967739 0.220392240 -0.047374029 0.046578022 0.136677012 0.988385342
1520616741.908354998 0.449609818 -0.296560561 0.236515708 -0.037138512 0.073453089 0.111526611 0.990347005
1520616741.958355904 0.431497037 -0.304882398 0.245022852 -0.031419311 0.090114346 0.079639997 0.992244779
1520616742.008559942 0.414160264 -0.319190136 0.252154316 -0.028789461 0.100495728 0.043352834 0.993575517
1520616742.058561087 0.392737233 -0.331231000 0.258689988 -0.026489360 0.109758115 0.001652707 0.993603914
1520616742.108562946 0.368917303 -0.339104021 0.266517787 -0.023706112 0.108973300 -0.041535492 0.992893571
1520616742.158563852 0.333393436 -0.344775490 0.276224873 -0.022094997 0.093323813 -0.080659489 0.992117193
1520616742.208566189 0.293632511 -0.338630732 0.283567140 -0.015576782 0.053369372 -0.107420992 0.992657949
1520616742.258568048 0.249689151 -0.327174793 0.294014219 -0.006579117 0.002662201 -0.122898086 0.992393918
1520616742.308569908 0.206276958 -0.331858920 0.287806042 -0.000133721 -0.053768571 -0.128070520 0.990306450
1520616742.358571053 0.156256043 -0.340766605 0.280279146 0.008919614 -0.110309861 -0.120171931 0.986565194
1520616742.408459902 0.109154696 -0.345174592 0.267851411 0.021917956 -0.159549931 -0.099748935 0.981892852
1520616742.458460808 0.066250766 -0.369432331 0.261571083 0.027352726 -0.197857816 -0.069300612 0.977395282
1520616742.508462667 0.012715632 -0.378540238 0.246450050 0.033081053 -0.225657223 -0.031086220 0.973148554
1520616742.558463812 -0.032193670 -0.387143092 0.226955562 0.033209294 -0.249770325 0.016708991 0.967591204
1520616742.608464718 -0.072350729 -0.396416311 0.214549213 0.029043413 -0.269462905 0.069071872 0.960091298
1520616742.658466816 -0.108929147 -0.402122551 0.196112898 0.021977400 -0.278421075 0.119819019 0.952702525
1520616742.708468914 -0.133975008 -0.405340801 0.180007052 0.015520059 -0.273626783 0.165939642 0.947286412
1520616742.758469820 -0.162157318 -0.409718859 0.168735988 0.010176496 -0.249601755 0.202961790 0.946785041
1520616742.808308840 -0.181509614 -0.405624701 0.156413896 0.009531778 -0.211681021 0.228977140 0.950089343
1520616742.858310699 -0.199743049 -0.404428670 0.142318902 0.008071818 -0.162728764 0.246965854 0.955228801
1520616742.908311605 -0.211046539 -0.386198781 0.127209044 0.012938121 -0.108675474 0.261663360 0.958934061
1520616742.958312750 -0.220989880 -0.377740865 0.111084942 0.016095743 -0.052006989 0.274287871 0.960105392
1520616743.008314610 -0.220602166 -0.372371361 0.094535501 0.018376136 0.007969194 0.276489699 0.960808127
1520616743.058316708 -0.224457234 -0.353148366 0.074100227 0.028098011 0.069128641 0.264117771 0.961599468
1520616743.108317852 -0.235482322 -0.347330242 0.040960640 0.034568366 0.130457020 0.239854408 0.961382264
1520616743.158319712 -0.232509536 -0.350753011 0.004074219 0.034965378 0.181326637 0.204479282 0.961294074
1520616743.208206177 -0.225200713 -0.345744683 -0.025227736 0.033811215 0.219143285 0.157845037 0.962246313
1520616743.258208036 -0.229405840 -0.339318154 -0.061432758 0.028275994 0.246117865 0.106132014 0.962996604
1520616743.308209181 -0.239641222 -0.348794272 -0.090859770 0.023347826 0.259043356 0.062431818 0.963563016
1520616743.358211279 -0.257056094 -0.372824359 -0.117139350 0.039417754 0.256113247 0.032876584 0.965283055
1520616743.408211946 -0.279046282 -0.398131477 -0.139336234 0.076637897 0.241678291 0.017756859 0.967162308
1520616743.458214283 -0.304101901 -0.413178737 -0.162386420 0.122291410 0.222009624 0.012551161 0.967263670
1520616743.508216143 -0.334275478 -0.455305903 -0.188346851 0.159794032 0.203535201 0.013125570 0.965850407
1520616743.558217049 -0.367447771 -0.493733368 -0.213538124 0.190488330 0.189781462 0.013112071 0.963081132
1520616743.608169317 -0.399820045 -0.524916490 -0.241971010 0.216948740 0.178185485 0.014081508 0.959679576
1520616743.658170462 -0.432594991 -0.554707397 -0.269586417 0.239346638 0.168576853 0.011275191 0.956121280
1520616743.708172321 -0.462133326 -0.560036169 -0.296492938 0.260166270 0.162277453 0.008588536 0.951790827
1520616743.758173227 -0.502434791 -0.574360563 -0.318322836 0.267964893 0.159412209 0.010647335 0.950089047
1520616743.808175564 -0.538479781 -0.565658731 -0.341090065 0.261440037 0.154433504 0.020963777 0.952554418
1520616743.858177423 -0.572834073 -0.565440104 -0.364664706 0.233489080 0.151284099 0.031386225 0.960005664
1520616743.908178329 -0.617138708 -0.550935433 -0.383809334 0.201443038 0.145977025 0.042436306 0.967631423
1520616743.958180428 -0.664982094 -0.534960698 -0.406262652 0.168859724 0.136158048 0.049640586 0.974927275
1520616744.008182287 -0.707769762 -0.518990917 -0.425388663 0.135225671 0.122443587 0.054917562 0.981685106
1520616744.058113337 -0.757811541 -0.502898517 -0.446614086 0.097840426 0.107334294 0.057961136 0.987697883
1520616744.108115435 -0.805884953 -0.495587846 -0.473711557 0.051123347 0.092997790 0.059885340 0.992548014
1520616744.158116341 -0.840669611 -0.462997533 -0.503559588 0.004600456 0.078194059 0.061596997 0.995022781
1520616744.208118439 -0.869807029 -0.443215875 -0.532017697 -0.042937793 0.064246976 0.062782086 0.995031196
1520616744.258119583 -0.901142984 -0.417628415 -0.564349051 -0.082319206 0.052863736 0.063700368 0.993162241
1520616744.308121443 -0.933626172 -0.376691944 -0.589420362 -0.109708270 0.042814886 0.063449099 0.991012206
1520616744.358123302 -0.962939201 -0.364782082 -0.618833159 -0.142496564 0.035121626 0.066112270 0.986960166
1520616744.408124447 -0.984530872 -0.356344193 -0.654499973 -0.181090903 0.024012556 0.069163710 0.980737408
1520616744.458283901 -1.007086531 -0.346278896 -0.689025788 -0.221686442 0.007712350 0.075094884 0.972191545
1520616744.508284807 -1.026522455 -0.339952443 -0.714394099 -0.263318859 -0.010004999 0.077262941 0.961557859
1520616744.558285952 -1.056283600 -0.329757155 -0.743315257 -0.296288171 -0.023840349 0.078675045 0.951554094
1520616744.608300924 -1.090400352 -0.310638990 -0.767291398 -0.319450429 -0.033155116 0.080766959 0.943572393
1520616744.658289671 -1.103464039 -0.306355320 -0.790317025 -0.341515631 -0.043835817 0.081231835 0.935332499
1520616744.708290815 -1.134592598 -0.299327587 -0.813207477 -0.365015651 -0.050465517 0.080011836 0.926182980
1520616744.758292913 -1.160526622 -0.286990245 -0.834420376 -0.386163663 -0.057941002 0.077296398 0.917358018
1520616744.808293819 -1.166440676 -0.293033986 -0.851438814 -0.406198043 -0.064001061 0.072760336 0.908632460
1520616744.859205723 -1.187928736 -0.287510366 -0.858443244 -0.402837192 -0.061564818 0.071418385 0.910401771
1520616744.909206867 -1.205219670 -0.285207640 -0.857912713 -0.374727149 -0.053821735 0.071922081 0.922772994
1520616744.959208727 -1.219359935 -0.282452027 -0.852627418 -0.332459476 -0.043500530 0.074328699 0.939177111
1520616745.009209633 -1.220752839 -0.299253162 -0.848612476 -0.293870525 -0.038689586 0.078645727 0.951818302
1520616745.059211969 -1.232082405 -0.305682468 -0.841985744 -0.256374273 -0.036351486 0.086154979 0.962043721
1520616745.109213829 -1.224530678 -0.324343244 -0.841933066 -0.222899137 -0.037851210 0.090174699 0.969923597
1520616745.159214735 -1.224895073 -0.344855263 -0.837528409 -0.191754981 -0.036180591 0.090642716 0.976578154
1520616745.209216833 -1.214694296 -0.386172834 -0.834354593 -0.163403204 -0.035128120 0.088707637 0.981935010
1520616745.259242058 -1.199705860 -0.414267430 -0.834037011 -0.125886164 -0.035043316 0.089210069 0.987403769
1520616745.309243917 -1.180914011 -0.449722569 -0.830965096 -0.084685445 -0.033945165 0.089188947 0.991827320
1520616745.359245062 -1.162264754 -0.483492514 -0.826674573 -0.036687209 -0.031368207 0.090179860 0.994755084
1520616745.409247160 -1.135798395 -0.514707360 -0.825582594 0.012350465 -0.028473313 0.090294726 0.995431363
1520616745.459249258 -1.119322195 -0.524773357 -0.826514117 0.062714547 -0.023943255 0.088066074 0.993850076
1520616745.509250164 -1.089482631 -0.554150597 -0.829376945 0.102759252 -0.022054951 0.083966398 0.990910571
1520616745.559252024 -1.065462759 -0.576395233 -0.831879512 0.132651067 -0.022876565 0.079090443 0.987737343
1520616745.609254122 -1.038938532 -0.594873219 -0.837598006 0.144903811 -0.027003467 0.076099861 0.986145278
1520616745.658396721 -1.002936539 -0.598806068 -0.847859413 0.141587771 -0.035537839 0.075646552 0.986391182
1520616745.708398581 -0.972956039 -0.599912554 -0.849254617 0.124241041 -0.043270366 0.072532946 0.988651006
1520616745.758399725 -0.941977930 -0.598467158 -0.853289006 0.095552732 -0.050055124 0.069858257 0.991707610
1520616745.808401823 -0.910107338 -0.581853580 -0.853768793 0.054864605 -0.056878905 0.069551634 0.994443179
1520616745.858402729 -0.886215723 -0.566184899 -0.858526281 0.002333458 -0.061085472 0.067262734 0.995860856
1520616745.908404827 -0.852148104 -0.545980781 -0.866393060 -0.054142213 -0.066404596 0.066025468 0.994132631
1520616745.958405733 -0.829487511 -0.506715695 -0.869702859 -0.104095863 -0.065413419 0.061548328 0.990503377
1520616746.008407593 -0.812633914 -0.478196934 -0.866567859 -0.149154396 -0.061707966 0.059468323 0.985093200
1520616746.058375835 -0.780360026 -0.447388009 -0.863328385 -0.180474996 -0.058091447 0.057688008 0.980166442
1520616746.108376741 -0.743696978 -0.418639848 -0.858382147 -0.200630386 -0.057275135 0.055783175 0.976399122
1520616746.158377886 -0.701092728 -0.388157557 -0.856058144 -0.215946706 -0.056513286 0.056548444 0.973126683
1520616746.208379745 -0.648443858 -0.373283598 -0.853774053 -0.237149235 -0.050979560 0.055865454 0.968524845
1520616746.258422613 -0.595338573 -0.348116668 -0.850085820 -0.260233928 -0.036564812 0.051044337 0.963501838
1520616746.308382750 -0.520944017 -0.309010632 -0.855215612 -0.279878488 -0.014609763 0.042109820 0.959000182
1520616746.358384848 -0.464957366 -0.285340157 -0.852895897 -0.294851418 0.013671043 0.035843032 0.954772759
1520616746.408385515 -0.403787940 -0.274499972 -0.846723979 -0.303954760 0.044120787 0.028567982 0.951235371
1520616746.458387852 -0.338812207 -0.264595384 -0.837317050 -0.304056992 0.079193555 0.019013691 0.949166058
1520616746.508872509 -0.265145747 -0.250167040 -0.831255945 -0.294178364 0.115226103 0.011282757 0.948712145
1520616746.558874369 -0.204788121 -0.259363026 -0.817552816 -0.282979105 0.150023804 0.007804005 0.947288120
1520616746.608875275 -0.134903884 -0.264762389 -0.809234189 -0.265214892 0.179189616 0.005361717 0.947377113
1520616746.658877611 -0.076206302 -0.284191207 -0.794184757 -0.242108280 0.202810249 -0.003298883 0.948810150
1520616746.708879471 -0.016599431 -0.312061050 -0.781396176 -0.212492554 0.217343635 -0.015040338 0.952566243
1520616746.758880377 0.037326380 -0.342164851 -0.763939677 -0.176867641 0.226717451 -0.027939597 0.957359083
1520616746.808882475 0.076060780 -0.370823145 -0.741130086 -0.139241775 0.231982521 -0.040556387 0.961847710
1520616746.858883381 0.116543812 -0.408499723 -0.722135169 -0.107701348 0.231157110 -0.052149501 0.965529513
1520616746.909001112 0.150008073 -0.444464121 -0.704098247 -0.084538902 0.225349366 -0.059601635 0.968771636
1520616746.959002018 0.178069749 -0.482782278 -0.682330072 -0.068983369 0.211043378 -0.057360364 0.973350798
1520616747.009004116 0.193640518 -0.499228616 -0.667533861 -0.051349511 0.189582121 -0.051957554 0.979143636
1520616747.059005976 0.200860114 -0.525712803 -0.640710870 -0.033315569 0.162901910 -0.043778898 0.985107329
1520616747.109007120 0.210204846 -0.542396281 -0.618010391 -0.013705511 0.136991140 -0.036189662 0.989816092
1520616747.159009218 0.218334382 -0.554164020 -0.589771401 0.001659928 0.118347134 -0.030172778 0.992512370
1520616747.209011078 0.209962318 -0.573215708 -0.558948441 0.004797925 0.107352750 -0.022502585 0.993954728
1520616747.259012222 0.205021698 -0.574998457 -0.531480873 0.001800810 0.097409855 -0.012925504 0.995158786
1520616747.308444977 0.197516536 -0.566948173 -0.505396993 -0.001694584 0.088916134 -0.007295360 0.996010957
1520616747.358445883 0.193921554 -0.559552414 -0.478698591 -0.005180294 0.079392771 -0.001896200 0.996828148
1520616747.408447981 0.184843899 -0.563925837 -0.455551785 -0.009382223 0.073417191 0.001181218 0.997256484
1520616747.458448887 0.176866685 -0.554507817 -0.433977334 -0.008984630 0.069546456 0.003881931 0.997530700
1520616747.508450985 0.164920802 -0.539294572 -0.412813564 -0.007188217 0.062658253 0.006059995 0.997990756
1520616747.558452129 0.150119535 -0.520139770 -0.392326213 -0.010846055 0.055158005 0.009633921 0.998372248
1520616747.608453989 0.141992215 -0.494064762 -0.380197806 -0.022202221 0.043180036 0.014731155 0.998711940
1520616747.658455849 0.146392300 -0.455305367 -0.370935306 -0.037176476 0.029830742 0.022300232 0.998614408
1520616747.708350420 0.151826108 -0.418165653 -0.362720569 -0.055026286 0.015649428 0.030623329 0.997892487
1520616747.758352280 0.154617319 -0.380048649 -0.347738502 -0.070673112 0.000922399 0.038482558 0.996756517
1520616747.808353424 0.158652085 -0.357150341 -0.344056987 -0.086218171 -0.012478410 0.042971484 0.995270902
1520616747.858355284 0.171928377 -0.325860186 -0.336954467 -0.095858264 -0.027799483 0.041805371 0.994128107
1520616747.908423185 0.193329190 -0.301531757 -0.332179921 -0.106605213 -0.043178907 0.039260795 0.992587276
1520616747.958358288 0.224131092 -0.272473581 -0.324729653 -0.113930612 -0.056513301 0.037719377 0.991162606
1520616748.008359194 0.264518525 -0.257697916 -0.314263141 -0.120204089 -0.068205275 0.036765832 0.989720815
1520616748.058361292 0.309891914 -0.239125742 -0.296265931 -0.121126328 -0.078680045 0.038332358 0.988771204
1520616748.108475208 0.361293294 -0.229993519 -0.276178697 -0.121693048 -0.080462607 0.040222932 0.988483023
1520616748.158477306 0.409155895 -0.226144439 -0.255986795 -0.119039191 -0.075798081 0.047104675 0.988870806
1520616748.208478212 0.466192439 -0.213937464 -0.225467699 -0.108839961 -0.068926206 0.051762801 0.990314926
1520616748.258480310 0.533886265 -0.208774865 -0.189809650 -0.097242610 -0.061631080 0.049862985 0.992098366
1520616748.308482409 0.593608613 -0.207595548 -0.159502471 -0.088473804 -0.050133842 0.041609207 0.993945500
1520616748.358483315 0.657555826 -0.207140260 -0.122327355 -0.083413019 -0.033245128 0.029059320 0.995536331
1520616748.408485174 0.715161361 -0.209509229 -0.088348700 -0.084387536 -0.008663886 0.018774942 0.996218441
1520616748.458486319 0.780286506 -0.206049775 -0.051244844 -0.085843882 0.021867585 0.010934089 0.996008575
1520616748.508488178 0.840725518 -0.204794815 -0.016688802 -0.084519134 0.057164100 0.004349596 0.994771261
1520616748.558605909 0.903969526 -0.210829043 0.011179190 -0.079688357 0.093422447 -0.004503034 0.992422156
1520616748.608607769 0.969935895 -0.213842896 0.043125781 -0.069696841 0.128819961 -0.013874552 0.989118428
1520616748.658610106 1.021792805 -0.214973235 0.075033248 -0.059426100 0.164018168 -0.022876516 0.984399941
1520616748.708611012 1.085943362 -0.214563284 0.099709208 -0.054263224 0.195647646 -0.027715657 0.978779517
1520616748.758613110 1.134365884 -0.215699787 0.128757777 -0.053028533 0.222357744 -0.027733354 0.973126852
1520616748.808614016 1.182909814 -0.209597969 0.152597201 -0.053701348 0.239116270 -0.025396521 0.969172116
1520616748.858615875 1.226573666 -0.205021751 0.173566144 -0.053789764 0.248132750 -0.020649348 0.967011067
1520616748.908617020 1.270435662 -0.195855998 0.198488657 -0.048763715 0.252216065 -0.012112664 0.966365583
1520616748.958832502 1.319841625 -0.180935196 0.228932778 -0.036316660 0.254552889 -0.004372106 0.966366810
1520616749.008834362 1.365904777 -0.176154418 0.257975414 -0.016558945 0.256702992 0.001775409 0.966346844
1520616749.058835506 1.412870122 -0.174248164 0.288018716 0.008688814 0.262230995 -0.000244934 0.964965984
1520616749.108837366 1.454211896 -0.175835737 0.322002147 0.030224925 0.271573246 -0.008906102 0.961901818
1520616749.158838272 1.504214604 -0.167959964 0.350343585 0.039042234 0.279248894 -0.021717322 0.959178877
1520616749.208840609 1.546277871 -0.160245928 0.388050569 0.032160486 0.286255089 -0.027814785 0.957209520
1520616749.258842468 1.590743574 -0.157180880 0.418443295 0.018508483 0.285464654 -0.023022507 0.957933887
1520616749.308843374 1.626522250 -0.155111156 0.456139268 0.010965443 0.276916452 -0.013414576 0.960737783
1520616749.358798504 1.660571765 -0.151844375 0.496012434 0.010138276 0.265337148 -0.005833845 0.964084737
1520616749.408799410 1.692402932 -0.151207727 0.538497096 0.011650749 0.254952316 -0.003827385 0.966875860
1520616749.458801270 1.716717407 -0.150129404 0.584145238 0.012168515 0.245751624 -0.003673616 0.969249489
1520616749.508802414 1.739730006 -0.141170509 0.633634033 0.017036603 0.238659208 -0.007896425 0.970921821
1520616749.558894396 1.769416481 -0.130219454 0.682892538 0.018291374 0.231827649 -0.012778158 0.972500944
1520616749.608805418 1.800092850 -0.115715378 0.730733960 0.017778312 0.224746553 -0.013162585 0.974166138
1520616749.658807278 1.829224328 -0.108953277 0.778100867 0.008648200 0.220154201 -0.013918906 0.975327432
1520616749.708808184 1.856800784 -0.096909790 0.832695634 -0.002998980 0.220866583 -0.020472349 0.975084530
1520616749.759188652 1.884496234 -0.089202852 0.884280209 -0.017713440 0.218535681 -0.024320137 0.975365019
1520616749.809189796 1.905839949 -0.087270029 0.933090492 -0.033538764 0.209672960 -0.021574136 0.976958012
1520616749.859191656 1.934832474 -0.089294522 0.979817337 -0.046962065 0.202419589 -0.021517751 0.977935510
1520616749.909193516 1.961702068 -0.087109619 1.026931369 -0.052957856 0.202168008 -0.023828844 0.977627612
1520616749.959194660 1.983939601 -0.081380122 1.078065455 -0.052941692 0.201931407 -0.020133845 0.977760458
1520616750.009196520 2.013834480 -0.080184988 1.126873690 -0.051340718 0.199748799 -0.014348504 0.978395967
1520616750.059197903 2.041779449 -0.073029279 1.178881026 -0.046997753 0.195853662 -0.005381546 0.979491497
1520616750.109199762 2.069786629 -0.067942253 1.223463090 -0.046969212 0.189753816 -0.002314206 0.980704862
1520616750.160124063 2.091393142 -0.048517099 1.279411040 -0.044179973 0.177970312 0.003348964 0.983037885
1520616750.210124969 2.113785161 -0.032192132 1.333065193 -0.044703412 0.164737604 0.002501252 0.985320694
1520616750.260126829 2.133464066 -0.024614897 1.384244378 -0.050124450 0.150678200 -0.003945680 0.987303424
1520616750.310127974 2.150269249 -0.014837921 1.436665964 -0.057390169 0.137486126 -0.010946358 0.988779101
1520616750.360129833 2.163650200 -0.007145990 1.487958550 -0.065820688 0.124366938 -0.008965682 0.990010161
1520616750.410130978 2.163943822 -0.005610629 1.546357497 -0.072116022 0.107411429 -0.002977558 0.991591246
1520616750.460133076 2.177469240 0.000091353 1.594558986 -0.073799924 0.087405036 0.001593693 0.993434140
1520616750.510133743 2.188283085 -0.022274046 1.635044752 -0.079958518 0.069529159 0.001041656 0.994369773
1520616750.560396671 2.187605943 -0.013325141 1.680681031 -0.080265558 0.053938645 -0.000342049 0.995312989
1520616750.610397816 2.192453990 -0.018247555 1.730689311 -0.084249030 0.038769083 -0.001786022 0.995688641
1520616750.660399675 2.211117118 0.005674193 1.783487771 -0.080404332 0.019009586 -0.003993970 0.996573042
1520616750.710400581 2.209475433 0.011492296 1.833008329 -0.080664290 0.000661095 -0.004277208 0.996731930
1520616750.760402679 2.201062964 0.027817329 1.886971844 -0.079376999 -0.015736035 -0.004657445 0.996709575
1520616750.810403585 2.192064167 0.027687243 1.938971156 -0.082155668 -0.031848350 -0.005302298 0.996096388
1520616750.860408783 2.186855753 0.056630492 1.989045614 -0.075923135 -0.049795711 -0.006407642 0.995848888
1520616750.910406828 2.171149053 0.066623182 2.029587757 -0.074430529 -0.070084873 -0.007285283 0.994733699
1520616750.960407734 2.157536125 0.062809519 2.077914355 -0.072713965 -0.090026228 -0.011567506 0.993214051
1520616751.010886908 2.144171322 0.052117076 2.124541593 -0.073969813 -0.111632790 -0.014676809 0.990884039
1520616751.060889244 2.126400026 0.057125178 2.166779653 -0.073697419 -0.136896605 -0.012567531 0.987760126
1520616751.110890150 2.097036972 0.061736459 2.206357916 -0.074860617 -0.162924134 -0.007989063 0.983762059
1520616751.160892010 2.063282042 0.081770412 2.240623333 -0.071644536 -0.190294772 -0.004202539 0.979100250
1520616751.210893154 2.037091117 0.083885608 2.273736777 -0.074198467 -0.219826807 -0.001814521 0.972711401
1520616751.260895014 2.006742105 0.099506717 2.315653310 -0.072538282 -0.253368793 0.000607007 0.964646093
1520616751.310896158 1.970829930 0.113355827 2.341518611 -0.070823210 -0.287279706 0.004340063 0.955214953
1520616751.360898256 1.929831543 0.120003588 2.366523048 -0.068611786 -0.320496589 0.003670435 0.944754406
1520616751.413729191 1.898754918 0.125172748 2.388241278 -0.067698544 -0.354807172 0.002647802 0.932481510
1520616751.463731050 1.854812502 0.124035389 2.413531752 -0.073839405 -0.390865944 0.003275133 0.917475247
1520616751.513732910 1.809382385 0.130581155 2.424149781 -0.081543581 -0.427850116 0.003719297 0.900156147
1520616751.563734055 1.764606065 0.114420370 2.455081755 -0.094829309 -0.464010095 0.005897057 0.880719739
1520616751.613735914 1.717969593 0.118742855 2.468351471 -0.099345484 -0.494312696 0.003405481 0.863581980
1520616751.663736820 1.666561763 0.133299026 2.481227680 -0.098733842 -0.522104513 0.001538249 0.847145879
1520616751.713739157 1.616578073 0.143544744 2.504739342 -0.094380752 -0.548658790 -0.000962724 0.830701438
1520616751.763740063 1.562742633 0.141988849 2.535661971 -0.090709329 -0.572831741 -0.002951737 0.814632986
1520616751.816834211 1.507832072 0.164186417 2.558156349 -0.089233292 -0.596905171 0.004473252 0.797321532
1520616751.866836071 1.462551650 0.164520825 2.570087951 -0.088985630 -0.612280102 0.006464089 0.785590765
1520616751.916836977 1.414632033 0.164982773 2.588038375 -0.088694920 -0.620153610 0.007674764 0.779412477
1520616751.966839075 1.366731808 0.163310988 2.607756182 -0.086974775 -0.627301998 0.010293377 0.773835666
1520616752.016839981 1.309491603 0.159086146 2.617338886 -0.082771794 -0.632839739 0.016037948 0.769678816
1520616752.066841841 1.260594332 0.155715954 2.629602875 -0.075628141 -0.638466589 0.024044477 0.765547296
1520616752.116842985 1.212104235 0.157094681 2.635631716 -0.069027088 -0.644813520 0.036618448 0.760335370
1520616752.166845083 1.162298508 0.154255388 2.652307039 -0.067376238 -0.652900526 0.049363582 0.752824404
1520616752.217440605 1.110330014 0.166353258 2.667512600 -0.063778947 -0.661688551 0.059272104 0.744706201
1520616752.267441511 1.045692020 0.179704625 2.677057027 -0.059115602 -0.666794868 0.061432582 0.740348558
1520616752.317443371 0.982035910 0.195241758 2.689424978 -0.057271811 -0.672256637 0.059380688 0.735707067
1520616752.367445707 0.919515200 0.198713215 2.704068506 -0.059844785 -0.677208532 0.059716291 0.730918033
1520616752.417446613 0.854234478 0.210917598 2.718462265 -0.060481586 -0.680483699 0.057863134 0.727966875
1520616752.467448711 0.797195184 0.210772106 2.739416066 -0.062506653 -0.684723981 0.054954773 0.724034503
1520616752.517449617 0.740785813 0.195834842 2.749202146 -0.066261513 -0.692699903 0.054373672 0.716114349
1520616752.567450523 0.692331264 0.197233917 2.763582056 -0.068433455 -0.704016238 0.057636738 0.704525376
1520616752.617172480 0.641087489 0.192303677 2.767813277 0.071229452 0.714147920 -0.059584714 -0.693807448
1520616752.667174816 0.583882643 0.187388056 2.762119247 0.071557876 0.720886358 -0.055779114 -0.687088801
1520616752.717175722 0.526750792 0.191882019 2.761623907 0.066224306 0.725952207 -0.051029693 -0.682644640
1520616752.767177582 0.464753188 0.191582257 2.760769412 0.061947973 0.727942028 -0.048855748 -0.681084407
1520616752.817178726 0.394970452 0.181934243 2.758448411 0.061646747 0.728137105 -0.051428833 -0.680713677
1520616752.867180586 0.322760036 0.190201960 2.750920125 0.060437703 0.727329732 -0.056775526 -0.681260071
1520616752.917181730 0.247928526 0.194914274 2.769826760 0.057749156 0.727399308 -0.060440019 -0.681103727
1520616752.967183828 0.187029325 0.178749630 2.777320518 0.058582727 0.726128032 -0.061366110 -0.682305171
1520616753.017464638 0.130234304 0.169198474 2.766104708 0.062686037 0.725235521 -0.065008095 -0.682552450
1520616753.067466497 0.065120617 0.162099224 2.761778243 0.062977326 0.725393236 -0.065915718 -0.682270934
1520616753.117468596 0.000975002 0.156097459 2.769485275 0.058599016 0.725596368 -0.064689444 -0.682562335
1520616753.167469740 -0.056835056 0.140128037 2.774079553 0.057503869 0.725768022 -0.065159024 -0.682428300
1520616753.217471600 -0.102272881 0.136436300 2.751739381 0.057611420 0.724434939 -0.067242313 -0.683632514
1520616753.267472506 -0.154375223 0.107897470 2.744624510 0.061139239 0.724046544 -0.069837987 -0.683477323
1520616753.317474604 -0.212121482 0.087600478 2.726055044 0.062657912 0.722911378 -0.071367645 -0.684382777
1520616753.367475510 -0.275592812 0.093725088 2.720616175 0.060774265 0.723514358 -0.072566251 -0.683789151
1520616753.417477369 -0.339114326 0.086855634 2.707313392 0.061212473 0.723743386 -0.073223575 -0.683437526
1520616753.467479706 -0.402067381 0.099033856 2.681857900 0.059479238 0.722965306 -0.075465890 -0.684169778
1520616753.517480612 -0.460494705 0.097901411 2.674371489 0.062429931 0.724410005 -0.078393907 -0.682046218
1520616753.567482471 -0.519889448 0.088067197 2.663991822 0.068580806 0.728022609 -0.081899152 -0.677179653
1520616753.617483616 -0.574981489 0.096302093 2.659447488 0.073180067 0.734229156 -0.086183163 -0.669421158
1520616753.667485476 -0.634103590 0.086399699 2.653421946 0.076977585 0.739285322 -0.086791636 -0.663324110
1520616753.717486382 -0.692720613 0.084506926 2.644173308 0.077193861 0.740394119 -0.088041320 -0.661896051
1520616753.767488718 -0.749420428 0.095842098 2.638999491 0.069911552 0.738394238 -0.089172753 -0.664781576
1520616753.817489386 -0.813619539 0.108760158 2.644391253 0.062465033 0.734050334 -0.092658254 -0.669837797
1520616753.867492437 -0.881959096 0.102270116 2.654422345 0.063764575 0.728939226 -0.101122989 -0.674059214
1520616753.917493582 -0.948342253 0.105681981 2.655972795 0.068261262 0.716757835 -0.115442368 -0.684303781
1520616753.967494488 -1.012450379 0.101115382 2.652764511 -0.072857599 -0.694774657 0.128734526 0.703851808
1520616754.017496586 -1.072902478 0.097311212 2.660298440 -0.078146453 -0.666171427 0.143046260 0.727768184
1520616754.067498684 -1.124601741 0.098850118 2.691587097 -0.084333755 -0.634936674 0.158882423 0.751331893
1520616754.117499590 -1.172740940 0.092360070 2.725366588 -0.092304115 -0.597283169 0.172991089 0.777693287
1520616754.167500734 -1.211996708 0.088381476 2.766541379 -0.100158501 -0.555275277 0.181973910 0.805309343
1520616754.217502594 -1.254690696 0.099379177 2.805955206 -0.107277580 -0.511175857 0.191685319 0.830931708
1520616754.266214132 -1.299077238 0.097344434 2.840075958 -0.114948502 -0.467328504 0.204600862 0.852366939
1520616754.316215038 -1.337844005 0.112355100 2.881044897 -0.113552799 -0.422035911 0.217954552 0.872632377
1520616754.366217136 -1.364926709 0.100836003 2.928898409 -0.111158919 -0.380780656 0.230239006 0.888616783
1520616754.416219234 -1.394181964 0.112561421 2.980142197 -0.100656829 -0.341806283 0.237171665 0.903762286
1520616754.466228008 -1.418630887 0.121196474 3.029643863 -0.091875110 -0.304593843 0.239332851 0.917333822
1520616754.516221285 -1.434689267 0.133809902 3.082617974 -0.086874494 -0.268843305 0.241569723 0.928342700
1520616754.566223145 -1.442270012 0.113167159 3.129763721 -0.092790224 -0.233245629 0.245149430 0.936423093
1520616754.616225004 -1.453901433 0.124460447 3.176733043 -0.094956832 -0.199353161 0.241010057 0.945069135
1520616754.665355206 -1.463728591 0.122355607 3.231366146 -0.096160797 -0.167197972 0.237555756 0.952032144
1520616754.715357065 -1.463890356 0.133387747 3.282031776 -0.094816871 -0.137882995 0.229886488 0.958723236
1520616754.765357971 -1.466809784 0.138583704 3.331028199 -0.093465677 -0.107275078 0.225708761 0.963748816
1520616754.815360069 -1.460240589 0.140008142 3.385249473 -0.090316106 -0.075264446 0.222333478 0.967856440
1520616754.865360975 -1.468116533 0.162487639 3.445345156 -0.082599241 -0.040952346 0.215793537 0.972076859
1520616754.915362835 -1.470637170 0.165186865 3.506527018 -0.077686825 -0.009604560 0.211605731 0.974215338
1520616754.965363979 -1.473003341 0.180466163 3.555509413 -0.069784992 0.019724037 0.206157873 0.975827827
1520616755.015366077 -1.470532730 0.189208459 3.608155702 -0.065712604 0.048689455 0.202227673 0.975917598
1520616755.062586546 -1.478522456 0.195876814 3.665391068 -0.063015286 0.075015497 0.201934751 0.974486586
1520616755.112587690 -1.471330601 0.191937451 3.707966566 -0.067911100 0.100073377 0.200249954 0.972251695
1520616755.162589550 -1.459201482 0.197931163 3.755462320 -0.071556080 0.130376530 0.196074138 0.969245387
1520616755.212590456 -1.445439242 0.198835570 3.811631136 -0.072835184 0.163397230 0.192316030 0.964889074
1520616755.262592554 -1.424661121 0.193728036 3.857610273 -0.071029369 0.193275742 0.195968650 0.958746893
1520616755.312594414 -1.404716468 0.187961007 3.903717138 -0.068832079 0.223286504 0.199884481 0.951552140
1520616755.362595320 -1.382525277 0.195299078 3.957189033 -0.061627261 0.252573184 0.204144741 0.943786942
1520616755.412597656 -1.364826160 0.207441747 4.011195132 -0.052964762 0.279861541 0.207271481 0.935901055
1520616755.460412025 -1.337243992 0.213812476 4.064965765 -0.049226320 0.303225182 0.211728972 0.927794212
1520616755.510414124 -1.304929408 0.219621677 4.106283518 -0.046168532 0.321818479 0.217991218 0.920207130
1520616755.560415983 -1.282390288 0.223270386 4.154197598 -0.043118536 0.340983866 0.224493812 0.911851591
1520616755.610416889 -1.244711915 0.230447626 4.195952394 -0.042812983 0.358661649 0.221036269 0.905909398
1520616755.660419226 -1.207088010 0.230565022 4.236298855 -0.041390505 0.377792145 0.214202822 0.899820578
1520616755.710420132 -1.160369418 0.234857350 4.275298998 -0.035772406 0.397344805 0.206845145 0.893337857
1520616755.760421038 -1.115865080 0.233257295 4.311296048 -0.030800699 0.417197770 0.202084796 0.885527567
1520616755.810423136 -1.068677542 0.241623735 4.344410626 -0.026990818 0.439209503 0.197298657 0.876036385
1520616755.860424995 -1.025132413 0.243105032 4.373017284 -0.026578357 0.463468481 0.192474957 0.864548408
1520616755.909451962 -0.977128983 0.248777965 4.407857080 -0.023237873 0.487953975 0.188038376 0.852057796
1520616755.959454060 -0.928419859 0.271163459 4.436784467 -0.020455983 0.509486010 0.183006351 0.840544011
1520616756.009454966 -0.886197981 0.281629018 4.456281751 -0.022351782 0.528221194 0.179279831 0.829663492
1520616756.059456825 -0.837186222 0.299273082 4.484324772 -0.021343163 0.549799174 0.168646957 0.817816325
1520616756.109493971 -0.788754234 0.302788241 4.505153517 -0.021793854 0.568803092 0.161530553 0.806161244
1520616756.159459829 -0.726290912 0.315578511 4.521394989 -0.023659742 0.591335321 0.146777308 0.792602786
1520616756.209461927 -0.662677191 0.326703581 4.530226797 -0.024394869 0.617480559 0.130499276 0.775301611
1520616756.259463072 -0.597682025 0.321591382 4.535151604 -0.027528627 0.645077296 0.119712130 0.754179331
1520616756.309029579 -0.556667700 0.303004928 4.542070981 -0.028464489 0.670402050 0.118248715 0.731961820
1520616756.359030724 -0.512520258 0.293512586 4.540283166 -0.026581545 0.691669340 0.122216597 0.711301659
1520616756.409032583 -0.454787837 0.302974050 4.538993264 -0.017429475 0.710226845 0.124542949 0.692649331
1520616756.459033489 -0.394333321 0.315473734 4.531734067 -0.005134611 0.727767985 0.123599100 0.674574427
1520616756.509035587 -0.338435872 0.329795191 4.527231774 0.008476710 0.745055105 0.118557784 0.656326967
1520616756.559036493 -0.278872379 0.326464454 4.521842953 0.016706042 0.759890167 0.117083135 0.639202144
1520616756.609038353 -0.222181507 0.337552642 4.508952805 0.026190719 0.771278876 0.113379826 0.625769891
1520616756.659040689 -0.169003440 0.337390442 4.494828629 0.028373268 0.783048164 0.114262807 0.610716417
1520616756.709247589 -0.114131891 0.341072288 4.469418191 0.024514524 0.794318245 0.113001605 0.596396011
1520616756.759249687 -0.061871011 0.338918118 4.444835806 0.021502662 0.807248497 0.111545291 0.579176267
1520616756.809250593 -0.009797303 0.326577382 4.409314918 0.022345985 0.817011663 0.105979547 0.566357604
1520616756.859252691 0.040741359 0.316201587 4.380074755 0.024455706 0.828485913 0.099180792 0.550614366
1520616756.909253836 0.086692640 0.301213386 4.346427574 0.023653077 0.840728339 0.094262379 0.532664055
1520616756.959255695 0.086692640 0.301213386 4.346427574 0.023653077 0.840728339 0.094262379 0.532664055
1520616757.009257555 0.138062345 0.305247853 4.298048413 0.024607360 0.854955296 0.085977809 0.510934180
1520616757.059258699 0.138062345 0.305247853 4.298048413 0.024607360 0.854955296 0.085977809 0.510934180
1520616757.111738443 0.138062345 0.305247853 4.298048413 0.024607360 0.854955296 0.085977809 0.510934180
1520616757.161740303 0.191729703 0.322500043 4.264300902 0.039895750 0.873772423 0.074549328 0.478928470
1520616757.211741209 0.242926305 0.292670815 4.232994324 0.049342002 0.892233392 0.064903164 0.444153714
1520616757.261743546 0.290601157 0.269159611 4.187961637 0.052148387 0.909919543 0.052628189 0.408114254
1520616757.311744452 0.358258802 0.194696762 4.162274014 0.059781535 0.928862699 0.056164464 0.361228193
1520616757.361746311 0.358258802 0.194696762 4.162274014 0.059781535 0.928862699 0.056164464 0.361228193
1520616757.411747456 0.395818430 0.165529522 4.122840488 0.063500879 0.943379253 0.058411194 0.320298853
1520616757.461749315 0.403274311 0.176106811 4.051011481 0.066387677 0.953783087 0.048634363 0.289007262
1520616757.517491102 0.403274311 0.176106811 4.051011481 0.066387677 0.953783087 0.048634363 0.289007262
1520616757.567495108 0.436229469 0.155440685 4.005580371 0.070805833 0.962695820 0.042284806 0.257711635
1520616757.617495060 0.454995464 0.159779658 3.953775346 0.076519199 0.968516578 0.034670560 0.234346757
1520616757.667497158 0.454222127 0.164020645 3.884841215 0.081067166 0.972448292 0.026517929 0.216954450
1520616757.717498064 0.463896914 0.152234539 3.837865460 0.087754198 0.976533150 0.023039119 0.195323851
1520616757.767558098 0.475285661 0.152459338 3.776330514 0.094146670 0.980215945 0.017182267 0.173256673
1520616757.817501068 0.475237385 0.145559914 3.725792359 0.093346311 0.984463130 0.010422759 0.148358278
1520616757.867501974 0.478946979 0.133118316 3.677846003 0.095333898 0.987803740 0.005252659 0.122994428
1520616757.917504072 0.467513396 0.131527954 3.621711994 0.100952357 0.989754101 -0.004421957 0.100875603
1520616757.967064142 0.452177323 0.122842525 3.567146787 0.107464625 0.991341790 -0.016113557 0.073709999
1520616758.017066002 0.436711300 0.128203402 3.511116553 0.113566898 0.992176561 -0.032646507 0.040279488
1520616758.067067146 0.424139042 0.125040659 3.449502667 0.118829308 0.991665485 -0.049659629 0.003616996
1520616758.117069244 0.401690021 0.115041589 3.377358302 0.122576012 0.990155840 -0.058138156 -0.034445451
1520616758.167070389 0.375104226 0.112559472 3.319443146 0.125125971 0.987132990 -0.066091343 -0.074457268
1520616758.217072248 0.346629869 0.097699312 3.268626402 0.121981188 0.982143537 -0.073270404 -0.123069531
1520616758.267074108 0.311338893 0.095011167 3.199616641 0.121631579 0.973326643 -0.092865793 -0.170929665
1520616758.317075253 0.266108346 0.094974876 3.149936365 0.123156924 0.961421543 -0.117821554 -0.215914497
1520616758.367632389 0.217872168 0.091167636 3.124676318 0.116524844 0.947322650 -0.134061642 -0.266513102
1520616758.417634726 0.180029282 0.079541564 3.092791757 0.116099354 0.930928017 -0.138387978 -0.317399961
1520616758.467635632 0.134730261 0.059006381 3.056899337 0.118551593 0.915143900 -0.130836462 -0.362407206
1520616758.517637491 0.095420680 0.042788945 3.019386818 0.129135262 0.899470041 -0.123894002 -0.398657754
1520616758.567638636 0.051683115 0.031540517 2.992055011 0.136841245 0.884804601 -0.121511451 -0.428521014
1520616758.617639542 0.002677480 0.034488451 2.962388328 0.137189187 0.870466287 -0.124088045 -0.456146607
1520616758.667641401 -0.050688111 0.036157145 2.934460705 0.137868128 0.858441941 -0.128922020 -0.476916058
1520616758.717643499 -0.075942013 0.026635177 2.897952146 0.146815872 0.846069488 -0.131837474 -0.495207434
1520616758.767645597 -0.112528125 0.021292456 2.861396019 0.152521233 0.835190908 -0.133281635 -0.511301698
1520616758.817646503 -0.178278443 -0.006778799 2.816452550 0.163090412 0.824969138 -0.135219093 -0.523968735
1520616758.867648602 -0.226003985 -0.018033931 2.796669246 0.170398975 0.817440091 -0.136386288 -0.533061598
1520616758.917649508 -0.269203741 -0.043047439 2.787009691 0.169711466 0.807790134 -0.137419937 -0.547529797
1520616758.967651367 -0.304788980 -0.061374153 2.776132453 0.164010360 0.795351428 -0.144438035 -0.565379839
1520616759.017653704 -0.358674251 -0.069991576 2.770267305 0.156182882 0.781893378 -0.155726233 -0.583094327
1520616759.067654610 -0.412903438 -0.081002412 2.764738181 0.152951348 0.765919402 -0.166543141 -0.601861061
1520616759.117655754 -0.467880076 -0.084364044 2.762958319 0.152436602 0.750543344 -0.172926039 -0.619309580
1520616759.167657614 -0.529360437 -0.070377293 2.759369646 0.149325364 0.734718249 -0.177841263 -0.637388041
1520616759.217659473 -0.597320338 -0.069849972 2.754468537 0.151974421 0.717009493 -0.179729993 -0.656123687
1520616759.267660618 -0.654635213 -0.076092472 2.758350482 0.155464309 0.698038116 -0.179477870 -0.675545211
1520616759.317661524 -0.715002967 -0.075887751 2.774153313 -0.153050874 -0.675605353 0.176952044 0.699157215
1520616759.367663383 -0.778442126 -0.092101597 2.792691012 -0.154834542 -0.650865938 0.177081490 0.721832349
1520616759.417750597 -0.834899261 -0.089757861 2.819158232 -0.151640091 -0.625457923 0.180506745 0.743790955
1520616759.467666626 -0.894067027 -0.096764010 2.847607716 -0.148588499 -0.595651426 0.181490203 0.768233130
1520616759.517668486 -0.949781295 -0.107020001 2.884652392 -0.146713372 -0.565250655 0.183267556 0.790809640
1520616759.565589666 -1.001184491 -0.116833384 2.916500586 -0.148638032 -0.535233138 0.190205991 0.809477550
1520616759.615591526 -1.045347467 -0.136745136 2.960620985 -0.155054961 -0.504717739 0.201011949 0.825113422
1520616759.665592670 -1.091590983 -0.131585543 3.000426240 -0.155996472 -0.474776028 0.211293946 0.840004579
1520616759.715594530 -1.137416844 -0.124612302 3.044442845 -0.153998517 -0.444604470 0.219308263 0.854701824
1520616759.765595675 -1.178992556 -0.112109473 3.083245220 -0.153086728 -0.419599009 0.226562439 0.865546409
1520616759.815597773 -1.221252344 -0.098195778 3.121433725 -0.152036322 -0.397803305 0.231745258 0.874603695
1520616759.865599632 -1.263090592 -0.087668084 3.161635945 -0.149136909 -0.375392349 0.231686376 0.884963383
1520616759.915600777 -1.301306140 -0.074982141 3.207625543 -0.147163525 -0.351424546 0.224949359 0.896795111
1520616759.963820696 -1.335966983 -0.050568518 3.254843399 -0.142631274 -0.326327179 0.217175230 0.908846418
1520616760.013821602 -1.348208314 -0.055228039 3.308732555 -0.143635562 -0.298356197 0.213791178 0.919046102
1520616760.063823700 -1.361672560 -0.067085073 3.357058563 -0.144525572 -0.267316436 0.211517975 0.928931875
1520616760.113824606 -1.371183695 -0.062536809 3.410050952 -0.143053387 -0.235636244 0.207111064 0.938677951
1520616760.163826466 -1.378135041 -0.064628492 3.466770567 -0.143194589 -0.200228457 0.205674501 0.947154620
1520616760.213827610 -1.389188683 -0.055150999 3.521443035 -0.137153299 -0.161063526 0.206659918 0.955269172
1520616760.263829708 -1.395060808 -0.040022126 3.570968042 -0.128056903 -0.123165341 0.214671469 0.960389446
1520616760.313831806 -1.398168733 -0.035127248 3.628297186 -0.123612366 -0.083842928 0.227865633 0.962168177
1520616760.363833666 -1.395411432 -0.028508034 3.680809190 -0.120539735 -0.041411393 0.236936306 0.963128473
1520616760.412088394 -1.390560782 -0.018661347 3.732886130 -0.115577743 0.001436742 0.243903898 0.962886603
1520616760.462090254 -1.372093194 -0.015197651 3.778630229 -0.107721625 0.041951913 0.247121097 0.962064058
1520616760.512091398 -1.357027512 -0.010326231 3.837260155 -0.097939268 0.090949832 0.244018529 0.960516000
1520616760.562093496 -1.337582500 -0.006569671 3.885124370 -0.094891879 0.139152971 0.240066787 0.956033430
1520616760.612094402 -1.312044626 -0.002726407 3.927365599 -0.098980513 0.180897264 0.239251368 0.948808632
1520616760.662096500 -1.280431350 0.005545298 3.966541326 -0.103806795 0.218848255 0.240700570 0.939889795
1520616760.712097406 -1.243635118 0.013330060 4.002339504 -0.103988951 0.259633215 0.238733809 0.929937127
1520616760.762099266 -1.204487409 0.024270076 4.038605273 -0.097864496 0.297935491 0.237108371 0.919476266
1520616760.809893608 -1.164207793 0.041853426 4.072366788 -0.089820010 0.331176697 0.234486934 0.909543973
1520616760.859894991 -1.106910691 0.065514137 4.087413477 -0.086205187 0.357053728 0.233363511 0.900345919
1520616760.909896851 -1.057074918 0.095575082 4.113432620 -0.082035276 0.383678374 0.231823933 0.890122903
1520616760.959897995 -1.007996637 0.116871725 4.145434870 -0.078580269 0.409184108 0.231578698 0.879070426
1520616761.009899855 -0.960781778 0.126526324 4.170216369 -0.075931515 0.429998664 0.228046386 0.870247321
1520616761.059900761 -0.912030097 0.126324945 4.204661189 -0.072397131 0.451278313 0.219616771 0.861901974
1520616761.109902859 -0.855365864 0.129701087 4.220082786 -0.070886692 0.467566610 0.209897546 0.855745034
1520616761.159903765 -0.808994129 0.158784939 4.241425573 -0.067853519 0.483994308 0.200757570 0.849024032
1520616761.209287882 -0.756116839 0.168576122 4.254017961 -0.073911366 0.499770476 0.200326621 0.839425891
1520616761.259288788 -0.701378432 0.182022110 4.276457056 -0.078076331 0.523816869 0.197436553 0.824947745
1520616761.309290886 -0.629653568 0.204165862 4.288389741 -0.074520666 0.545367015 0.192883396 0.812291502
1520616761.359291792 -0.562609551 0.218344218 4.298406297 -0.067370068 0.569788834 0.189283851 0.796852296
1520616761.409293652 -0.498468856 0.235726599 4.302830680 -0.057339235 0.596953813 0.181714340 0.779319097
1520616761.459295750 -0.423568668 0.253856139 4.295582378 -0.050166289 0.621834382 0.171597240 0.762469495
1520616761.509296656 -0.344750665 0.259197681 4.283232798 -0.049405751 0.643253111 0.164369427 0.746168345
1520616761.559298754 -0.279582760 0.243651878 4.280004689 -0.055850405 0.668573379 0.156294967 0.724887752
1520616761.609656572 -0.207319308 0.249244435 4.263204537 -0.053926630 0.691765657 0.145805882 0.705189931
1520616761.659658670 -0.141407334 0.248353353 4.229348829 -0.052342482 0.718179895 0.136129857 0.680401767
1520616761.709659815 -0.078189081 0.252201357 4.202424853 -0.037980349 0.745546676 0.134567895 0.651620387
1520616761.759661674 -0.006536208 0.251611236 4.169317161 -0.022425436 0.770756903 0.134196832 0.622432411
1520616761.809662819 0.061510299 0.262280642 4.142405703 -0.004874633 0.796630898 0.124174998 0.591553903
1520616761.859664679 0.061510299 0.262280642 4.142405703 -0.004874633 0.796630898 0.124174998 0.591553903
1520616761.909666538 0.061510299 0.262280642 4.142405703 -0.004874633 0.796630898 0.124174998 0.591553903
1520616761.959667921 0.061510299 0.262280642 4.142405703 -0.004874633 0.796630898 0.124174998 0.591553903
1520616762.014317036 0.061510299 0.262280642 4.142405703 -0.004874633 0.796630898 0.124174998 0.591553903
1520616762.064319134 0.104759709 0.193230181 4.092562207 -0.015853479 0.813199845 0.124947744 0.568192520
1520616762.114320278 0.158478453 0.160542229 4.047711153 -0.026263332 0.829736789 0.118170877 0.544869473
1520616762.164322138 0.211562559 0.175733560 4.008911917 -0.033421737 0.841981612 0.104731392 0.528186793
1520616762.214323997 0.270084463 0.163405924 3.981492560 -0.043510412 0.852537278 0.091495231 0.512753017
1520616762.264325142 0.317257449 0.161488599 3.941555939 -0.055214584 0.858813636 0.071686635 0.504233592
1520616762.314326048 0.370314570 0.154141984 3.907981897 -0.068414678 0.862720308 0.053901073 0.498124259
1520616762.364328146 0.425830405 0.160974957 3.888849403 -0.082288854 0.863167372 0.037224416 0.496774571
1520616762.416154385 0.480502595 0.168988236 3.856061392 -0.096951118 0.860994449 0.023903319 0.498716022
1520616762.466155291 0.543660842 0.167382777 3.837254450 -0.110428642 0.857342437 0.019635256 0.502378262
1520616762.516157389 0.606336417 0.168218982 3.829478678 -0.122899020 0.849994737 0.020785372 0.511832733
1520616762.566158533 0.657500096 0.185709579 3.812471118 -0.136548703 0.837877476 0.017857743 0.528201559
1520616762.616159439 0.716941597 0.189634668 3.800504031 -0.148982754 0.822389229 0.017121720 0.548805012
1520616762.666161299 0.779245419 0.190908775 3.798716737 -0.157415556 0.806625662 0.020465791 0.569347465
1520616762.716163397 0.833766080 0.199353427 3.793530491 -0.163217717 0.788598387 0.024043101 0.592363478
1520616762.766164303 0.884086847 0.207732495 3.797726689 -0.170101899 0.767326003 0.026986016 0.617695640
1520616762.816166162 0.938120819 0.220887712 3.805739877 -0.173937537 0.742725798 0.031184048 0.645857320
1520616762.864167929 0.983278901 0.236940803 3.821959858 -0.176571895 0.717657061 0.037889613 0.672573480
1520616762.914170027 1.035924035 0.256270972 3.833415489 -0.179543720 0.688152169 0.048531176 0.701324012
1520616762.964171171 1.088567003 0.285548070 3.841085645 -0.181211236 0.660057725 0.059916095 0.726564759
1520616763.014173031 1.141701160 0.305745977 3.850284556 -0.181576395 0.635520312 0.072028583 0.746964410
1520616763.064174891 1.195923829 0.321092938 3.865461721 -0.181606399 0.616412127 0.080543842 0.761950060
1520616763.114176035 1.250509033 0.330551438 3.883642202 -0.184474912 0.595617085 0.080911451 0.777600561
1520616763.164178133 1.300652622 0.336783877 3.896406838 -0.186292229 0.572667262 0.079945430 0.794327477
1520616763.214178801 1.354221584 0.349031942 3.918412483 -0.186977737 0.548839157 0.081447812 0.810667108
1520616763.262399435 1.409671960 0.356149601 3.925549002 -0.186799810 0.521986693 0.088775371 0.827499037
1520616763.312401533 1.457108129 0.371211468 3.945026033 -0.184159781 0.502534293 0.094876346 0.839370561
1520616763.362402439 1.508892865 0.387308908 3.965317932 -0.182907917 0.491355240 0.096275925 0.846076633
1520616763.412403584 1.554691500 0.401549574 3.983260171 -0.179740912 0.484446141 0.099997363 0.850297400
1520616763.462405443 1.610541437 0.422791913 4.007051205 -0.173904594 0.483122221 0.104587479 0.851710967
1520616763.512407303 1.662194072 0.448263728 4.023206674 -0.168687797 0.486868022 0.103250462 0.850789809
1520616763.562408447 1.724058782 0.460705160 4.039708436 -0.170023111 0.495825383 0.099910986 0.845734666
1520616763.612410545 1.785170248 0.475306522 4.055569953 -0.174548974 0.505738406 0.102213269 0.838638044
1520616763.661420345 1.840459650 0.472331268 4.077357773 -0.175545143 0.509763591 0.110661052 0.834912639
1520616763.711421490 1.899817490 0.483226217 4.101133154 -0.169467622 0.514567182 0.110368377 0.833258760
1520616763.761423349 1.961044969 0.492698181 4.123044360 -0.159798900 0.519767354 0.106243632 0.832477327
1520616763.811425447 2.022111288 0.499844300 4.150056473 -0.145148497 0.524056669 0.105787908 0.832529543
1520616763.861426592 2.074631432 0.520730734 4.173042439 -0.131611527 0.525477714 0.106120266 0.833840553
1520616763.911427498 2.134603559 0.538277807 4.200038975 -0.122795622 0.526650116 0.108270225 0.834169317
1520616763.961429358 2.196221574 0.568665724 4.224025462 -0.119679967 0.525848165 0.108895431 0.835046225
1520616764.011431456 2.251877028 0.595705327 4.250260167 -0.119433126 0.521007202 0.111916123 0.837712364
1520616764.060730219 2.317822796 0.619001461 4.277867267 -0.120263096 0.513432424 0.115535027 0.841769322
1520616764.110732079 2.377364361 0.631373512 4.307856371 -0.119902588 0.503209982 0.121701918 0.847107860
1520616764.160734415 2.433255811 0.641745516 4.335944548 -0.121174318 0.491690929 0.122726494 0.853519199
1520616764.210734129 2.480855721 0.645612455 4.373279381 -0.121793015 0.477447342 0.124245139 0.861262819
1520616764.260735989 2.532823806 0.652326166 4.410074375 -0.121439057 0.463573911 0.125144546 0.868729317
1520616764.310744047 2.581933159 0.655155745 4.458458798 -0.122711980 0.454164456 0.122749335 0.873847251
1520616764.360739231 2.643318164 0.658052255 4.479625885 -0.125502669 0.440913336 0.116237961 0.881097751
1520616764.410741091 2.699260439 0.670367776 4.515634761 -0.122617280 0.432635706 0.110780475 0.886295118
1520616764.461071968 2.755109657 0.697156541 4.562351306 -0.114332054 0.427357447 0.104453873 0.890720597
1520616764.511073828 2.812042707 0.721830959 4.592892629 -0.108911728 0.420484984 0.098869384 0.895296297
1520616764.561074972 2.872128233 0.743065097 4.630271847 -0.108282847 0.420767981 0.094329344 0.895729371
1520616764.611077070 2.927756849 0.760653359 4.671314334 -0.110358168 0.425698690 0.095671953 0.892999763
1520616764.661078930 2.981669766 0.768855621 4.715281815 -0.114326925 0.430796799 0.106193886 0.888856755
1520616764.711080074 3.041051213 0.776949183 4.750838957 -0.118497713 0.441241527 0.109646238 0.882746798
1520616764.761081934 3.109127615 0.782739303 4.777647846 -0.122034706 0.455434518 0.107116714 0.875335901
1520616764.811082840 3.170357603 0.785694444 4.811062515 -0.123230114 0.468675901 0.107395614 0.868114866
1520616764.861084938 3.227505301 0.795545732 4.848098120 -0.119973444 0.477153984 0.113126527 0.863210772
1520616764.912136555 3.289416851 0.808381628 4.877004926 -0.116858388 0.481455582 0.116160369 0.860843429
1520616764.962138414 3.351379756 0.828027381 4.906574568 -0.114061641 0.484045435 0.116321092 0.859743777
1520616765.012140274 3.410587987 0.854428992 4.941599070 -0.113334206 0.484232004 0.115337106 0.859867476
1520616765.062141418 3.461937653 0.884607991 4.984970031 -0.113657340 0.482142536 0.117804429 0.860664105
1520616765.112143517 3.520749159 0.903824348 5.020673969 -0.112630640 0.473635805 0.122332469 0.864880472
1520616765.162144423 3.581457318 0.918894072 5.058778367 -0.116145979 0.465685574 0.120385025 0.868996262
1520616765.212146521 3.630850992 0.938374293 5.086020011 -0.124920918 0.457041762 0.113324768 0.873306984
1520616765.262148380 3.685284708 0.952072983 5.125340053 -0.133154061 0.445540956 0.112594684 0.878114850
1520616765.312943459 3.738162986 0.959643125 5.165941015 -0.141843440 0.435104542 0.113315963 0.881886596
1520616765.362945557 3.798503754 0.963121167 5.200372680 -0.145632107 0.425036386 0.111991844 0.886336949
1520616765.412946463 3.849145418 0.967954068 5.242831783 -0.147533107 0.417367170 0.108651471 0.890074989
1520616765.462948799 3.901789345 0.995535345 5.285018346 -0.144530605 0.409561787 0.104421958 0.894687712
1520616765.512949705 3.955831860 1.015696497 5.331266819 -0.144213156 0.402098351 0.102509236 0.898338098
1520616765.562951565 4.009349030 1.027777835 5.381354703 -0.142630316 0.397490613 0.105822663 0.900255169
1520616765.612954378 4.061432600 1.043966988 5.410806052 -0.143495986 0.401790857 0.101616175 0.898691917
1520616765.662954569 4.129649126 1.063647989 5.442636441 -0.147461176 0.411837787 0.097430302 0.893953117
1520616765.712479115 4.194644921 1.079581120 5.471162126 -0.152785334 0.424020839 0.101849032 0.886842570
1520616765.762481213 4.259299334 1.088402026 5.502276000 -0.156223229 0.435458351 0.106092552 0.880178787
1520616765.812484264 4.322420227 1.086898854 5.547818141 -0.161546835 0.451442555 0.104537635 0.871305987
1520616765.862483263 4.395011146 1.090021607 5.577513041 -0.162845917 0.461176140 0.105067389 0.865886031
1520616765.912485123 4.457259865 1.099542296 5.612113343 -0.158241588 0.469185627 0.110660737 0.861730032
1520616765.962517023 4.521379909 1.111816693 5.640407452 -0.152228328 0.475083976 0.112027197 0.859401919
1520616766.012488365 4.588276168 1.128471020 5.672262654 -0.146371437 0.482447637 0.107770006 0.856857809
1520616766.062489271 4.658868842 1.152534395 5.698573793 -0.139980572 0.484888961 0.104486838 0.856954279
1520616766.111555099 4.727638972 1.171361214 5.730732121 -0.135670633 0.485171548 0.102753797 0.857696745
1520616766.161556244 4.779361906 1.184677909 5.779185695 -0.132829203 0.486555509 0.102365232 0.857403929
1520616766.211558342 4.840658319 1.192580159 5.806644188 -0.138376245 0.483140597 0.096339375 0.859154179
1520616766.261560202 4.891291708 1.207059603 5.853173800 -0.142287196 0.480456854 0.092944197 0.860393480
1520616766.311561346 4.947221096 1.214635137 5.895932609 -0.144547912 0.471854460 0.092244361 0.864841169
1520616766.361563206 5.009023255 1.220455870 5.933640692 -0.144606898 0.460828961 0.091436293 0.870841500
1520616766.411564112 5.064336228 1.226288263 5.976041551 -0.143221713 0.451400800 0.087821962 0.876363031
1520616766.461566210 5.120705286 1.233225453 6.014967751 -0.142577421 0.442662037 0.080973847 0.881569757
1520616766.510795593 5.165149691 1.252206860 6.065222709 -0.138543006 0.435979918 0.074833248 0.886074112
1520616766.560797453 5.211589531 1.270782549 6.113261043 -0.138328540 0.429350647 0.072016828 0.889571140
1520616766.610798359 5.270366172 1.293409789 6.148480273 -0.137554841 0.419405604 0.068155623 0.894724771
1520616766.660800695 5.315167887 1.314449485 6.201056302 -0.136113337 0.418719287 0.066510895 0.895390205
1520616766.710802555 5.376546719 1.322502795 6.242669658 -0.137818108 0.417422467 0.065180838 0.895832636
1520616766.760803461 5.429139346 1.332543168 6.281342799 -0.142886708 0.414726677 0.068170448 0.896068057
1520616766.810805559 5.481355464 1.339072356 6.323743880 -0.145290668 0.414735113 0.071481621 0.895419335
1520616766.860806465 5.535424712 1.340524225 6.358857344 -0.147253165 0.416830815 0.073545626 0.893957280
1520616766.910776615 5.598924299 1.341793498 6.388279187 -0.147679168 0.416558632 0.075621917 0.893840643
1520616766.960778475 5.646817962 1.339728756 6.415413862 -0.145398818 0.415181723 0.081177750 0.894367650
1520616767.010780573 5.694366450 1.353645557 6.464170962 -0.134793896 0.410896967 0.084308271 0.897711760
1520616767.060781717 5.751835270 1.378887542 6.504666862 -0.122925059 0.401377025 0.081236533 0.903983705
1520616767.110782623 5.803479732 1.400509664 6.551175296 -0.114804478 0.391043265 0.078131524 0.909835459
1520616767.160784483 5.849988193 1.425137333 6.597772406 -0.109030132 0.375705451 0.079323015 0.916878238
1520616767.210786581 5.901376467 1.438686218 6.641694864 -0.107593335 0.354002510 0.080132418 0.925572630
1520616767.260787487 5.953120157 1.448197435 6.680582607 -0.109161559 0.331987623 0.075053483 0.933935194
1520616767.310789585 5.991988158 1.464107917 6.725199727 -0.110478304 0.309130629 0.073549514 0.941712943
1520616767.361924648 6.022986865 1.474930638 6.792466575 -0.111225412 0.284391784 0.079064332 0.948946285
1520616767.411925554 6.057510234 1.481330126 6.844932092 -0.116456744 0.258752425 0.085201514 0.955105079
1520616767.461927891 6.088113061 1.486543290 6.900679170 -0.119901421 0.233461232 0.087822341 0.960940549
1520616767.511929750 6.122710340 1.500855145 6.947667661 -0.120032459 0.209161780 0.084700736 0.966782987
1520616767.561930656 6.155080305 1.522305566 6.995254078 -0.113003564 0.187269280 0.076934954 0.972749415
1520616767.611988544 6.192977651 1.531688829 7.051910609 -0.109432913 0.162611294 0.068080000 0.978236739
1520616767.661933661 6.218913152 1.551732085 7.108482668 -0.104191746 0.139552911 0.060065466 0.982884126
1520616767.711935520 6.238699142 1.560707984 7.156537107 -0.104050432 0.119111691 0.051193899 0.986085745
1520616767.762353420 6.260267118 1.575058064 7.207456745 -0.103680725 0.098634777 0.048535016 0.988516990
1520616767.812355518 6.271672935 1.571474106 7.267371985 -0.104079116 0.077918778 0.047372405 0.990379754
1520616767.862357616 6.285654470 1.564402897 7.328839925 -0.102370507 0.057755776 0.044901452 0.992052624
1520616767.912358522 6.287517983 1.566977643 7.395774330 -0.094680492 0.039487776 0.044854846 0.993712415
1520616767.962360620 6.296333931 1.568400200 7.452909249 -0.085974997 0.013964391 0.042601497 0.995288103
1520616768.012361526 6.299751571 1.567093606 7.518856411 -0.080028071 -0.018860558 0.042798325 0.995694778
1520616768.062363386 6.297086445 1.580548299 7.571575767 -0.074977362 -0.055346498 0.047825460 0.994498811
1520616768.112364531 6.298400779 1.589916517 7.628653598 -0.073289963 -0.090414495 0.051583882 0.991863349
1520616768.160436392 6.284044795 1.604605932 7.683421478 -0.071763169 -0.120697466 0.053464876 0.988647397
1520616768.210437298 6.276934181 1.627729268 7.732052789 -0.072373725 -0.153203950 0.058010477 0.983831987
1520616768.260439396 6.257676137 1.641363925 7.793649398 -0.072764263 -0.182073638 0.062379103 0.978602779
1520616768.310441256 6.249671796 1.640745628 7.842256489 -0.072596911 -0.209937716 0.065636200 0.972804057
1520616768.360442162 6.240828608 1.632862539 7.878080055 -0.071374360 -0.242092171 0.071923366 0.964947724
1520616768.410444498 6.223392331 1.626906381 7.920057723 -0.067004899 -0.280183601 0.076770675 0.954522790
1520616768.460445166 6.187332430 1.626380337 7.960964892 -0.065404602 -0.314881374 0.080192982 0.943472863
1520616768.510447264 6.177474271 1.597668877 8.015467293 -0.070532102 -0.347927464 0.076782613 0.931706033
1520616768.559714317 6.149584947 1.594835045 8.049052653 -0.069014810 -0.372482639 0.072061338 0.922659635
1520616768.609716415 6.131225913 1.605350706 8.074730406 -0.065582672 -0.395312683 0.071141808 0.913436171
1520616768.659717560 6.111035281 1.607901276 8.102858219 -0.062963214 -0.413869277 0.070325237 0.905429300
1520616768.709719419 6.080682235 1.611742481 8.108218589 -0.060345775 -0.425833320 0.071268797 0.899969516
1520616768.759721279 6.047004268 1.615801252 8.134820865 -0.058707765 -0.436322808 0.072492455 0.894941701
1520616768.809722424 6.009893653 1.622192677 8.173641423 -0.055209570 -0.443899306 0.073230719 0.891371175
1520616768.859723330 5.966701485 1.613196396 8.209411560 -0.055380424 -0.447052077 0.073521516 0.889759538
1520616768.909724236 5.913939488 1.595307185 8.233096410 -0.054309925 -0.446645197 0.077017347 0.889734133
1520616768.959624052 5.884790707 1.578410043 8.275301986 -0.048771362 -0.445925123 0.082179274 0.889954328
1520616769.009624958 5.850728420 1.557225625 8.316877071 -0.040661959 -0.449194493 0.084752157 0.888475089
1520616769.059627056 5.806469037 1.545974086 8.354335096 -0.029607261 -0.465185358 0.088275072 0.880303075
1520616769.109628916 5.754348087 1.558678078 8.390988061 -0.012303810 -0.487994121 0.089034593 0.868206885
1520616769.159634113 5.712814837 1.568684721 8.424021567 0.000431203 -0.514484991 0.087586762 0.853014400
1520616769.209632158 5.668293048 1.570240096 8.456019901 0.009042769 -0.540966465 0.083376411 0.836852368
1520616769.259711981 5.613570361 1.579079848 8.474033728 0.015356621 -0.563825654 0.077666906 0.822090419
1520616769.309634924 5.565628002 1.584561491 8.486729314 0.018376368 -0.589065051 0.074705973 0.804415125
1520616769.359636068 5.517099330 1.580430189 8.506109120 0.019529299 -0.617000594 0.070559824 0.783549734
1520616769.409698725 5.459031935 1.582398911 8.510529753 0.024356757 -0.644518501 0.065454038 0.761392421
1520616769.459700584 5.412648348 1.577990416 8.509906490 0.026604697 -0.679806192 0.066384883 0.729896416
1520616769.509701729 5.361335553 1.586684065 8.516662873 -0.030115843 0.715254536 -0.068073242 -0.694888494
1520616769.559703588 5.318084186 1.589230174 8.514268970 -0.032088577 0.745594009 -0.067777419 -0.662167742
1520616769.609704494 5.274355555 1.585178839 8.490149495 -0.031309338 0.770151487 -0.063159547 -0.633953692
1520616769.659706831 5.224976403 1.589026584 8.472671998 -0.032388394 0.791420644 -0.058379772 -0.607615140
1520616769.709707499 5.180406707 1.585618856 8.451032638 -0.035465882 0.810162603 -0.057368629 -0.582312260
1520616769.759709835 5.133382173 1.586986830 8.427193069 -0.038951161 0.827026314 -0.056847126 -0.557923550
1520616769.810701132 5.089617008 1.581491677 8.397982565 -0.038491630 0.840646904 -0.056348721 -0.537267158
1520616769.860703230 5.041251917 1.582801357 8.375491456 -0.038521187 0.851881864 -0.055048554 -0.519406454
1520616769.910705328 4.994542502 1.581669888 8.344447729 -0.031453286 0.860061870 -0.054906785 -0.506250448
1520616769.960706234 4.954787159 1.576159479 8.316575496 -0.027349148 0.867856443 -0.055256637 -0.492974566
1520616770.010708332 4.915073081 1.566821066 8.289217513 -0.023198440 0.874460655 -0.061614101 -0.480608051
1520616770.060710192 4.876664784 1.551007012 8.260086244 -0.020686120 0.880109302 -0.071806986 -0.468853343
1520616770.110711336 4.843005938 1.539229288 8.224175454 -0.021342569 0.884884104 -0.082935567 -0.457871499
1520616770.160712242 4.802436515 1.531825724 8.191192416 -0.021339288 0.889994394 -0.089291217 -0.446633734
1520616770.211903811 4.766575107 1.531728295 8.166976349 -0.017808743 0.896655739 -0.092404678 -0.432611501
1520616770.261905670 4.728529567 1.526624198 8.130321796 -0.015391007 0.900335323 -0.090383924 -0.425429393
1520616770.311908007 4.691110409 1.524658920 8.089873599 -0.013663763 0.902043253 -0.090897168 -0.421745155
1520616770.361908913 4.646825329 1.517759228 8.059957657 -0.012054642 0.902599255 -0.093258205 -0.420085918
1520616770.411910772 4.599243104 1.509698526 8.029208544 -0.010776639 0.900238039 -0.096655340 -0.424397317
1520616770.461911917 4.558526870 1.468613941 7.986749558 0.003336901 0.895844662 -0.093074742 -0.434497756
1520616770.511913776 4.509397970 1.449796857 7.960009259 0.005993189 0.890679756 -0.093940814 -0.444779471
1520616770.561914682 4.464093399 1.427054145 7.934311280 0.002219344 0.884307469 -0.096961591 -0.456720730
1520616770.612808228 4.412528126 1.408192056 7.906625754 -0.000894588 0.877404433 -0.103415059 -0.468471970
1520616770.662810564 4.363809662 1.386718892 7.880284874 -0.002196548 0.869144113 -0.109978036 -0.482170631
1520616770.712812424 4.313662874 1.364244448 7.850689425 -0.004331659 0.857260960 -0.111364243 -0.502675729
1520616770.762813330 4.256855520 1.356862403 7.826479661 -0.006749225 0.843177159 -0.114446172 -0.525270216
1520616770.812815428 4.202466163 1.339032128 7.807275339 -0.005165566 0.827230733 -0.114024216 -0.550146444
1520616770.862817287 4.144321927 1.324238301 7.791952965 -0.000986623 0.808363251 -0.113464694 -0.577644912
1520616770.912921429 4.085772513 1.317343318 7.781654329 0.003649194 0.784981507 -0.113189978 -0.609080246
1520616770.962820530 4.025552118 1.305322007 7.781029010 0.010221905 0.757523444 -0.115592831 -0.642411116
1520616771.012594700 3.967085625 1.291592865 7.782892643 0.016564706 0.727041408 -0.120461798 -0.675740599
1520616771.062597036 3.911537753 1.279391434 7.791976594 -0.018938170 -0.692458076 0.127296528 0.709886436
1520616771.112597942 3.856002973 1.266535584 7.811025141 -0.018671132 -0.651725838 0.130862785 0.746846538
1520616771.162599802 3.811715061 1.259142112 7.843251224 -0.018340899 -0.611645678 0.131421007 0.779924160
1520616771.212600946 3.767723509 1.246448123 7.874928418 -0.025421359 -0.569944773 0.131683937 0.810663957
1520616771.262602806 3.724516831 1.238808068 7.912747115 -0.034892676 -0.526076333 0.129872715 0.839737620
1520616771.312603712 3.681598126 1.229422462 7.952814263 -0.045172142 -0.478994853 0.134142780 0.866330839
1520616771.362605810 3.637882097 1.215933482 7.988489540 -0.050524329 -0.431867860 0.145389437 0.888706563
1520616771.411128521 3.603763425 1.206260169 8.032566703 -0.050779446 -0.386002013 0.160131354 0.907073230
1520616771.461130381 3.580731169 1.200571074 8.088424448 -0.041703467 -0.341061986 0.171658270 0.923293551
1520616771.511132240 3.558917925 1.185415781 8.134127673 -0.030644047 -0.291472648 0.179968141 0.938997394
1520616771.561133385 3.547115295 1.174057224 8.191110773 -0.027841191 -0.239710385 0.183334128 0.952970302
1520616771.611135244 3.541806230 1.176034751 8.251009803 -0.032133257 -0.187470269 0.182798296 0.964576143
1520616771.661136150 3.543966988 1.178574087 8.310641797 -0.044360510 -0.135268845 0.178312641 0.973621634
1520616771.711138487 3.572014764 1.197733782 8.359251861 -0.050718719 -0.087982888 0.173963989 0.979501482
1520616771.761139393 3.583487861 1.216081849 8.409940134 -0.052083424 -0.031923905 0.167371970 0.983999393
1520616771.811141253 3.604018459 1.224913597 8.458618510 -0.053271021 0.026696182 0.161680774 0.985042557
1520616771.860009193 3.634297194 1.246285856 8.506775295 -0.049978914 0.081522359 0.157003149 0.982957896
1520616771.910011530 3.669228783 1.262595425 8.553363436 -0.051936842 0.137977461 0.154609391 0.976913876
1520616771.960012436 3.702485310 1.284230475 8.583578068 -0.051801325 0.194317708 0.151777569 0.967740059
1520616772.010014296 3.737230645 1.295264840 8.612330192 -0.057685616 0.247049519 0.149016375 0.955736902
1520616772.060015440 3.774196369 1.310264055 8.629753098 -0.063454030 0.297758617 0.148302650 0.940914298
1520616772.110017300 3.824199270 1.324770231 8.644679110 -0.069471079 0.341269978 0.149203434 0.925444167
1520616772.160018444 3.865058406 1.354805113 8.667640436 -0.071094470 0.385459850 0.143600203 0.908705267
1520616772.210020542 3.914392539 1.368116278 8.679158654 -0.076045348 0.424298630 0.137740178 0.891748519
1520616772.259750128 3.963662966 1.383606208 8.689789964 -0.078234794 0.456598511 0.137882653 0.875434459
1520616772.309752226 4.019001177 1.396390207 8.693505030 -0.080608624 0.487401572 0.139262552 0.858223688
1520616772.359753132 4.071594442 1.411833430 8.696054000 -0.080735438 0.515367810 0.137760054 0.841961981
1520616772.409755230 4.128203369 1.425867259 8.694913488 -0.083055776 0.539401294 0.133919761 0.827171977
1520616772.459757090 4.185805945 1.445381941 8.690278846 -0.084166838 0.557497601 0.126660228 0.816130844
1520616772.509759188 4.240224852 1.464949115 8.691386484 -0.086139723 0.569770862 0.115752729 0.809037959
1520616772.559759140 4.295312248 1.480810824 8.693422936 -0.092100355 0.577312330 0.102395987 0.804824863
1520616772.609761000 4.351639588 1.492776825 8.686757360 -0.097631921 0.583282885 0.093693145 0.800918647
1520616772.659722090 4.406917381 1.508475376 8.685936704 -0.101510101 0.591239060 0.087111026 0.795326186
1520616772.709722996 4.465835334 1.518595382 8.684107958 -0.107372694 0.601597787 0.083740438 0.787107836
1520616772.759724855 4.516550411 1.533480343 8.683089382 -0.109975160 0.614215162 0.082184527 0.777104177
1520616772.809726000 4.574321505 1.545991713 8.684557593 -0.109021072 0.629771428 0.084380781 0.764448977
1520616772.859727859 4.634407391 1.566747340 8.677428739 -0.107528931 0.646351455 0.084249742 0.750712533
1520616772.909729004 4.696638938 1.586694286 8.669681982 -0.108632790 0.664355132 0.084171169 0.734674342
1520616772.959731102 4.750861745 1.609770058 8.666553376 -0.108237097 0.680627080 0.082881801 0.719834784
1520616773.009732008 4.812465747 1.625565005 8.663151627 -0.108394805 0.698774196 0.086742714 0.701741327
1520616773.060005426 4.876183634 1.639975317 8.659753221 -0.103826337 0.718708332 0.086892386 0.682003034
1520616773.110007286 4.938894779 1.653338709 8.648608234 -0.095318981 0.736188039 0.082267413 0.664961304
1520616773.160008430 5.003034900 1.654516728 8.638216678 -0.091747074 0.753764907 0.079277581 0.645860670
1520616773.210010529 5.064794441 1.653202320 8.619685708 -0.090935918 0.770122497 0.076602348 0.626716905
1520616773.260011435 5.125232392 1.651441085 8.602223844 -0.093110661 0.784950070 0.077732652 0.607570101
1520616773.310013533 5.181199114 1.650031711 8.581089412 -0.093824296 0.798406383 0.083589366 0.588860822
1520616773.360015392 5.240191572 1.657938850 8.560285554 -0.090168525 0.812644449 0.087720233 0.569020032
1520616773.410016298 5.299400479 1.667016001 8.536328119 -0.085231983 0.825029380 0.090537306 0.551239538
1520616773.461805344 5.359492181 1.673234731 8.509301435 -0.081625654 0.834710739 0.093081660 0.536592060
1520616773.511806250 5.416417907 1.682413696 8.481623970 -0.079583405 0.843032924 0.091764221 0.523966886
1520616773.561808586 5.472944654 1.687976336 8.452894907 -0.079670444 0.850577335 0.090545818 0.511832269
1520616773.611810446 5.532520869 1.695295481 8.429738859 -0.080494758 0.857380366 0.090556619 0.500218952
1520616773.661811352 5.587107127 1.703511999 8.399089529 -0.083074227 0.859256072 0.089775822 0.496707135
1520616773.711813450 5.640145663 1.706661764 8.375385458 -0.094553873 0.862976615 0.084134440 0.489134259
1520616773.761815310 5.694082582 1.700847755 8.364657959 -0.098316843 0.865789075 0.080882123 0.483943341
1520616773.811816216 5.749715464 1.690734740 8.354309253 -0.102391202 0.866998877 0.074710811 0.481920412
1520616773.863090992 5.819466548 1.680945494 8.361541811 -0.102443547 0.869086790 0.068482070 0.479065420
1520616773.913092852 5.860888598 1.673354397 8.350791861 -0.104656213 0.869481331 0.065191016 0.478329827
1520616773.963093758 5.913405749 1.673621846 8.317629720 -0.109055179 0.868987620 0.061623651 0.478717046
1520616774.013096094 5.969051719 1.640574556 8.303267546 -0.112402011 0.868329103 0.072639589 0.477591716
1520616774.063097000 6.010524012 1.640927990 8.265241730 -0.118520960 0.866483864 0.077578157 0.478685831
1520616774.113098860 6.062103272 1.655576058 8.240355070 -0.123732979 0.866293895 0.076188180 0.477933466
1520616774.163100958 6.121137006 1.658193690 8.227213020 -0.128528196 0.866205214 0.074238046 0.477134931
1520616774.213101864 6.174253988 1.667962704 8.199267881 -0.135766105 0.864490525 0.068098592 0.479151623
1520616774.263103724 6.224456332 1.674441144 8.177939792 -0.139359319 0.863254097 0.062032219 0.481168732
1520616774.312895060 6.272065806 1.676683500 8.153694159 -0.141279688 0.862008011 0.056534383 0.483514324
1520616774.362896919 6.318532611 1.673649247 8.127868608 -0.142368103 0.860285111 0.054596407 0.486477218
1520616774.412898064 6.363741169 1.685756945 8.094086449 -0.140127740 0.857863545 0.053292275 0.491522419
1520616774.462900162 6.413976583 1.675582794 8.077350512 -0.137470305 0.853079255 0.058839796 0.499895567
1520616774.512901068 6.467648773 1.688794300 8.052027133 -0.135437080 0.846789895 0.054248445 0.511527884
1520616774.562903166 6.520851119 1.703777002 8.029572148 -0.134557224 0.838062702 0.048478200 0.526493234
1520616774.612904072 6.573953367 1.723543467 8.006522017 -0.134951487 0.827140901 0.042066478 0.543926867
1520616774.662905931 6.626391060 1.722304724 7.996533605 -0.134219455 0.813823494 0.044099528 0.563676938
1520616774.713839769 6.683150371 1.746392007 7.995067292 -0.132654234 0.798201473 0.039234310 0.586291678
1520616774.763840914 6.740100668 1.758230970 7.981656869 -0.134726905 0.780171283 0.038275583 0.609685501
1520616774.813842773 6.793335296 1.757965574 7.978823169 -0.138172300 0.761662497 0.043456570 0.631577535
1520616774.863843679 6.842712896 1.763440830 7.990347220 -0.140415557 0.742409382 0.050351694 0.653128232
1520616774.913845778 6.900224146 1.765259539 7.997994434 -0.138057348 0.722196229 0.058611220 0.675231442
1520616774.963847876 6.964564226 1.766357764 7.995842063 -0.129224824 0.701453349 0.064551829 0.697923496
1520616775.013848782 7.017481963 1.768291379 8.019955084 -0.114298685 0.683041628 0.070524795 0.717924925
1520616775.063850880 7.074374391 1.767006090 8.041372341 -0.099829876 0.667898321 0.071285223 0.734073733
1520616775.116383314 7.132308669 1.765639676 8.074602574 -0.085715256 0.655886891 0.076173528 0.746098435
1520616775.166384220 7.194496093 1.767174190 8.072029934 -0.080932276 0.643434111 0.079915591 0.757004630
1520616775.216386080 7.256243423 1.782226486 8.094331449 -0.077855115 0.639033225 0.087222855 0.760241601
1520616775.266387224 7.319652803 1.792869790 8.098272416 -0.076609855 0.638302916 0.095527909 0.759983379
1520616775.316389322 7.387599284 1.791043575 8.108372385 -0.074802684 0.638658694 0.109473648 0.757980970
1520616775.366391182 7.447243702 1.784798176 8.113697842 -0.073082386 0.638415453 0.121247406 0.756560468
1520616775.416392326 7.506692730 1.800555597 8.122363914 -0.067709191 0.643274930 0.125227831 0.752283737
1520616775.466395140 7.558308732 1.797057181 8.122822115 -0.061680945 0.650374593 0.129625538 0.745925982
1520616775.518124104 7.617242995 1.798294604 8.127308135 -0.051829144 0.657892759 0.136652278 0.738794297
1520616775.568128109 7.669672371 1.796508467 8.127516235 -0.040697413 0.664492302 0.144286352 0.732103237
1520616775.618127108 7.735025136 1.797687102 8.131369193 -0.031202323 0.671915227 0.149028861 0.724808072
1520616775.668128014 7.800389924 1.798436680 8.140429905 -0.021504402 0.680512999 0.151824041 0.716511745
1520616775.718130350 7.858583487 1.804691490 8.154287304 -0.014407269 0.691245553 0.150205539 0.706689686
1520616775.768131256 7.915085161 1.795311066 8.155072869 -0.011961262 0.699141844 0.150017557 0.698965194
1520616775.818147182 7.970548091 1.802829350 8.152791422 -0.008724745 0.707876708 0.150484463 0.690064396
1520616775.868135214 8.024549414 1.796297634 8.144964182 -0.008203114 0.717056193 0.147713273 0.681134285
1520616775.918136120 8.080098085 1.802859390 8.129015189 -0.006824511 0.725890840 0.139764977 0.673425323
1520616775.968137980 8.129736676 1.807769001 8.108308704 -0.008441841 0.735147177 0.129723553 0.665326359
1520616776.018139124 8.186639642 1.820446675 8.091492988 -0.008701121 0.745938504 0.120436266 0.654977209
1520616776.068141222 8.233966471 1.832488462 8.068639275 -0.006168304 0.758089792 0.114860123 0.641925986
1520616776.118142366 8.293777835 1.831557374 8.057347459 -0.004398005 0.771861532 0.109538490 0.626268115
1520616776.168144226 8.358187118 1.850253384 8.038757576 -0.001965159 0.786389954 0.099994982 0.609580168
1520616776.218145132 8.420988064 1.869573134 8.009829912 -0.000762422 0.799499988 0.090386917 0.593826063
1520616776.268147230 8.474994690 1.885085284 7.984879195 -0.003020975 0.813118110 0.082176545 0.576261076
1520616776.318193436 8.530250793 1.886737363 7.958484547 -0.009921776 0.826190281 0.078169262 0.557853694
1520616776.368176222 8.573548748 1.893029751 7.923344898 -0.015181800 0.834338080 0.078688424 0.545396749
1520616776.418178082 8.622490228 1.895855873 7.891019238 -0.023507562 0.841477916 0.081266912 0.533627211
1520616776.468179226 8.673024503 1.901403269 7.870606143 -0.035943709 0.848331672 0.080691004 0.522044428
1520616776.518181324 8.728465584 1.910399467 7.851167340 -0.044831651 0.853591413 0.076459372 0.513347628
1520616776.568181992 8.786052040 1.926874491 7.831846159 -0.048539498 0.856511981 0.071835283 0.508793509
1520616776.618184328 8.835197013 1.945448389 7.814736909 -0.050527962 0.856588592 0.066455364 0.509201919
1520616776.668186188 8.877299330 1.953256808 7.785810816 -0.051905977 0.853455687 0.064135288 0.514592872
1520616776.718187094 8.932023750 1.966901830 7.762255621 -0.054898704 0.847152687 0.059584847 0.525136271
1520616776.767155409 8.989410474 1.984234516 7.734038684 -0.057267465 0.836393964 0.054634645 0.542384209
1520616776.817157269 9.051425931 1.995077057 7.714344043 -0.058679797 0.821174592 0.052204967 0.565246505
1520616776.867158413 9.108070541 2.002156404 7.699749387 -0.062371419 0.803906860 0.051468634 0.589232166
1520616776.917160273 9.167523268 2.002326120 7.699798264 -0.070672280 0.786956999 0.052218575 0.610718700
1520616776.967161417 9.228142259 2.007859386 7.693720257 -0.072234625 0.767104287 0.053580807 0.635186799
1520616777.017162323 9.280324413 2.012433409 7.688056797 -0.069573737 0.745984605 0.053966265 0.660116737
1520616777.067164183 9.330149977 2.015024161 7.686128609 -0.063924829 0.723285787 0.053424663 0.685504991
1520616777.117166519 9.380116533 2.024576469 7.687106296 -0.057186950 0.702102095 0.051129375 0.707932262
1520616777.166659117 9.437915389 2.046211571 7.696154077 -0.048015523 0.684270456 0.049147315 0.725984156
1520616777.216660976 9.491593781 2.070567784 7.703970232 -0.037311728 0.669973189 0.049777731 0.739774249
1520616777.266661882 9.546058661 2.093057052 7.714800496 -0.024337619 0.660265792 0.055323412 0.748596075
1520616777.316664219 9.602420381 2.108686779 7.719781277 -0.012066907 0.657889951 0.061441522 0.750506590
1520616777.366666079 9.639236966 2.106837343 7.712583674 -0.003251738 0.659653042 0.069363220 0.748355553
1520616777.416666985 9.702880989 2.112326040 7.720186472 0.006235548 0.667125520 0.078504531 0.740771015
1520616777.466703892 9.744221896 2.100220599 7.717414136 0.012379247 0.672679775 0.093738273 0.733867707
1520616777.516669989 9.789920324 2.100236144 7.710403797 0.017409185 0.681404416 0.105655520 0.724031666
1520616777.566918135 9.837292470 2.100239131 7.696163923 0.020681271 0.691827414 0.115369197 0.712486535
1520616777.616919041 9.882660972 2.093789532 7.688743239 0.026211880 0.699716124 0.128570520 0.702267687
1520616777.666921377 9.935539611 2.106918785 7.680259304 0.034667571 0.706178760 0.138012871 0.693586452
1520616777.716922283 9.986156824 2.116425640 7.670220109 0.044585929 0.712741080 0.144142762 0.685007381
1520616777.766924143 10.047050436 2.121930356 7.663606119 0.052755620 0.721805413 0.147778279 0.674073713
1520616777.816925287 10.107331626 2.125859070 7.654333371 0.062228357 0.730620896 0.148299771 0.663572088
1520616777.866927147 10.170618518 2.133545085 7.636801665 0.075013022 0.740289085 0.144400487 0.652298717
1520616777.916929007 10.230438843 2.155209831 7.617791848 0.091298545 0.753755734 0.135550056 0.636508485
1520616777.965325832 10.290937659 2.162519504 7.598880793 0.104871999 0.769347417 0.127750131 0.617078860
1520616778.015327930 10.346741563 2.161009141 7.577873791 0.112677133 0.785854577 0.124588776 0.595158873
1520616778.065328836 10.397245438 2.165924400 7.549934082 0.119043870 0.802834090 0.122775896 0.571149770
1520616778.115330935 10.442719619 2.166662457 7.526243310 0.122112983 0.819568427 0.125135090 0.545653024
1520616778.165331841 10.490875059 2.178127948 7.495945688 0.125072004 0.836380323 0.126434642 0.518497088
1520616778.215333700 10.536743152 2.187060096 7.459980217 0.125796516 0.855057989 0.124994579 0.487265254
1520616778.265335798 10.589495198 2.199692930 7.424315286 0.125266962 0.874949845 0.118754043 0.452402956
1520616778.315336704 10.625838350 2.213011410 7.377734554 0.128415402 0.890821101 0.109041489 0.421968251
1520616778.362357855 10.660886766 2.225785206 7.332414993 0.128239209 0.905669283 0.097048582 0.392300175
1520616778.412359715 10.689674582 2.229096939 7.276410926 0.126420997 0.921209908 0.086131470 0.357730914
1520616778.462360859 10.718943083 2.228244811 7.227451484 0.123088288 0.934430482 0.075074370 0.325657467
1520616778.512361765 10.750061007 2.230136632 7.178014050 0.109479985 0.947802970 0.063099877 0.292749156
1520616778.562363625 10.770986588 2.228857284 7.123611974 0.096090206 0.959665142 0.052884308 0.258868187
1520616778.612365007 10.790343108 2.222312524 7.078926477 0.083450601 0.969228310 0.043451103 0.227474133
1520616778.662366867 10.807965826 2.220879762 7.027739991 0.069936889 0.976789435 0.031935145 0.199928430
1520616778.712368727 10.816330701 2.224382202 6.971360557 0.057012002 0.982657687 0.020044171 0.175304688
1520616778.762369871 10.823032654 2.229936627 6.915237076 0.044167567 0.987130354 0.010525195 0.153336589
1520616778.810536623 10.831797184 2.234197943 6.862524018 0.033778820 0.990106045 0.002822635 0.136165504
1520616778.860534668 10.848333404 2.236193059 6.809829317 0.024311464 0.992149130 -0.006432006 0.122505860
1520616778.910535812 10.858764168 2.235015688 6.754023162 0.012202138 0.992968473 -0.020949805 0.115869863
1520616778.960536718 10.882744906 2.232704711 6.706796479 0.000933683 0.993051465 -0.035927877 0.112058487
1520616779.010538578 10.899304462 2.228439466 6.660344893 -0.010435975 0.992180356 -0.045276567 0.115841545
1520616779.060540676 10.919248857 2.229919638 6.612068791 -0.024833809 0.990755091 -0.053580124 0.122134357
1520616779.110597610 10.937090280 2.230533769 6.564925443 -0.035208252 0.988858871 -0.057567477 0.132681942
1520616779.160543680 10.956117363 2.232570955 6.518782693 -0.046010944 0.986853062 -0.059326282 0.143123791
1520616779.209789038 10.985374351 2.234732362 6.476046102 -0.053995090 0.985264584 -0.055976052 0.152331581
1520616779.259790897 11.017890554 2.238897387 6.434658398 -0.062683276 0.984099225 -0.049434757 0.158668605
1520616779.309792042 11.054819103 2.244167913 6.392564847 -0.067995182 0.983022303 -0.044143056 0.164606190
1520616779.359793901 11.083915301 2.251918028 6.343659492 -0.070772135 0.981445844 -0.041623331 0.173271053
1520616779.409794807 11.110931795 2.261627988 6.295843650 -0.073812164 0.978981143 -0.042922415 0.185217041
1520616779.459797144 11.144473264 2.266474707 6.251722133 -0.078934419 0.976203313 -0.045014871 0.196901273
1520616779.509799004 11.180337193 2.270824664 6.205938402 -0.086985683 0.973156823 -0.047905934 0.207615776
1520616779.559799910 11.217405825 2.273832285 6.162854221 -0.091601526 0.970610407 -0.048754696 0.217134928
1520616779.609575510 11.264570229 2.269859399 6.129327146 -0.093672985 0.968511693 -0.043580730 0.226519738
1520616779.659576416 11.304086920 2.271600159 6.090630606 -0.095668685 0.964403494 -0.041019925 0.243085930
1520616779.709578276 11.342284718 2.265479224 6.057452536 -0.100186376 0.960535153 -0.039203397 0.256511215
1520616779.759579420 11.374913185 2.263829964 6.018371099 -0.106002546 0.956274939 -0.041176753 0.269455334
1520616779.809581518 11.408726684 2.262640650 5.981297818 -0.108131204 0.952308753 -0.039221189 0.282625866
1520616779.859583378 11.450865493 2.256690888 5.950383556 -0.110590801 0.948637284 -0.035989620 0.294213741
1520616779.909584522 11.492939153 2.263772540 5.916493713 -0.105857313 0.943209637 -0.034416903 0.312994068
1520616779.959586382 11.546288567 2.254835708 5.888962782 -0.098572525 0.936668741 -0.024703711 0.335149001
1520616780.010064840 11.603511054 2.262100531 5.863732408 -0.092609049 0.928164263 -0.022093197 0.359786820
1520616780.060065746 11.656724272 2.270197064 5.836696774 -0.090122915 0.915887996 -0.023121274 0.390502812
1520616780.110067844 11.709201338 2.277329454 5.817058464 -0.083024094 0.900928377 -0.026802124 0.425107876
1520616780.160068750 11.759140973 2.279261382 5.802729072 -0.075543628 0.883200026 -0.031141049 0.461823678
1520616780.210070610 11.809679882 2.276116943 5.790070086 -0.067259870 0.864397400 -0.031243990 0.497309822
1520616780.260071754 11.857816115 2.265516247 5.785803976 -0.057218348 0.841856046 -0.027602266 0.535950159
1520616780.310073614 11.912205403 2.261047967 5.790695475 -0.053669157 0.815737344 -0.027612760 0.575264932
1520616780.360074520 11.967282131 2.259513715 5.801560728 -0.049859690 0.787552145 -0.027723947 0.613601673
1520616780.411785603 12.016651102 2.260515436 5.816648539 -0.053422652 0.755226126 -0.030471488 0.652572606
1520616780.461786509 12.064452384 2.266608222 5.831268345 -0.057165263 0.722241426 -0.037124881 0.688274073
1520616780.511788607 12.106295961 2.272524195 5.854371539 -0.057459020 0.688582073 -0.042244637 0.721642973
1520616780.561790466 12.143959274 2.276349847 5.866937699 -0.052414631 0.648144142 -0.046425133 0.758291886
1520616780.611791372 12.178298969 2.276856828 5.903324292 -0.051707608 0.608641914 -0.052100633 0.790042320
1520616780.661796331 12.206528350 2.286404151 5.934790633 -0.043038918 0.564364629 -0.060354298 0.822190718
1520616780.711794615 12.227589298 2.289570202 5.972612362 -0.034390635 0.512143887 -0.064237802 0.855803382
1520616780.761875629 12.238164871 2.289615387 6.013761572 -0.024754170 0.459582588 -0.066100708 0.885325800
1520616780.810660362 12.247349688 2.281613799 6.054899089 -0.019874466 0.407461967 -0.064600295 0.910717603
1520616780.860662699 12.239919916 2.289821231 6.098719207 -0.007298836 0.351136727 -0.065463204 0.934004440
1520616780.910663605 12.229777842 2.288910801 6.143282917 -0.004085898 0.287674286 -0.064268843 0.955560739
1520616780.960665464 12.206281794 2.284601486 6.188715387 -0.004954772 0.222003868 -0.059827844 0.973195953
1520616781.010666609 12.184392685 2.289047639 6.227339372 -0.003167759 0.152602249 -0.050755200 0.986978434
1520616781.060668468 12.148891081 2.304276451 6.255406148 0.006863437 0.082868538 -0.052018520 0.995178262
1520616781.110670805 12.113035187 2.295209048 6.287087863 0.006117995 0.014468881 -0.045194765 0.998854672
1520616781.160671473 12.070427332 2.307899506 6.313075363 0.014961678 -0.051686957 -0.043225544 0.997615236
1520616781.210673571 12.033338021 2.307364938 6.333364804 0.019608405 -0.122938577 -0.032337717 0.991693445
1520616781.261108875 11.986516375 2.325496458 6.342245525 0.030365632 -0.190125736 -0.027074301 0.980916467
1520616781.311110735 11.930803908 2.318834597 6.340940063 0.034985306 -0.246745531 -0.020697826 0.968227386
1520616781.361111879 11.874149402 2.311779831 6.331105964 0.039187861 -0.296218670 -0.014004549 0.954213123
1520616781.411113739 11.811012845 2.302552489 6.318843767 0.039731292 -0.339096184 -0.004768703 0.939900241
1520616781.461116076 11.762324004 2.301885435 6.315707572 0.041019370 -0.379342667 0.006891225 0.924320866
1520616781.511116982 11.699570421 2.308121195 6.300565360 0.042682548 -0.412302131 0.017166387 0.909884865
1520616781.561118841 11.652909178 2.312421743 6.297285879 0.038295818 -0.444781178 0.029998687 0.894317177
1520616781.611119986 11.593940747 2.322283612 6.286536022 0.031977321 -0.469000848 0.039383614 0.881739523
1520616781.664536238 11.540552998 2.326748852 6.286530784 0.023450257 -0.488446506 0.047785170 0.870968814
1520616781.714537382 11.491277607 2.325316842 6.277913022 0.015248101 -0.499393896 0.058994255 0.864229662
1520616781.764540195 11.445358623 2.323292927 6.271110351 0.007799559 -0.505817616 0.072666268 0.859539016
1520616781.814541101 11.400488411 2.320773786 6.271462898 0.003990318 -0.507563756 0.085562415 0.857346012
1520616781.864543438 11.348344467 2.321002160 6.268243818 -0.001053015 -0.505421081 0.100457869 0.857004456
1520616781.914544106 11.303964055 2.318235071 6.268437110 -0.007067611 -0.503950063 0.114745501 0.856047810
1520616781.964545488 11.268882562 2.310778760 6.277167611 -0.012801304 -0.504512980 0.122931738 0.854511889
1520616782.014547348 11.223121412 2.314509200 6.284232747 -0.017623102 -0.502600120 0.128901112 0.854673651
1520616782.066580296 11.165991418 2.324256992 6.288902262 -0.023018301 -0.496419376 0.134494881 0.857291717
1520616782.116582394 11.120002242 2.331563758 6.304122749 -0.032187942 -0.486325262 0.137826083 0.862238741
1520616782.166584492 11.077511442 2.334487393 6.329256698 -0.043425530 -0.472452529 0.140973446 0.868924230
1520616782.216585398 11.030474762 2.335802048 6.354325334 -0.052325241 -0.453426476 0.144162679 0.877999785
1520616782.266587496 10.994755280 2.328596919 6.389086720 -0.059378245 -0.431541311 0.151908655 0.887226060
1520616782.316588402 10.953821496 2.324393502 6.428887995 -0.060730489 -0.403941732 0.159498739 0.898723003
1520616782.366590261 10.927016789 2.315012323 6.473147218 -0.059158460 -0.373451031 0.157307944 0.912298643
1520616782.416692257 10.893355735 2.305737402 6.510813237 -0.052549574 -0.339877096 0.155280761 0.926072344
1520616782.467311859 10.872286121 2.293726256 6.553585073 -0.044836144 -0.306615520 0.150610614 0.938772116
1520616782.517313004 10.843863850 2.289390616 6.600075659 -0.035765873 -0.272212537 0.147592213 0.950177707
1520616782.567315102 10.817819119 2.286536976 6.649429310 -0.027561575 -0.240528044 0.144490829 0.959431613
1520616782.617316008 10.795817509 2.281538000 6.695713532 -0.020126156 -0.211642066 0.140614665 0.966969539
1520616782.667318106 10.771938099 2.286184685 6.744370648 -0.012167601 -0.182947706 0.138299178 0.973270478
1520616782.717319965 10.747838362 2.288000395 6.794371300 -0.008108173 -0.155423903 0.135297368 0.978505130
1520616782.767320871 10.721997176 2.290411868 6.844894655 -0.005299993 -0.129014116 0.129521104 0.983133537
1520616782.817323208 10.701172455 2.288228620 6.900494571 -0.001519958 -0.103305432 0.127128078 0.986490816
1520616782.868397713 10.684745928 2.283364312 6.950300663 0.004940424 -0.080943655 0.124136975 0.988945766
1520616782.918399572 10.673866418 2.276621970 6.997161690 0.013022716 -0.065606230 0.118836869 0.990658382
1520616782.968400478 10.666468529 2.273350143 7.045189812 0.023565364 -0.052650809 0.111945082 0.992038742
1520616783.018402576 10.651645783 2.265343721 7.089781062 0.032774950 -0.043100414 0.100372067 0.993475518
1520616783.068404675 10.644917735 2.259623281 7.137863494 0.040342236 -0.036636739 0.088238206 0.994607597
1520616783.118405581 10.645681609 2.260869424 7.188143141 0.046544417 -0.038761050 0.074828187 0.995355183
1520616783.168407679 10.634107416 2.261249379 7.234300238 0.053267676 -0.043197946 0.057666386 0.995977450
1520616783.218408585 10.616709220 2.259453225 7.283712908 0.060792581 -0.054213279 0.041405933 0.995816615
1520616783.268410444 10.606164236 2.257634452 7.333304055 0.069711424 -0.076331067 0.025967334 0.994303567
1520616783.318411589 10.590833274 2.256712625 7.381001252 0.081558325 -0.107175309 0.011433059 0.990823384
1520616783.368413448 10.577711535 2.250381606 7.425027570 0.096810931 -0.149597245 -0.003194954 0.983990905
1520616783.418414354 10.553089260 2.238885229 7.464039591 0.117439506 -0.194959547 -0.015513966 0.973631375
1520616783.468417645 10.524365166 2.231402647 7.498411858 0.150909153 -0.241707354 -0.028878374 0.958107521
1520616783.518418550 10.481393721 2.216023560 7.518348381 0.180949990 -0.292554119 -0.038575208 0.938179696
1520616783.568419456 10.443287984 2.195147815 7.522044724 0.203018495 -0.345876013 -0.041226424 0.915124940
1520616783.618421555 10.397949060 2.183350685 7.528649339 0.225603380 -0.396338483 -0.041630527 0.888980214
1520616783.668423414 10.349478944 2.167355456 7.545981053 0.234883339 -0.449388484 -0.037384588 0.861093607
1520616783.718424559 10.300665539 2.161348447 7.557084777 0.244693525 -0.494394637 -0.033896432 0.833396696
1520616783.768426657 10.254285086 2.152875914 7.558995581 0.248400716 -0.531254372 -0.030690229 0.809397298
1520616783.818427563 10.205018519 2.143164222 7.549239699 0.247387967 -0.563826920 -0.026605067 0.787521789
1520616783.868429661 10.169622167 2.143429079 7.551670662 0.248696496 -0.591651252 -0.021660085 0.766570081
1520616783.918430567 10.119486265 2.140029807 7.547715141 0.249647219 -0.613342676 -0.014798536 0.749178237
1520616783.968432426 10.066964110 2.131046843 7.549178507 0.246844902 -0.634448112 -0.003655605 0.732481962
1520616784.018434763 10.023292824 2.122747595 7.540345562 0.238059532 -0.652669252 0.009225390 0.719211651
1520616784.068435669 9.985607368 2.121482494 7.525984793 0.227412382 -0.674030404 0.020642702 0.702524378
1520616784.118436337 9.945233295 2.127572163 7.521144414 -0.219237768 0.697279197 -0.031849122 -0.681705329
1520616784.168438673 9.904956524 2.133291569 7.498135266 -0.208663283 0.717797201 -0.039277378 -0.663086796
1520616784.218439579 9.870989759 2.126812927 7.483464160 -0.194584705 0.741785143 -0.045307107 -0.640186582
1520616784.268441439 9.833629205 2.130481057 7.457152339 -0.177828987 0.765894671 -0.053124476 -0.615597266
1520616784.318443537 9.797107537 2.149090224 7.440736207 -0.159826242 0.785682192 -0.063254557 -0.594270921
1520616784.368444443 9.754012578 2.146750869 7.425044788 -0.137777349 0.801535426 -0.073567601 -0.577188159
1520616784.418446541 9.710653134 2.164760079 7.397685161 -0.113071497 0.813794583 -0.090266073 -0.562854555
1520616784.468447685 9.669618569 2.178171341 7.376334854 -0.091644890 0.820252696 -0.109151650 -0.553960870
1520616784.518264532 9.621279948 2.198424227 7.366054159 -0.077058654 0.820401086 -0.131273465 -0.551154515
1520616784.568265200 9.573660229 2.189298015 7.368268408 -0.059595934 0.816574454 -0.150632777 -0.554043547
1520616784.618267536 9.530488223 2.193501075 7.358432140 -0.041181985 0.807168259 -0.169729397 -0.563893055
1520616784.668269396 9.478265884 2.183124772 7.355019096 -0.025389852 0.796130260 -0.185649137 -0.575383665
1520616784.718270302 9.427756538 2.179588494 7.354583875 -0.015136314 0.780146991 -0.199862259 -0.592618462
1520616784.768272400 9.370287522 2.177378810 7.355081378 -0.008533913 0.759725087 -0.212594600 -0.614449755
1520616784.818273306 9.310102205 2.170918681 7.368333869 0.000942392 0.737356898 -0.226512659 -0.636392907
1520616784.868275404 9.258857492 2.180895102 7.373633855 0.007912415 0.712321603 -0.237338964 -0.660458586
1520616784.918461561 9.202868629 2.171704894 7.373459952 0.016690508 0.688592594 -0.242504697 -0.683193339
1520616784.968463421 9.141829655 2.162694623 7.387241478 -0.025649933 -0.665650198 0.245100555 0.704398760
1520616785.018465519 9.085218232 2.158195884 7.405161302 -0.032260166 -0.643455293 0.246770393 0.723898432
1520616785.068466425 9.027603136 2.160310039 7.418405163 -0.036729849 -0.619446599 0.250825947 0.742982620
1520616785.118468523 8.970418611 2.153979733 7.438782365 -0.039761126 -0.593781173 0.252289936 0.763015570
1520616785.168469667 8.909848706 2.145495474 7.463874600 -0.038591383 -0.567891392 0.255107827 0.781620156
1520616785.218471527 8.866660891 2.159176293 7.497970420 -0.030748457 -0.541566908 0.255938968 0.800159397
1520616785.268473387 8.821272040 2.134577422 7.521656641 -0.029785819 -0.511804554 0.256086229 0.819505184
1520616785.318474531 8.774695714 2.101410097 7.552445014 -0.033483913 -0.485180978 0.256501661 0.835275490
1520616785.368476629 8.728403541 2.112801594 7.594363611 -0.031681314 -0.463900141 0.258646012 0.846696636
1520616785.418477774 8.678763771 2.119749189 7.621822193 -0.030854856 -0.442218674 0.261738894 0.857311713
1520616785.468479633 8.635880418 2.115454703 7.654025219 -0.033576045 -0.422130393 0.265388558 0.866168283
1520616785.518480539 8.586004578 2.130100982 7.682983383 -0.029915780 -0.402170123 0.270096860 0.874306539
1520616785.568482637 8.541985178 2.136500282 7.724066111 -0.027670009 -0.384664758 0.276499996 0.880235847
1520616785.618483543 8.504216751 2.130448570 7.760645886 -0.027495432 -0.366549482 0.285789911 0.884991302
1520616785.668485403 8.473188724 2.126220939 7.808081255 -0.024511002 -0.347004071 0.290689092 0.891340136
1520616785.718486547 8.439949170 2.127885503 7.855662371 -0.017229964 -0.325692877 0.286856010 0.900744641
1520616785.768488646 8.417415963 2.129956118 7.902380033 -0.013549497 -0.306388126 0.290431027 0.906417424
1520616785.818489552 8.387248403 2.130667120 7.954148059 -0.010993331 -0.285949020 0.297475622 0.910835089
1520616785.868491650 8.367298334 2.124046585 8.002245203 -0.012228185 -0.264588744 0.299525336 0.916584879
1520616785.918493509 8.360341380 2.118090913 8.059211867 -0.013045789 -0.240507798 0.297182517 0.923941750
1520616785.968494415 8.348774447 2.116153765 8.119751888 -0.009058631 -0.212520797 0.295574755 0.931336897
1520616786.018496513 8.332511979 2.121344795 8.175990947 -0.003944267 -0.182115918 0.298023980 0.937016511
1520616786.068497419 8.319223377 2.124119989 8.236223314 0.003721792 -0.150298340 0.301985071 0.941382799
1520616786.118499517 8.318341018 2.131394118 8.295588277 0.010982074 -0.115924247 0.303638134 0.945645201
1520616786.168500662 8.320943047 2.130248921 8.365467513 0.018077877 -0.077860031 0.305129556 0.948950452
1520616786.218502522 8.326490773 2.129850714 8.425431381 0.024887437 -0.039387430 0.305729616 0.950977732
1520616786.268504620 8.339954191 2.132621689 8.477720061 0.030434885 -0.003212725 0.302040064 0.952803860
1520616786.318505526 8.358587606 2.139352805 8.531667293 0.033102406 0.036072098 0.296423524 0.953800885
1520616786.368507385 8.382465436 2.145764985 8.578194793 0.028774154 0.076347110 0.288468488 0.954006865
1520616786.418508530 8.399296581 2.166050884 8.631647723 0.025116412 0.112014931 0.283092912 0.952197576
1520616786.468510628 8.435636909 2.159875069 8.684321105 0.020470045 0.145034040 0.281437746 0.948334803
1520616786.518511534 8.455060317 2.165766961 8.731625332 0.021576581 0.177091572 0.279223628 0.943507918
1520616786.568513632 8.485433951 2.182116665 8.781569928 0.022414491 0.205369761 0.274771976 0.939053360
1520616786.618514538 8.506161523 2.196703913 8.837339994 0.026105232 0.228672077 0.274158494 0.933736964
1520616786.668516397 8.533527072 2.208750453 8.884983502 0.026244742 0.247830217 0.272789480 0.929234791
1520616786.718518734 8.563023570 2.214750477 8.930290151 0.027187546 0.262676059 0.274412303 0.924640478
1520616786.768520594 8.597418109 2.223116240 8.981497082 0.027004734 0.278104108 0.266840449 0.922347562
1520616786.818521500 8.634840153 2.216455819 9.037990246 0.018907867 0.292992276 0.256015127 0.921007206
1520616786.868523598 8.654160542 2.186846360 9.083916739 0.011963511 0.304944054 0.253267532 0.917998668
1520616786.918525457 8.686029525 2.159126549 9.136178382 0.004861986 0.316271699 0.247676627 0.915753713
1520616786.967437744 8.717504158 2.160965531 9.165741295 0.003468463 0.322939652 0.237682566 0.916081300
1520616787.017439842 8.748277466 2.165447333 9.209781233 0.003281015 0.333049355 0.224927181 0.915682874
1520616787.067444801 8.789935941 2.178743780 9.253195267 0.004292868 0.343199511 0.206877743 0.916186262
1520616787.117441893 8.835119296 2.183804605 9.301653979 0.006331541 0.352516021 0.195308036 0.915176015
1520616787.167443752 8.875324433 2.184649334 9.349656432 0.008523746 0.362250352 0.190911751 0.912279963
1520616787.217445612 8.929371123 2.189333715 9.395887260 0.008189886 0.377376847 0.184878970 0.907380520
1520616787.267446995 8.986467094 2.199840328 9.433987745 0.006228062 0.396264255 0.176011460 0.901085910
1520616787.317462921 9.047766662 2.190820576 9.486844546 -0.001443598 0.416636165 0.170107857 0.893014859
1520616787.365852356 9.095843081 2.197313227 9.512358938 -0.007122446 0.432652942 0.166290240 0.886063349
1520616787.415853262 9.153546434 2.196297356 9.547278716 -0.013655061 0.452677323 0.161266895 0.876863598
1520616787.465855360 9.210924898 2.186940848 9.585313657 -0.017895122 0.474287607 0.156974140 0.866077450
1520616787.515857220 9.270731266 2.185338338 9.613932373 -0.015537569 0.493965954 0.149770169 0.856344041
1520616787.565858126 9.334414041 2.187008208 9.652871431 -0.010301276 0.510894381 0.141261128 0.847895105
1520616787.615860224 9.381040518 2.180756045 9.686434248 -0.009670772 0.523798318 0.134251210 0.841141136
1520616787.665861130 9.415281140 2.195233058 9.737245223 -0.008434355 0.535378281 0.128364609 0.834758339
1520616787.715863228 9.468511737 2.204124974 9.772198180 -0.011419445 0.541836564 0.126628051 0.830811694
1520616787.764108419 9.510493896 2.210413062 9.791038023 -0.015087329 0.543367180 0.126867813 0.829716240
1520616787.814110279 9.567979600 2.234623301 9.831009907 -0.019396415 0.543566790 0.126278102 0.829585900
1520616787.864112139 9.620109642 2.237237256 9.868507863 -0.030241239 0.542707150 0.127213844 0.829681297
1520616787.914113283 9.659496502 2.232833291 9.917915763 -0.036226072 0.542687379 0.132030065 0.828701479
1520616787.964115381 9.717005120 2.240175870 9.950730947 -0.034907630 0.538922875 0.131923540 0.831227870
1520616788.014116287 9.777368451 2.247927190 9.983433320 -0.028493863 0.533669775 0.130457879 0.835084076
1520616788.064118385 9.833583078 2.249292189 10.020310886 -0.022210007 0.528792329 0.123061620 0.839488670
1520616788.114120245 9.892257444 2.253537601 10.043528664 -0.017440585 0.524231174 0.110182244 0.844237748
1520616788.164121151 9.945197038 2.258511595 10.085648026 -0.013422558 0.524436223 0.100233555 0.845422804
1520616788.212737322 10.002201365 2.273507963 10.091459578 -0.009776425 0.521308689 0.092769429 0.848254387
1520616788.262739182 10.060092860 2.292119843 10.120027019 -0.007425759 0.523558515 0.087371220 0.847465403
1520616788.312742472 10.122432899 2.303199084 10.142629538 -0.010647700 0.528937303 0.084050256 0.844421406
1520616788.362743378 10.188129028 2.305433907 10.164777889 -0.017715651 0.529840068 0.089243239 0.843203002
1520616788.412744284 10.254605732 2.312444537 10.179868686 -0.025505845 0.528096387 0.089813465 0.844036255
1520616788.462746382 10.321986981 2.318609235 10.196427954 -0.033209881 0.529523022 0.086822871 0.843186967
1520616788.512747288 10.381412478 2.318392053 10.209241172 -0.038850029 0.531443155 0.082585678 0.842162962
1520616788.562749386 10.440883392 2.319324993 10.226549539 -0.039805441 0.530749880 0.080573550 0.842750256
1520616788.611556530 10.493905242 2.329798239 10.254012355 -0.037401909 0.529658811 0.080813530 0.843523452
1520616788.661558390 10.539455817 2.342761909 10.279986075 -0.036953743 0.528974670 0.079993754 0.844050484
1520616788.711559296 10.598571102 2.363557687 10.311807372 -0.037503918 0.526216734 0.078925742 0.845848764
1520616788.761561394 10.661141023 2.381733965 10.343505978 -0.038739399 0.520128687 0.078133020 0.849623822
1520616788.811563253 10.723684711 2.399037934 10.377515162 -0.040659547 0.513691141 0.076024625 0.853632514
1520616788.861564159 10.784259153 2.415834538 10.412021845 -0.042488846 0.508080658 0.073623469 0.857104619
1520616788.911565304 10.844880053 2.421352212 10.446757586 -0.046275813 0.498310895 0.070423826 0.862893554
1520616788.961603403 10.902136629 2.426780015 10.479338695 -0.049547031 0.483760248 0.065901457 0.871308276
1520616789.010904312 10.953584088 2.426199351 10.517919054 -0.052974772 0.468956416 0.061352748 0.879493828
1520616789.060905218 11.009756956 2.426630464 10.549419051 -0.057875730 0.453032069 0.055163212 0.887901664
1520616789.110907555 11.065170601 2.436563433 10.580136646 -0.060494113 0.437476273 0.049911879 0.895803425
1520616789.160908461 11.122823354 2.449926051 10.611849990 -0.062268237 0.425879040 0.042946322 0.901612624
1520616789.210910320 11.172366659 2.469660523 10.654569413 -0.060822069 0.418446665 0.035778287 0.905495985
1520616789.260911465 11.211052830 2.485595746 10.708353244 -0.058435046 0.414416618 0.033968204 0.907573894
1520616789.310913324 11.255027553 2.494080465 10.761568110 -0.059484938 0.413306060 0.031338483 0.908106570
1520616789.360914230 11.303104741 2.508484558 10.809229310 -0.059497140 0.413863555 0.032287374 0.907818580
1520616789.411003113 11.357431883 2.517090819 10.847525246 -0.061696412 0.413181650 0.036004457 0.907842583
1520616789.461005211 11.411005645 2.523368814 10.886897245 -0.063542206 0.411470555 0.039128154 0.908363010
1520616789.511006355 11.461985360 2.524212306 10.929582785 -0.067933027 0.412023521 0.041825730 0.907674132
1520616789.561008215 11.511427926 2.521212018 10.969744063 -0.072066467 0.414451188 0.042532307 0.906216111
1520616789.611009121 11.562156983 2.525856838 11.011079914 -0.070658600 0.413740429 0.042981813 0.906630456
1520616789.661011219 11.617685704 2.529719177 11.043612014 -0.068522133 0.407648804 0.037621544 0.909786672
1520616789.711012125 11.670824144 2.531552390 11.079022147 -0.065958069 0.398708037 0.029859161 0.914215437
1520616789.761014223 11.715469629 2.540263437 11.126753842 -0.061169857 0.387267706 0.024133325 0.919619244
1520616789.812219858 11.750741861 2.546457844 11.193484519 -0.054901948 0.372806635 0.018285508 0.926102926
1520616789.862221718 11.783145641 2.536670986 11.260142667 -0.052277407 0.354036855 0.011558041 0.933697697
1520616789.912223577 11.828336052 2.545740744 11.304034079 -0.046520688 0.330087223 0.004966719 0.942790317
1520616789.962224722 11.869686864 2.546082256 11.352612525 -0.045455272 0.309309787 -0.000528302 0.949874199
1520616790.012227774 11.903798663 2.545698202 11.403506275 -0.046385161 0.289431052 -0.001823491 0.956072569
1520616790.062228680 11.934824854 2.548877365 11.451385947 -0.049590410 0.265130180 0.001790541 0.962934875
1520616790.112229824 11.961289064 2.561475680 11.499969687 -0.053434657 0.239576163 0.004157044 0.969397090
1520616790.162231684 11.974211571 2.563773401 11.555825795 -0.058931117 0.217177876 0.003185892 0.974346316
1520616790.212306976 12.004607662 2.557962377 11.606001651 -0.060906320 0.192661074 -0.000293133 0.979373292
1520616790.262307882 12.027017073 2.571320094 11.663405339 -0.056133621 0.171327658 -0.004648812 0.983602683
1520616790.312308788 12.047329171 2.580039700 11.719903448 -0.052312280 0.147165567 -0.008197769 0.987693534
1520616790.362311125 12.068175364 2.577202075 11.765613807 -0.052655912 0.123872416 -0.014459242 0.990794585
1520616790.412312984 12.077244114 2.583995914 11.821854520 -0.051611786 0.101890142 -0.018868521 0.993276699
1520616790.462313890 12.087022688 2.589581691 11.867507108 -0.048674276 0.078640344 -0.023135929 0.995445247
1520616790.512315989 12.097654394 2.581511064 11.921680826 -0.048583401 0.052770828 -0.024798728 0.997115799
1520616790.562316895 12.100255758 2.582449171 11.970089519 -0.044045686 0.026268261 -0.025043643 0.998370058
1520616790.612377882 12.096145463 2.574304237 12.023363164 -0.039059829 -0.000597390 -0.021925081 0.998996128
1520616790.660989523 12.093144615 2.580894574 12.069571564 -0.032872805 -0.026431539 -0.018875528 0.998931663
1520616790.710991621 12.097885713 2.568117644 12.116218165 -0.029466746 -0.054097875 -0.018064687 0.997937272
1520616790.760992527 12.092337150 2.557214143 12.168604894 -0.024258036 -0.081556012 -0.019099332 0.996190434
1520616790.810994625 12.086522452 2.554924930 12.214094114 -0.024729531 -0.110659489 -0.017163581 0.993402406
1520616790.860995770 12.077022417 2.562621338 12.262589571 -0.026023880 -0.139453350 -0.014781971 0.989776245
1520616790.910997629 12.072822650 2.564634783 12.307275056 -0.027231448 -0.165937841 -0.013203346 0.985671727
1520616790.960998535 12.057948001 2.559165953 12.340198030 -0.027067450 -0.189313798 -0.007815294 0.981512384
1520616791.011000633 12.050436143 2.546984976 12.386420772 -0.023123516 -0.210644730 0.001805294 0.977287492
1520616791.060411215 12.034485306 2.538087758 12.421425555 -0.017748276 -0.229259657 0.015365757 0.973082166
1520616791.110412121 12.014584190 2.527156872 12.467521998 -0.012793871 -0.248726771 0.027989143 0.968084665
1520616791.160413980 11.987954989 2.519878045 12.504446477 -0.006725160 -0.265118087 0.035903703 0.963523791
1520616791.210415125 11.968940258 2.512067835 12.547341829 -0.000751748 -0.283473580 0.041775474 0.958069400
1520616791.260417223 11.943278975 2.506309269 12.588196825 0.007766681 -0.300157872 0.045708053 0.952762145
1520616791.310418129 11.915651350 2.501920104 12.629560304 0.017704140 -0.317089088 0.046307494 0.947099092
1520616791.360420227 11.885521944 2.494772770 12.670477196 0.024222511 -0.334747134 0.040800207 0.941112623
1520616791.410422087 11.856955758 2.493970220 12.710241975 0.028794220 -0.355837167 0.034589823 0.933463629
1520616791.460058212 11.819124742 2.495968498 12.742320675 0.033308340 -0.375757340 0.027978980 0.925696577
1520616791.510060310 11.775670364 2.488973458 12.770072759 0.038865866 -0.393767546 0.019426557 0.918182538
1520616791.560062408 11.741707954 2.485464526 12.808767417 0.043361645 -0.412950570 0.009735941 0.909668514
1520616791.610063553 11.708170943 2.476768005 12.840394992 0.043227241 -0.437449230 0.005018994 0.898189505
1520616791.660065413 11.675203498 2.471908641 12.864913915 0.045726332 -0.463326409 0.001267448 0.885006291
1520616791.710066319 11.636603552 2.462330402 12.885298174 0.048751315 -0.484859906 -0.001442218 0.873230841
1520616791.760068417 11.598509211 2.457767450 12.900356015 0.054364955 -0.506596757 -0.000890321 0.860466958
1520616791.810069323 11.549348890 2.455239823 12.916501240 0.061542225 -0.531446714 0.003777616 0.844844763
1520616791.860033035 11.501422816 2.454336536 12.932019626 0.071075301 -0.558052481 0.008130327 0.826716171
1520616791.910035133 11.450506001 2.457041883 12.947678037 0.080582965 -0.585699539 0.012401870 0.806417156
1520616791.960036278 11.408162099 2.459962481 12.967854322 0.085595839 -0.615905082 0.012483859 0.783057109
1520616792.010038137 11.364053575 2.466832537 12.991006390 0.089162618 -0.646112369 0.010093748 0.757949174
1520616792.060043097 11.318617503 2.460444968 12.982924089 0.090197686 -0.670689248 0.008181974 0.736188404
1520616792.110040188 11.271826017 2.456276134 12.983187531 0.091063492 -0.696171032 0.008928660 0.712020796
1520616792.160047293 11.227460953 2.458437255 12.989652640 -0.091338831 0.723309258 -0.010698753 -0.684373051
1520616792.210043907 11.187055893 2.447626039 12.972956283 -0.089197405 0.750370337 -0.012060050 -0.654860852
1520616792.260230064 11.148872017 2.442969144 12.960970625 -0.088628437 0.775876585 -0.012552831 -0.624502162
1520616792.310152054 11.111540775 2.437756474 12.952823079 -0.086776000 0.800030711 -0.009547863 -0.593573605
1520616792.360153198 11.070372175 2.431813110 12.930543213 -0.086363314 0.818413655 -0.011362528 -0.567988874
1520616792.410155058 11.030441421 2.425246896 12.908959601 -0.085893885 0.834752033 -0.010349183 -0.543786887
1520616792.460155964 10.987517323 2.422635490 12.878399489 -0.084175033 0.847054636 -0.013830397 -0.524615790
1520616792.510158062 10.939515894 2.430665702 12.859978765 -0.083787535 0.857624882 -0.016184619 -0.507146201
1520616792.560158968 10.893578467 2.432389907 12.839690894 -0.083154877 0.863533175 -0.016197739 -0.497125090
1520616792.610161066 10.838450224 2.436975728 12.820385722 -0.080681509 0.865071816 -0.019415269 -0.494736592
1520616792.660163164 10.792452388 2.428221840 12.802000726 -0.073655218 0.866184393 -0.023726802 -0.493696815
1520616792.710271358 10.749635063 2.413059686 12.775063367 -0.065735914 0.867018618 -0.031898693 -0.492889419
1520616792.760273218 10.705240462 2.392361850 12.749141739 -0.059573535 0.865276101 -0.043122119 -0.495871703
1520616792.810274363 10.662899825 2.366926951 12.718428465 -0.053403009 0.861723540 -0.056419531 -0.501395548
1520616792.860276222 10.617874749 2.349169332 12.696699023 -0.048167385 0.858136782 -0.071280159 -0.506162331
1520616792.910277367 10.573264013 2.330418180 12.667657776 -0.040964510 0.855114470 -0.085332077 -0.509725012
1520616792.960279465 10.524610080 2.315172183 12.641726485 -0.034784170 0.851273841 -0.099318802 -0.514060974
1520616793.010280371 10.483266705 2.299659508 12.620993974 -0.029015511 0.847028123 -0.111832954 -0.518839907
1520616793.060282469 10.430424810 2.296099861 12.598306997 -0.023240180 0.841692838 -0.125198756 -0.524726912
1520616793.110411644 10.378878593 2.283352585 12.570787250 -0.015995377 0.834872541 -0.138494164 -0.532495404
1520616793.160412550 10.329432549 2.269119118 12.553307157 -0.007351452 0.826602523 -0.150241050 -0.542311582
1520616793.210414648 10.275011469 2.247673988 12.534337606 0.004798603 0.817017263 -0.162884093 -0.553108070
1520616793.260416508 10.226518879 2.220475451 12.513468515 0.012424870 0.806897457 -0.171112798 -0.565227854
1520616793.310418606 10.176336244 2.205655873 12.494160253 0.015142449 0.797029254 -0.177723858 -0.577000264
1520616793.360419750 10.124171083 2.186177592 12.480188717 0.018200500 0.786992439 -0.181019527 -0.589528263
1520616793.410421610 10.066566606 2.166123965 12.469324988 0.021877082 0.775346040 -0.183653498 -0.603847086
1520616793.460422516 10.009728430 2.149890803 12.454020929 0.024398446 0.761458999 -0.186996832 -0.620175051
1520616793.510510445 9.949738512 2.152973228 12.448957193 0.024221666 0.747288982 -0.193213833 -0.635327398
1520616793.560512304 9.873006992 2.160514508 12.445392956 0.023693673 0.730236848 -0.204604235 -0.651406066
1520616793.610514641 9.822358897 2.151572107 12.447840975 0.027948853 0.712639084 -0.214092857 -0.667479322
1520616793.660515308 9.768276445 2.138816337 12.439385411 0.030391727 0.689962432 -0.225983578 -0.686993164
1520616793.710516691 9.707927337 2.119241304 12.445942386 -0.033357700 -0.664573745 0.236952936 0.707871674
1520616793.760518551 9.622761523 2.120322894 12.461371277 -0.032055367 -0.636758493 0.245122211 0.730360306
1520616793.810520411 9.569600748 2.108360895 12.469868727 -0.033600491 -0.608455832 0.248330702 0.752983646
1520616793.860521555 9.519954932 2.088706272 12.491542897 -0.038564404 -0.575377246 0.251073587 0.777441872
1520616793.910856009 9.479744607 2.072801025 12.510915451 -0.043933691 -0.542189237 0.253388125 0.799934447
1520616793.960752964 9.429599087 2.070571216 12.547839972 -0.046899378 -0.508716895 0.255293690 0.820873133
1520616794.010754824 9.368257816 2.061187212 12.578433216 -0.048938846 -0.473601993 0.261439089 0.839616427
1520616794.060755968 9.321776112 2.070202441 12.628272099 -0.043510174 -0.440723637 0.267550665 0.855737216
1520616794.110758066 9.275378510 2.066853968 12.662878334 -0.039947633 -0.405848274 0.275327940 0.870566419
1520616794.160759211 9.233915148 2.059015436 12.698220931 -0.035662891 -0.372777713 0.286539588 0.881850327
1520616794.210761070 9.202419002 2.048218957 12.745419495 -0.030941739 -0.343230941 0.298125978 0.890143826
1520616794.260762930 9.183775981 2.039589882 12.796715311 -0.029017771 -0.313937905 0.307039509 0.897957516
1520616794.310711861 9.158734969 2.036928537 12.850725659 -0.025423511 -0.280224494 0.310838810 0.907858531
1520616794.360714197 9.140371886 2.026830539 12.897771968 -0.024155536 -0.247040892 0.319961517 0.914336883
1520616794.410714865 9.115879821 2.009935512 12.949656689 -0.020510573 -0.212486470 0.327682287 0.920354896
1520616794.460716963 9.094839998 2.000166078 13.002142270 -0.014654449 -0.174282482 0.328352013 0.928221859
1520616794.510718107 9.078997963 1.988956133 13.051525402 -0.011087774 -0.130929877 0.326664503 0.935961928
1520616794.560719967 9.074240474 1.988064033 13.105656634 -0.008636649 -0.086404370 0.322224014 0.942672466
1520616794.610720873 9.068722488 1.991215403 13.154612124 -0.005172755 -0.040166309 0.322807703 0.945597746
1520616794.660722971 9.062271591 1.997740458 13.204977851 -0.001554314 0.008884453 0.323507287 0.946182692
1520616794.710424423 9.067284317 2.006574270 13.250944591 0.003958231 0.059470459 0.325610799 0.943623444
1520616794.760425568 9.080894834 2.020085358 13.298179509 0.010254883 0.112950412 0.327516342 0.938013906
1520616794.810427427 9.098631724 2.028528298 13.340916666 0.016502173 0.165691354 0.330435262 0.929024538
1520616794.860428333 9.116901020 2.033964649 13.380164490 0.022108593 0.220142478 0.328101503 0.918366976
1520616794.910430670 9.137452832 2.039503454 13.412275625 0.024205429 0.275031290 0.322834621 0.905289840
1520616794.960432529 9.174101184 2.051299587 13.438518910 0.024453655 0.326134693 0.316808620 0.890320436
1520616795.010434389 9.205256875 2.066559478 13.459108570 0.023527431 0.376488318 0.308939321 0.873074740
1520616795.060435534 9.237588448 2.078144745 13.473021542 0.021608893 0.424354338 0.303274354 0.852925037
1520616795.110436440 9.272996428 2.092958578 13.488842213 0.025131746 0.469189795 0.299298104 0.830451670
1520616795.160324812 9.309421627 2.109174604 13.501906252 0.032870869 0.510267853 0.294873395 0.807214906
1520616795.210326672 9.346002075 2.118459379 13.499003261 0.039843160 0.547051921 0.291607097 0.783652996
1520616795.260327816 9.378432062 2.128774761 13.489026173 0.044129896 0.582415129 0.282802906 0.760833547
1520616795.310329676 9.415471420 2.141046923 13.478614554 0.046796230 0.615717725 0.272152453 0.737993793
1520616795.360330582 9.451644898 2.153181457 13.471520147 0.048588976 0.647449161 0.259785890 0.714814652
1520616795.410332680 9.485143978 2.159418234 13.442221156 0.043869704 0.676106702 0.241987862 0.694548091
1520616795.460333586 9.520090796 2.167668511 13.419791835 0.037962713 0.703156303 0.228214393 0.672345325
1520616795.510339737 9.545561794 2.175287937 13.386640577 0.032849563 0.727166851 0.219357285 0.649639638
1520616795.560231924 9.577783556 2.190992403 13.366133304 0.029180717 0.756203961 0.205682512 0.620482683
1520616795.610234022 9.606962119 2.205128914 13.332145767 0.021506325 0.781946435 0.188036640 0.593918743
1520616795.660234928 9.635872870 2.215483291 13.300645890 0.012154835 0.806320581 0.168906741 0.566718532
1520616795.710237026 9.662615140 2.230002168 13.276552592 0.008040273 0.827860093 0.151683646 0.539976936
1520616795.760237932 9.681600013 2.238809386 13.238218439 0.002652426 0.846079226 0.133567891 0.516045082
1520616795.810239792 9.706762141 2.240315868 13.202727522 -0.001800142 0.862363616 0.113335171 0.493437830
1520616795.860242128 9.729498527 2.247432716 13.153536057 -0.011724649 0.875800297 0.086289563 0.474753077
1520616795.910242796 9.752346370 2.254878238 13.114743742 -0.018092117 0.885549211 0.062564245 0.459957591
1520616795.960321188 9.772473244 2.255364331 13.067709261 -0.026033357 0.890712144 0.038568207 0.452179869
1520616796.010322332 9.796922562 2.253673173 13.032527272 -0.034355032 0.893004413 0.017717897 0.448384797
1520616796.060324192 9.819997180 2.258409570 13.003753355 -0.043624362 0.890993610 0.001954203 0.451910923
1520616796.110325336 9.848821031 2.261634174 12.979395682 -0.056636801 0.885978633 -0.008239745 0.460180661
1520616796.160327196 9.870696958 2.275472529 12.948024413 -0.075505761 0.878092068 -0.017566240 0.472170125
1520616796.210329294 9.895681769 2.291147594 12.924765252 -0.094302483 0.865682227 -0.022429078 0.491119394
1520616796.260330439 9.918941456 2.300094066 12.903404654 -0.112112496 0.849219617 -0.023848748 0.515449384
1520616796.310332298 9.945136401 2.308554357 12.880012567 -0.128972580 0.826537165 -0.028519667 0.547164525
1520616796.360354662 9.977741672 2.318060965 12.861554157 -0.147300956 0.801413486 -0.033200394 0.578737062
1520616796.410356760 10.013597821 2.323878666 12.846505456 -0.167305934 0.773793769 -0.033300459 0.610035251
1520616796.460357666 10.045353574 2.337594571 12.839944208 -0.183961157 0.743984061 -0.035132107 0.641413864
1520616796.510359764 10.079065928 2.346148066 12.841356117 -0.194888588 0.714675127 -0.034156207 0.670888407
1520616796.560361862 10.114617562 2.358602065 12.844718221 -0.199827577 0.684221748 -0.033971637 0.700539412
1520616796.610362768 10.152044195 2.373322450 12.853037497 -0.198764284 0.656814980 -0.031285320 0.726710445
1520616796.660364628 10.192494742 2.384781181 12.860115840 -0.194735034 0.631409148 -0.024119264 0.750212647
1520616796.710366726 10.228419889 2.402172780 12.880784232 -0.185941847 0.610563583 -0.014900306 0.769685469
1520616796.760537863 10.262363672 2.425461980 12.913561139 -0.175497794 0.593651721 -0.004170127 0.785341179
1520616796.810539007 10.300222539 2.444752967 12.945924694 -0.165418764 0.578057888 0.006933624 0.799022925
1520616796.860541105 10.337674480 2.457555088 12.973658604 -0.154584176 0.566322805 0.022096582 0.809255184
1520616796.910542011 10.376160813 2.474976624 13.007312887 -0.139971108 0.558413988 0.036746573 0.816842455
1520616796.960544109 10.427231480 2.479088728 13.029092784 -0.123839532 0.553587036 0.047724449 0.822148126
1520616797.010545969 10.470733984 2.486434676 13.058083899 -0.102104424 0.555571124 0.059422612 0.823033636
1520616797.060546875 10.516774487 2.491577729 13.086937213 -0.075708125 0.560428504 0.072274356 0.821562285
1520616797.110548973 10.565754892 2.496450887 13.110509761 -0.049374275 0.565170561 0.085993941 0.818992955
1520616797.160543442 10.616587645 2.498042835 13.122272837 -0.027199907 0.570735296 0.100823932 0.814466649
1520616797.210545301 10.671401999 2.510494204 13.143294521 -0.005976420 0.578666676 0.115073268 0.807382997
1520616797.260546207 10.725553943 2.527777093 13.160077305 0.012067678 0.588813738 0.127985026 0.797980317
1520616797.310548306 10.783877910 2.532935884 13.169512903 0.024261197 0.600322932 0.138633774 0.787276602
1520616797.360549212 10.838240359 2.549112635 13.168439669 0.039778698 0.614631821 0.144860181 0.774377755
1520616797.410551071 10.905922125 2.564933364 13.167414456 0.053346395 0.632878555 0.149329679 0.757838732
1520616797.460553408 10.969100255 2.570000306 13.153169527 0.061411888 0.652652905 0.154187932 0.739255603
1520616797.510554314 11.034797801 2.582187607 13.136567217 0.068634151 0.674823366 0.154997691 0.718246819
1520616797.560556173 11.097722851 2.589011726 13.117050058 0.074318623 0.697574177 0.155066341 0.695572742
1520616797.610662460 11.161232814 2.595417409 13.106577699 0.076939456 0.722282448 0.154456979 0.669724890
1520616797.660664558 11.222288715 2.604796548 13.078066981 0.078869194 0.745591901 0.153882099 0.643578019
1520616797.710665464 11.280036869 2.622489519 13.041235597 0.079836078 0.769608835 0.149338305 0.615651291
1520616797.760667562 11.337581786 2.639644643 13.006158965 0.079418654 0.794841679 0.143702465 0.584182321
1520616797.810668707 11.391585938 2.663742781 12.969508110 0.077708722 0.819052077 0.134343301 0.552328640
1520616797.860670567 11.444282791 2.685362881 12.932874753 0.073671077 0.843029969 0.122834955 0.518444422
1520616797.910672426 11.444282791 2.685362881 12.932874753 0.073671077 0.843029969 0.122834955 0.518444422
1520616797.960673571 11.497853218 2.698211180 12.895011036 0.066018949 0.867159097 0.106940182 0.481913266
1520616798.012466431 11.549913862 2.706385081 12.855104193 0.053928651 0.888521142 0.090448389 0.446588144
1520616798.062467575 11.594949792 2.708410248 12.816484989 0.040743599 0.905277274 0.077326698 0.415732603
1520616798.112469673 11.653124077 2.711281867 12.803375405 0.028332218 0.921165595 0.067711626 0.382186300
1520616798.162471533 11.706482222 2.696514431 12.775397839 0.014506052 0.932348875 0.066641573 0.355069078
1520616798.212473392 11.754091875 2.703456747 12.744288568 0.003962952 0.940569590 0.061140750 0.334028366
1520616798.262474537 11.793828569 2.709454109 12.715471492 -0.006559800 0.945793905 0.052755365 0.320386843
1520616798.312475443 11.837742794 2.727459775 12.688074940 -0.019082340 0.948974160 0.039076654 0.312341036
1520616798.362477779 11.885742131 2.737639790 12.667625563 -0.032649672 0.949154986 0.027289878 0.311919981
1520616798.412920237 11.925912001 2.763475465 12.637050331 -0.044058011 0.945528985 0.014072067 0.322235638
1520616798.462923050 11.959302625 2.773012445 12.594831535 -0.058262642 0.938537043 0.002435174 0.340217214
1520616798.512923241 12.000279342 2.788398882 12.553963182 -0.071067504 0.928554907 -0.011406125 0.364149824
1520616798.562928200 12.053057425 2.773071672 12.526645400 -0.084935398 0.917762122 -0.019645943 0.387443805
1520616798.612926006 12.116170294 2.776299468 12.511186571 -0.100014382 0.904918370 -0.028346099 0.412694034
1520616798.662927151 12.165074717 2.778675745 12.489141860 -0.108576511 0.889270493 -0.034345009 0.442978049
1520616798.712929010 12.225580075 2.771298807 12.484865835 -0.116243017 0.871402030 -0.035477690 0.475276126
1520616798.762929916 12.281345497 2.778850731 12.468973507 -0.124511101 0.850036776 -0.039681449 0.510254689
1520616798.812694788 12.339384412 2.798359032 12.454926811 -0.131327809 0.827987449 -0.043203681 0.543436503
1520616798.862678766 12.408330017 2.823058535 12.445235037 -0.135307680 0.805260191 -0.042336921 0.575721670
1520616798.912680864 12.472046360 2.842821390 12.439134985 -0.136589465 0.782010468 -0.038046431 0.606922907
1520616798.962681770 12.538453652 2.868088497 12.443476013 -0.131565302 0.758324849 -0.034112082 0.637550280
1520616799.012683868 12.602201647 2.886135881 12.449152071 -0.118248220 0.734821886 -0.032535281 0.667079912
1520616799.062685728 12.663931239 2.897311123 12.453467846 -0.097252839 0.712577936 -0.027702426 0.694267345
1520616799.112686634 12.728611772 2.908939085 12.468560506 -0.073785974 0.693499931 -0.024163824 0.716260836
1520616799.162688971 12.796858678 2.919676348 12.486408302 -0.050525525 0.675407078 -0.018777595 0.735472536
1520616799.213303566 12.856768196 2.921784454 12.504334838 -0.027247215 0.655565557 -0.004389137 0.754633769
1520616799.263305902 12.913174596 2.921674087 12.514133869 -0.007735236 0.637225321 0.013734574 0.770516332
1520616799.313306808 12.958501619 2.930010241 12.527040154 0.015040241 0.623877865 0.035921008 0.780551012
1520616799.363308668 13.021879942 2.944353141 12.543438147 0.038948847 0.617533857 0.055478119 0.783617956
1520616799.413309813 13.090826417 2.954508238 12.544429422 0.060585234 0.614364030 0.072337587 0.783360416
1520616799.463311672 13.153288161 2.951985578 12.546605607 0.081536112 0.614210422 0.088793202 0.779880239
1520616799.513313532 13.212334322 2.956502365 12.559956176 0.102518362 0.616275138 0.099338100 0.774484914
1520616799.563314676 13.276204818 2.959173122 12.563277340 0.122437539 0.620558197 0.109125798 0.766816884
1520616799.613316774 13.337649490 2.964099150 12.569564058 0.140085382 0.626066378 0.116848568 0.758131511
1520616799.661990404 13.402317820 2.957538840 12.572179717 0.153188452 0.632557929 0.124073205 0.749005744
1520616799.711991549 13.470224041 2.953785469 12.569019847 0.167512746 0.640034885 0.132466413 0.738070102
1520616799.761993647 13.518747908 2.957935217 12.566480370 0.178081779 0.651138731 0.139827153 0.724398786
1520616799.811994553 13.582057320 2.955478269 12.559371445 0.183880457 0.665675740 0.144707676 0.708606714
1520616799.861996651 13.644228286 2.957223468 12.550328008 0.189201895 0.681428178 0.147777145 0.691390046
1520616799.911998510 13.705263093 2.967532541 12.536776673 0.187120036 0.698904831 0.146680537 0.674539064
1520616799.961999416 13.758889650 2.981030505 12.531643852 0.189616448 0.717585308 0.145955525 0.654074853
1520616800.012001514 13.815366808 2.980898447 12.524017189 0.190008398 0.737283057 0.147238749 0.631372516
1520616800.061088324 13.871939574 2.990361815 12.504277390 0.188120986 0.756885216 0.143925815 0.609114624
1520616800.111089230 13.924859418 2.998157957 12.480181355 0.182751356 0.776075981 0.137882347 0.587619326
1520616800.161091328 13.978598998 3.005391332 12.460874984 0.181369758 0.793647074 0.135920530 0.564583867
1520616800.211093426 14.009711999 3.022226551 12.419289673 0.172234337 0.810473768 0.132498545 0.543977702
1520616800.261095285 14.065855440 3.017953691 12.390271015 0.163630652 0.830142824 0.133482803 0.516013800
1520616800.311096430 14.113040781 3.028300036 12.365875874 0.150359653 0.849797339 0.132674744 0.487477045
1520616800.361097336 14.164375279 3.029372691 12.324824892 0.138344071 0.865177239 0.136102353 0.462390974
1520616800.411099195 14.199615877 3.023799730 12.309088773 0.130371844 0.877926474 0.139619204 0.439038456
1520616800.460901976 14.251233294 3.042709539 12.283631020 0.120089109 0.889892770 0.137095227 0.418179820
1520616800.510864019 14.290596365 3.042609770 12.253732111 0.104953964 0.900209179 0.133579332 0.400954688
1520616800.560865164 14.338377777 3.054206063 12.223184682 0.086751357 0.908723042 0.121781494 0.389699759
1520616800.610867023 14.374605642 3.052092885 12.193012266 0.070429449 0.913855644 0.110362549 0.384353563
1520616800.660868883 14.404275790 3.041538368 12.161694499 0.051195004 0.918615643 0.093526609 0.380495921
1520616800.710870028 14.449230190 3.040236046 12.136472691 0.029483169 0.921407651 0.075405268 0.380069374
1520616800.760872126 14.480329617 3.031461133 12.112559281 0.000556912 0.921666462 0.061602912 0.383060967
1520616800.810873270 14.510295260 3.032029428 12.093800664 -0.026160225 0.919570727 0.052141321 0.388569947
1520616800.860626221 14.549004265 3.034724538 12.061021508 -0.050248202 0.915572876 0.044418304 0.396520417
1520616800.910627365 14.578453644 3.047696682 12.039775793 -0.074702322 0.911485043 0.032891049 0.403153517
1520616800.960629225 14.613630933 3.025651668 11.996037823 -0.104847848 0.905455212 0.024226621 0.410573816
1520616801.010630131 14.655526541 3.017662291 11.975748444 -0.126353824 0.900301030 0.017219961 0.416168522
1520616801.060632467 14.706122597 3.042616043 11.949063873 -0.141221715 0.894454785 0.005531355 0.424236337
1520616801.110634327 14.754716768 3.045363268 11.919561999 -0.155474953 0.886520227 -0.003049754 0.435775316
1520616801.160635233 14.797120242 3.060024538 11.881707500 -0.165446940 0.877755021 -0.013168258 0.449444135
1520616801.210637331 14.855286516 3.054223631 11.875133393 -0.175938109 0.868707720 -0.022385494 0.462484128
1520616801.260342836 14.913203123 3.073846239 11.854988487 -0.179833701 0.856843301 -0.034608296 0.481956081
1520616801.310343981 14.979704134 3.063329565 11.849443109 -0.182385336 0.843692848 -0.040443838 0.503271560
1520616801.360344887 15.042355818 3.064323619 11.844712799 -0.181010624 0.829917058 -0.045481528 0.525741630
1520616801.410346746 15.102897973 3.072209343 11.841477305 -0.176281831 0.814979824 -0.047569679 0.549972479
1520616801.460349083 15.161436225 3.084335030 11.842119022 -0.172641201 0.798334896 -0.047174000 0.575005237
1520616801.510349989 15.216936135 3.097791160 11.840509783 -0.165998523 0.779036970 -0.040658809 0.603235237
1520616801.560352802 15.281935324 3.101304191 11.846585043 -0.162683173 0.758659451 -0.024136684 0.630386741
1520616801.610353947 15.332092219 3.130898438 11.852989749 -0.152898761 0.738363132 -0.011583604 0.656740188
1520616801.660317421 15.390721817 3.154117128 11.863311881 -0.141539670 0.715703197 0.005473242 0.683889976
1520616801.710319519 15.443687232 3.181093051 11.874085784 -0.125714381 0.694118641 0.022025102 0.708456139
1520616801.760321379 15.494220843 3.208720658 11.897795541 -0.107977803 0.675885646 0.034400810 0.728241699
1520616801.810322523 15.552136074 3.229948984 11.931989519 -0.090249653 0.658088703 0.043673252 0.746235155
1520616801.860323429 15.605574480 3.244432343 11.959052799 -0.070197895 0.638062612 0.053746395 0.764891943
1520616801.910325527 15.651330601 3.253227804 11.983174259 -0.052979667 0.615626359 0.066283940 0.783456304
1520616801.960326433 15.692386648 3.261614153 11.999091573 -0.043151153 0.591131524 0.081295307 0.801306791
1520616802.010328531 15.738169504 3.273148944 12.025733268 -0.041600766 0.569914048 0.095269683 0.815101860
1520616802.060329676 15.788116350 3.270090727 12.063319558 -0.040040212 0.554682802 0.109263609 0.823884236
1520616802.110533476 15.835824752 3.273496961 12.087931181 -0.035830175 0.543700027 0.119877768 0.829901078
1520616802.160471439 15.879783859 3.297477910 12.115849656 -0.020924126 0.541408525 0.122726596 0.831490934
1520616802.210473299 15.914685801 3.314812005 12.131155517 -0.000685032 0.538139538 0.126813124 0.833260944
1520616802.260475159 15.963990093 3.317267640 12.157121059 0.018850491 0.541280447 0.128068496 0.830818028
1520616802.310476303 16.014169390 3.327067962 12.190666461 0.035795413 0.550904048 0.128193385 0.823887052
1520616802.360478401 16.065513176 3.339300331 12.213704778 0.049160633 0.558745788 0.130414626 0.817544128
1520616802.410479546 16.112459186 3.343841312 12.233742130 0.055569920 0.563476385 0.141585375 0.812009808
1520616802.460481405 16.161089997 3.344009029 12.260196141 0.056497531 0.568998488 0.159175939 0.804805423
1520616802.510607958 16.210905259 3.347539803 12.274470487 0.056300636 0.578566563 0.177911287 0.794001602
1520616802.560610056 16.261052122 3.350452292 12.285705994 0.056134990 0.592814360 0.193362196 0.779763464
1520616802.610610962 16.319159872 3.363449028 12.303822479 0.065604340 0.606996630 0.205632914 0.764830875
1520616802.660613060 16.375813367 3.366791940 12.313731847 0.077157170 0.620544091 0.216878802 0.749623497
1520616802.710615158 16.432628634 3.373127930 12.326547629 0.093639746 0.634039174 0.224652512 0.734000799
1520616802.760616064 16.491520968 3.379880242 12.327118355 0.109218555 0.647181305 0.231222421 0.718167012
1520616802.810617924 16.552407897 3.386562089 12.324674048 0.123818280 0.661226865 0.236616623 0.701042538
1520616802.860619068 16.593909567 3.384437626 12.310472378 0.129343519 0.673578257 0.244498666 0.685407170
1520616802.911119223 16.649282221 3.398049789 12.301900647 0.139020035 0.688349870 0.248688329 0.667084703
1520616802.961120129 16.713045370 3.410282864 12.294047994 0.146029856 0.705901120 0.251328987 0.645919987
1520616803.011122227 16.780246082 3.418516851 12.283905794 0.149578139 0.724820541 0.252224119 0.623413633
1520616803.061124086 16.834084072 3.425118185 12.269325279 0.156254283 0.740952886 0.253836749 0.601780961
1520616803.111126184 16.891594192 3.441949396 12.251989746 0.162579442 0.759130361 0.248302232 0.579340161
1520616803.161127329 16.943791276 3.449767613 12.227282826 0.168875564 0.777939878 0.244103144 0.553808853
1520616803.211128235 17.001220170 3.463678260 12.200377552 0.174063498 0.798281685 0.237238369 0.525515181
1520616803.261130333 17.038170731 3.482700242 12.170239507 0.178866229 0.815100866 0.228552343 0.501379374
1520616803.311525583 17.077742979 3.495028179 12.130477977 0.185458915 0.829452528 0.219832785 0.478839264
1520616803.361527443 17.114698684 3.503951700 12.094958997 0.192262310 0.843432855 0.208967608 0.456057849
1520616803.411528349 17.169733384 3.522993148 12.063262602 0.195517612 0.862201176 0.190430563 0.426753086
1520616803.461529493 17.216176628 3.526305818 12.030320820 0.199540637 0.878148241 0.175035677 0.397997126
1520616803.511531353 17.250237580 3.536036592 11.993981027 0.204310213 0.890893962 0.160611675 0.372517350
1520616803.561533213 17.295637429 3.544429740 11.953053856 0.205973492 0.904870384 0.149202713 0.341354742
1520616803.611534357 17.329258157 3.551897478 11.905179969 0.205733079 0.918177694 0.139827507 0.308337300
1520616803.661536455 17.362244168 3.556593427 11.865678507 0.209158251 0.929943635 0.132778934 0.271712010
1520616803.710872173 17.396044969 3.561874981 11.823768569 0.215161804 0.939772346 0.125435364 0.234092515
1520616803.760961056 17.423815432 3.568718006 11.777235938 0.222409305 0.947682351 0.119014356 0.195621690
1520616803.810874939 17.436605718 3.577307593 11.729661764 0.228424266 0.953633890 0.109682151 0.162402537
1520616803.860877037 17.453309595 3.583170415 11.680650857 0.233813783 0.959102026 0.097967136 0.125924018
1520616803.910877943 17.458130196 3.595780811 11.633058102 0.237043743 0.963588982 0.082867519 0.091866813
1520616803.960880041 17.465409218 3.606620938 11.583144767 0.238948419 0.966902253 0.069063745 0.056867257
1520616804.010881186 17.465468757 3.612236725 11.537775265 0.237818836 0.969480829 0.058104419 0.013152933
1520616804.060883045 17.456197377 3.617584138 11.498104558 0.238965957 0.969389674 0.048260198 -0.029152771
1520616804.110661030 17.445084822 3.627426452 11.450298907 0.241579631 0.966731280 0.036129502 -0.075924792
1520616804.160663128 17.421273743 3.629588176 11.405439725 0.242223468 0.961799907 0.025649370 -0.124943345
1520616804.210664034 17.401007386 3.621053719 11.371231297 0.242472740 0.953452320 0.013613031 -0.178746550
1520616804.260665894 17.375339004 3.619730668 11.334158627 0.240422342 0.941076216 -0.002961439 -0.237831629
1520616804.310668230 17.340034044 3.622240873 11.302817551 0.235992907 0.926247186 -0.024849916 -0.292841221
1520616804.360669136 17.302086840 3.619784670 11.285007768 0.229716775 0.907906926 -0.046847045 -0.347477440
1520616804.410670996 17.272715037 3.617070735 11.269527523 0.219422156 0.885679202 -0.068030028 -0.403482570
1520616804.460673094 17.226768889 3.620105661 11.262997450 0.213673906 0.859238491 -0.091416977 -0.455736343
1520616804.510674000 17.182160453 3.630990193 11.267278056 0.207038542 0.829947882 -0.115133806 -0.505040357
1520616804.560965538 17.143584440 3.611494161 11.305059811 0.202503537 0.798172287 -0.128206198 -0.552699275
1520616804.610967398 17.102459776 3.623404429 11.324753660 0.198366514 0.763377340 -0.143961665 -0.597646051
1520616804.660969496 17.071915113 3.619962033 11.344859285 0.199503569 0.726981803 -0.154717547 -0.638559524
1520616804.710970402 17.030108626 3.638461211 11.357043457 0.196362928 0.689973480 -0.166882712 -0.676408425
1520616804.760972500 16.994823199 3.647866411 11.374843409 -0.189215038 -0.653905102 0.172738101 0.711875927
1520616804.810974598 16.966046832 3.649123122 11.406926120 -0.180291629 -0.622736687 0.173974778 0.741233245
1520616804.860975504 16.935697178 3.653066928 11.444846428 -0.166003977 -0.596513968 0.174466431 0.765620814
1520616804.910977364 16.904552185 3.653603079 11.490269208 -0.149712668 -0.572762112 0.170452621 0.787702726
1520616804.961272955 16.876785706 3.665819287 11.556390925 -0.129836913 -0.554594963 0.163738338 0.805454257
1520616805.011274099 16.850974057 3.672917544 11.604875834 -0.110631634 -0.535821376 0.154081619 0.822748412
1520616805.061275005 16.825060458 3.679380249 11.655453805 -0.092184367 -0.520819831 0.145914638 0.836036880
1520616805.111277103 16.799589362 3.678824687 11.704258635 -0.072133645 -0.507102782 0.135688798 0.848075501
1520616805.161278963 16.775074352 3.676541055 11.756067719 -0.048854260 -0.499357831 0.124073040 0.856072952
1520616805.211279869 16.747062742 3.673115779 11.801381366 -0.023069318 -0.492902147 0.109465187 0.862863056
1520616805.261281013 16.718480282 3.668378415 11.842999059 0.001837330 -0.491360039 0.096469690 0.865595480
1520616805.311283112 16.684019044 3.660581536 11.885934450 0.028495836 -0.496054689 0.086773451 0.863474436
1520616805.361480713 16.646923454 3.651639268 11.918906503 0.053002273 -0.500552310 0.073461117 0.860953894
1520616805.411481619 16.606272359 3.645200722 11.947243458 0.075129492 -0.509131792 0.061003146 0.855230375
1520616805.461483955 16.566486710 3.634697415 11.970963423 0.097006430 -0.519752859 0.045242017 0.847584732
1520616805.511484861 16.522265451 3.622402120 11.988712948 0.119134546 -0.533884704 0.029593558 0.836599250
1520616805.561486721 16.482774645 3.609937414 11.996594355 0.142885074 -0.551830705 0.012907362 0.821523054
1520616805.611487865 16.434447842 3.601059484 11.999686768 0.165799383 -0.574058934 -0.001044358 0.801851491
1520616805.661489725 16.388507970 3.583336169 11.991757079 0.186942599 -0.598926360 -0.016882193 0.778495133
1520616805.711490631 16.375425578 3.553642587 11.969922896 0.200887437 -0.623045140 -0.034358816 0.755167838
1520616805.761116028 16.348402383 3.551477371 11.950559053 0.210172831 -0.648662050 -0.035837735 0.730602890
1520616805.811116934 16.309033628 3.535975240 11.933757712 0.212922732 -0.679142577 -0.034453350 0.701599770
1520616805.861118793 16.277727329 3.524087444 11.904668555 -0.209063219 0.711162630 0.028255764 -0.670627986
1520616805.911120892 16.230903473 3.520178351 11.890005488 -0.199297249 0.748292458 0.017324003 -0.632486270
1520616805.961121798 16.195180670 3.515199935 11.864093100 -0.181208713 0.782072567 0.006056966 -0.596229163
1520616806.011123896 16.160715247 3.527650604 11.830175741 -0.158065785 0.812048108 -0.011424972 -0.561660527
1520616806.061125040 16.126933241 3.530442335 11.800844762 -0.135480652 0.837676784 -0.026597771 -0.528427059
1520616806.111126900 16.086909117 3.534058495 11.775419346 -0.113717014 0.857897804 -0.041639167 -0.499345550
1520616806.160843372 16.054570482 3.532917112 11.749972942 -0.089011855 0.874088152 -0.056640582 -0.474171526
1520616806.210845232 16.028763761 3.529414912 11.716127756 -0.062655083 0.886708718 -0.071918617 -0.452382253
1520616806.260847569 16.003281280 3.520851117 11.674882780 -0.035706623 0.897775985 -0.083280070 -0.431031028
1520616806.310848236 15.977874494 3.520275836 11.648094426 -0.013248083 0.904906654 -0.097405090 -0.414102263
1520616806.360850334 15.942687303 3.509347436 11.624922689 0.006542652 0.907229582 -0.109030401 -0.406206906
1520616806.410852432 15.909847833 3.509205016 11.604797487 0.029824965 0.906300058 -0.125219733 -0.402555207
1520616806.460854292 15.866299633 3.494816086 11.585819596 0.055191264 0.901166600 -0.138229827 -0.407118162
1520616806.510855198 15.820149167 3.486739863 11.565593174 0.079653525 0.893347100 -0.152276627 -0.415208507
1520616806.560827017 15.769370093 3.481195417 11.544337192 0.097149188 0.881596279 -0.166241475 -0.430945249
1520616806.610829115 15.715896865 3.471772854 11.522380460 0.110783827 0.866921657 -0.178573784 -0.451979190
1520616806.660830021 15.659266159 3.466125932 11.506363955 0.120325437 0.848841699 -0.190878813 -0.478074092
1520616806.710831881 15.602158665 3.443466118 11.502785082 0.133696405 0.828068378 -0.201181890 -0.505918847
1520616806.760833025 15.548987592 3.430875363 11.499738090 0.143706787 0.806863942 -0.212249623 -0.532230247
1520616806.810835123 15.492081515 3.417572552 11.499614237 0.156505534 0.783312378 -0.224640210 -0.558090058
1520616806.860836029 15.429254636 3.407872802 11.505645472 0.165953136 0.757963772 -0.235745438 -0.585127819
1520616806.910838127 15.370255789 3.392076569 11.520468249 0.171526821 0.729376522 -0.241782096 -0.616546719
1520616806.960839033 15.306087154 3.380107735 11.534897574 0.170476914 0.701458100 -0.250358170 -0.645147226
1520616807.011441469 15.242675680 3.369264445 11.545673053 -0.169637078 -0.672040517 0.260119952 0.672251750
1520616807.061438560 15.177385306 3.361864030 11.565529888 -0.162418770 -0.644801008 0.267200877 0.697463615
1520616807.111439466 15.112101436 3.354591500 11.583305915 -0.156136520 -0.617315932 0.270500076 0.722061033
1520616807.161441326 15.050909052 3.349181093 11.591149328 -0.147626680 -0.590622386 0.271930085 0.745268803
1520616807.211442471 14.987265251 3.333930039 11.605847540 -0.142310012 -0.565607831 0.274583714 0.764486381
1520616807.261444330 14.925030689 3.321762509 11.627750759 -0.131460998 -0.538748115 0.268761718 0.787550388
1520616807.311445713 14.867161591 3.284145455 11.648713609 -0.120833409 -0.512327041 0.260046586 0.809503591
1520616807.361447573 14.816662020 3.230839973 11.668664884 -0.110359651 -0.484805844 0.251463058 0.830391697
1520616807.413039207 14.763317739 3.228290035 11.703765506 -0.088824830 -0.464679179 0.247819534 0.845440056
1520616807.463041067 14.704298512 3.228335150 11.720611443 -0.069525064 -0.442705861 0.244865125 0.859778377
1520616807.513043404 14.640711692 3.192402577 11.749912200 -0.062518860 -0.416214437 0.241560828 0.874359938
1520616807.563044310 14.597677442 3.186034159 11.788023036 -0.056419846 -0.394056814 0.238008112 0.885939144
1520616807.613046169 14.553719235 3.187820745 11.817256155 -0.053348723 -0.369225195 0.240626558 0.896061119
1520616807.663047314 14.505703341 3.186361911 11.847290274 -0.051832609 -0.340306469 0.249594015 0.905100942
1520616807.713049173 14.468827615 3.169039890 11.878629012 -0.051764170 -0.307308806 0.259089975 0.914195905
1520616807.763050318 14.441780686 3.156923831 11.929622541 -0.048428933 -0.274782940 0.261798236 0.923910525
1520616807.811882734 14.418925093 3.148043453 11.978947017 -0.043126878 -0.245096268 0.256912188 0.933843680
1520616807.861885071 14.387916445 3.146410760 12.021697716 -0.043283423 -0.215326509 0.259779482 0.940359325
1520616807.911885977 14.360758455 3.149034370 12.070797596 -0.043577505 -0.184838980 0.258253806 0.947227810
1520616807.961887836 14.348402188 3.155416416 12.121655555 -0.044845370 -0.154119163 0.255384745 0.953422681
1520616808.011888981 14.333648597 3.148218834 12.179787070 -0.045114797 -0.122467890 0.257035731 0.957548382
1520616808.061890841 14.323962136 3.142504684 12.230346670 -0.042054963 -0.089767086 0.260770772 0.960297795
1520616808.111892939 14.320991309 3.125425648 12.276330056 -0.038822898 -0.057885031 0.266838681 0.961217574
1520616808.161895037 14.305199291 3.127346550 12.341730715 -0.029469606 -0.029098347 0.276118051 0.960231040
1520616808.211580515 14.293446412 3.134617813 12.395076503 -0.024103213 -0.003450358 0.282531288 0.958949009
1520616808.261582375 14.297690667 3.124488413 12.451575234 -0.026139029 0.022202339 0.290369059 0.956299962
1520616808.311583281 14.314015286 3.101984772 12.493457407 -0.039439229 0.049553866 0.286250528 0.956059411
1520616808.361584425 14.328159372 3.098344139 12.544256331 -0.048105546 0.073901116 0.283821439 0.954814051
1520616808.411588430 14.334382795 3.089202122 12.600345870 -0.051851831 0.094571733 0.288918802 0.951258903
1520616808.461588383 14.353896182 3.083860070 12.645451046 -0.054089641 0.116191139 0.290296934 0.948315148
1520616808.511589527 14.366948688 3.087336521 12.708317822 -0.049816275 0.142518635 0.291232205 0.944664269
1520616808.561590433 14.392587071 3.093975948 12.763037249 -0.045421879 0.170898518 0.286853401 0.941512441
1520616808.612308502 14.420627670 3.107559096 12.819769441 -0.038866734 0.198377973 0.285277717 0.936884294
1520616808.662310839 14.448574642 3.141704212 12.883284399 -0.028760433 0.224377294 0.284749736 0.931528451
1520616808.712311745 14.472363161 3.160249133 12.945220351 -0.023138293 0.255329597 0.281384159 0.924713129
1520616808.762313604 14.506813473 3.179456292 13.008207326 -0.014466941 0.283482908 0.272657757 0.919285536
1520616808.812314749 14.546311190 3.189963012 13.055130243 -0.007179600 0.306929569 0.257105332 0.916318472
1520616808.862316608 14.590911723 3.196598944 13.108268136 -0.006131440 0.331952744 0.235824637 0.913321697
1520616808.912317514 14.637231914 3.202004161 13.150900320 -0.010498626 0.361072576 0.216254270 0.907055932
1520616808.962319613 14.689176800 3.211115090 13.195761147 -0.015472614 0.389040620 0.201167352 0.898854655
1520616809.012320518 14.741254248 3.225251953 13.236980715 -0.017823566 0.415513887 0.197627655 0.887678906
1520616809.065271139 14.798091201 3.232746987 13.285139755 -0.017480511 0.440206867 0.193981444 0.876517852
1520616809.115273237 14.853052780 3.244179854 13.324932825 -0.016458624 0.461668721 0.186561285 0.867055934
1520616809.165274143 14.907835667 3.263684230 13.364053395 -0.008388968 0.479312476 0.176446454 0.859683561
1520616809.215276241 14.957141151 3.285482056 13.392956816 0.000274181 0.492696338 0.167014270 0.854023698
1520616809.265277386 15.014441505 3.301571793 13.427970795 0.005626956 0.503610026 0.158984376 0.849157964
1520616809.315279245 15.072130363 3.304688879 13.458437917 0.001203521 0.509788620 0.153493601 0.846495026
1520616809.365281105 15.125797684 3.306291757 13.492627579 -0.011465237 0.514980913 0.147532093 0.844332570
1520616809.415282249 15.180343337 3.298881345 13.526561657 -0.027958684 0.517506177 0.145420111 0.842768450
1520616809.468603849 15.234878988 3.310226799 13.560824000 -0.033769054 0.517986857 0.142621456 0.842738623
1520616809.518604994 15.282056021 3.312496184 13.599504619 -0.036726131 0.518237546 0.139817832 0.842930609
1520616809.568606853 15.333547494 3.325041486 13.631881139 -0.032683173 0.518376501 0.131083842 0.844413785
1520616809.618608713 15.385674364 3.337600057 13.663258947 -0.027135728 0.518935195 0.118951978 0.846061666
1520616809.668609858 15.440697846 3.354365315 13.695954613 -0.021557460 0.520483707 0.107570733 0.846794263
1520616809.718611717 15.497820418 3.374184109 13.734273009 -0.018779659 0.523822395 0.100082575 0.845719162
1520616809.768612623 15.558587320 3.381528935 13.766431303 -0.021505710 0.530379143 0.092513766 0.842423095
1520616809.818614960 15.629810196 3.390716389 13.807596070 -0.026124646 0.538715506 0.084495655 0.837832675
1520616809.869241476 15.690838047 3.399349378 13.850224551 -0.032015763 0.543661987 0.080711476 0.834800750
1520616809.919243574 15.751057335 3.405225741 13.883261802 -0.039513244 0.547738136 0.075739512 0.832277096
1520616809.969247580 15.808036860 3.415841166 13.910068917 -0.044836876 0.553134578 0.071043677 0.828845335
1520616810.019246340 15.867214695 3.419165788 13.936749707 -0.046709539 0.557307267 0.070917838 0.825952474
1520616810.069248676 15.934748746 3.425150340 13.946541033 -0.044987639 0.557552018 0.069564984 0.825997925
1520616810.119249582 16.001326267 3.438748557 13.958204227 -0.041245032 0.557622111 0.068065284 0.826270867
1520616810.169250727 16.054798638 3.449901938 13.986916374 -0.037561119 0.557999858 0.068667241 0.826141713
1520616810.219252586 16.108843258 3.460909047 14.013204100 -0.035322876 0.557921170 0.070200914 0.826164689
1520616810.269254446 16.158436401 3.468852339 14.052648683 -0.032520286 0.556419102 0.073274219 0.827025455
1520616810.319278479 16.207950511 3.493758771 14.075847085 -0.025224683 0.550928722 0.077060296 0.830603979
1520616810.369257450 16.264591894 3.502386567 14.102130286 -0.023121826 0.546136728 0.079098178 0.833632733
1520616810.419258356 16.307705803 3.500890402 14.145257889 -0.026321362 0.546109728 0.079626842 0.833505199
1520616810.469260693 16.342333897 3.502147330 14.178988839 -0.029394277 0.544877360 0.080616525 0.834113670
1520616810.519261599 16.393417083 3.519202899 14.208797112 -0.031922570 0.539285905 0.084172130 0.837297268
1520616810.569263458 16.441413530 3.545484370 14.236146386 -0.031979210 0.533996833 0.087758545 0.840311341
1520616810.619264603 16.491601945 3.549532174 14.257638192 -0.032900145 0.527645026 0.088168923 0.844236074
1520616810.669266462 16.537228215 3.560921439 14.300258026 -0.034654763 0.525153562 0.088420124 0.845691826
1520616810.719268560 16.585019191 3.575221954 14.334015255 -0.034711628 0.524698960 0.087567897 0.846060263
1520616810.769269705 16.638946387 3.593998150 14.357695572 -0.032185691 0.524836887 0.086066879 0.846228584
1520616810.819271564 16.690999735 3.618919129 14.383698614 -0.028271885 0.528485210 0.081660899 0.844532759
1520616810.869272709 16.750960053 3.623182747 14.405848226 -0.029422472 0.531582707 0.078802143 0.842819296
1520616810.919274569 16.802037630 3.636726685 14.439216641 -0.032241860 0.532136176 0.077826539 0.842457466
1520616810.969275475 16.855683973 3.654968536 14.477173805 -0.038960807 0.533283013 0.076104896 0.841605209
1520616811.019277573 16.912774899 3.661771168 14.503288665 -0.049099700 0.535983816 0.072693645 0.839658384
1520616811.069279671 16.960472035 3.673386064 14.535667074 -0.055507189 0.536489713 0.070106182 0.839156042
1520616811.119280577 17.011417941 3.676098508 14.563939881 -0.059345411 0.534518878 0.063410538 0.840682339
1520616811.169282675 17.059134575 3.689423931 14.604280453 -0.056464497 0.532192450 0.051932323 0.843140552
1520616811.219283581 17.117224933 3.705942301 14.640670183 -0.048679058 0.527223758 0.038833348 0.847441697
1520616811.269285440 17.163917075 3.712082567 14.679538515 -0.043688329 0.519743965 0.025278965 0.852829710
1520616811.319287539 17.226683937 3.729840019 14.710177359 -0.035879406 0.507773910 0.012145737 0.860657194
1520616811.369288445 17.281432588 3.741371045 14.743868058 -0.030386096 0.495434214 0.000230537 0.868113801
1520616811.419290543 17.334618909 3.744200684 14.785516876 -0.033629842 0.484343484 -0.013413195 0.874128429
1520616811.469291687 17.391569352 3.753670907 14.822234464 -0.039349822 0.470406939 -0.026050336 0.881186861
1520616811.519293547 17.439197354 3.750993520 14.867562952 -0.045138211 0.456262237 -0.035610115 0.887986054
1520616811.569294453 17.484464651 3.742678462 14.915370328 -0.047449112 0.440021533 -0.046719857 0.895514873
1520616811.619296551 17.531451135 3.742377686 14.966408987 -0.047280427 0.421978236 -0.060701800 0.903335054
1520616811.669297457 17.575597352 3.738797416 15.018957374 -0.047298277 0.403658179 -0.073471597 0.910727661
1520616811.719299316 17.622408425 3.736807034 15.065620218 -0.048481576 0.385306779 -0.086213741 0.917472296
1520616811.769301653 17.662322229 3.737682833 15.118894790 -0.048135629 0.369486037 -0.098189594 0.922779407
1520616811.819302559 17.703841529 3.738970396 15.172346974 -0.046885475 0.354323182 -0.111470021 0.927270872
1520616811.869304657 17.747745762 3.748535188 15.215719882 -0.042550093 0.338686906 -0.124275746 0.931684608
1520616811.918231964 17.780776195 3.748561592 15.267905731 -0.037674314 0.324307432 -0.133560843 0.935717285
1520616811.968276024 17.815659531 3.752276160 15.327859803 -0.030605303 0.306480909 -0.139203518 0.941145657
1520616812.018234968 17.848417800 3.749870662 15.389158826 -0.027231774 0.286120349 -0.149406507 0.946082064
1520616812.068236828 17.879298892 3.750848336 15.443023304 -0.023870950 0.266619816 -0.159909099 0.950143742
1520616812.118237972 17.900803777 3.751024291 15.493819190 -0.020656888 0.247599955 -0.168266851 0.953914997
1520616812.168240070 17.924540915 3.745857742 15.559672833 -0.020183618 0.225095008 -0.175185127 0.958245809
1520616812.218241215 17.937856267 3.758110260 15.621223503 -0.016087371 0.201335444 -0.179756481 0.962752742
1520616812.268243074 17.958312160 3.767545985 15.688420391 -0.010342633 0.174669390 -0.183161282 0.967385951
1520616812.317203283 17.975041762 3.763425087 15.746165936 -0.005268651 0.149606692 -0.184941887 0.971280895
1520616812.367204189 17.987407822 3.755916332 15.814275682 0.000747310 0.124589589 -0.182453646 0.975288441
1520616812.417206287 17.998713634 3.753946197 15.882082763 0.009164330 0.100229437 -0.181051067 0.978310067
1520616812.467207193 18.006012318 3.762028117 15.953819491 0.020401038 0.077771482 -0.177820032 0.980772874
1520616812.517209291 18.003112704 3.769437820 16.018666867 0.029404952 0.054610101 -0.174834612 0.982642328
1520616812.567210436 18.002022696 3.782101449 16.075272953 0.033371211 0.029130374 -0.169597793 0.984517330
1520616812.617212296 17.998396332 3.779708140 16.130316451 0.026495577 0.001586240 -0.166467058 0.985689701
1520616812.667214155 17.983752307 3.804949786 16.186050957 0.020199409 -0.022140230 -0.167782416 0.985368385
1520616812.715496540 17.984955465 3.816298867 16.242458375 0.013809719 -0.046850476 -0.170403081 0.984163154
1520616812.765498400 17.968968847 3.824158178 16.289995412 0.009735630 -0.068323320 -0.174739592 0.982193065
1520616812.815499544 17.955438228 3.843752404 16.357090413 0.009151402 -0.092482171 -0.173515483 0.980436473
1520616812.865501642 17.946705438 3.830983382 16.395176334 0.006419206 -0.116701614 -0.171238444 0.978272417
1520616812.915502787 17.925546116 3.831666422 16.443155833 0.007651376 -0.138696007 -0.167473141 0.976041813
1520616812.965504646 17.913139676 3.825007575 16.489207253 0.005768405 -0.162757751 -0.157510520 0.973995419
1520616813.015506506 17.888805763 3.832345784 16.547869773 0.001511074 -0.186670465 -0.141822267 0.972130803
1520616813.065507650 17.857722828 3.830563511 16.587150623 -0.004737205 -0.209350728 -0.122663127 0.970104937
1520616813.112667322 17.827116697 3.829569429 16.618477713 -0.006840688 -0.229218472 -0.102030092 0.967988614
1520616813.162669182 17.774583743 3.840472128 16.665561883 -0.006668821 -0.249738249 -0.076367314 0.965274245
1520616813.212670326 17.724133848 3.846613511 16.701802367 -0.007327708 -0.267252965 -0.051837557 0.962203214
1520616813.262672186 17.679554152 3.847454101 16.737747148 -0.013393040 -0.284699737 -0.024803793 0.958202201
1520616813.312673092 17.635295883 3.866750934 16.768871104 -0.016008244 -0.301014591 -0.001052944 0.953484580
1520616813.362675190 17.590762848 3.875200283 16.803954907 -0.021028959 -0.316038816 0.019855135 0.948305343
1520616813.412676096 17.533473436 3.883049519 16.820929145 -0.030083643 -0.323949814 0.038980728 0.944792038
1520616813.462678194 17.488034934 3.886874321 16.861222152 -0.045025709 -0.333161534 0.062259215 0.939733934
1520616813.511425018 17.441897243 3.886923549 16.888588771 -0.062609367 -0.340609264 0.085589219 0.934205482
1520616813.561427116 17.402930250 3.879791265 16.926001431 -0.082034623 -0.347238044 0.103643277 0.928414849
1520616813.611492872 17.359802706 3.858480745 16.963535940 -0.102184059 -0.353522669 0.117256567 0.922405029
1520616813.661430120 17.324565425 3.836275839 16.998617533 -0.117736570 -0.361812508 0.128313991 0.915841323
1520616813.711431026 17.268831266 3.823529655 17.022125377 -0.128570528 -0.365469556 0.138392938 0.911454342
1520616813.761432886 17.226332333 3.817031165 17.064235780 -0.135743819 -0.368966036 0.144708899 0.908018180
1520616813.811434031 17.183458662 3.795387267 17.089318338 -0.143222202 -0.368802096 0.152688729 0.905626063
1520616813.861435890 17.133419700 3.781480557 17.110961758 -0.143158841 -0.366962604 0.163156447 0.904557332
1520616813.911437988 17.085914529 3.758941564 17.146354892 -0.139424651 -0.368003545 0.173682636 0.902756058
1520616813.961328983 17.040586365 3.728650687 17.186531850 -0.132500650 -0.372035124 0.185084666 0.899876164
1520616814.011330843 16.987144186 3.701817222 17.223936472 -0.118361976 -0.376406244 0.192612148 0.898448297
1520616814.061331987 16.943770418 3.672222307 17.267038795 -0.100495332 -0.380904867 0.200971927 0.896896011
1520616814.111334085 16.907043285 3.623506901 17.323786766 -0.084431498 -0.382908857 0.213093876 0.894898391
1520616814.161334991 16.874390290 3.581485542 17.376083329 -0.064656221 -0.383622298 0.224197425 0.893526172
1520616814.211337090 16.840391224 3.550232885 17.417498818 -0.044340902 -0.384209967 0.232199837 0.892468387
1520616814.261338949 16.804726670 3.511223429 17.464597072 -0.032808730 -0.383368017 0.237550956 0.891920453
1520616814.311339855 16.780552500 3.485484507 17.514782463 -0.026596477 -0.387690183 0.245964056 0.887969951
1520616814.361090660 16.743456352 3.456199207 17.558449223 -0.026255507 -0.390570571 0.250976228 0.885311363
1520616814.411091566 16.721483048 3.444919060 17.609536784 -0.022378941 -0.396940299 0.254693895 0.881514947
1520616814.461093426 16.709849290 3.442116800 17.676430504 -0.015949086 -0.410068616 0.257176769 0.874899689
1520616814.511094570 16.679005227 3.425631706 17.729907799 -0.006145713 -0.419273656 0.253339157 0.871774686
1520616814.561096430 16.665333666 3.425939268 17.784688641 0.008174931 -0.432957453 0.245797299 0.867216641
1520616814.611098528 16.645648668 3.425124012 17.844545732 0.022972817 -0.442376907 0.235273193 0.865113546
1520616814.661100626 16.621801344 3.427744438 17.902122270 0.037272710 -0.444186524 0.223797270 0.866731711
1520616814.711101532 16.607751012 3.424667537 17.958047315 0.045649381 -0.445798596 0.210540330 0.868822488
1520616814.760954142 16.589874621 3.423578125 18.008796847 0.050318161 -0.446758436 0.196228956 0.871417913
1520616814.810956478 16.571598550 3.438017841 18.049955251 0.055954876 -0.448374841 0.183062878 0.873107689
1520616814.860958338 16.545687178 3.459181452 18.095904320 0.058121238 -0.451264408 0.168253894 0.874455821
1520616814.910959244 16.510698729 3.482335824 18.136304479 0.058917272 -0.449777684 0.147725566 0.878866285
1520616814.960960388 16.496608925 3.504881323 18.197273058 0.059300963 -0.448324778 0.130191916 0.882348205
1520616815.010962248 16.483010501 3.538375765 18.261334958 0.061274477 -0.448416517 0.118949063 0.883752899
1520616815.060964108 16.462988579 3.562954135 18.323793663 0.057444427 -0.449859805 0.110805352 0.884335043
1520616815.110965252 16.435413195 3.590771114 18.373762755 0.056458898 -0.451755652 0.107864226 0.883795527
1520616815.160938740 16.399805411 3.620760402 18.427556435 0.056062002 -0.449225319 0.100760159 0.885946418
1520616815.210939646 16.363170092 3.642958394 18.467483173 0.052795669 -0.442711604 0.093017501 0.890262207
1520616815.261025906 16.320563453 3.664321554 18.502931950 0.042227369 -0.442408992 0.090167634 0.891269281
1520616815.310942888 16.276038095 3.686222282 18.530696625 0.028310102 -0.449130620 0.087040430 0.888765542
1520616815.360944748 16.217543090 3.724353662 18.549004323 0.018086653 -0.458271605 0.083874983 0.884660950
1520616815.410945892 16.165856351 3.754474421 18.563751977 0.009772622 -0.465902025 0.082586714 0.880919539
1520616815.460947752 16.100733511 3.798291382 18.566890470 0.007857171 -0.474216069 0.079610917 0.876766495
1520616815.510949612 16.040958883 3.819144515 18.577507405 0.002386736 -0.489822153 0.070389600 0.868972880
1520616815.560867310 15.976176976 3.833644666 18.582235724 -0.005583793 -0.512137742 0.061288082 0.856695702
1520616815.610869646 15.910671717 3.853680666 18.573477076 -0.011713514 -0.528851358 0.054868659 0.846857996
1520616815.660870552 15.850981350 3.863933915 18.561918877 -0.013136155 -0.548754148 0.050290179 0.834366361
1520616815.710872412 15.795762152 3.858048026 18.557209972 -0.011314517 -0.572692420 0.046909559 0.818348867
1520616815.760873556 15.743995640 3.849726184 18.545303564 -0.006967404 -0.597553143 0.045948049 0.800481401
1520616815.810875416 15.699350848 3.829102913 18.506979576 -0.007708402 -0.620565554 0.049214835 0.782570683
1520616815.860877514 15.651128903 3.807629067 18.489575180 -0.004172542 -0.650470129 0.053790739 0.757613198
1520616815.910878658 15.609635688 3.779467854 18.473536219 -0.002011183 -0.681556547 0.059904280 0.729306592
1520616815.960880518 15.575367787 3.741770507 18.445534966 0.004151292 0.708080566 -0.062510694 -0.703347064
1520616816.011795282 15.536272360 3.698144434 18.408837902 0.014725162 0.730144262 -0.062373838 -0.680280847
1520616816.061797142 15.502878548 3.662030406 18.376912264 0.026234377 0.751564057 -0.055991477 -0.656755800
1520616816.111799479 15.470285221 3.629946477 18.345350575 0.034190009 0.771088595 -0.048753437 -0.633937319
1520616816.161800385 15.435197932 3.602668250 18.321700461 0.032115085 0.789156729 -0.042636625 -0.611867956
1520616816.211802244 15.398103261 3.576117496 18.306241949 0.021068365 0.807629408 -0.042933015 -0.587747922
1520616816.261803389 15.352360113 3.551707679 18.302785580 0.003054006 0.826769402 -0.050683897 -0.560244742
1520616816.311805248 15.312622527 3.516242051 18.293421682 -0.012974476 0.843353174 -0.062329825 -0.533574812
1520616816.361807108 15.278367087 3.475432085 18.280527187 -0.031303987 0.857092371 -0.073709233 -0.508900458
1520616816.412320852 15.240246956 3.440166295 18.271269882 -0.047581313 0.868852298 -0.083319935 -0.485684559
1520616816.462322712 15.202081617 3.413885223 18.268334267 -0.058793511 0.880919990 -0.090143781 -0.460865916
1520616816.512323856 15.167573116 3.399621722 18.263692260 -0.069874725 0.892595454 -0.093048433 -0.435583365
1520616816.562324762 15.128869180 3.388367349 18.259788256 -0.077472607 0.903186659 -0.089241065 -0.412659529
1520616816.612326860 15.092377008 3.386380086 18.248705605 -0.085247155 0.912718605 -0.081126442 -0.391275059
1520616816.662328959 15.045329064 3.396293487 18.240834791 -0.092253008 0.921573811 -0.072446703 -0.370057522
1520616816.712329865 15.019909493 3.410430957 18.215555700 -0.101175931 0.926648859 -0.064333203 -0.356295610
1520616816.762331724 14.987735770 3.430776709 18.191046274 -0.108023909 0.934168650 -0.058463773 -0.335025009
1520616816.812090158 14.958994585 3.452714180 18.162725655 -0.114257895 0.941362599 -0.053676042 -0.312890512
1520616816.862092018 14.937229797 3.472004467 18.127489023 -0.119319655 0.947920044 -0.051476754 -0.290792974
1520616816.912197113 14.937637171 3.479589433 18.099564813 -0.121519050 0.952988725 -0.050402501 -0.272956402
1520616816.962095261 14.907551068 3.483832771 18.058887902 -0.127189535 0.960575604 -0.048937321 -0.242327197
1520616817.012096167 14.877805942 3.505928071 18.003904194 -0.129952500 0.968296029 -0.045270246 -0.208484418
1520616817.062098265 14.857830559 3.539437404 17.946295295 -0.130881224 0.975481642 -0.039116630 -0.172555966
1520616817.112100124 14.866707339 3.572599686 17.900079364 -0.129771406 0.980442669 -0.032465873 -0.144352078
1520616817.162101030 14.886260681 3.601872405 17.854392571 -0.122307228 0.985420181 -0.024276000 -0.115752687
1520616817.212283134 14.912216604 3.621571251 17.812811362 -0.119601302 0.988726221 -0.012755995 -0.089181120
1520616817.262284040 14.943593858 3.653899243 17.760098839 -0.119259325 0.990995183 -0.002163935 -0.060836480
1520616817.312286139 14.997070551 3.688419270 17.727383381 -0.115571450 0.992643607 0.005529096 -0.035655839
1520616817.362287283 15.054126530 3.695855285 17.689660073 -0.111331709 0.993685549 0.012035759 -0.007029929
1520616817.412289143 15.107503809 3.711426637 17.651941041 -0.104072696 0.994116762 0.012412331 0.027325282
1520616817.462291002 15.165214780 3.716240241 17.615852476 -0.093613347 0.993245974 0.013787017 0.067148301
1520616817.512292147 15.231654946 3.730807035 17.577170728 -0.086509494 0.990137388 0.011313225 0.109617840
1520616817.562294006 15.305722342 3.742564722 17.542918694 -0.080558841 0.984972343 0.007030751 0.152611683
1520616817.613727570 15.370876585 3.741114553 17.513213288 -0.073478501 0.978130516 0.006478213 0.194472712
1520616817.663729429 15.430005057 3.741979784 17.487363568 -0.064909691 0.969170810 0.011585066 0.237403580
1520616817.713730574 15.494307437 3.729466704 17.467122241 -0.054234512 0.959223771 0.020341574 0.276648867
1520616817.763732672 15.555823526 3.714452827 17.450194542 -0.045313996 0.947111927 0.034810328 0.315775047
1520616817.813733578 15.619598380 3.704845779 17.437277392 -0.044983270 0.932429696 0.046288029 0.355540133
1520616817.863735676 15.672103866 3.694186196 17.415066924 -0.045316552 0.915292523 0.051455644 0.396910977
1520616817.913737535 15.725734862 3.663479825 17.392810452 -0.045798171 0.897273080 0.054146974 0.435742645
1520616817.963739395 15.776577091 3.637831612 17.368985545 -0.040682041 0.879765906 0.047018984 0.471323814
1520616818.014805079 15.822011954 3.631224210 17.348019849 -0.032453155 0.860044698 0.027507961 0.508441955
1520616818.064806938 15.869272530 3.606474887 17.319178278 -0.024766482 0.840284833 0.012157093 0.541442726
1520616818.114807844 15.914887243 3.585994872 17.297824784 -0.012660671 0.821267766 0.004012626 0.570388343
1520616818.164808989 15.955971045 3.555710921 17.274374521 -0.007148258 0.805531078 0.003100731 0.592502296
1520616818.214811087 15.996962883 3.542594929 17.253578563 -0.003699716 0.794319292 0.003670707 0.607478148
1520616818.264812946 16.032808004 3.540456543 17.220651322 -0.008915583 0.785381853 0.002070436 0.618943915
1520616818.314814091 16.071474797 3.544675764 17.189749917 -0.018562013 0.782134531 0.000418798 0.622832924
1520616818.364815950 16.109859383 3.554244115 17.149040862 -0.029801855 0.781473830 -0.004351184 0.623210694
1520616818.414816856 16.149674628 3.568053551 17.110348396 -0.034590583 0.782252297 -0.008210022 0.621946486
1520616818.462631464 16.188695885 3.586242248 17.075267768 -0.035763817 0.781713515 -0.013260872 0.622470143
1520616818.512632370 16.233840366 3.606748936 17.039363396 -0.035651923 0.784312253 -0.014668262 0.619167242
1520616818.562634230 16.277249856 3.630192450 17.005152516 -0.034000386 0.788135386 -0.013426665 0.614415422
1520616818.612636566 16.316147320 3.655836546 16.974686517 -0.033030246 0.792415425 -0.005859672 0.609058669
1520616818.662637472 16.359916665 3.688222461 16.954129711 -0.036280088 0.797125395 0.004425796 0.602706622
1520616818.712639570 16.402597203 3.724368674 16.928645656 -0.043547628 0.802382574 0.014553199 0.595041187
1520616818.762640476 16.444839726 3.758405133 16.907560487 -0.052586303 0.806290765 0.025335993 0.588632288
1520616818.812642336 16.491657633 3.797761482 16.891202045 -0.056725122 0.810464101 0.034389249 0.582020258
1520616818.865568399 16.543648679 3.833673923 16.881852246 -0.051501509 0.812425598 0.044410717 0.579085426
1520616818.915570259 16.596582615 3.871170482 16.880186218 -0.041839127 0.814363834 0.047803645 0.576867267
1520616818.965571404 16.651195307 3.907537241 16.879625469 -0.033947089 0.814871385 0.051045715 0.576390975
1520616819.015573263 16.706215663 3.933407805 16.886055168 -0.028585722 0.812322983 0.058038345 0.579608297
1520616819.065575361 16.765294022 3.944778643 16.891336134 -0.026968971 0.806968257 0.069358805 0.585887586
1520616819.115576506 16.827263385 3.948810778 16.909656438 -0.025360757 0.802046887 0.083184226 0.590895937
1520616819.165578365 16.888241697 3.942566353 16.926214247 -0.027948658 0.796299165 0.095217990 0.596707673
1520616819.215580225 16.946231623 3.939300465 16.938321650 -0.027840767 0.789797015 0.106227175 0.603457832
1520616819.267743349 17.008653003 3.923559339 16.944300910 -0.030820872 0.781478728 0.115282022 0.612414180
1520616819.317744493 17.072497768 3.913300169 16.938209122 -0.038433367 0.771929023 0.117512528 0.623569776
1520616819.367746353 17.135984702 3.901070867 16.939067465 -0.043207185 0.766652586 0.115624346 0.630085679
1520616819.417747259 17.198985464 3.892091746 16.933289733 -0.043395243 0.764126241 0.108335145 0.634422128
1520616819.467749357 17.260971834 3.881937654 16.915093440 -0.034282446 0.761635788 0.097621870 0.639691809
1520616819.517751455 17.310899521 3.867322730 16.896911137 -0.024001407 0.760612275 0.083128748 0.643414726
1520616819.567753315 17.370807869 3.863358450 16.866110139 -0.005760412 0.761235214 0.062354528 0.645445334
1520616819.617754459 17.384476183 3.859878583 16.814696157 0.005305882 0.757405623 0.045057158 0.651366580
1520616819.668343306 17.398593495 3.862580694 16.756581385 0.014048886 0.756495693 0.028468798 0.653227697
1520616819.718344212 17.445394654 3.852258229 16.708404936 0.017225495 0.760594752 0.016052747 0.648799826
1520616819.768346310 17.490699887 3.832251229 16.641848935 0.017132922 0.764547483 0.008650551 0.644281597
1520616819.818347454 17.535318853 3.805595235 16.591519741 0.010191614 0.770560101 0.006262247 0.637255087
1520616819.868349314 17.580783715 3.788525776 16.542998389 0.004633414 0.777048494 0.005211295 0.629402106
1520616819.918350220 17.644253743 3.832268927 16.497764379 -0.000720429 0.784533578 -0.006561780 0.620051199
1520616819.968352318 17.685319741 3.842710623 16.442167559 -0.002506941 0.788519685 -0.012033886 0.614886662
1520616820.018354177 17.741555991 3.837959920 16.389780955 0.002975525 0.792382889 -0.013273954 0.609872368
1520616820.069560766 17.790537875 3.845033538 16.338609923 0.007981423 0.790128956 -0.014621595 0.612714239
1520616820.119561672 17.828837727 3.844017937 16.291944450 0.012531712 0.786258397 -0.012179970 0.617650660
1520616820.169563532 17.861462285 3.856143076 16.223609217 0.016904505 0.782725185 -0.011054711 0.622039642
1520616820.219565630 17.915343429 3.854797467 16.181176555 0.020319581 0.789873101 0.001561486 0.612931612
1520616820.269566536 17.941898374 3.869693395 16.127216786 0.017572115 0.802648629 0.012074955 0.596070964
1520616820.319568396 17.975559911 3.895464259 16.083374446 0.019097405 0.823913300 0.021381973 0.565990260
1520616820.369569540 18.011016102 3.903910985 16.036405868 0.012729958 0.849762467 0.030314232 0.526139473
1520616820.419571638 18.048289000 3.920660067 15.966383222 0.005776169 0.875813391 0.036116901 0.481261997
1520616820.469572544 18.080210423 3.957980227 15.912715488 0.000352604 0.899264896 0.037173861 0.435821784
1520616820.517346621 18.104587027 3.991136172 15.872395486 -0.007135488 0.919596509 0.036149285 0.391132426
1520616820.567347765 18.124580721 4.028046833 15.833210215 -0.017112626 0.937155116 0.034383577 0.346792756
1520616820.617349625 18.162141130 4.042408733 15.783540953 -0.030710688 0.950237686 0.035102967 0.308014570
1520616820.667351723 18.198718705 4.040113381 15.742778882 -0.056457898 0.959124270 0.033175378 0.275304439
1520616820.717352867 18.240205033 4.040017158 15.702113980 -0.086381211 0.963033243 0.024258965 0.254001500
1520616820.767354727 18.290999569 4.045829699 15.670913421 -0.114198847 0.962767043 0.011816577 0.244741932
1520616820.817355633 18.341706577 4.032316575 15.648931936 -0.143373465 0.958226211 0.009266268 0.247306925
1520616820.867357731 18.403743841 4.025563091 15.637752363 -0.170356056 0.949776578 0.001742558 0.262488532
1520616820.919586658 18.485826844 4.023772697 15.633218536 -0.199674477 0.937234783 -0.016608594 0.285386089
1520616820.969588518 18.548467616 4.010490423 15.627716210 -0.227539045 0.918641666 -0.040427881 0.320451337
1520616821.019590378 18.623556097 3.992231270 15.620963920 -0.244293393 0.895422046 -0.065905077 0.366328566
1520616821.069591761 18.698276595 3.982814602 15.614517588 -0.249687405 0.867924538 -0.091826801 0.419441338
1520616821.119593620 18.770778945 3.979030798 15.610950404 -0.245006529 0.836051068 -0.114272360 0.477422496
1520616821.169595480 18.841617330 3.983677159 15.626504363 -0.238552285 0.797626216 -0.138906059 0.536274495
1520616821.219596624 18.906521147 3.974793179 15.643479962 -0.229694454 0.753629129 -0.158058351 0.595232014
1520616821.269598484 18.946527852 3.977011498 15.658473850 -0.218251817 0.703461569 -0.172076769 0.654138785
1520616821.317485094 18.990431817 3.987982882 15.662777490 -0.204786310 0.650562483 -0.178354082 0.709239624
1520616821.367486238 19.034855990 3.989348970 15.685450365 -0.190799744 0.591620593 -0.168717933 0.764927964
1520616821.417488337 19.077096900 3.989562986 15.730299252 -0.173425013 0.535938188 -0.140205942 0.814270420
1520616821.467489481 19.111034603 3.995128493 15.771423619 -0.154514561 0.483450880 -0.104651905 0.855247611
1520616821.517490387 19.139271503 3.992885067 15.817947923 -0.135377774 0.437282636 -0.057773371 0.887197268
1520616821.567492247 19.173859413 3.999243279 15.868713135 -0.115655664 0.395225848 -0.010113701 0.911217871
1520616821.617493391 19.200233663 4.007301298 15.901296050 -0.094186853 0.363470319 0.034205426 0.926200925
1520616821.667495251 19.230560041 4.018355928 15.943419975 -0.076729918 0.342686933 0.072257419 0.933518640
1520616821.713176727 19.255850972 4.034462551 15.986268691 -0.058473407 0.330219444 0.103812294 0.936354093
1520616821.763178587 19.290971872 4.040333997 16.019426779 -0.042545292 0.319065898 0.134069652 0.937236458
1520616821.813185692 19.318056368 4.049125846 16.060179903 -0.025338981 0.316434199 0.156466847 0.935278279
1520616821.863181591 19.343424421 4.058687539 16.099119509 -0.007299979 0.322799237 0.170995742 0.930864018
1520616821.913183689 19.377218008 4.062501483 16.131429060 0.007097912 0.334264243 0.181004740 0.924907736
1520616821.963184834 19.406853004 4.069685079 16.163158509 0.014178577 0.350377684 0.185098546 0.918026674
1520616822.013186693 19.440911302 4.080151959 16.187271062 0.009564977 0.368234501 0.178609261 0.912365385
1520616822.063187599 19.469458509 4.094365565 16.213815155 -0.006095570 0.382405868 0.159935080 0.910027124
1520616822.111991167 19.498614674 4.110406218 16.237080829 -0.029432081 0.388375147 0.133240252 0.911342709
1520616822.161992073 19.527082968 4.134648077 16.256645341 -0.053182161 0.383829345 0.103100893 0.916087822
1520616822.211994171 19.550482336 4.150347084 16.285973316 -0.074871073 0.371395439 0.064479101 0.923202143
1520616822.261996031 19.577262346 4.159870081 16.317378132 -0.092457259 0.351742300 0.022180727 0.931255617
1520616822.311996937 19.596114175 4.172836439 16.346523976 -0.102497117 0.324527220 -0.020953144 0.940073077
1520616822.361999273 19.617125982 4.187588275 16.375382518 -0.106511906 0.290510715 -0.061039762 0.948964112
1520616822.412000179 19.629624082 4.188228266 16.417306700 -0.106395209 0.246749654 -0.095690001 0.958456098
1520616822.462002039 19.631899021 4.192718823 16.453033477 -0.101418476 0.196573333 -0.123272107 0.967407466
1520616822.511841774 19.619210547 4.188407081 16.493807483 -0.092470368 0.139284859 -0.144242704 0.975316872
1520616822.561844110 19.598803647 4.190284598 16.531660565 -0.081576427 0.078935700 -0.156592713 0.981118323
1520616822.611845016 19.573641618 4.186437291 16.569633980 -0.071805558 0.015879736 -0.153757447 0.985368177
1520616822.661846876 19.547877157 4.189530769 16.609529390 -0.063910291 -0.046589006 -0.137769793 0.987301587
1520616822.711848974 19.520637687 4.192331128 16.646545484 -0.056437325 -0.104802099 -0.115210841 0.986183457
1520616822.761849880 19.493692285 4.182692601 16.686696357 -0.049322128 -0.156117580 -0.092509016 0.982159209
1520616822.811851978 19.461580786 4.187445113 16.736995827 -0.041388746 -0.201239668 -0.064722002 0.976524772
1520616822.861854076 19.418278621 4.193043136 16.781556611 -0.034404669 -0.237920223 -0.029009819 0.970241576
1520616822.911854982 19.393362588 4.189485262 16.817935301 -0.032247383 -0.268957177 0.009520465 0.962565065
1520616822.961549759 19.359508322 4.182387468 16.863145196 -0.033506727 -0.291422529 0.044469596 0.954972598
1520616823.011550903 19.318757247 4.181346525 16.911785826 -0.037118422 -0.308769291 0.081251706 0.946932895
1520616823.061552763 19.274803509 4.176206531 16.953305502 -0.041462714 -0.322726898 0.116514088 0.938377675
1520616823.111553669 19.233226869 4.164250170 16.995881536 -0.045212414 -0.330569814 0.145216301 0.931446006
1520616823.161555767 19.202755339 4.165997290 17.047169310 -0.040029936 -0.336682904 0.175741906 0.924206151
1520616823.211557627 19.172804167 4.142332633 17.090990280 -0.038184717 -0.339906761 0.206479774 0.916717745
1520616823.261558533 19.137934683 4.126759597 17.134535877 -0.035244039 -0.340757078 0.237812352 0.908893699
1520616823.311560869 19.108123820 4.105192524 17.179194648 -0.035222282 -0.341836195 0.269620099 0.899562343
1520616823.361238003 19.072987431 4.088927384 17.221351482 -0.032283780 -0.344917974 0.294624536 0.890609753
1520616823.411240101 19.023794722 4.075670231 17.270430180 -0.028410010 -0.345529557 0.311324352 0.884804693
1520616823.461263180 18.994698966 4.066565608 17.318484570 -0.024647384 -0.349908559 0.320512506 0.879902404
1520616823.511243105 18.958501863 4.051166443 17.365135194 -0.024596499 -0.353286631 0.329078598 0.875380400
1520616823.561244011 18.910051886 4.023827976 17.405242389 -0.032845186 -0.355644847 0.336616005 0.871279291
1520616823.611246109 18.881272996 4.007271326 17.446786392 -0.046921585 -0.358759334 0.342204024 0.867171558
1520616823.661247015 18.837570758 3.982643799 17.489142319 -0.060927666 -0.359647185 0.349728785 0.862920332
1520616823.711248875 18.796974572 3.966362039 17.535079153 -0.073231962 -0.357633799 0.357677345 0.859535958
1520616823.761011839 18.756658845 3.950277386 17.580832192 -0.084318779 -0.352463013 0.362672665 0.858561999
1520616823.811013699 18.726308525 3.949235520 17.620069622 -0.089436680 -0.347401112 0.370946943 0.856569853
1520616823.861015558 18.690940494 3.958020124 17.680960674 -0.091314967 -0.337555716 0.380941374 0.855921366
1520616823.911016703 18.658004727 3.965396947 17.735544949 -0.094319709 -0.326165047 0.390576201 0.855669554
1520616823.961018801 18.624074178 3.995807961 17.801083271 -0.095819529 -0.312932747 0.396438918 0.857745824
1520616824.011019945 18.588312225 3.995202103 17.856467764 -0.101542877 -0.294336448 0.399348312 0.862308544
1520616824.061021805 18.554585957 4.024031273 17.924061059 -0.099912227 -0.274196796 0.391915283 0.872488438
1520616824.111022711 18.532236356 4.037696784 17.990641140 -0.097402315 -0.254959723 0.379142084 0.884171708
1520616824.161719322 18.511715268 4.049690731 18.059040641 -0.095040129 -0.233915141 0.358829502 0.898605848
1520616824.211720228 18.503826770 4.077082327 18.130865864 -0.087775878 -0.214143526 0.336395247 0.912839626
1520616824.261722565 18.494711353 4.099185868 18.200963855 -0.081404530 -0.189466193 0.312172996 0.927374727
1520616824.311724424 18.495247021 4.119866856 18.273187839 -0.076272830 -0.163080341 0.290086539 0.939913325
1520616824.361725330 18.492625704 4.130949932 18.337443115 -0.070516671 -0.138400973 0.269975015 0.950255787
1520616824.411727428 18.487679570 4.151597483 18.403726094 -0.060784967 -0.113391969 0.243107923 0.961429138
1520616824.461729288 18.486968366 4.172475712 18.472896595 -0.051342662 -0.091754182 0.215677566 0.970787458
1520616824.511730194 18.487543928 4.192897161 18.537851785 -0.043849183 -0.074638373 0.188396097 0.978270552
1520616824.561630011 18.483652929 4.211321991 18.599852094 -0.039280960 -0.061743268 0.156485356 0.984965537
1520616824.611630917 18.486637598 4.228462773 18.663499858 -0.032351794 -0.054717409 0.128506311 0.989669386
1520616824.661632776 18.483413136 4.224719970 18.723232296 -0.022154119 -0.051963615 0.106758440 0.992679008
1520616824.711633921 18.480493180 4.219624717 18.781447561 -0.005924764 -0.052250161 0.083605695 0.995110499
1520616824.761636019 18.479619031 4.202907813 18.835315222 0.009090866 -0.058572661 0.060833712 0.996386400
1520616824.811637163 18.468640351 4.183107788 18.886507975 0.024571381 -0.065436431 0.034836180 0.996945716
1520616824.861639023 18.466748326 4.181698356 18.939764847 0.041039122 -0.075824060 0.009185930 0.996233969
1520616824.911640882 18.442050811 4.157201041 18.986232318 0.046294854 -0.084364261 -0.009241138 0.995316060
1520616824.961117744 18.429461292 4.157831921 19.037026589 0.050893081 -0.098496313 -0.020802107 0.993617453
1520616825.011119604 18.392714797 4.150240184 19.087020062 0.049264395 -0.111513470 -0.032963845 0.991993523
1520616825.061120749 18.368295030 4.143498005 19.134671985 0.046636684 -0.130478632 -0.039610569 0.989561190
1520616825.111160994 18.323960140 4.140497964 19.180182924 0.046662336 -0.146116120 -0.043169535 0.987222922
1520616825.161123991 18.282181944 4.157483670 19.233489995 0.051703854 -0.165933318 -0.040000401 0.983967893
1520616825.211125851 18.224876936 4.140381109 19.267991990 0.048724797 -0.183903954 -0.031243224 0.981238549
1520616825.261126757 18.174031572 4.139191296 19.314266239 0.044578167 -0.207785424 -0.019353535 0.976966450
1520616825.311128855 18.122298040 4.143434509 19.350108148 0.036410582 -0.232272448 -0.004896293 0.971956689
1520616825.361129761 18.071234289 4.154538923 19.387359661 0.028641906 -0.254710203 0.010521291 0.966535905
1520616825.410990953 18.010565334 4.146799697 19.415126359 0.018544871 -0.267867555 0.030245966 0.962802286
1520616825.460992813 17.951945488 4.139991602 19.444964346 0.009898507 -0.279489879 0.051740810 0.958702412
1520616825.510993719 17.888928186 4.142512637 19.480650710 0.004593608 -0.289727972 0.076254463 0.954055479
1520616825.560995817 17.846529899 4.132532791 19.511572234 -0.003779974 -0.303958956 0.102059210 0.947195113
1520616825.610996723 17.796472932 4.132227592 19.546275240 -0.008399906 -0.313260229 0.125354113 0.941320252
1520616825.660998821 17.755982566 4.143359121 19.585115505 -0.008998364 -0.322977295 0.151156121 0.934214388
1520616825.710999966 17.706260829 4.131743423 19.619413302 -0.014918973 -0.329050584 0.174291651 0.927968511
1520616825.761001825 17.664364338 4.134617209 19.657298277 -0.017748213 -0.337563775 0.193909785 0.920942286
1520616825.811155796 17.641631905 4.135235479 19.694354588 -0.018575381 -0.349290319 0.213357104 0.912211584
1520616825.861157656 17.603815074 4.124281219 19.727555803 -0.020757131 -0.349450887 0.225615222 0.909148498
1520616825.911159754 17.565390076 4.114735524 19.764412888 -0.021720865 -0.344967801 0.238611688 0.907518530
1520616825.961160898 17.544752668 4.106515700 19.802225622 -0.021370656 -0.339272280 0.250978327 0.906337406
1520616826.011162758 17.512389099 4.098839954 19.847547139 -0.019342104 -0.319389843 0.256545045 0.912031058
1520616826.061164618 17.489201590 4.091944523 19.893496238 -0.015168750 -0.295455896 0.263335272 0.918221246
1520616826.111165762 17.461997469 4.082644870 19.940608770 -0.010719325 -0.267454166 0.272092270 0.924293872
1520616826.161167622 17.446676159 4.075767646 19.988147611 -0.004759796 -0.240668056 0.282093770 0.928697656
1520616826.211901903 17.437687650 4.082269773 20.031011999 0.004777606 -0.210201682 0.285788630 0.934942397
1520616826.261903048 17.431586854 4.082677926 20.081061382 0.011513963 -0.176354815 0.291022607 0.940251163
1520616826.311903954 17.427517199 4.082297515 20.128430176 0.018861640 -0.137457614 0.295420375 0.945238829
1520616826.361905813 17.432346069 4.082596164 20.176555501 0.026372730 -0.095233853 0.300340625 0.948699374
1520616826.411907911 17.440999313 4.086618524 20.220647528 0.037281703 -0.050373779 0.305054612 0.950270615
1520616826.461908817 17.459647215 4.085424008 20.263574901 0.046232772 -0.004902386 0.308198399 0.950185374
1520616826.511909723 17.484716540 4.091083848 20.301899226 0.057453581 0.043360452 0.309699298 0.948106166
1520616826.561913013 17.513419445 4.091631166 20.340574338 0.064512887 0.092598134 0.307000297 0.944994439
1520616826.612506151 17.545239744 4.091483463 20.379457047 0.070195424 0.141478865 0.302634173 0.939930258
1520616826.662507057 17.579982731 4.093904997 20.409071641 0.078041834 0.185905347 0.296664099 0.933455455
1520616826.712509394 17.610566151 4.097645129 20.443545915 0.087814449 0.228113388 0.286520347 0.926368715
1520616826.762565136 17.649999775 4.105329113 20.466522808 0.101678484 0.262300330 0.279969266 0.917865586
1520616826.812512159 17.688644319 4.107328291 20.481892377 0.114813233 0.297196259 0.273563352 0.907554625
1520616826.862513304 17.731280882 4.108069128 20.496526404 0.122676158 0.335799703 0.265294864 0.895437187
1520616826.912515163 17.771036576 4.111386926 20.504825053 0.130021478 0.372483295 0.256328954 0.882409246
1520616826.962517023 17.810890277 4.112785602 20.505057942 0.132905971 0.408146856 0.248874128 0.868224519
1520616827.011626482 17.849564247 4.117640428 20.503192598 0.132840641 0.446489191 0.241647880 0.851238550
1520616827.061628580 17.886878917 4.129183378 20.498890241 0.131726417 0.487566827 0.231944242 0.831341452
1520616827.111629725 17.927067431 4.136954962 20.487834131 0.128568963 0.529791906 0.222694652 0.808206440
1520616827.161631584 17.962754478 4.151390601 20.472956379 0.128294232 0.573297660 0.207181888 0.782269805
1520616827.211632490 18.000584510 4.160664128 20.450724701 0.125799425 0.616608171 0.191189673 0.753269790
1520616827.261634588 18.035735743 4.170388057 20.419873285 0.124111499 0.658432512 0.171194813 0.722326310
1520616827.311635494 18.067660614 4.182062493 20.385973888 0.118446892 0.702381959 0.149456836 0.685778806
1520616827.361637354 18.097314704 4.193728707 20.346587582 0.113219330 0.742284860 0.131618467 0.647202557
1520616827.411665440 18.116112924 4.207183410 20.309764950 0.112134993 0.773652762 0.113609601 0.613172085
1520616827.461434364 18.134799004 4.207275356 20.266667382 0.105779682 0.798737436 0.099653521 0.583865005
1520616827.511436462 18.150934367 4.206931959 20.218921216 0.097317157 0.821842878 0.084046224 0.555013411
1520616827.561437607 18.167280545 4.203648951 20.167770908 0.088287482 0.844725450 0.069877250 0.523222137
1520616827.611439466 18.181772702 4.201735164 20.115327506 0.083090764 0.863252786 0.057494389 0.494555303
1520616827.661440611 18.193426902 4.202203928 20.062355079 0.077583884 0.877795554 0.044424963 0.470618879
1520616827.711442471 18.199151904 4.197878072 20.011696720 0.067822472 0.890943883 0.027646523 0.448168249
1520616827.761444330 18.209886933 4.204714242 19.949316364 0.054492456 0.902638102 0.010724156 0.426802087
1520616827.811445713 18.215485236 4.214628190 19.892458736 0.038888956 0.912528748 -0.002704303 0.407150610
1520616827.861900806 18.232112114 4.229035167 19.841005570 0.019781016 0.920356984 -0.010726443 0.390431398
1520616827.911902905 18.236695102 4.235918667 19.787772213 0.000883842 0.925736025 -0.014401340 0.377895002
1520616827.961904764 18.246632131 4.242024872 19.738258567 -0.016957102 0.931406791 -0.018101504 0.363133833
1520616828.011905909 18.257736443 4.243544861 19.683093381 -0.030875531 0.936789839 -0.023036178 0.347765487
1520616828.061906815 18.264756003 4.242062580 19.626819699 -0.043160697 0.941060577 -0.032210438 0.333923094
1520616828.111908674 18.274593935 4.244151391 19.572973876 -0.052683982 0.945556611 -0.042826626 0.318296990
1520616828.161909819 18.279043079 4.245666517 19.516020516 -0.060149666 0.948917322 -0.049974913 0.305680294
1520616828.211911678 18.281680064 4.251002106 19.458610473 -0.065105431 0.952284872 -0.054144638 0.293228860
1520616828.261740685 18.288415360 4.261591089 19.400859510 -0.072033898 0.956074332 -0.055839125 0.278594653
1520616828.311742544 18.297807944 4.274946528 19.340849874 -0.079409388 0.959688690 -0.056532126 0.263620723
1520616828.361743689 18.302048159 4.284155840 19.274965808 -0.083291527 0.961318231 -0.053083907 0.257122305
1520616828.411818504 18.299832178 4.271415092 19.221787609 -0.093081086 0.962205130 -0.056983614 0.249499632
1520616828.461746454 18.307043053 4.263949122 19.185462463 -0.100432671 0.963831819 -0.064369106 0.238323566
1520616828.511748791 18.316998260 4.261416703 19.150977374 -0.104790374 0.965274940 -0.074666511 0.227350347
1520616828.561749697 18.330415857 4.259290826 19.108122164 -0.113044588 0.966891107 -0.082640094 0.213338050
1520616828.611751556 18.336903690 4.265142037 19.075584132 -0.126137165 0.968275294 -0.086443093 0.197635934
1520616828.661351204 18.338407998 4.258004775 19.024545663 -0.139442450 0.968407617 -0.082127691 0.189730160
1520616828.711352348 18.344042351 4.257861083 18.973944359 -0.147475542 0.968335255 -0.078514602 0.185508102
1520616828.761354446 18.334255109 4.254389592 18.916396457 -0.151767699 0.967312018 -0.076872540 0.188054881
1520616828.811355591 18.337823167 4.242788538 18.864630275 -0.158107121 0.965381786 -0.077303686 0.192520870
1520616828.861357450 18.357317158 4.246298839 18.824730554 -0.162199686 0.963820253 -0.083122773 0.194505491
1520616828.911358356 18.368553875 4.252350228 18.770859672 -0.168945777 0.959350820 -0.097232360 0.204081347
1520616828.961360455 18.384699672 4.257449457 18.724453053 -0.174488877 0.954014096 -0.109225627 0.217900206
1520616829.011361361 18.407428744 4.266775922 18.705419157 -0.179429562 0.948808254 -0.116653642 0.232292611
1520616829.061174631 18.421857146 4.251824535 18.676022189 -0.184825495 0.941068650 -0.120003382 0.256570693
1520616829.111176491 18.440764838 4.248431980 18.638853505 -0.191866701 0.930998336 -0.120870470 0.286041250
1520616829.161177635 18.469554976 4.254450588 18.602074213 -0.197748007 0.920330190 -0.121060331 0.315011846
1520616829.211179733 18.503527220 4.261882908 18.573472255 -0.199658615 0.911596519 -0.113409490 0.340978756
1520616829.261180401 18.536929836 4.269205449 18.548266168 -0.205196228 0.901315929 -0.102708205 0.367389614
1520616829.311182737 18.565003342 4.279874087 18.518574752 -0.210908291 0.890319067 -0.092464505 0.392810345
1520616829.361184597 18.593368265 4.286804083 18.485616367 -0.215870339 0.877720405 -0.087373648 0.418775278
1520616829.411185503 18.622985998 4.296106612 18.440759015 -0.219031415 0.862710787 -0.087771518 0.447271168
1520616829.461228371 18.654516425 4.294347307 18.411273192 -0.217798300 0.846843508 -0.083960794 0.477881322
1520616829.511229277 18.697945512 4.322911469 18.381824224 -0.211454069 0.831882296 -0.080957352 0.506660567
1520616829.561231136 18.748327702 4.348585329 18.353145124 -0.204243154 0.816609794 -0.076459620 0.534403504
1520616829.611233473 18.795773634 4.375973716 18.333434637 -0.191411597 0.802118934 -0.070478133 0.561248296
1520616829.661234379 18.842221737 4.384536910 18.321430236 -0.178187311 0.787933442 -0.061150733 0.586234391
1520616829.711235523 18.892197660 4.403518580 18.312293124 -0.161421813 0.772414742 -0.054018671 0.611882707
1520616829.761237383 18.939608122 4.404952518 18.303083127 -0.144558586 0.756301043 -0.044854149 0.636474392
1520616829.811238289 18.987382990 4.408735743 18.291206904 -0.125825173 0.739578203 -0.032320276 0.660414648
1520616829.861240387 19.030985973 4.422801871 18.287460511 -0.107485285 0.723050510 -0.015272963 0.682210825
1520616829.912132740 19.081801183 4.438147714 18.298973914 -0.086818160 0.706699560 0.004484465 0.702152568
1520616829.962133646 19.143583634 4.451473913 18.310612250 -0.064498437 0.694204817 0.030607338 0.716228186
1520616830.012135506 19.194213427 4.480632357 18.311149740 -0.038377819 0.679498689 0.050584586 0.730923986
1520616830.062225580 19.252879255 4.494969582 18.315592975 -0.018965011 0.665121241 0.072688325 0.742947152
1520616830.112138510 19.300958487 4.517089894 18.322746858 -0.002077325 0.649332159 0.088207205 0.755369394
1520616830.162139654 19.343336086 4.540676725 18.336961986 0.014017700 0.635212361 0.105266009 0.765001848
1520616830.212141752 19.386014795 4.550331525 18.359088737 0.030512345 0.622305095 0.128084760 0.771621449
1520616830.262143612 19.437275287 4.552614290 18.372800880 0.044613356 0.607153568 0.157845570 0.777469594
1520616830.313514233 19.487752467 4.561458364 18.386557767 0.057350175 0.595840933 0.183439839 0.779765584
1520616830.363516331 19.522749342 4.577284207 18.413249201 0.070231622 0.591374122 0.199873337 0.778071215
1520616830.413517237 19.570172452 4.583971718 18.427433038 0.075838190 0.591035488 0.214555676 0.773880794
1520616830.463519335 19.619364226 4.590302897 18.439516329 0.078271158 0.595143455 0.224875544 0.767534288
1520616830.513520241 19.672840654 4.595908486 18.448309929 0.078376887 0.603462450 0.228137266 0.760028633
1520616830.563522100 19.724037510 4.609259186 18.456127863 0.079584285 0.615052767 0.219689477 0.753069034
1520616830.613523245 19.779278787 4.626253875 18.461995798 0.079013037 0.630167415 0.201555313 0.745668441
1520616830.663525105 19.833569554 4.638518879 18.469630189 0.077214307 0.647586322 0.178687109 0.736709456
1520616830.714658260 19.888051828 4.650319670 18.474582878 0.066245024 0.667811454 0.151244754 0.725785425
1520616830.764658928 19.942967305 4.660070481 18.475869437 0.049092723 0.689103192 0.122933750 0.712470342
1520616830.814661026 19.996781928 4.665321697 18.476871250 0.029342192 0.706917737 0.097637668 0.699909447
1520616830.864662170 20.045841691 4.667142953 18.482860577 0.007237504 0.719968066 0.074064532 0.690005831
1520616830.914664030 20.096700133 4.666983268 18.492409307 -0.011625505 0.729537359 0.052057038 0.681857870
1520616830.964664936 20.141235302 4.669880476 18.496613815 -0.025660162 0.726365488 0.026675848 0.686311250
1520616831.014668226 20.187387264 4.668445391 18.510981883 -0.038077030 0.718670256 -0.001276554 0.694306541
1520616831.064669132 20.236779678 4.670880768 18.530052486 -0.045309759 0.702408877 -0.032344041 0.709593305
1520616831.116019964 20.287187436 4.672226520 18.551770646 -0.052258759 0.680646081 -0.060585837 0.728230246
1520616831.166022062 20.333818483 4.675044819 18.579245891 -0.058992464 0.655867683 -0.086830613 0.747541247
1520616831.216024160 20.377734621 4.678347515 18.611242690 -0.063633593 0.627404246 -0.109858654 0.768274531
1520616831.266025066 20.419718033 4.678915956 18.641004023 -0.065923591 0.595062292 -0.130513858 0.790266462
1520616831.316025972 20.450442730 4.675882118 18.679699240 -0.064066365 0.560283182 -0.148217303 0.812409926
1520616831.366029263 20.478980976 4.678511969 18.718010895 -0.056146429 0.521884394 -0.164549007 0.835109503
1520616831.416029930 20.500612480 4.669131477 18.761857765 -0.048205338 0.478731818 -0.173191170 0.859358429
1520616831.466031313 20.515817736 4.673326971 18.811642846 -0.033096510 0.431885212 -0.179452561 0.883276040
1520616831.515218973 20.534416467 4.674079849 18.858293468 -0.018290433 0.378852752 -0.174270956 0.908716505
1520616831.565220118 20.536616072 4.677566670 18.911639773 -0.007343539 0.326836091 -0.168323745 0.929941589
1520616831.615222216 20.540510865 4.686618984 18.958994159 0.000588271 0.273563547 -0.161482184 0.948201531
1520616831.665223122 20.549719132 4.683215524 19.009852037 0.006582302 0.220951689 -0.158651734 0.962271610
1520616831.715225220 20.548877025 4.681951020 19.057742290 0.017216057 0.175431503 -0.153352220 0.972322216
1520616831.765226126 20.547161061 4.683588143 19.097872365 0.030107232 0.133179642 -0.149757925 0.979249356
1520616831.815227985 20.542700599 4.684086155 19.144767522 0.043424458 0.088479086 -0.147450322 0.984146417
1520616831.865230083 20.547653719 4.681132881 19.187714943 0.054894664 0.041619178 -0.142755645 0.987357709
1520616831.912727594 20.543741015 4.683975399 19.235297500 0.065412078 -0.004404057 -0.137415360 0.988341481
1520616831.962729454 20.532137853 4.680624992 19.272251188 0.073896474 -0.051244156 -0.133298877 0.986987719
1520616832.012730837 20.517726907 4.684913547 19.308036911 0.082647887 -0.103890855 -0.127882797 0.982864185
1520616832.062732697 20.507017970 4.683371941 19.333660110 0.088999118 -0.166116754 -0.117061755 0.975079959
1520616832.112733603 20.480817358 4.686701847 19.354169122 0.098387748 -0.226370277 -0.104162778 0.963445102
1520616832.162735701 20.445658040 4.690972992 19.373984872 0.107302315 -0.286856597 -0.089663291 0.947713037
1520616832.212736607 20.416537052 4.689067134 19.383467087 0.112060275 -0.345001473 -0.073512246 0.928984622
1520616832.262738466 20.390156972 4.691303967 19.387726013 0.115036850 -0.400805959 -0.057692083 0.907079230
1520616832.312740803 20.361560055 4.699249338 19.390388532 0.115103860 -0.451741765 -0.043910266 0.883601928
1520616832.361881971 20.335220382 4.710391546 19.389048279 0.113738914 -0.502158324 -0.033740582 0.856599119
1520616832.411883831 20.316654078 4.712472616 19.386515120 0.107930175 -0.554229738 -0.022293277 0.825035444
1520616832.461884737 20.294044376 4.715860540 19.376661017 0.100312473 -0.603328758 -0.011208313 0.791079131
1520616832.511886835 20.274536298 4.720168862 19.366586824 0.091213374 -0.652442744 0.002028473 0.752326041
1520616832.561888933 20.258465088 4.724488584 19.346976809 0.083244446 -0.697383687 0.014224257 0.711705013
1520616832.611889839 20.245725054 4.724031024 19.317210075 -0.072427196 0.735544971 -0.030717911 -0.672892493
1520616832.661891937 20.232269381 4.726387022 19.291611270 -0.060884561 0.769016206 -0.047774957 -0.634527146
1520616832.711893797 20.217488977 4.723266010 19.262165050 -0.046728214 0.799223733 -0.065883321 -0.595581469
1520616832.761738777 20.208816439 4.727515963 19.228120867 -0.030847489 0.827394801 -0.089472540 -0.553589144
1520616832.811741114 20.204137482 4.721507200 19.187347487 -0.012852337 0.851825947 -0.108728817 -0.512255227
1520616832.861742020 20.194544317 4.709554096 19.142950893 0.002767617 0.868237481 -0.125293169 -0.480060036
1520616832.911743879 20.187409299 4.709797962 19.096919294 0.012363238 0.879344867 -0.143867518 -0.453764137
1520616832.961745024 20.178209608 4.693780794 19.047680429 0.028036316 0.887015170 -0.156306760 -0.433573812
1520616833.011745930 20.161134357 4.689942678 19.004584344 0.045342254 0.892349181 -0.174381904 -0.413821182
1520616833.061748743 20.147701335 4.682771126 18.960329875 0.064269919 0.895649298 -0.190062547 -0.396935689
1520616833.111749887 20.126488910 4.678918429 18.919147748 0.076564372 0.897166674 -0.202223046 -0.385143733
1520616833.161661386 20.106271987 4.673335573 18.878739239 0.085768380 0.896988151 -0.213707098 -0.377339791
1520616833.211663246 20.089083954 4.664947989 18.836960329 0.092159546 0.896244875 -0.229956709 -0.367928870
1520616833.261665106 20.074829509 4.650040379 18.792047293 0.096709421 0.893259684 -0.243535299 -0.365273846
1520616833.311669111 20.052685601 4.646118869 18.765041348 0.104154880 0.892995271 -0.249108975 -0.360077667
1520616833.361667156 20.027650818 4.647088702 18.715584412 0.114271781 0.890261272 -0.251028032 -0.362438621
1520616833.411669016 19.992108860 4.644217324 18.678621886 0.127315567 0.889898377 -0.246588095 -0.362030297
1520616833.461671352 19.965584553 4.632166092 18.643734797 0.142041277 0.889169584 -0.243532747 -0.360407446
1520616833.511672258 19.935828369 4.623823954 18.602378227 0.151759069 0.885810447 -0.245808084 -0.363163080
1520616833.561608076 19.905400997 4.608206138 18.563602158 0.160869619 0.880294129 -0.251202725 -0.368917882
1520616833.611609221 19.874407333 4.588813558 18.529501393 0.168742731 0.872862552 -0.260315610 -0.376659845
1520616833.661611080 19.837890105 4.574890288 18.512474985 0.173249135 0.864913342 -0.264935172 -0.389511236
1520616833.711611986 19.796370366 4.570493858 18.486088130 0.174293135 0.853422275 -0.271293635 -0.409502244
1520616833.761614084 19.761275779 4.570458866 18.467570768 0.172757578 0.842336847 -0.275017848 -0.430103056
1520616833.811614990 19.724757796 4.565155861 18.438323569 0.166848721 0.829064133 -0.275026969 -0.457355806
1520616833.861617088 19.686738718 4.545703175 18.416495721 0.159752506 0.815521625 -0.268074571 -0.487380385
1520616833.911619186 19.645650429 4.549040623 18.393687264 0.144994432 0.802929549 -0.263399674 -0.514685697
1520616833.961606264 19.603743670 4.548392591 18.378593545 0.127151902 0.789046872 -0.255776185 -0.543889668
1520616834.011608124 19.555608370 4.546553475 18.369205377 0.105121252 0.774951667 -0.244645059 -0.573191269
1520616834.061609268 19.506293280 4.533906448 18.351701604 0.081043159 0.758248712 -0.233652204 -0.603239210
1520616834.111611128 19.453675184 4.522793769 18.335063298 0.051064766 0.742419496 -0.219018713 -0.631059811
1520616834.161612272 19.407516067 4.525634330 18.335153668 0.013006404 0.732812178 -0.204204350 -0.648935843
1520616834.211614370 19.353944098 4.513524264 18.317568955 -0.029638003 0.722254782 -0.187769139 -0.664990503
1520616834.261616230 19.309471390 4.506410852 18.306858284 -0.076151337 0.713154729 -0.168224640 -0.676248311
1520616834.311617374 19.265509169 4.488518700 18.293889803 -0.119949355 0.706729560 -0.150245318 -0.680861091
1520616834.361657619 19.229815846 4.467651160 18.282346720 -0.159472500 0.703433219 -0.131649721 -0.680013661
1520616834.411658525 19.194659514 4.450270798 18.260981122 -0.199217765 0.701335922 -0.115946924 -0.674534297
1520616834.461659431 19.160283348 4.443326197 18.240356410 -0.239567231 0.700862054 -0.104060996 -0.663755401
1520616834.511660576 19.132477384 4.433198814 18.220142696 -0.277740644 0.703668312 -0.094121932 -0.647187843
1520616834.561663628 19.109141880 4.415905510 18.195686839 -0.313322217 0.711229157 -0.086567159 -0.623288377
1520616834.611664534 19.077895587 4.407092677 18.164471653 -0.348975958 0.720521892 -0.087177845 -0.592843999
1520616834.661666632 19.052093096 4.396558649 18.137162079 -0.384677832 0.732147133 -0.090320121 -0.554820526
1520616834.711667538 19.043751059 4.379459748 18.117602312 -0.417533552 0.747961312 -0.086528388 -0.508657494
1520616834.761668682 19.043751059 4.379459748 18.117602312 -0.417533552 0.747961312 -0.086528388 -0.508657494
1520616834.811499596 19.031437039 4.373368505 18.077080174 -0.449380207 0.760665877 -0.091640516 -0.459398378
1520616834.861500502 19.031437039 4.373368505 18.077080174 -0.449380207 0.760665877 -0.091640516 -0.459398378
1520616834.911502361 19.031437039 4.373368505 18.077080174 -0.449380207 0.760665877 -0.091640516 -0.459398378
1520616834.961504698 19.031437039 4.373368505 18.077080174 -0.449380207 0.760665877 -0.091640516 -0.459398378
1520616835.011505604 19.031437039 4.373368505 18.077080174 -0.449380207 0.760665877 -0.091640516 -0.459398378
1520616835.061507463 19.031437039 4.373368505 18.077080174 -0.449380207 0.760665877 -0.091640516 -0.459398378
1520616835.111508608 19.031437039 4.373368505 18.077080174 -0.449380207 0.760665877 -0.091640516 -0.459398378
1520616835.161510468 19.031437039 4.373368505 18.077080174 -0.449380207 0.760665877 -0.091640516 -0.459398378
1520616835.212774992 19.031437039 4.373368505 18.077080174 -0.449380207 0.760665877 -0.091640516 -0.459398378
1520616835.262776852 18.984694135 4.387642864 18.015726592 -0.461005145 0.769777890 -0.110258311 -0.427503639
1520616835.312777996 19.042932330 4.275528263 17.971838867 -0.459742155 0.789348138 -0.094157212 -0.395854882
1520616835.362780094 19.002038051 4.288236651 17.916749610 -0.458020720 0.804262060 -0.109583140 -0.362451507
1520616835.412781000 18.999379078 4.262828820 17.867964259 -0.452606958 0.820277368 -0.115352863 -0.330129820
1520616835.462783098 18.972653861 4.261593451 17.819561619 -0.445603258 0.834773917 -0.129594750 -0.296302962
1520616835.512784958 18.973716714 4.243917046 17.780713027 -0.435807894 0.850269760 -0.138071497 -0.260862179
1520616835.562786102 18.980619737 4.231748574 17.723418833 -0.422383555 0.864697354 -0.151438967 -0.225736258
1520616835.613473654 18.980619737 4.231748574 17.723418833 -0.422383555 0.864697354 -0.151438967 -0.225736258
1520616835.663474560 18.971387271 4.229184458 17.664190542 -0.408631589 0.876586483 -0.165978402 -0.192529303
1520616835.713476419 18.962710436 4.223244144 17.602024118 -0.393640267 0.887591508 -0.178903642 -0.158814805
1520616835.763478518 18.953115850 4.225913170 17.538524918 -0.377558442 0.896685764 -0.193710484 -0.126017901
1520616835.813479424 18.944842328 4.213583179 17.478280170 -0.362397018 0.903776531 -0.207938251 -0.092833543
1520616835.863481522 18.964758211 4.195878706 17.433166862 -0.340224070 0.913680440 -0.214876062 -0.057130666
1520616835.913483620 18.966089962 4.187586429 17.377399817 -0.318304017 0.921401564 -0.222417658 -0.015234721
1520616835.963484526 18.978997397 4.172676233 17.317259338 -0.301237146 0.925547307 -0.227784940 0.027062611
1520616836.012620211 19.000766298 4.154903283 17.266108595 -0.286980959 0.927535447 -0.230061489 0.066269407
1520616836.062621355 19.018133345 4.139788540 17.218751863 -0.271573171 0.928736494 -0.227480119 0.109313004
1520616836.112623215 19.039215312 4.132960546 17.169186142 -0.254848131 0.928275171 -0.222922008 0.153829179
1520616836.162625074 19.065459805 4.134093191 17.117834731 -0.242237265 0.925756893 -0.215808919 0.194220991
1520616836.212626219 19.102377068 4.134107966 17.071732710 -0.228808954 0.923782430 -0.205066615 0.228517326
1520616836.262627125 19.132244549 4.135118638 17.027345481 -0.210932900 0.922308936 -0.192961743 0.260037120
1520616836.312628984 19.165588456 4.133805459 16.985527567 -0.198362220 0.920460440 -0.178647810 0.285464476
1520616836.362630129 19.196121566 4.131061248 16.945591436 -0.189282510 0.917858597 -0.164135885 0.307842718
1520616836.412460089 19.229182625 4.121290068 16.910499282 -0.187041863 0.915182442 -0.148523258 0.324649473
1520616836.462462187 19.266422077 4.113437049 16.879310247 -0.178379820 0.914446124 -0.131185034 0.338761587
1520616836.512463093 19.301560386 4.103817568 16.847353870 -0.168973802 0.913473179 -0.114109326 0.352127346
1520616836.562465191 19.339311849 4.089899355 16.819895777 -0.160530477 0.911957626 -0.098026837 0.364628569
1520616836.612475157 19.370198230 4.070042783 16.791739922 -0.152086631 0.907886091 -0.083232489 0.381686855
1520616836.662468195 19.403527319 4.053653113 16.766264942 -0.140344677 0.902811301 -0.072068237 0.400051616
1520616836.712469101 19.449354856 4.045560962 16.748309722 -0.126905609 0.897919764 -0.063157021 0.416708837
1520616836.762471199 19.488797481 4.031446500 16.726792019 -0.120786811 0.890830755 -0.056492301 0.434326758
1520616836.812472105 19.524628626 4.015327641 16.703906331 -0.119421597 0.881717952 -0.052165512 0.453421100
1520616836.863658428 19.555966028 3.990758659 16.675060937 -0.119961413 0.870409982 -0.054201071 0.474402748
1520616836.913659573 19.597208457 3.966988812 16.655569317 -0.116380922 0.858680232 -0.056922979 0.495866428
1520616836.963661432 19.632634726 3.938182328 16.634135299 -0.111546026 0.847986927 -0.060699152 0.514578729
1520616837.013662338 19.658827131 3.897426344 16.608687167 -0.111538166 0.836793035 -0.062943906 0.532329521
1520616837.063664436 19.688555290 3.865340789 16.584036444 -0.108172704 0.827223488 -0.067110529 0.547262409
1520616837.113666296 19.721643097 3.831592079 16.559507616 -0.110505886 0.819628969 -0.074345837 0.557197900
1520616837.163667202 19.750482797 3.807881667 16.524596713 -0.107326685 0.812917442 -0.080801879 0.566672102
1520616837.213669538 19.771685548 3.794046997 16.492962858 -0.109238179 0.806542434 -0.089361379 0.574082630
1520616837.264724493 19.800997430 3.776171162 16.454327335 -0.111575772 0.803324901 -0.096308688 0.577013506
1520616837.314726591 19.830381150 3.757806716 16.420769194 -0.111976419 0.801502576 -0.103159700 0.578284514
1520616837.364727497 19.851273081 3.773996189 16.393368142 -0.115058126 0.799726025 -0.115716944 0.577762496
1520616837.414729595 19.883307536 3.757075975 16.351107526 -0.124312573 0.801878467 -0.125725112 0.570728047
1520616837.464731455 19.910007287 3.748292592 16.298374008 -0.136263826 0.803680110 -0.138878176 0.562355139
1520616837.514732361 19.937032357 3.738881586 16.250340483 -0.144603882 0.806597037 -0.150446780 0.553043130
1520616837.564734459 19.964582520 3.721858407 16.204822140 -0.153389336 0.809862735 -0.159720055 0.543215947
1520616837.614735365 19.998705432 3.713231998 16.170232438 -0.161251980 0.813874034 -0.168029774 0.532327767
1520616837.665124178 20.023398441 3.696384322 16.123556210 -0.168287614 0.815873674 -0.174021205 0.525115271
1520616837.715126038 20.048671808 3.686443629 16.083320441 -0.173929441 0.817107618 -0.178791206 0.519728193
1520616837.765128136 20.078442921 3.681434710 16.050833737 -0.184885015 0.816847439 -0.185903952 0.513826346
1520616837.815128088 20.105394277 3.679759800 16.005601664 -0.197779949 0.814540355 -0.194399935 0.509525041
1520616837.865130186 20.140367852 3.678654382 15.968727972 -0.209556461 0.813555599 -0.195701668 0.505879663
1520616837.915132046 20.179054874 3.678589586 15.941277830 -0.221021321 0.814266431 -0.189369223 0.502253971
1520616837.965133190 20.204608091 3.675401091 15.886914016 -0.232121096 0.813682503 -0.182632702 0.500685408
1520616838.015135050 20.238200275 3.676556001 15.847568676 -0.242247870 0.813910832 -0.175066508 0.498213654
1520616838.065294027 20.273336992 3.672095931 15.806460508 -0.251956994 0.813135440 -0.173280565 0.495279996
1520616838.115295172 20.303946470 3.663916345 15.762100778 -0.261698524 0.809860014 -0.177613321 0.494058852
1520616838.165297031 20.335664616 3.654707258 15.732839518 -0.267737085 0.806273318 -0.184082224 0.494321682
1520616838.215297937 20.370677689 3.638582758 15.712396668 -0.274080974 0.799952830 -0.191055587 0.498450451
1520616838.265330076 20.408581976 3.629636032 15.694532263 -0.276302062 0.793553981 -0.196583380 0.505256593
1520616838.315300941 20.454666478 3.620609170 15.671523465 -0.276890243 0.786810389 -0.200761707 0.513766427
1520616838.365302801 20.499939009 3.613412749 15.658717141 -0.277393326 0.781891737 -0.204883328 0.519346779
1520616838.415303946 20.549505526 3.610994955 15.650594238 -0.276986624 0.778680069 -0.209029401 0.522725998
1520616838.464853287 20.598743482 3.609983999 15.632078844 -0.276656181 0.773739705 -0.214570902 0.527965485
1520616838.514854431 20.655557875 3.607082158 15.615619847 -0.277498015 0.767433360 -0.220846677 0.534104516
1520616838.564856529 20.703784432 3.599110188 15.598260581 -0.276741045 0.761261233 -0.223906031 0.541997987
1520616838.614857197 20.756543522 3.601398046 15.585948376 -0.272407372 0.757147040 -0.226679275 0.548761413
1520616838.664859533 20.815231441 3.602205195 15.578001809 -0.271091068 0.750282405 -0.230762743 0.557076747
1520616838.714861393 20.877356546 3.604412872 15.576590833 -0.268520196 0.743280050 -0.234286970 0.566163658
1520616838.764862299 20.936372164 3.615800350 15.578860971 -0.260178829 0.741359010 -0.231038727 0.573859653
1520616838.814864397 20.990565762 3.622034820 15.572530105 -0.251041888 0.739066116 -0.220985684 0.584743170
1520616838.864038229 21.040707245 3.632126286 15.556337597 -0.242707096 0.736397358 -0.206810636 0.596692180
1520616838.914040089 21.095604677 3.651664484 15.546747168 -0.234982482 0.735096931 -0.191118940 0.606538775
1520616838.964040995 21.147283752 3.675399261 15.535734340 -0.224448330 0.734918405 -0.172427628 0.616268284
1520616839.014043331 21.199666300 3.708583762 15.531376651 -0.210972688 0.736095988 -0.152608614 0.624791030
1520616839.064045191 21.259039823 3.739249097 15.524070777 -0.195759702 0.735526707 -0.128452753 0.635750339
1520616839.114046097 21.319248104 3.779439413 15.522058767 -0.178339338 0.735077845 -0.106590271 0.645363585
1520616839.164048195 21.372556908 3.809085829 15.518082404 -0.171216575 0.732015737 -0.085388138 0.653870561
1520616839.214049101 21.427123677 3.833978422 15.517654933 -0.167382899 0.726921910 -0.067146361 0.662615174
1520616839.264050961 21.485700838 3.858536932 15.521532297 -0.159010923 0.719761686 -0.050688356 0.673861508
1520616839.313209534 21.536087448 3.869654132 15.524095539 -0.151823260 0.715026590 -0.033551234 0.681587110
1520616839.363210440 21.588011929 3.874494317 15.526174287 -0.141828849 0.708885283 -0.017977358 0.690683030
1520616839.413212299 21.640039107 3.881967701 15.529496863 -0.131318508 0.703949310 -0.007955356 0.697959548
1520616839.463213444 21.696290017 3.885567510 15.534389965 -0.124793565 0.701635512 -0.001877434 0.701520242
1520616839.513216257 21.747415289 3.880839036 15.536524613 -0.117057680 0.698403057 0.001339349 0.706065773
1520616839.563216448 21.800342078 3.874286047 15.536861420 -0.103514028 0.695970282 0.000903812 0.710569769
1520616839.613218307 21.861280810 3.861147065 15.542010253 -0.086782438 0.693990792 -0.000939138 0.714734012
1520616839.663219213 21.919625709 3.848759026 15.529877555 -0.065464631 0.693600000 -0.005818993 0.717355951
1520616839.712883234 21.974783191 3.836803201 15.516323542 -0.043047202 0.696087127 -0.010832262 0.716583779
1520616839.762885332 22.034435803 3.822069808 15.496169569 -0.022174036 0.701717567 -0.014610309 0.711960187
1520616839.812886477 22.092290848 3.810889763 15.470187813 -0.003694109 0.708694373 -0.019704135 0.705230733
1520616839.862888336 22.148806317 3.797711323 15.437968570 0.006146353 0.720144110 -0.025713966 0.693320614
1520616839.912935257 22.197129153 3.785047031 15.395838781 0.010919805 0.736134620 -0.032163600 0.675982309
1520616839.962891340 22.247729005 3.771533089 15.351926421 0.010310271 0.756213269 -0.038584306 0.653105230
1520616840.012892246 22.297431049 3.769714152 15.300301625 0.011494510 0.772788514 -0.048541668 0.632700163
1520616840.062894344 22.352321396 3.759963018 15.256918659 0.009042519 0.787989248 -0.060302430 0.612662056
1520616840.112398863 22.396466173 3.752980389 15.206450178 0.005198178 0.800181935 -0.076600552 0.594822835
1520616840.162400961 22.437515131 3.754058311 15.148063137 -0.005029918 0.810832256 -0.095019929 0.577491962
1520616840.212402105 22.462737056 3.745382366 15.086142166 -0.018873967 0.820340056 -0.107134797 0.561433968
1520616840.262403965 22.505660849 3.748688842 15.017352115 -0.037338768 0.826938743 -0.112929735 0.549568019
1520616840.312405825 22.540026845 3.740333231 14.961280244 -0.056499967 0.831104228 -0.112582819 0.541662834
1520616840.362406969 22.576781457 3.731281735 14.916103272 -0.074154204 0.832571917 -0.116345117 0.536459663
1520616840.412408829 22.616559970 3.719337741 14.861447263 -0.095180033 0.830984290 -0.129247334 0.532635895
1520616840.462409973 22.658384108 3.706229246 14.819778799 -0.113474935 0.826998231 -0.147372933 0.530545552
1520616840.512948751 22.696070628 3.686084152 14.776529563 -0.130643441 0.819514454 -0.165701753 0.532795721
1520616840.562949896 22.740581220 3.677107158 14.743134675 -0.144900965 0.811074791 -0.188835110 0.534324522
1520616840.612951994 22.788645562 3.662462221 14.708208712 -0.160334897 0.801727832 -0.207519617 0.537085480
1520616840.662953854 22.822375322 3.652619371 14.665292010 -0.175063899 0.791944660 -0.225593543 0.539707180
1520616840.712954998 22.868319409 3.649116953 14.626043012 -0.190740061 0.780274321 -0.243804322 0.543460823
1520616840.762956858 22.921078222 3.643496653 14.599798009 -0.206437916 0.764910833 -0.263664505 0.550250700
1520616840.812958002 22.976104266 3.630320146 14.572361225 -0.221309719 0.744566274 -0.286109186 0.561056687
1520616840.862959862 23.033458588 3.615905246 14.557575510 -0.232222954 0.718909151 -0.312561809 0.575801396
1520616840.913885832 23.101621549 3.602315251 14.572379069 -0.241513469 0.691051077 -0.334011730 0.593764109
1520616840.963887930 23.163802262 3.594949141 14.586862136 -0.249496511 0.658453918 -0.355016789 0.614941467
1520616841.013888836 23.220212358 3.585329752 14.589255446 -0.253741333 0.623157114 -0.372956856 0.638900408
1520616841.063889742 23.280252767 3.575885233 14.603869049 -0.256047040 0.585704696 -0.387168851 0.664447292
1520616841.113891840 23.341201040 3.567599044 14.635277884 -0.260716285 0.549152316 -0.396493925 0.687932642
1520616841.163893938 23.391138323 3.576046549 14.655352737 -0.267215390 0.511150315 -0.401090635 0.711651314
1520616841.213894844 23.441526874 3.572432190 14.694098061 -0.274584127 0.474611097 -0.393698847 0.737800164
1520616841.263895988 23.492075999 3.588736254 14.715674774 -0.275366526 0.439359161 -0.383139486 0.764421964
1520616841.313215733 23.535621951 3.612645339 14.739537883 -0.274101914 0.405249539 -0.370988636 0.789308801
1520616841.363217831 23.587315755 3.621585521 14.763408373 -0.273234896 0.370885240 -0.355476108 0.813279513
1520616841.413218737 23.625780862 3.654599027 14.783913335 -0.265175416 0.340726964 -0.340721849 0.835162114
1520616841.463220835 23.665537679 3.680118286 14.812631104 -0.254057366 0.311288772 -0.325013754 0.856107595
1520616841.513221741 23.704798899 3.701434493 14.835671056 -0.240529097 0.280776438 -0.306991039 0.876964565
1520616841.563284874 23.742791035 3.724554953 14.866344818 -0.229068664 0.248609581 -0.285777533 0.896689481
1520616841.613224745 23.766810816 3.755837434 14.888855207 -0.221104622 0.217195555 -0.263323214 0.913564295
1520616841.663226604 23.787595673 3.784422421 14.924031778 -0.215620855 0.189530310 -0.237806297 0.927919217
1520616841.713227987 23.820221100 3.826376758 14.960678272 -0.208756437 0.167027141 -0.208623088 0.940743903
1520616841.762060165 23.833999134 3.846872467 14.992588752 -0.208035367 0.149302501 -0.185188038 0.948754678
1520616841.812061071 23.840774280 3.876926070 15.029078179 -0.206231099 0.132164083 -0.159375832 0.956347601
1520616841.862063169 23.855883417 3.892635684 15.063002355 -0.205965419 0.111550090 -0.126824683 0.963872566
1520616841.912065029 23.870999642 3.933564980 15.094751157 -0.200022699 0.095941981 -0.098187158 0.970126455
1520616841.962065935 23.880855181 3.959289092 15.126455414 -0.193057577 0.084483743 -0.070901958 0.974968810
1520616842.012068272 23.883300107 4.003044330 15.162259898 -0.183677131 0.078810744 -0.047203048 0.978684551
1520616842.062069178 23.894534487 4.022594357 15.199824542 -0.179737397 0.070496049 -0.017444729 0.981030304
1520616842.112071037 23.897327311 4.042586693 15.237202393 -0.180667849 0.063131829 0.012518254 0.981436087
1520616842.161650896 23.900459379 4.059414821 15.275043643 -0.186289197 0.052728927 0.034931846 0.980456915
1520616842.211652756 23.908103601 4.078495225 15.324008573 -0.197346476 0.042030905 0.054957583 0.977889276
1520616842.261654854 23.910999479 4.103244233 15.362929736 -0.205597292 0.031706129 0.084031826 0.974506607
1520616842.311655760 23.897723413 4.133817305 15.414792331 -0.213521925 0.022818325 0.116807301 0.969661676
1520616842.361657619 23.895536909 4.158888867 15.448444652 -0.216240519 0.011954993 0.153007095 0.964202232
1520616842.411658764 23.907027775 4.197472681 15.485365159 -0.213401025 -0.005330203 0.185379639 0.959200699
1520616842.461660862 23.896002272 4.220841845 15.536179653 -0.214224423 -0.018977931 0.209859776 0.953785410
1520616842.511662722 23.881488541 4.253771624 15.573141117 -0.213361648 -0.034161329 0.231763634 0.948470046
1520616842.561522484 23.882812878 4.273546443 15.609069365 -0.216959615 -0.055049466 0.249038935 0.942272620
1520616842.611523628 23.872917161 4.287907777 15.643364298 -0.220625487 -0.076759406 0.263870908 0.935844288
1520616842.661525488 23.861695600 4.297697307 15.683193428 -0.227419823 -0.095225379 0.273956136 0.929602274
1520616842.711527586 23.876009402 4.295935447 15.723465233 -0.234071088 -0.118265456 0.283861540 0.922305066
1520616842.761529446 23.871396805 4.311573891 15.763129331 -0.234023457 -0.136677823 0.293612666 0.916702676
1520616842.811530590 23.863023408 4.316867211 15.802288672 -0.234261134 -0.152324988 0.300267952 0.912007662
1520616842.861531496 23.856197151 4.316712842 15.841361557 -0.238035901 -0.171446589 0.301222496 0.907309200
1520616842.911533594 23.858290529 4.342042576 15.883509205 -0.238679723 -0.192923958 0.294834409 0.904922653
1520616842.961703062 23.857439390 4.359828258 15.928475679 -0.239066283 -0.211886661 0.284159207 0.903993861
1520616843.011704206 23.847657282 4.383886152 15.974556147 -0.234461986 -0.230701734 0.270869475 0.904673430
1520616843.061706066 23.841972995 4.402603794 16.015458538 -0.226493868 -0.250468859 0.254525642 0.906191247
1520616843.111707926 23.832588614 4.424812871 16.056699738 -0.212013540 -0.268353253 0.234318375 0.910017412
1520616843.161709070 23.818276936 4.441903201 16.097841435 -0.195414966 -0.283439597 0.214203916 0.914107033
1520616843.211785078 23.807861918 4.459970009 16.140780980 -0.176770871 -0.300951341 0.196018088 0.916382703
1520616843.261712074 23.794510259 4.474872610 16.184123137 -0.157893673 -0.318960697 0.172183224 0.918524142
1520616843.311713219 23.783737796 4.487387698 16.228327682 -0.135747036 -0.337860841 0.143828087 0.920182740
1520616843.361652851 23.761229917 4.485642337 16.266350009 -0.119090350 -0.358607823 0.122800352 0.917680768
1520616843.411653996 23.740266052 4.495600282 16.298794870 -0.105661297 -0.384104089 0.106200011 0.911055046
1520616843.461655855 23.716563978 4.519247027 16.330328762 -0.091304028 -0.406020367 0.088095931 0.905013891
1520616843.511657715 23.692883094 4.539668574 16.365966281 -0.082496019 -0.424236158 0.071019104 0.898985192
1520616843.561658859 23.655389996 4.553213535 16.398394732 -0.078213540 -0.437547150 0.059311984 0.893821695
1520616843.611660957 23.616208930 4.564416347 16.425289898 -0.075811897 -0.451637043 0.051841404 0.887462115
1520616843.661661863 23.569179656 4.576967520 16.449911259 -0.072762118 -0.464288745 0.048483902 0.881357446
1520616843.711663961 23.524663516 4.592995492 16.476476752 -0.065244017 -0.477880642 0.049331229 0.874608335
1520616843.761664867 23.479771046 4.601584017 16.493736089 -0.058845813 -0.493397350 0.055626430 0.866026516
1520616843.811615944 23.426106470 4.606894793 16.512990470 -0.055658863 -0.509658860 0.070049302 0.855712003
1520616843.861617804 23.369209857 4.600975399 16.520445040 -0.054733837 -0.519561594 0.086328643 0.848296718
1520616843.911618948 23.315009610 4.594934617 16.533668476 -0.058834590 -0.527278102 0.107588232 0.840797875
1520616843.961620808 23.262230411 4.591551234 16.545920399 -0.063395498 -0.530665366 0.130053959 0.835141454
1520616844.011621952 23.208806939 4.582520572 16.556477315 -0.070319751 -0.529304207 0.153549719 0.831453350
1520616844.061623812 23.155338556 4.577422567 16.569642593 -0.081925638 -0.524956023 0.171968371 0.829539778
1520616844.111624718 23.098966034 4.572745430 16.581671018 -0.097660845 -0.518517056 0.186022074 0.828853552
1520616844.161627054 23.042726931 4.584418591 16.590147939 -0.112769823 -0.511706508 0.198573919 0.828255888
1520616844.211800814 22.994077593 4.579833081 16.602412225 -0.134182201 -0.504489226 0.209397417 0.826824334
1520616844.261802912 22.935529733 4.577311449 16.620480248 -0.150874554 -0.492882882 0.217717289 0.828795822
1520616844.311803818 22.884336646 4.570280893 16.646925730 -0.164787959 -0.473937314 0.224363358 0.835397770
1520616844.361805916 22.837883415 4.565879242 16.681219068 -0.172846688 -0.447175856 0.234012700 0.845810755
1520616844.411806822 22.792967327 4.547232373 16.717203533 -0.183194596 -0.413858214 0.247167499 0.856778470
1520616844.461808681 22.752800039 4.541384907 16.763347335 -0.190823514 -0.375057095 0.258520747 0.869531820
1520616844.511809826 22.717209836 4.539160841 16.809808483 -0.201011805 -0.329501815 0.265168451 0.883577105
1520616844.561810732 22.671939986 4.532345288 16.858812963 -0.211489057 -0.282183888 0.275588688 0.894256958
1520616844.612122774 22.642529426 4.532406243 16.907624173 -0.223978901 -0.238363177 0.282169849 0.901885039
1520616844.662124634 22.613330832 4.539138206 16.954158695 -0.234464375 -0.196284596 0.286148230 0.908084800
1520616844.712125540 22.591391972 4.552507960 16.999960905 -0.243187682 -0.159473178 0.288557264 0.912229556
1520616844.762127638 22.567393936 4.565912810 17.049700516 -0.252647508 -0.118361961 0.290433868 0.915318443
1520616844.812128544 22.542929363 4.578899400 17.100645090 -0.257634394 -0.079625779 0.293336781 0.917190159
1520616844.862220526 22.526393515 4.595685575 17.147224288 -0.258951648 -0.044411150 0.293789408 0.919053577
1520616844.912131786 22.508597845 4.611920439 17.199532100 -0.255788959 -0.009457266 0.292270989 0.921444647
1520616844.962133646 22.498254189 4.627970458 17.251636023 -0.253677210 0.027400496 0.288917171 0.922726370
1520616845.012325287 22.490355821 4.642551163 17.302008679 -0.251221480 0.065974658 0.289859194 0.921149695
1520616845.062327385 22.486293086 4.657181991 17.350781090 -0.246412350 0.100822473 0.289038032 0.919550324
1520616845.112329245 22.488521541 4.679142026 17.395069408 -0.239207371 0.139490902 0.281035819 0.918880292
1520616845.162330151 22.493012460 4.695268513 17.439145931 -0.229215365 0.174638929 0.272802468 0.917899980
1520616845.212332487 22.506437224 4.715587891 17.474996250 -0.214207285 0.203078502 0.262498453 0.918677813
1520616845.262333393 22.517461448 4.737073540 17.513025406 -0.196776135 0.231297140 0.245456967 0.920614829
1520616845.312335253 22.528045073 4.759031822 17.551661620 -0.179466269 0.255880919 0.226643309 0.922469308
1520616845.362336397 22.542941911 4.781293528 17.585487318 -0.163032275 0.275269704 0.210360306 0.923794138
1520616845.412337542 22.558074850 4.802700344 17.618732520 -0.150612652 0.292646449 0.192553254 0.924444227
1520616845.462339640 22.572908296 4.825313645 17.651224136 -0.143504172 0.309277679 0.172858273 0.924052968
1520616845.512340546 22.594526933 4.853962136 17.683264923 -0.136536393 0.323773647 0.153644371 0.923537680
1520616845.562342405 22.614818758 4.877481330 17.717596375 -0.130750791 0.337386415 0.136295297 0.922224609
1520616845.612343550 22.634937219 4.893389408 17.752811704 -0.128271084 0.354463080 0.115931893 0.918946272
1520616845.662345648 22.662479957 4.913624192 17.785177167 -0.129108570 0.369394059 0.091732956 0.915676838
1520616845.712346792 22.686522449 4.922408922 17.822099295 -0.134926227 0.383733507 0.073289209 0.910588931
1520616845.762348652 22.710875611 4.940091666 17.854687365 -0.142912971 0.392420334 0.055728929 0.906904874
1520616845.812120676 22.735243009 4.960206290 17.887236229 -0.151666165 0.402658564 0.044394062 0.901605580
1520616845.862122536 22.769423828 4.986104039 17.913186188 -0.156858661 0.411901712 0.036154505 0.896897537
1520616845.912123680 22.794568118 5.009168462 17.950734395 -0.162170632 0.426622694 0.027627732 0.889342719
1520616845.962124586 22.825974276 5.045485429 17.986023904 -0.163069259 0.438277343 0.020322192 0.883690215
1520616846.012126446 22.862054016 5.075009163 18.018002610 -0.163276800 0.450409832 0.018143189 0.877577629
1520616846.062128782 22.896521505 5.102102103 18.050027899 -0.164897110 0.460600676 0.013323569 0.872054152
1520616846.112129688 22.923888633 5.123498476 18.089962679 -0.165046469 0.464059378 0.005274152 0.870276243
1520616846.162130594 22.950736458 5.141186158 18.128831081 -0.162673447 0.468861321 0.000193230 0.868162643
1520616846.212132692 22.982324571 5.158582413 18.162240402 -0.158469497 0.471228101 -0.002913444 0.867653737
1520616846.261890650 23.012199600 5.173871701 18.198900004 -0.154064888 0.470278446 -0.004825691 0.868952764
1520616846.311891556 23.042555969 5.191167620 18.234475036 -0.151238269 0.471272089 -0.007213818 0.868894450
1520616846.361893415 23.067110835 5.207274260 18.275914392 -0.147282574 0.473694798 -0.009952506 0.868229249
1520616846.411895752 23.094079709 5.223529915 18.325665058 -0.144736066 0.476210539 -0.013340211 0.867235281
1520616846.461896658 23.119803013 5.245755681 18.375104531 -0.139617604 0.479156860 -0.019303159 0.866338857
1520616846.512002707 23.150350946 5.269878315 18.422089520 -0.133084372 0.483207256 -0.027223425 0.864903569
1520616846.561899662 23.181482512 5.292832662 18.468037746 -0.126039553 0.488177908 -0.034937516 0.862888018
1520616846.611900568 23.217365045 5.315621613 18.503121682 -0.118407570 0.491459588 -0.041733119 0.861803613
1520616846.661718130 23.247098652 5.339414234 18.542131128 -0.110997604 0.495342963 -0.046688405 0.860311033
1520616846.711720228 23.279247852 5.360158460 18.587056960 -0.111397165 0.502899263 -0.051413078 0.855593185
1520616846.761721134 23.306166152 5.378065614 18.630292280 -0.115609455 0.512235209 -0.054974076 0.849251079
1520616846.811722994 23.335103201 5.393932118 18.673642377 -0.120728514 0.524449080 -0.057101829 0.840902592
1520616846.861724138 23.360842288 5.411600788 18.717692041 -0.127584379 0.541911946 -0.063009344 0.828301570
1520616846.911726236 23.389988294 5.432968383 18.761028095 -0.133943726 0.559213782 -0.066834772 0.815396920
1520616846.961727381 23.422138596 5.453905122 18.797017654 -0.137499409 0.576546230 -0.068830786 0.802465376
1520616847.011729240 23.452624305 5.470150992 18.842261001 -0.140163154 0.594774757 -0.069412113 0.788529795
1520616847.061585426 23.487735875 5.494441335 18.854557869 -0.135173146 0.603063664 -0.068762060 0.783143804
1520616847.111586332 23.517408973 5.511018669 18.901360576 -0.131588674 0.615172227 -0.069730576 0.774199715
1520616847.161588430 23.555667829 5.531438634 18.931343890 -0.126242102 0.622606667 -0.072369291 0.768886569
1520616847.211589575 23.587854610 5.546667620 18.972396298 -0.124148222 0.632458453 -0.073846981 0.761006011
1520616847.261591434 23.619044170 5.564079498 19.008300643 -0.123589572 0.646895527 -0.075550366 0.748694823
1520616847.311593294 23.650028965 5.579235202 19.047435061 -0.122429916 0.661668383 -0.075207774 0.735900576
1520616847.361594439 23.678241544 5.587005469 19.085386886 -0.122461527 0.671277560 -0.073747037 0.727290166
1520616847.411595345 23.707425800 5.595259619 19.120203371 -0.125777872 0.678571622 -0.075062975 0.719781932
1520616847.461848259 23.739211797 5.606747190 19.160800805 -0.130581637 0.688146098 -0.081422605 0.709065401
1520616847.511849165 23.768528648 5.615936793 19.192721250 -0.132886944 0.696818329 -0.089371729 0.699140881
1520616847.561851263 23.802805847 5.628731765 19.225678191 -0.132808548 0.704277384 -0.098776698 0.690361080
1520616847.611853123 23.837657938 5.637913455 19.253606964 -0.128314255 0.711095301 -0.113006851 0.681988546
1520616847.661854029 23.877598480 5.643300196 19.288375680 -0.116464612 0.720807847 -0.133929219 0.670026124
1520616847.711855173 23.919613071 5.647835188 19.318336892 -0.099107149 0.729078974 -0.160743777 0.657862494
1520616847.761857033 23.954200387 5.644725525 19.339595201 -0.082018348 0.730886853 -0.186002437 0.651521674
1520616847.811857939 23.990951107 5.639264505 19.370577317 -0.067038074 0.735958622 -0.206092712 0.641402056
1520616847.862051725 24.024477320 5.638818074 19.391968368 -0.056698765 0.741459384 -0.218245458 0.631974803
1520616847.912052870 24.058770000 5.636618566 19.409420702 -0.052027100 0.747117129 -0.224785751 0.623362288
1520616847.962054729 24.089577132 5.628688922 19.430607446 -0.051768319 0.752807793 -0.227902188 0.615354418
1520616848.012055874 24.120720674 5.628665891 19.448060789 -0.047348138 0.758424320 -0.234016291 0.606454517
1520616848.062057734 24.152863176 5.611529188 19.462770850 -0.037503920 0.764600523 -0.238318227 0.597648658
1520616848.112060785 24.185278686 5.606694642 19.470071048 -0.017560033 0.770595795 -0.245369879 0.587934851
1520616848.162060976 24.219965239 5.604260274 19.476091723 0.006621741 0.776855263 -0.248178003 0.578670659
1520616848.212061882 24.248961687 5.596231902 19.486197666 0.033143989 0.784834876 -0.247513286 0.567162116
1520616848.262063742 24.274081989 5.585131053 19.487392648 0.056175782 0.795005850 -0.242874322 0.553011794
1520616848.311651468 24.303718866 5.599672979 19.480167545 0.077665120 0.809428655 -0.243254942 0.528791467
1520616848.361652374 24.321711642 5.589004145 19.473350539 0.096374207 0.825387579 -0.239170217 0.502239946
1520616848.411654472 24.336228470 5.581636929 19.459998323 0.111685373 0.839498195 -0.237659520 0.475696448
1520616848.461655378 24.342811384 5.576592178 19.437168605 0.123484269 0.853329902 -0.236847643 0.447753177
1520616848.511657238 24.348694366 5.580689281 19.408736414 0.137459304 0.868092344 -0.238271746 0.413215680
1520616848.561658382 24.351269391 5.574441169 19.381706768 0.150559787 0.883129503 -0.240126320 0.373836036
1520616848.611660480 24.353031780 5.565655157 19.356005179 0.165787518 0.896252041 -0.244604912 0.330779706
1520616848.661662340 24.345441909 5.553917518 19.326981876 0.181379334 0.907180071 -0.251967792 0.283968463
1520616848.711436987 24.329100556 5.552027768 19.295115041 0.193134787 0.916553805 -0.262335236 0.231966165
1520616848.761439085 24.310740278 5.546186323 19.261473906 0.205240136 0.924376227 -0.266919963 0.179328777
1520616848.811439991 24.281895163 5.543437854 19.229613867 0.214174601 0.930268119 -0.267403163 0.131247914
1520616848.861441851 24.250242581 5.541553773 19.197156695 0.219220658 0.934622417 -0.266490129 0.086059581
1520616848.911442995 24.211586746 5.542002608 19.162522656 0.220531583 0.937602647 -0.265503297 0.042131903
1520616848.961444855 24.171184906 5.532275140 19.136990148 0.218496036 0.939508290 -0.263719325 -0.005981087
1520616849.011445761 24.122474358 5.532895468 19.105920638 0.212801901 0.938430711 -0.266689665 -0.054219677
1520616849.061448097 24.069945804 5.533173458 19.077182532 0.203752072 0.934963088 -0.271484177 -0.103079863
1520616849.111587048 24.019860677 5.538504928 19.043139989 0.190251597 0.928943914 -0.278683499 -0.152325449
1520616849.161587954 23.958665517 5.542096171 19.013988222 0.172469376 0.922420053 -0.284675031 -0.195846080
1520616849.211590052 23.899421120 5.547365136 18.988334768 0.150742626 0.916595829 -0.285941031 -0.235300816
1520616849.261592150 23.843154290 5.552323223 18.964978554 0.129032119 0.912526065 -0.281991025 -0.266698246
1520616849.311594009 23.788263258 5.558030296 18.938369881 0.107670741 0.908343185 -0.274579393 -0.296522895
1520616849.361594915 23.734606156 5.562333761 18.915565783 0.083643736 0.904392600 -0.263567102 -0.324977128
1520616849.411596060 23.683566014 5.564133319 18.893459289 0.057040127 0.899384062 -0.252443306 -0.352316776
1520616849.461598158 23.634826057 5.562549642 18.875359024 0.029739627 0.895339990 -0.241014547 -0.373354851
1520616849.512424469 23.587175645 5.558219592 18.851899513 0.000740993 0.888956322 -0.233657477 -0.393903911
1520616849.562426567 23.543130320 5.549452023 18.829991800 -0.030003730 0.883211448 -0.228871418 -0.408234232
1520616849.612427711 23.499938836 5.538273420 18.807637322 -0.064339172 0.876991212 -0.226225916 -0.419009212
1520616849.662429571 23.464081529 5.520281815 18.782906766 -0.092978095 0.871780384 -0.224685956 -0.425288440
1520616849.712430477 23.426779287 5.502399855 18.756929211 -0.123245585 0.867451190 -0.225247786 -0.426148324
1520616849.762432575 23.393365062 5.481826154 18.728741629 -0.154291603 0.862421910 -0.226680060 -0.425486428
1520616849.812433481 23.367474344 5.453854220 18.699858307 -0.183281755 0.858896170 -0.226302971 -0.421298152
1520616849.862435341 23.339810305 5.426089907 18.672879868 -0.221295388 0.854963173 -0.226818043 -0.410633535
1520616849.912245035 23.316944523 5.392344115 18.645371581 -0.251322803 0.852765644 -0.226817344 -0.397720376
1520616849.962246180 23.307098910 5.355661454 18.610748000 -0.272329061 0.853994601 -0.226818776 -0.380898079
1520616850.012248278 23.303084084 5.326659835 18.577434075 -0.284563533 0.858742998 -0.230378448 -0.358482677
1520616850.062249422 23.303675135 5.289901920 18.545421704 -0.294834663 0.863686810 -0.234813757 -0.334634301
1520616850.112251282 23.310176849 5.266851713 18.506119031 -0.304407309 0.866396842 -0.245254716 -0.310713417
1520616850.162252188 23.314852276 5.239637860 18.466661975 -0.310700392 0.871446046 -0.256689834 -0.279566421
1520616850.212254286 23.325549485 5.218962295 18.423695308 -0.310763102 0.877668086 -0.269870082 -0.245550736
1520616850.262256145 23.342347992 5.198896325 18.378456708 -0.305347661 0.884900197 -0.281918852 -0.210324054
1520616850.311942101 23.354759982 5.177592617 18.334738015 -0.296539501 0.892274375 -0.293374458 -0.172748925
1520616850.361944199 23.367011003 5.166892745 18.292272008 -0.282492641 0.898518860 -0.307275555 -0.135806849
1520616850.411945105 23.375360163 5.150281217 18.248961077 -0.265202990 0.906233824 -0.314404168 -0.097763236
1520616850.461947203 23.387501688 5.139705471 18.206896277 -0.246604581 0.912914491 -0.319501415 -0.060763137
1520616850.511948109 23.398127843 5.127746501 18.172672384 -0.224603784 0.920074654 -0.320384418 -0.019224906
1520616850.561949968 23.409318925 5.118157915 18.134092623 -0.201049139 0.925765987 -0.319784194 0.016572560
1520616850.611952305 23.417804416 5.108555920 18.101062256 -0.177817386 0.930042728 -0.317439168 0.051321304
1520616850.661953211 23.427249647 5.099238179 18.066343204 -0.153716907 0.932295849 -0.316984310 0.081954315
1520616850.711955070 23.431158083 5.082417862 18.037106140 -0.131664184 0.933474729 -0.314870382 0.110209418
1520616850.761771917 23.435113818 5.052286644 18.012090216 -0.109702683 0.934997755 -0.308181442 0.136998969
1520616850.811773777 23.438826302 5.025504860 17.986816117 -0.090746011 0.935273901 -0.302555924 0.159649001
1520616850.861775637 23.432910317 5.001901085 17.953011477 -0.072422772 0.934008602 -0.300252469 0.179530855
1520616850.911776781 23.425739516 4.978973217 17.917251062 -0.055537167 0.931810217 -0.299077682 0.197984554
1520616850.961778879 23.418686439 4.949351893 17.883558461 -0.043751402 0.930819540 -0.293743357 0.213015586
1520616851.011780739 23.400594774 4.918571332 17.847362187 -0.039580391 0.929609397 -0.289599015 0.224482007
1520616851.061781883 23.379707660 4.889917717 17.812102412 -0.040277466 0.926809070 -0.290983627 0.233947008
1520616851.111782789 23.356877627 4.851263360 17.779437977 -0.044678665 0.924357081 -0.292357452 0.241028886
1520616851.161724091 23.324477329 4.820864280 17.742785649 -0.052511319 0.921286448 -0.298482517 0.243684281
1520616851.211726189 23.286030920 4.795411877 17.696268346 -0.064805847 0.917560068 -0.305724660 0.245796981
1520616851.261727095 23.246428832 4.764845506 17.656450222 -0.075144369 0.915674280 -0.310120414 0.244375256
1520616851.311729193 23.206323535 4.749620861 17.609630934 -0.083822488 0.912766595 -0.313470682 0.248127117
1520616851.361730099 23.169525638 4.734671300 17.568082373 -0.096733468 0.911440614 -0.312381586 0.249672564
1520616851.411731958 23.129770233 4.724351847 17.522841457 -0.110686710 0.910096359 -0.307703955 0.254541441
1520616851.461733103 23.089164408 4.724114181 17.472297219 -0.122520989 0.908468774 -0.302994105 0.260514235
1520616851.511735201 23.044001566 4.723222786 17.424103662 -0.133352044 0.908221258 -0.294792438 0.265421924
1520616851.561553717 23.002466129 4.719380736 17.383976635 -0.144876684 0.909152702 -0.282395890 0.269638038
1520616851.611555576 22.960363683 4.724691481 17.335371562 -0.150611881 0.909199183 -0.269089234 0.279756841
1520616851.661556721 22.922654329 4.733265613 17.284634010 -0.154536156 0.906711031 -0.259048095 0.294767311
1520616851.711558819 22.892394155 4.744410238 17.229000804 -0.157313200 0.903193348 -0.257152107 0.305560349
1520616851.761559725 22.855594268 4.731134362 17.200808452 -0.169150059 0.898698920 -0.258827867 0.311025151
1520616851.811561823 22.835402514 4.741677216 17.153962111 -0.177621576 0.895886900 -0.252660372 0.319374350
1520616851.861563683 22.810795014 4.744301494 17.113300944 -0.191686594 0.896428111 -0.236807241 0.321862116
1520616851.911564589 22.796835618 4.755422077 17.070291437 -0.205762826 0.900023926 -0.212094472 0.320366239
1520616851.961753368 22.793087346 4.763807814 17.032073147 -0.210340107 0.904961961 -0.180275803 0.322957462
1520616852.011754513 22.794173957 4.778926398 16.990242744 -0.206431164 0.907869167 -0.158242378 0.328814689
1520616852.061756611 22.804313072 4.791499679 16.947567048 -0.198637121 0.909588953 -0.146582811 0.334222545
1520616852.111757517 22.823012326 4.808707168 16.902014523 -0.188843629 0.909785378 -0.144759753 0.340107723
1520616852.161759615 22.841110186 4.821197149 16.865084887 -0.183387422 0.910088069 -0.144007683 0.342593852
1520616852.211760521 22.866334397 4.834285966 16.832926756 -0.174068953 0.909649382 -0.140919502 0.349828095
1520616852.261762381 22.896278616 4.850166079 16.803552431 -0.163196466 0.909586387 -0.133928728 0.357886313
1520616852.311764479 22.927231719 4.857565736 16.781990333 -0.159739763 0.908854753 -0.127768177 0.363512776
1520616852.362338543 22.957855021 4.858185057 16.762676615 -0.159116817 0.906473081 -0.119338313 0.372487260
1520616852.412341833 22.994553773 4.858120482 16.749391483 -0.149649243 0.905999518 -0.105103940 0.381737002
1520616852.462342739 23.034664395 4.851100347 16.743371410 -0.135286515 0.902917881 -0.089442815 0.398041256
1520616852.512343645 23.079569618 4.838223376 16.740374996 -0.124401012 0.895629262 -0.076151643 0.420206546
1520616852.562344790 23.125367432 4.823344933 16.741178007 -0.122624773 0.884506137 -0.073942793 0.444009597
1520616852.612347841 23.177172514 4.815262450 16.739308198 -0.122176980 0.873515172 -0.079152095 0.464520157
1520616852.662348747 23.230196512 4.793231902 16.726498277 -0.120386098 0.863732785 -0.084875485 0.481942959
1520616852.712349892 23.280924623 4.779204392 16.711359097 -0.109832982 0.856524343 -0.089261676 0.496321589
1520616852.762365341 23.330755277 4.756062730 16.690219252 -0.094635746 0.849781042 -0.088807601 0.510910428
1520616852.812367201 23.381145795 4.740611072 16.674555215 -0.076433493 0.842658786 -0.092350485 0.524933786
1520616852.862368345 23.439260285 4.740785290 16.665029622 -0.057078755 0.838513028 -0.098980487 0.532767098
1520616852.912370205 23.489268103 4.712493364 16.636185241 -0.043987761 0.833625776 -0.109963396 0.539482339
1520616852.962371111 23.536326968 4.693965181 16.606752130 -0.030657704 0.830630320 -0.120205855 0.542829558
1520616853.012373447 23.577101177 4.669217062 16.572439780 -0.025970461 0.832418702 -0.126284411 0.538940523
1520616853.062377214 23.622205428 4.665634665 16.536492722 -0.027576132 0.838997873 -0.140257960 0.525023648
1520616853.112376213 23.656740534 4.649592383 16.494143969 -0.033214452 0.845375162 -0.155300258 0.510019084
1520616853.162377357 23.692360718 4.636222857 16.439570751 -0.038416960 0.853319733 -0.170720170 0.491145798
1520616853.211991310 23.726683851 4.624328513 16.393900340 -0.038449017 0.862839510 -0.178787198 0.471237510
1520616853.261992455 23.764465129 4.613980945 16.338300145 -0.038123106 0.872565474 -0.182378290 0.451568691
1520616853.311994553 23.794835299 4.604076921 16.281230589 -0.041710089 0.882046419 -0.182998201 0.432164369
1520616853.361995459 23.832059360 4.599259216 16.223556786 -0.050801079 0.888529688 -0.187549848 0.415643235
1520616853.411997557 23.865683828 4.601618766 16.171069703 -0.065941969 0.889499146 -0.196890743 0.407034349
1520616853.461999416 23.901891394 4.587060496 16.122309209 -0.089114977 0.885236605 -0.209007457 0.405870123
1520616853.512000322 23.935164927 4.586604797 16.074883608 -0.115849491 0.873885980 -0.231653966 0.411386230
1520616853.562002420 23.966168541 4.567210369 16.040476169 -0.146369494 0.858066916 -0.249819875 0.424131074
1520616853.612024307 23.999461512 4.546582571 16.011391403 -0.180387654 0.839551563 -0.271738282 0.434478737
1520616853.662026405 24.038222359 4.533663870 15.984918346 -0.211086215 0.819860502 -0.292213041 0.444840314
1520616853.712027311 24.072166099 4.528038106 15.956802941 -0.233514461 0.797692130 -0.305377127 0.464653713
1520616853.762029409 24.109040886 4.520138508 15.939247282 -0.253388856 0.776566964 -0.309178936 0.486976616
1520616853.812030315 24.152312890 4.516687595 15.929408280 -0.266862792 0.754854451 -0.303551658 0.516561128
1520616853.862032175 24.195308011 4.531627602 15.917438097 -0.274060228 0.731769000 -0.297489583 0.548548147
1520616853.912034512 24.239998573 4.544242057 15.900134266 -0.280945783 0.707775186 -0.290398823 0.579475864
1520616853.962035179 24.285737479 4.556177955 15.892665001 -0.288006264 0.682271015 -0.281069259 0.610375889
1520616854.012084723 24.327023777 4.571011066 15.886588933 -0.291362887 0.653125495 -0.272377528 0.643696542
1520616854.062087059 24.371110803 4.587987153 15.873926441 -0.292195986 0.617538866 -0.266090167 0.680046527
1520616854.112087965 24.411166072 4.603014897 15.874137103 -0.288750517 0.584665327 -0.254499410 0.714156597
1520616854.162089825 24.460309626 4.634744338 15.880362962 -0.281564883 0.549097062 -0.239811571 0.749469175
1520616854.212091923 24.502532560 4.640253616 15.891986792 -0.276231405 0.512195029 -0.216086047 0.784002094
1520616854.262092829 24.543961078 4.658545325 15.905264212 -0.269872564 0.474503241 -0.190562917 0.815905171
1520616854.312094927 24.572280523 4.677005847 15.927200958 -0.264717887 0.436968474 -0.165424091 0.843574456
1520616854.362096071 24.604563677 4.694623187 15.941884285 -0.256469484 0.399506994 -0.138825074 0.869105957
1520616854.412400961 24.629069384 4.704848707 15.959092861 -0.248046389 0.363765840 -0.113734460 0.890624430
1520616854.462402105 24.655405842 4.724268972 15.978562217 -0.235631901 0.330272019 -0.088480626 0.909708293
1520616854.512403011 24.685011037 4.744786360 15.993096249 -0.220437971 0.298470720 -0.063982234 0.926406285
1520616854.562404871 24.705759484 4.766762957 16.021180358 -0.204448369 0.270019122 -0.040944506 0.940007492
1520616854.612407207 24.725260808 4.793003657 16.054196789 -0.187722149 0.242002585 -0.016938496 0.951792115
1520616854.662408113 24.737767863 4.809287333 16.080052566 -0.170318120 0.220841416 0.004786039 0.960311356
1520616854.712421894 24.746560135 4.826887001 16.109682148 -0.155931020 0.204988828 0.027856915 0.965861838
1520616854.762411118 24.756893276 4.830741513 16.132677444 -0.147629641 0.193744180 0.050646622 0.968557485
1520616854.812415838 24.771268093 4.847985580 16.161767714 -0.142677185 0.189469759 0.073830934 0.968655472
1520616854.862416744 24.796034104 4.853151818 16.185376377 -0.144639397 0.188195803 0.093554071 0.966907142
1520616854.912418604 24.825046848 4.865660050 16.218995120 -0.150308533 0.187501341 0.114683851 0.963897404
1520616854.962419748 24.844903712 4.881706362 16.247773000 -0.152664255 0.192634743 0.135522745 0.959801577
1520616855.012421608 24.856889762 4.905958545 16.273523973 -0.149507520 0.203534385 0.150910975 0.955744282
1520616855.062423706 24.892295651 4.912755344 16.295571389 -0.150657848 0.214537710 0.157813454 0.952035030
1520616855.112424850 24.913381924 4.930661708 16.320038956 -0.150383805 0.229038419 0.155830781 0.949022066
1520616855.162426710 24.957859706 4.947150010 16.342970437 -0.151240733 0.243458515 0.140290608 0.947719757
1520616855.212263107 25.000312813 4.971560627 16.369049884 -0.155905167 0.259960306 0.117556299 0.945671579
1520616855.262264967 25.041135123 4.987027747 16.394880221 -0.162338414 0.269832015 0.095314197 0.944326282
1520616855.312266111 25.071720801 4.998427225 16.427301178 -0.167419813 0.275245354 0.070924120 0.944023501
1520616855.362267971 25.113671692 4.995462598 16.455800965 -0.175085546 0.272245310 0.040185293 0.945310893
1520616855.412268877 25.138073611 5.017334840 16.492176529 -0.175309245 0.257268455 0.010577856 0.950246136
1520616855.462270975 25.163450524 5.026438420 16.528887772 -0.174702029 0.231421843 -0.019073101 0.956848655
1520616855.512273073 25.185601904 5.039060875 16.571153373 -0.173058199 0.201824560 -0.044295513 0.962993050
1520616855.562273979 25.206187593 5.056337355 16.610774022 -0.170939490 0.169352069 -0.057602762 0.968907369
1520616855.612276077 25.212466424 5.085907889 16.653535615 -0.166382961 0.138152717 -0.068903887 0.973900812
1520616855.662197828 25.221142883 5.103400113 16.695772217 -0.164515865 0.104275423 -0.074442653 0.978018127
1520616855.712201118 25.209663078 5.146447814 16.741338626 -0.155920951 0.069696474 -0.069090404 0.982882279
1520616855.762202024 25.211581324 5.157837808 16.782448650 -0.153526256 0.031969180 -0.056454949 0.986012423
1520616855.812203884 25.201040764 5.174671890 16.826584586 -0.146060555 -0.002695318 -0.032949898 0.988723092
1520616855.862205029 25.186916845 5.192381222 16.866365725 -0.137092543 -0.034873301 0.003783552 0.989936954
1520616855.912206888 25.178175133 5.204698740 16.903503485 -0.130308869 -0.065295937 0.043919741 0.988345636
1520616855.962207794 25.172901626 5.213943544 16.938188467 -0.125120292 -0.088470863 0.081957403 0.984784648
1520616856.012212038 25.167085369 5.227278201 16.974696166 -0.120560509 -0.100654889 0.117619676 0.980560742
1520616856.062116861 25.166717870 5.240735853 17.012997800 -0.119850913 -0.105870707 0.149520759 0.975741100
1520616856.112119198 25.163567994 5.255424151 17.048207487 -0.120897738 -0.099632373 0.180528041 0.971013261
1520616856.162120104 25.166986160 5.282978374 17.087063870 -0.120596370 -0.086675974 0.207858149 0.966818898
1520616856.212121964 25.174274530 5.308095119 17.133281392 -0.124707160 -0.062203515 0.226059050 0.964093436
1520616856.262123108 25.186810031 5.341485246 17.174085963 -0.125171700 -0.028970353 0.239152292 0.962444256
1520616856.312124968 25.203956810 5.367954376 17.221766062 -0.128996958 0.010998926 0.242359366 0.961509618
1520616856.362149000 25.225259822 5.396819927 17.266539324 -0.129398843 0.052464064 0.242387021 0.960079160
1520616856.412128210 25.250275790 5.427933648 17.310716950 -0.126183639 0.092561474 0.240712438 0.957897481
1520616856.462024689 25.283127974 5.458785702 17.350730049 -0.123443991 0.133929351 0.227584294 0.956571952
1520616856.512027025 25.324408835 5.490104768 17.389007344 -0.125964664 0.177054260 0.205860455 0.954152066
1520616856.562027931 25.372336302 5.516065668 17.425257380 -0.129653811 0.219120783 0.176741818 0.950756699
1520616856.612029791 25.419513556 5.538361028 17.458862028 -0.132379502 0.257850027 0.152829788 0.944792087
1520616856.662031889 25.470018017 5.558268069 17.490387903 -0.133684680 0.293270113 0.126135416 0.938195557
1520616856.712032795 25.517801614 5.579107912 17.523493147 -0.136575785 0.322684383 0.094994994 0.931771321
1520616856.762035131 25.560191698 5.605318510 17.553334224 -0.135651529 0.342891005 0.064608146 0.927281084
1520616856.812036037 25.612099376 5.625138652 17.589352751 -0.136288469 0.350929908 0.036620209 0.925706548
1520616856.862337828 25.653605093 5.645827704 17.624926040 -0.136735007 0.354256988 0.004855594 0.925084833
1520616856.912338734 25.697125937 5.672482872 17.663077337 -0.137733008 0.352728446 -0.025819446 0.925173291
1520616856.962341070 25.739051977 5.688644617 17.703117728 -0.140783453 0.348640026 -0.053258589 0.925091171
1520616857.012341738 25.778914069 5.708691441 17.739932161 -0.140640256 0.343680572 -0.074719032 0.925484224
1520616857.062343836 25.804227937 5.723113003 17.788243620 -0.140005409 0.340863582 -0.092382916 0.925027514
1520616857.112345934 25.821971461 5.740531103 17.836220238 -0.136246306 0.332046111 -0.104837989 0.927464997
1520616857.162346840 25.843167800 5.742268229 17.886204132 -0.137341772 0.310821201 -0.109691548 0.934074506
1520616857.212348700 25.859999999 5.746684191 17.936719847 -0.134486227 0.278300182 -0.109782232 0.944674719
1520616857.263871908 25.865701071 5.747657263 17.982677885 -0.128488140 0.236757769 -0.105413441 0.957248433
1520616857.313873768 25.861846656 5.747570617 18.034332374 -0.123937378 0.186923675 -0.095737971 0.969810965
1520616857.363875628 25.857762531 5.743024689 18.081295666 -0.119671318 0.129160248 -0.083450290 0.980832532
1520616857.413877964 25.844808879 5.748762664 18.117609215 -0.108035198 0.070011906 -0.069890154 0.989212867
1520616857.463878632 25.827808011 5.763266809 18.155880895 -0.092673290 0.005082014 -0.055379766 0.994142302
1520616857.513879538 25.812465664 5.767572431 18.183372055 -0.079707358 -0.064013016 -0.039862669 0.993961789
1520616857.563881874 25.796002675 5.773886775 18.198256401 -0.063918428 -0.134643245 -0.019498336 0.988638177
1520616857.613883734 25.771370010 5.788156772 18.212623462 -0.048505596 -0.206589218 -0.000944176 0.977224238
1520616857.663657904 25.759624244 5.787780552 18.208405687 -0.040286050 -0.276126578 0.014631511 0.960165124
1520616857.713659763 25.739261804 5.794061674 18.205115819 -0.037735827 -0.346036069 0.034590916 0.936823630
1520616857.763660669 25.716555888 5.799850200 18.191780864 -0.037988588 -0.417112706 0.052703009 0.906529785
1520616857.813661814 25.693420471 5.806417945 18.173567491 -0.039284797 -0.482057008 0.062234365 0.873043315
1520616857.863668919 25.674946237 5.801539623 18.151769942 -0.046267791 -0.542988812 0.069978524 0.835539016
1520616857.913665533 25.656317895 5.802386511 18.120533065 -0.053770635 -0.601426575 0.079237962 0.793168418
1520616857.963666677 25.644634239 5.798536428 18.083360658 -0.059545023 -0.654578124 0.086217601 0.748697799
1520616858.013697624 25.624617547 5.801693816 18.037060063 0.060418235 0.705237838 -0.098101506 -0.699546512
1520616858.063669682 25.613795786 5.788951664 17.991754971 0.062203005 0.750598923 -0.108080376 -0.648884177
1520616858.112438202 25.603652820 5.775683707 17.944209178 0.060291805 0.788630628 -0.116941201 -0.600625829
1520616858.162439108 25.586675106 5.765941074 17.891000351 0.058340950 0.821952066 -0.127369755 -0.552058040
1520616858.212440968 25.575855051 5.753720791 17.835540486 0.056758427 0.850154713 -0.136300823 -0.505408281
1520616858.262443066 25.562708248 5.746693172 17.776714512 0.053602875 0.873248697 -0.144691718 -0.462198823
1520616858.312443972 25.547251941 5.730447842 17.716928886 0.054474257 0.891435673 -0.151559216 -0.423562038
1520616858.362445831 25.535790172 5.709116120 17.647124492 0.058516648 0.904023775 -0.159375629 -0.392321585
1520616858.412446976 25.522510463 5.684569477 17.583418421 0.062278141 0.912940553 -0.165843293 -0.367637026
1520616858.462449074 25.512557941 5.657239022 17.531954855 0.065980509 0.919776111 -0.172137573 -0.346449323
1520616858.512493134 25.500985307 5.630916061 17.479565690 0.070337517 0.923991380 -0.183748751 -0.327916086
1520616858.562494993 25.483481063 5.607582979 17.432881279 0.072714218 0.927454139 -0.197653615 -0.308989499
1520616858.612495899 25.478959634 5.573892590 17.387097997 0.075736399 0.930080299 -0.209153869 -0.292351321
1520616858.662498236 25.466540455 5.541348796 17.341489677 0.078865902 0.931388688 -0.219717515 -0.279319699
1520616858.712500095 25.456041923 5.505772321 17.303216713 0.084188539 0.932487864 -0.228870433 -0.266452619
1520616858.762501001 25.442974766 5.480044637 17.261502565 0.091509556 0.932920761 -0.236827598 -0.255338096
1520616858.812503099 25.415829492 5.461509346 17.216160879 0.097451064 0.932208348 -0.244564120 -0.248353131
1520616858.862504005 25.396896756 5.440954209 17.167777800 0.106028025 0.929461645 -0.251895295 -0.247806111
1520616858.912207603 25.372460685 5.417639960 17.117817462 0.112241125 0.925824855 -0.257309420 -0.253065467
1520616858.962209702 25.349109384 5.391889102 17.082059926 0.112953854 0.923403759 -0.258648632 -0.260130371
1520616859.012211561 25.320469796 5.373181995 17.043458551 0.102294783 0.922581178 -0.260856026 -0.265205356
1520616859.062212706 25.293297271 5.358937132 17.011384035 0.084110081 0.923719672 -0.262538066 -0.265972226
1520616859.112214565 25.263419492 5.340435028 16.967189747 0.058799672 0.926352165 -0.263313157 -0.262831592
1520616859.162215471 25.246106276 5.320101703 16.944548559 0.028890094 0.931916523 -0.258372485 -0.252864818
1520616859.212217808 25.238129061 5.282427424 16.910007557 -0.001118213 0.936804907 -0.255322502 -0.239177204
1520616859.262218475 25.227413314 5.264291202 16.858982110 -0.038255272 0.939507427 -0.257466870 -0.222650265
1520616859.312074900 25.224225110 5.239162145 16.811225400 -0.069045338 0.942003053 -0.256247621 -0.205426742
1520616859.362076759 25.219050913 5.213909869 16.778338435 -0.092234431 0.946369032 -0.249154073 -0.183849699
1520616859.412078619 25.207799103 5.209936433 16.756600694 -0.105792065 0.951663445 -0.241375912 -0.157741544
1520616859.462079763 25.206003579 5.199648786 16.724819869 -0.107300083 0.957308003 -0.231779108 -0.135375495
1520616859.512081861 25.199539818 5.198039072 16.686118648 -0.102835025 0.961775740 -0.226125002 -0.115238302
1520616859.562082767 25.190749422 5.188194492 16.639348144 -0.091053120 0.966381876 -0.221075291 -0.094557463
1520616859.612084866 25.189984982 5.175967328 16.590996535 -0.068040531 0.970908474 -0.216601285 -0.076099311
1520616859.662123919 25.175761194 5.165486353 16.555425340 -0.043902594 0.974381167 -0.212616947 -0.058719149
1520616859.712145329 25.169675954 5.155109118 16.511695091 -0.012419032 0.975421914 -0.213296566 -0.053874219
1520616859.762147427 25.157725333 5.137866193 16.464178681 0.023143286 0.974134336 -0.217576660 -0.056454245
1520616859.812148333 25.145910492 5.114584650 16.418922468 0.055512979 0.971036271 -0.223248460 -0.064552259
1520616859.862150431 25.132020524 5.090341700 16.386564008 0.087075161 0.966263061 -0.227665347 -0.083199180
1520616859.912151337 25.110894016 5.065304390 16.348697205 0.118170974 0.958838285 -0.234383869 -0.108300354
1520616859.962153196 25.077590104 5.039826580 16.314031017 0.144150966 0.950335916 -0.238957910 -0.137772504
1520616860.012154579 25.036927985 5.023461499 16.273175130 0.166596311 0.939996337 -0.244272871 -0.170244881
1520616860.062156439 24.995145499 5.005310951 16.229720091 0.185360206 0.928715830 -0.247903591 -0.204137972
1520616860.112157345 24.954220669 4.995958523 16.184407546 0.205894029 0.914584785 -0.253746002 -0.238233679
1520616860.162389517 24.901519327 4.990831516 16.142710444 0.216844622 0.902852372 -0.251771793 -0.272849718
1520616860.212391615 24.866888417 4.952009087 16.125071555 0.236905598 0.889945900 -0.242890642 -0.304755918
1520616860.262392521 24.813733141 4.942262296 16.090622947 0.246547304 0.876677218 -0.235148662 -0.339641853
1520616860.312394619 24.759858772 4.928396851 16.053602363 0.254610538 0.861615576 -0.226541650 -0.376126247
1520616860.362395525 24.710836341 4.926468339 16.025231595 0.252437422 0.847018569 -0.222035786 -0.411746282
1520616860.412397385 24.648535186 4.914238548 15.998390905 0.244442455 0.830808932 -0.222228391 -0.447905065
1520616860.462398529 24.598638408 4.888709725 15.983534947 0.236184526 0.815630325 -0.216656000 -0.481688925
1520616860.512400389 24.549377749 4.870979331 15.967308621 0.224900812 0.801955444 -0.209863777 -0.512097926
1520616860.563588381 24.502256631 4.841504727 15.973261181 0.217374440 0.791451699 -0.203291219 -0.533877553
1520616860.613591671 24.444278186 4.836894358 15.967790498 0.198999362 0.785453496 -0.199504245 -0.551053641
1520616860.663592577 24.391827945 4.821747103 15.958526048 0.175227087 0.783530594 -0.189851796 -0.565094303
1520616860.713593483 24.346008661 4.808671312 15.957304280 0.146227478 0.785813260 -0.177864750 -0.574002767
1520616860.763595581 24.302287109 4.782939151 15.952293616 0.114401518 0.789209076 -0.168027328 -0.579506811
1520616860.813597441 24.251376748 4.759509956 15.936095988 0.076888526 0.793161738 -0.165833500 -0.580931891
1520616860.863598585 24.197142445 4.731710143 15.907129951 0.035823396 0.797435661 -0.167573648 -0.578560388
1520616860.913600683 24.152513708 4.700750890 15.888313588 -0.005343779 0.806114619 -0.169286182 -0.567003399
1520616860.963305712 24.119629419 4.658754114 15.867530239 -0.040808988 0.817554412 -0.165732697 -0.549974621
1520616861.013308048 24.082991639 4.633211461 15.827755541 -0.073765380 0.827294800 -0.163601739 -0.532331150
1520616861.063308954 24.052801813 4.599734689 15.773357817 -0.095761908 0.836222005 -0.157505647 -0.516482707
1520616861.113310814 24.018198741 4.569166472 15.726862566 -0.107742281 0.846100353 -0.150281703 -0.499921197
1520616861.163311958 23.985093706 4.540190922 15.677960814 -0.113614020 0.856206823 -0.142974345 -0.483280527
1520616861.213313818 23.941661951 4.538207910 15.620796092 -0.122986431 0.864724555 -0.141507171 -0.465941523
1520616861.263315916 23.912141963 4.504546362 15.576943926 -0.132426161 0.873497787 -0.138356765 -0.447573830
1520616861.313362122 23.880545397 4.497014729 15.511912322 -0.130223696 0.882950551 -0.143566209 -0.427584911
1520616861.363450766 23.849336439 4.490894325 15.443470040 -0.118810438 0.893250214 -0.150786122 -0.406511598
1520616861.413452625 23.813223518 4.501006109 15.381373248 -0.103670437 0.903560322 -0.164547730 -0.381779031
1520616861.463454485 23.780796132 4.484358495 15.318638676 -0.076591084 0.911745885 -0.180867153 -0.360749664
1520616861.513455629 23.759410944 4.449461130 15.259929978 -0.050063891 0.917878620 -0.188782891 -0.345475710
1520616861.563457727 23.734086621 4.420100610 15.207068079 -0.031034572 0.922865172 -0.192542892 -0.332090296
1520616861.613458633 23.709489457 4.407261371 15.147440388 -0.008605605 0.927659486 -0.197547526 -0.316778783
1520616861.663460732 23.698314532 4.385444220 15.088517757 0.014361487 0.933538178 -0.195500692 -0.300132799
1520616861.713461637 23.687501438 4.368971394 15.033007733 0.029329339 0.939005913 -0.190875420 -0.284559765
1520616861.763943434 23.656252873 4.361532746 14.998068611 0.034158820 0.945748503 -0.184054121 -0.265550416
1520616861.813945532 23.632820266 4.352337555 14.950365381 0.040988533 0.950244344 -0.186768010 -0.245913271
1520616861.863946676 23.620010813 4.338680560 14.890555609 0.040484358 0.951949550 -0.193775143 -0.233675556
1520616861.913948536 23.603917578 4.312558724 14.841324710 0.042959177 0.952871512 -0.205030675 -0.219437491
1520616861.963949442 23.580668365 4.276822297 14.798426921 0.040926375 0.952570416 -0.216620207 -0.209786366
1520616862.013951540 23.559000048 4.234847755 14.755157812 0.039147839 0.951839071 -0.225572228 -0.203928910
1520616862.063952446 23.532310382 4.189424619 14.706118501 0.034217065 0.950463772 -0.232651652 -0.203275722
1520616862.113954306 23.486283582 4.135881120 14.678963097 0.031887442 0.949873476 -0.237220677 -0.201121656
1520616862.164565325 23.441944929 4.089868638 14.648854398 0.031350839 0.948069224 -0.244711654 -0.200743812
1520616862.214567184 23.406271805 4.052979332 14.623304699 0.034143248 0.945587480 -0.253028706 -0.201680516
1520616862.264569521 23.363902130 4.020183830 14.597217491 0.039182983 0.943212677 -0.261250360 -0.201402057
1520616862.314571381 23.317336708 3.989653575 14.567693623 0.041935185 0.941610916 -0.266037369 -0.202075336
1520616862.364572287 23.265992720 3.979330639 14.531495693 0.038935587 0.940030485 -0.268423037 -0.206823067
1520616862.414574385 23.217195911 3.953071987 14.493675710 0.039912331 0.938677128 -0.267198441 -0.214236430
1520616862.464575291 23.166726972 3.941014566 14.456362681 0.037721680 0.938066109 -0.263496582 -0.221762487
1520616862.514576435 23.119507757 3.919832002 14.414955163 0.037186525 0.936722282 -0.260309014 -0.231101158
1520616862.564579487 23.069980696 3.896645293 14.381301275 0.039984834 0.934461500 -0.259368739 -0.240646577
1520616862.613606930 23.020800290 3.875793695 14.348499206 0.039614316 0.931646520 -0.257698058 -0.253095196
1520616862.663607836 22.981441718 3.861347269 14.320078000 0.038044146 0.930263238 -0.254539589 -0.261481451
1520616862.713609934 22.941808835 3.846739610 14.274937616 0.040045533 0.929478466 -0.249308760 -0.268907566
1520616862.763612032 22.885958771 3.829562094 14.250146958 0.042209170 0.932610549 -0.237296209 -0.268600928
1520616862.813612938 22.859622295 3.815797979 14.210811364 0.045733603 0.934971535 -0.222054598 -0.272815729
1520616862.863613844 22.824099487 3.796351632 14.174604096 0.047211902 0.937308174 -0.206223564 -0.276940905
1520616862.913615942 22.795745028 3.779222680 14.126793153 0.047713031 0.937886612 -0.195768661 -0.282430172
1520616862.963667870 22.774506832 3.772185884 14.078680921 0.044518306 0.937074077 -0.192124194 -0.288094757
1520616863.012676716 22.770093151 3.776146501 14.028179515 0.044315287 0.935317433 -0.194330619 -0.292323562
1520616863.062678576 22.754340876 3.787121224 13.965940447 0.043808380 0.933251107 -0.197904157 -0.296575692
1520616863.112679720 22.739394639 3.765879327 13.913731514 0.049325674 0.932098615 -0.196537367 -0.300220275
1520616863.162681580 22.714447795 3.748753484 13.859253751 0.061518020 0.932097334 -0.196340249 -0.298094950
1520616863.212682962 22.697038808 3.725158345 13.821656807 0.068450145 0.932532579 -0.193195817 -0.297275871
1520616863.262684822 22.681368761 3.704050646 13.768689188 0.070682015 0.933444311 -0.191075652 -0.295255594
1520616863.312685728 22.673373992 3.677863237 13.723110554 0.070820352 0.934517298 -0.189987548 -0.292517740
1520616863.362687826 22.659392592 3.643421380 13.675509544 0.070479095 0.936171391 -0.192203387 -0.285786077
1520616863.412424564 22.648138943 3.612130674 13.623337280 0.071681191 0.936694031 -0.199420677 -0.278742698
1520616863.462426424 22.631062487 3.578988466 13.574214371 0.075202248 0.936579431 -0.207007001 -0.272601711
1520616863.512428284 22.606880089 3.542281529 13.532644970 0.078955438 0.935834924 -0.214975074 -0.267889438
1520616863.562429428 22.582572916 3.507108609 13.484431787 0.083838513 0.934873423 -0.223825046 -0.262459778
1520616863.612431526 22.557191536 3.485935662 13.429153031 0.084377259 0.934217056 -0.234593311 -0.255117520
1520616863.662432671 22.526083055 3.449643482 13.381366832 0.078866720 0.934788181 -0.243510278 -0.246280005
1520616863.712434530 22.499299320 3.415004581 13.334585119 0.074027617 0.934118389 -0.253105003 -0.240583882
1520616863.762435436 22.476561601 3.375445482 13.303972686 0.066201684 0.933359878 -0.257865904 -0.240752674
1520616863.812206268 22.436575321 3.345436620 13.260517138 0.062427838 0.933558293 -0.263840883 -0.234434783
1520616863.862208128 22.404842796 3.307021422 13.232868766 0.062929699 0.934450045 -0.264719555 -0.229709648
1520616863.912209988 22.364411696 3.267762770 13.208146224 0.064829107 0.937059286 -0.260751231 -0.222992998
1520616863.962211132 22.318195030 3.242532325 13.175517228 0.066513474 0.939223885 -0.253013603 -0.222302874
1520616864.012212992 22.267492944 3.232944436 13.132907178 0.067033269 0.941613294 -0.244091713 -0.222013922
1520616864.062214136 22.215097604 3.225230277 13.096553248 0.063680603 0.943687712 -0.235657772 -0.223301808
1520616864.112216234 22.166677999 3.220790115 13.066557522 0.055666501 0.944155188 -0.231059774 -0.228218320
1520616864.162217140 22.114699124 3.214718920 13.032426730 0.045069492 0.944189606 -0.231234195 -0.230229180
1520616864.212392092 22.066012928 3.195956329 13.003150100 0.027581385 0.944482361 -0.230228506 -0.232781382
1520616864.262393236 22.017756883 3.180265980 12.965026923 0.004186192 0.944273126 -0.232372239 -0.233096292
1520616864.312397242 21.984741505 3.161283991 12.937769040 -0.018800534 0.943745380 -0.235231454 -0.231640586
1520616864.362396002 21.955351206 3.144119461 12.904471865 -0.042062578 0.942964313 -0.240177013 -0.226636377
1520616864.412399292 21.929343658 3.127722497 12.874216396 -0.069690592 0.941175849 -0.246035532 -0.220902148
1520616864.462399006 21.901140821 3.106530175 12.841793358 -0.098077584 0.940476116 -0.250300471 -0.207930606
1520616864.512401342 21.883532886 3.083560213 12.804204135 -0.132333651 0.939936403 -0.252348798 -0.187955972
1520616864.562403202 21.872899503 3.056463589 12.765203769 -0.166184523 0.940147784 -0.253771524 -0.155257408
1520616864.612951994 21.872028167 3.046516230 12.719034701 -0.197586082 0.938840785 -0.259521260 -0.110392193
1520616864.662898064 21.879608903 3.040310161 12.674633160 -0.227979953 0.934977532 -0.265503314 -0.057880447
1520616864.712898970 21.898722362 3.036305720 12.634333098 -0.257542177 0.927227191 -0.271885486 0.000213526
1520616864.762900829 21.913707401 3.041983676 12.585338973 -0.277975194 0.916074583 -0.281080132 0.067313511
1520616864.812901974 21.943750647 3.040175422 12.559125448 -0.290878732 0.903482534 -0.283327317 0.137238859
1520616864.862903833 21.983720003 3.048425030 12.534250345 -0.295413402 0.889445077 -0.283380356 0.203258335
1520616864.912904739 22.031915406 3.056643398 12.514276372 -0.292176985 0.874540366 -0.276801235 0.270541742
1520616864.962907076 22.080090656 3.069235687 12.506395170 -0.286656527 0.857457658 -0.268580797 0.332353359
1520616865.012907982 22.121583747 3.087181834 12.494142281 -0.275532594 0.839277707 -0.260447080 0.389694802
1520616865.062542915 22.170881035 3.105858923 12.500133400 -0.260097086 0.822065822 -0.247839968 0.441738203
1520616865.112544775 22.219885440 3.133568420 12.485699299 -0.243176574 0.801704063 -0.239887239 0.490499604
1520616865.162545681 22.270006356 3.154643313 12.497256196 -0.226351557 0.785484855 -0.228389239 0.528788115
1520616865.212548018 22.326552507 3.179321192 12.515569424 -0.207863383 0.773194376 -0.215859127 0.558899014
1520616865.262548923 22.380486159 3.196475317 12.537747194 -0.191754110 0.764780543 -0.202443310 0.580825093
1520616865.312550783 22.430062140 3.218713975 12.551687873 -0.173081686 0.758274748 -0.190555624 0.598958004
1520616865.362551928 22.482494478 3.235677294 12.569670219 -0.153203633 0.754353067 -0.176944242 0.613327671
1520616865.412553787 22.530552435 3.256922407 12.584678846 -0.130270262 0.750892107 -0.164578279 0.626182635
1520616865.462522745 22.581111874 3.270351903 12.600086900 -0.108405437 0.750696083 -0.153933002 0.633252148
1520616865.512523651 22.633321950 3.283343131 12.612904035 -0.083163507 0.753980603 -0.144534217 0.635379368
1520616865.562525749 22.680547436 3.295730153 12.618714886 -0.057562356 0.758924026 -0.133513730 0.634740089
1520616865.612527609 22.725930195 3.302721646 12.625251067 -0.037239684 0.764211543 -0.121746739 0.632274984
1520616865.662528515 22.774754113 3.308504903 12.631074376 -0.020843797 0.770813334 -0.109516209 0.627230850
1520616865.712529659 22.824985905 3.308126813 12.634651504 -0.008420974 0.778641174 -0.097654661 0.619766550
1520616865.762532711 22.874460933 3.313035627 12.629623568 0.003622171 0.787324175 -0.093327103 0.609423970
1520616865.812533617 22.932892554 3.305905955 12.628985292 0.014245267 0.796453374 -0.091292063 0.597599243
1520616865.862553835 22.982613128 3.291886528 12.621903147 0.023923386 0.807009353 -0.091102157 0.582978536
1520616865.912555933 23.026581941 3.279355945 12.601964031 0.033954824 0.818882522 -0.094032887 0.565186961
1520616865.962556839 23.074121818 3.257400535 12.584589152 0.042062227 0.831694868 -0.100278334 0.544480184
1520616866.012558937 23.114590552 3.236200112 12.570991299 0.052131204 0.844601857 -0.108782667 0.521628576
1520616866.062562943 23.167920229 3.210924383 12.557278917 0.062118101 0.857852753 -0.115998041 0.496763979
1520616866.112561703 23.208346725 3.180838408 12.548060198 0.067562626 0.870731321 -0.122726518 0.471381438
1520616866.162564039 23.250975614 3.179288482 12.512341854 0.073222670 0.883019464 -0.134547080 0.443635155
1520616866.212564945 23.292323759 3.152243877 12.485534218 0.077111829 0.895696153 -0.139532503 0.415105827
1520616866.262473822 23.316086747 3.133142695 12.455053711 0.079659414 0.905448049 -0.143876677 0.391302582
1520616866.312415838 23.349280282 3.120682566 12.413473289 0.080957150 0.915813236 -0.150561441 0.363405158
1520616866.362417698 23.361695577 3.088910508 12.381814570 0.081809171 0.924958271 -0.156135619 0.336721138
1520616866.412418842 23.382960674 3.037635456 12.344857571 0.082746387 0.933361466 -0.160066640 0.310432087
1520616866.462420940 23.407193464 3.021580220 12.300207720 0.083811901 0.939956872 -0.176098751 0.280081904
1520616866.512422085 23.426113910 3.011839328 12.245825792 0.080590936 0.944928466 -0.196735740 0.248817894
1520616866.562423944 23.444213405 2.988695501 12.194863960 0.076698620 0.950479277 -0.216078418 0.209801293
1520616866.612424850 23.447890676 2.961341538 12.151810322 0.077901926 0.954910680 -0.230640988 0.169945927
1520616866.662434816 23.445219747 2.939876832 12.104913897 0.080255021 0.958753151 -0.240555857 0.128391611
1520616866.712436914 23.440422588 2.925881394 12.052730811 0.080816589 0.961953400 -0.247110646 0.083968232
1520616866.762438059 23.437694074 2.896910593 12.004493691 0.082236007 0.964738548 -0.246239038 0.043394807
1520616866.812439919 23.415582128 2.885386702 11.953282270 0.083616632 0.964722924 -0.249522801 0.007504064
1520616866.862440825 23.411230897 2.874416476 11.902733693 0.086444008 0.962487548 -0.255746001 -0.027187050
1520616866.912442923 23.411813332 2.862493247 11.851896828 0.091411676 0.958685733 -0.263316178 -0.056834508
1520616866.962443829 23.404545327 2.848809486 11.799003229 0.094917229 0.954132372 -0.272314015 -0.080418992
1520616867.012445688 23.396312708 2.836100356 11.751030264 0.094293100 0.949618345 -0.282212388 -0.098437690
1520616867.062448025 23.387379696 2.820797514 11.704934201 0.092218299 0.945321815 -0.289291152 -0.119050747
1520616867.112743378 23.371151749 2.806172530 11.661642199 0.093010157 0.940911953 -0.292626694 -0.142840560
1520616867.162745476 23.360205407 2.786216224 11.616750032 0.097777975 0.936863821 -0.293173132 -0.163631182
1520616867.212747335 23.347552604 2.767195086 11.576748065 0.095093037 0.932258210 -0.293763540 -0.188560140
1520616867.262748480 23.328710888 2.749644382 11.536426460 0.089661185 0.927233488 -0.293763268 -0.214247690
1520616867.312749386 23.313549092 2.733568885 11.495440859 0.085903713 0.920987695 -0.293958728 -0.240812135
1520616867.362751245 23.290048678 2.722762171 11.456654469 0.083088668 0.913263464 -0.297086244 -0.266056164
1520616867.412753582 23.270961176 2.706415172 11.409841160 0.081275965 0.904790143 -0.299305639 -0.291830685
1520616867.462755442 23.248585441 2.694719998 11.363648913 0.079135631 0.894052675 -0.303629804 -0.319712853
1520616867.512772560 23.220066845 2.682818668 11.324234691 0.079066165 0.881379003 -0.309828966 -0.347743594
1520616867.562773228 23.192908914 2.665949463 11.283570608 0.076448833 0.868371790 -0.314790936 -0.375489915
1520616867.612774134 23.164638881 2.651342937 11.244242767 0.070954339 0.854744968 -0.318867955 -0.403360569
1520616867.662775278 23.131199263 2.637507951 11.213189722 0.067772126 0.840848876 -0.320267962 -0.431055146
1520616867.712778330 23.098944167 2.617940194 11.183245338 0.071029381 0.823669075 -0.317468105 -0.464476139
1520616867.762778282 23.060246950 2.602921007 11.162003940 0.076844570 0.805247210 -0.316087041 -0.495742701
1520616867.812780380 23.021919144 2.589608371 11.140793562 0.080261845 0.783296656 -0.315072860 -0.529842880
1520616867.862782240 22.985952523 2.573691517 11.116868951 0.082740769 0.758540029 -0.313851037 -0.565038508
1520616867.912523985 22.941237639 2.557203623 11.097331424 0.082945390 0.732064868 -0.314042638 -0.598814088
1520616867.962460756 22.902554318 2.541289390 11.080788907 0.082500701 0.704092364 -0.315394465 -0.630851733
1520616868.012461662 22.861868092 2.530005762 11.065702861 0.083164620 0.679017124 -0.320699625 -0.655111549
1520616868.062463760 22.819148629 2.518156931 11.050675349 -0.084046387 -0.658382511 0.324580176 0.673881580
1520616868.112464666 22.779383063 2.513144673 11.035046112 -0.081192698 -0.642250795 0.330518064 0.686789248
1520616868.162466764 22.743115242 2.502193319 11.022915491 -0.081279434 -0.620839049 0.332069232 0.705466196
1520616868.212467909 22.709082112 2.488771599 11.014918559 -0.085837246 -0.591301750 0.327996635 0.731718809
1520616868.262469769 22.673173351 2.484032903 11.013080182 -0.092284307 -0.563613293 0.329744552 0.751726142
1520616868.312474966 22.639793267 2.479360474 11.017277323 -0.094636797 -0.534873825 0.328187238 0.772817575
1520616868.362476110 22.610226323 2.477462058 11.019087892 -0.092892770 -0.502985026 0.321240432 0.796982799
1520616868.412477970 22.581171975 2.482861792 11.028748488 -0.094789801 -0.465947363 0.311831230 0.822599072
1520616868.462479115 22.551847279 2.487924074 11.043809740 -0.102335630 -0.425758292 0.300567643 0.847299468
1520616868.512481213 22.524892651 2.493177152 11.064004810 -0.110303706 -0.385361010 0.287920259 0.869730940
1520616868.562482119 22.508445398 2.504639516 11.081408347 -0.115183435 -0.339975659 0.280219320 0.890295715
1520616868.612484217 22.493876591 2.517054765 11.103757746 -0.117481794 -0.291610689 0.272158484 0.909445432
1520616868.662486076 22.485678251 2.532615161 11.128983316 -0.116418570 -0.237385658 0.262453526 0.928015578
1520616868.712622643 22.488769227 2.546507609 11.159081354 -0.115426098 -0.180082287 0.249972131 0.944331043
1520616868.762624502 22.495338268 2.560896152 11.186426470 -0.113986021 -0.128448645 0.242465819 0.954839494
1520616868.812625647 22.508625626 2.581381126 11.217830303 -0.110576941 -0.082028735 0.233455488 0.962570809
1520616868.862627745 22.523988539 2.596359157 11.247201184 -0.110253668 -0.039708170 0.219302996 0.968593612
1520616868.912629604 22.544135175 2.610047992 11.278704118 -0.115397027 0.003352977 0.200089406 0.972952472
1520616868.962631702 22.567895719 2.624986247 11.307229973 -0.124281279 0.047229472 0.185010188 0.973701582
1520616869.012632608 22.595096859 2.652728718 11.338636090 -0.131895083 0.090695244 0.173965616 0.971655301
1520616869.062633514 22.632004585 2.670940044 11.365039505 -0.137876959 0.131642254 0.161375070 0.968306949
1520616869.112386703 22.668114659 2.700139804 11.396613066 -0.137882107 0.171652474 0.145663443 0.964523776
1520616869.162388802 22.706306600 2.727723788 11.423998758 -0.134361435 0.206166345 0.128816772 0.960650135
1520616869.212389708 22.749366298 2.746875362 11.449237413 -0.134025636 0.237553054 0.110426968 0.955725672
1520616869.262390614 22.793456419 2.772372753 11.470406027 -0.133965175 0.267366060 0.091674519 0.949823407
1520616869.312392712 22.835726579 2.787007203 11.498772526 -0.136127152 0.294708152 0.079382090 0.942504635
1520616869.362394810 22.878993158 2.813301140 11.518910664 -0.137489072 0.319716289 0.062400138 0.935406047
1520616869.412395716 22.932101375 2.815176611 11.539680558 -0.142541160 0.344222499 0.046564403 0.926835824
1520616869.462397814 22.975280985 2.837892887 11.557976978 -0.140681679 0.364557507 0.031401595 0.919956754
1520616869.512398720 23.020733438 2.858563823 11.575794828 -0.136746688 0.378515616 0.017576510 0.915268998
1520616869.562289000 23.063270980 2.885088505 11.592342749 -0.130759614 0.389346635 -0.000059751 0.911762643
1520616869.612220049 23.105575008 2.903806363 11.612184605 -0.125063541 0.395954522 -0.021212833 0.909466406
1520616869.662222147 23.145530971 2.920192307 11.633887472 -0.118094629 0.398178417 -0.041010657 0.908749544
1520616869.712223053 23.178381970 2.932578291 11.658760947 -0.110397693 0.394466428 -0.059216784 0.910330687
1520616869.762224913 23.206429015 2.942404771 11.686687487 -0.102152006 0.384743075 -0.074470335 0.914325928
1520616869.812226057 23.231290605 2.946092388 11.720099744 -0.094515452 0.365505352 -0.087587253 0.921846592
1520616869.862228155 23.254711589 2.946631144 11.752481998 -0.088269306 0.340548258 -0.101049927 0.930604280
1520616869.912230015 23.265986595 2.954346894 11.788512793 -0.082955764 0.314126747 -0.112029991 0.939091055
1520616869.962232351 23.277255873 2.952890359 11.827664149 -0.082141148 0.286438459 -0.120398079 0.946947804
1520616870.012234688 23.285557643 2.955543777 11.864204507 -0.085189993 0.259979164 -0.127466442 0.953365515
1520616870.062235594 23.292050474 2.964882906 11.902504693 -0.091274219 0.230754759 -0.125826032 0.960515001
1520616870.112237453 23.294711119 2.979273110 11.938635869 -0.099738552 0.195731920 -0.122214350 0.967886816
1520616870.162238598 23.293643712 3.003312623 11.982274969 -0.108125358 0.156575619 -0.115149482 0.974953116
1520616870.212240458 23.277320157 3.027364624 12.023827885 -0.115704173 0.120201102 -0.108302379 0.980017772
1520616870.262242556 23.266788905 3.039676268 12.073113968 -0.123120705 0.081210212 -0.099710587 0.984024386
1520616870.312243462 23.251150369 3.064997684 12.120304732 -0.123170292 0.046861584 -0.090972647 0.987095258
1520616870.362413168 23.233085123 3.090990126 12.169733942 -0.121414088 0.014774222 -0.077082499 0.989494128
1520616870.412414074 23.209438843 3.113987850 12.218207423 -0.119033060 -0.019064027 -0.057878622 0.991018546
1520616870.462415934 23.182655671 3.132450796 12.261139295 -0.115555156 -0.052922963 -0.036306576 0.991225503
1520616870.512418032 23.153858472 3.143439867 12.312794302 -0.116898896 -0.092428192 -0.010579339 0.988776898
1520616870.562418938 23.094840217 3.168390637 12.337486272 -0.108305182 -0.124093095 0.015570359 0.986219273
1520616870.612421036 23.054851025 3.183044413 12.371991664 -0.107258790 -0.161809752 0.040196618 0.980151717
1520616870.662423134 23.010104618 3.198298080 12.405891291 -0.108492450 -0.198926899 0.062071283 0.972010614
1520616870.712424040 22.961272592 3.207643641 12.433406425 -0.113072544 -0.229600002 0.080026773 0.963376434
1520616870.762804031 22.915416040 3.227002331 12.457695746 -0.116318369 -0.257408287 0.091362778 0.954915627
1520616870.812805176 22.868007868 3.244283777 12.481426765 -0.119167475 -0.280550150 0.104177549 0.946698349
1520616870.862807035 22.827477073 3.261651020 12.504967451 -0.121785835 -0.302544381 0.118743963 0.937835262
1520616870.912807941 22.783573656 3.270608022 12.525473596 -0.121541468 -0.321243537 0.133309220 0.929655266
1520616870.962810278 22.748548268 3.288031597 12.552728260 -0.116734320 -0.337170349 0.148355780 0.922323054
1520616871.012812138 22.718756939 3.296263953 12.583043938 -0.113709787 -0.348117724 0.159744498 0.916714694
1520616871.062813044 22.684810279 3.297215139 12.612420056 -0.112583115 -0.357823325 0.173451335 0.910605373
1520616871.112814188 22.648139268 3.290108256 12.638968311 -0.115460357 -0.363677616 0.189073015 0.904797708
1520616871.162855864 22.612479072 3.293656209 12.665296632 -0.119111439 -0.365251431 0.203955671 0.900447634
1520616871.212930918 22.579644056 3.292582385 12.691417480 -0.125228881 -0.365893597 0.216232140 0.896483834
1520616871.262858868 22.550899733 3.294458752 12.719807740 -0.133220422 -0.366898521 0.231082075 0.891200802
1520616871.312859774 22.515497010 3.304209720 12.749371014 -0.141603191 -0.359696990 0.244509078 0.889259199
1520616871.362861872 22.489326477 3.310998636 12.787265630 -0.150497951 -0.349704509 0.255242089 0.888768023
1520616871.412862778 22.458947445 3.320480061 12.818608344 -0.155844134 -0.338467765 0.266630604 0.888853362
1520616871.462864637 22.441927375 3.323492989 12.868444273 -0.160831809 -0.324443111 0.272898841 0.891288965
1520616871.512866974 22.422297477 3.329354887 12.914470080 -0.162335315 -0.304765872 0.279761459 0.895822826
1520616871.562867880 22.407101739 3.335243599 12.968768296 -0.164208514 -0.276484691 0.285186176 0.902917839
1520616871.613183022 22.390702085 3.348769087 13.010238875 -0.162834655 -0.243563545 0.287283434 0.911937445
1520616871.663184166 22.381322481 3.355686014 13.062958970 -0.159436198 -0.209765364 0.285884163 0.921329928
1520616871.713186026 22.361538768 3.360563737 13.119988330 -0.151249614 -0.173782529 0.281957331 0.931355598
1520616871.763186932 22.356845591 3.362235069 13.181177113 -0.148117329 -0.139126124 0.273638339 0.940120863
1520616871.813189268 22.347330137 3.377231111 13.236222871 -0.144511995 -0.098223509 0.265110581 0.948253555
1520616871.863191128 22.343828259 3.396055237 13.291456952 -0.140943501 -0.060955117 0.258405701 0.953753583
1520616871.913192034 22.346174819 3.432500903 13.343013510 -0.134403634 -0.024472502 0.253600492 0.957613466
1520616871.963194132 22.346023165 3.451662255 13.414576949 -0.134657106 0.011332778 0.241956538 0.960830924
1520616872.014109135 22.341723141 3.490855816 13.469470372 -0.130212256 0.049910903 0.234208651 0.962133036
1520616872.064111233 22.325324514 3.510507616 13.514613134 -0.128390605 0.091783492 0.220870404 0.962448912
1520616872.114113092 22.342652204 3.513061028 13.578999871 -0.130558286 0.128038917 0.204475539 0.961639394
1520616872.164114952 22.363358482 3.537765547 13.612600383 -0.130544337 0.162695367 0.183284100 0.960674415
1520616872.214116096 22.391283946 3.555936355 13.684806076 -0.133281671 0.198201202 0.162518501 0.957360964
1520616872.264117002 22.406792118 3.575498708 13.729783351 -0.133942861 0.234563908 0.146906622 0.951555320
1520616872.314119101 22.440763471 3.580770802 13.764361771 -0.142514582 0.268357233 0.130307962 0.943765768
1520616872.364121199 22.453360004 3.605753164 13.816511436 -0.148365208 0.298098630 0.121064808 0.935130089
1520616872.414278269 22.476564417 3.619374144 13.855308162 -0.153625490 0.326673232 0.113404238 0.925647496
1520616872.464280128 22.499844777 3.641015241 13.885758864 -0.151371695 0.349040106 0.104991945 0.918822238
1520616872.514281034 22.529325153 3.659558237 13.919689807 -0.148047880 0.373013006 0.094696343 0.911030035
1520616872.564283133 22.559964871 3.683648009 13.942824166 -0.136908391 0.394129923 0.083254376 0.904978676
1520616872.614284039 22.582877980 3.709507767 13.976101463 -0.120694931 0.412269594 0.074068803 0.899989071
1520616872.664287090 22.618349082 3.723306814 13.992400092 -0.109371451 0.429528321 0.063829626 0.894130351
1520616872.714287281 22.650657727 3.733110453 14.029726086 -0.108496948 0.448935649 0.053394962 0.885344099
1520616872.764289141 22.679879001 3.746338890 14.044996926 -0.114841943 0.466219143 0.043479002 0.876105368
1520616872.814480543 22.705483179 3.763867025 14.067218045 -0.124718339 0.485218344 0.039321872 0.864559012
1520616872.864556313 22.739336132 3.785286933 14.079760082 -0.135309029 0.500642852 0.039694444 0.854091653
1520616872.914483547 22.772212777 3.802389354 14.103030676 -0.143675773 0.518813931 0.037525532 0.841891449
1520616872.964485407 22.804791488 3.809974144 14.124582595 -0.146289718 0.540249973 0.032133574 0.828068064
1520616873.014487505 22.842866259 3.826752229 14.131288686 -0.140127902 0.565555086 0.019057024 0.812495197
1520616873.064488649 22.885512936 3.830937851 14.147645738 -0.128596959 0.589252927 0.009548372 0.797591774
1520616873.114490509 22.934998980 3.829296760 14.170334129 -0.119477086 0.611586706 0.005112046 0.782087459
1520616873.164491415 22.986985939 3.851102910 14.175200272 -0.111468694 0.634967180 0.001326998 0.764453825
1520616873.216315508 23.028287377 3.852335470 14.185044220 -0.110417581 0.655523980 0.004240338 0.747046377
1520616873.266316652 23.071596357 3.847603405 14.191442821 -0.111929806 0.674225779 0.006236509 0.729967412
1520616873.316318512 23.113133525 3.852199932 14.186885958 -0.111642106 0.694159187 0.004325611 0.711097990
1520616873.366319418 23.156208421 3.859216369 14.188654138 -0.112485664 0.716318020 -0.000226979 0.688647528
1520616873.416321516 23.198605239 3.863196405 14.178115554 -0.112863580 0.735832812 -0.003021252 0.667684624
1520616873.466323614 23.234216060 3.874492210 14.170356620 -0.112194479 0.754259865 -0.007894772 0.646871029
1520616873.516324759 23.276700550 3.884718523 14.151083700 -0.111192662 0.766469164 -0.010062451 0.632502933
1520616873.566326618 23.316420410 3.886016994 14.133040209 -0.113560521 0.776291951 -0.012574853 0.619932810
1520616873.617854118 23.347616567 3.886730930 14.103514639 -0.113033136 0.781121009 -0.017373638 0.613817266
1520616873.667855978 23.392185973 3.898326653 14.090660546 -0.105474156 0.785922969 -0.022843840 0.608833678
1520616873.717856884 23.435628596 3.902367144 14.066567394 -0.101460441 0.793582217 -0.029233088 0.599231566
1520616873.767858982 23.483168871 3.901093901 14.055531190 -0.095923918 0.803238003 -0.030146260 0.587110309
1520616873.817860842 23.521807385 3.901993013 14.035625227 -0.098548474 0.813415292 -0.032677238 0.572342519
1520616873.867862940 23.565281450 3.910290866 14.013303457 -0.103344393 0.823116253 -0.036457666 0.557198716
1520616873.917864084 23.609501422 3.912604964 13.989654783 -0.112944132 0.830828165 -0.040415601 0.543447112
1520616873.967865944 23.646258113 3.908498194 13.964512475 -0.126303260 0.834674733 -0.051034154 0.533630107
1520616874.017866850 23.687967294 3.910955316 13.935381761 -0.139010935 0.836572115 -0.068455297 0.525487324
1520616874.067867994 23.732698254 3.910800157 13.910335943 -0.146769515 0.837443725 -0.087799363 0.519074165
1520616874.117869854 23.776215394 3.913932792 13.886806770 -0.149222910 0.837542445 -0.109051689 0.514162334
1520616874.167871952 23.818494670 3.905938618 13.855372399 -0.151601065 0.834722120 -0.127794981 0.513735868
1520616874.217873096 23.872267876 3.892941988 13.825109118 -0.155820519 0.828595770 -0.141663219 0.518729745
1520616874.267874956 23.918700097 3.880056535 13.801648629 -0.166606020 0.819882602 -0.156024307 0.525063204
1520616874.317879915 23.959782696 3.877783512 13.769144699 -0.177492143 0.807133287 -0.173346164 0.535708413
1520616874.367877960 24.008833667 3.861466123 13.756379962 -0.188043012 0.796154073 -0.189990008 0.542846492
1520616874.417882919 24.066827437 3.855635486 13.745932735 -0.193949735 0.785207492 -0.199782440 0.553100056
1520616874.467143059 24.113919058 3.858197239 13.733559842 -0.200393009 0.772666617 -0.202399871 0.567329915
1520616874.517224073 24.163063990 3.861740381 13.727941007 -0.207818955 0.759345073 -0.199846300 0.583324780
1520616874.567145824 24.215872955 3.871474049 13.716688748 -0.216340311 0.743494907 -0.195998404 0.601661715
1520616874.617146969 24.263884384 3.879528653 13.707421158 -0.227008015 0.726275204 -0.193489759 0.619316883
1520616874.667148829 24.308394454 3.888177768 13.709546459 -0.231698021 0.708304573 -0.189402342 0.639333568
1520616874.717150927 24.361542270 3.901147803 13.709085982 -0.231202575 0.684096423 -0.183828105 0.666906801
1520616874.767152071 24.404487735 3.906484331 13.712084225 -0.226181595 0.659989654 -0.177246480 0.694146402
1520616874.817153931 24.449953992 3.904849452 13.728886317 -0.224521863 0.637808819 -0.168197919 0.717286068
1520616874.865250349 24.483661811 3.901606123 13.735371522 -0.226497879 0.612550446 -0.152301420 0.741811930
1520616874.915252209 24.522412259 3.915028008 13.750752847 -0.229883024 0.585086428 -0.130514007 0.766677090
1520616874.965253353 24.558745025 3.926204759 13.772652383 -0.237675222 0.557449305 -0.111303299 0.787637186
1520616875.015255451 24.590909731 3.935203878 13.791416910 -0.244448666 0.529615577 -0.097222145 0.806411833
1520616875.065257549 24.626788056 3.948431760 13.818863864 -0.246602966 0.504283200 -0.086274791 0.823068704
1520616875.115258455 24.661455436 3.956242338 13.840483613 -0.244806768 0.481247074 -0.074526095 0.838401313
1520616875.165260315 24.690016713 3.959416045 13.870286556 -0.240588831 0.463313050 -0.061484504 0.850692475
1520616875.215262651 24.726459429 3.976841901 13.901561311 -0.236318955 0.452276592 -0.050167167 0.858535084
1520616875.263584375 24.754725504 3.997478912 13.927647116 -0.233242390 0.448140038 -0.037726767 0.862174683
1520616875.313585281 24.788513151 4.004379045 13.948405527 -0.231512338 0.444807404 -0.021070023 0.864930323
1520616875.363587141 24.825865769 4.022901447 13.977932435 -0.224873974 0.438553520 -0.002319450 0.870113283
1520616875.413588285 24.855029099 4.033555304 14.015813169 -0.218330212 0.432001909 0.006598169 0.875021561
1520616875.463590145 24.887687338 4.024193046 14.056028074 -0.215368703 0.422806005 0.015140740 0.880126219
1520616875.513592243 24.920108799 4.038679543 14.082512756 -0.208987201 0.410792522 0.025107206 0.887098350
1520616875.563593388 24.953966195 4.057065154 14.127756485 -0.204487357 0.402049693 0.033918995 0.891846661
1520616875.613595247 24.974902468 4.068804865 14.159741997 -0.198817302 0.396159252 0.044439057 0.895295871
1520616875.662979841 25.003095961 4.100113249 14.188609322 -0.194183493 0.393076757 0.049107740 0.897425130
1520616875.712980747 25.033594998 4.108607377 14.218782970 -0.195273960 0.391796200 0.050525757 0.897669742
1520616875.762982845 25.065543110 4.139947721 14.233189355 -0.192513992 0.389654512 0.050946348 0.899173061
1520616875.812983990 25.098364437 4.146835450 14.258696320 -0.193746992 0.389866522 0.053587957 0.898662634
1520616875.862985849 25.140369994 4.152913311 14.284994193 -0.195776231 0.390942681 0.059666683 0.897371369
1520616875.912986755 25.180238226 4.162878011 14.323992419 -0.198414196 0.394748320 0.064360454 0.894797912
1520616875.962988853 25.218783883 4.177300622 14.358528804 -0.199983137 0.398029314 0.067403301 0.892768842
1520616876.012990713 25.253392143 4.177683715 14.385963884 -0.199048485 0.399035350 0.072219257 0.892151820
1520616876.062645912 25.287952818 4.193787826 14.421926526 -0.195782637 0.404243451 0.072266767 0.890524512
1520616876.112647057 25.328181209 4.208062690 14.450506685 -0.190535916 0.415234783 0.071734919 0.886639860
1520616876.162730932 25.370613991 4.240125418 14.494596485 -0.179679575 0.436265741 0.068887611 0.879000541
1520616876.212649822 25.414492806 4.264359469 14.524705907 -0.168786901 0.460605994 0.065276093 0.868960374
1520616876.262651920 25.463908771 4.282274202 14.565775181 -0.158591111 0.489465560 0.061482763 0.855273170
1520616876.312654018 25.509466585 4.326877686 14.584919464 -0.146806569 0.517649781 0.049867678 0.841427211
1520616876.362654924 25.564165289 4.359506707 14.612964642 -0.138223893 0.547980578 0.038112650 0.824110956
1520616876.412657022 25.617713345 4.376325787 14.641544052 -0.134070787 0.581125010 0.031014382 0.802095290
1520616876.462657928 25.674250607 4.395698603 14.660381586 -0.132871663 0.612822287 0.024445964 0.778586130
1520616876.512599707 25.733645511 4.405421308 14.667926726 -0.134585141 0.643010293 0.019375723 0.753690377
1520616876.562600613 25.793475046 4.417304036 14.672121409 -0.140231306 0.672854229 0.013276101 0.726241084
1520616876.612602472 25.849733443 4.435838984 14.676026447 -0.146665616 0.702179371 0.009617278 0.696664077
1520616876.662604570 25.907402585 4.439633298 14.668852759 -0.153138893 0.729873356 0.012538144 0.666090203
1520616876.712605476 25.966060540 4.448307088 14.660926542 -0.156384324 0.755351289 0.014452224 0.636222843
1520616876.762607336 26.024697901 4.479649125 14.653289993 -0.153690846 0.776961517 0.009160324 0.610431006
1520616876.812608719 26.084699280 4.500595867 14.634996599 -0.150440653 0.795709132 -0.001067336 0.586697066
1520616876.862610579 26.145758353 4.509340509 14.614005462 -0.148986671 0.809868978 -0.015285486 0.567169785
1520616876.912892580 26.206633495 4.520680569 14.595400055 -0.147601461 0.821808328 -0.030269978 0.549480308
1520616876.962894440 26.262472554 4.538262031 14.571463642 -0.144043225 0.833021213 -0.046340758 0.532146354
1520616877.012895346 26.315936272 4.540998999 14.541631716 -0.146736330 0.842403438 -0.060569442 0.514933239
1520616877.062897444 26.369415312 4.547991439 14.512762421 -0.149438951 0.849689543 -0.075239298 0.500034728
1520616877.112899542 26.422287717 4.551479533 14.483040614 -0.150706009 0.853226779 -0.089341268 0.491233041
1520616877.162901402 26.472702275 4.554297596 14.453006112 -0.150099743 0.855999628 -0.103289226 0.483803720
1520616877.212902546 26.526658780 4.557218799 14.422912030 -0.148142134 0.857635136 -0.117619383 0.478206611
1520616877.262904406 26.577139416 4.552934481 14.391164660 -0.149130816 0.856244468 -0.132410353 0.476521678
1520616877.312801123 26.627250671 4.554355642 14.358214737 -0.151976989 0.853864860 -0.146612761 0.475733638
1520616877.362802982 26.679079852 4.555790098 14.324977385 -0.156264292 0.849121823 -0.158285989 0.479081565
1520616877.412805319 26.731857770 4.552154352 14.299807600 -0.161694547 0.844062614 -0.166219824 0.483512303
1520616877.462806225 26.776937050 4.559782577 14.275642690 -0.168070167 0.837936522 -0.176846456 0.488200916
1520616877.512806892 26.825803055 4.552649018 14.252914102 -0.175479762 0.831580705 -0.180057945 0.495236834
1520616877.562809229 26.873895404 4.537574507 14.223208363 -0.181259922 0.825146496 -0.177475811 0.504757800
1520616877.612811089 26.916052899 4.540803975 14.203577584 -0.186835498 0.817300789 -0.178919397 0.514878400
1520616877.662811995 26.954192463 4.539618478 14.166090219 -0.190297790 0.808879154 -0.176474433 0.527596475
1520616877.712680340 26.994952062 4.555003438 14.152111512 -0.190197439 0.802737667 -0.169954367 0.539029392
1520616877.762681484 27.042409070 4.556530855 14.136406696 -0.187547616 0.793576916 -0.157463704 0.557015935
1520616877.812769413 27.089880767 4.561968978 14.116446170 -0.179332423 0.782360755 -0.147008087 0.578048573
1520616877.862684250 27.135864527 4.571826892 14.095984083 -0.171442736 0.768663677 -0.142120617 0.599637615
1520616877.912686348 27.183707067 4.580103265 14.077086822 -0.167134615 0.754774399 -0.142178445 0.618196504
1520616877.962687254 27.232370458 4.583320301 14.054781954 -0.165398456 0.739055083 -0.140675707 0.637692152
1520616878.012689352 27.280700967 4.590520058 14.040341778 -0.167550858 0.724034460 -0.137720393 0.654777752
1520616878.062690496 27.328721837 4.600235740 14.026216879 -0.171595015 0.709152551 -0.131459961 0.671100655
1520616878.112839699 27.370154593 4.591392342 14.015101350 -0.181417250 0.695271833 -0.122040002 0.684683210
1520616878.162840843 27.415374034 4.603365533 14.006975849 -0.185935549 0.678682012 -0.117715798 0.700686584
1520616878.212842941 27.457298226 4.604895428 14.009661590 -0.189006191 0.657630656 -0.111800955 0.720624122
1520616878.262844801 27.497267878 4.613481080 14.014476919 -0.188668461 0.634264073 -0.103612553 0.742548137
1520616878.312845945 27.536783613 4.651123441 14.028987942 -0.185015642 0.608843712 -0.100377525 0.764854822
1520616878.362847805 27.578209761 4.677562423 14.039964805 -0.180797982 0.580804598 -0.098945399 0.787520105
1520616878.412848711 27.613248481 4.690493351 14.046776362 -0.180637937 0.549443501 -0.100851486 0.809512663
1520616878.462850809 27.645344189 4.702060624 14.052792250 -0.183232302 0.514678649 -0.103147109 0.831199426
1520616878.512989521 27.676726896 4.739329906 14.070262556 -0.183540316 0.476425020 -0.103298401 0.853616772
1520616878.562991381 27.707393034 4.749034906 14.085464401 -0.185141528 0.431870169 -0.103973387 0.876584455
1520616878.612992525 27.724140280 4.762477046 14.104772777 -0.180633018 0.389418255 -0.098622423 0.897774333
1520616878.662994623 27.734844946 4.776272781 14.134694342 -0.173008556 0.344452711 -0.089301429 0.918392957
1520616878.712996483 27.748674824 4.778433642 14.158015417 -0.164438900 0.297456722 -0.075727766 0.937413811
1520616878.762998581 27.746580214 4.790232594 14.187199231 -0.152303265 0.253941956 -0.059294511 0.953310736
1520616878.812999487 27.732054297 4.793084809 14.212504832 -0.143518189 0.205697341 -0.044799541 0.966997484
1520616878.863001347 27.717520743 4.798950595 14.237587025 -0.136962574 0.149161568 -0.028007853 0.978880810
1520616878.913002491 27.698071479 4.807095978 14.247486107 -0.125486827 0.090168583 -0.009049087 0.987947770
1520616878.962867737 27.667418576 4.809859524 14.262468419 -0.113783850 0.028807361 0.007992992 0.993055630
1520616879.012868881 27.625126108 4.814488369 14.270806679 -0.098279626 -0.030414890 0.027542780 0.994312549
1520616879.062870979 27.583951387 4.817771818 14.273467533 -0.085147332 -0.087877697 0.047935385 0.991327212
1520616879.112872124 27.545646285 4.814276331 14.271641979 -0.076063311 -0.140723433 0.065866138 0.984922809
1520616879.162873983 27.502013877 4.811432505 14.262138450 -0.067465985 -0.186210250 0.084935939 0.976503953
1520616879.212875843 27.453935877 4.797911076 14.246500310 -0.064289168 -0.226204285 0.104349578 0.966338290
1520616879.262876987 27.406772022 4.784608856 14.235589271 -0.066367977 -0.265843924 0.123860197 0.953719535
1520616879.312878847 27.361213571 4.777956873 14.222505155 -0.067414184 -0.300479158 0.142098118 0.940731486
1520616879.362925291 27.312985151 4.763432773 14.209841284 -0.074216137 -0.331897609 0.158435514 0.926948828
1520616879.412927389 27.262217181 4.758795839 14.195412311 -0.081244569 -0.357884486 0.175724422 0.913476295
1520616879.463019371 27.209892026 4.755002928 14.184978558 -0.089617875 -0.378142639 0.187301768 0.902161199
1520616879.512930393 27.164034586 4.755327972 14.181727515 -0.099258483 -0.392202714 0.192504483 0.894017230
1520616879.562931299 27.111392163 4.759121412 14.181500109 -0.105516848 -0.400060803 0.199076291 0.888361514
1520616879.612933397 27.060550625 4.751229210 14.183707039 -0.112687993 -0.404000577 0.206236875 0.884053902
1520616879.662934303 27.014009891 4.744454131 14.190609423 -0.115535383 -0.404461424 0.215876957 0.881169491
1520616879.712936401 26.959569262 4.720585757 14.193486795 -0.117909290 -0.401830814 0.228208671 0.878948348
1520616879.762993336 26.912404777 4.704592814 14.205820788 -0.114999255 -0.398381849 0.241448562 0.877365184
1520616879.812995434 26.865703389 4.676990203 14.217849446 -0.111527562 -0.391191268 0.251451415 0.878238681
1520616879.862997293 26.822983024 4.658979873 14.235733803 -0.106762111 -0.382861172 0.257776996 0.880664633
1520616879.912998199 26.778322367 4.652066256 14.258350226 -0.104890817 -0.375063590 0.260601151 0.883409452
1520616879.963000298 26.729103691 4.642343145 14.277787403 -0.108759553 -0.370251685 0.265801310 0.883422160
1520616880.013001204 26.687139655 4.641123004 14.298529568 -0.112805301 -0.367574391 0.270879750 0.882489769
1520616880.063003302 26.639619733 4.647680123 14.327889901 -0.113365386 -0.363357857 0.273644443 0.883310860
1520616880.113005400 26.591479409 4.648680273 14.357063455 -0.112550274 -0.358213560 0.278207846 0.884090423
1520616880.162971020 26.543998884 4.654130626 14.391732533 -0.109356077 -0.351282483 0.279727883 0.886788688
1520616880.212971926 26.499025587 4.650938863 14.425509510 -0.106984419 -0.344448005 0.284223232 0.888328239
1520616880.262974024 26.458578717 4.645002710 14.461592433 -0.107913998 -0.338439762 0.290241247 0.888579268
1520616880.312975883 26.418685907 4.638881394 14.499862765 -0.109163897 -0.331116434 0.289683557 0.891363331
1520616880.362976789 26.382420420 4.638992651 14.540924969 -0.108407120 -0.322693324 0.283567257 0.896496807
1520616880.412979126 26.342742109 4.636918519 14.578752683 -0.107499989 -0.313168785 0.277861568 0.901754963
1520616880.462980986 26.301985474 4.639495734 14.619048674 -0.105317438 -0.304063608 0.274182303 0.906243689
1520616880.512981892 26.259856064 4.645299627 14.656741247 -0.100343754 -0.294427248 0.271665267 0.910736905
1520616880.563006163 26.211565780 4.647847291 14.689099537 -0.094924217 -0.284678872 0.269922110 0.914925892
1520616880.613008261 26.173326719 4.651814450 14.722190283 -0.091267746 -0.275710629 0.270744185 0.917797055
1520616880.663009167 26.127338435 4.655277518 14.762323151 -0.087344731 -0.264481960 0.271654187 0.921208008
1520616880.713010073 26.084658035 4.659319726 14.798101550 -0.082481951 -0.253546176 0.270469365 0.925071558
1520616880.763012171 26.043794628 4.664037779 14.836172293 -0.079274704 -0.242333499 0.267514226 0.929207262
1520616880.813013077 26.003894930 4.671470334 14.875835411 -0.081064831 -0.231669419 0.264858030 0.932527746
1520616880.863015175 25.966411592 4.668109227 14.911246603 -0.087360082 -0.222830658 0.260851447 0.935238599
1520616880.913016081 25.933050799 4.669760979 14.951992629 -0.095089966 -0.210723224 0.257090941 0.938327165
1520616880.963162899 25.904289513 4.669549995 14.996987483 -0.102336983 -0.192360817 0.251974568 0.942885611
1520616881.013163805 25.878869218 4.665770739 15.042991383 -0.109678269 -0.172875628 0.250705569 0.946166694
1520616881.063166142 25.856555906 4.667601799 15.085216252 -0.113835438 -0.152526181 0.252395511 0.948722174
1520616881.113262892 25.833232707 4.679585211 15.130573806 -0.113373772 -0.131352396 0.254345679 0.951420628
1520616881.163168907 25.812531860 4.690327351 15.172191903 -0.111549918 -0.111161128 0.258079744 0.953202321
1520616881.213171005 25.791226115 4.707132238 15.220577969 -0.109581687 -0.091301348 0.260922435 0.954764579
1520616881.263171911 25.776370600 4.730001639 15.270161801 -0.105787555 -0.075039487 0.265399884 0.955374780
1520616881.313174009 25.755042012 4.732772914 15.316052693 -0.101893408 -0.058424098 0.270057156 0.955653436
1520616881.363174915 25.742943255 4.739053127 15.362760403 -0.100191908 -0.041471157 0.271862314 0.956207408
1520616881.413449764 25.736391384 4.745809921 15.410254532 -0.100860995 -0.021133993 0.271419772 0.956928274
1520616881.463451624 25.734086874 4.759319933 15.454902519 -0.099583516 0.001557325 0.274356700 0.956456533
1520616881.513453007 25.735471948 4.782163137 15.496706860 -0.096064286 0.023669416 0.271974568 0.957204913
1520616881.563454866 25.739631432 4.788195809 15.538447380 -0.093007391 0.054038445 0.266082808 0.957929753
1520616881.613455772 25.747008507 4.798219364 15.580341006 -0.087903644 0.086428658 0.259479305 0.957848384
1520616881.663457870 25.758672805 4.817563304 15.619766795 -0.083399978 0.119677379 0.249403318 0.957350382
1520616881.713458776 25.769461799 4.832059525 15.658944337 -0.081570889 0.155009603 0.240089054 0.954816977
1520616881.763460636 25.785810792 4.853749853 15.693273569 -0.080125237 0.191789743 0.229816474 0.950779170
1520616881.813375235 25.802979913 4.863729498 15.729052756 -0.075666337 0.233650580 0.223127149 0.943343144
1520616881.863377333 25.831718654 4.890168196 15.755605982 -0.064640975 0.279346108 0.212991072 0.934035384
1520616881.913379192 25.860482239 4.902877536 15.781290786 -0.053469071 0.330166267 0.200433548 0.920846180
1520616881.963380337 25.902266979 4.921125266 15.803799534 -0.040204180 0.382587341 0.187887110 0.903719528
1520616882.013382196 25.940839759 4.934746954 15.812236832 -0.031645105 0.434658273 0.172400131 0.883373629
1520616882.063384056 25.983652317 4.951676164 15.819418018 -0.032224137 0.490745623 0.153355830 0.857095285
1520616882.113385201 26.021886126 4.957404611 15.819286781 -0.037236132 0.545375273 0.137670400 0.825969819
1520616882.163387299 26.061647539 4.964399853 15.810919789 -0.044792984 0.596885318 0.122966583 0.791581155
1520616882.213105679 26.101003565 4.971181787 15.799465148 -0.051498482 0.644089909 0.111587272 0.755012832
1520616882.263106823 26.145403704 4.977032158 15.776701919 -0.054871300 0.692116041 0.101617087 0.712487540
1520616882.313107729 26.187870755 4.986761809 15.745853119 -0.053396742 0.734351249 0.089409216 0.670733198
1520616882.363110065 26.222789700 4.995589416 15.705095800 -0.046417325 0.769455911 0.071988376 0.632930255
1520616882.413110971 26.260918420 5.000169048 15.664955041 -0.041739273 0.802794858 0.051705353 0.592540973
1520616882.463112831 26.294801333 5.005213913 15.622508563 -0.037407932 0.833094219 0.027896963 0.551159167
1520616882.513114929 26.323368938 5.001059145 15.572576447 -0.028698245 0.860484179 0.008223548 0.508601772
1520616882.563115835 26.354970641 5.002845755 15.515922325 -0.015558805 0.885666012 -0.011079406 0.463929829
1520616882.613003016 26.376976763 4.996495772 15.461199741 0.000382624 0.906709310 -0.028605350 0.420784761
1520616882.663003922 26.401464934 4.980583247 15.406377929 0.009464683 0.927530818 -0.046441909 0.370729214
1520616882.713006258 26.412655019 4.967894837 15.342524744 0.018786953 0.943332461 -0.066968747 0.324478205
1520616882.763103008 26.412606078 4.933210593 15.281613765 0.025419697 0.956962162 -0.077209497 0.278596399
1520616882.813009262 26.424550505 4.933636639 15.217388517 0.033439871 0.967914728 -0.091608097 0.231583269
1520616882.863010168 26.417743455 4.915500518 15.151468138 0.037414183 0.975715507 -0.102024315 0.190185349
1520616882.913012028 26.416122452 4.904150348 15.091261206 0.043223282 0.981357924 -0.113915017 0.148632912
1520616882.963013172 26.407998293 4.889146859 15.024758910 0.048547062 0.984642565 -0.130250525 0.105626715
1520616883.012995720 26.402805599 4.879414222 14.963694112 0.059922239 0.985021788 -0.151092396 0.057554240
1520616883.062997580 26.383570092 4.859592466 14.905462449 0.073780025 0.982160656 -0.172785821 0.007874934
1520616883.112998724 26.358665771 4.836252200 14.848974738 0.083847313 0.975485425 -0.198210914 -0.045937424
1520616883.163000584 26.325950458 4.813103968 14.799456000 0.096245088 0.966167262 -0.219867640 -0.094424182
1520616883.213001490 26.284299589 4.783352144 14.746552476 0.109179530 0.955620273 -0.235419820 -0.139453333
1520616883.263003826 26.238452239 4.752480786 14.703311575 0.115403894 0.944131347 -0.245338563 -0.187368437
1520616883.313004732 26.190703243 4.731656196 14.662509045 0.120008110 0.930843981 -0.251116879 -0.236786505
1520616883.363006592 26.140909936 4.712113306 14.621845566 0.127939703 0.914979682 -0.256861877 -0.283664572
1520616883.413008690 26.094628375 4.696108041 14.578889708 0.135615487 0.894834762 -0.267228411 -0.330859737
1520616883.463502645 26.038555985 4.680228531 14.552843409 0.137598023 0.876114030 -0.272999655 -0.372776312
1520616883.513504505 25.986585861 4.663766291 14.520256824 0.135134283 0.856899255 -0.281054711 -0.410451754
1520616883.563505411 25.929172026 4.653383588 14.500839275 0.125574772 0.842988274 -0.283405116 -0.439639951
1520616883.613507748 25.873279797 4.641819234 14.479118211 0.117956097 0.833502032 -0.284887857 -0.458475333
1520616883.663509607 25.818444154 4.625943055 14.460275284 0.102749689 0.827286797 -0.283649249 -0.473901002
1520616883.713511467 25.765605764 4.606635384 14.441729463 0.089280268 0.820573759 -0.281332590 -0.489427945
1520616883.763511658 25.716070905 4.592416662 14.428002541 0.074270202 0.815649470 -0.282668370 -0.499297980
1520616883.813514709 25.661918032 4.578198795 14.413940034 0.054119582 0.811919387 -0.284593215 -0.506818194
1520616883.865299225 25.604718250 4.563567565 14.393904852 0.032765421 0.808839984 -0.286650371 -0.512382545
1520616883.915301323 25.552087618 4.547415412 14.384323371 0.008130656 0.809106328 -0.285744021 -0.513450287
1520616883.965302467 25.497861532 4.535103534 14.359546473 -0.013029825 0.810387253 -0.285959779 -0.511204195
1520616884.015304327 25.446723445 4.519424602 14.336873211 -0.027554688 0.813001077 -0.278262492 -0.510724949
1520616884.065305471 25.403470132 4.497248326 14.313216054 -0.037816743 0.818848736 -0.267802162 -0.506298966
1520616884.115307331 25.351759105 4.483636439 14.299097679 -0.053614488 0.828253659 -0.253522422 -0.496837744
1520616884.165308237 25.305374087 4.466152392 14.278910626 -0.069427336 0.836821710 -0.238375256 -0.487941091
1520616884.215310335 25.262523764 4.432139162 14.276866056 -0.080842210 0.845960045 -0.224002423 -0.477115346
1520616884.266736984 25.214066379 4.412926051 14.269487923 -0.094053028 0.854167693 -0.214094594 -0.464451380
1520616884.316738844 25.169092440 4.380910190 14.248063721 -0.109509504 0.859538100 -0.204420841 -0.455427320
1520616884.366741180 25.130905214 4.355776277 14.222556696 -0.116845419 0.864043050 -0.201368985 -0.446348840
1520616884.416839123 25.096826432 4.350003435 14.206249558 -0.119450057 0.868847891 -0.202923247 -0.435496478
1520616884.466742992 25.052333633 4.325055357 14.173156851 -0.122787441 0.873583093 -0.202458009 -0.425190051
1520616884.516745090 25.014838341 4.308440188 14.129604101 -0.127895276 0.877650208 -0.205518109 -0.413684926
1520616884.566745996 24.985250320 4.294035638 14.097075938 -0.136580652 0.883981527 -0.208128529 -0.395733371
1520616884.616748095 24.940964992 4.299525133 14.056852232 -0.153409498 0.887203511 -0.217285034 -0.376991605
1520616884.668346167 24.902414583 4.299914641 14.019190175 -0.172575482 0.892282047 -0.221873178 -0.353302624
1520616884.718347073 24.883510377 4.272049478 13.974351507 -0.186326904 0.898608538 -0.219849404 -0.330834126
1520616884.768349171 24.861469166 4.247437867 13.937327698 -0.199784398 0.906997402 -0.213875060 -0.302819030
1520616884.818350077 24.842380832 4.224586303 13.893720491 -0.215217689 0.914625430 -0.204865149 -0.274175018
1520616884.868352175 24.835533093 4.191640392 13.848230812 -0.226378079 0.923331363 -0.192874793 -0.242922773
1520616884.918353319 24.828003027 4.181463999 13.795308907 -0.236087671 0.930530489 -0.187857784 -0.207569442
1520616884.968355179 24.823984431 4.170810838 13.739554121 -0.248000252 0.935657421 -0.185433648 -0.169279142
1520616885.018356323 24.838100214 4.157396686 13.694124842 -0.260348980 0.939326344 -0.179336935 -0.133126604
1520616885.069706440 24.842329541 4.158916362 13.636612426 -0.271125589 0.941280409 -0.177329491 -0.095059762
1520616885.119708300 24.844316289 4.155247166 13.577014211 -0.279186949 0.941841320 -0.177492003 -0.059043754
1520616885.169709444 24.859233707 4.145493362 13.519406556 -0.287112123 0.940059899 -0.181286993 -0.031449032
1520616885.219711304 24.880518169 4.130298262 13.472678473 -0.292323135 0.938421102 -0.183929005 -0.009118190
1520616885.269712210 24.904288282 4.113308813 13.405439278 -0.288341629 0.938982803 -0.186798927 0.016630138
1520616885.319714308 24.930565840 4.098461847 13.336543353 -0.284472180 0.938108335 -0.193304582 0.040763584
1520616885.369716406 24.960104320 4.076662567 13.285923806 -0.280703885 0.936824418 -0.198822186 0.063522256
1520616885.419718266 24.988451551 4.048064531 13.224060720 -0.272556943 0.935231308 -0.208616839 0.086799349
1520616885.471258402 25.039757464 4.029674627 13.172225250 -0.255909784 0.934242517 -0.221486219 0.112449794
1520616885.521259308 25.074522532 4.011700396 13.115903382 -0.241661282 0.931091056 -0.234826283 0.139735062
1520616885.571261644 25.105849382 4.004037918 13.075030248 -0.228366895 0.926359023 -0.247668016 0.168428250
1520616885.621263504 25.141041279 4.000151142 13.028313657 -0.216624517 0.921747991 -0.252092755 0.199759111
1520616885.671264410 25.184276658 4.000500595 12.975111896 -0.205980999 0.917987915 -0.250110378 0.228724320
1520616885.721266508 25.225103548 4.003078450 12.926059556 -0.193879221 0.915415794 -0.242906685 0.255775515
1520616885.771267414 25.262467214 4.006564283 12.877078151 -0.177419337 0.912633530 -0.237764330 0.281230407
1520616885.821269274 25.309205208 4.002550062 12.835166095 -0.158579343 0.910406907 -0.228106963 0.306560059
1520616885.871270418 25.379128441 3.998358673 12.804192015 -0.140758656 0.909160426 -0.216979765 0.326395623
1520616885.920545101 25.427913757 3.992288934 12.777708304 -0.127875600 0.906502675 -0.207005921 0.345035186
1520616885.970546007 25.481770621 3.989969395 12.747076745 -0.112185766 0.903097192 -0.193373190 0.366656003
1520616886.020547867 25.551786973 3.994305374 12.719379998 -0.102097657 0.899290760 -0.182338551 0.384193767
1520616886.070646763 25.605502392 4.001114265 12.683810566 -0.099137125 0.895798746 -0.170711093 0.398213711
1520616886.120551109 25.658842430 4.007807669 12.648885520 -0.102590525 0.891250416 -0.156033084 0.413281450
1520616886.170552015 25.706215552 4.014990188 12.614948193 -0.106330313 0.886618721 -0.139159228 0.428060530
1520616886.220554113 25.764772987 4.025151395 12.578059582 -0.108705470 0.881741234 -0.129212668 0.440476564
1520616886.270555973 25.803754222 4.031374087 12.532588564 -0.111630908 0.877761870 -0.125004529 0.448827926
1520616886.318944454 25.856220932 4.034463571 12.493953855 -0.114264241 0.876902515 -0.125588857 0.449681111
1520616886.368946314 25.906750090 4.029507925 12.456009066 -0.113087506 0.877743278 -0.123689244 0.448864038
1520616886.418947220 25.954696178 4.017878612 12.415867449 -0.112722428 0.878075413 -0.123792998 0.448277277
1520616886.468949318 25.990683134 3.995553567 12.367246042 -0.114293463 0.878440083 -0.125400448 0.446715516
1520616886.518950224 26.042581736 3.980134922 12.324919207 -0.113542254 0.882360884 -0.126534885 0.438789642
1520616886.568952084 26.087414452 3.966675278 12.282077823 -0.109915739 0.885841572 -0.127788996 0.432288344
1520616886.618953228 26.134775396 3.958789982 12.239040811 -0.101959828 0.888726362 -0.132031217 0.427009841
1520616886.668955326 26.175875804 3.959693601 12.192404947 -0.092609551 0.890100661 -0.137914288 0.424410100
1520616886.717357397 26.206178871 3.983228274 12.159702319 -0.087303914 0.889791572 -0.145317674 0.423711881
1520616886.767358303 26.246496057 3.990140716 12.104491148 -0.088037833 0.889286745 -0.145639640 0.424508563
1520616886.817360163 26.296222472 3.993056982 12.065423673 -0.090727752 0.890934074 -0.134949831 0.424020629
1520616886.867361307 26.337925367 4.004481552 12.039194478 -0.101006111 0.892534721 -0.119240532 0.423038098
1520616886.917363405 26.396975554 4.007295623 12.006271838 -0.112667526 0.893604889 -0.098468338 0.423178825
1520616886.967364073 26.451014453 4.000223631 11.981841297 -0.122841536 0.894943611 -0.075175746 0.422296693
1520616887.017367363 26.499013303 4.005448870 11.957970839 -0.123625644 0.893284621 -0.057689385 0.428288712
1520616887.067368269 26.545866622 3.998194992 11.920177172 -0.113482484 0.888309961 -0.041090825 0.443101211
1520616887.115808010 26.594490765 3.995419841 11.889595278 -0.106576831 0.883754302 -0.030416120 0.454636748
1520616887.165809155 26.647069414 3.997724342 11.857697762 -0.097581272 0.880133323 -0.022822668 0.464028399
1520616887.215811253 26.699487030 4.000410560 11.818263212 -0.093516830 0.878035564 -0.016909017 0.469065279
1520616887.265813112 26.753674234 4.013137449 11.780809913 -0.089112303 0.875189226 -0.012833756 0.475329477
1520616887.315814257 26.817327766 4.028151572 11.750648883 -0.083725747 0.875881239 -0.008151390 0.475137463
1520616887.365816116 26.871980565 4.032519475 11.703620332 -0.080681746 0.877910184 -0.010819125 0.471854968
1520616887.415817261 26.928268419 4.031826375 11.663447115 -0.076314990 0.884114931 -0.016679516 0.460693613
1520616887.465818167 26.979735050 4.021773059 11.615968477 -0.071115838 0.888203442 -0.022180936 0.453370917
1520616887.514790773 27.023078933 4.003859956 11.572974498 -0.072702978 0.890355408 -0.027849927 0.448559814
1520616887.564791918 27.072378066 3.986843700 11.533166176 -0.078412624 0.895301482 -0.033072944 0.437256099
1520616887.614793777 27.123312419 3.975020403 11.492163952 -0.081131650 0.901606154 -0.038068340 0.423172305
1520616887.664794922 27.167994345 3.965387616 11.443943801 -0.080559796 0.906969707 -0.040339263 0.411447219
1520616887.714895010 27.209996213 3.957862842 11.388800264 -0.076232310 0.909692550 -0.043250396 0.405927952
1520616887.764797688 27.258272594 3.957302236 11.340205568 -0.070631297 0.912636711 -0.047342841 0.399830101
1520616887.814800024 27.310552070 3.962402718 11.291867303 -0.065413959 0.914569877 -0.051543461 0.395760314
1520616887.864801884 27.366198058 3.966224550 11.249933703 -0.061015208 0.914259151 -0.052358835 0.397071659
1520616887.914802790 27.415179941 3.966032165 11.206503056 -0.058289806 0.911133655 -0.051554695 0.404697264
1520616887.964260817 27.444220930 3.951076230 11.152167459 -0.064051606 0.905936767 -0.049536701 0.415598461
1520616888.014261961 27.496995033 3.950400578 11.120480253 -0.068253805 0.902825595 -0.047687711 0.421868754
1520616888.064263821 27.540193242 3.949468631 11.084250667 -0.070948088 0.897924053 -0.042665194 0.432294396
1520616888.114264727 27.591400608 3.953927686 11.056718297 -0.070022180 0.893967691 -0.037066898 0.441072224
1520616888.164266825 27.639682656 3.947073264 11.024955081 -0.073485780 0.890208982 -0.035615562 0.448173336
1520616888.214267731 27.685837076 3.942610387 10.982057128 -0.079416618 0.888801051 -0.037495782 0.449799688
1520616888.264269829 27.725878615 3.938284480 10.938282137 -0.078610987 0.889338514 -0.042807219 0.448402567
1520616888.314271927 27.769130564 3.937977639 10.893544315 -0.076706068 0.893313881 -0.050157435 0.439989455
1520616888.364781380 27.827633343 3.944287134 10.852190860 -0.066262426 0.900085009 -0.058983261 0.426587907
1520616888.414783239 27.872240450 3.942861835 10.803556355 -0.056773046 0.907477257 -0.066566030 0.410890268
1520616888.464784145 27.921032798 3.937116171 10.755142278 -0.046538310 0.916097037 -0.075258892 0.391070971
1520616888.514786482 27.968084892 3.927796772 10.708809858 -0.037122455 0.924043687 -0.081997109 0.371539583
1520616888.564788342 28.012327834 3.914138980 10.659849034 -0.026799841 0.930547943 -0.086273766 0.354850859
1520616888.614789248 28.048786260 3.891323321 10.614185540 -0.015295273 0.938859881 -0.087484398 0.332647949
1520616888.664791346 28.079885856 3.860859139 10.567272679 -0.002992878 0.948561484 -0.085000910 0.304954095
1520616888.714793205 28.098547958 3.825888411 10.517957088 0.007607886 0.957569381 -0.081671311 0.276283909
1520616888.766263962 28.133106764 3.806420582 10.468369882 0.023276953 0.965540991 -0.083556367 0.245371375
1520616888.816265821 28.165203460 3.798845622 10.416516419 0.039785972 0.971471102 -0.088903800 0.216233877
1520616888.866266727 28.191079254 3.782153346 10.360642340 0.059771758 0.975219059 -0.096081838 0.190114186
1520616888.916268826 28.219712909 3.775972646 10.302928128 0.081876278 0.976263025 -0.109399272 0.168043386
1520616888.966270924 28.246472558 3.765842362 10.246046729 0.098980704 0.976058189 -0.122501282 0.150022224
1520616889.016271830 28.275395758 3.752881850 10.195046890 0.114077640 0.974500963 -0.135279352 0.137962537
1520616889.066272974 28.304126480 3.734928159 10.141809967 0.121112481 0.974538389 -0.142927761 0.123200444
1520616889.116274834 28.318153953 3.723525239 10.088019337 0.124653324 0.975227218 -0.148426345 0.106597571
1520616889.165064812 28.329700205 3.700240553 10.038361706 0.132750258 0.975355096 -0.149281470 0.093674165
1520616889.215065718 28.346879576 3.670670021 9.993753969 0.138293326 0.976285206 -0.148497260 0.075436835
1520616889.265066624 28.354302914 3.649581574 9.949619256 0.141576361 0.977313838 -0.147729037 0.054680233
1520616889.315068722 28.358049466 3.628078670 9.896686801 0.144348285 0.977554278 -0.150221355 0.031380751
1520616889.365166664 28.353799649 3.617030697 9.847202180 0.144038553 0.977446031 -0.154407581 0.003232710
1520616889.415071487 28.358457353 3.579783472 9.802477428 0.150039095 0.975759604 -0.157085730 -0.026561968
1520616889.465073824 28.351973811 3.554104850 9.753932365 0.158318105 0.972658759 -0.161097843 -0.054016676
1520616889.515074730 28.344663440 3.531341290 9.697058158 0.168887541 0.967187964 -0.170234133 -0.083933190
1520616889.563895464 28.327396507 3.520285780 9.649326190 0.176558083 0.960729345 -0.183353235 -0.110489634
1520616889.613896370 28.305969364 3.505034714 9.599564192 0.181601864 0.953802905 -0.195638868 -0.137863027
1520616889.663898468 28.286771708 3.464011169 9.557813496 0.183977129 0.946367370 -0.203179433 -0.171053603
1520616889.713899374 28.260362475 3.436917290 9.504048762 0.187858680 0.936743264 -0.207633836 -0.210022292
1520616889.763901234 28.236936870 3.402528301 9.470432753 0.191970587 0.927478577 -0.205091344 -0.246715066
1520616889.813902378 28.211488162 3.382299951 9.438056651 0.196227023 0.917695248 -0.201654320 -0.280474461
1520616889.863904238 28.179893219 3.354444725 9.412576363 0.200319599 0.908676185 -0.197447270 -0.308535614
1520616889.913906336 28.134599106 3.352782237 9.372332705 0.199183079 0.899071193 -0.200040482 -0.334635467
1520616889.963425398 28.096058416 3.324484953 9.338025899 0.195787590 0.890191584 -0.200444685 -0.359232642
1520616890.013427496 28.056988362 3.298153354 9.314858715 0.192457979 0.882789626 -0.202069598 -0.377902474
1520616890.063428402 28.007108659 3.291426168 9.288639912 0.185451752 0.876863446 -0.203364591 -0.394158582
1520616890.113430262 27.971605095 3.289484039 9.251994206 0.177336848 0.872660913 -0.202223969 -0.407578263
1520616890.163431406 27.924363222 3.275282149 9.222143118 0.168599837 0.868897630 -0.199168696 -0.420621961
1520616890.213433504 27.900397462 3.247754184 9.208029987 0.154393798 0.864484360 -0.191899987 -0.438182314
1520616890.263435364 27.855173843 3.239323716 9.171054549 0.134297392 0.858837863 -0.192175693 -0.455445099
1520616890.313436508 27.821747480 3.203062729 9.174211671 0.115502185 0.855427288 -0.191769408 -0.467041641
1520616890.363438368 27.771320622 3.183875309 9.151311608 0.090486109 0.849912623 -0.199832865 -0.479090413
1520616890.413210154 27.713632708 3.184241283 9.130386852 0.059926503 0.844866366 -0.208590344 -0.488978227
1520616890.463211060 27.663926405 3.161261623 9.116207320 0.034783172 0.841925789 -0.211373877 -0.495249614
1520616890.513212204 27.612862667 3.147222770 9.097775469 0.013766419 0.843586023 -0.217138512 -0.490941925
1520616890.563214064 27.565008164 3.121879253 9.084357136 -0.006819974 0.846681639 -0.220072068 -0.484408893
1520616890.613214970 27.528290141 3.100954437 9.046604436 -0.033482435 0.848272177 -0.220135473 -0.480472282
1520616890.663217306 27.486647688 3.081629593 9.015747670 -0.061666483 0.851505331 -0.219705218 -0.472086361
1520616890.713219166 27.455659015 3.051678980 8.974126303 -0.089115111 0.857147579 -0.214699798 -0.459630853
1520616890.763220072 27.423650697 3.016982591 8.949793997 -0.111912920 0.866279228 -0.206889385 -0.440718255
1520616890.812941313 27.383597285 3.002559059 8.916249826 -0.136413423 0.875346627 -0.200481156 -0.418290529
1520616890.862942219 27.362020569 2.970775456 8.876392020 -0.152566101 0.884277754 -0.191751586 -0.397501909
1520616890.912944317 27.331974605 2.950094651 8.839990822 -0.158572617 0.894425562 -0.187560787 -0.373735990
1520616890.962945461 27.317687054 2.934397963 8.794218119 -0.166274299 0.904506173 -0.179521858 -0.349275455
1520616891.013042212 27.297076610 2.917039215 8.755692098 -0.171173780 0.916527942 -0.168498352 -0.319819284
1520616891.062949181 27.280017230 2.901034719 8.709880134 -0.172560146 0.927393872 -0.159775509 -0.290921620
1520616891.112950325 27.255381626 2.887244289 8.661695008 -0.173042367 0.935694651 -0.156249991 -0.264797657
1520616891.162952185 27.227647717 2.873705736 8.613871196 -0.171870643 0.942830046 -0.160342987 -0.236267037
1520616891.213149786 27.208822898 2.855409846 8.560102421 -0.169855552 0.948431654 -0.169791071 -0.206875523
1520616891.263151884 27.188019374 2.835078482 8.512585102 -0.164749526 0.953804070 -0.182058878 -0.173118326
1520616891.313152790 27.183325078 2.806249635 8.459817620 -0.151463104 0.959830035 -0.191711617 -0.137956109
1520616891.363154888 27.191292015 2.778595189 8.411294809 -0.134109212 0.964866048 -0.199166681 -0.106681123
1520616891.413156986 27.188792193 2.756416009 8.361233205 -0.117392040 0.968237593 -0.206087241 -0.079139891
1520616891.463157892 27.196030174 2.732517193 8.315201253 -0.098661537 0.971342732 -0.209388925 -0.053995157
1520616891.513159752 27.206326491 2.707541261 8.258722432 -0.084714312 0.973151218 -0.211181525 -0.034677894
1520616891.563160896 27.204030844 2.704440967 8.212346062 -0.071571710 0.973583035 -0.216241808 -0.015907378
1520616891.613391161 27.207795305 2.686927485 8.161803694 -0.049985717 0.973680668 -0.222363050 0.001434619
1520616891.663392305 27.216419760 2.672632387 8.105204145 -0.032214304 0.972961499 -0.228184707 0.015488667
1520616891.713394165 27.215263601 2.657003617 8.046474275 -0.013780741 0.970513791 -0.239411666 0.024395215
1520616891.763395071 27.215142385 2.632969871 7.989177096 0.006693095 0.967166543 -0.252894702 0.024255927
1520616891.813397408 27.211571203 2.604528710 7.945653992 0.026966561 0.963303211 -0.266337048 0.019603687
1520616891.863399267 27.204007668 2.581071259 7.888855525 0.042764283 0.958922232 -0.280294837 0.008612423
1520616891.913400173 27.191985091 2.549198444 7.844839680 0.060938767 0.954261563 -0.292661995 -0.004504631
1520616891.963402271 27.180310047 2.519309364 7.789110289 0.077222581 0.948859701 -0.305210638 -0.023418088
1520616892.013287306 27.174073549 2.489967194 7.746906529 0.090766902 0.944369669 -0.312601869 -0.046982646
1520616892.063288212 27.168442421 2.457643723 7.692597318 0.101729477 0.939604228 -0.318692353 -0.072320065
1520616892.113290310 27.155308988 2.433332561 7.642184912 0.113304651 0.934674292 -0.324760906 -0.089868676
1520616892.163292170 27.136130660 2.416911804 7.584435899 0.124320260 0.930389722 -0.328830735 -0.103873892
1520616892.213293076 27.102354537 2.406764961 7.531054921 0.129114456 0.928540467 -0.328184251 -0.115918751
1520616892.263295412 27.089147123 2.374496171 7.478000622 0.134347530 0.927234120 -0.324531121 -0.129873703
1520616892.313296318 27.068013305 2.351524353 7.432734455 0.133426749 0.925107766 -0.326480665 -0.140653114
1520616892.363297224 27.033928937 2.331945532 7.383069973 0.127654888 0.920795392 -0.332725197 -0.158537120
1520616892.413119316 26.997585013 2.308531705 7.336243530 0.122144171 0.914906438 -0.339656530 -0.180722033
1520616892.463120461 26.965990234 2.282585029 7.290673600 0.117212121 0.907337058 -0.348013834 -0.204663512
1520616892.513122320 26.928577819 2.265357654 7.250787072 0.113554121 0.899256789 -0.357284733 -0.225367052
1520616892.563123226 26.898192191 2.237617705 7.208834347 0.109128458 0.892737683 -0.358201769 -0.250603077
1520616892.613125563 26.856733315 2.227238523 7.171999281 0.105131939 0.885915614 -0.357898544 -0.275698083
1520616892.663224459 26.816622834 2.209885610 7.129046606 0.103201908 0.877678289 -0.355207720 -0.304725553
1520616892.713128328 26.776364359 2.191495526 7.096611367 0.102988704 0.867112227 -0.354150724 -0.334793933
1520616892.763130426 26.734869436 2.174759038 7.064098879 0.103275855 0.854476040 -0.354656927 -0.365271487
1520616892.813131332 26.695456095 2.161818966 7.032087121 0.099864627 0.839056202 -0.355821407 -0.399252893
1520616892.862972736 26.655084740 2.137837304 7.003152960 0.100161996 0.820465235 -0.354461446 -0.437220147
1520616892.912973642 26.610954718 2.122511852 6.977930991 0.099325134 0.799953394 -0.355638878 -0.473001134
1520616892.962975502 26.570713812 2.101734019 6.952910530 0.100093540 0.776699402 -0.355325475 -0.510355884
1520616893.012977839 26.529052933 2.085872412 6.948712807 0.104928305 0.753144416 -0.354855762 -0.543912611
1520616893.062978745 26.491557013 2.071570031 6.934198909 0.108435001 0.724499457 -0.353387974 -0.581772574
1520616893.112980604 26.449207562 2.058950828 6.931670843 0.115302402 0.693432786 -0.345630823 -0.621607321
1520616893.162981749 26.404417508 2.049987977 6.931974377 -0.120132594 -0.656765372 0.334792449 0.664937156
1520616893.212983608 26.367319831 2.040827939 6.938112094 -0.126757739 -0.618177543 0.328605334 0.702714406
1520616893.263007641 26.332197157 2.036189146 6.944741626 -0.131109114 -0.577707213 0.332480155 0.733840393
1520616893.313009501 26.292633704 2.027661287 6.955195594 -0.133553900 -0.534151306 0.337457654 0.763523457
1520616893.363010645 26.260686418 2.025567120 6.976961823 -0.134560795 -0.488959321 0.344213302 0.790145162
1520616893.413012505 26.226727481 2.025216137 6.998301517 -0.137041217 -0.446794987 0.349253844 0.812167284
1520616893.463014603 26.196078216 2.027274513 7.021858665 -0.143969499 -0.409631566 0.351407896 0.829449971
1520616893.513015747 26.168545055 2.034367767 7.045815221 -0.155591795 -0.372232179 0.348102389 0.846202768
1520616893.563017607 26.146462113 2.043295450 7.073778598 -0.171400741 -0.333519674 0.341125832 0.861985835
1520616893.613019466 26.129181662 2.054286642 7.105109785 -0.183315940 -0.296362153 0.337373997 0.874496156
1520616893.663285017 26.115869117 2.068750790 7.139693154 -0.188589451 -0.256103795 0.329680659 0.888906929
1520616893.713287115 26.106817761 2.089368995 7.174329718 -0.191701459 -0.211345951 0.317091908 0.904453515
1520616893.763288975 26.101525857 2.110493193 7.207383167 -0.196938039 -0.164158084 0.303462059 0.917702736
1520616893.813290119 26.101253322 2.128414449 7.244496339 -0.204580885 -0.116198473 0.290449284 0.927514846
1520616893.863291979 26.103725771 2.150052393 7.288088377 -0.210333505 -0.067091022 0.275678920 0.935553176
1520616893.913293123 26.109939050 2.178176947 7.327380687 -0.212058002 -0.018167083 0.261124246 0.941549515
1520616893.963294029 26.115746244 2.209581600 7.363141134 -0.211002116 0.033489830 0.244966012 0.945699842
1520616894.013295889 26.150876538 2.218064846 7.394712392 -0.211252312 0.078927339 0.231528490 0.946328428
1520616894.063311100 26.165149075 2.252100239 7.432532555 -0.199860298 0.124670477 0.216115176 0.947526973
1520616894.113312244 26.183026177 2.282590962 7.465453060 -0.188546788 0.167432438 0.192966563 0.948251229
1520616894.163314342 26.206536261 2.305306904 7.496028174 -0.184212841 0.204923849 0.172758898 0.945635346
1520616894.213315248 26.257595281 2.304947803 7.513007132 -0.189311952 0.227638873 0.164607457 0.940875078
1520616894.263317347 26.283611591 2.340624173 7.539095517 -0.190861711 0.251169201 0.154277846 0.936314149
1520616894.313416243 26.313858135 2.367452323 7.560246046 -0.194761731 0.275063316 0.143042162 0.930562722
1520616894.363320112 26.348038699 2.394895588 7.580367806 -0.197928484 0.295348191 0.135547567 0.924781390
1520616894.413321257 26.387637065 2.422113877 7.601245310 -0.200309745 0.313690023 0.128611073 0.919202789
1520616894.463086843 26.430563594 2.454382970 7.617675279 -0.203139428 0.331249800 0.119311047 0.913659027
1520616894.513087749 26.476582063 2.479802886 7.632338362 -0.210805910 0.345879644 0.106012736 0.908124132
1520616894.563090086 26.519115084 2.524810135 7.646740893 -0.216638511 0.352630640 0.089286666 0.905951036
1520616894.613090992 26.561205461 2.558112705 7.662663921 -0.225003794 0.346923776 0.071894274 0.907660950
1520616894.663092852 26.591965753 2.561534493 7.691513050 -0.236421091 0.332123050 0.051126791 0.911693698
1520616894.713094950 26.614748221 2.588940515 7.722711800 -0.237133400 0.319162674 0.023512358 0.917251387
1520616894.763095856 26.648626139 2.587110135 7.750058580 -0.238101966 0.302610495 -0.002791522 0.922890324
1520616894.813097715 26.680764562 2.606511764 7.779963734 -0.231697970 0.285202672 -0.021653241 0.929788483
1520616894.863098860 26.703494563 2.624825157 7.813791959 -0.222966350 0.268802996 -0.032974410 0.936452692
1520616894.913094759 26.736666898 2.642078281 7.845161174 -0.218270797 0.249664953 -0.047391189 0.942220434
1520616894.963095903 26.760836625 2.668866050 7.877058582 -0.217968633 0.232833291 -0.059373492 0.945913908
1520616895.013097763 26.770730502 2.681876763 7.911403214 -0.225801251 0.215519049 -0.067559979 0.947629138
1520616895.063099861 26.781457820 2.693934488 7.945717243 -0.236219516 0.197012755 -0.073593326 0.948667664
1520616895.113101006 26.798347755 2.717513058 7.987464327 -0.246352806 0.176965850 -0.075138804 0.949919756
1520616895.163102865 26.813398838 2.743996864 8.025091315 -0.254172439 0.158445581 -0.073929309 0.951223332
1520616895.213104010 26.829326559 2.767707302 8.068952722 -0.264612284 0.139801484 -0.071739057 0.951466968
1520616895.263105869 26.833513795 2.789596091 8.114128542 -0.277856627 0.123904520 -0.056963890 0.950893517
1520616895.313102961 26.832084475 2.814828272 8.155986981 -0.288673101 0.110859766 -0.040691542 0.950116915
1520616895.363103867 26.823155211 2.832700028 8.205202767 -0.298688492 0.100584302 -0.019421289 0.948836549
1520616895.413105965 26.816316970 2.875149823 8.232289649 -0.300014739 0.096221766 0.006165586 0.949049268
1520616895.463106871 26.807317747 2.901605615 8.266099616 -0.301183795 0.095360013 0.033867428 0.948181305
1520616895.513108730 26.815203633 2.926649390 8.310985114 -0.302345267 0.091702250 0.062480478 0.946717607
1520616895.563109875 26.812573654 2.949170821 8.359900096 -0.303355714 0.090873717 0.089887947 0.944265553
1520616895.613111973 26.816091015 2.981858001 8.400163738 -0.301228787 0.094904982 0.115851057 0.941718002
1520616895.663113117 26.811739809 3.019932030 8.441987760 -0.294642569 0.104717702 0.140198606 0.939448940
1520616895.713941097 26.803942489 3.038369181 8.486973011 -0.283041217 0.117817563 0.162824120 0.937813946
1520616895.763942957 26.814761316 3.064656777 8.538778264 -0.264523445 0.129493769 0.184829433 0.937601617
1520616895.813944101 26.818450055 3.094139013 8.588767655 -0.242859758 0.144427566 0.208214538 0.936379475
1520616895.863945961 26.834181436 3.111428993 8.641710953 -0.230696077 0.160437793 0.225525104 0.932833030
1520616895.913946867 26.861284376 3.130316779 8.695826897 -0.221919888 0.178443114 0.239665616 0.928154088
1520616895.964045048 26.886070827 3.144912616 8.746340150 -0.211878512 0.198819913 0.260515518 0.920711574
1520616896.013950109 26.917274749 3.152918927 8.790149263 -0.204582178 0.226021621 0.276374485 0.911415110
1520616896.063951969 26.958908629 3.171169815 8.834896477 -0.199452767 0.250424337 0.289307629 0.902112710
1520616896.114513874 26.998315163 3.192934729 8.880367905 -0.194657131 0.278485601 0.298285017 0.891953149
1520616896.164515734 27.032519950 3.222937178 8.926411166 -0.186984109 0.308210346 0.302899409 0.882210448
1520616896.214516878 27.072427443 3.256980649 8.962186913 -0.177562907 0.336999102 0.301452125 0.874087888
1520616896.264518738 27.124479699 3.275633447 9.000589194 -0.172972457 0.367665044 0.291210861 0.866082663
1520616896.314520597 27.179156322 3.284145119 9.034807769 -0.171873782 0.396310589 0.277157273 0.858243069
1520616896.364521742 27.226191013 3.317027740 9.064358941 -0.172654677 0.422606922 0.258491886 0.851337593
1520616896.414523840 27.279985118 3.329837247 9.075596521 -0.183165199 0.447426990 0.231592174 0.844170992
1520616896.464524746 27.333394444 3.351268759 9.084439622 -0.195882239 0.471084084 0.209329987 0.834200750
1520616896.515709639 27.382533772 3.375861759 9.100604412 -0.212183464 0.490050848 0.187252202 0.824478597
1520616896.565711737 27.448210639 3.397056955 9.097704774 -0.231863151 0.499555424 0.162761509 0.818652886
1520616896.615712643 27.502176838 3.427164327 9.116238764 -0.249554174 0.506638747 0.137297494 0.813750141
1520616896.665714502 27.544923128 3.449883551 9.139287152 -0.266722822 0.509580689 0.109693110 0.810650282
1520616896.715715647 27.607805327 3.463136617 9.142295900 -0.284337261 0.504337995 0.084755652 0.810932789
1520616896.765717506 27.657485468 3.495206752 9.161247527 -0.297184230 0.500909944 0.057412105 0.810848082
1520616896.815718412 27.702423180 3.503589768 9.188588858 -0.315752826 0.495085758 0.025939817 0.809022478
1520616896.865720749 27.750336722 3.516725989 9.219244165 -0.329847945 0.484585882 -0.006341534 0.810146061
1520616896.916612387 27.788403596 3.553637145 9.246814039 -0.328327410 0.472284466 -0.028709577 0.817511012
1520616896.966613293 27.824442452 3.578895885 9.283754925 -0.320982506 0.458235326 -0.038181515 0.827969075
1520616897.016614437 27.861345510 3.585886667 9.325589438 -0.312205718 0.441539056 -0.036360300 0.840386090
1520616897.066616297 27.893536800 3.606357229 9.367887345 -0.298695329 0.425364071 -0.022873370 0.854004283
1520616897.116618395 27.917910644 3.625807820 9.413086201 -0.286806867 0.413357887 0.000046507 0.864220502
1520616897.166620255 27.945818324 3.659351408 9.448156416 -0.267992837 0.406618887 0.036006629 0.872665138
1520616897.216621399 27.981676791 3.676326378 9.487913497 -0.258317296 0.406239799 0.061885551 0.874306342
1520616897.266622305 28.003387690 3.713565464 9.530867822 -0.246254741 0.413876799 0.083922709 0.872365506
1520616897.316624403 28.045785411 3.745018199 9.550807213 -0.236257387 0.417971407 0.115003137 0.869630168
1520616897.366304159 28.087533415 3.775369056 9.566060610 -0.226328391 0.427530550 0.148109102 0.862587260
1520616897.416306019 28.122166159 3.809843592 9.591701698 -0.215739225 0.447015063 0.176213640 0.850048747
1520616897.466308117 28.158341248 3.842089367 9.611245527 -0.206394436 0.470584295 0.196505154 0.835067352
1520616897.516309023 28.209255082 3.867231758 9.619882346 -0.197348491 0.495996651 0.207085284 0.819851560
1520616897.566311121 28.256891628 3.898521797 9.614281791 -0.188621398 0.523514181 0.208694831 0.804239602
1520616897.616409302 28.312710392 3.928806804 9.593749194 -0.185343476 0.554260040 0.203278233 0.785570852
1520616897.666314125 28.365115830 3.943101430 9.581842581 -0.189157142 0.584247528 0.199773195 0.763521494
1520616897.716315269 28.432728032 3.956225667 9.557722699 -0.193452669 0.613174644 0.193970270 0.740924055
1520616897.767572403 28.495739992 3.969482270 9.530858771 -0.201084785 0.640975384 0.183832793 0.717579940
1520616897.817573309 28.553093832 3.983747876 9.487162759 -0.206175253 0.663495171 0.168339022 0.699233792
1520616897.867575407 28.615607251 4.004310278 9.451773339 -0.208340000 0.686108359 0.145084726 0.681762559
1520616897.917577267 28.675283155 4.002678473 9.402591518 -0.211986825 0.701557909 0.121276614 0.669455054
1520616897.967578173 28.737451313 4.008992316 9.363043401 -0.214066199 0.712970328 0.094054996 0.661061746
1520616898.017580271 28.800690524 4.011018895 9.327003462 -0.221931771 0.717410146 0.065573199 0.657091414
1520616898.067581177 28.868360640 4.010927813 9.293120093 -0.235258257 0.720053932 0.032534305 0.652010281
1520616898.117583275 28.937059571 4.010214427 9.275436971 -0.242506320 0.720435189 0.007596377 0.649696943
1520616898.166029215 29.002381626 4.001918699 9.257711925 -0.250130892 0.717291593 -0.009813067 0.650254575
1520616898.216031075 29.062032995 3.996220153 9.240215234 -0.258693019 0.711633151 -0.024236949 0.652739420
1520616898.266033173 29.122366702 3.999160375 9.227395782 -0.269076784 0.703075765 -0.038383364 0.657121656
1520616898.316034079 29.184089738 4.006100905 9.214223408 -0.280152407 0.693924727 -0.052162783 0.661258003
1520616898.366036177 29.245494834 4.015746782 9.200731472 -0.289801507 0.682114175 -0.062694232 0.668434568
1520616898.416038275 29.309266784 4.025693646 9.195568935 -0.297156673 0.669151019 -0.069127761 0.677610639
1520616898.466039181 29.366899325 4.031849554 9.190965505 -0.303655451 0.656068150 -0.074822678 0.686854800
1520616898.516040325 29.411713314 4.045449525 9.179722127 -0.308561178 0.642252037 -0.080550643 0.697003525
1520616898.564525127 29.473702477 4.047634294 9.194533400 -0.312981470 0.632015764 -0.078080605 0.704629046
1520616898.614526987 29.533347721 4.057947636 9.195835685 -0.314642407 0.621627340 -0.073895480 0.713525797
1520616898.664529085 29.601997859 4.073895026 9.205873715 -0.311736877 0.616078051 -0.061272191 0.720772969
1520616898.714530230 29.667282865 4.091049525 9.221820703 -0.307693607 0.611949325 -0.045967165 0.727138011
1520616898.764531136 29.718984344 4.115965573 9.238732911 -0.302809340 0.605785035 -0.029850512 0.735146204
1520616898.814532995 29.765928192 4.148390193 9.245292979 -0.295412707 0.596687322 -0.012425940 0.746016869
1520616898.864535093 29.818026716 4.172619134 9.261545036 -0.287762104 0.585965539 0.006527769 0.757492407
1520616898.914535999 29.848584069 4.210317577 9.283523446 -0.280543759 0.572974156 0.022864162 0.769722707
1520616898.963912010 29.902614882 4.246479559 9.298426037 -0.271991884 0.560380601 0.041782682 0.781183848
1520616899.013913870 29.954112705 4.292621735 9.336512259 -0.263911788 0.545569382 0.057366973 0.793355940
1520616899.063916206 30.006066110 4.305490013 9.372550383 -0.257370353 0.526922177 0.081505558 0.805897242
1520616899.113917112 30.049243317 4.312897462 9.430128210 -0.251999607 0.511283661 0.103526426 0.815087416
1520616899.163918972 30.099193357 4.342468074 9.455039968 -0.247350049 0.494173782 0.117332537 0.825132294
1520616899.213921070 30.135570806 4.370352176 9.480376928 -0.243924980 0.477649151 0.131683400 0.833673422
1520616899.264014006 30.171080783 4.384556590 9.500186936 -0.242132916 0.460425442 0.145838983 0.841493348
1520616899.313922882 30.193721443 4.386363795 9.537423086 -0.239784606 0.447464069 0.157436547 0.847049575
1520616899.363557816 30.236725583 4.408968677 9.576872804 -0.232355722 0.434565042 0.159376588 0.855431555
1520616899.413559914 30.276031225 4.417959348 9.613555212 -0.223916317 0.426327094 0.157298367 0.862185546
1520616899.463560820 30.313479906 4.433075733 9.642211208 -0.212400904 0.415077729 0.158100835 0.870402471
1520616899.513562679 30.349330591 4.460414072 9.678239519 -0.202556083 0.401901712 0.157323219 0.879030973
1520616899.563563824 30.390482380 4.517975212 9.698120692 -0.194929079 0.388298810 0.152862573 0.887614625
1520616899.613565683 30.417053617 4.540314461 9.707910905 -0.196523592 0.375267563 0.147678173 0.893724729
1520616899.663566828 30.458652133 4.583214420 9.732122913 -0.201878349 0.367753574 0.137805315 0.897224685
1520616899.713568926 30.496598003 4.598976739 9.758064501 -0.215281138 0.356647261 0.126036938 0.900317418
1520616899.763569832 30.531317239 4.627269918 9.789483276 -0.224693715 0.345610320 0.111054567 0.904285975
1520616899.813286543 30.568155837 4.657749105 9.824508976 -0.232073538 0.335522043 0.097652469 0.907761437
1520616899.863288403 30.604842790 4.699080934 9.856992630 -0.234005185 0.325993132 0.079864847 0.912464606
1520616899.913289309 30.640664471 4.726520952 9.894254394 -0.231208716 0.314855045 0.067394239 0.918077800
1520616899.963291407 30.672959337 4.754272548 9.935443168 -0.222906123 0.301593151 0.060809225 0.925017119
1520616900.013292313 30.700033686 4.781935700 9.984278827 -0.213338904 0.289682522 0.055189901 0.931410019
1520616900.063294411 30.729864005 4.822027098 10.021233805 -0.204412658 0.273709691 0.049897857 0.938514078
1520616900.113295555 30.750846748 4.851966690 10.071525634 -0.197221324 0.259122889 0.051083115 0.944113125
1520616900.163297415 30.772724293 4.887600638 10.119335923 -0.190457187 0.240714613 0.054989511 0.950136142
1520616900.213426590 30.791065503 4.915716328 10.173377868 -0.178178793 0.221457093 0.065475084 0.956515597
1520616900.263428450 30.799490567 4.929381734 10.233128541 -0.167779370 0.206194125 0.078874063 0.960787671
1520616900.313429356 30.823623078 4.952282788 10.265292691 -0.149319440 0.185035702 0.094038783 0.966758605
1520616900.363430500 30.836663532 4.977476287 10.315660553 -0.131250640 0.164766550 0.110340467 0.971313664
1520616900.413432360 30.844000366 4.994737740 10.369151006 -0.115452943 0.152266475 0.129209981 0.973031510
1520616900.463434219 30.848895244 5.010984379 10.426833073 -0.103100665 0.146714433 0.143958029 0.973201528
1520616900.513435602 30.859985566 5.040242137 10.478410878 -0.092062860 0.146247092 0.158239213 0.972160774
1520616900.563436270 30.871792498 5.085915263 10.520423553 -0.078325110 0.147839016 0.173285234 0.970557072
1520616900.613787889 30.882552592 5.116082543 10.569880755 -0.069802544 0.153791270 0.191100665 0.966931428
1520616900.663790226 30.892043019 5.138607575 10.630159757 -0.070184096 0.163359369 0.205624585 0.962344242
1520616900.713796139 30.905362494 5.173764606 10.688551360 -0.071815655 0.172249365 0.214016554 0.958837621
1520616900.763792992 30.917168790 5.193476237 10.762934174 -0.080272063 0.188334551 0.219562981 0.953875563
1520616900.813795090 30.939890219 5.233924134 10.816786819 -0.089226748 0.205625190 0.218651874 0.949709549
1520616900.863795996 30.960882380 5.255938125 10.874194244 -0.102031015 0.226185949 0.226100177 0.941970434
1520616900.913883924 30.993693137 5.285493178 10.917020403 -0.113322442 0.247054602 0.238846022 0.932241720
1520616900.963799238 31.022924872 5.316025290 10.964860629 -0.122233084 0.265380395 0.251497696 0.922703218
1520616901.013764858 31.042230813 5.345013594 11.014583755 -0.132104277 0.278278839 0.264888539 0.913752379
1520616901.063766956 31.063933460 5.371908379 11.069098314 -0.139454191 0.290074801 0.279943165 0.904456169
1520616901.113769054 31.087124898 5.405111358 11.133651243 -0.143961506 0.304472773 0.294538169 0.894325825
1520616901.163769960 31.115429466 5.439921752 11.176168468 -0.143364654 0.314958302 0.308509854 0.886041486
1520616901.213771820 31.146114290 5.469996567 11.221847156 -0.141223418 0.326250887 0.321446018 0.877660961
1520616901.263772964 31.174596684 5.494880839 11.267160434 -0.138792740 0.338852767 0.330258337 0.869968280
1520616901.313774824 31.206184869 5.521231104 11.320302697 -0.136799390 0.356855577 0.333188035 0.861931411
1520616901.363776207 31.240278899 5.552681696 11.366041279 -0.140815415 0.378289653 0.327465405 0.854303439
1520616901.413644791 31.277080713 5.582787976 11.415006170 -0.147926014 0.396531185 0.319035884 0.847995884
1520616901.463646889 31.314676121 5.620106796 11.444759052 -0.154572457 0.409732602 0.305239185 0.845609597
1520616901.513648033 31.357667790 5.652593115 11.461600098 -0.159725669 0.415804756 0.292416585 0.846219036
1520616901.563649893 31.397359282 5.689655802 11.498072432 -0.163216617 0.424196269 0.276042435 0.846887499
1520616901.613650799 31.444554101 5.728617709 11.521436391 -0.166208347 0.430237162 0.254178767 0.850096420
1520616901.663652897 31.482595547 5.756514412 11.547817372 -0.169455609 0.432783956 0.232077542 0.854472269
1520616901.713653803 31.523233991 5.795694556 11.577721085 -0.172744979 0.434601860 0.206985632 0.859323771
1520616901.763655663 31.557061563 5.811785479 11.598686844 -0.180876395 0.435227215 0.183864063 0.862586232
1520616901.813576460 31.601256898 5.852179598 11.625681621 -0.184632296 0.435714755 0.158713752 0.866529579
1520616901.863579512 31.639836192 5.887254755 11.654382838 -0.188227271 0.432439571 0.137936834 0.870941985
1520616901.913580656 31.681966936 5.923552393 11.677705162 -0.194756570 0.429025256 0.118353932 0.874070681
1520616901.963581562 31.721422355 5.949475790 11.701933157 -0.207280206 0.427162336 0.105864586 0.873704724
1520616902.013583422 31.761759708 5.973627105 11.730975964 -0.223156969 0.432678248 0.098898451 0.867876487
1520616902.063585520 31.801035039 6.004142658 11.756328580 -0.239369887 0.442304182 0.092840372 0.859330980
1520616902.113586426 31.837483307 6.031048201 11.783137667 -0.248594863 0.452460864 0.094378817 0.851218186
1520616902.163588762 31.879580001 6.061196104 11.808917945 -0.248857038 0.464064344 0.098737660 0.844372745
1520616902.213590622 31.923728743 6.088040384 11.820251782 -0.242207047 0.476009841 0.100273656 0.839461477
1520616902.263770580 31.966594220 6.115596365 11.849401453 -0.230999590 0.489310286 0.102893128 0.834642221
1520616902.313771248 32.017602526 6.132806409 11.873746400 -0.218010808 0.503410967 0.103824643 0.829619870
1520616902.363774538 32.064577942 6.151754443 11.902847780 -0.205317601 0.519191896 0.098433210 0.823768997
1520616902.413774490 32.110873705 6.168762838 11.927789412 -0.193917192 0.534315918 0.094988856 0.817239096
1520616902.463776350 32.153900872 6.181908785 11.951378477 -0.187717775 0.546425644 0.095583502 0.810583029
1520616902.513777494 32.197107801 6.194754160 11.973450730 -0.184494579 0.557136227 0.097533861 0.803771187
1520616902.563861370 32.236148681 6.206468133 11.987526680 -0.183163127 0.565745914 0.097838508 0.798004045
1520616902.613780499 32.274590961 6.211184713 12.005471569 -0.181714699 0.576707694 0.095459531 0.790743626
1520616902.664466858 32.317208934 6.217891427 12.016485807 -0.174130202 0.592292873 0.086533292 0.781907805
1520616902.714468718 32.357916229 6.220612928 12.025429943 -0.165588118 0.610205817 0.074183662 0.771184946
1520616902.764469862 32.398961721 6.218186384 12.032747637 -0.154909764 0.631949742 0.062201779 0.756817962
1520616902.814471722 32.436268901 6.220054917 12.031841394 -0.139734004 0.654910115 0.047741487 0.741139595
1520616902.864472628 32.470340820 6.218510705 12.024640998 -0.122799452 0.682846217 0.027675567 0.719635603
1520616902.914474964 32.506073283 6.212610104 12.017378195 -0.106725968 0.714149575 0.005558585 0.691786856
1520616902.964475632 32.532327092 6.201778893 12.001953159 -0.092649118 0.742393823 -0.016998814 0.663308822
1520616903.014477730 32.554387859 6.188003292 11.985199323 -0.080607251 0.769484657 -0.036687007 0.632494978
1520616903.064349890 32.566169885 6.172052056 11.969074528 -0.072058754 0.792751459 -0.049441273 0.603248059
1520616903.114351034 32.574970004 6.157096577 11.950641524 -0.064240556 0.814479576 -0.064068499 0.573054447
1520616903.164352894 32.575351089 6.137191002 11.928501470 -0.057551227 0.834185134 -0.082073955 0.542297782
1520616903.214353800 32.574529867 6.108535209 11.906303884 -0.055235623 0.852885462 -0.103723045 0.508701233
1520616903.264355898 32.565431002 6.082984202 11.880992426 -0.054291245 0.868782615 -0.129351010 0.474907933
1520616903.314356804 32.549008681 6.057701843 11.853502257 -0.053327535 0.882380706 -0.155878476 0.440752044
1520616903.364358664 32.516942222 6.025366526 11.820515957 -0.051363286 0.893072066 -0.179492712 0.409348830
1520616903.414359808 32.489221680 6.000910091 11.788799939 -0.054963615 0.903074354 -0.202977174 0.374480945
1520616903.463482141 32.457930383 5.974900420 11.762197485 -0.059312013 0.911352039 -0.222087746 0.341462412
1520616903.513484478 32.415046755 5.948107486 11.732304621 -0.062992192 0.918336508 -0.235628923 0.311719508
1520616903.563485384 32.376221033 5.922937002 11.704650573 -0.066678644 0.925814319 -0.244402695 0.280515826
1520616903.613487244 32.341684200 5.897854138 11.680976750 -0.068919559 0.933036106 -0.248560042 0.250821899
1520616903.663488388 32.298673464 5.880444840 11.656666232 -0.067445000 0.938256765 -0.251667950 0.227571213
1520616903.713491201 32.261408425 5.861988336 11.630252531 -0.067455873 0.942782459 -0.251781464 0.207887074
1520616903.763492107 32.219998298 5.845472879 11.605514260 -0.066769760 0.946764952 -0.252694414 0.187945358
1520616903.813493252 32.176478242 5.829138252 11.582969597 -0.067278290 0.950642399 -0.253156405 0.166326475
1520616903.863390446 32.132486605 5.813725886 11.558782453 -0.067251427 0.955050873 -0.251225814 0.142269692
1520616903.913391352 32.091655185 5.800586499 11.529262601 -0.068619436 0.959750191 -0.245767713 0.117342133
1520616903.963393688 32.051520800 5.796918078 11.494068592 -0.071354635 0.963358343 -0.243192821 0.087786512
1520616904.013394594 32.003512302 5.794098830 11.456264582 -0.071435378 0.965235753 -0.244604327 0.058186357
1520616904.063396454 31.960620461 5.781482352 11.419794186 -0.076666009 0.966218419 -0.244743477 0.025395267
1520616904.113399744 31.918295456 5.767598515 11.383852255 -0.082659292 0.966486175 -0.243009973 -0.004250650
1520616904.163399458 31.873590857 5.748939940 11.347286358 -0.090701077 0.966786793 -0.236802389 -0.031956860
1520616904.213477373 31.824977998 5.731524727 11.314120164 -0.103435366 0.965378317 -0.232072264 -0.059061789
1520616904.263402700 31.788720513 5.719161659 11.277290073 -0.115158323 0.962097020 -0.229988108 -0.090627563
1520616904.313627720 31.745711611 5.696445409 11.247381232 -0.125340019 0.958806131 -0.225608269 -0.118665885
1520616904.363628626 31.703796576 5.673790311 11.218585661 -0.134474181 0.953587822 -0.224901586 -0.148344996
1520616904.413630486 31.656792660 5.647163525 11.193095994 -0.143159420 0.948220377 -0.222280711 -0.175996544
1520616904.463631630 31.609864013 5.621146102 11.165905248 -0.153146365 0.942521578 -0.221446904 -0.197890210
1520616904.513633728 31.564095290 5.595231591 11.136293103 -0.163761949 0.936367136 -0.222832172 -0.216204609
1520616904.563634634 31.521881442 5.566894497 11.104851274 -0.173350552 0.930643545 -0.226190668 -0.229542936
1520616904.613636732 31.487791828 5.546601347 11.068317607 -0.185112080 0.924001763 -0.234427825 -0.238742234
1520616904.663638592 31.454942057 5.523489515 11.029275183 -0.197226468 0.919347097 -0.243486249 -0.237943444
1520616904.713527918 31.425932540 5.496255504 10.988352787 -0.206624444 0.917224799 -0.251231815 -0.229973002
1520616904.763529778 31.417526840 5.473450250 10.944892329 -0.211954295 0.918613982 -0.256027914 -0.213713442
1520616904.813531637 31.409255291 5.453747097 10.902159134 -0.215573680 0.922744406 -0.259279738 -0.186667531
1520616904.863532782 31.401492083 5.435466598 10.855025162 -0.218198297 0.927866095 -0.259438020 -0.155389596
1520616904.913533688 31.399689241 5.415618513 10.810026373 -0.222249319 0.933552843 -0.253401321 -0.121951220
1520616904.963535786 31.403788148 5.413659510 10.763414206 -0.220210151 0.940232261 -0.245222262 -0.085655283
1520616905.013536930 31.414496749 5.411477476 10.716344536 -0.209815150 0.948983538 -0.230836557 -0.046068776
1520616905.063538790 31.433318483 5.424782237 10.660038945 -0.191758793 0.957871709 -0.213735505 -0.005242882
1520616905.113356352 31.446714669 5.431485688 10.608655814 -0.175171737 0.963885159 -0.198496970 0.028969223
1520616905.163357496 31.454792485 5.436489964 10.560813808 -0.159010022 0.968057494 -0.185523520 0.056227437
1520616905.213359356 31.464358926 5.441516023 10.511813578 -0.141318579 0.971316252 -0.174750987 0.077690993
1520616905.263360500 31.467661610 5.441179826 10.461350012 -0.125260736 0.973521453 -0.167660480 0.091954835
1520616905.313362598 31.470736709 5.436222584 10.410538017 -0.111092096 0.974897335 -0.163333635 0.102741702
1520616905.363363504 31.473579027 5.423321472 10.361481539 -0.093323043 0.975888605 -0.163835164 0.109955804
1520616905.413365602 31.470341046 5.401206826 10.315165766 -0.071577352 0.977358883 -0.165867085 0.110156283
1520616905.463367462 31.465530316 5.373972871 10.265410997 -0.052703105 0.979259979 -0.166578340 0.102586218
1520616905.513424635 31.457787338 5.345896845 10.216509243 -0.031503304 0.980808021 -0.168327947 0.093214113
1520616905.563426971 31.444145099 5.316425337 10.165690997 -0.003451513 0.980848058 -0.176290274 0.082746073
1520616905.613427877 31.419999102 5.282468725 10.110722623 0.021213418 0.979214920 -0.188295223 0.072339758
1520616905.663429976 31.400219822 5.245131361 10.061499395 0.038670653 0.977095068 -0.203088120 0.050448238
1520616905.713430882 31.370307262 5.207616210 10.003526248 0.052663893 0.974563462 -0.215839850 0.029423316
1520616905.763432741 31.349392238 5.168498531 9.943738899 0.067901278 0.972627948 -0.222021745 0.009520250
1520616905.813435078 31.317203856 5.129009681 9.891022540 0.088526869 0.970186347 -0.225558284 -0.004990562
1520616905.863502026 31.294976879 5.094737722 9.840766629 0.098070763 0.968194577 -0.228734388 -0.025728706
1520616905.913759470 31.245876126 5.069218841 9.792786084 0.096287356 0.965490101 -0.236462161 -0.051412604
1520616905.963760376 31.192556552 5.041038736 9.745600874 0.092140551 0.960938704 -0.248474706 -0.079795024
1520616906.013762712 31.161650236 4.996982695 9.702889557 0.082142373 0.955852308 -0.257109739 -0.116161859
1520616906.063763618 31.114102605 4.964127832 9.659154484 0.078131788 0.950435100 -0.265552255 -0.141599942
1520616906.113765478 31.068550848 4.941728647 9.617695793 0.072946795 0.944754067 -0.271004120 -0.169337786
1520616906.163766623 31.024908130 4.917972604 9.575957274 0.064666620 0.939557627 -0.268874297 -0.201881912
1520616906.213768482 30.980794645 4.885921070 9.574853278 0.047936963 0.936688604 -0.259771823 -0.229858883
1520616906.263770580 30.940934570 4.869710805 9.534302519 0.041865699 0.931662302 -0.255648472 -0.254747867
1520616906.314519644 30.885759887 4.852771510 9.482013526 0.036666593 0.928798888 -0.251109121 -0.270059984
1520616906.364521503 30.836177376 4.832971132 9.443688766 0.028620960 0.927079354 -0.245268327 -0.282042835
1520616906.414522648 30.793906513 4.819822785 9.364272173 0.022250780 0.921900257 -0.247439147 -0.297285533
1520616906.464524746 30.744516448 4.794718131 9.329320929 0.006102739 0.919003830 -0.241112763 -0.311864316
1520616906.514525652 30.698745164 4.768410714 9.294609881 -0.007318082 0.914571808 -0.235292480 -0.328849968
1520616906.564527750 30.661777491 4.730724539 9.285042767 -0.015183933 0.910092167 -0.225459206 -0.347375651
1520616906.614529610 30.610961561 4.716097738 9.255666663 -0.017983715 0.903193796 -0.225141116 -0.365005520
1520616906.664530516 30.565379903 4.693664027 9.239245191 -0.015625775 0.895604687 -0.222991961 -0.384607157
1520616906.714532614 30.522136838 4.649725445 9.246074702 -0.010496654 0.888258840 -0.218628347 -0.403841182
1520616906.764706612 30.481218896 4.610776406 9.228016276 -0.004008171 0.876614408 -0.222493767 -0.426646972
1520616906.814708471 30.435052435 4.583445799 9.202823187 0.000816622 0.863303053 -0.234225011 -0.447041180
1520616906.864710808 30.388549446 4.554336810 9.180102586 0.008202488 0.849410320 -0.250825444 -0.464242851
1520616906.914711714 30.337556937 4.522606538 9.158774823 0.017071054 0.835800776 -0.265090920 -0.480491879
1520616906.964713573 30.289890411 4.489236637 9.128163954 0.023275696 0.820600743 -0.276004612 -0.499894106
1520616907.014715672 30.247231170 4.450989401 9.101775935 0.025175916 0.805737380 -0.281872834 -0.520289490
1520616907.064716578 30.192136165 4.419224363 9.072592344 0.024733425 0.790429306 -0.289315737 -0.539357187
1520616907.114718676 30.150774056 4.369889093 9.056307008 0.024539244 0.777596908 -0.290268243 -0.557212008
1520616907.165342569 30.096826579 4.347526133 9.030427725 0.030615754 0.766618172 -0.305542229 -0.563917724
1520616907.215344429 30.048854679 4.319302442 9.018556171 0.030992467 0.755090749 -0.315687272 -0.573776066
1520616907.265345573 30.000223441 4.287817331 9.011287531 0.027267663 0.740666021 -0.317349213 -0.591574000
1520616907.315347433 29.944569391 4.259302609 9.009797087 0.026648607 0.725390370 -0.323508547 -0.606993314
1520616907.365348339 29.892309422 4.233646623 9.002938400 0.028080511 0.709412189 -0.331777592 -0.621183918
1520616907.415350676 29.842314914 4.216252642 9.001238677 0.033252170 0.692869390 -0.343665162 -0.633024927
1520616907.465351582 29.782884569 4.198344729 8.994280811 0.037950648 0.674205162 -0.354808497 -0.646620506
1520616907.515402555 29.723658391 4.177756283 9.017142783 -0.041185096 -0.654545971 0.361380184 0.662780297
1520616907.566856146 29.662363683 4.160809975 9.026463839 -0.045193789 -0.631754715 0.365546237 0.682069974
1520616907.616858006 29.601112376 4.139050325 9.049207491 -0.054420848 -0.611565128 0.371000525 0.696695827
1520616907.666859150 29.541583382 4.118745473 9.064941991 -0.057663423 -0.585756432 0.375157750 0.716115210
1520616907.716861010 29.485825308 4.099217088 9.093660959 -0.058157147 -0.553736756 0.375600472 0.740889761
1520616907.766861916 29.434335972 4.095152088 9.122031864 -0.056895768 -0.522192832 0.373997411 0.764332031
1520616907.816864014 29.379204463 4.083293848 9.156965083 -0.057247143 -0.492460471 0.373831269 0.783872204
1520616907.866866112 29.331125021 4.078367833 9.199565690 -0.060776763 -0.466796517 0.371103435 0.800430783
1520616907.916867018 29.284226075 4.076243250 9.229439554 -0.065430336 -0.444189311 0.371124386 0.812823116
1520616907.966459274 29.231110503 4.079522275 9.241165962 -0.068172007 -0.424558089 0.373293786 0.822043038
1520616908.016460180 29.182761966 4.073671798 9.276311651 -0.070711961 -0.411343359 0.375774061 0.827399731
1520616908.066462278 29.132711930 4.069079366 9.314846428 -0.073688905 -0.401645055 0.377547630 0.831089033
1520616908.116463184 29.080201953 4.065492443 9.355667183 -0.076297156 -0.392891751 0.376517330 0.835493576
1520616908.166465044 29.033176041 4.060395840 9.400918501 -0.077341013 -0.384191308 0.364253796 0.844828135
1520616908.216466188 28.981869688 4.058487629 9.442435200 -0.072510767 -0.377847532 0.349459675 0.854313389
1520616908.266468287 28.939141181 4.044837102 9.475456512 -0.067662041 -0.369339176 0.339599896 0.862370183
1520616908.316470146 28.893658802 4.039737617 9.519354859 -0.059358723 -0.365329049 0.332367039 0.867492582
1520616908.365616322 28.854802744 4.040433968 9.557575908 -0.055207489 -0.365412677 0.327255518 0.869672084
1520616908.415618181 28.808221337 4.038384738 9.586779068 -0.055283626 -0.365566331 0.323655113 0.870949106
1520616908.465620041 28.765265469 4.037956778 9.621688764 -0.061798235 -0.370121614 0.317452337 0.870870245
1520616908.515621185 28.721230083 4.040247206 9.658696581 -0.066932080 -0.375087290 0.307020722 0.872105440
1520616908.565623045 28.685521633 4.042391601 9.702598094 -0.068599715 -0.378308160 0.291235636 0.875990194
1520616908.615623951 28.648604640 4.041733239 9.746695324 -0.069459926 -0.376326136 0.271586912 0.883059741
1520616908.665626287 28.610635550 4.034718893 9.784559419 -0.070979392 -0.374713220 0.260483846 0.886961158
1520616908.715627193 28.581122073 4.022776411 9.831283810 -0.070882836 -0.378530283 0.253634663 0.887333030
1520616908.765069246 28.548245656 4.000963809 9.869059706 -0.071322641 -0.370086898 0.246232897 0.892926721
1520616908.815071106 28.513735139 3.983652498 9.915668767 -0.069222739 -0.358098673 0.238381606 0.900082087
1520616908.865072250 28.477182852 3.967997137 9.959127833 -0.069085677 -0.345810220 0.230745759 0.906862093
1520616908.915073156 28.434800179 3.957684347 10.002068862 -0.069186116 -0.334557504 0.223203860 0.912942821
1520616908.965075016 28.391051601 3.946383017 10.048477561 -0.066813913 -0.327811523 0.220416023 0.916238115
1520616909.015076160 28.341035042 3.934426432 10.094166884 -0.061968325 -0.323536229 0.221312758 0.917880656
1520616909.065078020 28.294890199 3.923722043 10.146034845 -0.053313699 -0.322199496 0.217127880 0.919891634
1520616909.115080118 28.241148147 3.910121390 10.193196556 -0.043102182 -0.322476712 0.213215276 0.921243843
1520616909.165117025 28.185843304 3.888647281 10.241834627 -0.035994231 -0.328108673 0.209312268 0.920455044
1520616909.214703083 28.128414992 3.865931431 10.288064056 -0.028446280 -0.337282752 0.207248107 0.917866753
1520616909.264703989 28.062596582 3.841825164 10.323459677 -0.020439171 -0.343417814 0.211452707 0.914841078
1520616909.314706326 27.998667451 3.819017389 10.358555870 -0.014442592 -0.353581383 0.221342898 0.908723797
1520616909.364707232 27.937044547 3.802762357 10.397814394 -0.009451764 -0.365142598 0.232404134 0.901426573
1520616909.414709091 27.874287180 3.787952627 10.433799072 -0.007263211 -0.373923200 0.239130864 0.896072048
1520616909.464711189 27.804972990 3.775557435 10.464597451 -0.006352597 -0.380416966 0.247575970 0.891037999
1520616909.514712095 27.735059012 3.770722152 10.496102926 -0.002335410 -0.384364521 0.257899119 0.886423435
1520616909.564714193 27.655710380 3.765186578 10.518283456 0.001426379 -0.383770183 0.269410120 0.883253417
1520616909.614852428 27.588044929 3.769517159 10.548689297 0.004082234 -0.386690450 0.273008648 0.880863275
1520616909.664854288 27.519104467 3.772951264 10.577658395 0.003746362 -0.390177774 0.271639493 0.879749541
1520616909.714855433 27.459370914 3.782667786 10.610751129 -0.002352161 -0.400389986 0.268620839 0.876085139
1520616909.764857531 27.394932347 3.793101678 10.635629601 -0.017193551 -0.412801262 0.273431594 0.868639547
1520616909.814858437 27.333126075 3.791820311 10.658390582 -0.035869719 -0.422720685 0.271670995 0.863837633
1520616909.864860535 27.307877625 3.812633680 10.696263626 -0.049543988 -0.435406984 0.266344613 0.858502591
1520616909.914862394 27.304940336 3.823421599 10.725765280 -0.060532364 -0.445184895 0.269645261 0.851726291
1520616909.964863300 27.243703089 3.798415591 10.751697268 -0.072022008 -0.447073416 0.273633523 0.848565193
1520616910.017195702 27.243703089 3.798415591 10.751697268 -0.072022008 -0.447073416 0.273633523 0.848565193
1520616910.067196846 27.188983496 3.788760215 10.778390360 -0.082749564 -0.459947704 0.280542564 0.838389223
1520616910.117198706 27.139963039 3.769263368 10.808110271 -0.090975860 -0.477509965 0.279179787 0.828110061
1520616910.167200565 27.092604214 3.744760190 10.852810444 -0.092498568 -0.494044036 0.283336603 0.816752640
1520616910.217202902 27.053556872 3.723482491 10.885468034 -0.085442477 -0.509833618 0.289159508 0.805702206
1520616910.267203569 27.020455573 3.716365022 10.976627322 -0.072792285 -0.522665540 0.295139524 0.796501524
1520616910.317204475 26.996700882 3.693586516 11.061119192 -0.059890901 -0.533709533 0.301818812 0.787700844
1520616910.367206812 26.954324379 3.689974222 11.140034039 -0.046851771 -0.544818062 0.313734429 0.776240233
1520616910.419890881 26.918141996 3.678578562 11.211240190 -0.035081599 -0.551407470 0.319830619 0.769693094
1520616910.469892979 26.886970397 3.657170838 11.266857574 -0.030172908 -0.551219418 0.326675652 0.767156938
1520616910.519893885 26.851532117 3.659222611 11.343217657 -0.025585670 -0.549644048 0.328426394 0.767706258
1520616910.569894791 26.817103833 3.656468473 11.414297141 -0.025071709 -0.542371725 0.325049815 0.774304164
1520616910.619896889 26.768844160 3.662122072 11.472770153 -0.020254840 -0.531190716 0.323336531 0.782866306
1520616910.669899940 26.729728094 3.668689059 11.547234859 -0.016145463 -0.524535374 0.322049735 0.787963155
1520616910.719899654 26.683180821 3.676627033 11.607999531 -0.012181082 -0.513799656 0.317481647 0.796910872
1520616910.769900799 26.642329401 3.683867090 11.687601197 -0.013102359 -0.498168186 0.308348860 0.810294864
1520616910.821620464 26.593414302 3.699383456 11.770015823 -0.017546466 -0.476793571 0.294707735 0.827953721
1520616910.871600389 26.554172532 3.724857489 11.855386893 -0.025724639 -0.459801488 0.279424029 0.842521837
1520616910.921602726 26.513588046 3.748160826 11.925242257 -0.036134070 -0.444549043 0.264941195 0.854913236
1520616910.971603632 26.475334668 3.766460685 11.997205153 -0.048888608 -0.429063309 0.258581308 0.864089283
1520616911.021605492 26.423489545 3.785065871 12.057953890 -0.061035347 -0.416435256 0.253747681 0.870900958
1520616911.071607590 26.383618190 3.810633706 12.129290392 -0.065373890 -0.404388515 0.250094284 0.877296434
1520616911.121608496 26.348245444 3.830119205 12.198085923 -0.070008012 -0.393976259 0.249753905 0.881762197
1520616911.171610355 26.310547027 3.846153449 12.253546054 -0.072583919 -0.381504428 0.245899794 0.888098664
1520616911.221611500 26.275684710 3.864329924 12.316001191 -0.070211711 -0.369368531 0.239713548 0.895083582
1520616911.272410393 26.238850121 3.866293419 12.379035252 -0.066505066 -0.356846785 0.239216009 0.900562685
1520616911.322411537 26.207903410 3.866614742 12.438953351 -0.061391220 -0.347643197 0.236769309 0.905160549
1520616911.372413635 26.179905695 3.852207918 12.502970632 -0.055537382 -0.341894680 0.229284694 0.909643972
1520616911.422414541 26.151281004 3.835540414 12.560077499 -0.051250990 -0.335923036 0.221093714 0.914137090
1520616911.472416639 26.124065606 3.822010687 12.608961870 -0.046732525 -0.332694655 0.212709577 0.917542900
1520616911.522418499 26.091563565 3.810308215 12.675192621 -0.042193271 -0.331939672 0.202807074 0.920274455
1520616911.572419405 26.059814151 3.799173481 12.734975764 -0.038096447 -0.331874651 0.196688948 0.921803306
1520616911.622421503 26.025706300 3.776542120 12.795516221 -0.035039137 -0.330573658 0.189522252 0.923891028
1520616911.671751499 25.984262362 3.768037595 12.851608359 -0.026392902 -0.326450873 0.182945756 0.926964990
1520616911.721753597 25.934235184 3.741615351 12.910851035 -0.008888326 -0.324648528 0.175486486 0.929370122
1520616911.771755695 25.891347832 3.728603084 12.956199835 0.012607500 -0.320329948 0.173443842 0.931207286
1520616911.821756601 25.834550696 3.696753158 13.004131966 0.029702155 -0.317601787 0.174856468 0.931489185
1520616911.871758699 25.773546181 3.665042180 13.042010472 0.032604048 -0.321234529 0.182994569 0.928578667
1520616911.921760559 25.702148209 3.636363235 13.072493042 0.026355086 -0.322242308 0.192516186 0.926500309
1520616911.971761465 25.637104447 3.613261345 13.099415724 0.013048682 -0.325862507 0.200808167 0.923752910
1520616912.021763563 25.560741492 3.589775785 13.125076678 -0.001305494 -0.333609129 0.205540557 0.920030610
1520616912.070742369 25.490300113 3.570662846 13.150618171 -0.010693615 -0.342558479 0.210473783 0.915554543
1520616912.120743275 25.427134511 3.562512665 13.185629557 -0.013963891 -0.355503566 0.220606598 0.908160202
1520616912.170745134 25.373475414 3.560589639 13.214753425 -0.012356512 -0.368222970 0.231899330 0.900267661
1520616912.220748425 25.299375960 3.559424502 13.242156870 -0.007281984 -0.379449097 0.246052014 0.891865327
1520616912.270748138 25.218867297 3.560513228 13.263846905 -0.001747108 -0.387520729 0.257254317 0.885237171
1520616912.320750237 25.155241248 3.564548625 13.295692810 0.005483655 -0.396073719 0.259738268 0.880699478
1520616912.370751381 25.088889848 3.562199236 13.312540059 0.011116351 -0.406804289 0.264719573 0.874248389
1520616912.420753241 25.027177658 3.560268739 13.333818656 0.013262802 -0.420944160 0.272776248 0.864998977
1520616912.468755722 24.960435233 3.540168895 13.341381334 0.007254754 -0.434328382 0.277989949 0.856754232
1520616912.518751860 24.892472218 3.526100269 13.353800344 0.001695053 -0.453179772 0.278910087 0.846660726
1520616912.568752766 24.821366119 3.520468809 13.362757663 -0.004444443 -0.468218420 0.274391341 0.839917347
1520616912.618754864 24.766161924 3.508879695 13.373891680 -0.013418312 -0.483295053 0.268348198 0.833207708
1520616912.668756723 24.706973302 3.498309047 13.394383677 -0.024864555 -0.498785630 0.265690266 0.824623145
1520616912.718757629 24.656974392 3.482879958 13.417143534 -0.035982949 -0.516047799 0.263397245 0.814261498
1520616912.768759966 24.593472434 3.469955501 13.441053049 -0.036291264 -0.530188886 0.255851678 0.807541087
1520616912.818760872 24.554908908 3.463287129 13.475822509 -0.029739030 -0.545566901 0.250942999 0.799061924
1520616912.868078470 24.511107071 3.445812789 13.510185346 -0.023862596 -0.557581360 0.253772800 0.790020867
1520616912.918079376 24.460301032 3.413737389 13.551446102 -0.019272317 -0.563889628 0.258199834 0.784212925
1520616912.968081236 24.408501742 3.378411494 13.590691430 -0.014221941 -0.564366708 0.260008546 0.783379545
1520616913.018082380 24.365036126 3.356577197 13.633107429 -0.008210771 -0.562742966 0.262604606 0.783767669
1520616913.068084240 24.331290734 3.323109303 13.684591964 -0.005143532 -0.558558543 0.267060842 0.785279826
1520616913.118086576 24.299544112 3.295124243 13.734751938 -0.003147381 -0.555161484 0.274414586 0.785163968
1520616913.168087482 24.255056022 3.273216395 13.783181228 0.001222222 -0.550745607 0.285470929 0.784336746
1520616913.218089342 24.215718874 3.241683976 13.837307246 0.007692806 -0.547994676 0.297100229 0.781904156
1520616913.267685413 24.162901286 3.221233311 13.900708106 0.019055552 -0.544358220 0.305047090 0.781189661
1520616913.317687750 24.129883495 3.213367838 13.962983202 0.034680582 -0.541157801 0.308264850 0.781612611
1520616913.367688656 24.084983579 3.197932734 14.026048011 0.051028252 -0.534617180 0.306458881 0.785915735
1520616913.417690516 24.048750856 3.191444472 14.086284533 0.067525171 -0.527110635 0.305170994 0.790231228
1520616913.467692614 24.011064247 3.186755771 14.155731618 0.083028483 -0.514010425 0.301716013 0.798665764
1520616913.517694473 23.972698108 3.175824556 14.229503619 0.092617759 -0.497095138 0.297657845 0.809764276
1520616913.567696571 23.933990413 3.173082628 14.297092104 0.094418628 -0.477826060 0.291194550 0.823391227
1520616913.617697716 23.894420136 3.183792616 14.353204139 0.092768912 -0.460719115 0.279145593 0.837382567
1520616913.667699575 23.855132728 3.194354878 14.411671522 0.081702830 -0.447658991 0.269374633 0.848742235
1520616913.716314554 23.812209949 3.205461777 14.473797988 0.068612109 -0.436390543 0.262657058 0.857826872
1520616913.766316414 23.767096306 3.219977877 14.537608110 0.060402325 -0.421578582 0.258735360 0.866994274
1520616913.816317558 23.716830619 3.237089551 14.604790231 0.058176819 -0.403645646 0.257629326 0.875963915
1520616913.866318464 23.669860028 3.238961743 14.666918882 0.055666118 -0.382684291 0.256836689 0.885713798
1520616913.916320562 23.630432697 3.239415630 14.728573451 0.056061284 -0.364548857 0.256052045 0.893531540
1520616913.966321468 23.584532972 3.240703565 14.780337739 0.055995704 -0.349372660 0.259734092 0.898521801
1520616914.016323328 23.535578539 3.245738536 14.833049473 0.050034465 -0.338971732 0.268831487 0.900180176
1520616914.066324472 23.487348684 3.248395395 14.884034879 0.042282363 -0.330069099 0.278035749 0.901089737
1520616914.114924908 23.437671025 3.252437785 14.932035928 0.037273047 -0.316287321 0.279058154 0.905924720
1520616914.164926052 23.386822817 3.262406278 14.975433633 0.028001658 -0.302439426 0.274160820 0.912459394
1520616914.214927912 23.321068615 3.267803645 15.010081278 0.016349013 -0.297300961 0.276825240 0.913626092
1520616914.264930248 23.256700320 3.274789934 15.043853437 0.004232650 -0.296991323 0.281384773 0.912469642
1520616914.314931154 23.188360797 3.288629688 15.081119176 -0.005311597 -0.299733906 0.286273148 0.910043437
1520616914.364933014 23.124679896 3.293296463 15.120816543 -0.018939966 -0.308554802 0.285925316 0.907018151
1520616914.414934158 23.052497760 3.287151557 15.144522941 -0.031623867 -0.317686592 0.281504445 0.904892484
1520616914.464936018 22.986598209 3.276558664 15.177152338 -0.035853763 -0.332771782 0.275514867 0.901148715
1520616914.514795303 22.932059883 3.257970128 15.209010448 -0.037649655 -0.350087079 0.265263726 0.897583810
1520616914.564797640 22.862271328 3.227747229 15.227468101 -0.038884865 -0.360790654 0.263269356 0.893872092
1520616914.614799500 22.805955715 3.203839997 15.254050487 -0.037026583 -0.378779445 0.264962174 0.885974159
1520616914.664800406 22.746418110 3.173446944 15.273315101 -0.034534650 -0.397218584 0.267072468 0.877323801
1520616914.714802504 22.685494335 3.142042203 15.288521180 -0.033439188 -0.416105354 0.265050708 0.869187136
1520616914.764803410 22.625288916 3.117944639 15.306438546 -0.028952563 -0.439031813 0.258284472 0.860059270
1520616914.814805508 22.559081151 3.087267472 15.321220142 -0.026227714 -0.462715541 0.253015856 0.849228716
1520616914.864806414 22.502029157 3.055137191 15.335819293 -0.023342617 -0.488667666 0.248646046 0.835963024
1520616914.916097403 22.437200288 3.016149459 15.359717382 -0.012397101 -0.512366592 0.244584161 0.823107147
1520616914.966098309 22.380002704 2.974644451 15.387494019 0.005216667 -0.531468968 0.239562362 0.812479782
1520616915.016100407 22.325525015 2.923657661 15.418660936 0.021869350 -0.550841291 0.239525052 0.799201697
1520616915.066102266 22.276677248 2.869411222 15.452541869 0.039554986 -0.564902649 0.240824208 0.788241144
1520616915.116103172 22.235293275 2.817955519 15.493715593 0.053057968 -0.581224302 0.241537852 0.775256492
1520616915.166105509 22.196457757 2.764225931 15.534062803 0.058962419 -0.592355028 0.238007006 0.767457894
1520616915.216107368 22.154787981 2.722507897 15.576779023 0.059643125 -0.602142250 0.245249149 0.757443241
1520616915.266108513 22.116809416 2.684036957 15.623427771 0.055591198 -0.612375457 0.256444664 0.745749323
1520616915.317067146 22.075588342 2.648256275 15.673576830 0.053617956 -0.623470437 0.267964720 0.732533029
1520616915.367069006 22.035566251 2.617058626 15.723675952 0.056375877 -0.634955396 0.279399627 0.718045440
1520616915.417069912 21.992446409 2.585574450 15.776445949 0.067853478 -0.643333554 0.290182303 0.705203570
1520616915.467071056 21.951267148 2.548419474 15.831362656 0.085859444 -0.648820644 0.296543669 0.695501101
1520616915.517072916 21.917939678 2.521525265 15.896289699 0.107868268 -0.651457979 0.301068745 0.687985864
1520616915.567075014 21.884112577 2.499522066 15.965067255 0.127040041 -0.649930834 0.305812616 0.684053640
1520616915.617076159 21.849799796 2.475452859 16.029007362 0.137740994 -0.648429523 0.307908353 0.682465398
1520616915.667078972 21.819288667 2.470833724 16.088489197 0.141891480 -0.648490951 0.302614668 0.683922991
1520616915.717643499 21.783110775 2.458770718 16.144228747 0.134722329 -0.648952117 0.291876122 0.689579128
1520616915.767645597 21.741337597 2.462456599 16.211609907 0.123467563 -0.648953846 0.278517645 0.697167547
1520616915.817646742 21.701879399 2.471911483 16.270874513 0.109959144 -0.644429844 0.266294554 0.708312342
1520616915.867648602 21.668088578 2.482141236 16.306816085 0.098028658 -0.634420848 0.256811908 0.722459835
1520616915.917649508 21.625345819 2.496797166 16.365144649 0.090581102 -0.622205983 0.249906838 0.736343229
1520616915.967651606 21.579656804 2.504092332 16.428124006 0.085272287 -0.606473951 0.251212643 0.749539987
1520616916.017652512 21.538544250 2.505880229 16.481817751 0.075213407 -0.590661063 0.253876996 0.762239413
1520616916.067654610 21.494803315 2.517990724 16.536577520 0.063751512 -0.573105374 0.253011636 0.776834015
1520616916.117655754 21.452690357 2.523223707 16.584730774 0.039906376 -0.556552489 0.252086781 0.790638389
1520616916.167499304 21.404204183 2.543343920 16.648444659 0.010165820 -0.537635849 0.249493961 0.805355271
1520616916.217501163 21.360144675 2.563127978 16.694002108 -0.025328155 -0.515945044 0.253552308 0.817844987
1520616916.267502546 21.320747897 2.578537933 16.740632554 -0.058313960 -0.494059656 0.256957145 0.828539416
1520616916.317504406 21.286609795 2.596987747 16.780770424 -0.086829345 -0.469577456 0.258700189 0.839661771
1520616916.367505550 21.239618758 2.611751570 16.815658339 -0.109282513 -0.438775323 0.264545471 0.851791784
1520616916.417507410 21.201863114 2.627696282 16.861800572 -0.120075485 -0.410421995 0.266713901 0.863712544
1520616916.467508316 21.173070173 2.635084007 16.898113565 -0.124925723 -0.384706029 0.262528519 0.876055713
1520616916.517510414 21.145816368 2.633303964 16.953389840 -0.122289435 -0.364337584 0.250249009 0.888638764
1520616916.566380978 21.112560418 2.629311327 17.008168016 -0.111968041 -0.348009126 0.237229356 0.900041687
1520616916.616382837 21.083751647 2.613280537 17.064870266 -0.091791750 -0.339450580 0.221774927 0.909485272
1520616916.666384697 21.050761423 2.580161654 17.120710800 -0.070107948 -0.335425853 0.207478654 0.916257050
1520616916.716385841 21.013825332 2.549188148 17.174909647 -0.046051723 -0.336982887 0.189709327 0.921049480
1520616916.766387701 20.973131646 2.507901731 17.217614378 -0.025846338 -0.341410538 0.170325486 0.923991364
1520616916.816389799 20.925441727 2.474015918 17.259896053 -0.003252068 -0.350347732 0.151185580 0.924331548
1520616916.866390944 20.870873638 2.432783938 17.295310550 0.015980663 -0.358441458 0.131860625 0.924054714
1520616916.916392803 20.814612429 2.408313799 17.335009105 0.034359374 -0.367760526 0.115937000 0.922025076
1520616916.965620518 20.749561093 2.380077148 17.362542634 0.047133786 -0.376813159 0.111685729 0.918322681
1520616917.015622377 20.685380190 2.359422956 17.397098379 0.056875772 -0.388932303 0.121764102 0.911411166
1520616917.065623760 20.615857882 2.333165043 17.425901044 0.057804615 -0.397778431 0.139694004 0.904940071
1520616917.115625620 20.547857643 2.312333075 17.450661742 0.058659143 -0.405130290 0.165489533 0.897241198
1520616917.165627718 20.454587249 2.255516699 17.437347717 0.050267540 -0.403131169 0.198213262 0.892003328
1520616917.215628624 20.386205160 2.222159262 17.455239337 0.040576657 -0.406733439 0.228051539 0.883693352
1520616917.265630484 20.318979224 2.195931760 17.476875627 0.029549470 -0.407782132 0.256949027 0.875681312
1520616917.315631628 20.255366385 2.173734385 17.493324096 0.005890734 -0.410989507 0.284547045 0.866074999
1520616917.365025997 20.196437341 2.156813612 17.518667941 -0.024573565 -0.414021370 0.312890577 0.854448320
1520616917.415026665 20.130849809 2.139972009 17.539049594 -0.054911264 -0.411554321 0.343163160 0.842524088
1520616917.465127707 20.068952138 2.113541525 17.557530215 -0.080485358 -0.407555546 0.372092165 0.830040966
1520616917.515029907 20.016249611 2.097936896 17.591113719 -0.091664180 -0.404195034 0.394958617 0.819897398
1520616917.565031767 19.959773145 2.061890971 17.626525127 -0.096982163 -0.395517284 0.423481900 0.809211726
1520616917.615032911 19.901630555 2.061816375 17.658491919 -0.095314149 -0.383104121 0.448453581 0.801895150
1520616917.665034771 19.859129356 2.044197295 17.698366798 -0.094838510 -0.367398752 0.470666832 0.796552916
1520616917.715035915 19.827387409 2.028389994 17.743392098 -0.098765841 -0.350246348 0.489064673 0.792709625
1520616917.766720533 19.792767985 2.002218014 17.799199040 -0.103446225 -0.326919633 0.502570000 0.793628268
1520616917.816721439 19.762543396 1.982577264 17.851272438 -0.106970245 -0.301075962 0.512239935 0.797195635
1520616917.866723537 19.749008438 1.968462673 17.903766193 -0.109525554 -0.273637248 0.520195386 0.801575680
1520616917.916725636 19.723144886 1.962243432 17.959896378 -0.108039939 -0.240712268 0.532892163 0.803996840
1520616917.966726542 19.704073670 1.956803463 18.027292653 -0.108168637 -0.203282926 0.542118993 0.808135258
1520616918.016728401 19.685531155 1.962979465 18.098442095 -0.107202801 -0.164481218 0.549686786 0.811971628
1520616918.066729546 19.673063535 1.975523432 18.165215783 -0.104116618 -0.127419120 0.556082806 0.814675402
1520616918.116731405 19.649476915 1.975612814 18.243669259 -0.102862474 -0.089906108 0.561672237 0.816002758
1520616918.166733503 19.642296203 1.990565896 18.307915858 -0.103242878 -0.055926348 0.558109121 0.821417897
1520616918.217488289 19.641010377 1.993625729 18.381906613 -0.107443142 -0.024138491 0.548612405 0.828792938
1520616918.267490149 19.641762575 2.003444275 18.446758846 -0.113455205 0.005799889 0.532498495 0.838772693
1520616918.317491293 19.644038468 2.023013250 18.506438717 -0.122031270 0.040524843 0.513780210 0.848231102
1520616918.367493153 19.663849387 2.023011532 18.572728999 -0.135030867 0.077952325 0.495986853 0.854217268
1520616918.417495251 19.679736768 2.039470157 18.628554518 -0.146563700 0.113920541 0.480983452 0.856852444
1520616918.467496395 19.700477061 2.053784194 18.680091060 -0.154351784 0.144299901 0.471667315 0.856085866
1520616918.517498255 19.718817675 2.104941167 18.722094479 -0.157860719 0.167787558 0.460471409 0.857259243
1520616918.567499399 19.738479778 2.140396561 18.766238039 -0.164286618 0.186140277 0.446108575 0.859853966
1520616918.615232944 19.758013537 2.171236021 18.809070102 -0.170267893 0.196806806 0.432058285 0.863482231
1520616918.665235043 19.769442975 2.193270426 18.859139174 -0.173719862 0.204308348 0.415926684 0.868955984
1520616918.715236902 19.794857751 2.226929117 18.897331301 -0.173937119 0.208750764 0.397408008 0.876490658
1520616918.765237093 19.830852706 2.274947119 18.936203349 -0.174899402 0.210763578 0.376471497 0.885018715
1520616918.815238953 19.862976952 2.292795183 18.975295922 -0.180834905 0.218295503 0.353250918 0.891548989
1520616918.865239859 19.902609314 2.315483281 19.004906107 -0.186853519 0.225830686 0.329711223 0.897427865
1520616918.915242195 19.938448910 2.345159047 19.046757399 -0.189486024 0.231219488 0.304977090 0.904224291
1520616918.965242863 19.975571369 2.375869045 19.083224582 -0.188852186 0.233322053 0.275730842 0.913163827
1520616919.014601231 20.010774737 2.399068923 19.110438616 -0.186405709 0.234100352 0.241676551 0.923061418
1520616919.064603567 20.044727093 2.441349290 19.148814429 -0.177682445 0.236781447 0.206646301 0.932556058
1520616919.114684582 20.074548820 2.464277547 19.208390048 -0.170415463 0.240569205 0.180108338 0.938427415
1520616919.164606333 20.102067111 2.510711445 19.244730961 -0.162250766 0.239109302 0.154202028 0.944840285
1520616919.214607477 20.137068734 2.533380612 19.291780170 -0.159227234 0.235007208 0.129236807 0.950113755
1520616919.264609337 20.163595947 2.559635245 19.344762129 -0.152469005 0.229824876 0.105914647 0.955361615
1520616919.314610243 20.189889966 2.570831415 19.403011976 -0.143207566 0.220054619 0.089528858 0.960756026
1520616919.364612341 20.219321320 2.585352064 19.444269891 -0.132162216 0.206880187 0.080096595 0.966083988
1520616919.414170980 20.243806498 2.592991416 19.499443731 -0.119565478 0.201648173 0.082960003 0.968586469
1520616919.464172840 20.261992668 2.587281409 19.559072182 -0.110759250 0.199749166 0.093032680 0.969111748
1520616919.514174700 20.279668567 2.601885872 19.608795042 -0.103076452 0.195713562 0.104402518 0.969624443
1520616919.564176083 20.293745195 2.616859648 19.666032016 -0.100171615 0.190732922 0.116893886 0.969495962
1520616919.614177942 20.294717527 2.624083321 19.716919539 -0.100687540 0.184146581 0.137454967 0.968017659
1520616919.664178848 20.305965846 2.654116482 19.771736726 -0.103020336 0.173514360 0.160547755 0.966180105
1520616919.714180946 20.315726969 2.672692393 19.833378731 -0.103078747 0.164508669 0.189000295 0.962595740
1520616919.764182806 20.319394657 2.702524493 19.898928898 -0.100070611 0.157437441 0.218343670 0.957875444
1520616919.814201832 20.323527855 2.732023527 19.970310203 -0.090394524 0.153968750 0.250776532 0.951437641
1520616919.864204168 20.344828093 2.760737207 20.029329182 -0.077492037 0.152654717 0.280697713 0.944404741
1520616919.914205074 20.362470140 2.778192099 20.085063982 -0.066948237 0.159593781 0.303555350 0.936964198
1520616919.964206934 20.379483690 2.769637250 20.161186015 -0.056707970 0.172666280 0.330368266 0.926189706
1520616920.014208078 20.405529922 2.782724393 20.228218205 -0.047865880 0.187943631 0.353399042 0.915147620
1520616920.064209938 20.443793389 2.819550708 20.280038229 -0.043196589 0.204836163 0.373707544 0.903614338
1520616920.114212036 20.485124490 2.851708041 20.323493434 -0.041437054 0.226450103 0.396790023 0.888572450
1520616920.164214134 20.515780989 2.879802664 20.378479269 -0.045812501 0.254197485 0.417181704 0.871346246
1520616920.214800119 20.544298208 2.908266609 20.438023484 -0.050564838 0.285074489 0.435356741 0.852431957
1520616920.264801025 20.578367898 2.938047765 20.489269357 -0.056937776 0.316074080 0.444101123 0.836438556
1520616920.314803123 20.612095703 2.965342958 20.544027807 -0.061884446 0.349138261 0.444098446 0.822830092
1520616920.364804268 20.651068557 3.004424880 20.585487882 -0.064357327 0.378755993 0.432724052 0.815568469
1520616920.414806128 20.695673172 3.042645943 20.624171615 -0.070258890 0.409553505 0.412985306 0.810415173
1520616920.464807987 20.742055269 3.074837219 20.656359382 -0.080359927 0.441180419 0.389341699 0.804558985
1520616920.514809132 20.787761363 3.110989634 20.680433274 -0.092237618 0.470782994 0.362070840 0.799224812
1520616920.564810991 20.836494993 3.156045470 20.688938824 -0.109431668 0.496506496 0.330529521 0.795145424
1520616920.614812136 20.884852880 3.193426353 20.701372564 -0.125795092 0.518185004 0.302238649 0.790133973
1520616920.664451122 20.930413686 3.229010537 20.721812875 -0.139324617 0.532124989 0.276634189 0.787975363
1520616920.714452267 20.973067245 3.271132677 20.728561067 -0.151190361 0.536901116 0.249445415 0.791615848
1520616920.764512300 21.022204173 3.311794204 20.738148169 -0.159594911 0.534521797 0.223006786 0.799427224
1520616920.814455509 21.070378698 3.351243673 20.750239190 -0.160600475 0.526716258 0.196603855 0.811248664
1520616920.864457369 21.121163864 3.382297096 20.769827790 -0.157552285 0.512695367 0.170570929 0.826575040
1520616920.914459229 21.169984077 3.410285763 20.792691175 -0.155004040 0.495639008 0.139308487 0.843154118
1520616920.964460373 21.222860431 3.439471717 20.816961047 -0.151145885 0.475410296 0.114489760 0.859087927
1520616921.014461279 21.270068417 3.457296660 20.852393706 -0.149291075 0.453075242 0.096221804 0.873599659
1520616921.064152956 21.307210012 3.472454749 20.890566846 -0.146205005 0.427228902 0.084526009 0.888231341
1520616921.114154816 21.352320007 3.491326616 20.929148540 -0.140844487 0.389840875 0.075390667 0.906919605
1520616921.164155960 21.383073024 3.495620812 20.980056604 -0.138228685 0.359323448 0.067337107 0.920459236
1520616921.214157820 21.411005693 3.513605207 21.032836256 -0.133880379 0.333063311 0.059407923 0.931458842
1520616921.264158726 21.438846909 3.536511289 21.084992489 -0.127727321 0.308592032 0.057610380 0.940817588
1520616921.314161062 21.458153650 3.549772483 21.138118201 -0.121660939 0.288079308 0.063407850 0.947728006
1520616921.364161968 21.476704781 3.556410646 21.193915768 -0.116164664 0.270962887 0.074216378 0.952668260
1520616921.414163828 21.497494641 3.584777949 21.243182835 -0.103780158 0.255982069 0.085989296 0.957240147
1520616921.463944435 21.514745242 3.606610066 21.305244085 -0.094159136 0.243930715 0.097793034 0.960243920
1520616921.513945341 21.537524438 3.629065746 21.355686547 -0.080689800 0.228336888 0.117928204 0.963039127
1520616921.563947678 21.550129086 3.626667351 21.421794235 -0.074061500 0.220866910 0.141469380 0.962142981
1520616921.613948584 21.560051418 3.636996324 21.479301827 -0.066009284 0.216232531 0.163387025 0.960307735
1520616921.663950682 21.575243756 3.657846349 21.527596202 -0.057974030 0.212507649 0.182926782 0.958132195
1520616921.713952541 21.594876652 3.655987221 21.590461037 -0.056465007 0.210996422 0.201733316 0.954775304
1520616921.763954639 21.601437174 3.671363626 21.653297364 -0.044413792 0.212825104 0.218263725 0.951364198
1520616921.813955784 21.616559045 3.685999837 21.708535931 -0.028843024 0.217165729 0.237432712 0.946378800
1520616921.864132166 21.638170191 3.708754430 21.761094718 -0.007676392 0.230750406 0.255990260 0.938703526
1520616921.914133072 21.662960566 3.735578059 21.819539399 0.012118293 0.256676969 0.270054737 0.927922691
1520616921.964133978 21.696614749 3.750059135 21.876740343 0.031340565 0.290774873 0.282303686 0.913658783
1520616922.014136076 21.728030721 3.769164793 21.921303108 0.051631705 0.328667799 0.287228486 0.898226832
1520616922.064138174 21.757080975 3.782539809 21.967787848 0.066642496 0.370015499 0.283602159 0.882166154
1520616922.114139080 21.787934897 3.792896586 22.002439357 0.078069262 0.409599076 0.276168752 0.865947231
1520616922.164141178 21.819745517 3.813216138 22.032969670 0.087093561 0.450298462 0.267915503 0.847270494
1520616922.214143038 21.855705847 3.827442969 22.051753120 0.082441254 0.487952421 0.264429610 0.827757728
1520616922.264728308 21.888597227 3.842156572 22.061796195 0.069252868 0.526056699 0.263054408 0.805773397
1520616922.314729214 21.927727355 3.859749492 22.062959622 0.052704382 0.568826784 0.258176279 0.779104195
1520616922.364731550 21.962765966 3.877589370 22.056498904 0.045901635 0.615345145 0.246809909 0.747213665
1520616922.414774418 21.998639389 3.890992194 22.047808810 0.044650421 0.667792478 0.225593015 0.707931733
1520616922.464734316 22.031879649 3.899144771 22.025884369 0.046658996 0.718501936 0.196349538 0.665601056
1520616922.514735460 22.057228439 3.908575196 21.999403834 0.049235534 0.766319444 0.161596035 0.619852477
1520616922.564737320 22.071365497 3.918723805 21.970689842 0.048446705 0.808899864 0.126816910 0.572058911
1520616922.614738226 22.085915390 3.918006607 21.939928903 0.038211973 0.847348363 0.100105693 0.520114840
1520616922.664919376 22.096429655 3.915599375 21.899223509 0.022698867 0.879624275 0.080311737 0.468290424
1520616922.714921236 22.097391259 3.905556831 21.857846287 0.006121191 0.906816879 0.067928036 0.415970505
1520616922.764922142 22.088771835 3.897711759 21.818837794 -0.008811157 0.929865992 0.054486422 0.363734561
1520616922.814924479 22.070426727 3.894178074 21.774655521 -0.021581637 0.950182102 0.035764821 0.308883608
1520616922.864925385 22.051422358 3.882231231 21.726279588 -0.032160793 0.966034565 0.018014767 0.255770153
1520616922.914927244 22.016142815 3.870547247 21.676576824 -0.034825811 0.977213936 -0.002476951 0.209365593
1520616922.964928389 21.991642201 3.851541111 21.629205516 -0.039283135 0.985443228 -0.019746696 0.164221033
1520616923.014930248 21.960362517 3.843587219 21.585294624 -0.045503078 0.990519924 -0.037987039 0.123922293
1520616923.064932108 21.927845808 3.832082773 21.539929035 -0.056935387 0.993621414 -0.054057777 0.080948158
1520616923.114657879 21.881863890 3.820572146 21.493959891 -0.071493308 0.994216830 -0.068289852 0.041929690
1520616923.164659739 21.840296706 3.808724159 21.452725584 -0.084549180 0.993543379 -0.075126903 0.008884769
1520616923.214660883 21.797783421 3.796138544 21.413907497 -0.097213143 0.991885980 -0.078501206 -0.023438591
1520616923.264662981 21.756596715 3.786666916 21.376171534 -0.104520662 0.989662917 -0.079333576 -0.057869901
1520616923.314663887 21.712892073 3.769554945 21.334251232 -0.105821323 0.987676294 -0.074863848 -0.087708550
1520616923.364665985 21.674653713 3.760836597 21.295056248 -0.105191821 0.985172166 -0.075476125 -0.112578145
1520616923.414667845 21.634600316 3.745470976 21.252474126 -0.108916837 0.982302281 -0.077127511 -0.131418026
1520616923.464668751 21.590906487 3.738371864 21.201302318 -0.118610853 0.978397356 -0.080414694 -0.149008576
1520616923.515052795 21.541059810 3.723330058 21.160124654 -0.123758002 0.975584021 -0.077895649 -0.163865931
1520616923.565055132 21.504707620 3.720867962 21.110798021 -0.126693645 0.971828034 -0.077329475 -0.183082343
1520616923.615056038 21.462243569 3.703516441 21.067478045 -0.132915596 0.967437064 -0.073771830 -0.202377592
1520616923.665057898 21.417944864 3.680581911 21.025173340 -0.139479282 0.961719141 -0.076486896 -0.223140264
1520616923.715062141 21.369940197 3.650641474 20.985370790 -0.146654217 0.955027291 -0.084244568 -0.243553418
1520616923.765060902 21.318771985 3.613455760 20.953703410 -0.154895510 0.948007988 -0.092843942 -0.262046251
1520616923.815062046 21.265682985 3.585278176 20.917908679 -0.165489018 0.939816714 -0.105471580 -0.279702832
1520616923.865064144 21.215880164 3.557069002 20.886009024 -0.178269362 0.932539903 -0.112769759 -0.293039837
1520616923.914721489 21.162640901 3.526085420 20.858239136 -0.188595925 0.928425965 -0.113546691 -0.299272372
1520616923.964723349 21.115177058 3.507536602 20.821496045 -0.197393442 0.925340681 -0.110216085 -0.304356481
1520616924.014724493 21.075142512 3.482715038 20.788056665 -0.199809563 0.925054078 -0.102838581 -0.306227559
1520616924.064745426 21.019852145 3.460982279 20.758719202 -0.205575038 0.926356966 -0.097189357 -0.300259727
1520616924.114727259 20.973797717 3.436743610 20.729873763 -0.214353151 0.929488592 -0.094329563 -0.284965994
1520616924.164729357 20.947724661 3.427680015 20.687745476 -0.228942344 0.932165361 -0.098078474 -0.262742757
1520616924.214730263 20.918575199 3.393384308 20.654414665 -0.251926930 0.935206799 -0.105892237 -0.225184143
1520616924.264732361 20.897455669 3.350799425 20.621445401 -0.279520347 0.934663603 -0.119356316 -0.184462446
1520616924.314501524 20.875144091 3.306933956 20.590705367 -0.299815942 0.934040786 -0.132448461 -0.141900023
1520616924.364502430 20.876912187 3.277946781 20.551591202 -0.311337685 0.934125789 -0.141438758 -0.102337350
1520616924.414504528 20.873813709 3.253860090 20.510540536 -0.315904658 0.936125521 -0.142291782 -0.060218805
1520616924.464505434 20.853410185 3.259499491 20.462238299 -0.314988013 0.938635678 -0.139721604 -0.014949549
1520616924.514507294 20.817984562 3.242331072 20.426142306 -0.311955748 0.941166137 -0.126202400 0.031030124
1520616924.564508438 20.813738504 3.253735349 20.374299055 -0.301986892 0.943872506 -0.116740619 0.065423522
1520616924.614510536 20.789765449 3.242546045 20.320658829 -0.288862215 0.946278737 -0.107012895 0.098302662
1520616924.664512396 20.774289625 3.236275092 20.267731398 -0.266846691 0.950481153 -0.099017041 0.124796024
1520616924.714419127 20.771144223 3.230041578 20.218118025 -0.240952231 0.955026021 -0.097780136 0.142500409
1520616924.764421225 20.760906168 3.216245174 20.163090446 -0.206502566 0.960649964 -0.102506617 0.154921690
1520616924.814422131 20.756682579 3.200715333 20.107455982 -0.162978776 0.966770257 -0.110070419 0.163333069
1520616924.864423990 20.749941645 3.191065898 20.045684507 -0.114605891 0.971602270 -0.123522152 0.166122837
1520616924.914425135 20.749764738 3.158288662 19.998897193 -0.071908001 0.975397632 -0.133546664 0.159981208
1520616924.964426994 20.729076578 3.142194640 19.939582477 -0.038331115 0.977332353 -0.146595870 0.147857530
1520616925.014427900 20.716974288 3.117803100 19.878428336 -0.005713321 0.978766287 -0.157998116 0.130462670
1520616925.064430237 20.700371743 3.092454032 19.826461526 0.017344824 0.979597486 -0.167580527 0.109565912
1520616925.114371777 20.663518753 3.058560481 19.781181407 0.034066177 0.979825071 -0.173258961 0.093614418
1520616925.164938927 20.633870550 3.025046797 19.729178757 0.050426616 0.979422979 -0.180833630 0.074074171
1520616925.214939833 20.601514959 3.003700050 19.675448241 0.066962640 0.977705859 -0.191992543 0.052403450
1520616925.264941931 20.570647857 2.980507886 19.629582315 0.080675968 0.974650482 -0.206498067 0.030106047
1520616925.314942837 20.528826131 2.955980771 19.577574634 0.092376346 0.970825620 -0.221232271 0.004528517
1520616925.364943743 20.480473038 2.937095129 19.530874812 0.098290110 0.967122640 -0.233264024 -0.024510181
1520616925.414945841 20.441677914 2.907335504 19.488399352 0.101463779 0.964156365 -0.237577868 -0.060533981
1520616925.464947701 20.403025774 2.883702332 19.441432777 0.104676365 0.960489686 -0.240560428 -0.092914491
1520616925.514948606 20.374616045 2.863872301 19.405416309 0.107550990 0.955461520 -0.244180380 -0.126103171
1520616925.565721750 20.334426805 2.846683670 19.360753861 0.113227727 0.950451387 -0.245843675 -0.152913473
1520616925.615722895 20.297245176 2.795090708 19.324291815 0.114690662 0.947575535 -0.236260383 -0.182010136
1520616925.665724754 20.251633438 2.773378574 19.275567134 0.108336217 0.941685752 -0.237153148 -0.212719518
1520616925.715725660 20.201750426 2.754230691 19.230895837 0.095974308 0.935431239 -0.240794979 -0.240364532
1520616925.765727758 20.148994619 2.739864394 19.186626870 0.077366765 0.931031760 -0.242020812 -0.261954522
1520616925.815728664 20.086468721 2.719548473 19.162526919 0.047574483 0.929977699 -0.228283335 -0.284191602
1520616925.865730762 20.086468721 2.719548473 19.162526919 0.047574483 0.929977699 -0.228283335 -0.284191602
1520616925.915732861 20.020834214 2.691000385 19.143792002 0.030545975 0.929062245 -0.223152462 -0.293450621
1520616925.966018200 19.943426837 2.684142497 19.112395735 -0.002720257 0.926756939 -0.225147169 -0.300704055
1520616926.016020298 19.892479579 2.720418259 19.052881877 -0.042558619 0.916971465 -0.239812712 -0.315977783
1520616926.066021204 19.862868657 2.684551144 19.022601979 -0.085720896 0.906388534 -0.238881182 -0.337709245
1520616926.116023064 19.829361181 2.648346866 18.985866708 -0.122058664 0.895447807 -0.239632481 -0.354755101
1520616926.166024208 19.799367320 2.596103904 18.975919169 -0.143956300 0.888815195 -0.233980155 -0.366793428
1520616926.216026306 19.756452389 2.573665713 18.948504191 -0.159608232 0.882874193 -0.235344379 -0.373726364
1520616926.266028166 19.720346547 2.532090472 18.919663159 -0.169698141 0.878786271 -0.225543151 -0.384795424
1520616926.316029310 19.668397639 2.510984852 18.881111106 -0.177156601 0.875217087 -0.214203880 -0.395887973
1520616926.365901709 19.609943412 2.490547991 18.845539446 -0.178999995 0.872950130 -0.205216021 -0.404726397
1520616926.415902853 19.567618053 2.463530743 18.821799546 -0.171476618 0.872711866 -0.203616153 -0.409280138
1520616926.465904713 19.535642986 2.412749734 18.814080233 -0.159339252 0.872063011 -0.202788806 -0.415925242
1520616926.515905857 19.486594527 2.380308681 18.801684883 -0.147845724 0.866359239 -0.214221010 -0.426230770
1520616926.565907717 19.437755363 2.353269795 18.783819505 -0.131084339 0.862078987 -0.226047906 -0.434210848
1520616926.615908623 19.382900141 2.329963938 18.771428250 -0.115800606 0.856251110 -0.234951827 -0.445221176
1520616926.665910959 19.329529965 2.308384166 18.764393344 -0.105059665 0.845531615 -0.239906036 -0.465278248
1520616926.715912819 19.255491977 2.299929008 18.760553938 -0.102943768 0.827976106 -0.247008873 -0.492792823
1520616926.767682552 19.186134324 2.286053979 18.745066905 -0.090734673 0.807568264 -0.254487391 -0.524248878
1520616926.817684650 19.123844434 2.268882884 18.754814144 -0.065849727 0.790570596 -0.256183816 -0.552296839
1520616926.867686749 19.072301481 2.248837930 18.769923276 -0.036982894 0.770906155 -0.263166870 -0.578860229
1520616926.917687654 19.019866459 2.255188808 18.786182657 -0.014566113 0.745356150 -0.284132486 -0.602910249
1520616926.967689514 18.942875341 2.241176312 18.804798264 -0.001357310 0.713697538 -0.306556514 -0.629807181
1520616927.017690659 18.887051160 2.218729677 18.839027186 0.010420129 0.682950759 -0.324646353 -0.654273969
1520616927.067692757 18.845855087 2.195557484 18.855223237 -0.023181438 -0.651752954 0.340338463 0.677385000
1520616927.117693901 18.793555477 2.170052309 18.879397985 -0.037021733 -0.618950666 0.349618686 0.702350510
1520616927.172907591 18.723025381 2.150218549 18.911350765 -0.056463605 -0.579527445 0.355840143 0.730983991
1520616927.222909451 18.660023483 2.141897314 18.949969759 -0.076783741 -0.543232260 0.362504711 0.753387884
1520616927.272910357 18.597249456 2.138585867 18.995333124 -0.091215748 -0.506178341 0.370064328 0.773637879
1520616927.322912693 18.530983889 2.131337197 19.039778650 -0.102915747 -0.465590822 0.383848059 0.790755463
1520616927.372913599 18.470666194 2.121587499 19.083548516 -0.112780100 -0.424091586 0.396597151 0.806311153
1520616927.422914743 18.440154502 2.106309951 19.142495122 -0.121943075 -0.386018056 0.407215586 0.818715710
1520616927.472916603 18.401029363 2.103245315 19.202527901 -0.123969433 -0.347844994 0.418939147 0.829533261
1520616927.522918463 18.370032503 2.085672547 19.264067843 -0.129622321 -0.307960657 0.429786642 0.838833553
1520616927.572919607 18.352502105 2.078435053 19.320791171 -0.137178239 -0.268462927 0.432765823 0.849601983
1520616927.622921467 18.326567297 2.080573326 19.383776992 -0.144508208 -0.232712038 0.434074982 0.858219899
1520616927.672922373 18.302476822 2.089219481 19.443932388 -0.151123009 -0.203789478 0.438122754 0.862368910
1520616927.722924709 18.278492358 2.106268700 19.494543306 -0.157597822 -0.174471145 0.441864641 0.865724197
1520616927.772925615 18.261839917 2.127867663 19.550936784 -0.165643373 -0.141570809 0.446315341 0.867941585
1520616927.822927475 18.255207533 2.137419884 19.606290635 -0.176364148 -0.102876168 0.444966426 0.871961617
1520616927.872929573 18.238810304 2.162116731 19.664115575 -0.183139934 -0.063925334 0.443748502 0.874906042
1520616927.922930479 18.229305102 2.187263363 19.726328816 -0.188325861 -0.024761133 0.447257150 0.874003031
1520616927.972932339 18.231684303 2.201180874 19.792089123 -0.192887513 0.016126581 0.450267729 0.871661238
1520616928.022933483 18.232659693 2.223493098 19.853231858 -0.192148098 0.054179216 0.451142028 0.869835956
1520616928.072935581 18.249942301 2.245988207 19.918598155 -0.190404211 0.089320871 0.448163096 0.868860091
1520616928.122936726 18.259821358 2.284148340 19.975399516 -0.190243362 0.121433342 0.441229774 0.868549189
1520616928.172938585 18.280908095 2.305305797 20.037676739 -0.196440045 0.154047123 0.437602318 0.863820007
1520616928.222940445 18.299339468 2.340883278 20.093797274 -0.203449221 0.186337287 0.431395757 0.858943846
1520616928.272941589 18.319739005 2.363492739 20.147105262 -0.212038219 0.213547643 0.428043512 0.852183049
1520616928.322943687 18.334766628 2.369325793 20.194725827 -0.221209344 0.238511236 0.429001040 0.842696223
1520616928.372945547 18.354531825 2.407515800 20.249300343 -0.227203250 0.260330726 0.425796210 0.836244093
1520616928.418319702 18.380983438 2.447845393 20.292471682 -0.232089756 0.276159195 0.422715890 0.831373394
1520616928.468320847 18.408780218 2.472909572 20.339313514 -0.235830622 0.289603420 0.418127344 0.828059962
1520616928.518322706 18.420862651 2.509302131 20.380690082 -0.234376157 0.299959556 0.408231243 0.829722444
1520616928.568324804 18.451471573 2.536002262 20.424899314 -0.231929534 0.305410905 0.397591583 0.833578913
1520616928.618325949 18.488116698 2.565450094 20.466634538 -0.230318659 0.310305783 0.381157548 0.839870561
1520616928.668327808 18.524247303 2.581002057 20.505040054 -0.231739064 0.313227207 0.360282577 0.847574296
1520616928.718328714 18.560553707 2.603031296 20.542002794 -0.231005836 0.318994457 0.344255195 0.852271788
1520616928.768330812 18.599013325 2.595821549 20.553793817 -0.236994004 0.323103966 0.329562992 0.854883561
1520616928.816122770 18.623051248 2.613593635 20.578272795 -0.233940315 0.330435014 0.311900468 0.859536345
1520616928.866124868 18.653460606 2.639337893 20.612719460 -0.230342748 0.340824447 0.293019586 0.863087734
1520616928.916126728 18.689966830 2.659054202 20.646670013 -0.231129634 0.353065321 0.273456468 0.864375804
1520616928.966127634 18.726979334 2.682893293 20.683422777 -0.230238511 0.363786621 0.253097951 0.866366521
1520616929.016128778 18.773816811 2.709852963 20.713230522 -0.226696155 0.370755369 0.232936904 0.869994086
1520616929.066235781 18.818265075 2.741942604 20.748603135 -0.219540085 0.376372886 0.207828740 0.875758424
1520616929.116132736 18.865952357 2.767990650 20.785257749 -0.211203706 0.376797320 0.179720241 0.883808469
1520616929.166133881 18.901146641 2.787275033 20.824228249 -0.196460663 0.371544621 0.152734500 0.894443947
1520616929.215280056 18.946749357 2.808964732 20.861613235 -0.180457824 0.360102088 0.130343014 0.905964767
1520616929.265280962 18.988585280 2.824540395 20.893852701 -0.167775890 0.349901748 0.106535958 0.915461691
1520616929.315282822 19.022909499 2.834285048 20.928934957 -0.158445038 0.342837058 0.087577941 0.921785238
1520616929.365283966 19.061563072 2.844284756 20.961928375 -0.148910961 0.337616458 0.074194794 0.926464131
1520616929.415285826 19.101130999 2.857289364 20.996726001 -0.140839290 0.336167587 0.063847725 0.929020514
1520616929.465287685 19.142853262 2.874907627 21.028960335 -0.130905004 0.334345187 0.054286849 0.931735002
1520616929.515288830 19.176029384 2.896145253 21.071824522 -0.120099640 0.333922420 0.039387879 0.934088052
1520616929.565290928 19.216037482 2.906145440 21.110282050 -0.112132518 0.327561090 0.027478943 0.937749934
1520616929.614524603 19.272060810 2.930490515 21.149485288 -0.101525900 0.315857750 0.017222557 0.943201865
1520616929.664526463 19.316150380 2.955885440 21.193564389 -0.086152239 0.303505807 0.004867497 0.948914287
1520616929.714527607 19.362298748 2.972526787 21.241314661 -0.071196503 0.287395049 -0.007167903 0.955135469
1520616929.764529467 19.398251938 2.971866848 21.289851908 -0.059447903 0.272656101 -0.015169285 0.960153368
1520616929.814530611 19.430206068 2.977851055 21.344834630 -0.049056793 0.255813063 -0.022879979 0.965209622
1520616929.864532471 19.466914107 2.987428491 21.397881240 -0.040180526 0.237531779 -0.028728237 0.970123120
1520616929.914534569 19.512148364 3.005875920 21.456094320 -0.035680050 0.218291737 -0.031628205 0.974718066
1520616929.964535713 19.542537005 3.026044099 21.505400331 -0.029867656 0.199795647 -0.043309793 0.978424184
1520616930.014537573 19.584771840 3.066460507 21.566182966 -0.019612894 0.177986366 -0.059265333 0.982050818
1520616930.064171791 19.603995343 3.085728113 21.613256463 -0.010801240 0.156805209 -0.077191677 0.984549087
1520616930.114172697 19.619552801 3.106042539 21.668992047 -0.000692787 0.130177490 -0.095912452 0.986840485
1520616930.164175034 19.629023230 3.122966753 21.729044019 0.005497193 0.101468616 -0.109325613 0.988798165
1520616930.214175940 19.638141264 3.140853604 21.785051468 0.008748404 0.072307116 -0.112920087 0.990930977
1520616930.264177799 19.644054531 3.162844095 21.840304507 0.009265522 0.042577807 -0.105377782 0.993477128
1520616930.314179897 19.651510832 3.182550406 21.892353767 0.007301072 0.008579014 -0.092156430 0.995680816
1520616930.364180803 19.639271249 3.226124642 21.939889680 0.008454004 -0.027168166 -0.075592529 0.996732758
1520616930.414182901 19.646646801 3.238608097 21.978358784 0.006794243 -0.071331641 -0.059623879 0.995645835
1520616930.464092970 19.622484284 3.259201609 22.009919335 0.008154383 -0.111570348 -0.041050082 0.992874843
1520616930.514094114 19.620063456 3.285686706 22.019483539 0.018226977 -0.155688531 -0.018989151 0.987455453
1520616930.564096212 19.584125515 3.308082254 22.050467386 0.028487777 -0.201471317 -0.005988667 0.979061740
1520616930.614098072 19.556503998 3.327434713 22.080386734 0.043102403 -0.246011153 -0.002043131 0.968306006
1520616930.664099216 19.519687879 3.332303896 22.103932585 0.057237368 -0.287825664 0.011474306 0.955901988
1520616930.714184046 19.479492937 3.358896509 22.132994964 0.077526174 -0.333431640 0.031234054 0.939062015
1520616930.764102221 19.448049898 3.365816776 22.144924780 0.095337546 -0.382225592 0.048737943 0.917844737
1520616930.814104080 19.394950927 3.368092304 22.151343663 0.109076625 -0.430317119 0.060091207 0.894046147
1520616930.864392042 19.346586990 3.379585969 22.151611599 0.125013910 -0.476982494 0.072368804 0.866961348
1520616930.914393902 19.294923703 3.361670936 22.142115239 0.126834986 -0.519794681 0.085272406 0.840508770
1520616930.964395046 19.252343481 3.338556545 22.123043877 0.127279600 -0.556395554 0.102041112 0.814746281
1520616931.014396906 19.199219169 3.338643761 22.114026377 0.128231805 -0.588852899 0.126293495 0.787945951
1520616931.064399004 19.145745416 3.340373682 22.116642799 0.130913509 -0.614382520 0.147501718 0.763962705
1520616931.114400148 19.095151117 3.336689596 22.116427544 0.125316749 -0.630117122 0.167331949 0.747828954
1520616931.164402008 19.046803428 3.321610988 22.076197237 0.109897312 -0.629915961 0.188292484 0.745435714
1520616931.214402914 18.993235660 3.309483072 22.055091420 0.089916764 -0.626188787 0.212150450 0.744845464
1520616931.265215635 18.939239860 3.284519387 22.047372024 0.070876884 -0.618070111 0.240334061 0.745121026
1520616931.315216780 18.893315825 3.255958047 22.069548843 0.059661043 -0.609068484 0.270938071 0.743013260
1520616931.365218639 18.854238729 3.218813040 22.071895334 0.051353061 -0.587530865 0.305297439 0.747638830
1520616931.415219784 18.812748278 3.200008004 22.069221499 0.047670878 -0.560734206 0.345161320 0.751111377
1520616931.465221643 18.768398810 3.166206362 22.084017658 0.043165300 -0.541350078 0.374114486 0.751741446
1520616931.515223742 18.720750576 3.153917404 22.080240251 0.040511692 -0.516970083 0.402538899 0.754362758
1520616931.565224886 18.680063860 3.119736753 22.095551529 0.035993888 -0.500417282 0.418851788 0.756868657
1520616931.615226746 18.637050595 3.088862202 22.115319956 0.028829349 -0.486111581 0.436163759 0.756720275
1520616931.666054964 18.598217068 3.057136375 22.139878258 0.019079661 -0.474509211 0.451760930 0.755241046
1520616931.716056108 18.561986975 3.023858354 22.163084373 0.005161165 -0.460769968 0.468073853 0.754036648
1520616931.766057968 18.527760428 2.995980879 22.197731140 -0.008400472 -0.445949499 0.483143634 0.753412705
1520616931.816060066 18.493116619 2.971041930 22.225122565 -0.021933664 -0.423711983 0.494986941 0.758271058
1520616931.866061211 18.461457880 2.945245611 22.256970096 -0.035755928 -0.399623851 0.504811057 0.764321980
1520616931.916063070 18.430602908 2.923775279 22.299209582 -0.053776372 -0.376119453 0.517793361 0.766506552
1520616931.966063976 18.397102111 2.906548442 22.340630150 -0.071754224 -0.353917276 0.524775620 0.770846575
1520616932.016065121 18.368976442 2.889002692 22.383427290 -0.091296293 -0.333823619 0.526637435 0.776453341
1520616932.066485643 18.341968133 2.880862450 22.429722004 -0.107179976 -0.314238500 0.524566214 0.783962311
1520616932.116487503 18.319906441 2.879464228 22.477812623 -0.117532632 -0.290727945 0.523491616 0.792224634
1520616932.166488409 18.297515678 2.880712109 22.527551920 -0.123570149 -0.259599537 0.526658186 0.799981033
1520616932.216489553 18.278646814 2.881971033 22.582855692 -0.128170207 -0.217837924 0.529528851 0.809764307
1520616932.266491413 18.269484365 2.880091341 22.644313830 -0.132057636 -0.167886099 0.531513428 0.819675859
1520616932.316493511 18.276935953 2.897658290 22.704004690 -0.128107945 -0.114159166 0.543050449 0.821980687
1520616932.366553545 18.279477045 2.912159631 22.765642529 -0.126975480 -0.056899388 0.551569910 0.822441683
1520616932.416496515 18.323020323 2.917590358 22.785085635 -0.125448268 -0.008316234 0.560412340 0.818615649
1520616932.466497660 18.339847590 2.921690053 22.847683514 -0.127648407 0.048897325 0.560772027 0.816608639
1520616932.516465902 18.352097030 2.947821428 22.904070686 -0.127930199 0.100791701 0.557360622 0.814140058
1520616932.566466808 18.371838856 2.956626388 22.960100049 -0.128885066 0.149791980 0.555729124 0.807537085
1520616932.616468906 18.390228986 2.989030990 23.023494320 -0.125902899 0.197335522 0.550878793 0.801086579
1520616932.666471004 18.420436116 3.024821094 23.074484279 -0.117963988 0.238146198 0.546847422 0.793932480
1520616932.716471910 18.445743381 3.049913574 23.134523215 -0.110261938 0.279423685 0.540753264 0.785716627
1520616932.766473770 18.482934332 3.076027540 23.180368399 -0.101425222 0.314554433 0.535758792 0.777001254
1520616932.816474915 18.523700804 3.093979870 23.231364525 -0.091807388 0.344900044 0.531332043 0.768310890
1520616932.866477013 18.565877362 3.113617935 23.278116382 -0.079956393 0.369985409 0.529515990 0.759164402
1520616932.915743589 18.610532192 3.144706443 23.314623559 -0.072463968 0.394721830 0.520979691 0.753341763
1520616932.965745449 18.655876278 3.174199783 23.347466836 -0.065690816 0.417912263 0.510719443 0.748464901
1520616933.015746355 18.701398955 3.217350970 23.382220715 -0.058209894 0.442889679 0.500388062 0.741668475
1520616933.065748692 18.753664602 3.249846497 23.409665809 -0.046356628 0.468089049 0.491827553 0.732700050
1520616933.115750551 18.804642632 3.294260052 23.429310606 -0.032900035 0.494266840 0.478124364 0.725268896
1520616933.165751457 18.851155161 3.329017135 23.452803627 -0.017649494 0.520767949 0.464439966 0.716089908
1520616933.215753555 18.908143421 3.360290682 23.483283155 -0.007243178 0.550115103 0.447570736 0.704983224
1520616933.265754461 18.953851842 3.401929368 23.494229170 0.006664958 0.575028345 0.427239029 0.697685310
1520616933.314913273 19.003655450 3.443051100 23.511064557 0.014310942 0.599639595 0.405771996 0.689620650
1520616933.364915371 19.053122578 3.480795831 23.525883304 0.018958160 0.621457757 0.386827891 0.681024983
1520616933.414917231 19.103147689 3.517594106 23.534533379 0.025500194 0.639075571 0.371472386 0.673008485
1520616933.464918375 19.156348849 3.547402829 23.534018843 0.031108272 0.659714459 0.356126731 0.661046790
1520616933.514920235 19.209906372 3.581792465 23.534066367 0.032971412 0.684781583 0.336808300 0.645404709
1520616933.564921141 19.258074747 3.611709681 23.531229042 0.038706288 0.709547348 0.319534331 0.626851016
1520616933.614923477 19.305004480 3.633395122 23.521098640 0.041279499 0.733002102 0.302343275 0.607941170
1520616933.664924145 19.351693106 3.657139337 23.509934214 0.042013026 0.755916108 0.286200900 0.587294465
1520616933.714437246 19.406225431 3.665491843 23.492566425 0.044813587 0.775729552 0.276102875 0.565687729
1520616933.764438152 19.444712140 3.688250856 23.457401363 0.052144390 0.792293352 0.263474382 0.547844372
1520616933.814439297 19.498987775 3.699634614 23.433008886 0.058790252 0.808566732 0.253930627 0.527525149
1520616933.864441156 19.550640326 3.717960128 23.403562272 0.071223811 0.823664271 0.243033887 0.507384339
1520616933.914443016 19.602105973 3.747640186 23.377981520 0.084665670 0.841004258 0.227943307 0.483306746
1520616933.964444160 19.654483076 3.767591205 23.332533873 0.102139165 0.854599797 0.217378233 0.460405780
1520616934.014484167 19.709485109 3.780498649 23.288978311 0.121147838 0.869281459 0.208185921 0.431661405
1520616934.064447165 19.754293173 3.806080784 23.239167649 0.133892583 0.886674892 0.189663190 0.399885342
1520616934.114621639 19.784975763 3.809024698 23.186289424 0.150045703 0.898464090 0.175907290 0.373236108
1520616934.164622784 19.830156860 3.802048722 23.132216044 0.161886099 0.911618177 0.162896384 0.340895817
1520616934.214624643 19.861004910 3.791990979 23.075025266 0.167853169 0.924318923 0.147058090 0.309570283
1520616934.264626503 19.902080352 3.795518959 23.021562500 0.175149430 0.937603881 0.125351715 0.272962613
1520616934.314627647 19.933938796 3.785387655 22.948944246 0.180661984 0.948575261 0.105778208 0.237438820
1520616934.364629507 19.947164152 3.777382532 22.881426884 0.190465465 0.955865064 0.085211930 0.206842485
1520616934.414630413 19.959808290 3.763759849 22.819838769 0.196635230 0.962279964 0.063759150 0.176880265
1520616934.464632750 19.967378672 3.763762135 22.750335868 0.196134876 0.969048978 0.039218773 0.144696501
1520616934.514633656 19.971303649 3.772126522 22.678194480 0.193881660 0.974759632 0.013304769 0.109893334
1520616934.566385984 19.991747653 3.777734168 22.602885239 0.191424430 0.979111851 -0.014520474 0.066976313
1520616934.616386890 19.989177904 3.773298812 22.530878354 0.191857832 0.980138154 -0.041177662 0.028708369
1520616934.666388750 19.976164870 3.763046696 22.467454017 0.189024062 0.979480557 -0.069220615 -0.009810638
1520616934.716391087 19.953903459 3.745601671 22.406194073 0.185383026 0.976384196 -0.099445684 -0.049169005
1520616934.766391993 19.934194699 3.731486174 22.335518065 0.178140539 0.970594400 -0.130789954 -0.095427704
1520616934.816393852 19.899543021 3.700827696 22.291895088 0.172474227 0.962909196 -0.155811426 -0.137044962
1520616934.866394997 19.857292573 3.673899583 22.247910124 0.167469810 0.953481984 -0.181252244 -0.173128832
1520616934.916396856 19.816146123 3.652808438 22.199126727 0.157199706 0.943538098 -0.203557475 -0.208778505
1520616934.967000484 19.773897876 3.638137023 22.142193624 0.141285088 0.933128964 -0.224835022 -0.242400645
1520616935.017002344 19.724754468 3.615682136 22.102134315 0.123812042 0.923270050 -0.241787943 -0.271627656
1520616935.067003489 19.673600655 3.592360129 22.064897834 0.103204094 0.912018602 -0.255271311 -0.303986088
1520616935.117005348 19.626172335 3.559101697 22.052627360 0.089004467 0.901012095 -0.268167653 -0.329152728
1520616935.167006493 19.580713005 3.524860502 22.023273123 0.069342015 0.887880543 -0.279435502 -0.358853210
1520616935.217008591 19.529096251 3.487883825 22.012127903 0.043739310 0.874816118 -0.284766932 -0.389475835
1520616935.267009258 19.483595397 3.453828617 22.009721907 0.016607861 0.861552451 -0.289441637 -0.416743438
1520616935.317011595 19.433381749 3.416947010 22.024422138 -0.008618014 0.848467396 -0.294977247 -0.439337264
1520616935.366678476 19.390611083 3.369631387 22.035486789 -0.033877220 0.835578246 -0.300850394 -0.458421607
1520616935.416680336 19.341631514 3.342057319 22.027972352 -0.064801906 0.820644787 -0.309216111 -0.476159892
1520616935.466681480 19.305780732 3.303149545 22.013081285 -0.096192347 0.805159733 -0.311652217 -0.495315790
1520616935.516683340 19.274589181 3.261232287 22.007847582 -0.125694715 0.792272991 -0.313482753 -0.508166222
1520616935.566684246 19.251433640 3.216103942 22.008460845 -0.151572311 0.781800542 -0.318365671 -0.514253874
1520616935.616686344 19.239285207 3.146572617 22.000858248 -0.169814572 0.772827994 -0.324560557 -0.518228085
1520616935.666701317 19.229659856 3.088090949 21.970255149 -0.190787021 0.763145067 -0.334350960 -0.519056215
1520616935.716689348 19.225242736 3.033081516 21.932139738 -0.212890368 0.753790248 -0.347137916 -0.515725917
1520616935.765532970 19.227934966 2.989312392 21.875343177 -0.232516842 0.744052566 -0.361067453 -0.511812458
1520616935.815534830 19.234843178 2.941714233 21.830155384 -0.246155226 0.741919249 -0.373450387 -0.499497989
1520616935.865536928 19.240908000 2.889140377 21.777033747 -0.253642922 0.744763451 -0.381524058 -0.485213421
1520616935.915538073 19.247346430 2.840830448 21.710801544 -0.255569586 0.749511160 -0.384682837 -0.474274523
1520616935.965539932 19.254151511 2.817922714 21.654661296 -0.254777417 0.760146388 -0.385917759 -0.456435560
1520616936.015540838 19.247625475 2.804919173 21.590822204 -0.249806730 0.774749407 -0.385797727 -0.434188976
1520616936.065542936 19.243919796 2.787601665 21.522737662 -0.237813331 0.794862095 -0.379618421 -0.409302973
1520616936.115543842 19.237993575 2.760964788 21.450695087 -0.219817740 0.817345034 -0.365897304 -0.386970826
1520616936.165092707 19.231804030 2.743142774 21.372119474 -0.198422575 0.836236256 -0.355161537 -0.367692382
1520616936.215093613 19.217754771 2.748381989 21.302073236 -0.186477800 0.855210057 -0.341128118 -0.342743920
1520616936.265095472 19.207812355 2.735204191 21.228986496 -0.170179865 0.870547606 -0.331368716 -0.321528308
1520616936.315097809 19.207812355 2.735204191 21.228986496 -0.170179865 0.870547606 -0.331368716 -0.321528308
1520616936.365098476 19.207812355 2.735204191 21.228986496 -0.170179865 0.870547606 -0.331368716 -0.321528308
1520616936.415100574 19.207812355 2.735204191 21.228986496 -0.170179865 0.870547606 -0.331368716 -0.321528308
1520616936.465101719 19.207812355 2.735204191 21.228986496 -0.170179865 0.870547606 -0.331368716 -0.321528308
1520616936.515103579 19.207812355 2.735204191 21.228986496 -0.170179865 0.870547606 -0.331368716 -0.321528308
1520616936.570525169 19.207812355 2.735204191 21.228986496 -0.170179865 0.870547606 -0.331368716 -0.321528308
1520616936.620527267 19.154420277 2.725206329 21.185680355 -0.169362068 0.872196682 -0.324271388 -0.324711417
1520616936.670529127 19.111431855 2.705797128 21.148768300 -0.172339395 0.870992324 -0.317731089 -0.332743835
1520616936.720531225 19.057798759 2.672063213 21.116395935 -0.177237729 0.866281731 -0.317046042 -0.342964367
1520616936.770532131 19.004975831 2.636182487 21.086329680 -0.186829007 0.859646152 -0.315875835 -0.355423511
1520616936.820534229 18.989207556 2.582192478 21.067055967 -0.193367264 0.851987532 -0.312548902 -0.372880049
1520616936.870535374 19.009538818 2.496110141 21.019603854 -0.190527614 0.844066865 -0.305920216 -0.397068227
1520616936.920537233 18.964298769 2.464971301 20.999786256 -0.196640951 0.834851352 -0.307086457 -0.412375393
1520616936.970538139 18.961698082 2.375805601 20.987897545 -0.190122454 0.828131821 -0.301761278 -0.432424872
1520616937.023215532 18.925042062 2.331886100 20.976440859 -0.184892678 0.818217817 -0.305202631 -0.450761196
1520616937.073216677 18.895555091 2.282622160 20.964401174 -0.176119569 0.809149043 -0.307351270 -0.468822910
1520616937.123218536 18.844858902 2.263993800 20.976460353 -0.173050036 0.801269065 -0.313652985 -0.479211202
1520616937.173219442 18.801135699 2.235203748 20.977285092 -0.174220846 0.791742792 -0.318634834 -0.491184579
1520616937.223221540 18.742992968 2.197891821 20.980860360 -0.184638117 0.781031927 -0.325500712 -0.499947179
1520616937.273223400 18.702778387 2.146121775 20.978514143 -0.195237557 0.769418527 -0.336865459 -0.506358657
1520616937.323225498 18.671760112 2.094112118 20.980079756 -0.205714740 0.757342588 -0.352756219 -0.509584831
1520616937.373225451 18.650125340 2.026847345 20.979226115 -0.212501213 0.746066175 -0.372394497 -0.509461320
1520616937.423227549 18.636240191 1.960404196 20.992151386 -0.211849892 0.737364142 -0.390341824 -0.508966605
1520616937.473229647 18.621502864 1.902701289 20.971782386 -0.208795765 0.730029456 -0.406860523 -0.507863995
1520616937.523230553 18.604535030 1.852145112 20.959615522 -0.201265023 0.729327715 -0.417435986 -0.503309718
1520616937.573232412 18.586389315 1.805500199 20.944342397 -0.191572784 0.731878259 -0.422724346 -0.498957122
1520616937.623233557 18.559196863 1.769379622 20.924384770 -0.181019379 0.732693959 -0.427312058 -0.497791072
1520616937.673235655 18.526406359 1.733865544 20.905935595 -0.168876158 0.732581880 -0.432452706 -0.497784381
1520616937.723236561 18.488544307 1.704840156 20.881732234 -0.157799293 0.735645544 -0.436417387 -0.493421606
1520616937.773238659 18.450136658 1.673756634 20.855278752 -0.150320979 0.740769952 -0.438363508 -0.486313598
1520616937.823239565 18.409950658 1.643957100 20.833417451 -0.145733946 0.747049444 -0.440462889 -0.476099978
1520616937.873241425 18.377176657 1.601069864 20.813018608 -0.142934061 0.751443255 -0.441857155 -0.468684482
1520616937.923243523 18.341983737 1.555498001 20.790457752 -0.143017771 0.753932894 -0.448670986 -0.458067085
1520616937.973244429 18.310726967 1.507393926 20.776503537 -0.142603493 0.754850247 -0.458604932 -0.446706688
1520616938.023246527 18.273294069 1.453892485 20.763016000 -0.141232305 0.751351313 -0.472048966 -0.438969719
1520616938.073248625 18.245274997 1.395646853 20.763108810 -0.138321629 0.744957490 -0.483722238 -0.438084766
1520616938.123249531 18.215981802 1.338857354 20.772349420 -0.131400247 0.737358932 -0.496268654 -0.439036677
1520616938.173250675 18.182309396 1.281218678 20.786208246 -0.123155591 0.728867336 -0.507965434 -0.442217395
1520616938.223252535 18.146698721 1.228422932 20.813852029 -0.115332180 0.720049370 -0.519789802 -0.445023544
1520616938.273254395 18.106355135 1.180412359 20.839433452 -0.111029241 0.710843220 -0.532909887 -0.445400354
1520616938.323255539 18.062169390 1.134043580 20.878471709 -0.110234737 0.698506685 -0.546813457 -0.448254121
1520616938.373257637 18.019031162 1.094512542 20.926527988 -0.111943749 0.682683762 -0.561159477 -0.454435385
1520616938.423259497 17.974766436 1.058065130 20.974827141 -0.116000441 0.662318511 -0.575564467 -0.465406952
1520616938.473260641 17.927292865 1.032231465 21.025869212 -0.118834771 0.641580509 -0.590200848 -0.475305908
1520616938.523262501 17.878174082 1.009554367 21.080173635 -0.116051101 0.622023256 -0.601393015 -0.487796732
1520616938.573263407 17.824011749 0.984474854 21.157480020 0.108128944 -0.599488173 0.606097934 0.511436561
1520616938.623264551 17.766445996 0.967754321 21.216670303 0.093373225 -0.572107950 0.607671904 0.542870879
1520616938.673266411 17.705342743 0.970116960 21.283062464 0.072658155 -0.547481344 0.603183351 0.575460525
1520616938.723268509 17.646187009 0.967787678 21.349749322 0.045542346 -0.525805436 0.597016164 0.604174013
1520616938.773270607 17.580974086 0.974882174 21.415487243 0.019374257 -0.505435825 0.588102687 0.631105771
1520616938.823271513 17.526665706 0.985828748 21.489682226 -0.006630734 -0.482322322 0.578896812 0.657418962
1520616938.873275518 17.467786257 0.999291016 21.556096185 -0.030440218 -0.454895119 0.571169240 0.682575654
1520616938.923274517 17.427343973 1.006884366 21.618588493 -0.048755664 -0.425392584 0.569343136 0.701792297
1520616938.973276615 17.372054271 1.032565343 21.688456684 -0.064103268 -0.390119133 0.564556001 0.724551140
1520616939.023277760 17.336078648 1.045623220 21.760544370 -0.081126141 -0.357508563 0.554351083 0.747195459
1520616939.073279619 17.303856276 1.070592981 21.822524008 -0.102272326 -0.327706295 0.542890935 0.766432246
1520616939.123280525 17.276325429 1.098780984 21.885072231 -0.125748859 -0.298707782 0.525782493 0.786456391
1520616939.173282623 17.254129354 1.129237086 21.944691258 -0.148557592 -0.268687175 0.510440565 0.803236126
1520616939.223283529 17.239205970 1.152673092 22.002361932 -0.168267651 -0.240317870 0.497801706 0.816165903
1520616939.273285389 17.233435005 1.168953405 22.055731735 -0.181648420 -0.217333346 0.487355424 0.825987142
1520616939.323286533 17.226601943 1.184561872 22.114933165 -0.186700783 -0.194657388 0.473027752 0.838746723
1520616939.373288631 17.213997118 1.205593710 22.172838013 -0.182255168 -0.170587825 0.460094226 0.852054078
1520616939.423289537 17.208444485 1.218928352 22.235068991 -0.170235214 -0.148645165 0.444553787 0.866773625
1520616939.473291636 17.198591909 1.215884944 22.300921550 -0.153668414 -0.129086638 0.431658319 0.879428083
1520616939.523293495 17.185355998 1.218397894 22.365179391 -0.132125769 -0.118236619 0.413960161 0.892860498
1520616939.573294401 17.165465354 1.209220489 22.427385812 -0.112555015 -0.112959650 0.397320556 0.903718907
1520616939.623296499 17.163521363 1.185095959 22.503665531 -0.094707942 -0.120024979 0.388153294 0.908824202
1520616939.673298597 17.145344577 1.147440135 22.560083797 -0.083607714 -0.125922253 0.391660453 0.907609732
1520616939.723299503 17.119498345 1.124802888 22.620730296 -0.071267646 -0.136343685 0.400259143 0.903395783
1520616939.773300648 17.085443547 1.085301678 22.679999190 -0.065075758 -0.153038737 0.410609248 0.896517895
1520616939.823302507 17.045466408 1.048641115 22.729737284 -0.059432203 -0.170547758 0.417023951 0.890770621
1520616939.871281385 17.005130088 1.029124384 22.767807694 -0.052017052 -0.187933218 0.425819305 0.883545840
1520616939.921282291 16.964861593 1.010776362 22.810646568 -0.045004995 -0.206848015 0.437777800 0.873807214
1520616939.971284628 16.904045442 0.995353324 22.854687267 -0.037870948 -0.221386523 0.450412609 0.864107795
1520616940.021286488 16.846476552 0.983400140 22.891127967 -0.033151517 -0.233969771 0.465771919 0.852769396
1520616940.071287394 16.792770718 0.978509573 22.931293156 -0.030916194 -0.247131137 0.477537067 0.842572691
1520616940.121289492 16.730946968 0.936869157 22.949013149 -0.043896080 -0.254945407 0.494564893 0.829747877
1520616940.171291590 16.679974747 0.923432403 22.984058455 -0.056421917 -0.266679289 0.503697926 0.819748207
1520616940.221292496 16.649260161 0.916670683 23.024339928 -0.072761242 -0.287089165 0.510365039 0.807349454
1520616940.268473387 16.628864769 0.924424629 23.072776574 -0.087784599 -0.307098631 0.514957550 0.795489168
1520616940.318474293 16.603520855 0.915492055 23.112851447 -0.105504954 -0.320506745 0.512453816 0.789642462
1520616940.368476152 16.576211375 0.910048314 23.153851795 -0.118313570 -0.326958032 0.509672568 0.786977902
1520616940.418477297 16.550707074 0.932743388 23.203104391 -0.125267339 -0.330361957 0.508476136 0.785252246
1520616940.468478203 16.522357851 0.955491990 23.254676554 -0.128924959 -0.326014032 0.507934577 0.786826329
1520616940.518480301 16.501039237 0.978671630 23.314118328 -0.133338208 -0.319234194 0.510700339 0.787080438
1520616940.568482399 16.471697419 0.993631857 23.368475781 -0.135286041 -0.307229226 0.512796812 0.790156516
1520616940.618483305 16.442615332 1.028254888 23.442006472 -0.131620047 -0.292384120 0.508081323 0.799400437
1520616940.667239189 16.430042510 1.049675731 23.504258624 -0.128311025 -0.279827344 0.501468105 0.808555921
1520616940.717152119 16.413216078 1.066156558 23.564016897 -0.121833530 -0.264751591 0.488946394 0.822188914
1520616940.767154217 16.402783745 1.094234145 23.634738436 -0.112204073 -0.252863322 0.470974931 0.837647301
1520616940.817155123 16.400600794 1.117906567 23.702877948 -0.104826438 -0.242451636 0.457937186 0.848835765
1520616940.867156982 16.387645614 1.137707888 23.775022222 -0.097536645 -0.227192823 0.447055385 0.859657785
1520616940.917158127 16.385770310 1.161161689 23.840924104 -0.092510280 -0.216993615 0.434985021 0.868990017
1520616940.967160225 16.382187096 1.184423707 23.907548845 -0.090775596 -0.207795623 0.422089822 0.877736266
1520616941.017161131 16.368591189 1.197094819 23.964911370 -0.091771506 -0.197324779 0.413528199 0.884101437
1520616941.066149235 16.357181607 1.217984007 24.024781526 -0.094415997 -0.189612498 0.404832408 0.889518657
1520616941.116151333 16.348697762 1.236976405 24.090733492 -0.097349838 -0.184186785 0.400258937 0.892407430
1520616941.166152239 16.340008487 1.255734823 24.158145504 -0.098026766 -0.178272802 0.393325823 0.896607137
1520616941.216154099 16.330569553 1.260345508 24.221810759 -0.099468999 -0.169108682 0.388150346 0.900470700
1520616941.266155243 16.326224080 1.269165955 24.292323009 -0.095625171 -0.160488214 0.382901304 0.904702134
1520616941.316157341 16.316350893 1.259086437 24.358656203 -0.091825073 -0.151955071 0.387621517 0.904559214
1520616941.366159439 16.296053190 1.252179047 24.421980501 -0.083676985 -0.136584768 0.388936009 0.907232905
1520616941.416160345 16.269959605 1.241325667 24.486313171 -0.076203567 -0.120596890 0.385555400 0.911590061
1520616941.466162205 16.241966427 1.232843499 24.549310407 -0.065989583 -0.112921137 0.381376102 0.915121009
1520616941.515747070 16.205179070 1.225391195 24.604271290 -0.058828164 -0.114560095 0.385514476 0.913670521
1520616941.565749168 16.153677626 1.220954096 24.652777487 -0.055141697 -0.121595414 0.399668232 0.906884366
1520616941.615750313 16.111123757 1.230574506 24.708454329 -0.055732095 -0.133006005 0.412724600 0.899367412
1520616941.665752172 16.056410395 1.228978387 24.759919569 -0.061782713 -0.148260186 0.421337488 0.892567384
1520616941.715754032 16.000144373 1.225294247 24.807151566 -0.069733455 -0.165976070 0.427495381 0.885910204
1520616941.765755892 15.938426617 1.229396330 24.831365764 -0.074579165 -0.187454055 0.431399482 0.879314172
1520616941.815757036 15.903065838 1.205179584 24.884155353 -0.080299533 -0.212314351 0.428036682 0.874790947
1520616941.865759134 15.849055752 1.185586454 24.935588865 -0.077500794 -0.235880828 0.434084786 0.865981675
1520616941.916065216 15.805692440 1.155830626 24.990127698 -0.074089749 -0.253254772 0.442398458 0.857120956
1520616941.966066122 15.765038257 1.110918873 25.028024593 -0.067224643 -0.266596507 0.445512755 0.852012638
1520616942.016067982 15.728326736 1.077410281 25.070801490 -0.059522502 -0.282051672 0.448413067 0.846067165
1520616942.066070080 15.686855462 1.048284517 25.108007027 -0.052814803 -0.302145467 0.450590767 0.838383370
1520616942.116070986 15.644415493 1.026279571 25.145563357 -0.045278476 -0.330013452 0.452350964 0.827296553
1520616942.166072845 15.598461453 1.002955082 25.181031529 -0.039350346 -0.360265425 0.450625871 0.815841099
1520616942.216076136 15.563284909 0.986690572 25.214644590 -0.032524179 -0.392840802 0.448311646 0.802268627
1520616942.266076088 15.524738633 0.964740378 25.261338596 -0.023891857 -0.423790103 0.441325770 0.790609064
1520616942.317450047 15.489098068 0.951071367 25.310322057 -0.012268657 -0.452758987 0.442183591 0.774165649
1520616942.367390156 15.461539856 0.927463903 25.368330363 0.000586657 -0.477169333 0.446263273 0.757072107
1520616942.417391062 15.438139732 0.905629324 25.425959396 0.013016102 -0.499333909 0.451187201 0.739544683
1520616942.467393160 15.411161137 0.882409018 25.472381141 0.023992330 -0.513148852 0.456940735 0.726159616
1520616942.517394066 15.388081810 0.865594353 25.534227079 0.033189590 -0.525003915 0.463029411 0.713353422
1520616942.567395926 15.367345601 0.852333583 25.595619072 0.039558756 -0.537268638 0.472835412 0.697283435
1520616942.617397070 15.345932138 0.841821881 25.662614535 0.045090654 -0.547422441 0.481982667 0.682633293
1520616942.667398930 15.321672700 0.834348914 25.729206074 0.046162378 -0.557051677 0.499783458 0.661648668
1520616942.716712475 15.294633812 0.825807049 25.792788634 0.052066247 -0.566422192 0.512862885 0.642982635
1520616942.766713381 15.268726030 0.819926591 25.853995744 0.059550959 -0.571990128 0.524140299 0.628138459
1520616942.816715717 15.238210276 0.811475014 25.907197300 0.064256458 -0.573331935 0.541877089 0.611171678
1520616942.866716623 15.212264855 0.804637016 25.969330797 0.065080001 -0.565396847 0.558812670 0.603174434
1520616942.916718483 15.177856894 0.804488106 26.044518118 0.061605263 -0.538420295 0.572825296 0.614963054
1520616942.966719627 15.139936154 0.808617631 26.123210179 0.059683573 -0.497361406 0.574651876 0.647182142
1520616943.016721487 15.118613084 0.811301544 26.205387274 0.054862516 -0.454102346 0.571723757 0.681111671
1520616943.066723347 15.101467528 0.817921872 26.290324326 0.046003432 -0.414438440 0.563035590 0.713523222
1520616943.117306709 15.079771617 0.834276842 26.362698936 0.033887903 -0.376839619 0.550567017 0.744123290
1520616943.167308807 15.046317364 0.838599060 26.437662241 0.017166067 -0.339049855 0.538597058 0.771144429
1520616943.217309713 15.003984704 0.848246009 26.515538426 0.002237648 -0.296521798 0.521180500 0.800275391
1520616943.267311811 14.968442354 0.867770650 26.590844066 -0.015565105 -0.251268809 0.501651830 0.827627425
1520616943.317313910 14.919617024 0.866163521 26.666342344 -0.036542403 -0.202838152 0.485566916 0.849556418
1520616943.367315769 14.884979311 0.879573457 26.732128794 -0.056440753 -0.153646180 0.471127080 0.866744811
1520616943.417316675 14.842296087 0.897672166 26.800538935 -0.068597040 -0.103468559 0.455374239 0.881602522
1520616943.467318773 14.821003189 0.906510441 26.870454814 -0.080331908 -0.055655670 0.435532785 0.894852180
1520616943.516673803 14.799397975 0.912418919 26.932652081 -0.087051406 -0.008088716 0.409397600 0.908157602
1520616943.566674948 14.781633073 0.919259535 27.000798146 -0.092062186 0.029469861 0.383806051 0.918340349
1520616943.616675854 14.764752482 0.924149431 27.061771319 -0.096123348 0.056743497 0.357631229 0.927167936
1520616943.666677952 14.744296221 0.944141439 27.128366331 -0.097864054 0.073991102 0.334631541 0.934328462
1520616943.716679096 14.726113436 0.946081488 27.189188435 -0.101952017 0.074386082 0.316712680 0.940088068
1520616943.766680956 14.709907213 0.947755371 27.248683087 -0.102258471 0.066546417 0.295171068 0.947622721
1520616943.816681862 14.685536469 0.957094025 27.313607260 -0.095296839 0.055306224 0.268432324 0.956976396
1520616943.866683960 14.656513593 0.957680736 27.378731161 -0.081160432 0.040019239 0.234157375 0.967978186
1520616943.916684866 14.627901818 0.955914445 27.444777642 -0.059882470 0.020724189 0.198184671 0.978114223
1520616943.965535164 14.598387572 0.947499418 27.509408328 -0.032285080 -0.002503551 0.164241160 0.985888557
1520616944.015502930 14.572303481 0.935282735 27.575464695 -0.003605764 -0.031195489 0.137227416 0.990041654
1520616944.065505028 14.552523843 0.914137591 27.633614291 0.020126242 -0.066499057 0.117422315 0.990648681
1520616944.115505934 14.527465314 0.903764770 27.689508439 0.044667655 -0.112825185 0.113500291 0.986099874
1520616944.165508032 14.481992952 0.881386860 27.736186628 0.059592155 -0.163057284 0.119008261 0.977598144
1520616944.215509176 14.442686295 0.867314676 27.781628840 0.074993397 -0.213874147 0.122630823 0.966227468
1520616944.265511036 14.397475308 0.852172825 27.818909569 0.089358295 -0.257698641 0.127404266 0.953611377
1520616944.315512896 14.368016848 0.839129300 27.863296642 0.107529734 -0.296878929 0.127124024 0.940287052
1520616944.365164280 14.325735742 0.827889508 27.906703500 0.122737362 -0.330451291 0.137802526 0.925606800
1520616944.415166616 14.275873328 0.807458520 27.950951653 0.136651486 -0.361747383 0.160747179 0.908088953
1520616944.465167522 14.221013695 0.802173938 27.986028847 0.142742080 -0.385740832 0.204258862 0.888316963
1520616944.515169382 14.185933617 0.775156077 28.029118666 0.143057012 -0.409988867 0.237256705 0.868995441
1520616944.565170527 14.140684208 0.751846181 28.071563029 0.137886847 -0.434885003 0.278939244 0.845017840
1520616944.615172386 14.110818074 0.736225788 28.120758483 0.129163781 -0.459907336 0.318122698 0.818901648
1520616944.665174484 14.082201540 0.716895084 28.168798316 0.117721878 -0.475239456 0.357581249 0.795251325
1520616944.715175629 14.051791198 0.699286178 28.217900203 0.107360165 -0.480759227 0.399732519 0.773018935
1520616944.766014099 14.023931096 0.679904851 28.274052259 0.094481067 -0.481904067 0.439348537 0.752206528
1520616944.816015005 13.991042036 0.668300674 28.329992888 0.082461288 -0.473018412 0.482154997 0.732789381
1520616944.866017103 13.958523858 0.663785689 28.393748819 0.069913208 -0.455604076 0.521081301 0.718339297
1520616944.916018963 13.915036094 0.654880465 28.455443177 0.054785193 -0.432439438 0.557395984 0.706614769
1520616944.966019869 13.880059212 0.651985196 28.526345738 0.034568066 -0.408930329 0.584950659 0.699581132
1520616945.016022205 13.844131211 0.650251798 28.592188662 0.005346141 -0.383838458 0.611256675 0.692101679
1520616945.066024065 13.815702032 0.670044682 28.665573153 -0.021665342 -0.358910818 0.631634407 0.686841767
1520616945.116024971 13.790093112 0.675564228 28.737307201 -0.046674049 -0.328974174 0.650086638 0.683362927
1520616945.167651892 13.803008274 0.723821406 28.895674698 -0.068951548 -0.297167105 0.659194775 0.687313352
1520616945.217653751 13.781553615 0.718766306 28.966859409 -0.084010651 -0.254121342 0.671653754 0.690829783
1520616945.267654657 13.762924768 0.720308266 29.040675698 -0.093149021 -0.208227337 0.682491517 0.694384595
1520616945.317655802 13.741634959 0.723169957 29.110590084 -0.103203387 -0.161514404 0.685889157 0.702010130
1520616945.367658854 13.720511890 0.737966307 29.183274254 -0.114531582 -0.116420644 0.679693059 0.715084677
1520616945.417658806 13.696742897 0.761991535 29.252180267 -0.123632906 -0.076554045 0.665918163 0.731715370
1520616945.467660904 13.669190231 0.785295044 29.318253152 -0.130897994 -0.040323678 0.649914067 0.747563658
1520616945.517661810 13.642092709 0.808338991 29.385103657 -0.137088574 -0.003613226 0.626062728 0.767619129
1520616945.572168350 13.617556364 0.832964003 29.456841331 -0.139329944 0.032321683 0.593588500 0.791956545
1520616945.622176409 13.596617818 0.855658650 29.521511480 -0.136075865 0.063892374 0.559333040 0.815197935
1520616945.672171116 13.583196297 0.855481021 29.588980705 -0.134032042 0.095584766 0.526385991 0.834156312
1520616945.722172260 13.573415514 0.859777124 29.652419935 -0.127693378 0.122553968 0.489250011 0.853996108
1520616945.772174120 13.565892612 0.866578329 29.710952571 -0.120907120 0.141026595 0.450444145 0.873265733
1520616945.822175264 13.549854526 0.868289148 29.767795772 -0.114851810 0.152331616 0.412144814 0.890921317
1520616945.872177362 13.529732329 0.868515202 29.825770886 -0.108191673 0.154232264 0.377013637 0.906844908
1520616945.922179222 13.504290655 0.871603846 29.883561233 -0.098567380 0.144831790 0.347158101 0.921297714
1520616945.972037792 13.472427470 0.869313707 29.943011904 -0.091317595 0.126758968 0.321690395 0.933867523
1520616946.023311377 13.448921422 0.874645270 30.007170988 -0.081904627 0.100072355 0.298258581 0.945684395
1520616946.073312283 13.409392060 0.872767613 30.060733080 -0.069011716 0.074145089 0.269282773 0.957719519
1520616946.123314619 13.372835174 0.865655422 30.112061595 -0.051681510 0.047477875 0.238689240 0.968556823
1520616946.173315525 13.322022915 0.862711141 30.171681301 -0.029208862 0.020356932 0.213254123 0.976347846
1520616946.223317385 13.302436710 0.856237839 30.214051752 -0.006515390 -0.006810038 0.192939245 0.981165440
1520616946.273319483 13.264498126 0.834144849 30.266988463 0.012476235 -0.034824321 0.175500132 0.983784181
1520616946.323320389 13.227730043 0.820807323 30.317431542 0.029030926 -0.073557995 0.161465976 0.983704816
1520616946.373322248 13.185378795 0.807097154 30.360198734 0.043260226 -0.118221656 0.152533656 0.980247763
1520616946.423508644 13.114507447 0.813491423 30.409187074 0.058249736 -0.163486075 0.154733438 0.972592841
1520616946.473510504 13.070003307 0.805198799 30.448496633 0.072816692 -0.205812183 0.159894553 0.962690400
1520616946.523511648 13.029749258 0.798003316 30.494567093 0.090614302 -0.241884722 0.164839788 0.951897407
1520616946.573513508 12.982207241 0.772531302 30.533499808 0.103729519 -0.276801900 0.181088763 0.937991340
1520616946.623515368 12.936763816 0.758675621 30.576943970 0.117702227 -0.304531225 0.202695640 0.923212541
1520616946.673517704 12.911764910 0.733723605 30.616888367 0.128385619 -0.329823798 0.225181107 0.907759255
1520616946.723518610 12.875531657 0.714492243 30.662925943 0.136978850 -0.351394652 0.252430510 0.891087779
1520616946.773519516 12.838292752 0.699032017 30.706799159 0.141612457 -0.374526172 0.283578997 0.871354698
1520616946.823521614 12.806559990 0.677259684 30.748728827 0.139137177 -0.396441578 0.311914134 0.852164593
1520616946.873523474 12.772405204 0.650910301 30.791036872 0.130235746 -0.415592729 0.339795070 0.833583016
1520616946.923524380 12.735557721 0.641734682 30.837962819 0.117264344 -0.432596683 0.369518088 0.813981306
1520616946.973526716 12.707203622 0.632237590 30.881858742 0.101502501 -0.447054219 0.396073286 0.795591428
1520616947.023527622 12.677908703 0.623948171 30.932132231 0.086263351 -0.456243962 0.419404894 0.780063854
1520616947.073529482 12.640472971 0.615595224 30.971953069 0.070448369 -0.461506328 0.448312412 0.762276143
1520616947.123530626 12.611600908 0.606836332 31.027258983 0.054398621 -0.462189605 0.480448021 0.743364821
1520616947.173532486 12.578426878 0.597353991 31.089612005 0.040459755 -0.453182631 0.513488136 0.727542745
1520616947.223534346 12.551735944 0.588231151 31.157299230 0.030220279 -0.434376719 0.545596872 0.716050036
1520616947.273535490 12.525305648 0.583460539 31.233926743 0.021149211 -0.410494972 0.571431272 0.710290708
1520616947.323536396 12.496423703 0.578489005 31.306377802 0.009249159 -0.384333420 0.589829853 0.710142957
1520616947.373538733 12.476533250 0.564063275 31.378508740 -0.011651143 -0.356912945 0.598374840 0.717234238
1520616947.423539639 12.449123831 0.550355372 31.445517695 -0.039505659 -0.326177688 0.606808316 0.723761761
1520616947.473541498 12.425109486 0.552487622 31.505435253 -0.069999435 -0.296268040 0.610310568 0.731331894
1520616947.523543596 12.393086215 0.552971698 31.551490639 -0.101907777 -0.262266161 0.612840952 0.738415353
1520616947.573544502 12.363599891 0.558822532 31.627600846 -0.131356273 -0.228634100 0.611536131 0.745986285
1520616947.621969700 12.338557671 0.569183153 31.696166992 -0.153406062 -0.193780017 0.609910803 0.752944020
1520616947.671970606 12.305547828 0.572082621 31.758752825 -0.167956102 -0.154123032 0.604682867 0.763148393
1520616947.721972942 12.282567112 0.590517137 31.822319911 -0.173935396 -0.116541470 0.594749144 0.776168809
1520616947.771973610 12.256349055 0.603542896 31.891130499 -0.176364240 -0.080221479 0.581024443 0.790487676
1520616947.821975708 12.238351253 0.622553179 31.970799574 -0.178504364 -0.046470636 0.560740762 0.807184285
1520616947.871977806 12.213069490 0.630682822 32.027960890 -0.184392877 -0.010931519 0.538386624 0.822204118
1520616947.921978712 12.193475083 0.638911076 32.087522751 -0.192595156 0.019570153 0.516213577 0.834294707
1520616947.971980810 12.169451624 0.653538506 32.151902853 -0.199631551 0.044132018 0.494722436 0.844659292
1520616948.021053553 12.142657337 0.662526148 32.196672233 -0.201559289 0.064463168 0.468463689 0.857764609
1520616948.071054459 12.116930680 0.674438889 32.254326075 -0.200066735 0.079303516 0.439188243 0.872237319
1520616948.121055365 12.102224029 0.688934327 32.321854749 -0.193797756 0.090168078 0.405988029 0.888530173
1520616948.171057463 12.086186874 0.694393719 32.376974890 -0.182219889 0.098551984 0.369245375 0.905947720
1520616948.221059322 12.071272243 0.689577100 32.448047778 -0.165814950 0.101051947 0.331391343 0.923295015
1520616948.271061420 12.048577747 0.688666311 32.505682345 -0.140614136 0.097571891 0.301504940 0.937977698
1520616948.321062565 12.018143185 0.686474001 32.566225896 -0.113521789 0.084641998 0.278833079 0.949842434
1520616948.371063471 11.985801354 0.691244872 32.627008010 -0.091270266 0.065798122 0.252793733 0.960955605
1520616948.421172380 11.955492737 0.682513507 32.685483673 -0.078241936 0.040187045 0.224596145 0.970473994
1520616948.470330477 11.922759239 0.667033679 32.733915010 -0.070595045 0.006208433 0.207388439 0.975688388
1520616948.520331621 11.882553930 0.660007575 32.777415498 -0.060933426 -0.035140883 0.202141016 0.976827132
1520616948.570333481 11.848121106 0.657678355 32.823645619 -0.052792478 -0.078913135 0.208441405 0.973415560
1520616948.620338440 11.819166385 0.644661372 32.867004565 -0.046396059 -0.116772545 0.222205193 0.966869397
1520616948.670336723 11.784770206 0.625148419 32.915958225 -0.040838849 -0.143976200 0.242115336 0.958636118
1520616948.720337391 11.750782137 0.611613157 32.962014663 -0.032910901 -0.162970639 0.270756629 0.948181571
1520616948.770339489 11.715418266 0.597704828 33.012447755 -0.024812936 -0.173010286 0.305697186 0.935949245
1520616948.820340633 11.683671050 0.591601229 33.067403342 -0.017107323 -0.174087944 0.338420232 0.924593140
1520616948.867841482 11.664243711 0.587776128 33.118108661 -0.015550206 -0.171002063 0.374465182 0.911203771
1520616948.917842388 11.640846079 0.585037802 33.180382790 -0.020760171 -0.164138350 0.413978933 0.895125164
1520616948.967948437 11.627299633 0.581108111 33.243328951 -0.035925572 -0.146516053 0.451362804 0.879496457
1520616949.017845392 11.611590349 0.581402993 33.306030039 -0.052663084 -0.119049413 0.482543349 0.866144187
1520616949.067847252 11.614270579 0.591968270 33.362539095 -0.069862589 -0.081681423 0.503949854 0.857019199
1520616949.117849112 11.625451797 0.615172059 33.417604765 -0.083939425 -0.035650376 0.517059711 0.851077246
1520616949.167850256 11.637854144 0.631877936 33.477984724 -0.097548297 0.021421121 0.523719216 0.846016340
1520616949.217852354 11.643172834 0.653794949 33.541479147 -0.116948987 0.081071509 0.520811297 0.841727947
1520616949.266531706 11.669665785 0.689728265 33.587121559 -0.142978441 0.132018067 0.513991696 0.835428592
1520616949.316533566 11.693823578 0.720102844 33.638181666 -0.176916117 0.183489695 0.497413698 0.829223632
1520616949.366534710 11.720606892 0.750345945 33.684287342 -0.205217992 0.227327250 0.479068625 0.822618472
1520616949.416536570 11.748004665 0.769041212 33.718537336 -0.227073892 0.264229851 0.448888440 0.822872531
1520616949.466538668 11.768456753 0.808825244 33.763046616 -0.237473462 0.294786915 0.407229284 0.831186706
1520616949.516539812 11.789141918 0.835687856 33.799167806 -0.240810284 0.317249642 0.355856036 0.845416793
1520616949.566541672 11.812011237 0.861858700 33.838933657 -0.234436377 0.334062237 0.300075592 0.862204527
1520616949.616542578 11.843790255 0.873155645 33.886842832 -0.222800930 0.344477149 0.246006078 0.878166413
1520616949.665871620 11.874465687 0.900342860 33.919766530 -0.208762787 0.343156867 0.188402143 0.896195345
1520616949.715872526 11.898653292 0.913709751 33.971254403 -0.198113064 0.334971476 0.148693156 0.909085073
1520616949.765874863 11.924350723 0.943306923 34.007721754 -0.190398963 0.312595229 0.120211036 0.922811879
1520616949.815876722 11.942473935 0.968502165 34.038555445 -0.183939870 0.283191192 0.106350534 0.935231756
1520616949.865877628 11.962017050 0.996087188 34.078174405 -0.177333039 0.251360265 0.114855392 0.944552407
1520616949.915879726 11.983196583 1.018394486 34.116226232 -0.171316908 0.222214607 0.136826078 0.950026215
1520616949.965881586 11.994280385 1.036025089 34.150605563 -0.163998541 0.202736679 0.172484634 0.949869132
1520616950.015882492 11.995479482 1.063494719 34.192635311 -0.159882127 0.193990061 0.217901763 0.943039969
1520616950.065271616 11.999499469 1.075480177 34.239001172 -0.165866800 0.195342390 0.265340080 0.929475227
1520616950.115273476 12.015883827 1.107107810 34.272457751 -0.178084374 0.204754778 0.316992205 0.908777959
1520616950.165274620 12.022869019 1.142631961 34.301386696 -0.192799732 0.225346614 0.361473082 0.883959489
1520616950.215276718 12.057311548 1.164319427 34.313726385 -0.206727673 0.249120830 0.398836271 0.857981416
1520616950.265277624 12.072362390 1.195427963 34.340250696 -0.217021594 0.284315044 0.424823393 0.831619906
1520616950.315278769 12.079810995 1.244417507 34.363336990 -0.228081509 0.324175200 0.437147236 0.807336088
1520616950.365280628 12.075996042 1.305177844 34.397890918 -0.240903286 0.365718207 0.437781070 0.785215597
1520616950.415284634 12.100532553 1.336829750 34.416250430 -0.262267461 0.401103986 0.431446051 0.764320402
1520616950.465303898 12.125130322 1.386096706 34.429624060 -0.285463760 0.429624081 0.414112684 0.749962850
1520616950.515306950 12.153174308 1.436080734 34.449239476 -0.312699219 0.450019741 0.384622010 0.742810434
1520616950.565306902 12.157319586 1.489742305 34.474770826 -0.337859325 0.460490512 0.342297099 0.746077918
1520616950.615384817 12.196156079 1.539136545 34.488738064 -0.361784857 0.454428412 0.291582017 0.759991094
1520616950.665310144 12.227721613 1.569874659 34.522948926 -0.381610440 0.443642029 0.230436970 0.777466414
1520616950.715312004 12.253065912 1.591628262 34.566083349 -0.386626092 0.425206010 0.175666753 0.799287999
1520616950.765312910 12.285023619 1.617721623 34.614292656 -0.382970279 0.396282759 0.127693025 0.824613990
1520616950.815315008 12.308839046 1.647287773 34.658855307 -0.375121069 0.364205981 0.084243463 0.848257759
1520616950.865315914 12.315893448 1.676091091 34.714761392 -0.361811261 0.330130736 0.051411197 0.870323616
1520616950.915428638 12.332637609 1.711029512 34.753227410 -0.341833398 0.293303749 0.031746737 0.892252758
1520616950.965429544 12.345887353 1.738425910 34.799025176 -0.321467663 0.252423982 0.020076087 0.912434998
1520616951.015431404 12.346892457 1.758736848 34.833763633 -0.295446958 0.213493633 0.014420309 0.931087331
1520616951.065433741 12.344876420 1.791934745 34.888347721 -0.267180489 0.171703749 0.015761606 0.948094922
1520616951.115434647 12.331314940 1.816935379 34.946751723 -0.238023086 0.128488833 0.022872265 0.962451292
1520616951.165436506 12.301474856 1.832211571 35.035310023 -0.214957984 0.086631793 0.034499845 0.972161385
1520616951.215437651 12.276877977 1.843153939 35.091249266 -0.189331812 0.043135330 0.052793725 0.979543583
1520616951.265439510 12.257282628 1.877245346 35.142621073 -0.163726546 0.005343042 0.071136319 0.983923114
1520616951.315726995 12.240689081 1.874477762 35.199160704 -0.145302101 -0.029289034 0.094747979 0.984404527
1520616951.365729094 12.224803057 1.893585010 35.248614399 -0.125537759 -0.059783716 0.121233730 0.982836996
1520616951.415730953 12.204200300 1.916768374 35.292421193 -0.105408753 -0.089461163 0.152826361 0.978534516
1520616951.465731859 12.171413663 1.915904191 35.341289350 -0.092448921 -0.116003784 0.185708626 0.971343721
1520616951.515734196 12.141260051 1.913053139 35.400480532 -0.084379242 -0.140705287 0.215839215 0.962546414
1520616951.565735102 12.120891499 1.930820664 35.448410828 -0.069168307 -0.162922880 0.252169651 0.951358159
1520616951.615736961 12.094182829 1.949266076 35.513030869 -0.059130631 -0.179431174 0.287301209 0.939023982
1520616951.665739059 12.073132394 1.958707127 35.569363971 -0.048195577 -0.193613964 0.321604349 0.925614100
1520616951.717198133 12.073132394 1.958707127 35.569363971 -0.048195577 -0.193613964 0.321604349 0.925614100
1520616951.767200232 12.060938730 1.964668152 35.621793331 -0.034404382 -0.198806459 0.353331474 0.913481910
1520616951.817202330 12.049122882 1.957214811 35.676607120 -0.023431548 -0.197064252 0.382597745 0.902350048
1520616951.867203236 12.052555681 1.955101642 35.727241000 -0.013714730 -0.193910351 0.408242175 0.891935541
1520616951.917204380 12.040582210 1.968887805 35.786704124 -0.006708405 -0.183468599 0.431317927 0.883322770
1520616951.967206240 12.035107990 1.985403101 35.835205332 -0.003456958 -0.168924047 0.455653884 0.873974973
1520616952.017208099 12.028426741 1.992698887 35.891879278 -0.008294088 -0.148248508 0.474390188 0.867702447
1520616952.067211390 12.014961718 2.008834450 35.954752831 -0.011821547 -0.121742590 0.486407115 0.865128378
1520616952.118067980 12.007059057 2.026873525 36.013480148 -0.014513558 -0.089190543 0.497432461 0.862783490
1520616952.168070316 12.000677760 2.046728077 36.076151588 -0.016583811 -0.049858464 0.508011185 0.859746327
1520616952.218072176 12.014389763 2.061262560 36.128402131 -0.016693073 -0.010421935 0.516575844 0.856015258
1520616952.268123150 12.022274047 2.071826284 36.195009842 -0.018252748 0.032415659 0.524573793 0.850551820
1520616952.318075180 12.031522821 2.097213467 36.251505503 -0.018675879 0.070382118 0.529569479 0.845135336
1520616952.368076086 12.042004736 2.120749486 36.313456789 -0.028521518 0.111101972 0.529883110 0.840277790
1520616952.418077946 12.059303371 2.149713534 36.365130974 -0.047291347 0.150201492 0.527634177 0.834748594
1520616952.468079090 12.081692823 2.171684405 36.419487730 -0.069938208 0.190138937 0.525736012 0.826170368
1520616952.516940832 12.093944772 2.195189443 36.454487598 -0.090587230 0.225894421 0.521241853 0.817968579
1520616952.566941977 12.114412744 2.218367995 36.499684409 -0.104827013 0.263410587 0.520772636 0.805246560
1520616952.616944075 12.135569902 2.255093612 36.533445079 -0.111326552 0.300122239 0.517259639 0.793709964
1520616952.666946173 12.163828572 2.313164189 36.558294254 -0.109900464 0.338324836 0.505574045 0.786036308
1520616952.716947079 12.193661648 2.353812159 36.596092456 -0.104844026 0.381891731 0.487771432 0.777975235
1520616952.766948938 12.225988082 2.393762072 36.624048183 -0.094390088 0.423894487 0.462108856 0.773213671
1520616952.816950083 12.260711998 2.424985832 36.657758964 -0.083459368 0.465365823 0.431053513 0.768545414
1520616952.866951942 12.300544137 2.461951245 36.683729545 -0.074828326 0.505755018 0.396971462 0.762250774
1520616952.915787697 12.341670111 2.487397252 36.706440083 -0.073634093 0.545643751 0.360839811 0.752758626
1520616952.965788603 12.384701592 2.507810405 36.720348682 -0.074810440 0.583212892 0.329345072 0.738781392
1520616953.015789747 12.423938354 2.534634352 36.728862145 -0.077731947 0.621833366 0.298910847 0.719675840
1520616953.065791607 12.458559396 2.574862384 36.714799598 -0.081239572 0.660787627 0.264407762 0.697745211
1520616953.115793705 12.487803356 2.604732103 36.699900026 -0.086816110 0.701201684 0.233752224 0.667936418
1520616953.165794611 12.521424156 2.641434827 36.667548594 -0.092043176 0.739654187 0.202728661 0.635091196
1520616953.215796471 12.551555030 2.671138233 36.643999089 -0.097439668 0.778764873 0.168584432 0.596330506
1520616953.265798807 12.578606131 2.698762633 36.617290775 -0.103970595 0.814300183 0.135256232 0.554807245
1520616953.315800667 12.602451256 2.718514838 36.582338106 -0.111876365 0.845277139 0.106706455 0.511472355
1520616953.365205050 12.625602031 2.733406137 36.553233429 -0.121561097 0.873934008 0.080795512 0.463610110
1520616953.415205956 12.651697211 2.739070282 36.524636219 -0.130005222 0.899714100 0.059799476 0.412355676
1520616953.465208054 12.662619304 2.752929766 36.474553084 -0.132406300 0.919085083 0.038869747 0.369107469
1520616953.515210152 12.668786014 2.756998802 36.427542632 -0.137636155 0.935324758 0.014466666 0.325598834
1520616953.565211058 12.673702867 2.753452640 36.386419797 -0.137606788 0.949689693 -0.008463821 0.281215617
1520616953.615213156 12.677350748 2.743819769 36.338681221 -0.131832628 0.961904370 -0.029230779 0.237709281
1520616953.665214062 12.673888501 2.727501749 36.292209573 -0.127573774 0.970937476 -0.053158130 0.195395915
1520616953.715215206 12.664461978 2.713483429 36.244839076 -0.123055890 0.976908508 -0.078701079 0.155926763
1520616953.765325308 12.642480586 2.685055469 36.200245957 -0.115433934 0.981153204 -0.097925728 0.120099743
1520616953.815323591 12.626466325 2.655778913 36.159320726 -0.110647561 0.983789355 -0.113841297 0.083401330
1520616953.865325451 12.612792298 2.633698113 36.112258024 -0.105418559 0.984948168 -0.127634112 0.049734963
1520616953.915348530 12.596303490 2.615467946 36.060155003 -0.101110319 0.984400793 -0.142643870 0.019608875
1520616953.965328455 12.567488671 2.582073695 36.012692824 -0.099617180 0.982819480 -0.155340539 -0.003406434
1520616954.015330315 12.547103676 2.561850276 35.963881640 -0.105520803 0.979134063 -0.171866773 -0.024973186
1520616954.065331459 12.516281364 2.529741155 35.915715525 -0.113476201 0.975699173 -0.182815843 -0.041384088
1520616954.115333557 12.481731581 2.499221015 35.866033603 -0.124235305 0.971990903 -0.192155197 -0.053625126
1520616954.165450573 12.440349553 2.462686874 35.819791813 -0.132064615 0.969245347 -0.198666788 -0.060447515
1520616954.215452433 12.411163100 2.428594869 35.773808325 -0.142122534 0.964914183 -0.208239075 -0.073336846
1520616954.265454531 12.385676905 2.396200907 35.731967352 -0.151299102 0.959542046 -0.220137744 -0.089033803
1520616954.315455675 12.345849498 2.365977723 35.681150324 -0.157385651 0.952992524 -0.236129496 -0.106197298
1520616954.365457535 12.318780237 2.342968736 35.630727307 -0.161541210 0.944834740 -0.253362435 -0.130381090
1520616954.415458441 12.290719469 2.310846479 35.586190436 -0.170113709 0.936694074 -0.263699936 -0.155331521
1520616954.465460539 12.261753561 2.283513891 35.542570969 -0.183392290 0.928083160 -0.270634496 -0.178285966
1520616954.515461445 12.234875069 2.255815584 35.496671305 -0.200616991 0.919760204 -0.273905270 -0.196900719
1520616954.565722227 12.205584494 2.227188554 35.454527070 -0.224539372 0.910376614 -0.275579433 -0.211784008
1520616954.615724087 12.187650173 2.201084133 35.411065458 -0.252782951 0.898861965 -0.276783948 -0.227021130
1520616954.665724993 12.172536560 2.173562361 35.364700548 -0.281133428 0.887481948 -0.276074325 -0.239003671
1520616954.715727091 12.161284168 2.142153359 35.320907420 -0.307454530 0.876189042 -0.275937357 -0.248239902
1520616954.765727997 12.158188139 2.114941665 35.279478541 -0.333264889 0.865883920 -0.275179910 -0.251903884
1520616954.815730095 12.159727687 2.087426359 35.235529173 -0.356311024 0.858035179 -0.272153001 -0.250501155
1520616954.865732193 12.161112634 2.061071273 35.190747337 -0.383452612 0.850866502 -0.263417071 -0.244134668
1520616954.915733099 12.163823544 2.042553887 35.142858261 -0.408853945 0.845251846 -0.253417685 -0.232738577
1520616954.966292620 12.168583243 2.024023379 35.094503721 -0.428180144 0.843957810 -0.240773330 -0.215465037
1520616955.016293764 12.174101390 2.008889942 35.045980330 -0.441338531 0.846306807 -0.226995673 -0.193540834
1520616955.066295624 12.178340238 1.995872255 34.997071712 -0.450824844 0.849470288 -0.215922011 -0.168922688
1520616955.116297483 12.184036485 1.981317926 34.946493424 -0.454692704 0.854596592 -0.208101708 -0.140046020
1520616955.166298628 12.198056717 1.967130446 34.893391007 -0.446161580 0.865066837 -0.204210971 -0.104389133
1520616955.216299534 12.208701054 1.951545988 34.846415754 -0.427674800 0.877651740 -0.205836261 -0.066731724
1520616955.266301632 12.224107176 1.926902149 34.800717638 -0.405774765 0.888619905 -0.211121833 -0.033601728
1520616955.316306591 12.231358909 1.906552722 34.753752005 -0.379435627 0.899782899 -0.215434694 -0.002689283
1520616955.366151810 12.238766637 1.882700717 34.707961687 -0.352967850 0.910393948 -0.215016483 0.019091076
1520616955.416152954 12.247516694 1.867423716 34.659057279 -0.320820404 0.922400765 -0.212600424 0.032436980
1520616955.466153860 12.246021803 1.848430542 34.612918421 -0.283401390 0.936151175 -0.203515740 0.043427801
1520616955.516155720 12.249488554 1.827882730 34.568365110 -0.244396598 0.949326392 -0.192867329 0.043033672
1520616955.566157818 12.240405869 1.817748440 34.517644538 -0.203395534 0.959029769 -0.193275520 0.039201184
1520616955.616158724 12.225150103 1.791930157 34.467537002 -0.170163771 0.963722885 -0.203894465 0.026637168
1520616955.666159868 12.210850108 1.768056751 34.415607013 -0.139364798 0.964368309 -0.224582368 0.011574872
1520616955.716161966 12.234871135 1.725995238 34.347700099 -0.103662289 0.962571323 -0.250086675 -0.012931880
1520616955.766162872 12.253169281 1.675607675 34.285758166 -0.073255317 0.958456443 -0.271445167 -0.048087695
1520616955.816668272 12.258605564 1.595860380 34.239716905 -0.037520945 0.952151521 -0.290985289 -0.085599186
1520616955.866670132 12.252746162 1.522570111 34.191923118 -0.007260448 0.941636961 -0.308635600 -0.134205759
1520616955.916671038 12.208283347 1.489867752 34.154970831 0.009649073 0.926400869 -0.326421206 -0.187450051
1520616955.966673136 12.191327717 1.425896133 34.119144522 0.027175877 0.907654463 -0.334610513 -0.251913978
1520616956.016674042 12.183037412 1.348674855 34.085384072 0.047471892 0.885628603 -0.339202405 -0.313608236
1520616956.066676140 12.149647236 1.296033729 34.064650340 0.058758772 0.864223666 -0.339484300 -0.366626884
1520616956.116677284 12.093358372 1.281617814 34.026025698 0.056143469 0.839100373 -0.344688368 -0.417071222
1520616956.166679144 12.046798258 1.252029795 33.994488486 0.045900301 0.813515540 -0.345603985 -0.465449797
1520616956.217822075 11.963020391 1.246901673 33.946834002 0.019509779 0.783622995 -0.355785881 -0.508891715
1520616956.267823935 11.911270996 1.216958987 33.935645418 -0.005274688 0.756382397 -0.356582705 -0.548367232
1520616956.317826033 11.869253008 1.159497640 33.917439616 -0.030497854 0.728906023 -0.356770541 -0.583507216
1520616956.367828131 11.844025152 1.103985540 33.919429630 -0.058986321 0.701832904 -0.354065080 -0.615295952
1520616956.417829037 11.803739737 1.081653758 33.923876111 -0.092007128 0.672238487 -0.346060741 -0.647975361
1520616956.467830181 11.758840431 1.055052178 33.926762548 0.122355781 -0.644365137 0.334041685 0.676933368
1520616956.517832041 11.715794937 1.032019630 33.931271531 0.149203715 -0.622600743 0.317688015 0.699414678
1520616956.567833900 11.673128508 1.001892739 33.938391801 0.169273616 -0.609442853 0.296921680 0.715376382
1520616956.616280079 11.637328690 0.977703591 33.940945547 0.179184420 -0.608091951 0.275949456 0.722474235
1520616956.666282415 11.585508124 0.963491469 33.936855049 0.184605404 -0.611632282 0.259066983 0.724369446
1520616956.716284275 11.538349922 0.946942966 33.939056588 0.174355072 -0.625835849 0.245198067 0.719588568
1520616956.766286135 11.485906842 0.927290195 33.939273948 0.150671003 -0.642286540 0.241820615 0.711539907
1520616956.816287279 11.434297839 0.909869532 33.943755835 0.130012692 -0.649161865 0.242868383 0.709013767
1520616956.866288185 11.392718690 0.881663535 33.953892807 0.111372132 -0.649964994 0.256428464 0.706672624
1520616956.916289091 11.351175896 0.843986195 33.973739482 0.090208252 -0.646952447 0.285656684 0.701224117
1520616956.966292381 11.318037562 0.817258796 33.998806509 0.071195602 -0.632003568 0.315399629 0.704290956
1520616957.016060829 11.274290618 0.790162033 34.019736097 0.049861051 -0.609173953 0.353634826 0.708070181
1520616957.066062689 11.238753522 0.761598764 34.051766795 0.025298860 -0.576604701 0.389408897 0.717807563
1520616957.116064548 11.188527953 0.737018246 34.084235542 -0.004662238 -0.539047602 0.428369816 0.725193248
1520616957.166065693 11.160032970 0.695995525 34.132220379 -0.043387408 -0.505109416 0.456143603 0.731378851
1520616957.216067791 11.131243772 0.687869565 34.170381198 -0.081007386 -0.470839449 0.482377421 0.734207083
1520616957.266068459 11.094043062 0.680999123 34.211679421 -0.110886368 -0.435679312 0.498989516 0.740875977
1520616957.316070795 11.056771861 0.680332019 34.254421816 -0.132621076 -0.401909209 0.510971542 0.748190297
1520616957.366071701 11.016707333 0.678292429 34.299026720 -0.144758886 -0.367077497 0.522928671 0.755542574
1520616957.416187763 10.977565809 0.673697631 34.343753165 -0.149776127 -0.331580943 0.531148381 0.765181408
1520616957.466189861 10.942500735 0.675720947 34.391034320 -0.152414986 -0.295564281 0.530528966 0.779711770
1520616957.516190767 10.910800377 0.685569433 34.443311325 -0.159870459 -0.259031309 0.519392350 0.798483440
1520616957.566192627 10.884847714 0.698631109 34.492998849 -0.168919343 -0.221047353 0.498490469 0.821042980
1520616957.616193771 10.865213139 0.708749534 34.541873464 -0.176507336 -0.182161624 0.478629687 0.840580708
1520616957.666195869 10.846796392 0.719423419 34.592502933 -0.174244484 -0.144465345 0.463082770 0.856926468
1520616957.716197014 10.827578344 0.728174444 34.643596089 -0.164780901 -0.105302554 0.441565124 0.875659105
1520616957.766198874 10.814835280 0.730673268 34.699542120 -0.147843310 -0.068576312 0.420587481 0.892494155
1520616957.816199780 10.799890633 0.734798398 34.757520122 -0.118863039 -0.037472622 0.393323831 0.910913687
1520616957.867722511 10.784594267 0.749357292 34.817042451 -0.077649092 -0.013937786 0.355167326 0.931467942
1520616957.917724609 10.766729451 0.741649874 34.871798794 -0.041028906 0.000036129 0.326389380 0.944344535
1520616957.967725754 10.732783464 0.730273588 34.917885974 -0.015807894 0.006253937 0.300358606 0.953674843
1520616958.017727613 10.705817875 0.727811925 34.972230161 -0.001025886 0.002683763 0.268383243 0.963307936
1520616958.067729473 10.685524913 0.721073486 35.026376974 0.000100398 -0.008690385 0.240077968 0.970714704
1520616958.117730618 10.664189853 0.711490779 35.079213112 -0.007107487 -0.020695983 0.215536529 0.976250564
1520616958.167732477 10.638117961 0.704528737 35.129302261 -0.013782082 -0.034927290 0.198198660 0.979442408
1520616958.217733383 10.605998856 0.691875981 35.177931084 -0.017322801 -0.052832545 0.191877521 0.979842671
1520616958.267894983 10.574269841 0.687730552 35.228046142 -0.014907450 -0.076693900 0.182175614 0.980157058
1520616958.317895889 10.539641623 0.678869255 35.276114894 -0.012334946 -0.104237390 0.178205286 0.978378910
1520616958.367897749 10.505767691 0.666385064 35.315913837 -0.011684147 -0.127581424 0.170521410 0.976989718
1520616958.417899847 10.464767072 0.678239082 35.370729019 -0.013723963 -0.151447479 0.165837685 0.974357828
1520616958.467900753 10.441129023 0.688704366 35.421267998 -0.019992907 -0.178635706 0.167040223 0.969426187
1520616958.517901659 10.398576284 0.690272714 35.451756711 -0.033625852 -0.205391566 0.183421859 0.960749722
1520616958.567903757 10.366441677 0.690423841 35.484829894 -0.046333498 -0.234707222 0.213242900 0.947255611
1520616958.617905855 10.336271040 0.676427955 35.522671658 -0.057427557 -0.264199184 0.248552272 0.930119689
1520616958.668426514 10.308939092 0.690646411 35.556234745 -0.062041387 -0.288974223 0.282890570 0.912478871
1520616958.718428850 10.273053779 0.679150687 35.586519406 -0.069831523 -0.306857705 0.318317807 0.894223507
1520616958.768429756 10.251174910 0.675603310 35.605510317 -0.077169571 -0.322124232 0.353576859 0.874793828
1520616958.818431616 10.216612559 0.657539493 35.648024853 -0.085712719 -0.328240722 0.388406946 0.856767998
1520616958.868432760 10.177909169 0.650977698 35.687345953 -0.091405431 -0.328150132 0.423633735 0.839343194
1520616958.918524742 10.140494496 0.650493961 35.735686116 -0.098476237 -0.319612527 0.453176620 0.826305763
1520616958.968435764 10.106037998 0.661844891 35.791738818 -0.107560609 -0.305861760 0.478706583 0.815916238
1520616959.018437624 10.054553191 0.660078295 35.841110127 -0.122802969 -0.279453623 0.502058408 0.809173936
1520616959.068471909 10.020876171 0.663184902 35.897712529 -0.144785919 -0.249204563 0.515122231 0.807207043
1520616959.118472815 9.982350038 0.663878431 35.953368114 -0.171147624 -0.214232731 0.519663501 0.809174069
1520616959.168474674 9.964816669 0.673573467 36.016818906 -0.198506606 -0.183063681 0.517229584 0.812130761
1520616959.218475819 9.943311566 0.685731013 36.080283882 -0.222996992 -0.144740471 0.505945676 0.820573891
1520616959.268477678 9.913289931 0.696000161 36.138034217 -0.239114566 -0.098308525 0.490488209 0.832214501
1520616959.318479061 9.903385578 0.709809418 36.198958911 -0.249151642 -0.053458095 0.467019541 0.846733984
1520616959.368480921 9.900639367 0.729356267 36.255278955 -0.251934660 -0.012532896 0.434583509 0.864586044
1520616959.418481827 9.889874328 0.748381272 36.318950793 -0.245901106 0.022729715 0.401243440 0.882054254
1520616959.467776537 9.879966679 0.763984769 36.380417021 -0.237469814 0.042743448 0.372746851 0.896013878
1520616959.517778873 9.870214001 0.793760250 36.442986171 -0.227280889 0.049581949 0.338923820 0.911600610
1520616959.567779779 9.859360931 0.810422907 36.505267686 -0.218436533 0.045962695 0.304608601 0.925951679
1520616959.617781639 9.850057184 0.829909327 36.571257358 -0.203273332 0.034998483 0.265210828 0.941869564
1520616959.667782784 9.830390592 0.823592091 36.632227634 -0.186686686 0.018832337 0.230752317 0.954749597
1520616959.717784643 9.809594682 0.820316242 36.693812004 -0.163590606 -0.001702634 0.195711178 0.966918998
1520616959.767785549 9.800364908 0.821438047 36.757805811 -0.137242455 -0.026065958 0.158914753 0.977359287
1520616959.817787647 9.777286845 0.810460485 36.818337898 -0.109925455 -0.053520458 0.129284573 0.984041388
1520616959.867023230 9.753968637 0.799599214 36.873707872 -0.081769410 -0.088200068 0.111244128 0.986488345
1520616959.917025089 9.729461663 0.787479296 36.923970404 -0.054777672 -0.124073851 0.100537771 0.985645597
1520616959.967025995 9.685227988 0.768989385 36.980688884 -0.032418121 -0.157100277 0.095615352 0.982408404
1520616960.017028093 9.654216123 0.762191666 37.029184048 -0.011235758 -0.192729087 0.103864885 0.975674814
1520616960.067028999 9.624602742 0.766574200 37.077222679 0.006571870 -0.228320062 0.121658262 0.965932724
1520616960.117031097 9.588669436 0.763672975 37.123267949 0.015592908 -0.260136204 0.142889287 0.954813421
1520616960.167033195 9.545179913 0.758027334 37.170674777 0.019785978 -0.287591381 0.169593051 0.942410691
1520616960.217033148 9.512830510 0.749742292 37.216079282 0.017210137 -0.311662230 0.201794992 0.928358361
1520616960.267035007 9.475298533 0.744174028 37.264050572 0.009758733 -0.330829087 0.243654683 0.911640981
1520616960.316322327 9.446741854 0.739776209 37.314540071 -0.002753418 -0.340059904 0.281441443 0.897297272
1520616960.366324663 9.415846494 0.736533603 37.366315747 -0.014133796 -0.339572266 0.318020519 0.885072800
1520616960.416325569 9.396799962 0.737436254 37.428684377 -0.025291642 -0.335993452 0.347676914 0.874979712
1520616960.466327429 9.362733427 0.733054168 37.479992226 -0.042310967 -0.321732913 0.382273410 0.865196368
1520616960.516328573 9.338142712 0.737416376 37.536034307 -0.064606138 -0.301787484 0.411060492 0.857775981
1520616960.566392422 9.301023552 0.746196603 37.589387049 -0.089222218 -0.274588927 0.439964668 0.850336056
1520616960.616331577 9.276964138 0.751118416 37.657725895 -0.119393558 -0.246398195 0.462127403 0.843487624
1520616960.666333437 9.254848387 0.762323210 37.728807974 -0.143594677 -0.215932830 0.477846159 0.839295317
1520616960.717009783 9.229973072 0.786813508 37.788314977 -0.160977400 -0.184023415 0.487942274 0.837934363
1520616960.767011642 9.211114532 0.811942756 37.848672005 -0.174302214 -0.149331499 0.489283379 0.841380186
1520616960.817012787 9.194786111 0.829348995 37.911363718 -0.185045043 -0.112317233 0.479630977 0.850351279
1520616960.867014647 9.184576993 0.847805149 37.978317963 -0.193849072 -0.077995845 0.463583629 0.861062950
1520616960.917015553 9.178823645 0.866237690 38.040428003 -0.195662713 -0.047680961 0.438693404 0.875780067
1520616960.967017889 9.174597383 0.878482002 38.102678181 -0.194536366 -0.024306533 0.407117813 0.892087373
1520616961.017018795 9.170105335 0.887221573 38.165230720 -0.191398972 -0.008225708 0.374661347 0.907153596
1520616961.067020655 9.142862993 0.909146985 38.228648970 -0.183811328 0.001610266 0.341998460 0.921546448
1520616961.121177912 9.115230428 0.901449419 38.285673120 -0.175095174 0.010485274 0.301681334 0.937133988
1520616961.171178818 9.106791432 0.900388780 38.323136437 -0.165519116 0.010339465 0.268721531 0.948833630
1520616961.221180677 9.086852842 0.915505995 38.364107940 -0.151024130 0.007086019 0.236896806 0.959698601
1520616961.271181822 9.060713516 0.909521637 38.416928035 -0.138565365 0.002250763 0.202628118 0.969400031
1520616961.321183920 9.034462780 0.902672065 38.485825281 -0.126050463 -0.011835172 0.164974499 0.978138346
1520616961.371185780 9.021608981 0.933148564 38.544242771 -0.115864703 -0.039446148 0.128967139 0.984066486
1520616961.421186924 9.005192425 0.923895330 38.607192712 -0.115949646 -0.070278560 0.099653924 0.985741193
1520616961.471188784 8.971586306 0.927565738 38.644559679 -0.113162865 -0.106063278 0.090184411 0.983774120
1520616961.523094416 8.939165754 0.935545188 38.688295187 -0.106173213 -0.150085066 0.095023149 0.978351840
1520616961.573096514 8.915336890 0.944453662 38.734815438 -0.096975948 -0.192255987 0.120068303 0.969132036
1520616961.623098373 8.882878591 0.920565836 38.781936898 -0.088593402 -0.229668157 0.156201956 0.956558778
1520616961.673099279 8.858225106 0.920111509 38.851233717 -0.075320578 -0.261532811 0.196572479 0.941958948
1520616961.723101616 8.813996326 0.900696979 38.898281272 -0.059458507 -0.278948117 0.237945747 0.928458106
1520616961.773102522 8.783583325 0.904996186 38.941440422 -0.040819171 -0.290237469 0.276705185 0.915166787
1520616961.823104382 8.755798408 0.893367086 38.999139257 -0.029983428 -0.295864072 0.317364338 0.900469501
1520616961.873105526 8.736089861 0.893732835 39.052487431 -0.030557040 -0.298917535 0.352593274 0.886223763
1520616961.923438072 8.712516966 0.884734226 39.111020034 -0.044364870 -0.300024345 0.384145306 0.872037576
1520616961.973438978 8.684404433 0.879699792 39.158755359 -0.065328318 -0.298839844 0.411366208 0.858606313
1520616962.023441315 8.652108150 0.893383918 39.208248210 -0.087179548 -0.292255939 0.434653503 0.847385700
1520616962.073442221 8.628465326 0.874926323 39.259910549 -0.114765275 -0.275211510 0.461434246 0.835563279
1520616962.123444080 8.611098917 0.876330302 39.314521436 -0.140816939 -0.246343725 0.487237047 0.825884628
1520616962.173445225 8.574006426 0.883203427 39.365170293 -0.162808864 -0.203879227 0.506100796 0.822063574
1520616962.223482132 8.543311567 0.914199190 39.429583427 -0.182290737 -0.156506846 0.517301243 0.821386096
1520616962.273448944 8.530621175 0.944215828 39.492927300 -0.196945558 -0.105243637 0.523964036 0.821947634
1520616962.323450089 8.518423655 0.984064624 39.545247685 -0.211427877 -0.052666734 0.523721996 0.823553118
1520616962.374007702 8.505560133 1.017955914 39.594748136 -0.223693530 0.004765253 0.523395242 0.822189709
1520616962.424008608 8.509423059 1.041781213 39.637273549 -0.239664031 0.063978560 0.515478885 0.820213031
1520616962.474010468 8.524182061 1.060915673 39.685152219 -0.253469257 0.123619377 0.506577539 0.814770386
1520616962.524011612 8.535625844 1.092180823 39.747228467 -0.263026006 0.185406384 0.492139484 0.808851359
1520616962.574013472 8.548380058 1.116305046 39.794642184 -0.271008302 0.248756052 0.471130611 0.801692506
1520616962.624014378 8.575850023 1.141410629 39.843127440 -0.274584873 0.304923883 0.444726874 0.796142312
1520616962.674016714 8.605669793 1.163394504 39.886607139 -0.278769236 0.353505160 0.408436515 0.794041201
1520616962.724018574 8.637050871 1.191989214 39.922020732 -0.282692443 0.390282853 0.365193769 0.796490922
1520616962.770084620 8.669106473 1.222784912 39.952299401 -0.284981687 0.414965194 0.325849427 0.800257132
1520616962.820086718 8.706615705 1.244132948 39.991892269 -0.286832622 0.431789084 0.285453292 0.806102756
1520616962.870088816 8.739687690 1.276056515 40.023649334 -0.283918548 0.443317796 0.245499861 0.813995951
1520616962.920089722 8.769673586 1.317181197 40.059330695 -0.279834296 0.451608556 0.205885276 0.821799082
1520616962.970090866 8.797499539 1.357234950 40.106869589 -0.275532628 0.454788810 0.168289052 0.830016689
1520616963.020092726 8.829604567 1.391789909 40.136168239 -0.276140469 0.453057282 0.133832656 0.837003202
1520616963.070094585 8.874392640 1.403637952 40.167120679 -0.285902179 0.445654652 0.103782406 0.841950763
1520616963.120095730 8.914629977 1.425969952 40.185183158 -0.295332193 0.432942078 0.078459641 0.848047249
1520616963.166457891 8.937554791 1.414195179 40.206726783 -0.308927820 0.418386634 0.062859890 0.851800951
1520616963.216459036 8.968884263 1.436353655 40.234262912 -0.321669987 0.399314435 0.059117559 0.856493733
1520616963.266462088 9.003460001 1.469012434 40.253345617 -0.332184085 0.377957771 0.054739961 0.862441414
1520616963.316462994 9.034612337 1.474187142 40.292293637 -0.342611897 0.360344945 0.056590033 0.865774900
1520616963.366464138 9.063566678 1.494841577 40.325337147 -0.343305086 0.344495896 0.064181029 0.871404034
1520616963.416465998 9.088123480 1.521239218 40.356884384 -0.333856504 0.327763463 0.079066480 0.880261006
1520616963.466467857 9.110593971 1.552335498 40.392987258 -0.315070584 0.318189864 0.099148947 0.888625469
1520616963.516469002 9.139079313 1.564703807 40.450650579 -0.294475683 0.312626154 0.128099739 0.893945981
1520616963.565768242 9.158673439 1.586360830 40.495407190 -0.269765646 0.309239320 0.158033147 0.898121965
1520616963.615774393 9.188592995 1.600810461 40.529334697 -0.248246150 0.300948733 0.190376803 0.900866462
1520616963.665772200 9.210567581 1.620252652 40.576976958 -0.228162787 0.296446373 0.221958070 0.900442062
1520616963.715773344 9.248527912 1.630487818 40.613218529 -0.209856393 0.290005444 0.255384026 0.898129242
1520616963.765775204 9.277778336 1.655639229 40.642137870 -0.187492664 0.286588182 0.288233870 0.894223099
1520616963.815776110 9.304438506 1.658263130 40.672967473 -0.171536586 0.276026410 0.326375160 0.887616964
1520616963.865787268 9.324053526 1.678683671 40.695676773 -0.155278027 0.260068531 0.363215939 0.881094362
1520616963.915779114 9.333344624 1.699740689 40.742066603 -0.146116587 0.239010802 0.398582429 0.873301681
1520616963.965762615 9.341967274 1.717268120 40.783366602 -0.142189550 0.205590789 0.428030079 0.868507231
1520616964.015763760 9.345450670 1.757740507 40.812261208 -0.135284741 0.164985028 0.448532863 0.867926408
1520616964.065765619 9.365353953 1.772145239 40.842249752 -0.127830175 0.120120861 0.464768318 0.867882962
1520616964.115766525 9.381547755 1.768952208 40.864345564 -0.118872538 0.069842156 0.476125382 0.868502167
1520616964.165768862 9.373293747 1.783783854 40.902960184 -0.107480924 0.019656305 0.476480439 0.872369115
1520616964.215769768 9.390282807 1.796217090 40.941286267 -0.102525751 -0.033069160 0.466523457 0.877924123
1520616964.265771627 9.390337276 1.810528370 40.969252050 -0.096668058 -0.082043990 0.455072636 0.881381283
1520616964.315773726 9.390337276 1.810528370 40.969252050 -0.096668058 -0.082043990 0.455072636 0.881381283
1520616964.367578506 9.390337276 1.810528370 40.969252050 -0.096668058 -0.082043990 0.455072636 0.881381283
1520616964.417580605 9.391488562 1.834163360 41.002107869 -0.093905671 -0.121275576 0.447496743 0.881033839
1520616964.467581511 9.398900381 1.859424296 41.034066734 -0.088600841 -0.162012239 0.444014340 0.876785716
1520616964.517583370 9.398900381 1.859424296 41.034066734 -0.088600841 -0.162012239 0.444014340 0.876785716
1520616964.567584515 9.408070751 1.890689457 41.065787630 -0.084914265 -0.196054513 0.437105055 0.873665477
1520616964.617586613 9.391925018 1.905061374 41.108457560 -0.079857337 -0.217108224 0.430810801 0.872289446
1520616964.667588472 9.372307172 1.928926230 41.151080001 -0.072261200 -0.236364489 0.422489168 0.872016657
1520616964.717589617 9.368603979 1.935103829 41.191345314 -0.065525270 -0.257742177 0.416603716 0.869319707
1520616964.767591476 9.371873252 1.920625756 41.231290215 -0.060733540 -0.281649250 0.413694236 0.863621570
1520616964.819689035 9.363065666 1.935859229 41.261574545 -0.047896037 -0.305188824 0.408723587 0.858784479
1520616964.869689941 9.355251283 1.941520301 41.297763197 -0.037239283 -0.327031118 0.405414232 0.852820722
1520616964.919692039 9.346452486 1.951012886 41.338808457 -0.025338924 -0.348890994 0.406005495 0.844270426
1520616964.969694138 9.338745039 1.942822292 41.381291487 -0.016421263 -0.370171154 0.406051624 0.835359646
1520616965.019695044 9.343263134 1.923064454 41.407876887 -0.008279146 -0.391975900 0.400516506 0.828174425
1520616965.069696188 9.309272516 1.960679885 41.440927143 0.008491808 -0.412934388 0.400385770 0.817987968
1520616965.119698048 9.287104808 1.966185547 41.485346263 0.018559737 -0.433657017 0.395567510 0.809396981
1520616965.169698954 9.257494305 1.972078825 41.523087779 0.028364097 -0.454184768 0.390398591 0.800312823
1520616965.221404552 9.229714374 1.980856748 41.562960751 0.038323970 -0.476887245 0.387810515 0.787853307
1520616965.271406651 9.194344395 1.996484867 41.602761205 0.048268398 -0.500462307 0.391646519 0.770597590
1520616965.321407557 9.176484660 1.969675282 41.635907947 0.050255629 -0.524577014 0.396795308 0.751562913
1520616965.371409416 9.152819792 1.948369693 41.661806358 0.055922264 -0.548388050 0.397926525 0.733346935
1520616965.421410561 9.127745996 1.928882767 41.680586022 0.062428615 -0.574352934 0.400290763 0.711328813
1520616965.471412659 9.107041573 1.904644071 41.704072713 0.067657555 -0.601006623 0.401926448 0.687508999
1520616965.521413803 9.107041573 1.904644071 41.704072713 0.067657555 -0.601006623 0.401926448 0.687508999
1520616965.571415663 9.074920860 1.882931768 41.724282260 0.075684934 -0.618530971 0.402377610 0.670658995
1520616965.624039173 9.041252787 1.858492697 41.747015333 0.081962945 -0.630884585 0.404741131 0.656849551
1520616965.674041510 9.003449492 1.835718992 41.771095661 0.088839986 -0.636183534 0.410049892 0.647485177
1520616965.724042416 8.965644386 1.819956155 41.799994379 -0.099503188 0.640205382 -0.413702857 -0.639598414
1520616965.774044275 8.938573644 1.785716416 41.826367270 -0.105919601 0.641079570 -0.420503980 -0.633225414
1520616965.824045420 8.909869815 1.758905854 41.849380028 -0.110039427 0.643801894 -0.429075456 -0.623942865
1520616965.874047279 8.888461091 1.742652204 41.874287057 -0.113607472 0.650277809 -0.438174805 -0.610110608
1520616965.924049139 8.850365480 1.722944397 41.888627074 -0.113083414 0.652824120 -0.448238420 -0.600095933
1520616965.974050283 8.826012817 1.685821209 41.900231463 -0.099771972 0.653724941 -0.459073483 -0.593245980
1520616966.024121523 8.790679484 1.662335553 41.920482813 -0.084352649 0.650784060 -0.469933305 -0.590362115
1520616966.074122667 8.749193066 1.637045606 41.941177642 -0.069594559 0.643430468 -0.483281534 -0.589570003
1520616966.124124527 8.708258924 1.606574994 41.959839330 -0.057152269 0.632553892 -0.499790853 -0.588912807
1520616966.174125671 8.661732516 1.575702141 41.983935182 -0.051160795 0.619682176 -0.517521262 -0.587833579
1520616966.224127531 8.618451234 1.551086583 42.015765731 -0.048184210 0.608227708 -0.534651179 -0.584709718
1520616966.274129391 8.570038756 1.524174522 42.037194671 -0.047099805 0.591784263 -0.550454879 -0.587002914
1520616966.324130774 8.528981978 1.504651165 42.084469977 0.045806693 -0.573040160 0.565398737 0.591482029
1520616966.374132633 8.509178502 1.470296636 42.120916836 0.031542862 -0.555660006 0.581553116 0.593332098
1520616966.424133539 8.475197879 1.448411391 42.169982880 0.019144002 -0.540557113 0.600897015 0.588518727
1520616966.474135637 8.451776861 1.427001060 42.208680780 0.007385250 -0.520262460 0.618837243 0.588483558
1520616966.524137497 8.431434980 1.400884233 42.259744456 -0.003070130 -0.497261706 0.639736811 0.586053055
1520616966.574138403 8.405318599 1.384309909 42.305271863 -0.013508450 -0.472056002 0.656597401 0.588099061
1520616966.624139547 8.375507861 1.364225465 42.362205370 -0.022815242 -0.445960514 0.669556421 0.593542656
1520616966.674142599 8.337782707 1.348415917 42.417279415 -0.030432732 -0.420596212 0.677677061 0.602433795
1520616966.724143505 8.304728886 1.340943715 42.476444684 -0.037748799 -0.399362708 0.680123644 0.613609228
1520616966.774145603 8.267539164 1.336788395 42.527101661 -0.046158854 -0.378891737 0.680389315 0.625604341
1520616966.823094368 8.240860476 1.330562572 42.586286719 -0.055942834 -0.355360445 0.680082367 0.638809305
1520616966.873099327 8.196893668 1.337293732 42.647187632 -0.061268475 -0.326802293 0.678543795 0.654999812
1520616966.923097372 8.171642820 1.333696428 42.710454973 -0.065109227 -0.297556027 0.676802727 0.670193455
1520616966.973099470 8.160146504 1.327770851 42.781474133 -0.070577480 -0.266629958 0.673058759 0.686235522
1520616967.023100138 8.145416796 1.334284640 42.855812319 -0.078778329 -0.231291595 0.663368108 0.707277121
1520616967.073102474 8.118558963 1.342124173 42.916158560 -0.089104540 -0.188214693 0.658374529 0.723310853
1520616967.123103380 8.108316938 1.363212763 42.982750116 -0.104116769 -0.145456900 0.648074544 0.740271149
1520616967.173105240 8.064956017 1.373612962 43.047534639 -0.117020833 -0.094788942 0.638035609 0.755136903
1520616967.223106384 8.046792958 1.385145406 43.120519948 -0.133975392 -0.048263101 0.627164034 0.765758801
1520616967.270091057 8.037331218 1.422103816 43.182168566 -0.147118451 -0.009994089 0.615436939 0.774269755
1520616967.320091963 8.043264895 1.467044170 43.245883062 -0.157418990 0.029664056 0.595456953 0.787254929
1520616967.370094061 8.049290162 1.511886822 43.306986196 -0.162744620 0.070269856 0.573789036 0.799588943
1520616967.420094967 8.047771052 1.541060853 43.373996837 -0.162584820 0.106998429 0.557359746 0.807135445
1520616967.470097065 8.051821086 1.560887520 43.440701909 -0.161440798 0.137701987 0.543251994 0.812312934
1520616967.520099163 8.058963241 1.593334310 43.507046791 -0.166853289 0.161857091 0.516480901 0.824141821
1520616967.570100069 8.063798483 1.615215003 43.552487452 -0.176333491 0.183706673 0.485899973 0.836097826
1520616967.620101929 8.073250629 1.625887556 43.605513487 -0.182168178 0.201784708 0.455861221 0.847518869
1520616967.668639660 8.079648847 1.639232892 43.642967516 -0.183994657 0.215486213 0.431012572 0.856702878
1520616967.718641520 8.084325541 1.648246948 43.680827968 -0.182398950 0.226695446 0.401470608 0.868424521
1520616967.768642426 8.080188738 1.652525553 43.712701095 -0.178190425 0.237118287 0.369791005 0.880498554
1520616967.818644524 8.087399093 1.665989982 43.755113392 -0.168227445 0.242868966 0.336277243 0.894221342
1520616967.868646383 8.097488069 1.686933024 43.815476151 -0.156148839 0.245008820 0.304000058 0.907288368
1520616967.918647289 8.128239918 1.716592955 43.886482393 -0.144398798 0.243797511 0.270682379 0.920023266
1520616967.968649626 8.133817927 1.741816220 43.923590979 -0.143218220 0.241466797 0.246834683 0.927499308
1520616968.018650532 8.136004323 1.737055464 43.986392234 -0.151890946 0.235896440 0.226529443 0.932719905
1520616968.068082809 8.135019881 1.748989833 44.034841829 -0.162003881 0.228881657 0.207978122 0.937076854
1520616968.118083954 8.137230437 1.744315637 44.085765935 -0.172595695 0.220499381 0.185871879 0.941829281
1520616968.168085814 8.131349021 1.751981011 44.131004314 -0.175685499 0.210969146 0.166371971 0.947072855
1520616968.218087673 8.138592368 1.755405416 44.182642817 -0.173714957 0.197879670 0.148519196 0.953209735
1520616968.268088818 8.135997543 1.752523220 44.234279519 -0.167896363 0.182697216 0.138710444 0.958744988
1520616968.318090916 8.131167067 1.752520602 44.290913103 -0.156690259 0.167960380 0.136005941 0.963711501
1520616968.368092775 8.130755738 1.761132090 44.346079026 -0.144072979 0.149634057 0.137118289 0.968530433
1520616968.418093920 8.117123125 1.762666130 44.404830202 -0.133498295 0.133402363 0.134574343 0.972765008
1520616968.468092203 8.115921001 1.782410895 44.467655876 -0.118602638 0.111974245 0.123043576 0.978905236
1520616968.518093348 8.101631185 1.787154701 44.523477060 -0.103889782 0.087982094 0.114805797 0.984015088
1520616968.568095446 8.076652920 1.788162538 44.578361208 -0.088644562 0.062300975 0.106925987 0.988345872
1520616968.618096113 8.066074030 1.766991987 44.632906909 -0.076058460 0.032493653 0.097680964 0.991775026
1520616968.668099403 8.040894698 1.774632776 44.688772166 -0.057804690 0.001882955 0.089669344 0.994290944
1520616968.718099356 8.002768676 1.770685138 44.721038153 -0.045435487 -0.032468359 0.088191763 0.994536895
1520616968.768101215 7.967824618 1.765445275 44.772288478 -0.035175334 -0.072110965 0.086868110 0.992983704
1520616968.818102360 7.933208484 1.757965408 44.815433159 -0.029911125 -0.111815496 0.084676470 0.989662829
1520616968.868914127 7.896463065 1.771535240 44.864011275 -0.019679918 -0.148164281 0.082099661 0.985352573
1520616968.918833017 7.855933667 1.776261184 44.919120996 -0.005873679 -0.181724047 0.076004530 0.980390321
1520616968.968834877 7.812444027 1.784454875 44.959287660 0.010331911 -0.212375571 0.072286870 0.974455990
1520616969.018836021 7.782002602 1.771818175 45.007364468 0.028443805 -0.243963370 0.071124287 0.966754447
1520616969.068837881 7.751039929 1.749317939 45.062034635 0.049406383 -0.271605170 0.071755223 0.958457526
1520616969.118839979 7.716553790 1.745979920 45.100093176 0.070594498 -0.295759315 0.075821282 0.949628337
1520616969.168841124 7.685886913 1.719927326 45.144831447 0.084391904 -0.321381445 0.082618427 0.939556368
1520616969.218842983 7.659268334 1.687892255 45.184009560 0.092521450 -0.348287401 0.088679835 0.928585782
1520616969.268844128 7.626223480 1.662645995 45.215299543 0.099169529 -0.373800794 0.096538436 0.917125238
1520616969.321067095 7.589451512 1.636998280 45.246774458 0.106723191 -0.395281358 0.107313558 0.906005855
1520616969.371068001 7.545889489 1.618241634 45.277878388 0.113882868 -0.414728289 0.120022102 0.894776974
1520616969.421069860 7.518864938 1.593469196 45.301209310 0.115411406 -0.440860392 0.135049917 0.879820347
1520616969.471072197 7.459161167 1.569679577 45.327576344 0.118117648 -0.462210795 0.149571605 0.866047191
1520616969.521073103 7.410627934 1.567175345 45.346085823 0.122574801 -0.481491508 0.159503851 0.853053262
1520616969.571074963 7.370461655 1.546042443 45.369815903 0.125983363 -0.504324327 0.167654117 0.837661783
1520616969.621077061 7.327977381 1.527541449 45.390502021 0.132151520 -0.527525259 0.171594923 0.821467138
1520616969.671077967 7.283920177 1.495360128 45.408100413 0.142272917 -0.547827067 0.174833834 0.805653184
1520616969.720777988 7.250605106 1.461119015 45.431507557 0.154498053 -0.570310537 0.177781764 0.786937029
1520616969.770780325 7.226959480 1.431002801 45.441144618 0.164748693 -0.594537424 0.182314782 0.765600705
1520616969.820782185 7.193791904 1.397740284 45.458591804 0.176851210 -0.620306217 0.181299121 0.742343906
1520616969.870784044 7.163892252 1.358402927 45.470105199 0.186930708 -0.647815990 0.182763257 0.715534028
1520616969.920785189 7.120983226 1.331139267 45.482324019 0.200651235 -0.673176501 0.183507169 0.687675505
1520616969.970786095 7.079078491 1.300530148 45.480659480 -0.216356615 0.691640391 -0.180811296 -0.664929063
1520616970.020787954 7.045146203 1.261986446 45.494579583 -0.228641442 0.707407149 -0.174902993 -0.645528589
1520616970.070790291 6.997163965 1.235237615 45.491468292 -0.237368717 0.719615507 -0.173422890 -0.629074014
1520616970.119721889 6.959796498 1.204160717 45.492835222 -0.241493071 0.732875601 -0.170889615 -0.612675436
1520616970.169722795 6.919658869 1.174825692 45.489192686 -0.246816299 0.743238155 -0.170273515 -0.598068299
1520616970.219723701 6.878536934 1.144861663 45.484097424 -0.254690197 0.755077360 -0.172625363 -0.578957311
1520616970.269725800 6.842269550 1.118433465 45.485055356 -0.265842906 0.767300845 -0.176496640 -0.556260639
1520616970.319726706 6.799954585 1.092680909 45.476820289 -0.281748521 0.777412893 -0.176900634 -0.533810013
1520616970.369728565 6.778853197 1.064778378 45.476477236 -0.298507478 0.790701733 -0.174199400 -0.505310424
1520616970.419730902 6.752425343 1.049123114 45.480721905 -0.317232529 0.802169314 -0.169609160 -0.476571765
1520616970.469731569 6.733449042 1.020633933 45.477138994 -0.327592887 0.815741345 -0.165618040 -0.447011883
1520616970.519141674 6.714122205 0.996580575 45.474604965 -0.335612852 0.829923536 -0.158879699 -0.416351028
1520616970.569087505 6.692365321 0.990102131 45.462987428 -0.345484617 0.843063049 -0.152576191 -0.382891082
1520616970.619088650 6.690207860 0.968540572 45.463752702 -0.353940854 0.858372413 -0.138342978 -0.344650392
1520616970.669090748 6.680266359 0.955209527 45.455028307 -0.364780536 0.870803663 -0.125461463 -0.304787732
1520616970.719092607 6.680651783 0.952215592 45.459863989 -0.375820527 0.881600895 -0.115892456 -0.260974579
1520616970.769093752 6.680651783 0.952215592 45.459863989 -0.375820527 0.881600895 -0.115892456 -0.260974579
1520616970.819095612 6.680651783 0.952215592 45.459863989 -0.375820527 0.881600895 -0.115892456 -0.260974579
1520616970.869096756 6.680651783 0.952215592 45.459863989 -0.375820527 0.881600895 -0.115892456 -0.260974579
1520616970.919779539 6.680651783 0.952215592 45.459863989 -0.375820527 0.881600895 -0.115892456 -0.260974579
1520616970.969780684 6.680651783 0.952215592 45.459863989 -0.375820527 0.881600895 -0.115892456 -0.260974579
1520616971.019782543 6.680651783 0.952215592 45.459863989 -0.375820527 0.881600895 -0.115892456 -0.260974579
1520616971.069784403 6.680651783 0.952215592 45.459863989 -0.375820527 0.881600895 -0.115892456 -0.260974579
1520616971.119785547 6.680651783 0.952215592 45.459863989 -0.375820527 0.881600895 -0.115892456 -0.260974579
1520616971.169787407 6.680651783 0.952215592 45.459863989 -0.375820527 0.881600895 -0.115892456 -0.260974579
1520616971.219788551 6.680651783 0.952215592 45.459863989 -0.375820527 0.881600895 -0.115892456 -0.260974579
1520616971.269790649 6.707599725 0.925118190 45.457936690 -0.395124757 0.887273329 -0.095482345 -0.217957766
1520616971.319962978 6.747651750 0.927924300 45.416321267 -0.409915078 0.890175045 -0.080802552 -0.181738727
1520616971.369965076 6.777547788 0.929247360 45.395400554 -0.421686091 0.892479437 -0.063944271 -0.146875545
1520616971.419965982 6.793415327 0.928418071 45.388931097 -0.433698792 0.892657071 -0.048753569 -0.112657888
1520616971.469968081 6.817045898 0.967696801 45.359306852 -0.436126963 0.895150573 -0.044210853 -0.080895760
1520616971.519970179 6.834548687 0.998241590 45.320536836 -0.437644466 0.896784568 -0.041821895 -0.049956871
1520616971.569972038 6.850821982 1.020015921 45.296608424 -0.441096322 0.896519938 -0.036048166 -0.019661258
1520616971.619972944 6.851690464 1.032699178 45.282555570 -0.449844510 0.892638544 -0.027933785 0.007486654
1520616971.669975042 6.880420343 1.049591010 45.251237935 -0.449987271 0.892093475 -0.023227299 0.033781352
1520616971.719975948 6.902427649 1.068676135 45.225400888 -0.446772573 0.892513984 -0.019733859 0.058511799
1520616971.769199371 6.926945763 1.083995631 45.196252712 -0.441301952 0.893452697 -0.018518003 0.081559480
1520616971.819200516 6.952320253 1.102994463 45.164231916 -0.436621775 0.893195106 -0.020149379 0.105631106
1520616971.869202614 6.973261413 1.118112108 45.133521762 -0.432708058 0.891648236 -0.024290538 0.130908858
1520616971.919203520 6.994407972 1.129017165 45.106062158 -0.427722417 0.889773059 -0.029016143 0.156574268
1520616971.969205618 7.031222441 1.127074840 45.075536904 -0.421176501 0.887510119 -0.033735791 0.183842432
1520616972.019207478 7.060753222 1.137546285 45.052272061 -0.413022011 0.885381099 -0.036693797 0.210158732
1520616972.069208384 7.083097999 1.139074681 45.018153936 -0.404895066 0.883070153 -0.041381140 0.233526640
1520616972.119210482 7.105758248 1.140526580 44.984933543 -0.393224787 0.882250716 -0.046655684 0.254619691
1520616972.170724154 7.134271197 1.139534280 44.956078224 -0.376219578 0.883174978 -0.053169929 0.275015901
1520616972.220695019 7.166468965 1.133404204 44.929265172 -0.359377629 0.884135469 -0.060726631 0.292343067
1520616972.270697117 7.200125748 1.125049200 44.898974548 -0.345744370 0.884272990 -0.068481700 0.306320691
1520616972.320699215 7.223648945 1.117534087 44.866147247 -0.332438216 0.885853319 -0.074547201 0.314946734
1520616972.370700121 7.247316040 1.110854723 44.832414340 -0.315102076 0.891193803 -0.079235755 0.316553284
1520616972.420702219 7.270780881 1.100690958 44.795885658 -0.295956088 0.899500302 -0.083409283 0.310406333
1520616972.470703125 7.286774302 1.102962273 44.747875219 -0.275907077 0.909873779 -0.089696957 0.296579580
1520616972.520705223 7.298216948 1.102868385 44.704145102 -0.256253512 0.921090402 -0.097217741 0.276541714
1520616972.572062016 7.319352107 1.070338683 44.651440734 -0.237913254 0.933532541 -0.104186994 0.247101899
1520616972.622064114 7.322808274 1.065729638 44.606272221 -0.216375742 0.944019723 -0.119485178 0.218475611
1520616972.672066212 7.339216180 1.021047918 44.544533646 -0.194994462 0.954340337 -0.135197898 0.181475096
1520616972.722067118 7.338833324 0.985598002 44.486080846 -0.173402504 0.961100326 -0.158520833 0.145220113
1520616972.772069216 7.326956716 0.961473042 44.431520241 -0.154472789 0.964293887 -0.186152644 0.107808400
1520616972.822070122 7.317605218 0.911323275 44.387980046 -0.138847419 0.965281258 -0.209784555 0.070313067
1520616972.872071981 7.306677380 0.865291549 44.359495898 -0.121840949 0.964800262 -0.230556357 0.034044143
1520616972.922073126 7.293371306 0.808310758 44.309072054 -0.103178025 0.962340412 -0.251453477 -0.005135815
1520616972.970898867 7.276920903 0.760909185 44.262339008 -0.084617032 0.958210413 -0.269717190 -0.043879370
1520616973.020900011 7.246777184 0.708099424 44.221652482 -0.064898710 0.952344289 -0.287289545 -0.079329883
1520616973.070901871 7.212575267 0.663025172 44.177852216 -0.045910051 0.944305844 -0.306373854 -0.110967570
1520616973.120903730 7.166582766 0.620374947 44.130841828 -0.031276002 0.934071334 -0.326139852 -0.142004757
1520616973.170906067 7.132384963 0.560772709 44.091571102 -0.019471705 0.923346003 -0.344405765 -0.168634753
1520616973.220906734 7.095440126 0.509281676 44.050913338 -0.015614883 0.912404531 -0.363659368 -0.187152378
1520616973.270909071 7.067858464 0.449037785 44.017290793 -0.016182374 0.902542198 -0.379346931 -0.203104942
1520616973.320909977 7.033625055 0.397322645 43.980656913 -0.025419103 0.892451405 -0.390183750 -0.225035553
1520616973.369652033 6.997599216 0.351832488 43.942553126 -0.030656597 0.884118600 -0.396710944 -0.244979391
1520616973.419653177 6.957393321 0.303867644 43.918318413 -0.034454912 0.877609878 -0.400063930 -0.261844634
1520616973.469655037 6.910075736 0.245478982 43.902932051 -0.039010870 0.870718461 -0.401089086 -0.281877738
1520616973.519655943 6.862169661 0.209076909 43.866729415 -0.047574791 0.860238239 -0.406972383 -0.303480297
1520616973.569659233 6.809449852 0.169734747 43.830613490 -0.055871822 0.848414148 -0.413014478 -0.326329304
1520616973.619660139 6.759393710 0.120941417 43.804477445 -0.061022816 0.835672213 -0.418619001 -0.350266043
1520616973.669661045 6.705512168 0.081020581 43.779956441 -0.074642658 0.821171193 -0.420167693 -0.378900323
1520616973.719662189 6.655948598 0.021529041 43.720591244 -0.087008233 0.803454307 -0.424307907 -0.408477104
1520616973.772500038 6.602096616 -0.029912770 43.694567438 -0.099092456 0.783364820 -0.430770198 -0.436986592
1520616973.822506189 6.552918137 -0.077216688 43.679058756 -0.110597081 0.764415325 -0.434406813 -0.463387760
1520616973.872503042 6.507577709 -0.127641260 43.660508356 -0.117226028 0.747238613 -0.435148151 -0.488404136
1520616973.922505140 6.465290516 -0.177032832 43.644606161 -0.123888551 0.732043241 -0.429807827 -0.513838060
1520616973.972506285 6.423044597 -0.220486610 43.631757234 -0.133577365 0.719000253 -0.420171343 -0.537263219
1520616974.022508144 6.373823755 -0.264633362 43.627290881 -0.145145785 0.707896514 -0.407833965 -0.558109921
1520616974.072509289 6.319730703 -0.303322576 43.621877444 -0.158837620 0.698794269 -0.395775059 -0.574298949
1520616974.122511148 6.285288761 -0.342171694 43.602834106 -0.173656157 0.692486215 -0.381607503 -0.587096325
1520616974.172512054 6.238624687 -0.379110879 43.599259112 -0.188059211 0.688976124 -0.365956829 -0.596675148
1520616974.223019600 6.198925495 -0.423595907 43.584242057 -0.202998946 0.689606099 -0.347313369 -0.602169644
1520616974.273021460 6.161942285 -0.455518591 43.582774534 -0.219102772 0.694486844 -0.326424481 -0.602601906
1520616974.323022604 6.131073833 -0.505263995 43.559034990 -0.235276952 0.702915840 -0.300943442 -0.599989268
1520616974.373024702 6.098228589 -0.550272864 43.542050733 -0.251676057 0.714371883 -0.273755900 -0.592781310
1520616974.423025608 6.071134505 -0.595352865 43.525015799 -0.265267261 0.731127211 -0.244746062 -0.578952197
1520616974.473027706 6.039976222 -0.637733140 43.503506561 -0.274982946 0.749940522 -0.217668749 -0.560886717
1520616974.523028612 6.026974621 -0.676758154 43.470549336 -0.274770793 0.772887052 -0.193115807 -0.538379886
1520616974.573030472 6.012866312 -0.705161179 43.441589707 -0.271420682 0.797658632 -0.170079672 -0.511022921
1520616974.623537540 5.984650815 -0.735474446 43.409819597 -0.271092418 0.817176976 -0.150512498 -0.485877226
1520616974.673539400 5.957387177 -0.770525668 43.372323999 -0.271403278 0.833119401 -0.134652264 -0.462732203
1520616974.723541260 5.929015958 -0.790623497 43.322685266 -0.269298618 0.850183364 -0.127361946 -0.434103027
1520616974.773542404 5.913644112 -0.818723051 43.277757747 -0.265948684 0.867025482 -0.123068620 -0.402979187
1520616974.823544502 5.890436909 -0.861601729 43.242965893 -0.262594602 0.881331998 -0.124343778 -0.372607850
1520616974.873546362 5.869182174 -0.899277521 43.198573137 -0.259394692 0.893000346 -0.131032385 -0.343649954
1520616974.923547506 5.846225649 -0.947851463 43.166425184 -0.256346109 0.902023660 -0.143126850 -0.316472265
1520616974.973549366 5.857209419 -0.996548677 43.143412399 -0.244845299 0.911115604 -0.152975387 -0.294138857
1520616975.024249077 5.840327345 -1.029101537 43.108626176 -0.228205397 0.919982265 -0.166159127 -0.271930274
1520616975.074251175 5.828736678 -1.064668181 43.070602028 -0.207150503 0.928305455 -0.176674178 -0.253226946
1520616975.124252319 5.815281332 -1.102684863 43.037630857 -0.186025367 0.934355040 -0.187565801 -0.239153283
1520616975.174254179 5.794956770 -1.135500052 43.001487285 -0.169036124 0.938395506 -0.196519546 -0.228518556
1520616975.224256039 5.779634528 -1.178900244 42.963833748 -0.154019128 0.941327403 -0.207071724 -0.217490527
1520616975.274257183 5.757592564 -1.222684215 42.923553129 -0.137393356 0.943098441 -0.222548373 -0.205330509
1520616975.324259281 5.741054962 -1.273112606 42.888218654 -0.122176498 0.942513287 -0.238885225 -0.199186988
1520616975.374260426 5.701495363 -1.318520066 42.856006883 -0.110796957 0.938999309 -0.260826807 -0.194868441
1520616975.424300909 5.667058122 -1.366213019 42.820665671 -0.101742182 0.933032968 -0.284763906 -0.194955193
1520616975.474306107 5.637130272 -1.420036220 42.788626764 -0.093051923 0.926300991 -0.307378302 -0.197044139
1520616975.524303913 5.602330592 -1.471443915 42.757934640 -0.088053071 0.918648617 -0.325241833 -0.206274393
1520616975.574305058 5.572128817 -1.517780549 42.720722201 -0.083829954 0.910713110 -0.339321341 -0.220079981
1520616975.624307156 5.547089211 -1.570200589 42.698972123 -0.071424741 0.905976255 -0.348256869 -0.229831861
1520616975.674307823 5.517624760 -1.619700300 42.673159567 -0.052909703 0.901806918 -0.357519772 -0.236906011
1520616975.724310160 5.484741857 -1.667279636 42.644296507 -0.035465590 0.895929042 -0.366223692 -0.248864522
1520616975.774311066 5.448771256 -1.714318843 42.620110314 -0.019012560 0.889001182 -0.374567842 -0.262705830
1520616975.824274302 5.411118822 -1.769875520 42.577249296 -0.005972841 0.880072927 -0.384757808 -0.278203876
1520616975.874276161 5.372229592 -1.816423828 42.547134470 0.001417851 0.870069299 -0.396261201 -0.293179919
1520616975.924277067 5.332382986 -1.870291861 42.524253185 0.004967046 0.857275525 -0.408261594 -0.313650240
1520616975.974279165 5.286708437 -1.915957054 42.497589575 0.001579661 0.840711654 -0.422868154 -0.338206953
1520616976.024280071 5.250166779 -1.969297475 42.482477191 -0.000075157 0.823273489 -0.434204166 -0.365633012
1520616976.074282408 5.200199421 -2.012648898 42.462499592 -0.006238055 0.804006845 -0.442496826 -0.397153168
1520616976.124283314 5.146469022 -2.057764242 42.460415103 -0.012532822 0.785781936 -0.446983944 -0.427311398
1520616976.174285173 5.098281213 -2.104038014 42.447091082 -0.022078475 0.767336050 -0.451268598 -0.455043493
1520616976.222925901 5.049306386 -2.145575425 42.436745121 -0.038004670 0.749449994 -0.450854301 -0.483332960
1520616976.272927999 5.018408084 -2.190539441 42.424111300 -0.053198330 0.734434577 -0.447820430 -0.507181084
1520616976.322930098 4.990754194 -2.250686998 42.405132669 -0.073672280 0.721011943 -0.441047833 -0.529330693
1520616976.372931004 4.943568224 -2.290443206 42.389206907 -0.096840853 0.711182439 -0.434269808 -0.544289556
1520616976.422933102 4.901148073 -2.335596189 42.360575236 -0.120342658 0.705284097 -0.425221818 -0.554326972
1520616976.472934961 4.853818699 -2.376216761 42.333321573 -0.144291376 0.703320185 -0.414959131 -0.558864594
1520616976.522935867 4.814827037 -2.412764908 42.309982661 -0.166834425 0.704636458 -0.406765580 -0.556951972
1520616976.572937965 4.777622194 -2.451072477 42.288766282 -0.192098307 0.706064740 -0.399916562 -0.551939822
1520616976.622938871 4.744625885 -2.499133402 42.271660446 -0.218318052 0.708102857 -0.389574873 -0.546954285
1520616976.671810627 4.720057526 -2.532860904 42.264766781 -0.245198713 0.714334833 -0.377942523 -0.535502369
1520616976.721812487 4.686508184 -2.569800199 42.234334843 -0.266813541 0.724500503 -0.366727032 -0.519057645
1520616976.771813631 4.659794661 -2.605083935 42.197534847 -0.280619392 0.737963910 -0.357143939 -0.499109438
1520616976.821814537 4.643275828 -2.648135477 42.160067725 -0.292606672 0.751379228 -0.345913550 -0.479744106
1520616976.871816635 4.610606620 -2.683327416 42.131473299 -0.305918448 0.763456225 -0.333461872 -0.460816314
1520616976.921818733 4.580992902 -2.719446200 42.094570514 -0.321401738 0.769977461 -0.320706105 -0.448311529
1520616976.971819639 4.552250253 -2.759581292 42.064189774 -0.340851118 0.774416301 -0.307076542 -0.435664900
1520616977.021821499 4.519954577 -2.795552315 42.031262759 -0.361217114 0.774586998 -0.297815708 -0.425256373
1520616977.070592165 4.483346948 -2.829902805 42.005266652 -0.381898098 0.771421896 -0.286633478 -0.420598799
1520616977.120594025 4.443223941 -2.868340943 41.976011222 -0.396836825 0.771021815 -0.270553719 -0.418146601
1520616977.170696020 4.409620841 -2.907080222 41.939580697 -0.397896048 0.775564734 -0.248730976 -0.422268848
1520616977.220597029 4.381715878 -2.937988396 41.914265874 -0.392904933 0.783802985 -0.224172142 -0.425470851
1520616977.270597935 4.348628369 -2.972074997 41.885237570 -0.378636343 0.794143862 -0.204520339 -0.429117090
1520616977.320600271 4.326774263 -3.011047146 41.857985134 -0.358501508 0.806267252 -0.190135851 -0.430416246
1520616977.370600939 4.302046575 -3.044744213 41.829699367 -0.338192011 0.816614310 -0.185925198 -0.429184172
1520616977.420603037 4.271522392 -3.077637165 41.801012584 -0.319275044 0.825969913 -0.192406044 -0.422867667
1520616977.469717264 4.242759165 -3.122852886 41.776508649 -0.301060244 0.833613274 -0.206028986 -0.414733283
1520616977.519718409 4.208563961 -3.167866254 41.745530758 -0.281914546 0.839590853 -0.229089875 -0.403892582
1520616977.569720507 4.178996322 -3.216232188 41.703785415 -0.261613024 0.842811316 -0.259300802 -0.392416622
1520616977.619721651 4.138403445 -3.259958623 41.676469541 -0.247025163 0.842595371 -0.287855505 -0.382296766
1520616977.669723511 4.101351309 -3.302674263 41.655759739 -0.233152906 0.839812332 -0.312910511 -0.377414866
1520616977.719724417 4.069981983 -3.337793278 41.657357934 -0.219656170 0.836820232 -0.330328212 -0.377314641
1520616977.769726515 4.039117927 -3.387541174 41.641821809 -0.200731359 0.832852541 -0.344650202 -0.383770510
1520616977.819727421 4.003502054 -3.438189362 41.617721882 -0.181436061 0.825722386 -0.359610522 -0.394897164
1520616977.868643761 3.977808627 -3.475544465 41.616675155 -0.165545242 0.819191097 -0.370612936 -0.405174989
1520616977.918645859 3.937520862 -3.517984147 41.602753955 -0.151163917 0.807969474 -0.384644214 -0.419980510
1520616977.968646765 3.898214477 -3.562291873 41.589944789 -0.138217793 0.794277822 -0.396132875 -0.439428411
1520616978.018648624 3.856504889 -3.607727263 41.570728992 -0.123814135 0.778896621 -0.408907260 -0.459113239
1520616978.068650961 3.812595103 -3.648216141 41.569209773 -0.109073304 0.765120675 -0.421021444 -0.474799232
1520616978.118651628 3.771575911 -3.692239099 41.553788037 -0.092276060 0.747386918 -0.435894354 -0.492842811
1520616978.168652534 3.724603568 -3.733383547 41.542119183 -0.078673503 0.725977365 -0.451240835 -0.512980559
1520616978.218655825 3.688957189 -3.782242898 41.546577751 -0.061267230 0.705482368 -0.465278147 -0.531090577
1520616978.267195463 3.654138616 -3.816267866 41.544012576 -0.046321181 0.682693461 -0.478525493 -0.550270242
1520616978.317196369 3.613206710 -3.846969344 41.547036337 -0.030852073 0.657442586 -0.490324801 -0.571313386
1520616978.367198229 3.569691068 -3.885570457 41.560356619 -0.013518571 0.631735221 -0.497680709 -0.594173182
1520616978.417200565 3.532437762 -3.921893652 41.573263662 -0.002911148 -0.606534011 0.502042366 0.616491266
1520616978.467201471 3.500934146 -3.951447545 41.584793431 -0.019536248 -0.583703410 0.507941243 0.633170086
1520616978.517203569 3.458381288 -3.978262550 41.603656348 -0.032136364 -0.561091411 0.513897582 0.648114926
1520616978.567204475 3.421197630 -4.006941648 41.619690842 -0.040861172 -0.537771412 0.520528454 0.661953474
1520616978.617206335 3.381580047 -4.031632796 41.638473531 -0.046568444 -0.514606907 0.530235643 0.672206273
1520616978.666617870 3.339685770 -4.063442141 41.664643281 -0.052119391 -0.492848319 0.539253050 0.680874622
1520616978.716622829 3.304314257 -4.079171461 41.683780887 -0.054995883 -0.472983487 0.547896953 0.687801572
1520616978.766620874 3.265614148 -4.099613056 41.702905250 -0.059080991 -0.451669495 0.556667733 0.694712270
1520616978.816694975 3.230902695 -4.115702888 41.725366963 -0.064184119 -0.430686304 0.562133232 0.703132943
1520616978.866623878 3.193155326 -4.125404987 41.753455092 -0.067308276 -0.413475432 0.564844858 0.710955659
1520616978.916625738 3.161671209 -4.137187504 41.786090301 -0.070827055 -0.398317837 0.567522550 0.717108488
1520616978.966626883 3.131570405 -4.149808314 41.816536478 -0.071136377 -0.384484141 0.567151308 0.724879958
1520616979.016628742 3.098057301 -4.155564547 41.843346144 -0.070387225 -0.371328811 0.563446163 0.734635266
1520616979.066630840 3.065746394 -4.171128907 41.881345244 -0.074289675 -0.356214938 0.559320905 0.744816815
1520616979.116288424 3.038304051 -4.180689151 41.914453845 -0.079903671 -0.342903175 0.555724795 0.753128653
1520616979.166290283 3.012870781 -4.205876086 41.951615482 -0.088608603 -0.331140242 0.552274920 0.759925699
1520616979.216291428 2.989044931 -4.215341885 41.988739411 -0.092669823 -0.320423397 0.548398697 0.766811593
1520616979.266293287 2.959101761 -4.216560731 42.024794010 -0.093979798 -0.307341319 0.543851113 0.775200024
1520616979.316294432 2.933664000 -4.223702010 42.064566295 -0.094462727 -0.292814420 0.541286465 0.782525061
1520616979.366296530 2.907834307 -4.229035205 42.113238257 -0.092337155 -0.276471713 0.540711301 0.789093486
1520616979.416297197 2.880804125 -4.246566517 42.162003902 -0.089516449 -0.260157315 0.534779804 0.798946518
1520616979.466299534 2.865956331 -4.249456925 42.203796219 -0.089483267 -0.246209916 0.527739963 0.807999971
1520616979.515960217 2.844319708 -4.248551035 42.250314829 -0.094303311 -0.231699299 0.521300515 0.815884853
1520616979.565961123 2.846287432 -4.242983920 42.287391737 -0.101848530 -0.222410611 0.515942733 0.820952796
1520616979.615963221 2.819884450 -4.227739125 42.326861635 -0.106433600 -0.213209759 0.510760865 0.826036819
1520616979.665964127 2.794605078 -4.219434885 42.370614514 -0.110853125 -0.205727491 0.508628914 0.828664234
1520616979.715965986 2.765161123 -4.220077750 42.412664130 -0.114756585 -0.197658256 0.504869335 0.832387587
1520616979.765968323 2.754318425 -4.226966744 42.463999146 -0.120689953 -0.192024083 0.502512131 0.834291463
1520616979.815970182 2.728666796 -4.223415368 42.515430786 -0.122006507 -0.187400374 0.501524027 0.835744675
1520616979.865971088 2.706978607 -4.229537841 42.564955567 -0.124622577 -0.183092356 0.501005473 0.836624120
1520616979.915788651 2.691666803 -4.225974309 42.612259526 -0.127638640 -0.181187799 0.500225279 0.837050792
1520616979.965790510 2.629860554 -4.198732793 42.653848140 -0.128638661 -0.175353538 0.494964877 0.841256799
1520616980.015792370 2.615710190 -4.181722957 42.702053354 -0.135248801 -0.174485338 0.488579652 0.844128280
1520616980.065794706 2.600779255 -4.171233398 42.757361485 -0.141129047 -0.173049496 0.484787262 0.845646365
1520616980.115795612 2.577571783 -4.154102083 42.795398439 -0.139663213 -0.170260749 0.482994309 0.847479770
1520616980.165799618 2.577479078 -4.136093649 42.848114164 -0.135041650 -0.169029845 0.478256164 0.851154338
1520616980.215798616 2.552991031 -4.117507965 42.897857875 -0.125644581 -0.165830795 0.470801020 0.857356394
1520616980.265799522 2.537105083 -4.105570788 42.954598744 -0.121911387 -0.167125752 0.465213572 0.860687475
1520616980.316151857 2.526860497 -4.092737067 43.002478779 -0.121742846 -0.173838774 0.464280022 0.859885354
1520616980.366152763 2.508422056 -4.069220855 43.052695722 -0.122431089 -0.179438127 0.463883400 0.858850848
1520616980.416154861 2.485584132 -4.050006202 43.094763828 -0.122153799 -0.182056384 0.462892162 0.858874128
1520616980.466203928 2.471865583 -4.025916153 43.142073405 -0.121843398 -0.181871344 0.459489706 0.860782325
1520616980.516157866 2.467377537 -4.013755877 43.194414773 -0.126080726 -0.178278695 0.452761439 0.864481021
1520616980.566159964 2.466216641 -3.994586007 43.245375428 -0.133683939 -0.173463480 0.446199235 0.867724189
1520616980.616160870 2.452437843 -3.969666312 43.292779569 -0.142478909 -0.162950263 0.440773927 0.871128760
1520616980.666162968 2.447232635 -3.944078830 43.343046348 -0.153747061 -0.151088051 0.437175769 0.873161835
1520616980.716924906 2.447588817 -3.921819305 43.401087887 -0.167314550 -0.142060835 0.435887884 0.872826623
1520616980.766927004 2.457135273 -3.890258937 43.458258359 -0.176406325 -0.134793541 0.433996230 0.873131595
1520616980.816928148 2.455992093 -3.853021199 43.509085929 -0.180214727 -0.128960008 0.432122787 0.874163523
1520616980.866930008 2.451655890 -3.821932923 43.563968011 -0.180754316 -0.127205466 0.431524099 0.874604824
1520616980.916930914 2.447031402 -3.793503956 43.617121504 -0.179872233 -0.127081982 0.430640772 0.875239781
1520616980.966933012 2.426606292 -3.767368446 43.663437993 -0.177662600 -0.130348495 0.429342736 0.875848209
1520616981.016933918 2.427942885 -3.742870984 43.716074307 -0.178921284 -0.139287624 0.429953801 0.873914104
1520616981.066936255 2.422738108 -3.717607825 43.761195025 -0.179057643 -0.146538768 0.430789199 0.872287462
1520616981.116938114 2.431714998 -3.696522118 43.815743614 -0.182208402 -0.152263781 0.430215658 0.870936465
1520616981.166481972 2.432714868 -3.673878071 43.870884381 -0.180340832 -0.158804574 0.432746102 0.868901089
1520616981.216484308 2.444266151 -3.660407618 43.928345242 -0.177010437 -0.165265861 0.439806549 0.864826399
1520616981.266486168 2.447619761 -3.637891219 43.978970199 -0.168575589 -0.169611906 0.446707802 0.862128884
1520616981.316487074 2.455828006 -3.611062719 44.033483433 -0.156728141 -0.171281674 0.444481440 0.865179246
1520616981.366488218 2.467022910 -3.586881083 44.085359681 -0.144428240 -0.173431791 0.440193877 0.869074938
1520616981.416490078 2.468166387 -3.563719008 44.137702168 -0.134536758 -0.178042807 0.437476159 0.871100012
1520616981.466491938 2.469729302 -3.534325950 44.182296959 -0.126236852 -0.181049193 0.433788277 0.873563494
1520616981.516494274 2.469434873 -3.500274108 44.229783990 -0.123729192 -0.179425595 0.428584085 0.876819950
1520616981.566055059 2.477060380 -3.463786869 44.279526559 -0.123390856 -0.176844650 0.427376130 0.877980814
1520616981.616056204 2.482471873 -3.436510558 44.331247737 -0.126345232 -0.174057184 0.426141458 0.878717496
1520616981.666058064 2.495921609 -3.401219698 44.382268649 -0.128339087 -0.171120716 0.419841938 0.882031477
1520616981.716059923 2.523301373 -3.376530504 44.437466617 -0.131371607 -0.164552330 0.411467559 0.886768560
1520616981.766061068 2.537414453 -3.352506431 44.486621058 -0.131488367 -0.155305543 0.410809187 0.888722009
1520616981.816063166 2.563067837 -3.321448209 44.534678450 -0.132240603 -0.148257250 0.416171229 0.887318274
1520616981.866065025 2.582306827 -3.297376057 44.584613754 -0.133774339 -0.142469951 0.426523950 0.883110446
1520616981.916066170 2.588709658 -3.259677839 44.624694223 -0.132548845 -0.136625124 0.439149042 0.878016229
1520616981.965775490 2.598893936 -3.231364226 44.664840362 -0.132302130 -0.131744571 0.449359983 0.873621840
1520616982.015775681 2.613687899 -3.192587448 44.708613697 -0.127147442 -0.132467507 0.453611410 0.872079455
1520616982.065777540 2.633137748 -3.153530832 44.747913924 -0.121183131 -0.133212009 0.452877190 0.873196118
1520616982.115798712 2.651366216 -3.114574773 44.786286476 -0.115027950 -0.136234733 0.454041036 0.872957849
1520616982.165780544 2.664844669 -3.086152992 44.823353368 -0.111652968 -0.141192438 0.457992272 0.870540860
1520616982.215781450 2.692131668 -3.041484891 44.861876789 -0.114228229 -0.145664401 0.457606219 0.869672549
1520616982.265783548 2.713315602 -2.997845861 44.894311491 -0.123259121 -0.145550326 0.454894533 0.869881173
1520616982.315784454 2.750069603 -2.955968498 44.924948090 -0.135546290 -0.145022497 0.452935827 0.869163285
1520616982.365704060 2.757566408 -2.908480849 44.961737265 -0.145233740 -0.137130775 0.447702191 0.871587666
1520616982.415704966 2.777888275 -2.867099504 44.994845532 -0.154883194 -0.130527201 0.444147536 0.872758164
1520616982.465707064 2.799480984 -2.825824429 45.031348870 -0.160483246 -0.124694978 0.440730134 0.874330166
1520616982.515707970 2.816978656 -2.778237343 45.061586663 -0.159718096 -0.119652046 0.436045400 0.877518049
1520616982.565710068 2.851577957 -2.733503914 45.092621036 -0.156885068 -0.121160714 0.432166731 0.879738071
1520616982.615710974 2.864782226 -2.687962358 45.122031910 -0.152632741 -0.121558568 0.424886303 0.883967415
1520616982.665713072 2.894750133 -2.643365978 45.149200999 -0.152771449 -0.123342628 0.418092707 0.886930645
1520616982.715715170 2.925635365 -2.599017294 45.181411637 -0.155367259 -0.124685695 0.417080186 0.886768634
1520616982.765817642 2.960759924 -2.571983354 45.222190954 -0.161019295 -0.126833935 0.420381928 0.883891947
1520616982.815819502 2.987613611 -2.541493427 45.257339529 -0.164606134 -0.126490268 0.420360739 0.883290372
1520616982.865820408 3.016873396 -2.503062758 45.288657548 -0.165457809 -0.123854340 0.418220778 0.884519755
1520616982.915822744 3.048407694 -2.472608758 45.324403658 -0.166362235 -0.115210625 0.416305809 0.886419535
1520616982.965823650 3.073508888 -2.436387401 45.354857130 -0.163228826 -0.105842018 0.413309325 0.889566872
1520616983.015825510 3.118118612 -2.391283291 45.391598347 -0.156636120 -0.101547424 0.409840506 0.892851615
1520616983.065827608 3.145142679 -2.362136597 45.424362605 -0.149741598 -0.096481086 0.407131430 0.895830817
1520616983.115829706 3.175394846 -2.334837905 45.460843105 -0.140645424 -0.093011464 0.401424465 0.900236709
1520616983.165883541 3.202535733 -2.321730311 45.487873459 -0.135455633 -0.087638919 0.396485238 0.903753643
1520616983.215885401 3.235752899 -2.299646835 45.523356344 -0.125813941 -0.084386232 0.391282648 0.907715652
1520616983.265887499 3.268035581 -2.281177538 45.557889088 -0.117570629 -0.082623962 0.382642987 0.912652602
1520616983.315888405 3.299658189 -2.268325255 45.592351221 -0.108945811 -0.080441019 0.372386601 0.918143928
1520616983.365890503 3.331603306 -2.269735166 45.622155614 -0.098764602 -0.079428700 0.364839495 0.922403804
1520616983.415891647 3.357850634 -2.271225308 45.650022835 -0.081193827 -0.078960186 0.355082480 0.927948966
1520616983.465892553 3.392814604 -2.271970612 45.681356560 -0.059927726 -0.078903001 0.341053182 0.934807847
1520616983.515894651 3.406811022 -2.279612169 45.707194661 -0.037936026 -0.075674021 0.327349591 0.941103897
1520616983.565895557 3.423706985 -2.288032857 45.731334440 -0.024027216 -0.068747524 0.313369372 0.946834784
1520616983.615723848 3.437361213 -2.287099186 45.754411550 -0.018167740 -0.053548010 0.300810850 0.952005975
1520616983.665724993 3.448986987 -2.291518393 45.780642242 -0.021281336 -0.032279320 0.289618496 0.956360955
1520616983.715726852 3.451097350 -2.303729315 45.803218113 -0.029195973 -0.007978180 0.283211480 0.958579783
1520616983.765728951 3.456561033 -2.329292891 45.815275728 -0.039424379 0.013206695 0.278656431 0.959490435
1520616983.815730095 3.451187319 -2.336138143 45.824739423 -0.043533030 0.035764585 0.267639875 0.961870400
1520616983.865731955 3.447584178 -2.353971140 45.830028655 -0.048000649 0.053385733 0.251833832 0.965103944
1520616983.915733099 3.436537616 -2.376873984 45.839592189 -0.053393575 0.062509547 0.228744764 0.970009029
1520616983.965734959 3.419918762 -2.415596143 45.838035396 -0.058405851 0.051065855 0.210510249 0.974508322
1520616984.015578508 3.393633953 -2.466180960 45.834834823 -0.057539733 0.024291586 0.198042642 0.978201518
1520616984.065580368 3.369599422 -2.504160369 45.823498303 -0.046591591 -0.012432699 0.182959085 0.981937180
1520616984.115581274 3.331777998 -2.551025673 45.805957570 -0.031300257 -0.055928166 0.174131130 0.982634563
1520616984.165583372 3.293608311 -2.597235271 45.776637438 -0.016448695 -0.101103657 0.168565398 0.980353609
1520616984.215585470 3.255021253 -2.636526541 45.751344769 -0.002284273 -0.150386289 0.179367255 0.972217123
1520616984.265586376 3.212726204 -2.666611017 45.723904180 0.011887838 -0.204341930 0.198346159 0.958520660
1520616984.315588474 3.174119865 -2.690100946 45.692833768 0.016931077 -0.259527547 0.223244196 0.939425793
1520616984.365589380 3.174119865 -2.690100946 45.692833768 0.016931077 -0.259527547 0.223244196 0.939425793
1520616984.415640831 3.140944580 -2.723254693 45.656411455 0.010521788 -0.304220429 0.250597818 0.918988551
1520616984.465641975 3.109300762 -2.749988867 45.624234497 0.004505257 -0.337060565 0.278318425 0.899393536
1520616984.515644073 3.057170775 -2.777147734 45.598766907 0.001669436 -0.351953328 0.311239107 0.882754941
1520616984.565645933 3.018076688 -2.805907589 45.576766241 -0.003998979 -0.355588549 0.342637096 0.869563461
1520616984.615647078 2.979082949 -2.833183529 45.557536139 -0.015711300 -0.348276759 0.374159482 0.859337615
1520616984.665648937 2.960093197 -2.863581119 45.545556955 -0.037353022 -0.336509772 0.399387983 0.851971340
1520616984.715649843 2.922984431 -2.891543483 45.528806897 -0.062168125 -0.315141569 0.417273203 0.850119986
1520616984.765652180 2.890484863 -2.913833932 45.511648208 -0.087378252 -0.289901973 0.424398661 0.853350844
1520616984.815819025 2.860314369 -2.933339120 45.497148146 -0.108418405 -0.261292148 0.420079990 0.862267166
1520616984.865819931 2.829491075 -2.952679469 45.492362423 -0.122122428 -0.232229749 0.412748356 0.872235204
1520616984.915822268 2.801317526 -2.966448428 45.484721928 -0.126311248 -0.201407445 0.399217758 0.885497426
1520616984.965824127 2.772874845 -2.982921283 45.481377934 -0.121072293 -0.173513048 0.378247011 0.901201376
1520616985.015825033 2.755216845 -3.002623633 45.480761633 -0.110255862 -0.146407878 0.346194597 0.920085691
1520616985.065826178 2.753425222 -3.032326443 45.481952422 -0.091091179 -0.124355680 0.309419339 0.938348408
1520616985.115828037 2.736442356 -3.070831883 45.485541535 -0.056943920 -0.113695962 0.279505993 0.951686407
1520616985.165829182 2.719213556 -3.098944804 45.485906587 -0.011780893 -0.116006504 0.249119113 0.961427776
1520616985.215872049 2.693830153 -3.148161912 45.487314737 0.028773839 -0.122900704 0.220738881 0.967130720
1520616985.265873909 2.682387560 -3.193821557 45.476763994 0.060024658 -0.148570753 0.201193646 0.966356502
1520616985.315875053 2.643688404 -3.228517634 45.470903530 0.085088231 -0.187280561 0.187546384 0.960475059
1520616985.365877151 2.610441445 -3.252543754 45.452454657 0.092089243 -0.236679117 0.182670538 0.949807371
1520616985.415881157 2.582875774 -3.279634614 45.430935857 0.083657888 -0.291653675 0.181185353 0.935473869
1520616985.465880156 2.554035850 -3.306329184 45.407532769 0.066233936 -0.348018054 0.187029494 0.916251313
1520616985.515881062 2.522315765 -3.327533992 45.387671749 0.049703776 -0.401798600 0.197987986 0.892685934
1520616985.565882921 2.497156012 -3.349707852 45.372161224 0.039380575 -0.443390279 0.217061144 0.868756980
1520616985.615884066 2.466895101 -3.379001263 45.351910531 0.036076070 -0.467215017 0.243163775 0.849282064
1520616985.665736437 2.434485285 -3.406698384 45.327021212 0.039643391 -0.477732715 0.278044812 0.832400707
1520616985.715737581 2.415548817 -3.440876950 45.314070919 0.039863175 -0.479075556 0.315484842 0.818148430
1520616985.765739679 2.388888832 -3.469434558 45.296680575 0.033567100 -0.469208677 0.355395579 0.807719289
1520616985.815741777 2.358269644 -3.489809027 45.282777863 0.018382205 -0.449739203 0.389156300 0.803712709
1520616985.865742683 2.337684079 -3.514161171 45.269482640 -0.012435275 -0.425490796 0.416668652 0.803237313
1520616985.915744543 2.315000848 -3.532470311 45.262291058 -0.048006968 -0.400196846 0.438854004 0.803084664
1520616985.965745687 2.302586715 -3.555670818 45.249468436 -0.085904495 -0.369764829 0.457260741 0.804243125
1520616986.015747786 2.278051953 -3.575014489 45.241381258 -0.117004782 -0.333613728 0.468742729 0.809501091
1520616986.065976143 2.251159581 -3.582121885 45.235900320 -0.140222989 -0.290838049 0.469471363 0.821795219
1520616986.115978003 2.231583208 -3.586092257 45.239430526 -0.155045690 -0.248344131 0.463450645 0.836360883
1520616986.165978909 2.206640463 -3.596603849 45.240369431 -0.163108606 -0.206086644 0.447893076 0.854585087
1520616986.215981245 2.187881180 -3.597062346 45.245869285 -0.163039576 -0.172604877 0.428698002 0.871690126
1520616986.265983105 2.178710957 -3.598708569 45.254314699 -0.156469844 -0.147663893 0.404474140 0.888883138
1520616986.315984011 2.165814214 -3.606514171 45.260702925 -0.143948788 -0.130515827 0.376329025 0.905881245
1520616986.365986109 2.157724093 -3.618191243 45.272047900 -0.126798692 -0.117533091 0.348002012 0.921413405
1520616986.415987968 2.149954511 -3.638488992 45.281396444 -0.104235795 -0.110581290 0.316897939 0.936206373
1520616986.466095209 2.133619866 -3.656387571 45.292409741 -0.077594685 -0.108431505 0.287151587 0.948559771
1520616986.516097069 2.123360139 -3.674569641 45.295753795 -0.058406225 -0.116010856 0.259686720 0.956918493
1520616986.566097975 2.106799620 -3.700823934 45.295988066 -0.045700988 -0.133780710 0.239685488 0.960502477
1520616986.616100073 2.091102093 -3.708824080 45.291203376 -0.035059669 -0.161134264 0.222684691 0.960842389
1520616986.666102171 2.066119049 -3.726752319 45.283970307 -0.029453070 -0.197082006 0.212808013 0.956558388
1520616986.716103077 2.054137250 -3.739619399 45.268815183 -0.026835384 -0.241867815 0.213387724 0.946174139
1520616986.766104221 2.038534579 -3.751694227 45.248013755 -0.022229636 -0.288842085 0.227752003 0.929626333
1520616986.816106081 2.023650009 -3.766053097 45.226576256 -0.020802409 -0.329093484 0.252768462 0.909600375
1520616986.865979433 2.018063105 -3.763026962 45.205672188 -0.027303799 -0.360165556 0.282224114 0.888754648
1520616986.915982485 2.019233396 -3.764166864 45.186913139 -0.051992386 -0.381234266 0.301695690 0.872316993
1520616986.965983391 2.017009252 -3.755971687 45.166829761 -0.090066845 -0.391695136 0.308217783 0.862243981
1520616987.015984535 2.020896841 -3.730609104 45.150006701 -0.134645554 -0.393180233 0.304248949 0.857153694
1520616987.065986395 2.035450987 -3.706967864 45.139679126 -0.182606685 -0.389130912 0.290398397 0.854927308
1520616987.116074324 2.041853695 -3.675664809 45.120403488 -0.225006295 -0.380705082 0.273786509 0.854094114
1520616987.165989399 2.052156776 -3.643735580 45.099621321 -0.265832472 -0.374449620 0.253446867 0.851401941
1520616987.215990305 2.072649997 -3.615930160 45.082997470 -0.302703330 -0.370566744 0.232202752 0.846836976
1520616987.266605377 2.104819807 -3.596196448 45.079225999 -0.325244743 -0.369405890 0.220313618 0.842150257
1520616987.316606283 2.127790382 -3.580931642 45.072638383 -0.325004336 -0.363130053 0.220960967 0.844798791
1520616987.366608381 2.151204111 -3.574192093 45.072302962 -0.301694232 -0.353212461 0.234283571 0.854009810
1520616987.416609287 2.178734560 -3.581225209 45.087901687 -0.261707779 -0.337814432 0.257448690 0.866666383
1520616987.466611385 2.207589265 -3.594683458 45.101282766 -0.207969378 -0.317165160 0.286511412 0.879810326
1520616987.516613483 2.230923971 -3.612211617 45.117357481 -0.147981329 -0.293271102 0.319282328 0.888905159
1520616987.566614389 2.265524140 -3.628410166 45.133285856 -0.091514258 -0.267424363 0.347736357 0.893973588
1520616987.616616249 2.320275391 -3.640637040 45.154978504 -0.042460225 -0.244261695 0.371882341 0.894559600
1520616987.666622400 2.358006923 -3.650530186 45.165789288 0.002038719 -0.224769867 0.393368142 0.891479588
1520616987.716624260 2.382374821 -3.655009663 45.175432068 0.040928152 -0.208379451 0.412873556 0.885685225
1520616987.766625166 2.410189146 -3.652304170 45.178406770 0.070703715 -0.196152073 0.427952535 0.879421388
1520616987.816627264 2.437388992 -3.641345095 45.185557235 0.087039039 -0.188518770 0.435017161 0.876153496
1520616987.866629124 2.459537702 -3.628354340 45.192636096 0.084584219 -0.188686616 0.435031249 0.876350777
1520616987.916630030 2.479515648 -3.600577365 45.194105106 0.062183714 -0.201250586 0.428253845 0.878766198
1520616987.966632366 2.484310376 -3.570537143 45.186607726 0.020292596 -0.222270834 0.414789967 0.882118570
1520616988.016633272 2.496156537 -3.542602709 45.179243566 -0.036229960 -0.246728562 0.394728437 0.884308695
1520616988.066636086 2.517346634 -3.513454980 45.181379243 -0.097376361 -0.268664692 0.370807932 0.883650726
1520616988.115684986 2.517346634 -3.513454980 45.181379243 -0.097376361 -0.268664692 0.370807932 0.883650726
1520616988.165687799 2.541427665 -3.457157782 45.180608271 -0.141241160 -0.285211730 0.347078337 0.882180158
1520616988.215688944 2.557686924 -3.409731297 45.174429278 -0.178263982 -0.297882107 0.326409691 0.879172860
1520616988.265691042 2.578431925 -3.374704181 45.171932031 -0.211802509 -0.305952050 0.306360473 0.876171388
1520616988.315691948 2.599319619 -3.336217177 45.175889931 -0.235815367 -0.311235222 0.291525914 0.873233297
1520616988.365694046 2.615552420 -3.299683098 45.169899239 -0.245389822 -0.311307144 0.283069550 0.873351778
1520616988.415694952 2.633684311 -3.269763239 45.176791893 -0.235824118 -0.307339252 0.281792274 0.877794215
1520616988.465696812 2.633684311 -3.269763239 45.176791893 -0.235824118 -0.307339252 0.281792274 0.877794215
1520616988.516411066 2.650027273 -3.257547371 45.189808526 -0.183036412 -0.284622597 0.304321958 0.890435733
1520616988.566412926 2.683069902 -3.256224036 45.215171012 -0.126157527 -0.258453961 0.330267159 0.899004690
1520616988.616414070 2.713555862 -3.263832420 45.240750007 -0.071379526 -0.231991094 0.356890723 0.902061033
1520616988.666416883 2.749071578 -3.273383329 45.258509033 -0.024323503 -0.209120601 0.377536024 0.901744693
1520616988.716416836 2.794206615 -3.264366720 45.283371928 0.018838983 -0.193104892 0.393431180 0.898647595
1520616988.766474962 2.831150111 -3.261657080 45.303051387 0.051382077 -0.178797323 0.407784105 0.893925905
1520616988.816419840 2.854575408 -3.243772869 45.322062408 0.076773157 -0.169590870 0.420846402 0.887824941
1520616988.866421938 2.885180342 -3.226714479 45.344161690 0.090000717 -0.166850411 0.431784948 0.881829105
1520616988.915898800 2.912795327 -3.203224463 45.364992551 0.090276701 -0.170597532 0.436775607 0.878620321
1520616988.965900898 2.932326041 -3.169209460 45.384555840 0.076517711 -0.181465846 0.435585993 0.878339359
1520616989.015902758 2.940632412 -3.132599982 45.402732540 0.048493906 -0.198623220 0.428239380 0.880231896
1520616989.065903664 2.952141198 -3.085667123 45.415837104 0.004821020 -0.223182588 0.411152665 0.883809808
1520616989.115906000 2.965892874 -3.046485948 45.420600690 -0.051670442 -0.248506671 0.387018578 0.886448656
1520616989.165906668 2.979390321 -3.010192122 45.429572649 -0.110348472 -0.273509573 0.360887592 0.884746220
1520616989.215908766 2.998059610 -2.958682057 45.436785548 -0.160931528 -0.293060655 0.339916549 0.879018336
1520616989.265909910 3.012979408 -2.914190175 45.439287710 -0.198986404 -0.305746652 0.323171667 0.873202995
1520616989.315804243 3.031107977 -2.874938651 45.442886046 -0.225022454 -0.313482185 0.310223550 0.868824012
1520616989.365805149 3.045791661 -2.829299312 45.450350089 -0.241029203 -0.318008764 0.297461022 0.867347848
1520616989.415807009 3.065826719 -2.787110332 45.455260868 -0.257963099 -0.320899063 0.282947635 0.866267549
1520616989.465809345 3.088491090 -2.740437891 45.459020701 -0.277509757 -0.325991682 0.269789049 0.862514712
1520616989.515810251 3.127219059 -2.698246545 45.480023270 -0.293999385 -0.330259225 0.256758635 0.859399912
1520616989.565812111 3.155285489 -2.665649359 45.497768854 -0.294540955 -0.326692477 0.253969335 0.861404219
1520616989.615814209 3.179333437 -2.648731266 45.519416291 -0.272322822 -0.314367958 0.261971962 0.870852318
1520616989.665815115 3.179333437 -2.648731266 45.519416291 -0.272322822 -0.314367958 0.261971962 0.870852318
1520616989.717325449 3.179333437 -2.648731266 45.519416291 -0.272322822 -0.314367958 0.261971962 0.870852318
1520616989.767327309 3.209486146 -2.659533932 45.558454839 -0.218432216 -0.280600868 0.291800061 0.887920742
1520616989.817328453 3.254871667 -2.656157187 45.595621315 -0.168694031 -0.252495660 0.315810321 0.898917186
1520616989.867330313 3.282011057 -2.650980159 45.633986751 -0.132045735 -0.227942002 0.333196283 0.905310226
1520616989.917331457 3.326266987 -2.632419228 45.667760073 -0.114575160 -0.214541133 0.345407705 0.906387419
1520616989.967333555 3.353657370 -2.606678156 45.695455045 -0.112083715 -0.206008978 0.351700892 0.906258255
1520616990.017334461 3.384000046 -2.580589681 45.721786590 -0.126893977 -0.203798702 0.346840521 0.906678367
1520616990.067335606 3.400980920 -2.538146518 45.739655060 -0.155013308 -0.204890924 0.336402594 0.905993311
1520616990.115924835 3.413378581 -2.494045718 45.750347967 -0.193802275 -0.206144168 0.322842692 0.903171000
1520616990.165926695 3.428973771 -2.448521933 45.761890006 -0.235335696 -0.205669763 0.307004356 0.898924571
1520616990.215927601 3.458598754 -2.401045681 45.784454581 -0.271361733 -0.196379381 0.287528486 0.897287757
1520616990.265929937 3.464674072 -2.360677320 45.796002243 -0.298155168 -0.170487370 0.268105053 0.900087347
1520616990.315930605 3.494177260 -2.324195518 45.820415360 -0.312016406 -0.137505471 0.251131400 0.905908951
1520616990.365932703 3.513780051 -2.298417011 45.839646363 -0.317105431 -0.094202338 0.237078976 0.913435068
1520616990.415960789 3.552645355 -2.265395175 45.854092816 -0.310842400 -0.057960375 0.223223847 0.922056783
1520616990.465935707 3.572238785 -2.248085399 45.872139902 -0.304191533 -0.018045383 0.209988766 0.929003010
1520616990.515936613 3.593057873 -2.242473901 45.890941913 -0.299044266 0.014353214 0.197270458 0.933515334
1520616990.566101313 3.605887825 -2.231758781 45.901032825 -0.293168083 0.034564766 0.186267621 0.937103049
1520616990.616102457 3.607228989 -2.229578244 45.906381637 -0.290239842 0.030345890 0.190400174 0.937330110
1520616990.666104317 3.594191513 -2.241848321 45.904399185 -0.290701176 -0.002738364 0.206855138 0.934182145
1520616990.716106415 3.577061802 -2.254986840 45.903244523 -0.292116985 -0.052686222 0.227205069 0.927507243
1520616990.766107559 3.563723796 -2.279018263 45.889881177 -0.292686597 -0.111920911 0.242123110 0.918250873
1520616990.816109419 3.529230156 -2.318213014 45.889974887 -0.286545767 -0.165503529 0.261479389 0.906713094
1520616990.866110563 3.498044973 -2.351103584 45.872735627 -0.266931905 -0.222705424 0.284521446 0.893418826
1520616990.916112423 3.479805256 -2.389273268 45.857719984 -0.239054312 -0.283784724 0.313788769 0.873988486
1520616990.966140032 3.479805256 -2.389273268 45.857719984 -0.239054312 -0.283784724 0.313788769 0.873988486
1520616991.016142130 3.455136024 -2.423687051 45.830205404 -0.205883237 -0.331542843 0.336770030 0.856899867
1520616991.066143990 3.429450840 -2.457022440 45.810943999 -0.182347707 -0.368233848 0.350377912 0.841658164
1520616991.116144896 3.397271820 -2.484055968 45.788329114 -0.173521455 -0.389920698 0.355345201 0.831614058
1520616991.166147232 3.369223541 -2.508183343 45.771692462 -0.182208151 -0.392208206 0.345889813 0.832666290
1520616991.216149092 3.336468296 -2.522727678 45.752447293 -0.199848752 -0.374612816 0.330314529 0.842981628
1520616991.266149998 3.308093472 -2.545497073 45.739071026 -0.221447461 -0.345279064 0.314123644 0.856194911
1520616991.316151142 3.285131762 -2.572735107 45.728812085 -0.236014448 -0.306732334 0.301060991 0.871535849
1520616991.366085529 3.262652487 -2.587750690 45.716320247 -0.235256552 -0.262293902 0.291144843 0.889432934
1520616991.416087389 3.233299712 -2.604176653 45.709742899 -0.225456100 -0.217115724 0.285685692 0.905767075
1520616991.466088295 3.214195584 -2.632935552 45.704733508 -0.212021582 -0.174596091 0.277498752 0.920628859
1520616991.516091585 3.190200290 -2.664028483 45.702926524 -0.196421752 -0.132503311 0.268571342 0.933665252
1520616991.566092491 3.159597372 -2.684935054 45.697289633 -0.180511322 -0.091784985 0.256909899 0.944980678
1520616991.616093397 3.146848162 -2.709593745 45.689619044 -0.179087886 -0.054143014 0.246599938 0.950886183
1520616991.666095495 3.115786515 -2.732885257 45.681317509 -0.187302005 -0.020498564 0.239758446 0.952372645
1520616991.716096401 3.089324354 -2.755863255 45.672467697 -0.202292866 -0.003466165 0.238324288 0.949877421
1520616991.765949011 3.055662314 -2.778241688 45.663469733 -0.218300636 -0.008431348 0.242349816 0.945272612
1520616991.815950871 3.016610659 -2.802385803 45.656471087 -0.229750702 -0.043472041 0.247348508 0.940289058
1520616991.865952015 2.958942585 -2.832116736 45.646970532 -0.229203797 -0.091491575 0.254897448 0.934945026
1520616991.915952921 2.894921757 -2.856098279 45.632960466 -0.222911139 -0.137067541 0.264339973 0.928249693
1520616991.965955019 2.894921757 -2.856098279 45.632960466 -0.222911139 -0.137067541 0.264339973 0.928249693
1520616992.015957117 2.894921757 -2.856098279 45.632960466 -0.222911139 -0.137067541 0.264339973 0.928249693
1520616992.065958023 2.864115544 -2.902015859 45.625627482 -0.203955239 -0.192217250 0.285127753 0.916600760
1520616992.115958929 2.804650949 -2.924591059 45.622608716 -0.178321458 -0.237810620 0.306685262 0.904207784
1520616992.165961027 2.781688040 -2.957620460 45.622520501 -0.162660112 -0.281703107 0.326824796 0.887339056
1520616992.215962887 2.749193091 -2.991702873 45.612714823 -0.148755511 -0.322503241 0.343043412 0.869588797
1520616992.265963793 2.705194920 -3.022380107 45.597363877 -0.138687268 -0.353252274 0.357438399 0.853356000
1520616992.315966129 2.660986738 -3.047818064 45.589262878 -0.128989864 -0.378761657 0.366751036 0.839877908
1520616992.365967035 2.619731356 -3.073115395 45.581082810 -0.127523839 -0.388385102 0.367548503 0.835345905
1520616992.415968895 2.580286943 -3.100412025 45.575807135 -0.133339721 -0.377022174 0.359289882 0.843199608
1520616992.465970039 2.544461049 -3.121695552 45.581407608 -0.145787254 -0.349222676 0.350371698 0.856755083
1520616992.515971899 2.505290235 -3.140249082 45.574180925 -0.154464749 -0.310833753 0.341931480 0.873273086
1520616992.565972805 2.475745925 -3.152210929 45.574571442 -0.161736260 -0.268582326 0.334566051 0.888690314
1520616992.615977526 2.455067649 -3.179267709 45.587374336 -0.170536324 -0.226024817 0.327066537 0.901586172
1520616992.665979385 2.427905829 -3.198798367 45.593413815 -0.174178749 -0.184375907 0.315449785 0.914417148
1520616992.715980291 2.396122706 -3.223859276 45.591042088 -0.181683831 -0.144916303 0.299129916 0.925479089
1520616992.765982628 2.374016997 -3.236327024 45.593906002 -0.193506929 -0.109720545 0.279595449 0.933992963
1520616992.815983534 2.346121529 -3.255012891 45.587490718 -0.209106776 -0.075855588 0.264028968 0.938514246
1520616992.865985394 2.319863738 -3.272129619 45.582300661 -0.223704070 -0.047599899 0.249430629 0.940996865
1520616992.915986538 2.289959456 -3.291434928 45.580235733 -0.240235231 -0.015424252 0.235620780 0.941558269
1520616992.965988398 2.256326861 -3.311795625 45.577666572 -0.253874075 0.012970314 0.223962718 0.940861534
1520616993.015919924 2.222419251 -3.318885052 45.571622556 -0.257526201 0.029993918 0.216611320 0.941201443
1520616993.065922260 2.180184021 -3.330363175 45.576581598 -0.252654943 0.027798114 0.220347736 0.941721625
1520616993.115922928 2.133444162 -3.362543566 45.586669833 -0.245034697 0.006312593 0.235486385 0.940459628
1520616993.165924072 2.085825044 -3.375596383 45.588721512 -0.232997972 -0.025968692 0.253410267 0.938520542
1520616993.215926170 2.041586767 -3.407251192 45.597077053 -0.224251560 -0.060733449 0.269342213 0.934600160
1520616993.265928030 2.010930131 -3.436147908 45.597508832 -0.214162576 -0.103212258 0.282841827 0.929237387
1520616993.315929174 1.975055613 -3.472217870 45.604623498 -0.208205289 -0.148970953 0.298994607 0.919271689
1520616993.365930080 1.935430339 -3.507815078 45.604712613 -0.203546086 -0.198535924 0.316743028 0.904890232
1520616993.415955544 1.873417947 -3.504585817 45.579337297 -0.192249211 -0.243155720 0.336768222 0.889102188
1520616993.465957642 1.829319859 -3.527363842 45.574593970 -0.184319762 -0.287253295 0.354495984 0.870542570
1520616993.515958548 1.791137318 -3.547393177 45.566743974 -0.173299656 -0.329357715 0.371415229 0.850612399
1520616993.565960646 1.755167336 -3.566169077 45.563727864 -0.160777131 -0.362725341 0.384932641 0.833311408
1520616993.615962744 1.717843226 -3.584852903 45.558496642 -0.149865930 -0.384955637 0.394228709 0.820934276
1520616993.665963650 1.674661661 -3.601915673 45.548658042 -0.145634060 -0.390194069 0.397966042 0.817411976
1520616993.715964794 1.632492094 -3.613026137 45.547627862 -0.150426707 -0.375825809 0.392429966 0.825908887
1520616993.765966654 1.594830216 -3.624701098 45.555377150 -0.163941200 -0.344939354 0.381497509 0.841783687
1520616993.816106081 1.564497607 -3.630096898 45.567396070 -0.181586939 -0.302747291 0.367261698 0.860516767
1520616993.866106987 1.542689182 -3.636729480 45.586019641 -0.198212754 -0.253107568 0.349528529 0.880044357
1520616993.916108847 1.514035127 -3.641877430 45.589815644 -0.210790138 -0.194538406 0.334218387 0.897786387
1520616993.966109991 1.518881878 -3.651248112 45.619404936 -0.223259159 -0.139383011 0.316852846 0.911225547
1520616994.016111851 1.533466487 -3.647668664 45.640203011 -0.226687992 -0.085946353 0.301465241 0.922141251
1520616994.066112757 1.530091181 -3.659930111 45.650714709 -0.224843346 -0.034186969 0.281543725 0.932206979
1520616994.116115093 1.531377929 -3.674800546 45.665899242 -0.225208260 0.009776718 0.257342593 0.939659750
1520616994.166115999 1.524865085 -3.674013104 45.665669653 -0.229953717 0.041375674 0.238218525 0.942688324
1520616994.216082335 1.515164683 -3.678187315 45.665490983 -0.240200008 0.051682855 0.227174986 0.942350446
1520616994.266084194 1.502227020 -3.681485418 45.666293012 -0.249525845 0.039077122 0.219759466 0.942292740
1520616994.316085339 1.494592495 -3.690677571 45.670170511 -0.255105003 0.013173639 0.210623611 0.943602452
1520616994.366087198 1.501793818 -3.698001515 45.675865626 -0.253773700 -0.015682695 0.195037949 0.947266151
1520616994.416088104 1.498086368 -3.701901737 45.681581792 -0.240740504 -0.043912015 0.177366453 0.953234958
1520616994.466090441 1.507192823 -3.707533360 45.689901795 -0.218151912 -0.079643763 0.161464507 0.959164129
1520616994.516091347 1.512727762 -3.710302393 45.695079274 -0.189601031 -0.117368819 0.142379326 0.964367221
1520616994.566093206 1.523678488 -3.712003367 45.695782144 -0.163150564 -0.158913902 0.127953641 0.965275158
1520616994.616054296 1.525170714 -3.709788067 45.692126164 -0.142756971 -0.200890647 0.116778233 0.962094714
1520616994.666056395 1.522455157 -3.715855812 45.674147396 -0.134226864 -0.242238482 0.114445744 0.954047084
1520616994.716058493 1.527222147 -3.701254987 45.659858830 -0.134610561 -0.285450303 0.119886516 0.941289193
1520616994.766059399 1.531710253 -3.686737663 45.642719040 -0.142073178 -0.323012788 0.135826738 0.925758634
1520616994.816061258 1.540033012 -3.672082893 45.629484168 -0.156891035 -0.361725296 0.165460079 0.903970672
1520616994.866063356 1.545645143 -3.653927442 45.605126541 -0.174064324 -0.390571541 0.202434350 0.881008409
1520616994.916064262 1.553643668 -3.648613529 45.589800818 -0.192712743 -0.408669603 0.242070947 0.858634154
1520616994.966066599 1.572392742 -3.646144832 45.588262639 -0.210099536 -0.413914171 0.280803130 0.840049312
1520616995.016067505 1.587017758 -3.640262233 45.583197446 -0.227023652 -0.403366850 0.318990536 0.827043218
1520616995.066224337 1.603400646 -3.626138070 45.582929570 -0.247424106 -0.385007011 0.356779356 0.814407395
1520616995.116225004 1.626254522 -3.614105841 45.588562358 -0.274113661 -0.359561102 0.394336850 0.800047476
1520616995.166227102 1.646172343 -3.589103875 45.587843153 -0.301995823 -0.324511855 0.427181224 0.788039834
1520616995.216229200 1.679081388 -3.561918677 45.586436130 -0.330127958 -0.282249155 0.447751148 0.781581637
1520616995.266230106 1.709677875 -3.530530469 45.593467418 -0.355451920 -0.236459412 0.456866031 0.780393688
1520616995.316231966 1.741118042 -3.494663049 45.588164734 -0.375545637 -0.183705882 0.451366762 0.788343624
1520616995.366233110 1.783229960 -3.461318460 45.587253421 -0.391085827 -0.127157758 0.431282854 0.803042888
1520616995.416327238 1.822087092 -3.411561391 45.576202995 -0.388080059 -0.071864370 0.404580803 0.824950759
1520616995.466610193 1.874734653 -3.387601917 45.581198411 -0.377361376 -0.023164087 0.367090210 0.849886225
1520616995.516612530 1.941851501 -3.367033594 45.591805203 -0.350296946 0.016996017 0.322989350 0.879022790
1520616995.566613436 2.002204245 -3.339904635 45.593985402 -0.309677515 0.046288729 0.269509264 0.910671152
1520616995.616615295 2.047652356 -3.317925915 45.606744378 -0.267123617 0.064510360 0.215149791 0.937120032
1520616995.666616440 2.100303083 -3.329950276 45.614269013 -0.232733834 0.065066190 0.163474728 0.956492220
1520616995.716618299 2.136153354 -3.323560773 45.623532518 -0.203478497 0.052819490 0.120221201 0.970233717
1520616995.766619444 2.164599102 -3.316792256 45.629391895 -0.185601685 0.028599874 0.082897138 0.978704310
1520616995.816621304 2.188357698 -3.312557021 45.626263270 -0.174872011 -0.005395564 0.053276826 0.983133891
1520616995.866175413 2.212947244 -3.306032715 45.622000282 -0.168692245 -0.048795287 0.033426929 0.983892569
1520616995.916176558 2.230895570 -3.294875341 45.617838798 -0.164072860 -0.096909661 0.026199732 0.981326749
1520616995.966178417 2.240412062 -3.292646068 45.610314245 -0.164194646 -0.148643232 0.037615578 0.974438493
1520616996.016179323 2.247087410 -3.273508318 45.595910228 -0.167466030 -0.201089778 0.065016157 0.962959464
1520616996.066181421 2.254777797 -3.262735024 45.585696604 -0.179263419 -0.246937430 0.098768185 0.947170195
1520616996.116182327 2.256754295 -3.253772005 45.573080433 -0.192874654 -0.276728294 0.137996205 0.931223854
1520616996.166184187 2.264380607 -3.247107902 45.557052874 -0.211317910 -0.295794472 0.180207174 0.913988920
1520616996.216185331 2.269548829 -3.230879615 45.539626662 -0.236755711 -0.305930100 0.219692970 0.895593941
1520616996.266077995 2.279525972 -3.212241295 45.527907996 -0.269789247 -0.313243869 0.258420327 0.873104218
1520616996.316079855 2.287453193 -3.193054998 45.513426159 -0.298850725 -0.311262761 0.296135897 0.852119281
1520616996.366081238 2.303434976 -3.168252664 45.500571593 -0.325754170 -0.301650940 0.332524865 0.832056576
1520616996.416084051 2.321830482 -3.151441580 45.491179264 -0.349346645 -0.280583730 0.364780346 0.816189311
1520616996.466084957 2.341101351 -3.131311860 45.480092457 -0.366835673 -0.249559386 0.388761261 0.807475315
1520616996.516086102 2.364182021 -3.114093759 45.475924697 -0.382496037 -0.214852441 0.403311677 0.803041033
1520616996.566087961 2.393390196 -3.092564766 45.473524483 -0.397990004 -0.177635715 0.412317995 0.800027112
1520616996.616088867 2.417710028 -3.058427581 45.468505691 -0.407650504 -0.138287668 0.415942365 0.801055265
1520616996.666722536 2.463901113 -3.022767889 45.469772723 -0.413753163 -0.106172625 0.412974323 0.804355582
1520616996.716723442 2.508711164 -3.004709551 45.467702726 -0.414491509 -0.080405442 0.397081141 0.814897737
1520616996.766725540 2.556711504 -2.984771593 45.472885277 -0.405335531 -0.061418165 0.366913514 0.835048136
1520616996.816727638 2.607184202 -2.969985005 45.485677623 -0.386426634 -0.042403799 0.324583957 0.862277002
1520616996.866728544 2.665178405 -2.965309003 45.507107089 -0.356253575 -0.026596451 0.273471750 0.893078508
1520616996.916730404 2.706676375 -2.962423664 45.520121221 -0.313859152 -0.013515219 0.220505692 0.923410532
1520616996.966731548 2.757805774 -2.968033790 45.543452522 -0.272133451 -0.009941458 0.176353092 0.945909160
1520616997.016732454 2.810785202 -2.963345767 45.551566697 -0.230539967 -0.026628072 0.140139332 0.962550382
1520616997.066610813 2.833317796 -2.967465145 45.561990982 -0.203256046 -0.051671712 0.108318243 0.971742853
1520616997.116547823 2.854470676 -2.958981280 45.559915651 -0.186596733 -0.093251080 0.096331739 0.973245134
1520616997.166548729 2.877875207 -2.960075535 45.554729739 -0.180229798 -0.145337599 0.098118237 0.967867250
1520616997.216550827 2.891102536 -2.951880976 45.545939002 -0.179491649 -0.197889055 0.118829556 0.956296087
1520616997.266551971 2.903707071 -2.939567384 45.534251920 -0.183238315 -0.245991424 0.152467945 0.939502775
1520616997.316553831 2.913971492 -2.923181438 45.526740217 -0.191818983 -0.287117755 0.194223123 0.918175501
1520616997.366554976 2.932629705 -2.913576297 45.520193862 -0.207609415 -0.319964271 0.246125877 0.891034932
1520616997.416556835 2.941031455 -2.904781662 45.507966967 -0.220843850 -0.333558856 0.298099050 0.866662241
1520616997.466558933 2.962675530 -2.881769637 45.503668370 -0.228911496 -0.331861733 0.344262108 0.847909735
1520616997.516137123 2.966353035 -2.872786256 45.486205302 -0.232990061 -0.314291955 0.378356937 0.838917295
1520616997.566138983 2.994810152 -2.842663133 45.482822893 -0.235931472 -0.287249252 0.400081468 0.837710586
1520616997.616139889 3.013437616 -2.819699169 45.482467644 -0.238364499 -0.252143833 0.411228082 0.842910029
1520616997.666141987 3.040342203 -2.784872119 45.475935833 -0.232326913 -0.215474250 0.413069088 0.853796803
1520616997.716142893 3.060635668 -2.754211458 45.468163246 -0.222006420 -0.180462496 0.409491645 0.866292693
1520616997.766144753 3.095390978 -2.729827430 45.467650548 -0.210224781 -0.154541873 0.397250373 0.879837765
1520616997.816147089 3.120808770 -2.686622798 45.451564851 -0.199302166 -0.135589181 0.376924474 0.894327771
1520616997.866147995 3.140001498 -2.652677869 45.426473493 -0.197874827 -0.127766428 0.356167570 0.904248834
1520616997.916203260 3.160198271 -2.617335737 45.400755673 -0.204807818 -0.121984439 0.336261217 0.911099308
1520616997.966204405 3.181862588 -2.587156844 45.374489592 -0.216274278 -0.120478360 0.321445630 0.913992948
1520616998.016206503 3.197591677 -2.558781579 45.342062171 -0.230086672 -0.119381350 0.308678368 0.915164402
1520616998.066208363 3.223565228 -2.534470088 45.313907500 -0.245171806 -0.118878766 0.294638337 0.915940432
1520616998.116209507 3.257210473 -2.514601688 45.284325109 -0.260973484 -0.117036354 0.282613885 0.915600745
1520616998.166211367 3.275020936 -2.496887626 45.248679885 -0.272330802 -0.115655719 0.274614485 0.914902494
1520616998.216213226 3.296261649 -2.476546645 45.212969949 -0.279716849 -0.114412239 0.266145716 0.915333154
1520616998.266214609 3.317728483 -2.456854800 45.180242111 -0.282782715 -0.113224036 0.259807648 0.916359231
1520616998.316223145 3.342047709 -2.450803070 45.141254300 -0.287562887 -0.110252233 0.256094147 0.916279335
1520616998.366224289 3.368038997 -2.445512380 45.109000038 -0.292368616 -0.107433998 0.253149448 0.915911505
1520616998.416226149 3.390161929 -2.454380832 45.089269712 -0.298252629 -0.105430922 0.254541064 0.913859145
1520616998.466227055 3.412287548 -2.460419331 45.068455420 -0.302357219 -0.105625830 0.254456333 0.912510422
1520616998.516229153 3.437963053 -2.474966938 45.049272747 -0.305667320 -0.104686456 0.254075550 0.911621550
1520616998.566230059 3.465134884 -2.494986366 45.033635926 -0.310602724 -0.102857834 0.253173293 0.910411719
1520616998.616231918 3.487344810 -2.503237050 45.027581772 -0.316317962 -0.102646560 0.254183168 0.908183653
1520616998.666233301 3.516895403 -2.524536756 45.024398006 -0.326440491 -0.102747024 0.255041392 0.904341497
1520616998.716419458 3.538681599 -2.554202300 45.017196538 -0.335860841 -0.099502722 0.255265428 0.901186032
1520616998.766381502 3.557126906 -2.566783803 45.008568967 -0.338067322 -0.096861300 0.253762118 0.901073339
1520616998.816383362 3.593314551 -2.595273801 45.009627273 -0.336458866 -0.091953422 0.252687429 0.902490478
1520616998.866384268 3.603427878 -2.641427494 45.010120472 -0.329156596 -0.084173432 0.251610798 0.906235496
1520616998.916386366 3.629721718 -2.668312138 45.021238161 -0.312150064 -0.079288277 0.248706924 0.913466241
1520616998.966387272 3.647452108 -2.703108462 45.025863009 -0.291548379 -0.074871873 0.244501830 0.921744325
1520616999.016389132 3.672327325 -2.744242813 45.038302446 -0.270832840 -0.071816508 0.236759854 0.930288522
1520616999.066391468 3.682128494 -2.783803032 45.047025407 -0.251554308 -0.068891473 0.232424976 0.936991476
1520616999.116468906 3.700994367 -2.833050195 45.060435679 -0.242118567 -0.069272215 0.231057456 0.939783173
1520616999.166470766 3.705113828 -2.876828164 45.060406696 -0.238252721 -0.072276168 0.231903842 0.940336325
1520616999.216471672 3.693784191 -2.900232401 45.047454386 -0.238077809 -0.077376634 0.234576097 0.939311380
1520616999.266473770 3.682830367 -2.926139164 45.046376170 -0.242683715 -0.085394940 0.241302209 0.935727291
1520616999.316474676 3.653117962 -2.963207175 45.033552343 -0.246713392 -0.090181220 0.244817850 0.933308133
1520616999.366476536 3.630834809 -2.994331420 45.024086393 -0.248312195 -0.095448509 0.245227537 0.932252161
1520616999.416477680 3.596594074 -3.018183978 45.010086449 -0.246502570 -0.098487310 0.245320566 0.932391845
1520616999.466479778 3.551035668 -3.041232834 44.992494939 -0.243482511 -0.099213605 0.246403865 0.932822632
1520616999.516481638 3.502603017 -3.049065083 44.964777518 -0.237266965 -0.101305842 0.250486228 0.933112085
1520616999.566754341 3.446041928 -3.085585340 44.951573630 -0.239160371 -0.104213872 0.255291686 0.931003728
1520616999.616756678 3.389531422 -3.091708769 44.922880316 -0.240251459 -0.108191509 0.259303629 0.929158470
1520616999.666757584 3.335909738 -3.091360193 44.890428951 -0.245809570 -0.114332649 0.263208194 0.925865621
1520616999.716760397 3.273621686 -3.099721998 44.851312463 -0.259732709 -0.115556741 0.268668077 0.920327672
1520616999.766761541 3.225623836 -3.095984496 44.822490908 -0.277523801 -0.117905860 0.271472488 0.913992033
1520616999.816763401 3.174452400 -3.098080884 44.792859643 -0.296474045 -0.122822146 0.270919026 0.907535532
1520616999.866764307 3.119563222 -3.103246963 44.767252926 -0.312848289 -0.128354651 0.272426606 0.900796745
1520616999.916766644 3.078649581 -3.087230345 44.741180461 -0.323394226 -0.134341810 0.270840517 0.896668204
1520616999.966792822 3.039800250 -3.076899190 44.716718909 -0.331861592 -0.136274288 0.268010683 0.894129451
1520617000.016797781 3.002533423 -3.068633746 44.695838812 -0.340053857 -0.139336755 0.263803784 0.891827454
1520617000.066795588 2.971847107 -3.059502115 44.676767392 -0.351380168 -0.143105441 0.254662245 0.889494211
1520617000.116797686 2.950333265 -3.048441988 44.663970725 -0.362347726 -0.149234479 0.242639223 0.887445437
1520617000.166798592 2.916011366 -3.033895239 44.651853399 -0.369060540 -0.149831544 0.228509721 0.888328843
1520617000.216799736 2.904133330 -3.029252991 44.662012080 -0.372816780 -0.149059067 0.217034560 0.889766847
1520617000.266801834 2.896493823 -3.018029259 44.679893033 -0.369480187 -0.141362318 0.204838342 0.895288970
1520617000.316803694 2.884865684 -3.021745296 44.705286991 -0.363245884 -0.125041351 0.192664294 0.902938291
1520617000.366745472 2.875777173 -3.028970001 44.734293139 -0.353735970 -0.108880752 0.179605345 0.911459141
1520617000.416735649 2.865627552 -3.045572131 44.767947523 -0.347044486 -0.097317949 0.170738048 0.917026641
1520617000.466736555 2.846674980 -3.087307462 44.800812055 -0.347030993 -0.087678862 0.169565889 0.918220734
1520617000.516738653 2.829671566 -3.130358615 44.839022485 -0.343072292 -0.080784477 0.174014614 0.919507578
1520617000.566739559 2.819882290 -3.167464583 44.879373886 -0.332214415 -0.076703405 0.176191920 0.923421127
1520617000.616741419 2.805350277 -3.202945698 44.914751388 -0.317805694 -0.074168090 0.177828816 0.928372526
1520617000.666743755 2.783390609 -3.260474086 44.948673095 -0.305020769 -0.072469772 0.186021413 0.931185533
1520617000.716744661 2.747765905 -3.322277551 44.982039370 -0.291586732 -0.074084921 0.197799389 0.932933012
1520617000.766617298 2.706568145 -3.382207000 45.007478114 -0.277612499 -0.075407940 0.205442530 0.935434824
1520617000.816617966 2.675905020 -3.444783961 45.028372698 -0.263948016 -0.080986093 0.214683602 0.936847719
1520617000.866620302 2.631044688 -3.496046796 45.035969174 -0.248145743 -0.088489947 0.224026652 0.938299141
1520617000.916621208 2.589195278 -3.554385049 45.050717773 -0.240129195 -0.095104157 0.235893592 0.936828363
1520617000.966623068 2.536229075 -3.611272040 45.060024045 -0.234314850 -0.101678929 0.249664485 0.934037254
1520617001.016624212 2.483540347 -3.663724151 45.065641454 -0.232158830 -0.110536876 0.262536052 0.930031557
1520617001.066626072 2.434606831 -3.708930550 45.064426445 -0.232590557 -0.119870521 0.278399088 0.924135617
1520617001.116628170 2.370101985 -3.736278235 45.057078257 -0.233098439 -0.129067430 0.295725795 0.917361962
1520617001.166698933 2.315528445 -3.763156891 45.047045733 -0.238241873 -0.143069104 0.310866188 0.908919279
1520617001.216700792 2.252999180 -3.779399487 45.030919091 -0.244070009 -0.156237177 0.322226027 0.901215936
1520617001.266701698 2.187339141 -3.789199772 45.010125086 -0.250402244 -0.167602685 0.329680086 0.894717328
1520617001.316703796 2.117939530 -3.794325004 44.988765997 -0.255629716 -0.175477080 0.336715360 0.889091677
1520617001.366705656 2.052347584 -3.787994287 44.969086755 -0.260871579 -0.183607569 0.342024755 0.883885370
1520617001.416706562 2.000323264 -3.777784673 44.961084944 -0.269681137 -0.192102601 0.344314936 0.878530534
1520617001.466708899 1.952241814 -3.761591434 44.955131434 -0.280056164 -0.202225535 0.341352798 0.874157678
1520617001.516710758 1.903606883 -3.741801862 44.943701873 -0.293216977 -0.208954100 0.334686541 0.870831159
1520617001.566704512 1.850095144 -3.715513179 44.932609331 -0.305148037 -0.213227986 0.328232459 0.868148579
1520617001.616706371 1.800426703 -3.688316654 44.923611202 -0.314554425 -0.215320383 0.322068539 0.866582081
1520617001.666707516 1.761320197 -3.655711272 44.920356487 -0.320601008 -0.217082517 0.315260195 0.866430138
1520617001.716709375 1.737152662 -3.626564799 44.932880790 -0.324018951 -0.217969349 0.305860282 0.868303271
1520617001.766710281 1.719642551 -3.601331615 44.951150731 -0.324270421 -0.218337451 0.297122829 0.871146070
1520617001.816712618 1.701825320 -3.577025406 44.975672174 -0.324921598 -0.211147695 0.290857634 0.874782512
1520617001.866713524 1.690206862 -3.552696424 45.007318491 -0.327112005 -0.200791937 0.287260098 0.877588725
1520617001.916715384 1.684360059 -3.529539761 45.037773760 -0.330884674 -0.190245692 0.285231428 0.879184248
1520617001.966679811 1.677128412 -3.510191345 45.075768022 -0.334808633 -0.181908418 0.283349669 0.880071288
1520617002.016645670 1.679853546 -3.494769700 45.122243894 -0.332707878 -0.179435816 0.277777893 0.883146476
1520617002.066646814 1.675372880 -3.482041506 45.171526150 -0.319705139 -0.166346254 0.271014382 0.892563025
1520617002.116648912 1.693367499 -3.473864782 45.233561130 -0.298694326 -0.150158349 0.262168035 0.905263548
1520617002.166649580 1.717928123 -3.465925873 45.294921311 -0.281022918 -0.132517231 0.248545773 0.917436811
1520617002.216651917 1.732409810 -3.463156083 45.356537666 -0.270319363 -0.115346249 0.236342773 0.926155915
1520617002.266653776 1.746787699 -3.471282008 45.417799720 -0.265933633 -0.101536835 0.231430016 0.930274004
1520617002.316654682 1.753585296 -3.486145517 45.477355599 -0.264729159 -0.090196566 0.227919216 0.932649925
1520617002.366656780 1.762226072 -3.496829513 45.534128466 -0.260773554 -0.080820090 0.230165652 0.934071217
1520617002.416535378 1.771049600 -3.508872398 45.590223002 -0.250726369 -0.071905471 0.236511346 0.935963821
1520617002.466537237 1.776922363 -3.531841040 45.645311654 -0.236571037 -0.065910182 0.244671140 0.937990419
1520617002.516538143 1.786476951 -3.554133264 45.694955146 -0.219286070 -0.064874450 0.252468742 0.940193842
1520617002.566540480 1.785911290 -3.573276510 45.739974280 -0.199148470 -0.068147140 0.258153583 0.942895849
1520617002.616541386 1.787560333 -3.591627732 45.777429149 -0.181536466 -0.072936626 0.264421339 0.944354867
1520617002.666543245 1.794820060 -3.601601581 45.809229813 -0.169079447 -0.078334515 0.272014327 0.944078413
1520617002.716545343 1.783598481 -3.603426302 45.828597371 -0.160549297 -0.086227045 0.285006870 0.941041925
1520617002.766546249 1.769507324 -3.605613772 45.846364832 -0.162698333 -0.097253293 0.301536799 0.934423142
1520617002.816246271 1.749361863 -3.596172001 45.858615161 -0.170396177 -0.108291688 0.317434873 0.926538264
1520617002.866247177 1.729753751 -3.580303572 45.860963682 -0.181995619 -0.121593837 0.329790741 0.918330333
1520617002.916249514 1.702458741 -3.556815037 45.860420175 -0.192198591 -0.132865082 0.337412884 0.911898633
1520617002.966250420 1.679038296 -3.535074882 45.853597219 -0.201279787 -0.143570131 0.340091003 0.907310407
1520617003.016253233 1.662492105 -3.500472502 45.848867041 -0.205104969 -0.153859649 0.339841440 0.904857423
1520617003.066254377 1.641332078 -3.464447253 45.835267530 -0.205773870 -0.164600068 0.337844763 0.903562310
1520617003.116255283 1.630166603 -3.426075691 45.820609814 -0.209550639 -0.171813224 0.338728652 0.901017006
1520617003.166257143 1.626237289 -3.385459358 45.807311052 -0.215747048 -0.177620297 0.340597762 0.897717888
1520617003.216340065 1.634196249 -3.340653901 45.796104285 -0.223359285 -0.181118947 0.332576173 0.898164599
1520617003.266340971 1.647060054 -3.296472092 45.783320280 -0.228667098 -0.182049824 0.324086304 0.899742901
1520617003.316343069 1.666216459 -3.251748826 45.771560699 -0.231811731 -0.178158969 0.316324732 0.902475134
1520617003.366345167 1.685519932 -3.205145074 45.759651142 -0.229955064 -0.170570964 0.311468891 0.906097867
1520617003.416344881 1.714704107 -3.164196156 45.750538879 -0.229307068 -0.166087358 0.306455769 0.908800374
1520617003.466347218 1.746303626 -3.119795996 45.739689282 -0.232775524 -0.164388176 0.300476635 0.910222981
1520617003.516349077 1.779291548 -3.073517280 45.727423058 -0.241909688 -0.163909432 0.291973093 0.910694852
1520617003.566350222 1.819908454 -3.033521397 45.723025047 -0.254065860 -0.162315247 0.285149932 0.909831751
1520617003.616839886 1.857517703 -2.990776999 45.717811467 -0.261289611 -0.159735774 0.282357693 0.909112949
1520617003.666840553 1.905858361 -2.952731390 45.717710625 -0.265140327 -0.156742985 0.273183476 0.911319391
1520617003.716842890 1.960415529 -2.913080289 45.721864522 -0.267787618 -0.153656214 0.263902498 0.913802512
1520617003.766843796 2.017030703 -2.880408851 45.730127599 -0.273092047 -0.149969042 0.257913021 0.914555025
1520617003.816845655 2.075423938 -2.853783792 45.742825833 -0.281320282 -0.144921542 0.252300337 0.914440368
1520617003.866847754 2.137040003 -2.828477539 45.757639117 -0.289402610 -0.138337507 0.249139755 0.913804271
1520617003.916848660 2.197183287 -2.804547299 45.774126456 -0.297956112 -0.128887834 0.245860444 0.913325092
1520617003.966850758 2.255395149 -2.787206608 45.789017734 -0.305571120 -0.120161032 0.242002689 0.913029198
1520617004.017410994 2.315833352 -2.772575740 45.808382769 -0.309015869 -0.111267352 0.237076203 0.914288599
1520617004.067412853 2.372746119 -2.768874979 45.830338085 -0.306833708 -0.104301143 0.230978196 0.917400360
1520617004.117413998 2.425300129 -2.773872761 45.854733495 -0.297494122 -0.098791617 0.229376360 0.921479218
1520617004.167415857 2.474129683 -2.783124010 45.877819369 -0.282469950 -0.097689450 0.234896668 0.924927594
1520617004.217417002 2.519213577 -2.795181867 45.895851704 -0.264168849 -0.102356219 0.246338283 0.926852455
1520617004.267418861 2.562561947 -2.807632062 45.914886923 -0.247122488 -0.108451043 0.258743051 0.927480933
1520617004.317420959 2.594237901 -2.823018713 45.927597872 -0.231980101 -0.113495647 0.269566001 0.927705849
1520617004.367422104 2.626966039 -2.834316876 45.934860822 -0.216302077 -0.122089968 0.283994263 0.926096491
1520617004.417423964 2.644069282 -2.842985088 45.935297423 -0.200202728 -0.130275644 0.296329103 0.924735739
1520617004.467167854 2.662773411 -2.853691069 45.936890678 -0.190972401 -0.140923392 0.306769507 0.921717207
1520617004.517169714 2.672683730 -2.846867960 45.925447325 -0.183664346 -0.153032042 0.315941293 0.918166489
1520617004.567170858 2.682391635 -2.834689839 45.908091055 -0.185929675 -0.165442946 0.321950338 0.913458684
1520617004.617172718 2.693896800 -2.816634018 45.884889997 -0.193321872 -0.177453637 0.325821366 0.908282609
1520617004.667174816 2.694766642 -2.798725439 45.855409426 -0.200027108 -0.188708957 0.328904015 0.903438008
1520617004.717175961 2.704315671 -2.774595128 45.825633357 -0.207851844 -0.199439604 0.331919488 0.898248801
1520617004.767177820 2.708780716 -2.745988228 45.791423658 -0.214742469 -0.208039059 0.334186020 0.893826116
1520617004.817179680 2.716041201 -2.713855666 45.756801709 -0.221373271 -0.215963534 0.335092262 0.889981350
1520617004.866488695 2.721926949 -2.683323563 45.716932209 -0.230031215 -0.221173304 0.336484821 0.885971769
1520617004.916490555 2.743924845 -2.642708520 45.687066394 -0.241091594 -0.223457068 0.333726452 0.883497842
1520617004.966491461 2.766476964 -2.597199655 45.658019673 -0.250459790 -0.221198607 0.327273378 0.883873976
1520617005.016493559 2.793225859 -2.560072101 45.630451435 -0.261682606 -0.215828983 0.322264001 0.883790686
1520617005.066495657 2.832033704 -2.516783751 45.610357573 -0.273513495 -0.207908220 0.316836407 0.884069698
1520617005.116496563 2.873250936 -2.471438325 45.587521212 -0.284903695 -0.199015705 0.309695451 0.885048790
1520617005.166499615 2.912334441 -2.427807979 45.568324850 -0.297475606 -0.187942419 0.298213535 0.887273689
1520617005.216499567 2.960567933 -2.384425485 45.552987539 -0.309037042 -0.177284991 0.285393266 0.889728510
1520617005.266826630 3.000344713 -2.352064101 45.540282535 -0.318607430 -0.164304075 0.276299465 0.891713004
1520617005.316826820 3.047956315 -2.317535803 45.532143758 -0.325186802 -0.151725041 0.268544717 0.893933326
1520617005.366903543 3.087812831 -2.289919908 45.520449077 -0.330473963 -0.136900837 0.259605773 0.897022833
1520617005.416829824 3.130911485 -2.253258811 45.512146582 -0.333323142 -0.119644466 0.249727652 0.901230817
1520617005.466831684 3.183586073 -2.224821436 45.506909816 -0.337313455 -0.099944663 0.236885146 0.905602631
1520617005.516832590 3.236130978 -2.199386411 45.496438578 -0.340715578 -0.073894166 0.227363996 0.909262427
1520617005.566834688 3.296112227 -2.182649416 45.499274246 -0.348586539 -0.047565257 0.214205825 0.911230397
1520617005.616835594 3.329120499 -2.177819355 45.501520449 -0.357846924 -0.015630705 0.203746227 0.911146934
1520617005.667318821 3.369791759 -2.165804096 45.505478461 -0.363848743 0.014209992 0.187341337 0.912313209
1520617005.717319965 3.405095444 -2.175297214 45.518893217 -0.369603099 0.042879662 0.174572251 0.911635570
1520617005.767322063 3.433018385 -2.189820859 45.533682335 -0.369863250 0.069987252 0.164117342 0.911794088
1520617005.817322731 3.458096546 -2.200360503 45.556325293 -0.362889014 0.092833889 0.157810245 0.913668079
1520617005.867325068 3.477624464 -2.224490769 45.583220760 -0.353260677 0.111195307 0.153904210 0.916054579
1520617005.917326927 3.497425510 -2.248999250 45.617738015 -0.340595959 0.127873356 0.152965134 0.918827767
1520617005.967327833 3.505759951 -2.284780662 45.650407711 -0.330717006 0.140968338 0.150151105 0.920982538
1520617006.017329931 3.518039527 -2.318095923 45.685342622 -0.321082390 0.150300124 0.146657498 0.923475798
1520617006.066761732 3.509393067 -2.360585755 45.724511051 -0.312157182 0.159504656 0.146084001 0.925081414
1520617006.116764069 3.485957230 -2.401353973 45.760288304 -0.298245374 0.168420525 0.151576409 0.927204840
1520617006.166764975 3.478664134 -2.436205737 45.784582733 -0.281601776 0.161028262 0.158574807 0.932536524
1520617006.216767073 3.444587563 -2.474921475 45.817596415 -0.267757425 0.154125148 0.161881761 0.937200990
1520617006.266768932 3.403158304 -2.512451685 45.845359395 -0.251602734 0.141730823 0.165695151 0.942949392
1520617006.316769838 3.359053938 -2.548454298 45.873206687 -0.237376540 0.128330909 0.170441345 0.947698952
1520617006.366772175 3.309174594 -2.577662297 45.894772239 -0.223724949 0.114702506 0.176245342 0.951697463
1520617006.416774035 3.252643255 -2.600432340 45.912136421 -0.214864969 0.100307641 0.182004408 0.954277642
1520617006.466332436 3.185941494 -2.619854377 45.925110250 -0.212040497 0.085680041 0.187377225 0.955294475
1520617006.516334534 3.125394497 -2.632526884 45.925266921 -0.212301117 0.065498036 0.196289799 0.955043747
1520617006.566335678 3.043088743 -2.640844287 45.919843511 -0.215352222 0.048282016 0.204828726 0.953591873
1520617006.616337538 2.968667961 -2.649874706 45.906965464 -0.221460057 0.030447041 0.216368936 0.950375139
1520617006.666338444 2.887408336 -2.660746173 45.892831282 -0.228009485 0.014836062 0.230405722 0.945888349
1520617006.716341496 2.807892543 -2.670764357 45.872059370 -0.233759813 0.000616919 0.242147476 0.941658414
1520617006.766341448 2.728634304 -2.683636245 45.846303755 -0.238120691 -0.013792375 0.254706962 0.937140689
1520617006.816347599 2.652165896 -2.697736414 45.822184115 -0.244302611 -0.027072532 0.268160161 0.931489904
1520617006.866345644 2.580128945 -2.719867869 45.799919121 -0.256038164 -0.040289656 0.282689143 0.923530211
1520617006.916496515 2.515004348 -2.749440175 45.774473528 -0.267497229 -0.053441913 0.302608433 0.913245493
1520617006.966498613 2.453326063 -2.780451681 45.750472509 -0.277433349 -0.065988482 0.321413736 0.902978110
1520617007.016545534 2.400208201 -2.815345940 45.730547710 -0.283507322 -0.082554492 0.336986872 0.894006824
1520617007.066501379 2.362870928 -2.848663682 45.717465688 -0.284203855 -0.096720722 0.348275803 0.888018714
1520617007.116502523 2.337483698 -2.887603288 45.713958236 -0.283477909 -0.107545752 0.355879664 0.883981816
1520617007.166504622 2.319997110 -2.920829141 45.718523933 -0.276174386 -0.119642407 0.363709882 0.881548935
1520617007.216505766 2.308467387 -2.959053110 45.728079829 -0.264508778 -0.130746670 0.374128599 0.879186104
1520617007.266507626 2.305370426 -2.992987541 45.742741555 -0.250762616 -0.138685144 0.383798065 0.877828905
1520617007.316927910 2.305750881 -3.019303592 45.758300603 -0.237844619 -0.142702124 0.390765517 0.877706302
1520617007.366930008 2.308439171 -3.036888236 45.773017078 -0.228313760 -0.141578176 0.393209799 0.879326163
1520617007.416930914 2.319653225 -3.052355582 45.788793686 -0.222733264 -0.137816582 0.392712408 0.881574414
1520617007.466932774 2.328182816 -3.060337687 45.801642531 -0.218768276 -0.132273808 0.390520426 0.884385593
1520617007.516935110 2.340321072 -3.063664115 45.809882037 -0.216432668 -0.126826477 0.386176853 0.887659497
1520617007.566936016 2.352035303 -3.057258761 45.815430716 -0.214952593 -0.122623942 0.381164384 0.890770713
1520617007.616937876 2.363134796 -3.048597027 45.816904164 -0.217479940 -0.119060560 0.375762300 0.892933230
1520617007.666939020 2.377627561 -3.038528277 45.817113875 -0.223646439 -0.115103792 0.366857404 0.895627731
1520617007.716563463 2.390606485 -3.012577795 45.813119430 -0.226313036 -0.110583530 0.358444813 0.898927699
1520617007.766564369 2.404838180 -2.979097149 45.808167407 -0.227476365 -0.103194255 0.347717150 0.903713579
1520617007.816566467 2.416305233 -2.952968416 45.801366587 -0.233499184 -0.096148419 0.338248766 0.906543647
1520617007.866568565 2.426923485 -2.922402648 45.790873009 -0.243983250 -0.092357479 0.328670582 0.907699244
1520617007.916569471 2.443294456 -2.883156943 45.783746206 -0.255967133 -0.085749072 0.317548614 0.909005391
1520617007.966571331 2.460223426 -2.852620315 45.772801601 -0.270519016 -0.075632959 0.307756824 0.909057124
1520617008.016573429 2.473444703 -2.820148033 45.758418386 -0.284463923 -0.064220597 0.298163745 0.908875334
1520617008.066574335 2.498544486 -2.795815398 45.748189491 -0.303036085 -0.053517497 0.287539778 0.906987257
1520617008.116702557 2.516381241 -2.750360386 45.745156653 -0.316630168 -0.041247543 0.275494242 0.906723166
1520617008.166703701 2.553700038 -2.732744926 45.738983864 -0.331726556 -0.028716901 0.268933776 0.903774007
1520617008.216705561 2.594955308 -2.720642955 45.740646708 -0.339979280 -0.015750134 0.262427585 0.902938417
1520617008.266706705 2.628930795 -2.718135188 45.752233184 -0.338669262 -0.000586095 0.249488501 0.907225592
1520617008.316708803 2.665119963 -2.728703320 45.768618602 -0.328383731 0.015024564 0.234932261 0.914737788
1520617008.366709709 2.694808599 -2.738433458 45.780624607 -0.305725133 0.025073029 0.226009181 0.924566567
1520617008.416711807 2.717321475 -2.759785689 45.801897430 -0.282604958 0.029258233 0.221714235 0.932802868
1520617008.466712713 2.735201698 -2.779563878 45.818916849 -0.257920035 0.027297652 0.221212087 0.940104944
1520617008.517258883 2.737760878 -2.801993604 45.836514874 -0.241126422 0.021907918 0.223065417 0.944256274
1520617008.567260742 2.735066752 -2.830830233 45.849110003 -0.232757137 0.015738500 0.226861453 0.945574056
1520617008.617261648 2.714469514 -2.848702878 45.853110711 -0.226089075 0.007192549 0.233110041 0.945775717
1520617008.667280674 2.703332235 -2.858455725 45.857462019 -0.225309950 -0.006991241 0.243345689 0.943381908
1520617008.717264652 2.683453102 -2.867113235 45.853427146 -0.229289613 -0.022779886 0.252342381 0.939803529
1520617008.767266750 2.655364857 -2.864596832 45.843274603 -0.235083476 -0.038797513 0.261489960 0.935336043
1520617008.817267895 2.618082693 -2.858133656 45.833947871 -0.245188586 -0.055047095 0.268827926 0.929830049
1520617008.867269754 2.590488093 -2.852691951 45.820737419 -0.256612892 -0.073174729 0.277065391 0.923054739
1520617008.917270660 2.560968819 -2.850539254 45.806472086 -0.267727315 -0.089273141 0.285085369 0.916012403
1520617008.966611862 2.518892781 -2.843885245 45.792141599 -0.276491283 -0.100127008 0.293636707 0.909562882
1520617009.016613007 2.492734066 -2.847999260 45.774230303 -0.287680953 -0.111252075 0.300389090 0.902568025
1520617009.066614866 2.467502006 -2.854409089 45.757532611 -0.300787300 -0.121162986 0.306508291 0.894929717
1520617009.116616726 2.446146916 -2.861726332 45.743024726 -0.314549843 -0.131460853 0.312272436 0.886714366
1520617009.166617870 2.427567690 -2.869787747 45.735042010 -0.325130122 -0.139710318 0.317823053 0.879636253
1520617009.216619968 2.414969556 -2.880258769 45.735542223 -0.328042317 -0.146803375 0.320386251 0.876464293
1520617009.266621113 2.410148396 -2.891070672 45.738633311 -0.321813884 -0.150681446 0.320901148 0.877925611
1520617009.316622972 2.407119614 -2.906508199 45.749576545 -0.308096135 -0.152906751 0.321735133 0.882146701
1520617009.367223024 2.416510520 -2.915801758 45.755419953 -0.290047340 -0.152900085 0.325188384 0.886987384
1520617009.417223930 2.421939915 -2.929068059 45.767292390 -0.276135250 -0.150794704 0.327079410 0.891083240
1520617009.467226267 2.426738162 -2.939065082 45.774277176 -0.267406019 -0.146166398 0.327290002 0.894433150
1520617009.517227173 2.434897351 -2.941497724 45.778189263 -0.263911199 -0.141098513 0.326294129 0.896646101
1520617009.567229033 2.438302331 -2.937177409 45.777475584 -0.264727646 -0.135579676 0.324939340 0.897748211
1520617009.617230177 2.450880239 -2.931662734 45.781543006 -0.270954001 -0.130632107 0.321794866 0.897756786
1520617009.667233229 2.459132825 -2.918219557 45.778020441 -0.276476511 -0.125432083 0.317566335 0.898320184
1520617009.717233181 2.462739139 -2.903288850 45.773819045 -0.283291460 -0.119174996 0.311642773 0.899122934
1520617009.766969919 2.470288359 -2.900580612 45.770023115 -0.293850321 -0.114826755 0.308086915 0.897523959
1520617009.816970825 2.474410850 -2.895725714 45.766467796 -0.301269016 -0.112583178 0.308616026 0.895163759
1520617009.866972685 2.482979275 -2.885673419 45.766603290 -0.304147902 -0.109101634 0.307524466 0.894996978
1520617009.916973829 2.489661264 -2.891188929 45.771632483 -0.304460719 -0.102913029 0.307228421 0.895725000
1520617009.966975927 2.496305677 -2.896286174 45.779341001 -0.297734825 -0.097404120 0.308137802 0.898285871
1520617010.016976833 2.504478577 -2.908195386 45.790068498 -0.287672363 -0.094346434 0.308747322 0.901675359
1520617010.066979885 2.506943745 -2.919807178 45.795471355 -0.277012089 -0.092368309 0.307824889 0.905525392
1520617010.116979837 2.511209968 -2.924772302 45.797161977 -0.269372469 -0.093935508 0.304582373 0.908759688
1520617010.167055130 2.510616559 -2.915489192 45.793641531 -0.265023306 -0.099690972 0.302612908 0.910082296
1520617010.217056274 2.506930758 -2.914355332 45.784793825 -0.269085033 -0.105628893 0.300819225 0.908814379
1520617010.267058372 2.496288407 -2.917795342 45.777185064 -0.277819561 -0.110767899 0.299642890 0.905958554
1520617010.317060232 2.490744816 -2.912912538 45.765892976 -0.285646898 -0.116489517 0.300396952 0.902550671
1520617010.367061377 2.486552340 -2.916111456 45.762235922 -0.291562091 -0.122010732 0.302938488 0.899073524
1520617010.417062283 2.482467328 -2.920891482 45.760558748 -0.293525344 -0.125028416 0.306512844 0.896805801
1520617010.467064142 2.478669889 -2.922977653 45.760145083 -0.291631323 -0.126984451 0.307780654 0.896714665
1520617010.517065287 2.477471530 -2.918717743 45.756998594 -0.287066195 -0.127662796 0.307476046 0.898194685
1520617010.566926718 2.481233025 -2.919076119 45.757289295 -0.283016567 -0.127940216 0.306335174 0.899828698
1520617010.616927862 2.483327023 -2.919548416 45.754371462 -0.280488214 -0.128343530 0.305671400 0.900788152
1520617010.666929722 2.483272599 -2.920494471 45.754131394 -0.280420695 -0.128391394 0.305374802 0.900902944
1520617010.716931820 2.487349266 -2.922967738 45.754565811 -0.284423935 -0.128413257 0.303370662 0.900321777
1520617010.766932726 2.488469194 -2.920085659 45.752009828 -0.289322569 -0.128086986 0.301343133 0.899487905
1520617010.816934824 2.490221617 -2.920173689 45.752921882 -0.294075121 -0.126075511 0.299754094 0.898761521
1520617010.866935968 2.497501595 -2.921832640 45.752724077 -0.297734047 -0.123167664 0.298432966 0.898399648
1520617010.916937828 2.496075602 -2.916953474 45.751021943 -0.297018200 -0.119022959 0.298137768 0.899292831
1520617010.966973066 2.496079301 -2.913942963 45.749465854 -0.295630825 -0.115960636 0.297297903 0.900427400
1520617011.016974926 2.495677952 -2.912386908 45.747616232 -0.294747510 -0.114090455 0.297160036 0.901001213
1520617011.066977024 2.496767620 -2.910384924 45.745849134 -0.293955191 -0.113293410 0.297742789 0.901168231
1520617011.116977930 2.493840420 -2.909532275 45.744268294 -0.292827910 -0.111923537 0.297655641 0.901735026
1520617011.166980028 2.492325671 -2.910942429 45.742421870 -0.292671026 -0.110763800 0.297122938 0.902104767
1520617011.216981173 2.491332693 -2.908776860 45.741192926 -0.291871397 -0.110649633 0.297051337 0.902401379
1520617011.266983032 2.490659988 -2.907928180 45.738587866 -0.290881650 -0.110532833 0.297077083 0.902726739
1520617011.316984892 2.490697352 -2.906382888 45.736886916 -0.288253227 -0.110632660 0.295904782 0.903941841
1520617011.366986036 2.490419406 -2.901198600 45.735661852 -0.281393359 -0.108642404 0.293262872 0.907199809
1520617011.417001724 2.490549350 -2.897622942 45.734579361 -0.272030488 -0.105351558 0.294914933 0.909904195
1520617011.467003822 2.489380423 -2.899295166 45.736257828 -0.264853515 -0.102901593 0.300106520 0.910604170
1520617011.517005682 2.494543800 -2.898742432 45.735038626 -0.262746077 -0.103543755 0.302547559 0.910334095
1520617011.567006826 2.493264126 -2.903208562 45.734238609 -0.265245414 -0.101547877 0.303494021 0.909518707
1520617011.617007732 2.490700165 -2.900701087 45.733392295 -0.270672602 -0.098102189 0.304537158 0.907947918
1520617011.667009592 2.486742146 -2.902302443 45.734609419 -0.279906133 -0.096898749 0.308023627 0.904093266
1520617011.717010736 2.483132813 -2.895559766 45.730223966 -0.287206266 -0.097251805 0.311202201 0.900670771
1520617011.767012596 2.482466594 -2.899852283 45.732567163 -0.290888290 -0.095564480 0.310568083 0.899888270
1520617011.816890717 2.478199832 -2.896925994 45.731708054 -0.287204668 -0.091568453 0.307953711 0.902381964
1520617011.866893768 2.478160661 -2.901389931 45.734875202 -0.281631280 -0.086213088 0.304458923 0.905845401
1520617011.916892767 2.479067459 -2.897263422 45.737483232 -0.275697834 -0.083671456 0.298154859 0.909996413
1520617011.966894627 2.479492869 -2.897668681 45.736857455 -0.274284797 -0.082181966 0.295872848 0.911303041
1520617012.016895771 2.484625739 -2.895083890 45.739414235 -0.276733916 -0.084601940 0.296530900 0.910126517
1520617012.066897869 2.483719643 -2.895126154 45.735720568 -0.284020906 -0.088127581 0.294868683 0.908084861
1520617012.116898537 2.481089472 -2.891064569 45.730933873 -0.288897127 -0.090916980 0.294820707 0.906285443
1520617012.166900873 2.480621527 -2.894089300 45.730917644 -0.289630694 -0.090576516 0.295023919 0.906019229
1520617012.216942787 2.484187936 -2.897333097 45.728509271 -0.287954200 -0.088883202 0.292709148 0.907470941
1520617012.266944647 2.488182242 -2.897884286 45.727565372 -0.283842825 -0.087025252 0.292806588 0.908913724
1520617012.316946507 2.489100173 -2.895414805 45.725631650 -0.281969248 -0.087938936 0.292381168 0.909545677
1520617012.366947651 2.493713893 -2.893253637 45.721183608 -0.284449069 -0.094642123 0.294878392 0.907291756
1520617012.416949511 2.493153212 -2.893526961 45.717908044 -0.286846579 -0.096003886 0.296516105 0.905858981
1520617012.466950655 2.493258649 -2.892785609 45.716718559 -0.287292422 -0.095323748 0.297883034 0.905340900
1520617012.516952753 2.491345597 -2.890934968 45.716926193 -0.287331786 -0.094687712 0.297332945 0.905575950
1520617012.566953659 2.492244877 -2.890643625 45.715564331 -0.287953042 -0.094649444 0.292344711 0.907005567
1520617012.616968870 2.488429190 -2.892213854 45.714962640 -0.288012809 -0.092911868 0.291128359 0.907557318
1520617012.666970730 2.485556039 -2.891225357 45.715468952 -0.289243060 -0.089519388 0.288761919 0.908262784
1520617012.716971874 2.483299513 -2.893969412 45.714611161 -0.292151785 -0.087856401 0.288261133 0.907653076
1520617012.766973734 2.485518021 -2.899670571 45.712508436 -0.296900325 -0.088832934 0.290404931 0.905330814
1520617012.816974640 2.482400844 -2.899015022 45.711159286 -0.300549703 -0.088611525 0.292121385 0.903594472
1520617012.866976976 2.483681746 -2.897914688 45.710889101 -0.303477938 -0.086741719 0.288488198 0.903964366
1520617012.916977644 2.482403847 -2.896376817 45.710466059 -0.302774141 -0.083569694 0.286348346 0.905178739
1520617012.966979742 2.481827345 -2.895840687 45.710973160 -0.300648372 -0.080338505 0.286561005 0.906112064
1520617013.017035723 2.481799351 -2.897627507 45.710859573 -0.300689569 -0.079769940 0.285782901 0.906394325
1520617013.067037582 2.481181728 -2.899352539 45.710062472 -0.300844184 -0.080535823 0.284363155 0.906721762
1520617013.117038488 2.479585173 -2.898300971 45.708684654 -0.299305043 -0.081310950 0.283637026 0.907389144
1520617013.167040586 2.477401591 -2.893195244 45.707167570 -0.295807056 -0.082249760 0.284072302 0.908314973
1520617013.217041492 2.480569290 -2.893079091 45.705776483 -0.294987495 -0.083084155 0.284507516 0.908369349
1520617013.267043352 2.480639595 -2.893945434 45.706974003 -0.295531622 -0.082590026 0.284818815 0.908139962
1520617013.317044497 2.477870956 -2.897212763 45.709393367 -0.297011842 -0.081644817 0.284189846 0.907939547
1520617013.367046595 2.478210147 -2.897445783 45.709675697 -0.297060645 -0.081650245 0.284199983 0.907919919
1520617013.417049646 2.479391516 -2.896329627 45.707633431 -0.294515003 -0.081462790 0.283040483 0.909127501
1520617013.467054605 2.481639399 -2.897018066 45.708336476 -0.290320696 -0.082155767 0.281810298 0.910794861
1520617013.517052650 2.482213681 -2.897763440 45.706230522 -0.286760778 -0.085732712 0.281362009 0.911731089
1520617013.567054749 2.478301338 -2.906387919 45.705966966 -0.283154634 -0.090778636 0.281906423 0.912201437
1520617013.617055893 2.479436626 -2.913293033 45.707551298 -0.278076318 -0.093691894 0.283816028 0.912876691
1520617013.667143822 2.480352303 -2.917029131 45.708940970 -0.272922457 -0.095674028 0.287216002 0.913163064
1520617013.717058659 2.475596788 -2.914580684 45.707178551 -0.270314936 -0.096283660 0.288856069 0.913357249
1520617013.767060757 2.476098089 -2.917659246 45.708032940 -0.270425489 -0.097505364 0.289658488 0.912940698
1520617013.817061663 2.477838420 -2.918438110 45.708388296 -0.269448161 -0.100642827 0.289275079 0.913010755
1520617013.866967678 2.479366011 -2.924324051 45.710064659 -0.269430743 -0.104754081 0.290684877 0.912105235
1520617013.916969538 2.481651558 -2.923567230 45.713668913 -0.270130201 -0.107391449 0.290589809 0.911621805
1520617013.966970682 2.483464232 -2.921213507 45.716479009 -0.270464773 -0.109171695 0.291096425 0.911149394
1520617014.016972542 2.484094425 -2.922373234 45.717460217 -0.270628455 -0.109491263 0.290894792 0.911126842
1520617014.066973448 2.483639264 -2.924555172 45.716463166 -0.269732536 -0.109748402 0.290064360 0.911626192
1520617014.116975784 2.482632665 -2.926820541 45.714739512 -0.267574192 -0.109440181 0.288349803 0.912842423
1520617014.166976690 2.480255560 -2.926492651 45.712596719 -0.265071203 -0.109195041 0.287735301 0.913795435
1520617014.216978550 2.478465233 -2.926799596 45.712746204 -0.265240150 -0.109161059 0.287044503 0.913967712
1520617014.266916752 2.476936863 -2.926372963 45.713941878 -0.267017512 -0.109974384 0.286077854 0.913655703
1520617014.316917658 2.475566641 -2.927304171 45.713723688 -0.271048440 -0.111774391 0.285828201 0.912327500
1520617014.366919518 2.473924168 -2.927014079 45.709595251 -0.275499998 -0.114143826 0.286580491 0.910462828
1520617014.416920662 2.472639759 -2.929718532 45.708306799 -0.279172749 -0.116029698 0.287816154 0.908714227
