frame,kp_prev,kp_curr,matches,inliers,success
1,1132,1133,250,52,True
2,1133,1109,250,9,False
3,1109,1118,250,23,False
4,1118,1119,250,22,False
5,1119,1134,250,58,True
6,1134,1129,250,54,True
7,1129,1135,250,45,True
8,1135,1131,250,63,True
9,1131,1182,250,70,True
10,1182,1195,250,140,True
11,1195,1179,250,51,True
12,1179,1194,250,75,True
13,1194,1194,250,15,False
14,1194,1171,250,49,True
15,1171,1151,250,20,False
16,1151,1122,250,62,True
17,1122,1099,250,13,False
18,1099,1122,250,49,True
19,1122,1147,250,126,True
20,1147,1180,250,135,True
21,1180,1135,250,52,True
22,1135,1171,250,82,True
23,1171,1144,250,88,True
24,1144,1186,250,77,True
25,1186,1238,250,63,True
26,1238,1245,250,103,True
27,1245,1286,250,68,True
28,1286,1310,250,179,True
29,1310,1321,250,116,True
30,1321,1357,250,83,True
31,1357,1393,250,6,False
32,1393,1417,250,28,False
33,1417,1426,250,96,True
34,1426,1420,250,74,True
35,1420,1385,250,91,True
36,1385,1348,250,148,True
37,1348,1371,250,132,True
38,1371,1399,250,100,True
39,1399,1384,250,181,True
40,1384,1395,250,94,True
41,1395,1387,250,159,True
42,1387,1383,250,106,True
43,1383,1394,250,48,True
44,1394,1376,250,122,True
45,1376,1368,250,135,True
46,1368,1390,250,50,True
47,1390,1349,250,43,True
48,1349,1373,250,128,True
49,1373,1323,250,53,True
50,1323,1359,250,52,True
51,1359,1371,250,86,True
52,1371,1406,250,77,True
53,1406,1404,250,60,True
54,1404,1404,250,79,True
55,1404,1435,250,79,True
56,1435,1481,250,41,True
57,1481,1453,250,55,True
58,1453,1450,250,19,False
59,1450,1485,250,41,True
60,1485,1463,250,40,True
61,1463,1453,250,16,False
62,1453,1448,250,19,False
63,1448,1471,250,19,False
64,1471,1494,250,80,True
65,1494,1504,250,111,True
66,1504,1552,250,120,True
67,1552,1556,250,45,True
68,1556,1542,250,87,True
69,1542,1550,250,122,True
70,1550,1562,250,96,True
71,1562,1497,250,88,True
72,1497,1500,250,119,True
73,1500,1548,250,120,True
74,1548,1499,250,134,True
75,1499,1493,250,129,True
76,1493,1463,250,167,True
77,1463,1428,250,209,True
78,1428,1317,250,88,True
79,1317,1273,250,122,True
80,1273,1208,250,204,True
81,1208,1201,250,102,True
82,1201,1138,250,141,True
83,1138,1082,250,131,True
84,1082,997,250,234,True
85,997,953,250,100,True
86,953,950,250,216,True
87,950,960,250,135,True
88,960,938,250,249,True
89,938,950,250,194,True
90,950,946,250,97,True
91,946,956,250,126,True
92,956,960,250,115,True
93,960,931,250,109,True
94,931,932,250,214,True
95,932,920,250,199,True
96,920,975,250,188,True
97,975,959,250,171,True
98,959,945,250,222,True
99,945,971,250,112,True
100,971,918,250,204,True
101,918,953,250,84,True
102,953,939,250,224,True
103,939,936,250,85,True
104,936,887,250,128,True
105,887,885,250,176,True
106,885,909,250,129,True
107,909,894,250,74,True
108,894,873,250,188,True
109,873,855,250,70,True
110,855,836,250,79,True
111,836,816,250,139,True
112,816,810,250,39,True
113,810,849,250,85,True
114,849,829,250,136,True
115,829,841,250,76,True
116,841,856,250,77,True
117,856,821,250,162,True
118,821,825,250,84,True
119,825,846,250,18,False
120,846,859,250,105,True
121,859,829,250,40,True
122,829,815,250,36,True
123,815,797,250,45,True
124,797,785,250,106,True
125,785,769,250,19,False
126,769,753,250,47,True
127,753,740,250,54,True
128,740,774,250,109,True
129,774,733,250,38,True
130,733,728,250,132,True
131,728,745,250,89,True
132,745,746,250,136,True
133,746,752,250,80,True
134,752,748,250,120,True
135,748,788,250,132,True
136,788,811,250,214,True
137,811,860,250,186,True
138,860,877,250,73,True
139,877,869,250,77,True
140,869,857,250,56,True
141,857,903,250,141,True
142,903,874,250,240,True
143,874,912,250,122,True
144,912,880,250,126,True
145,880,925,250,147,True
146,925,930,250,169,True
147,930,948,250,120,True
148,948,965,250,206,True
149,965,987,250,139,True
150,987,984,250,242,True
151,984,1004,250,120,True
152,1004,1004,250,228,True
153,1004,949,250,149,True
154,949,1055,250,185,True
155,1055,1050,250,202,True
156,1050,1058,250,199,True
157,1058,1087,250,110,True
158,1087,1154,250,239,True
159,1154,1181,250,112,True
160,1181,1212,250,151,True
161,1212,1259,250,211,True
162,1259,1338,250,193,True
163,1338,1356,250,194,True
164,1356,1353,250,111,True
165,1353,1401,250,108,True
166,1401,1296,250,124,True
167,1296,1231,250,219,True
168,1231,1268,250,160,True
169,1268,1282,250,142,True
170,1282,1244,250,215,True
171,1244,1226,250,173,True
172,1226,1215,250,108,True
173,1215,1211,250,136,True
174,1211,1285,250,171,True
175,1285,1315,250,46,True
176,1315,1323,250,105,True
177,1323,1387,250,87,True
178,1387,1441,250,71,True
179,1441,1413,250,40,True
180,1413,1427,250,73,True
181,1427,1434,250,27,False
182,1434,1435,250,54,True
183,1435,1460,250,34,True
184,1460,1394,250,54,True
185,1394,1390,250,100,True
186,1390,1463,250,76,True
187,1463,1463,250,121,True
188,1463,1449,250,187,True
189,1449,1438,250,186,True
190,1438,1444,250,99,True
191,1444,1458,250,186,True
192,1458,1396,250,92,True
193,1396,1385,250,81,True
194,1385,1333,250,105,True
195,1333,1364,250,75,True
196,1364,1390,250,220,True
197,1390,1359,250,104,True
198,1359,1345,250,120,True
199,1345,1273,250,85,True
200,1273,1300,250,139,True
201,1300,1233,250,89,True
202,1233,1123,250,126,True
203,1123,1117,250,100,True
204,1117,1074,250,114,True
205,1074,1041,250,126,True
206,1041,951,250,57,True
207,951,875,250,104,True
208,875,789,250,229,True
209,789,801,250,141,True
210,801,737,250,110,True
211,737,715,250,135,True
212,715,706,250,167,True
213,706,710,250,168,True
214,710,688,250,118,True
215,688,672,250,200,True
216,672,636,250,169,True
217,636,660,250,143,True
218,660,630,250,123,True
219,630,604,250,121,True
220,604,600,250,135,True
221,600,628,250,132,True
222,628,609,250,118,True
223,609,605,250,139,True
224,605,574,250,127,True
225,574,570,250,105,True
226,570,590,250,116,True
227,590,679,250,144,True
228,679,672,250,97,True
229,672,666,250,54,True
230,666,676,250,66,True
231,676,654,250,133,True
232,654,667,250,82,True
233,667,665,250,111,True
234,665,671,250,128,True
235,671,717,250,38,True
236,717,732,250,38,True
237,732,712,250,109,True
238,712,713,250,104,True
239,713,716,250,184,True
240,716,720,250,74,True
241,720,753,250,70,True
242,753,728,250,122,True
243,728,731,250,64,True
244,731,705,250,103,True
245,705,678,250,103,True
246,678,707,250,87,True
247,707,728,250,146,True
248,728,765,250,134,True
249,765,776,250,182,True
250,776,767,250,152,True
251,767,746,250,81,True
252,746,757,250,116,True
253,757,792,250,119,True
254,792,791,250,224,True
255,791,812,250,142,True
256,812,829,250,150,True
257,829,822,250,75,True
258,822,830,250,140,True
259,830,843,250,168,True
260,843,875,250,190,True
261,875,837,250,174,True
262,837,873,250,138,True
263,873,860,250,98,True
264,860,873,250,215,True
265,873,888,250,169,True
266,888,904,250,165,True
267,904,947,250,160,True
268,947,862,250,184,True
269,862,908,250,187,True
270,908,920,250,138,True
271,920,908,250,182,True
272,908,870,250,164,True
273,870,876,250,124,True
274,876,905,250,181,True
275,905,909,250,236,True
276,909,936,250,99,True
277,936,1027,250,209,True
278,1027,1032,250,240,True
279,1032,1177,250,113,True
280,1177,1214,250,225,True
281,1214,1186,250,118,True
282,1186,1095,250,116,True
283,1095,1060,250,178,True
284,1060,1076,250,125,True
285,1076,1086,250,128,True
286,1086,1054,250,184,True
287,1054,1057,250,201,True
288,1057,1087,250,174,True
289,1087,1059,250,183,True
290,1059,1075,250,119,True
291,1075,1039,250,153,True
292,1039,955,250,77,True
293,955,950,250,94,True
294,950,921,250,101,True
295,921,949,250,179,True
296,949,913,250,161,True
297,913,891,250,135,True
298,891,864,250,163,True
299,864,875,250,177,True
300,875,861,250,93,True
301,861,825,250,196,True
302,825,822,250,107,True
303,822,831,250,64,True
304,831,825,250,160,True
305,825,745,250,117,True
306,745,769,250,115,True
307,769,743,250,157,True
308,743,798,250,181,True
309,798,743,250,119,True
310,743,725,250,109,True
311,725,720,250,96,True
312,720,684,250,127,True
313,684,688,250,103,True
314,688,674,250,65,True
315,674,665,250,42,True
316,665,626,250,63,True
317,626,655,250,58,True
318,655,691,250,149,True
319,691,676,250,89,True
320,676,714,250,84,True
321,714,752,250,87,True
322,752,762,250,83,True
323,762,797,250,72,True
324,797,808,250,151,True
325,808,846,250,173,True
326,846,806,250,116,True
327,806,808,250,115,True
328,808,797,250,126,True
329,797,805,250,120,True
330,805,812,250,80,True
331,812,872,250,186,True
332,872,869,250,166,True
333,869,821,250,210,True
334,821,861,250,177,True
335,861,887,250,172,True
336,887,903,250,168,True
337,903,889,250,172,True
338,889,939,250,210,True
339,939,1005,250,166,True
340,1005,1037,250,155,True
341,1037,1051,250,143,True
342,1051,1080,250,153,True
343,1080,1052,250,197,True
344,1052,1073,250,217,True
345,1073,1061,250,156,True
346,1061,1024,250,87,True
347,1024,1025,250,103,True
348,1025,988,250,235,True
349,988,984,250,237,True
350,984,1054,250,114,True
351,1054,1092,250,242,True
352,1092,1147,250,197,True
353,1147,1181,250,200,True
354,1181,1140,250,156,True
355,1140,1131,250,126,True
356,1131,1091,250,199,True
357,1091,1194,250,141,True
358,1194,1166,250,127,True
359,1166,1154,250,175,True
360,1154,1167,250,140,True
361,1167,1139,250,179,True
362,1139,1174,250,209,True
363,1174,1213,250,143,True
364,1213,1220,250,165,True
365,1220,1243,250,197,True
366,1243,1151,250,190,True
367,1151,1149,250,175,True
368,1149,1157,250,149,True
369,1157,1114,250,163,True
370,1114,1103,250,177,True
371,1103,1058,250,169,True
372,1058,1062,250,186,True
373,1062,925,250,200,True
374,925,991,250,206,True
375,991,886,250,165,True
376,886,781,250,169,True
377,781,741,250,183,True
378,741,674,250,133,True
379,674,715,250,185,True
380,715,854,250,156,True
381,854,883,250,98,True
382,883,1129,250,113,True
383,1129,1085,250,141,True
384,1085,1112,250,162,True
385,1112,1158,250,234,True
386,1158,1094,250,84,True
387,1094,1116,250,185,True
388,1116,1139,250,198,True
389,1139,1218,250,132,True
390,1218,1655,250,164,True
391,1655,1645,250,203,True
392,1645,1690,250,107,True
393,1690,1757,250,90,True
394,1757,1770,250,111,True
395,1770,1657,250,104,True
396,1657,1543,250,195,True
397,1543,1592,250,127,True
398,1592,1327,250,157,True
399,1327,1216,250,182,True
400,1216,1100,250,181,True
401,1100,986,250,134,True
402,986,909,250,130,True
403,909,859,250,113,True
404,859,837,250,230,True
405,837,822,250,48,True
406,822,631,250,62,True
407,631,603,250,62,True
408,603,653,250,67,True
409,653,681,250,142,True
410,681,733,250,130,True
411,733,752,250,136,True
412,752,910,250,86,True
413,910,998,250,113,True
414,998,1178,250,170,True
415,1178,1313,250,223,True
416,1313,1274,250,140,True
417,1274,1104,250,147,True
418,1104,1013,250,89,True
419,1013,1036,250,184,True
420,1036,1044,250,87,True
421,1044,1057,250,238,True
422,1057,978,250,113,True
423,978,1380,250,235,True
424,1380,1422,250,215,True
425,1422,1395,250,125,True
426,1395,1367,250,164,True
427,1367,1469,250,172,True
428,1469,1550,250,183,True
429,1550,1458,250,189,True
430,1458,1272,250,230,True
431,1272,898,250,157,True
432,898,871,250,222,True
433,871,887,250,154,True
434,887,830,250,219,True
435,830,807,250,161,True
436,807,801,250,245,True
437,801,787,250,162,True
438,787,773,250,133,True
439,773,614,250,241,True
440,614,594,250,140,True
441,594,581,250,213,True
442,581,612,250,169,True
443,612,634,250,222,True
444,634,741,250,155,True
445,741,762,250,221,True
446,762,814,250,126,True
447,814,1067,250,125,True
448,1067,1087,250,85,True
449,1087,1066,250,122,True
450,1066,1029,250,72,True
451,1029,1037,250,50,True
452,1037,1063,250,198,True
453,1063,1153,250,152,True
454,1153,1132,250,75,True
455,1132,1089,250,141,True
456,1089,1525,250,185,True
457,1525,1434,250,109,True
458,1434,1344,250,138,True
459,1344,1380,250,156,True
460,1380,1402,250,159,True
461,1402,1263,250,150,True
462,1263,1098,250,171,True
463,1098,1070,250,168,True
464,1070,796,250,169,True
465,796,803,250,167,True
466,803,771,250,184,True
467,771,766,250,141,True
468,766,714,250,72,True
469,714,714,250,77,True
470,714,706,250,111,True
471,706,673,250,145,True
472,673,602,250,164,True
473,602,621,250,199,True
474,621,635,250,185,True
475,635,598,250,226,True
476,598,614,250,227,True
477,614,689,250,192,True
478,689,705,250,208,True
479,705,696,250,222,True
480,696,992,250,141,True
481,992,1022,250,87,True
482,1022,1004,250,86,True
483,1004,942,250,117,True
484,942,990,250,43,True
485,990,1008,250,206,True
486,1008,1058,250,196,True
487,1058,1087,250,105,True
488,1087,1514,250,130,True
489,1514,1533,250,140,True
490,1533,1510,250,146,True
491,1510,1447,250,133,True
492,1447,1433,250,180,True
493,1433,1402,250,188,True
494,1402,1346,250,180,True
495,1346,1304,250,220,True
496,1304,1149,250,200,True
497,1149,1140,250,190,True
498,1140,1248,250,145,True
499,1248,1207,250,158,True
500,1207,1279,250,163,True
501,1279,1268,250,123,True
502,1268,1277,250,135,True
503,1277,1242,250,211,True
504,1242,1137,250,137,True
505,1137,913,250,133,True
506,913,917,250,189,True
507,917,938,250,228,True
508,938,953,250,224,True
509,953,758,250,164,True
510,758,699,250,178,True
511,699,589,242,198,True
512,589,596,250,131,True
513,596,1039,229,142,True
514,1039,1011,250,215,True
515,1011,974,250,178,True
516,974,983,250,191,True
517,983,931,250,246,True
518,931,970,250,168,True
519,970,966,250,165,True
520,966,985,250,241,True
521,985,1507,250,95,True
522,1507,1557,250,168,True
523,1557,1523,250,148,True
524,1523,1467,250,167,True
525,1467,1337,250,166,True
526,1337,1205,250,158,True
527,1205,1217,250,153,True
528,1217,1183,250,138,True
529,1183,822,250,165,True
530,822,899,250,140,True
531,899,909,250,164,True
532,909,951,250,227,True
533,951,937,250,92,True
534,937,986,250,240,True
535,986,1028,250,103,True
536,1028,1098,250,151,True
537,1098,1039,250,214,True
538,1039,964,250,189,True
539,964,880,250,211,True
540,880,767,250,178,True
541,767,692,250,210,True
542,692,659,250,168,True
543,659,696,250,193,True
544,696,765,250,159,True
545,765,1313,250,138,True
546,1313,1200,250,247,True
547,1200,1235,250,151,True
548,1235,1202,250,152,True
549,1202,1256,250,80,True
550,1256,1253,250,81,True
551,1253,1259,250,155,True
552,1259,1248,250,88,True
553,1248,1258,250,161,True
554,1258,1266,250,67,True
555,1266,1216,250,209,True
556,1216,1215,250,191,True
557,1215,1157,250,164,True
558,1157,1039,250,135,True
559,1039,1079,250,185,True
560,1079,1051,250,170,True
561,1051,1063,250,153,True
562,1063,737,250,175,True
563,737,743,250,249,True
564,743,756,250,106,True
565,756,729,250,222,True
566,729,838,250,218,True
567,838,1016,250,139,True
568,1016,1102,250,108,True
569,1102,1253,250,192,True
570,1253,1216,250,118,True
571,1216,1253,250,132,True
572,1253,1238,250,150,True
573,1238,1088,250,222,True
574,1088,925,250,104,True
575,925,768,250,235,True
576,768,904,250,240,True
577,904,932,250,224,True
578,932,1318,250,241,True
579,1318,1336,250,195,True
580,1336,1320,250,117,True
581,1320,1346,250,223,True
582,1346,1344,250,230,True
583,1344,1326,250,238,True
584,1326,1334,250,194,True
585,1334,1287,250,87,True
586,1287,1216,250,103,True
587,1216,1262,250,83,True
588,1262,1309,250,63,True
589,1309,1190,250,125,True
590,1190,1200,250,112,True
591,1200,1243,250,107,True
592,1243,1231,250,98,True
593,1231,1211,250,130,True
594,1211,1157,250,208,True
595,1157,1170,250,215,True
596,1170,1126,250,127,True
597,1126,996,250,87,True
598,996,963,250,94,True
599,963,935,250,203,True
600,935,869,250,107,True
601,869,870,250,161,True
602,870,898,250,222,True
603,898,828,250,106,True
604,828,837,250,103,True
605,837,796,250,224,True
606,796,778,250,178,True
607,778,728,250,243,True
608,728,750,250,186,True
609,750,722,250,177,True
610,722,804,250,189,True
611,804,1002,250,134,True
612,1002,992,250,233,True
613,992,1002,250,213,True
614,1002,1092,250,147,True
615,1092,1123,250,108,True
616,1123,1176,250,198,True
617,1176,1191,250,137,True
618,1191,1231,250,190,True
619,1231,1081,250,161,True
620,1081,1088,250,120,True
621,1088,958,250,151,True
622,958,823,250,123,True
623,823,768,250,160,True
624,768,737,250,62,True
625,737,707,250,84,True
626,707,730,250,53,True
627,730,766,250,68,True
628,766,823,250,71,True
629,823,923,250,117,True
630,923,1084,250,98,True
631,1084,1272,250,148,True
632,1272,1292,250,122,True
633,1292,1467,250,185,True
634,1467,1425,250,214,True
635,1425,1334,250,82,True
636,1334,1182,250,164,True
637,1182,1112,250,225,True
638,1112,1107,250,92,True
639,1107,1074,250,123,True
640,1074,1032,250,217,True
641,1032,1148,250,207,True
642,1148,1188,250,237,True
643,1188,1292,250,198,True
644,1292,1685,250,78,True
645,1685,1786,250,85,True
646,1786,1832,250,101,True
647,1832,1921,250,73,True
648,1921,2011,250,146,True
649,2011,1931,250,210,True
650,1931,1669,250,113,True
651,1669,1427,250,112,True
652,1427,1099,250,87,True
653,1099,1087,250,132,True
654,1087,1032,250,237,True
655,1032,974,250,211,True
656,974,943,250,240,True
657,943,929,250,164,True
658,929,852,250,244,True
659,852,786,250,134,True
660,786,696,250,135,True
661,696,801,250,121,True
662,801,797,250,125,True
663,797,777,250,182,True
664,777,760,250,102,True
665,760,808,250,230,True
666,808,785,250,110,True
667,785,828,250,224,True
668,828,945,250,246,True
669,945,953,250,198,True
670,953,979,250,170,True
671,979,919,250,220,True
672,919,918,250,198,True
673,918,899,250,211,True
674,899,862,250,197,True
675,862,852,250,214,True
676,852,866,250,182,True
677,866,828,250,227,True
678,828,859,250,176,True
679,859,824,250,124,True
680,824,807,250,110,True
681,807,809,250,121,True
682,809,799,250,132,True
683,799,833,250,122,True
684,833,705,250,82,True
685,705,721,250,230,True
686,721,768,250,202,True
687,768,798,250,210,True
688,798,941,250,247,True
689,941,1074,250,244,True
690,1074,1172,250,122,True
691,1172,1273,250,233,True
692,1273,1284,250,167,True
693,1284,1058,250,170,True
694,1058,935,250,177,True
695,935,795,250,181,True
696,795,752,250,173,True
697,752,720,250,151,True
698,720,735,250,182,True
699,735,763,250,196,True
700,763,814,250,137,True
701,814,1137,250,123,True
702,1137,1182,250,211,True
703,1182,1101,250,164,True
704,1101,995,250,148,True
705,995,943,250,182,True
706,943,1082,250,113,True
707,1082,1242,250,111,True
708,1242,1362,250,121,True
709,1362,977,250,173,True
710,977,1052,250,129,True
711,1052,996,250,102,True
712,996,995,250,104,True
713,995,897,250,146,True
714,897,898,250,82,True
715,898,972,250,115,True
716,972,884,250,108,True
717,884,824,250,210,True
718,824,647,250,236,True
719,647,607,250,109,True
720,607,609,250,248,True
721,609,515,250,74,True
722,515,498,243,134,True
723,498,497,241,151,True
724,497,453,229,222,True
725,453,825,186,173,True
726,825,839,250,238,True
727,839,845,250,114,True
728,845,893,250,115,True
729,893,911,250,100,True
730,911,914,250,139,True
731,914,941,250,123,True
732,941,976,250,240,True
733,976,694,250,204,True
734,694,778,250,158,True
735,778,877,250,238,True
736,877,876,250,126,True
737,876,868,250,123,True
738,868,910,250,220,True
739,910,899,250,133,True
740,899,911,250,178,True
741,911,875,250,217,True
742,875,777,250,215,True
743,777,826,250,238,True
744,826,807,250,227,True
745,807,922,240,219,True
746,922,831,212,152,True
747,831,716,217,201,True
748,716,501,190,179,True
749,501,379,171,36,True
750,379,713,156,135,True
751,713,758,250,227,True
752,758,776,250,249,True
753,776,777,250,243,True
754,777,784,250,243,True
755,784,934,250,241,True
756,934,964,250,219,True
757,964,964,250,161,True
758,964,1822,250,219,True
759,1822,1907,250,225,True
760,1907,1885,250,230,True
761,1885,1839,250,66,True
762,1839,1644,250,108,True
763,1644,1484,250,72,True
764,1484,1446,250,61,True
765,1446,1401,250,215,True
766,1401,908,250,99,True
767,908,1084,250,110,True
768,1084,1384,250,95,True
769,1384,1436,250,147,True
770,1436,1355,250,92,True
771,1355,1228,250,161,True
772,1228,1130,250,224,True
773,1130,1011,250,234,True
774,1011,972,250,173,True
775,972,917,250,246,True
776,917,832,250,110,True
777,832,854,250,248,True
778,854,876,250,243,True
779,876,842,250,158,True
780,842,943,250,241,True
781,943,825,250,186,True
782,825,775,250,139,True
783,775,1260,250,159,True
784,1260,1221,250,216,True
785,1221,1222,250,172,True
786,1222,1211,250,233,True
787,1211,1228,250,121,True
788,1228,1213,250,227,True
789,1213,1191,250,144,True
790,1191,1232,250,132,True
791,1232,1118,250,153,True
792,1118,1064,250,195,True
793,1064,949,250,173,True
794,949,937,250,135,True
795,937,943,250,139,True
796,943,1003,250,195,True
797,1003,979,250,139,True
798,979,1027,250,152,True
799,1027,805,250,120,True
800,805,842,250,120,True
801,842,910,250,80,True
802,910,1081,250,84,True
803,1081,1327,250,68,True
804,1327,1421,250,122,True
805,1421,1391,250,130,True
806,1391,1157,250,200,True
807,1157,1038,250,93,True
808,1038,922,250,172,True
809,922,840,250,58,True
810,840,835,250,51,True
811,835,797,250,99,True
812,797,782,250,76,True
813,782,765,250,209,True
814,765,832,250,209,True
815,832,1598,250,64,True
816,1598,1593,250,41,True
817,1593,1577,250,235,True
818,1577,1622,250,53,True
819,1622,1728,250,64,True
820,1728,1730,250,81,True
821,1730,1818,250,126,True
822,1818,1834,250,180,True
823,1834,1337,250,93,True
824,1337,1166,250,127,True
825,1166,1106,250,224,True
826,1106,1213,250,111,True
827,1213,1266,250,108,True
828,1266,1300,250,122,True
829,1300,1259,250,132,True
830,1259,1169,250,109,True
831,1169,1069,250,197,True
832,1069,788,250,203,True
833,788,747,250,110,True
834,747,739,250,116,True
835,739,753,250,96,True
836,753,778,250,83,True
837,778,795,250,114,True
838,795,809,250,124,True
839,809,819,250,22,False
840,819,767,250,66,True
841,767,750,250,29,False
842,750,721,250,30,True
843,721,765,250,35,True
844,765,727,250,102,True
845,727,744,250,114,True
846,744,735,250,88,True
847,735,757,250,67,True
848,757,833,250,81,True
849,833,870,250,119,True
850,870,916,250,42,True
851,916,894,250,49,True
852,894,874,250,127,True
853,874,880,250,47,True
854,880,943,250,114,True
855,943,1113,250,66,True
856,1113,1180,250,67,True
857,1180,1059,250,56,True
858,1059,1042,250,92,True
859,1042,966,250,50,True
860,966,1052,250,36,True
861,1052,1021,250,93,True
862,1021,1020,250,85,True
863,1020,999,250,183,True
864,999,947,250,59,True
865,947,1034,250,78,True
866,1034,1033,250,54,True
867,1033,1066,250,54,True
868,1066,1067,250,38,True
869,1067,1006,250,83,True
870,1006,978,250,37,True
871,978,1044,250,24,False
872,1044,1105,250,59,True
873,1105,1180,250,55,True
874,1180,1165,250,33,True
875,1165,1221,250,32,True
876,1221,1306,250,121,True
877,1306,1373,250,36,True
878,1373,1239,250,28,False
879,1239,1398,250,74,True
880,1398,1487,250,44,True
881,1487,1298,250,64,True
882,1298,1291,250,84,True
883,1291,1235,250,93,True
884,1235,1185,250,30,True
885,1185,1181,250,209,True
886,1181,1226,250,142,True
887,1226,1128,250,74,True
888,1128,1157,250,70,True
889,1157,1068,250,34,True
890,1068,1113,250,50,True
891,1113,1085,250,46,True
892,1085,1054,250,40,True
893,1054,939,250,48,True
894,939,1032,250,102,True
895,1032,1049,250,84,True
896,1049,1041,250,33,True
897,1041,1066,250,39,True
898,1066,1040,250,78,True
899,1040,1037,250,71,True
900,1037,1056,250,40,True
901,1056,1055,250,46,True
902,1055,1068,250,21,False
903,1068,1019,250,114,True
904,1019,1083,250,88,True
905,1083,1107,250,55,True
906,1107,1227,250,111,True
907,1227,1224,250,70,True
908,1224,1238,250,72,True
909,1238,1413,250,125,True
910,1413,1347,250,46,True
911,1347,1215,250,96,True
912,1215,1232,250,44,True
913,1232,1155,250,31,True
914,1155,1165,250,61,True
915,1165,1047,250,34,True
916,1047,1259,250,137,True
917,1259,1113,250,121,True
918,1113,1094,250,37,True
919,1094,1109,250,124,True
920,1109,1076,250,37,True
921,1076,1161,250,37,True
922,1161,1139,250,45,True
923,1139,1072,250,129,True
924,1072,981,250,58,True
925,981,1084,250,41,True
926,1084,1069,250,69,True
927,1069,1087,250,31,True
928,1087,1068,250,65,True
929,1068,1051,250,37,True
930,1051,1095,250,78,True
931,1095,1002,250,26,False
932,1002,1043,250,82,True
933,1043,1069,250,55,True
934,1069,1091,250,97,True
935,1091,1035,250,93,True
936,1035,1082,250,77,True
937,1082,1114,250,49,True
938,1114,1041,250,36,True
939,1041,1092,250,47,True
940,1092,1024,250,149,True
941,1024,1103,250,41,True
942,1103,1125,250,53,True
943,1125,1135,250,67,True
944,1135,1159,250,66,True
945,1159,1241,250,73,True
946,1241,1349,250,131,True
947,1349,1446,250,30,True
948,1446,1245,250,46,True
949,1245,1486,250,108,True
950,1486,1246,250,78,True
951,1246,1321,250,57,True
952,1321,1086,250,118,True
953,1086,1073,250,70,True
954,1073,1037,250,77,True
955,1037,972,250,55,True
956,972,948,250,74,True
957,948,1027,250,95,True
958,1027,1035,250,104,True
959,1035,1046,250,138,True
960,1046,1089,250,130,True
961,1089,1061,250,55,True
962,1061,999,250,96,True
963,999,1011,250,81,True
964,1011,1041,250,154,True
965,1041,1002,250,84,True
966,1002,1040,250,52,True
967,1040,1013,250,68,True
968,1013,1068,250,87,True
969,1068,1107,250,56,True
970,1107,1086,250,71,True
971,1086,1028,250,104,True
972,1028,1059,250,49,True
973,1059,1071,250,65,True
974,1071,1045,250,90,True
975,1045,1080,250,185,True
976,1080,1100,250,32,True
977,1100,1133,250,30,True
978,1133,1178,250,47,True
979,1178,1343,250,95,True
980,1343,1110,250,88,True
981,1110,1310,250,109,True
982,1310,1320,250,52,True
983,1320,1182,250,67,True
984,1182,1156,250,61,True
985,1156,1099,250,39,True
986,1099,1124,250,75,True
987,1124,1087,250,32,True
988,1087,1039,250,48,True
989,1039,932,250,45,True
990,932,896,250,52,True
991,896,965,250,83,True
992,965,1041,250,108,True
993,1041,1054,250,113,True
994,1054,1043,250,101,True
995,1043,1128,250,37,True
996,1128,1058,250,134,True
997,1058,971,250,75,True
998,971,946,250,132,True
999,946,1027,250,59,True
1000,1027,978,250,68,True
1001,978,959,250,92,True
1002,959,982,250,93,True
1003,982,1012,250,49,True
1004,1012,1076,250,56,True
1005,1076,1157,250,74,True
1006,1157,1292,250,59,True
1007,1292,1200,250,32,True
1008,1200,1145,250,56,True
1009,1145,1287,250,136,True
1010,1287,1356,250,25,False
1011,1356,1096,250,36,True
1012,1096,1089,250,26,False
1013,1089,1105,250,38,True
1014,1105,996,250,48,True
1015,996,955,250,59,True
1016,955,1085,250,22,False
1017,1085,1223,250,72,True
1018,1223,1224,250,66,True
1019,1224,1177,250,110,True
1020,1177,1171,250,86,True
1021,1171,1144,250,118,True
1022,1144,1078,250,77,True
1023,1078,986,250,127,True
1024,986,946,250,58,True
1025,946,909,250,61,True
1026,909,924,250,189,True
1027,924,885,250,37,True
1028,885,840,250,28,False
1029,840,777,250,89,True
1030,777,757,250,64,True
1031,757,780,250,93,True
1032,780,773,250,23,False
1033,773,814,250,104,True
1034,814,864,250,77,True
1035,864,957,250,85,True
1036,957,1010,250,159,True
1037,1010,1133,250,86,True
1038,1133,1276,250,61,True
1039,1276,1348,250,153,True
1040,1348,1188,250,80,True
1041,1188,947,250,103,True
1042,947,932,250,128,True
1043,932,979,250,122,True
1044,979,1103,250,99,True
1045,1103,1130,250,104,True
1046,1130,1137,250,42,True
1047,1137,1078,250,95,True
1048,1078,1104,250,101,True
1049,1104,1019,250,72,True
1050,1019,974,250,30,True
1051,974,1214,250,77,True
1052,1214,1482,250,43,True
1053,1482,1580,250,95,True
1054,1580,1383,250,65,True
1055,1383,1155,250,97,True
1056,1155,1024,250,42,True
1057,1024,949,250,83,True
1058,949,850,250,68,True
1059,850,850,250,64,True
1060,850,721,250,115,True
1061,721,750,250,89,True
1062,750,753,250,66,True
1063,753,726,250,80,True
1064,726,826,250,99,True
1065,826,912,250,100,True
1066,912,1001,250,87,True
1067,1001,1201,250,61,True
1068,1201,1430,250,87,True
1069,1430,1335,250,76,True
1070,1335,1094,250,143,True
1071,1094,877,250,41,True
1072,877,864,250,50,True
1073,864,990,250,110,True
1074,990,967,250,47,True
1075,967,1000,250,85,True
1076,1000,986,250,77,True
1077,986,1127,250,64,True
1078,1127,1073,250,95,True
1079,1073,1075,250,83,True
1080,1075,1328,250,173,True
1081,1328,1542,250,83,True
1082,1542,1390,250,149,True
1083,1390,1116,250,171,True
1084,1116,1077,250,75,True
1085,1077,974,250,79,True
1086,974,879,250,100,True
1087,879,856,250,50,True
1088,856,930,250,105,True
1089,930,982,250,62,True
1090,982,1031,250,73,True
1091,1031,999,250,32,True
1092,999,995,250,113,True
1093,995,909,250,35,True
1094,909,872,250,87,True
1095,872,804,250,101,True
1096,804,908,250,103,True
1097,908,962,250,66,True
1098,962,1112,250,57,True
1099,1112,1366,250,107,True
1100,1366,1576,250,97,True
1101,1576,1364,250,71,True
1102,1364,1135,250,60,True
1103,1135,966,250,67,True
1104,966,976,250,55,True
1105,976,1034,250,90,True
1106,1034,1052,250,42,True
1107,1052,1017,250,63,True
1108,1017,984,250,60,True
1109,984,947,250,58,True
1110,947,1219,250,56,True
1111,1219,1409,250,88,True
1112,1409,1507,250,54,True
1113,1507,1582,250,61,True
1114,1582,1483,250,103,True
1115,1483,1333,250,73,True
1116,1333,1224,250,100,True
1117,1224,1135,250,54,True
1118,1135,1032,250,87,True
1119,1032,1041,250,86,True
1120,1041,947,250,141,True
1121,947,968,250,23,False
1122,968,988,250,19,False
1123,988,940,250,3,False
1124,940,1007,250,67,True
1125,1007,1026,250,28,False
1126,1026,939,250,28,False
1127,939,946,250,71,True
1128,946,947,250,65,True
1129,947,976,250,46,True
1130,976,997,250,84,True
1131,997,1041,250,141,True
1132,1041,1089,250,94,True
1133,1089,1172,250,73,True
1134,1172,1263,250,55,True
1135,1263,1382,250,82,True
1136,1382,1412,250,119,True
1137,1412,1451,250,145,True
1138,1451,1438,250,85,True
1139,1438,1369,250,167,True
1140,1369,1306,250,170,True
1141,1306,1219,250,185,True
1142,1219,1329,250,216,True
1143,1329,1283,250,194,True
1144,1283,1237,250,181,True
1145,1237,1213,250,187,True
1146,1213,1219,250,199,True
1147,1219,1188,250,192,True
1148,1188,1200,250,195,True
1149,1200,1216,250,217,True
1150,1216,1330,250,167,True
1151,1330,1342,250,119,True
1152,1342,1318,250,213,True
1153,1318,1324,250,99,True
1154,1324,1333,250,141,True
1155,1333,1332,250,227,True
1156,1332,1293,250,169,True
1157,1293,1289,250,206,True
1158,1289,1199,250,217,True
1159,1199,1252,250,192,True
1160,1252,1260,250,185,True
1161,1260,1228,250,226,True
1162,1228,1252,250,190,True
1163,1252,1152,250,221,True
1164,1152,1108,250,153,True
1165,1108,1144,250,217,True
1166,1144,1174,250,223,True
1167,1174,1294,250,246,True
1168,1294,1312,250,220,True
1169,1312,1310,250,213,True
1170,1310,1341,250,222,True
1171,1341,1358,250,208,True
1172,1358,1296,250,239,True
1173,1296,1229,250,240,True
1174,1229,1141,250,238,True
1175,1141,1378,250,220,True
1176,1378,1315,250,243,True
1177,1315,1234,250,223,True
1178,1234,1173,250,231,True
1179,1173,1186,250,223,True
1180,1186,1041,250,229,True
1181,1041,912,250,233,True
1182,912,874,250,233,True
1183,874,1192,250,239,True
1184,1192,1038,250,227,True
1185,1038,897,250,226,True
1186,897,744,250,212,True
1187,744,625,250,231,True
1188,625,500,247,214,True
1189,500,480,236,177,True
1190,480,453,240,177,True
1191,453,454,204,159,True
1192,454,228,121,55,True
1193,228,239,105,66,True
1194,239,285,114,58,True
1195,285,326,129,69,True
1196,326,294,175,136,True
1197,294,294,138,69,True
1198,294,361,141,85,True
1199,361,403,140,104,True
1200,403,520,180,153,True
1201,520,539,250,219,True
1202,539,518,250,120,True
1203,518,491,250,176,True
1204,491,441,250,187,True
1205,441,408,238,122,True
1206,408,412,219,113,True
1207,412,442,174,93,True
1208,442,576,137,113,True
1209,576,480,216,196,True
1210,480,464,199,84,True
1211,464,339,173,135,True
1212,339,266,136,63,True
1213,266,237,148,82,True
1214,237,233,156,74,True
1215,233,226,145,68,True
1216,226,282,134,67,True
1217,282,295,188,128,True
1218,295,302,189,98,True
1219,302,301,194,126,True
1220,301,289,205,142,True
1221,289,304,182,161,True
1222,304,272,187,116,True
1223,272,285,176,108,True
1224,285,302,188,92,True
1225,302,298,199,115,True
1226,298,311,187,101,True
1227,311,291,217,127,True
1228,291,310,180,94,True
1229,310,317,195,113,True
1230,317,309,201,92,True
1231,309,295,189,171,True
1232,295,293,176,141,True
1233,293,302,180,149,True
1234,302,288,194,130,True
1235,288,287,181,82,True
1236,287,305,175,79,True
1237,305,304,169,89,True
1238,304,314,172,71,True
1239,314,306,210,197,True
1240,306,301,173,99,True
1241,301,325,166,108,True
1242,325,300,204,92,True
1243,300,307,202,81,True
1244,307,311,195,97,True
1245,311,294,176,114,True
1246,294,309,183,117,True
1247,309,324,190,121,True
1248,324,342,198,168,True
1249,342,320,214,164,True
1250,320,348,198,136,True
1251,348,386,205,134,True
1252,386,366,229,131,True
1253,366,353,229,180,True
1254,353,389,198,124,True
1255,389,405,237,213,True
1256,405,402,232,189,True
1257,402,422,226,117,True
1258,422,408,242,107,True
1259,408,392,244,133,True
1260,392,413,236,133,True
1261,413,404,250,162,True
1262,404,428,246,175,True
1263,428,449,244,203,True
1264,449,427,250,178,True
1265,427,420,247,225,True
1266,420,452,250,244,True
1267,452,471,250,153,True
1268,471,460,250,152,True
1269,460,485,250,135,True
1270,485,510,250,226,True
1271,510,515,250,163,True
1272,515,475,250,216,True
1273,475,396,212,142,True
1274,396,358,220,145,True
1275,358,370,198,139,True
1276,370,365,215,150,True
1277,365,404,214,133,True
1278,404,427,216,166,True
1279,427,466,250,197,True
1280,466,512,250,233,True
1281,512,470,229,172,True
1282,470,533,250,200,True
1283,533,571,250,204,True
1284,571,574,250,189,True
1285,574,601,227,163,True
1286,601,606,250,183,True
1287,606,626,250,161,True
1288,626,623,250,195,True
1289,623,588,250,169,True
1290,588,600,250,132,True
1291,600,545,235,174,True
1292,545,538,205,160,True
1293,538,660,195,121,True
1294,660,640,250,183,True
1295,640,561,250,176,True
1296,561,527,250,214,True
1297,527,535,248,208,True
1298,535,545,236,163,True
1299,545,482,250,172,True
1300,482,416,235,219,True
1301,416,368,215,139,True
1302,368,366,202,137,True
1303,366,384,195,132,True
1304,384,367,198,165,True
1305,367,374,196,165,True
1306,374,511,143,102,True
1307,511,499,250,182,True
1308,499,473,227,151,True
1309,473,410,223,151,True
1310,410,378,212,161,True
1311,378,325,165,109,True
1312,325,313,150,82,True
1313,313,287,141,76,True
1314,287,376,139,94,True
1315,376,352,194,71,True
1316,352,354,170,152,True
1317,354,383,172,75,True
1318,383,365,214,152,True
1319,365,399,197,98,True
1320,399,407,205,135,True
1321,407,391,234,139,True
1322,391,423,207,141,True
1323,423,431,241,132,True
1324,431,430,224,126,True
1325,430,419,212,128,True
1326,419,409,215,106,True
1327,409,425,227,116,True
1328,425,443,250,159,True
1329,443,440,235,119,True
1330,440,472,229,169,True
1331,472,443,250,160,True
1332,443,475,248,120,True
1333,475,486,250,231,True
1334,486,516,250,175,True
1335,516,547,250,174,True
1336,547,535,250,172,True
1337,535,572,250,162,True
1338,572,594,250,133,True
1339,594,583,250,135,True
1340,583,657,250,153,True
1341,657,659,250,190,True
1342,659,681,250,182,True
1343,681,677,250,105,True
1344,677,712,250,166,True
1345,712,675,250,153,True
1346,675,702,250,159,True
1347,702,720,250,180,True
1348,720,721,250,169,True
1349,721,708,250,183,True
1350,708,751,250,189,True
1351,751,815,250,182,True
1352,815,865,250,196,True
1353,865,929,250,203,True
1354,929,946,250,169,True
1355,946,876,250,175,True
1356,876,874,250,200,True
1357,874,848,250,214,True
1358,848,892,250,225,True
1359,892,976,250,178,True
1360,976,1011,250,218,True
1361,1011,1097,250,229,True
1362,1097,1047,250,195,True
1363,1047,835,250,215,True
1364,835,819,250,216,True
1365,819,862,250,208,True
1366,862,912,250,191,True
1367,912,836,250,180,True
1368,836,805,250,166,True
1369,805,781,250,158,True
1370,781,800,250,169,True
1371,800,625,250,181,True
1372,625,611,250,186,True
1373,611,637,250,194,True
1374,637,677,250,156,True
1375,677,725,250,210,True
1376,725,791,250,197,True
1377,791,830,250,200,True
1378,830,846,250,194,True
1379,846,738,250,199,True
1380,738,794,250,196,True
1381,794,799,250,217,True
1382,799,806,250,197,True
1383,806,801,250,190,True
1384,801,738,250,208,True
1385,738,726,250,167,True
1386,726,684,250,156,True
1387,684,602,250,165,True
1388,602,605,250,163,True
1389,605,600,250,172,True
1390,600,637,250,152,True
1391,637,630,250,149,True
1392,630,646,250,149,True
1393,646,650,250,99,True
1394,650,647,250,120,True
1395,647,670,250,92,True
1396,670,701,250,178,True
1397,701,646,250,157,True
1398,646,642,250,109,True
1399,642,676,250,192,True
1400,676,659,250,141,True
1401,659,645,250,123,True
1402,645,688,250,199,True
1403,688,760,250,182,True
1404,760,857,250,170,True
1405,857,916,250,193,True
1406,916,960,250,169,True
1407,960,1027,250,162,True
1408,1027,1047,250,195,True
1409,1047,1146,250,124,True
1410,1146,1233,250,59,True
1411,1233,1302,250,159,True
1412,1302,1373,250,172,True
1413,1373,1495,250,113,True
1414,1495,1665,250,96,True
1415,1665,1813,250,86,True
1416,1813,2029,250,101,True
1417,2029,2206,250,132,True
1418,2206,2285,250,160,True
1419,2285,2413,250,110,True
1420,2413,2448,250,80,True
1421,2448,2470,250,139,True
1422,2470,2469,250,128,True
1423,2469,2495,250,60,True
1424,2495,2469,250,216,True
1425,2469,2488,250,105,True
1426,2488,2487,250,119,True
1427,2487,2486,250,74,True
1428,2486,2482,250,129,True
1429,2482,2469,250,117,True
1430,2469,2470,250,191,True
1431,2470,2474,250,108,True
1432,2474,2495,250,55,True
1433,2495,2483,250,79,True
1434,2483,2475,250,81,True
1435,2475,2498,250,155,True
1436,2498,2495,250,94,True
1437,2495,2498,250,118,True
1438,2498,2500,250,124,True
1439,2500,2500,250,92,True
1440,2500,2500,250,73,True
1441,2500,2500,250,192,True
1442,2500,2500,250,118,True
1443,2500,2483,250,92,True
1444,2483,2497,250,84,True
1445,2497,2482,250,58,True
1446,2482,2489,250,66,True
1447,2489,2474,250,207,True
1448,2474,2485,250,123,True
1449,2485,2483,250,69,True
1450,2483,2489,250,112,True
1451,2489,2487,250,76,True
1452,2487,2495,250,78,True
1453,2495,2489,250,79,True
1454,2489,2493,250,83,True
1455,2493,2492,250,122,True
1456,2492,2489,250,149,True
1457,2489,2499,250,84,True
1458,2499,2500,250,94,True
1459,2500,2500,250,124,True
1460,2500,2500,250,104,True
1461,2500,2496,250,149,True
1462,2496,2494,250,118,True
1463,2494,2481,250,114,True
1464,2481,2488,250,142,True
1465,2488,2486,250,87,True
1466,2486,2483,250,108,True
1467,2483,2484,250,179,True
1468,2484,2481,250,39,True
1469,2481,2493,250,58,True
1470,2493,2486,250,137,True
1471,2486,2480,250,56,True
1472,2480,2482,250,122,True
1473,2482,2485,250,72,True
1474,2485,2484,250,56,True
1475,2484,2497,250,168,True
1476,2497,2489,250,210,True
1477,2489,2493,250,32,True
1478,2493,2500,250,79,True
1479,2500,2500,250,157,True
1480,2500,2500,250,173,True
1481,2500,2500,250,216,True
1482,2500,2487,250,162,True
1483,2487,2494,250,217,True
1484,2494,2500,250,82,True
1485,2500,2500,250,81,True
1486,2500,2500,250,173,True
1487,2500,2500,250,50,True
1488,2500,2500,250,55,True
1489,2500,2495,250,101,True
1490,2495,2489,250,157,True
1491,2489,2490,250,129,True
1492,2490,2500,250,15,False
1493,2500,2494,250,34,True
1494,2494,2500,250,223,True
1495,2500,2500,250,143,True
1496,2500,2492,250,58,True
1497,2492,2486,250,17,False
1498,2486,2479,250,25,False
1499,2479,2489,250,20,False
1500,2489,2492,250,169,True
1501,2492,2489,250,84,True
1502,2489,2483,250,52,True
1503,2483,2499,250,99,True
1504,2499,2489,250,167,True
1505,2489,2486,250,114,True
1506,2486,2486,250,114,True
1507,2486,2477,250,161,True
1508,2477,2478,250,225,True
1509,2478,2483,250,63,True
1510,2483,2483,250,111,True
1511,2483,2487,250,106,True
1512,2487,2479,250,88,True
1513,2479,2488,250,177,True
1514,2488,2500,250,242,True
1515,2500,2485,250,153,True
1516,2485,2487,250,235,True
1517,2487,2497,250,51,True
1518,2497,2490,250,84,True
1519,2490,2490,250,88,True
1520,2490,2493,250,148,True
1521,2493,2486,250,98,True
1522,2486,2486,250,190,True
1523,2486,2482,250,75,True
1524,2482,2487,250,110,True
1525,2487,2482,250,75,True
1526,2482,2448,250,74,True
1527,2448,2413,250,228,True
1528,2413,2432,250,212,True
1529,2432,2433,250,109,True
1530,2433,2419,250,95,True
1531,2419,2421,250,95,True
1532,2421,2414,250,113,True
1533,2414,2401,250,21,False
1534,2401,2396,250,157,True
1535,2396,2395,250,74,True
1536,2395,2384,250,69,True
1537,2384,2377,250,76,True
1538,2377,2333,250,67,True
1539,2333,2307,250,18,False
1540,2307,2287,250,102,True
1541,2287,2200,250,100,True
1542,2200,2214,250,97,True
1543,2214,2238,250,177,True
1544,2238,2295,250,66,True
1545,2295,2315,250,69,True
1546,2315,2332,250,221,True
1547,2332,2377,250,81,True
1548,2377,2406,250,81,True
1549,2406,2394,250,2,False
1550,2394,2388,250,60,True
1551,2388,2427,250,90,True
1552,2427,2440,250,116,True
1553,2440,2438,250,125,True
1554,2438,2448,250,67,True
1555,2448,2465,250,29,False
1556,2465,2431,250,162,True
1557,2431,2479,250,64,True
1558,2479,2464,250,93,True
1559,2464,2474,250,87,True
1560,2474,2482,250,44,True
1561,2482,2484,250,100,True
1562,2484,2492,250,202,True
1563,2492,2498,250,134,True
1564,2498,2500,250,58,True
1565,2500,2500,250,63,True
1566,2500,2500,250,24,False
1567,2500,2500,250,131,True
1568,2500,2500,250,173,True
1569,2500,2500,250,31,True
1570,2500,2500,250,102,True
1571,2500,2499,250,136,True
1572,2499,2497,250,69,True
1573,2497,2496,250,96,True
1574,2496,2499,250,85,True
1575,2499,2500,250,185,True
1576,2500,2500,250,12,False
1577,2500,2500,250,79,True
1578,2500,2500,250,234,True
1579,2500,2500,250,31,True
1580,2500,2500,250,21,False
1581,2500,2496,250,55,True
1582,2496,2500,250,53,True
1583,2500,2498,250,48,True
1584,2498,2500,250,135,True
1585,2500,2500,250,200,True
1586,2500,2500,250,106,True
1587,2500,2499,250,54,True
1588,2499,2500,250,79,True
1589,2500,2500,250,12,False
1590,2500,2500,250,221,True
1591,2500,2500,250,89,True
1592,2500,2500,250,200,True
1593,2500,2500,250,131,True
1594,2500,2500,250,49,True
1595,2500,2500,250,39,True
1596,2500,2500,250,38,True
1597,2500,2500,250,2,False
1598,2500,2495,250,32,True
1599,2495,2500,250,20,False
1600,2500,2498,250,36,True
1601,2498,2500,250,187,True
1602,2500,2500,250,145,True
1603,2500,2481,250,44,True
1604,2481,2493,250,197,True
1605,2493,2473,250,73,True
1606,2473,2484,250,117,True
1607,2484,2480,250,202,True
1608,2480,2480,250,54,True
1609,2480,2481,250,62,True
1610,2481,2486,250,11,False
1611,2486,2478,250,35,True
1612,2478,2488,250,141,True
1613,2488,2476,250,71,True
1614,2476,2486,250,30,True
1615,2486,2476,250,212,True
1616,2476,2476,250,5,False
1617,2476,2488,250,182,True
1618,2488,2480,250,46,True
1619,2480,2487,250,117,True
1620,2487,2488,250,66,True
1621,2488,2487,250,177,True
1622,2487,2480,250,64,True
1623,2480,2496,250,83,True
1624,2496,2484,250,127,True
1625,2484,2480,250,49,True
1626,2480,2483,250,64,True
1627,2483,2481,250,166,True
1628,2481,2481,250,76,True
1629,2481,2474,250,26,False
1630,2474,2475,250,152,True
1631,2475,2475,250,28,False
1632,2475,2487,250,127,True
1633,2487,2473,250,100,True
1634,2473,2474,250,155,True
1635,2474,2477,250,89,True
1636,2477,2479,250,190,True
1637,2479,2474,250,31,True
1638,2474,2475,250,47,True
1639,2475,2474,250,61,True
1640,2474,2476,250,243,True
1641,2476,2494,250,14,False
1642,2494,2482,250,64,True
1643,2482,2478,250,156,True
1644,2478,2480,250,201,True
1645,2480,2481,250,170,True
1646,2481,2484,250,148,True
1647,2484,2476,250,55,True
1648,2476,2477,250,4,False
1649,2477,2479,250,168,True
1650,2479,2486,250,201,True
1651,2486,2488,250,131,True
1652,2488,2489,250,49,True
1653,2489,2483,250,230,True
1654,2483,2484,250,41,True
1655,2484,2474,250,247,True
1656,2474,2482,250,19,False
1657,2482,2470,250,5,False
1658,2470,2471,250,242,True
1659,2471,2469,250,203,True
1660,2469,2480,250,155,True
1661,2480,2477,250,235,True
1662,2477,2477,250,132,True
1663,2477,2472,250,94,True
1664,2472,2469,250,134,True
1665,2469,2457,250,54,True
1666,2457,2442,250,34,True
1667,2442,2440,250,37,True
1668,2440,2426,250,125,True
1669,2426,2431,250,246,True
1670,2431,2415,250,101,True
1671,2415,2425,250,34,True
1672,2425,2413,250,31,True
1673,2413,2425,250,233,True
1674,2425,2425,250,200,True
1675,2425,2433,250,35,True
1676,2433,2435,250,5,False
1677,2435,2419,250,156,True
1678,2419,2416,250,32,True
1679,2416,2436,250,121,True
1680,2436,2437,250,101,True
1681,2437,2448,250,121,True
1682,2448,2456,250,99,True
1683,2456,2452,250,163,True
1684,2452,2437,250,227,True
1685,2437,2442,250,60,True
1686,2442,2457,250,43,True
1687,2457,2455,250,146,True
1688,2455,2474,250,248,True
1689,2474,2450,250,161,True
1690,2450,2471,250,71,True
1691,2471,2469,250,115,True
1692,2469,2465,250,146,True
1693,2465,2464,250,207,True
1694,2464,2475,250,59,True
1695,2475,2467,250,231,True
1696,2467,2470,250,76,True
1697,2470,2456,250,8,False
1698,2456,2457,250,38,True
1699,2457,2469,250,54,True
1700,2469,2468,250,226,True
1701,2468,2444,250,2,False
1702,2444,2470,250,212,True
1703,2470,2467,250,173,True
1704,2467,2465,250,53,True
1705,2465,2461,250,60,True
1706,2461,2465,250,63,True
1707,2465,2467,250,61,True
1708,2467,2476,250,34,True
1709,2476,2476,250,6,False
1710,2476,2476,250,57,True
1711,2476,2463,250,23,False
1712,2463,2454,250,96,True
1713,2454,2466,250,175,True
1714,2466,2464,250,120,True
1715,2464,2461,250,233,True
1716,2461,2468,250,239,True
1717,2468,2479,250,13,False
1718,2479,2472,250,94,True
1719,2472,2449,250,94,True
1720,2449,2468,250,50,True
1721,2468,2470,250,241,True
1722,2470,2458,250,178,True
1723,2458,2460,250,99,True
1724,2460,2475,250,108,True
1725,2475,2466,250,124,True
1726,2466,2466,250,118,True
1727,2466,2456,250,131,True
1728,2456,2464,250,18,False
1729,2464,2474,250,105,True
1730,2474,2467,250,23,False
1731,2467,2462,250,245,True
1732,2462,2454,250,250,True
1733,2454,2461,250,133,True
1734,2461,2453,250,19,False
1735,2453,2453,250,125,True
1736,2453,2466,250,48,True
1737,2466,2468,250,48,True
1738,2468,2449,250,65,True
1739,2449,2471,250,250,True
1740,2471,2481,250,89,True
1741,2481,2485,250,222,True
1742,2485,2496,250,95,True
1743,2496,2498,250,141,True
1744,2498,2500,250,197,True
1745,2500,2500,250,110,True
1746,2500,2500,250,188,True
1747,2500,2469,250,125,True
1748,2469,2409,250,127,True
1749,2409,2435,250,29,False
1750,2435,2495,250,39,True
1751,2495,2500,250,116,True
1752,2500,2499,250,89,True
1753,2499,2500,250,245,True
1754,2500,2493,250,249,True
1755,2493,2499,250,56,True
1756,2499,2500,250,11,False
1757,2500,2495,250,75,True
1758,2495,2500,250,154,True
1759,2500,2500,250,237,True
1760,2500,2500,250,79,True
1761,2500,2490,250,134,True
1762,2490,2488,250,90,True
1763,2488,2470,250,74,True
1764,2470,2475,250,58,True
1765,2475,2473,250,158,True
1766,2473,2479,250,37,True
1767,2479,2465,250,98,True
1768,2465,2465,250,36,True
1769,2465,2477,250,74,True
1770,2477,2479,250,168,True
1771,2479,2486,250,244,True
1772,2486,2491,250,200,True
1773,2491,2495,250,38,True
1774,2495,2487,250,122,True
1775,2487,2479,250,158,True
1776,2479,2483,250,57,True
1777,2483,2490,250,23,False
1778,2490,2494,250,140,True
1779,2494,2493,250,51,True
1780,2493,2500,250,134,True
1781,2500,2500,250,97,True
1782,2500,2500,250,186,True
1783,2500,2485,250,68,True
1784,2485,2495,250,61,True
1785,2495,2497,250,144,True
1786,2497,2488,250,48,True
1787,2488,2496,250,201,True
1788,2496,2478,250,139,True
1789,2478,2488,250,73,True
1790,2488,2494,250,40,True
1791,2494,2490,250,197,True
1792,2490,2498,250,68,True
1793,2498,2496,250,236,True
1794,2496,2500,250,47,True
1795,2500,2497,250,35,True
1796,2497,2500,250,75,True
1797,2500,2499,250,7,False
1798,2499,2500,250,3,False
1799,2500,2496,250,79,True
1800,2496,2500,250,162,True
1801,2500,2500,250,45,True
1802,2500,2500,250,164,True
1803,2500,2500,250,58,True
1804,2500,2500,250,181,True
1805,2500,2500,250,162,True
1806,2500,2500,250,100,True
1807,2500,2500,250,80,True
1808,2500,2500,250,76,True
1809,2500,2500,250,62,True
1810,2500,2500,250,13,False
1811,2500,2500,250,61,True
1812,2500,2500,250,154,True
1813,2500,2500,250,218,True
1814,2500,2500,250,120,True
1815,2500,2500,250,212,True
1816,2500,2500,250,78,True
1817,2500,2500,250,20,False
1818,2500,2500,250,17,False
1819,2500,2500,250,4,False
1820,2500,2500,250,5,False
1821,2500,2500,250,30,True
1822,2500,2500,250,124,True
1823,2500,2499,250,76,True
1824,2499,2500,250,30,True
1825,2500,2499,250,42,True
1826,2499,2500,250,70,True
1827,2500,2500,250,140,True
1828,2500,2500,250,65,True
1829,2500,2500,250,76,True
1830,2500,2500,250,221,True
1831,2500,2500,250,114,True
1832,2500,2500,250,152,True
1833,2500,2500,250,72,True
1834,2500,2500,250,112,True
1835,2500,2500,250,15,False
1836,2500,2500,250,169,True
1837,2500,2500,250,28,False
1838,2500,2498,250,170,True
1839,2498,2494,250,39,True
1840,2494,2490,250,145,True
1841,2490,2499,250,46,True
1842,2499,2495,250,230,True
1843,2495,2493,250,156,True
1844,2493,2499,250,100,True
1845,2499,2497,250,168,True
1846,2497,2500,250,70,True
1847,2500,2491,250,149,True
1848,2491,2488,250,125,True
1849,2488,2486,250,146,True
1850,2486,2490,250,33,True
1851,2490,2492,250,138,True
1852,2492,2498,250,69,True
1853,2498,2500,250,169,True
1854,2500,2500,250,215,True
1855,2500,2500,250,190,True
1856,2500,2500,250,27,False
1857,2500,2500,250,74,True
1858,2500,2495,250,246,True
1859,2495,2500,250,98,True
1860,2500,2500,250,124,True
1861,2500,2500,250,51,True
1862,2500,2500,250,144,True
1863,2500,2499,250,190,True
1864,2499,2492,250,90,True
1865,2492,2500,250,90,True
1866,2500,2499,250,128,True
1867,2499,2500,250,82,True
1868,2500,2500,250,77,True
1869,2500,2500,250,5,False
1870,2500,2500,250,236,True
1871,2500,2500,250,239,True
1872,2500,2500,250,136,True
1873,2500,2500,250,80,True
1874,2500,2500,250,83,True
1875,2500,2500,250,214,True
1876,2500,2500,250,90,True
1877,2500,2500,250,110,True
1878,2500,2500,250,69,True
1879,2500,2500,250,171,True
1880,2500,2500,250,193,True
1881,2500,2500,250,139,True
1882,2500,2500,250,160,True
1883,2500,2500,250,159,True
1884,2500,2500,250,87,True
1885,2500,2500,250,187,True
1886,2500,2500,250,110,True
1887,2500,2500,250,206,True
1888,2500,2500,250,164,True
1889,2500,2500,250,31,True
1890,2500,2500,250,122,True
1891,2500,2500,250,136,True
1892,2500,2500,250,191,True
1893,2500,2500,250,154,True
1894,2500,2500,250,182,True
1895,2500,2500,250,192,True
1896,2500,2500,250,90,True
1897,2500,2500,250,46,True
1898,2500,2500,250,214,True
1899,2500,2500,250,48,True
1900,2500,2500,250,245,True
1901,2500,2500,250,172,True
1902,2500,2500,250,121,True
1903,2500,2500,250,162,True
1904,2500,2500,250,88,True
1905,2500,2500,250,97,True
1906,2500,2500,250,148,True
1907,2500,2500,250,172,True
1908,2500,2500,250,136,True
1909,2500,2500,250,145,True
1910,2500,2500,250,88,True
1911,2500,2500,250,66,True
1912,2500,2500,250,57,True
1913,2500,2500,250,171,True
1914,2500,2500,250,105,True
1915,2500,2500,250,45,True
1916,2500,2500,250,5,False
1917,2500,2500,250,66,True
1918,2500,2500,250,67,True
1919,2500,2500,250,15,False
1920,2500,2500,250,4,False
1921,2500,2500,250,191,True
1922,2500,2500,250,135,True
1923,2500,2500,250,99,True
1924,2500,2500,250,148,True
1925,2500,2500,250,73,True
1926,2500,2500,250,74,True
1927,2500,2500,250,142,True
1928,2500,2500,250,54,True
1929,2500,2500,250,186,True
1930,2500,2500,250,97,True
1931,2500,2500,250,56,True
1932,2500,2500,250,71,True
1933,2500,2500,250,207,True
1934,2500,2500,250,171,True
1935,2500,2500,250,66,True
1936,2500,2500,250,37,True
1937,2500,2500,250,41,True
1938,2500,2500,250,62,True
1939,2500,2500,250,121,True
1940,2500,2500,250,87,True
1941,2500,2500,250,138,True
1942,2500,2500,250,119,True
1943,2500,2500,250,107,True
1944,2500,2500,250,155,True
1945,2500,2500,250,61,True
1946,2500,2500,250,140,True
1947,2500,2500,250,165,True
1948,2500,2500,250,27,False
1949,2500,2500,250,115,True
1950,2500,2500,250,38,True
1951,2500,2500,250,130,True
1952,2500,2500,250,149,True
1953,2500,2500,250,61,True
1954,2500,2500,250,78,True
1955,2500,2500,250,240,True
1956,2500,2500,250,228,True
1957,2500,2500,250,98,True
1958,2500,2500,250,114,True
1959,2500,2500,250,23,False
1960,2500,2500,250,64,True
1961,2500,2500,250,79,True
1962,2500,2500,250,99,True
1963,2500,2500,250,115,True
1964,2500,2500,250,193,True
1965,2500,2500,250,213,True
1966,2500,2500,250,81,True
1967,2500,2500,250,50,True
1968,2500,2500,250,238,True
1969,2500,2500,250,60,True
1970,2500,2496,250,64,True
1971,2496,2500,250,181,True
1972,2500,2500,250,93,True
1973,2500,2500,250,1,False
1974,2500,2500,250,84,True
1975,2500,2500,250,25,False
1976,2500,2500,250,50,True
1977,2500,2500,250,158,True
1978,2500,2500,250,68,True
1979,2500,2500,250,151,True
1980,2500,2500,250,47,True
1981,2500,2500,250,114,True
1982,2500,2500,250,24,False
1983,2500,2500,250,125,True
1984,2500,2500,250,32,True
1985,2500,2500,250,49,True
1986,2500,2500,250,53,True
1987,2500,2500,250,117,True
1988,2500,2500,250,131,True
1989,2500,2500,250,18,False
1990,2500,2500,250,174,True
1991,2500,2500,250,72,True
1992,2500,2500,250,11,False
1993,2500,2500,250,40,True
1994,2500,2500,250,88,True
1995,2500,2500,250,165,True
1996,2500,2500,250,31,True
1997,2500,2500,250,33,True
1998,2500,2500,250,72,True
1999,2500,2500,250,78,True
2000,2500,2500,250,51,True
2001,2500,2500,250,97,True
2002,2500,2500,250,101,True
2003,2500,2500,250,79,True
2004,2500,2500,250,97,True
2005,2500,2500,250,63,True
2006,2500,2500,250,46,True
2007,2500,2500,250,40,True
2008,2500,2500,250,230,True
2009,2500,2500,250,3,False
2010,2500,2500,250,131,True
2011,2500,2500,250,58,True
2012,2500,2500,250,92,True
2013,2500,2500,250,102,True
2014,2500,2500,250,67,True
2015,2500,2500,250,120,True
2016,2500,2500,250,125,True
2017,2500,2494,250,148,True
2018,2494,2500,250,225,True
2019,2500,2500,250,192,True
2020,2500,2500,250,183,True
2021,2500,2500,250,243,True
2022,2500,2500,250,211,True
2023,2500,2500,250,64,True
2024,2500,2498,250,197,True
2025,2498,2493,250,221,True
2026,2493,2500,250,163,True
2027,2500,2490,250,34,True
2028,2490,2496,250,12,False
2029,2496,2493,250,7,False
2030,2493,2481,250,243,True
2031,2481,2477,250,110,True
2032,2477,2490,250,231,True
2033,2490,2476,250,63,True
2034,2476,2486,250,88,True
2035,2486,2477,250,127,True
2036,2477,2483,250,62,True
2037,2483,2482,250,53,True
2038,2482,2483,250,167,True
2039,2483,2480,250,160,True
2040,2480,2477,250,7,False
2041,2477,2483,250,11,False
2042,2483,2473,250,63,True
2043,2473,2490,250,43,True
2044,2490,2486,250,111,True
2045,2486,2482,250,87,True
2046,2482,2493,250,170,True
2047,2493,2500,250,129,True
2048,2500,2493,250,22,False
2049,2493,2489,250,148,True
2050,2489,2486,250,188,True
2051,2486,2496,250,64,True
2052,2496,2488,250,194,True
2053,2488,2489,250,76,True
2054,2489,2492,250,133,True
2055,2492,2485,250,79,True
2056,2485,2486,250,41,True
2057,2486,2500,250,147,True
2058,2500,2500,250,127,True
2059,2500,2500,250,224,True
2060,2500,2492,250,18,False
2061,2492,2493,250,189,True
2062,2493,2477,250,63,True
2063,2477,2487,250,96,True
2064,2487,2489,250,92,True
2065,2489,2492,250,104,True
2066,2492,2491,250,116,True
2067,2491,2480,250,135,True
2068,2480,2480,250,150,True
2069,2480,2480,250,131,True
2070,2480,2479,250,205,True
2071,2479,2481,250,120,True
2072,2481,2479,250,62,True
2073,2479,2469,250,63,True
2074,2469,2449,250,68,True
2075,2449,2442,250,76,True
2076,2442,2436,250,80,True
2077,2436,2406,250,80,True
2078,2406,2395,250,70,True
2079,2395,2347,250,44,True
2080,2347,2349,250,79,True
2081,2349,2344,250,148,True
2082,2344,2192,250,143,True
2083,2192,2143,250,128,True
2084,2143,2087,250,155,True
2085,2087,2079,250,138,True
2086,2079,2128,250,95,True
2087,2128,2181,250,146,True
2088,2181,2235,250,113,True
2089,2235,2225,250,146,True
2090,2225,2198,250,105,True
2091,2198,2142,250,195,True
2092,2142,2157,250,72,True
2093,2157,2159,250,106,True
2094,2159,2195,250,72,True
2095,2195,2262,250,103,True
2096,2262,2270,250,49,True
2097,2270,2242,250,225,True
2098,2242,2246,250,160,True
2099,2246,2232,250,112,True
2100,2232,2206,250,65,True
2101,2206,2259,250,115,True
2102,2259,2293,250,175,True
2103,2293,2355,250,97,True
2104,2355,2400,250,126,True
2105,2400,2448,250,207,True
2106,2448,2481,250,67,True
2107,2481,2486,250,172,True
2108,2486,2490,250,81,True
2109,2490,2480,250,43,True
2110,2480,2486,250,103,True
2111,2486,2470,250,243,True
2112,2470,2476,250,238,True
2113,2476,2470,250,59,True
2114,2470,2460,250,136,True
2115,2460,2463,250,22,False
2116,2463,2454,250,241,True
2117,2454,2464,250,194,True
2118,2464,2484,250,88,True
2119,2484,2477,250,86,True
2120,2477,2464,250,11,False
2121,2464,2475,250,113,True
2122,2475,2485,250,105,True
2123,2485,2475,250,142,True
2124,2475,2477,250,75,True
2125,2477,2451,250,94,True
2126,2451,2442,250,117,True
2127,2442,2439,250,143,True
2128,2439,2447,250,86,True
2129,2447,2465,250,73,True
2130,2465,2480,250,4,False
2131,2480,2456,250,93,True
2132,2456,2467,250,133,True
2133,2467,2476,250,120,True
2134,2476,2476,250,144,True
2135,2476,2475,250,180,True
2136,2475,2477,250,80,True
2137,2477,2482,250,67,True
2138,2482,2453,250,58,True
2139,2453,2471,250,124,True
2140,2471,2471,250,89,True
2141,2471,2473,250,236,True
2142,2473,2477,250,104,True
2143,2477,2476,250,207,True
2144,2476,2484,250,150,True
2145,2484,2491,250,125,True
2146,2491,2500,250,86,True
2147,2500,2500,250,214,True
2148,2500,2499,250,33,True
2149,2499,2487,250,236,True
2150,2487,2495,250,230,True
2151,2495,2489,250,47,True
2152,2489,2494,250,42,True
2153,2494,2486,250,71,True
2154,2486,2495,250,75,True
2155,2495,2494,250,114,True
2156,2494,2491,250,122,True
2157,2491,2486,250,15,False
2158,2486,2479,250,242,True
2159,2479,2494,250,64,True
2160,2494,2488,250,97,True
2161,2488,2492,250,61,True
2162,2492,2500,250,216,True
2163,2500,2479,250,115,True
2164,2479,2495,250,115,True
2165,2495,2482,250,159,True
2166,2482,2493,250,72,True
2167,2493,2484,250,63,True
2168,2484,2480,250,140,True
2169,2480,2494,250,162,True
2170,2494,2491,250,34,True
2171,2491,2489,250,150,True
2172,2489,2479,250,83,True
2173,2479,2492,250,246,True
2174,2492,2488,250,125,True
2175,2488,2481,250,131,True
2176,2481,2492,250,107,True
2177,2492,2491,250,196,True
2178,2491,2499,250,165,True
2179,2499,2490,250,245,True
2180,2490,2488,250,249,True
2181,2488,2500,250,158,True
2182,2500,2495,250,42,True
2183,2495,2493,250,50,True
2184,2493,2500,250,32,True
2185,2500,2500,250,105,True
2186,2500,2500,250,194,True
2187,2500,2492,250,46,True
2188,2492,2497,250,149,True
2189,2497,2488,250,121,True
2190,2488,2500,250,124,True
2191,2500,2500,250,55,True
2192,2500,2500,250,82,True
2193,2500,2500,250,136,True
2194,2500,2500,250,38,True
2195,2500,2500,250,176,True
2196,2500,2500,250,249,True
2197,2500,2500,250,118,True
2198,2500,2500,250,214,True
2199,2500,2500,250,178,True
2200,2500,2500,250,37,True
2201,2500,2500,250,78,True
2202,2500,2500,250,13,False
2203,2500,2500,250,128,True
2204,2500,2500,250,217,True
2205,2500,2500,250,8,False
2206,2500,2500,250,86,True
2207,2500,2500,250,25,False
2208,2500,2500,250,65,True
2209,2500,2500,250,239,True
2210,2500,2500,250,34,True
2211,2500,2500,250,54,True
2212,2500,2500,250,197,True
2213,2500,2500,250,160,True
2214,2500,2500,250,93,True
2215,2500,2500,250,143,True
2216,2500,2500,250,78,True
2217,2500,2500,250,139,True
2218,2500,2500,250,164,True
2219,2500,2500,250,141,True
2220,2500,2500,250,104,True
2221,2500,2500,250,92,True
2222,2500,2500,250,105,True
2223,2500,2500,250,150,True
2224,2500,2500,250,200,True
2225,2500,2500,250,198,True
2226,2500,2500,250,124,True
2227,2500,2500,250,163,True
2228,2500,2500,250,92,True
2229,2500,2500,250,83,True
2230,2500,2500,250,77,True
2231,2500,2500,250,62,True
2232,2500,2500,250,90,True
2233,2500,2500,250,104,True
2234,2500,2500,250,128,True
2235,2500,2500,250,105,True
2236,2500,2500,250,103,True
2237,2500,2500,250,140,True
2238,2500,2500,250,152,True
2239,2500,2500,250,72,True
2240,2500,2500,250,58,True
2241,2500,2500,250,91,True
2242,2500,2500,250,39,True
2243,2500,2500,250,166,True
2244,2500,2500,250,34,True
2245,2500,2500,250,115,True
2246,2500,2500,250,71,True
2247,2500,2500,250,11,False
2248,2500,2500,250,124,True
2249,2500,2500,250,51,True
2250,2500,2500,250,64,True
2251,2500,2500,250,9,False
2252,2500,2500,250,48,True
2253,2500,2500,250,137,True
2254,2500,2500,250,160,True
2255,2500,2500,250,71,True
2256,2500,2500,250,134,True
2257,2500,2500,250,50,True
2258,2500,2500,250,46,True
2259,2500,2500,250,34,True
2260,2500,2500,250,45,True
2261,2500,2500,250,155,True
2262,2500,2500,250,19,False
2263,2500,2500,250,33,True
2264,2500,2500,250,89,True
2265,2500,2500,250,104,True
2266,2500,2500,250,50,True
2267,2500,2500,250,235,True
2268,2500,2500,250,56,True
2269,2500,2500,250,22,False
2270,2500,2500,250,82,True
2271,2500,2500,250,45,True
2272,2500,2500,250,75,True
2273,2500,2500,250,15,False
2274,2500,2500,250,48,True
2275,2500,2500,250,131,True
2276,2500,2500,250,9,False
2277,2500,2500,250,53,True
2278,2500,2500,250,53,True
2279,2500,2500,250,48,True
2280,2500,2500,250,77,True
2281,2500,2500,250,161,True
2282,2500,2500,250,77,True
2283,2500,2500,250,160,True
2284,2500,2500,250,129,True
2285,2500,2500,250,35,True
2286,2500,2500,250,53,True
2287,2500,2500,250,104,True
2288,2500,2500,250,57,True
2289,2500,2500,250,58,True
2290,2500,2500,250,117,True
2291,2500,2500,250,102,True
2292,2500,2500,250,34,True
2293,2500,2500,250,62,True
2294,2500,2500,250,98,True
2295,2500,2500,250,78,True
2296,2500,2500,250,83,True
2297,2500,2500,250,187,True
2298,2500,2500,250,133,True
2299,2500,2500,250,52,True
2300,2500,2500,250,69,True
2301,2500,2500,250,39,True
2302,2500,2500,250,95,True
2303,2500,2500,250,35,True
2304,2500,2500,250,108,True
2305,2500,2500,250,80,True
2306,2500,2500,250,26,False
2307,2500,2500,250,54,True
2308,2500,2500,250,138,True
2309,2500,2500,250,199,True
2310,2500,2500,250,71,True
2311,2500,2500,250,58,True
2312,2500,2500,250,68,True
2313,2500,2500,250,0,False
2314,2500,2500,250,43,True
2315,2500,2500,250,13,False
2316,2500,2500,250,21,False
2317,2500,2500,250,10,False
2318,2500,2500,250,63,True
2319,2500,2500,250,27,False
2320,2500,2500,250,47,True
2321,2500,2500,250,23,False
2322,2500,2500,250,88,True
2323,2500,2500,250,25,False
2324,2500,2500,250,100,True
2325,2500,2500,250,146,True
2326,2500,2500,250,29,False
2327,2500,2500,250,133,True
2328,2500,2500,250,225,True
2329,2500,2500,250,17,False
2330,2500,2500,250,29,False
2331,2500,2500,250,37,True
2332,2500,2500,250,53,True
2333,2500,2500,250,61,True
2334,2500,2500,250,33,True
2335,2500,2500,250,41,True
2336,2500,2500,250,32,True
2337,2500,2500,250,32,True
2338,2500,2500,250,30,True
2339,2500,2500,250,57,True
2340,2500,2500,250,36,True
2341,2500,2500,250,22,False
2342,2500,2500,250,28,False
2343,2500,2500,250,130,True
2344,2500,2500,250,133,True
2345,2500,2500,250,48,True
2346,2500,2500,250,26,False
2347,2500,2500,250,43,True
2348,2500,2500,250,12,False
2349,2500,2500,250,71,True
2350,2500,2500,250,31,True
2351,2500,2500,250,8,False
2352,2500,2500,250,56,True
2353,2500,2500,250,21,False
2354,2500,2500,250,96,True
2355,2500,2500,250,22,False
2356,2500,2500,250,103,True
2357,2500,2500,250,26,False
2358,2500,2500,250,76,True
2359,2500,2500,250,43,True
2360,2500,2500,250,32,True
2361,2500,2500,250,35,True
2362,2500,2500,250,25,False
2363,2500,2500,250,52,True
2364,2500,2500,250,19,False
2365,2500,2500,250,47,True
2366,2500,2500,250,30,True
2367,2500,2500,250,82,True
2368,2500,2500,250,91,True
2369,2500,2500,250,57,True
2370,2500,2500,250,124,True
2371,2500,2500,250,33,True
2372,2500,2500,250,50,True
2373,2500,2500,250,52,True
2374,2500,2500,250,83,True
2375,2500,2500,250,63,True
2376,2500,2500,250,39,True
2377,2500,2500,250,89,True
2378,2500,2500,250,50,True
2379,2500,2500,250,43,True
2380,2500,2500,250,28,False
2381,2500,2500,250,9,False
2382,2500,2500,250,124,True
2383,2500,2500,250,108,True
2384,2500,2500,250,39,True
2385,2500,2500,250,60,True
2386,2500,2500,250,64,True
2387,2500,2500,250,34,True
2388,2500,2500,250,84,True
2389,2500,2500,250,84,True
2390,2500,2500,250,60,True
2391,2500,2500,250,134,True
2392,2500,2500,250,46,True
2393,2500,2500,250,101,True
2394,2500,2500,250,80,True
2395,2500,2500,250,52,True
2396,2500,2500,250,34,True
2397,2500,2500,250,46,True
2398,2500,2500,250,30,True
2399,2500,2500,250,11,False
2400,2500,2500,250,106,True
2401,2500,2500,250,73,True
2402,2500,2500,250,66,True
2403,2500,2500,250,123,True
2404,2500,2500,250,50,True
2405,2500,2500,250,119,True
2406,2500,2500,250,64,True
2407,2500,2500,250,96,True
2408,2500,2500,250,73,True
2409,2500,2500,250,66,True
2410,2500,2500,250,96,True
2411,2500,2500,250,93,True
2412,2500,2500,250,23,False
2413,2500,2500,250,75,True
2414,2500,2500,250,131,True
2415,2500,2500,250,41,True
2416,2500,2500,250,135,True
2417,2500,2500,250,27,False
2418,2500,2500,250,41,True
2419,2500,2500,250,64,True
2420,2500,2500,250,60,True
2421,2500,2500,250,50,True
2422,2500,2500,250,52,True
2423,2500,2500,250,43,True
2424,2500,2500,250,29,False
2425,2500,2500,250,57,True
2426,2500,2500,250,78,True
2427,2500,2500,250,68,True
2428,2500,2500,250,59,True
2429,2500,2500,250,49,True
2430,2500,2500,250,51,True
2431,2500,2500,250,15,False
2432,2500,2500,250,76,True
2433,2500,2500,250,54,True
2434,2500,2500,250,73,True
2435,2500,2500,250,58,True
2436,2500,2500,250,41,True
2437,2500,2500,250,25,False
2438,2500,2500,250,42,True
2439,2500,2500,250,90,True
2440,2500,2500,250,49,True
2441,2500,2500,250,73,True
2442,2500,2500,250,70,True
2443,2500,2500,250,39,True
2444,2500,2500,250,56,True
2445,2500,2500,250,144,True
2446,2500,2500,250,102,True
2447,2500,2500,250,43,True
2448,2500,2500,250,38,True
2449,2500,2500,250,60,True
2450,2500,2500,250,58,True
2451,2500,2500,250,39,True
2452,2500,2500,250,27,False
2453,2500,2500,250,45,True
2454,2500,2500,250,18,False
2455,2500,2500,250,20,False
2456,2500,2500,250,33,True
2457,2500,2500,250,22,False
2458,2500,2500,250,45,True
2459,2500,2500,250,92,True
2460,2500,2500,250,60,True
2461,2500,2500,250,74,True
2462,2500,2500,250,2,False
2463,2500,2500,250,130,True
2464,2500,2500,250,47,True
2465,2500,2500,250,22,False
2466,2500,2500,250,27,False
2467,2500,2500,250,37,True
2468,2500,2500,250,120,True
2469,2500,2500,250,50,True
2470,2500,2500,250,32,True
2471,2500,2500,250,33,True
2472,2500,2500,250,45,True
2473,2500,2500,250,34,True
2474,2500,2500,250,81,True
2475,2500,2500,250,14,False
2476,2500,2500,250,53,True
2477,2500,2500,250,81,True
2478,2500,2500,250,80,True
2479,2500,2500,250,111,True
2480,2500,2500,250,40,True
2481,2500,2500,250,31,True
2482,2500,2500,250,61,True
2483,2500,2500,250,58,True
2484,2500,2500,250,42,True
2485,2500,2500,250,62,True
2486,2500,2500,250,112,True
2487,2500,2500,250,36,True
2488,2500,2500,250,109,True
2489,2500,2500,250,14,False
2490,2500,2500,250,3,False
2491,2500,2500,250,30,True
2492,2500,2500,250,67,True
2493,2500,2500,250,60,True
2494,2500,2500,250,53,True
2495,2500,2500,250,50,True
2496,2500,2500,250,54,True
2497,2500,2500,250,63,True
2498,2500,2500,250,41,True
2499,2500,2500,250,36,True
2500,2500,2500,250,44,True
2501,2500,2500,250,2,False
2502,2500,2500,250,94,True
2503,2500,2500,250,130,True
2504,2500,2500,250,95,True
2505,2500,2500,250,18,False
2506,2500,2500,250,247,True
2507,2500,2500,250,26,False
2508,2500,2500,250,59,True
2509,2500,2500,250,29,False
2510,2500,2500,250,29,False
2511,2500,2500,250,10,False
2512,2500,2500,250,16,False
2513,2500,2500,250,45,True
2514,2500,2500,250,19,False
2515,2500,2500,250,14,False
2516,2500,2500,250,42,True
2517,2500,2500,250,127,True
2518,2500,2500,250,49,True
2519,2500,2500,250,55,True
2520,2500,2500,250,51,True
2521,2500,2500,250,37,True
2522,2500,2500,250,31,True
2523,2500,2500,250,20,False
2524,2500,2500,250,43,True
2525,2500,2500,250,75,True
2526,2500,2500,250,115,True
2527,2500,2500,250,11,False
2528,2500,2500,250,119,True
2529,2500,2500,250,66,True
2530,2500,2500,250,59,True
2531,2500,2500,250,33,True
2532,2500,2500,250,40,True
2533,2500,2500,250,3,False
2534,2500,2500,250,64,True
2535,2500,2500,250,76,True
2536,2500,2500,250,29,False
2537,2500,2500,250,40,True
2538,2500,2500,250,64,True
2539,2500,2500,250,38,True
2540,2500,2500,250,62,True
2541,2500,2500,250,59,True
2542,2500,2500,250,115,True
2543,2500,2500,250,9,False
2544,2500,2500,250,4,False
2545,2500,2500,250,16,False
2546,2500,2500,250,10,False
2547,2500,2500,250,45,True
2548,2500,2500,250,59,True
2549,2500,2500,250,12,False
2550,2500,2500,250,41,True
2551,2500,2500,250,12,False
2552,2500,2500,250,38,True
2553,2500,2500,250,68,True
2554,2500,2500,250,50,True
2555,2500,2500,250,48,True
2556,2500,2500,250,45,True
2557,2500,2500,250,66,True
2558,2500,2500,250,59,True
2559,2500,2500,250,30,True
2560,2500,2500,250,30,True
2561,2500,2500,250,12,False
2562,2500,2500,250,61,True
2563,2500,2500,250,39,True
2564,2500,2500,250,59,True
2565,2500,2500,250,10,False
2566,2500,2500,250,79,True
2567,2500,2500,250,95,True
2568,2500,2500,250,31,True
2569,2500,2500,250,45,True
2570,2500,2500,250,58,True
2571,2500,2500,250,4,False
2572,2500,2500,250,35,True
2573,2500,2500,250,79,True
2574,2500,2500,250,74,True
2575,2500,2500,250,44,True
2576,2500,2500,250,14,False
2577,2500,2500,250,35,True
2578,2500,2500,250,31,True
2579,2500,2500,250,54,True
2580,2500,2500,250,5,False
2581,2500,2500,250,52,True
2582,2500,2500,250,48,True
2583,2500,2500,250,64,True
2584,2500,2500,250,40,True
2585,2500,2500,250,57,True
2586,2500,2500,250,198,True
2587,2500,2500,250,27,False
2588,2500,2500,250,63,True
2589,2500,2500,250,73,True
2590,2500,2500,250,55,True
2591,2500,2500,250,21,False
2592,2500,2500,250,24,False
2593,2500,2500,250,44,True
2594,2500,2500,250,30,True
2595,2500,2500,250,16,False
2596,2500,2500,250,58,True
2597,2500,2500,250,40,True
2598,2500,2500,250,88,True
2599,2500,2500,250,60,True
2600,2500,2500,250,54,True
2601,2500,2500,250,65,True
2602,2500,2500,250,44,True
2603,2500,2500,250,31,True
2604,2500,2500,250,144,True
2605,2500,2500,250,103,True
2606,2500,2500,250,12,False
2607,2500,2500,250,59,True
2608,2500,2500,250,25,False
2609,2500,2500,250,140,True
2610,2500,2500,250,23,False
2611,2500,2500,250,63,True
2612,2500,2500,250,36,True
2613,2500,2500,250,32,True
2614,2500,2500,250,130,True
2615,2500,2500,250,112,True
2616,2500,2500,250,22,False
2617,2500,2500,250,37,True
2618,2500,2500,250,91,True
2619,2500,2500,250,15,False
2620,2500,2500,250,21,False
2621,2500,2500,250,21,False
2622,2500,2500,250,112,True
2623,2500,2500,250,151,True
2624,2500,2500,250,54,True
2625,2500,2500,250,46,True
2626,2500,2500,250,146,True
2627,2500,2500,250,65,True
2628,2500,2500,250,151,True
2629,2500,2500,250,60,True
2630,2500,2500,250,43,True
2631,2500,2500,250,39,True
2632,2500,2500,250,23,False
2633,2500,2500,250,43,True
2634,2500,2500,250,58,True
2635,2500,2500,250,37,True
2636,2500,2500,250,46,True
2637,2500,2500,250,25,False
2638,2500,2500,250,25,False
2639,2500,2500,250,36,True
2640,2500,2500,250,7,False
2641,2500,2500,250,5,False
2642,2500,2500,250,41,True
2643,2500,2500,250,34,True
2644,2500,2500,250,42,True
2645,2500,2500,250,15,False
2646,2500,2500,250,191,True
2647,2500,2500,250,42,True
2648,2500,2500,250,65,True
2649,2500,2500,250,72,True
2650,2500,2500,250,33,True
2651,2500,2500,250,96,True
2652,2500,2500,250,114,True
2653,2500,2500,250,9,False
2654,2500,2500,250,45,True
2655,2500,2500,250,10,False
2656,2500,2500,250,82,True
2657,2500,2500,250,73,True
2658,2500,2500,250,26,False
2659,2500,2500,250,12,False
2660,2500,2500,250,62,True
2661,2500,2500,250,132,True
2662,2500,2500,250,39,True
2663,2500,2500,250,16,False
2664,2500,2500,250,41,True
2665,2500,2500,250,51,True
2666,2500,2500,250,0,False
2667,2500,2500,250,47,True
2668,2500,2500,250,47,True
2669,2500,2500,250,58,True
2670,2500,2500,250,55,True
2671,2500,2500,250,63,True
2672,2500,2500,250,56,True
2673,2500,2500,250,33,True
2674,2500,2500,250,232,True
2675,2500,2500,250,50,True
2676,2500,2500,250,47,True
2677,2500,2500,250,54,True
2678,2500,2500,250,27,False
2679,2500,2500,250,32,True
2680,2500,2500,250,94,True
2681,2500,2500,250,30,True
2682,2500,2500,250,68,True
2683,2500,2500,250,93,True
2684,2500,2500,250,23,False
2685,2500,2500,250,44,True
2686,2500,2500,250,45,True
2687,2500,2500,250,25,False
2688,2500,2500,250,41,True
2689,2500,2500,250,0,False
2690,2500,2500,250,1,False
2691,2500,2500,250,25,False
2692,2500,2500,250,34,True
2693,2500,2500,250,28,False
2694,2500,2500,250,69,True
2695,2500,2500,250,35,True
2696,2500,2500,250,31,True
2697,2500,2500,250,120,True
2698,2500,2500,250,63,True
2699,2500,2500,250,40,True
2700,2500,2500,250,85,True
2701,2500,2500,250,30,True
2702,2500,2500,250,16,False
2703,2500,2500,250,47,True
2704,2500,2500,250,56,True
2705,2500,2500,250,43,True
2706,2500,2500,250,48,True
2707,2500,2500,250,89,True
2708,2500,2500,250,54,True
2709,2500,2500,250,90,True
2710,2500,2500,250,44,True
2711,2500,2500,250,14,False
2712,2500,2500,250,90,True
2713,2500,2500,250,28,False
2714,2500,2500,250,43,True
2715,2500,2500,250,68,True
2716,2500,2500,250,147,True
2717,2500,2500,250,135,True
2718,2500,2500,250,42,True
2719,2500,2500,250,99,True
2720,2500,2500,250,19,False
2721,2500,2500,250,27,False
2722,2500,2500,250,112,True
2723,2500,2500,250,79,True
2724,2500,2500,250,61,True
2725,2500,2500,250,45,True
2726,2500,2500,250,8,False
2727,2500,2500,250,42,True
2728,2500,2500,250,113,True
2729,2500,2500,250,175,True
2730,2500,2500,250,44,True
2731,2500,2500,250,71,True
2732,2500,2500,250,73,True
2733,2500,2500,250,93,True
2734,2500,2500,250,13,False
2735,2500,2500,250,95,True
2736,2500,2500,250,95,True
2737,2500,2500,250,45,True
2738,2500,2500,250,48,True
2739,2500,2500,250,1,False
2740,2500,2500,250,69,True
2741,2500,2500,250,2,False
2742,2500,2500,250,101,True
2743,2500,2500,250,16,False
2744,2500,2500,250,50,True
2745,2500,2500,250,62,True
2746,2500,2500,250,69,True
2747,2500,2500,250,52,True
2748,2500,2500,250,23,False
2749,2500,2500,250,0,False
2750,2500,2500,250,1,False
2751,2500,2500,250,8,False
2752,2500,2500,250,28,False
2753,2500,2500,250,46,True
2754,2500,2500,250,74,True
2755,2500,2500,250,30,True
2756,2500,2500,250,38,True
2757,2500,2500,250,78,True
2758,2500,2500,250,115,True
2759,2500,2500,250,40,True
2760,2500,2500,250,12,False
2761,2500,2500,250,2,False
2762,2500,2500,250,28,False
2763,2500,2500,250,65,True
2764,2500,2500,250,52,True
2765,2500,2500,250,32,True
2766,2500,2500,250,123,True
2767,2500,2500,250,32,True
2768,2500,2500,250,18,False
2769,2500,2500,250,20,False
2770,2500,2500,250,31,True
2771,2500,2500,250,79,True
2772,2500,2500,250,30,True
2773,2500,2500,250,37,True
2774,2500,2500,250,63,True
2775,2500,2500,250,55,True
2776,2500,2500,250,70,True
2777,2500,2500,250,24,False
2778,2500,2500,250,25,False
2779,2500,2500,250,96,True
2780,2500,2500,250,63,True
2781,2500,2500,250,69,True
2782,2500,2500,250,8,False
2783,2500,2500,250,35,True
2784,2500,2500,250,110,True
2785,2500,2500,250,52,True
2786,2500,2500,250,86,True
2787,2500,2500,250,17,False
2788,2500,2500,250,55,True
2789,2500,2500,250,19,False
2790,2500,2500,250,26,False
2791,2500,2500,250,127,True
2792,2500,2500,250,247,True
2793,2500,2500,250,73,True
2794,2500,2500,250,48,True
2795,2500,2500,250,51,True
2796,2500,2500,250,33,True
2797,2500,2500,250,143,True
2798,2500,2500,250,61,True
2799,2500,2500,250,75,True
2800,2500,2500,250,47,True
2801,2500,2500,250,96,True
2802,2500,2500,250,90,True
2803,2500,2500,250,51,True
2804,2500,2500,250,68,True
2805,2500,2500,250,22,False
2806,2500,2500,250,57,True
2807,2500,2500,250,42,True
2808,2500,2500,250,82,True
2809,2500,2500,250,130,True
2810,2500,2500,250,67,True
2811,2500,2500,250,13,False
2812,2500,2500,250,9,False
2813,2500,2500,250,48,True
2814,2500,2500,250,99,True
2815,2500,2500,250,177,True
2816,2500,2500,250,27,False
2817,2500,2500,250,77,True
2818,2500,2500,250,137,True
2819,2500,2500,250,55,True
2820,2500,2500,250,183,True
2821,2500,2500,250,24,False
2822,2500,2500,250,62,True
2823,2500,2500,250,32,True
2824,2500,2500,250,63,True
2825,2500,2500,250,79,True
2826,2500,2500,250,29,False
2827,2500,2500,250,120,True
2828,2500,2500,250,59,True
2829,2500,2500,250,77,True
2830,2500,2500,250,40,True
2831,2500,2500,250,3,False
2832,2500,2500,250,12,False
2833,2500,2500,250,199,True
2834,2500,2500,250,47,True
2835,2500,2500,250,64,True
2836,2500,2500,250,71,True
2837,2500,2500,250,73,True
2838,2500,2500,250,96,True
2839,2500,2500,250,151,True
2840,2500,2500,250,88,True
2841,2500,2500,250,111,True
2842,2500,2500,250,137,True
2843,2500,2500,250,87,True
2844,2500,2500,250,5,False
2845,2500,2500,250,73,True
2846,2500,2500,250,66,True
2847,2500,2500,250,95,True
2848,2500,2500,250,59,True
2849,2500,2500,250,46,True
2850,2500,2500,250,215,True
2851,2500,2500,250,188,True
2852,2500,2500,250,23,False
2853,2500,2500,250,68,True
2854,2500,2500,250,164,True
2855,2500,2500,250,116,True
2856,2500,2500,250,191,True
2857,2500,2479,250,138,True
2858,2479,2446,250,133,True
2859,2446,2332,250,132,True
2860,2332,1950,250,117,True
2861,1950,1460,250,111,True
2862,1460,915,250,234,True
2863,915,692,250,93,True
2864,692,603,250,59,True
2865,603,610,250,116,True
2866,610,594,250,151,True
2867,594,588,250,28,False
2868,588,562,250,120,True
2869,562,575,250,42,True
2870,575,594,250,111,True
2871,594,589,250,163,True
2872,589,596,250,106,True
2873,596,620,250,153,True
2874,620,616,250,123,True
2875,616,645,250,64,True
2876,645,620,250,175,True
2877,620,623,250,153,True
2878,623,625,250,72,True
2879,625,644,250,58,True
2880,644,656,250,164,True
2881,656,679,250,141,True
2882,679,704,250,157,True
2883,704,692,250,131,True
2884,692,652,250,137,True
2885,652,649,250,98,True
2886,649,646,250,171,True
2887,646,688,250,154,True
2888,688,702,250,186,True
2889,702,730,250,89,True
2890,730,734,250,120,True
2891,734,748,250,141,True
2892,748,678,250,136,True
2893,678,722,250,154,True
2894,722,734,250,163,True
2895,734,761,250,166,True
2896,761,784,250,136,True
2897,784,809,250,174,True
2898,809,840,250,123,True
2899,840,852,250,153,True
2900,852,806,250,179,True
2901,806,806,250,161,True
2902,806,826,250,215,True
2903,826,823,250,157,True
2904,823,830,250,186,True
2905,830,838,250,182,True
2906,838,798,250,132,True
2907,798,790,250,174,True
2908,790,674,250,152,True
2909,674,693,250,137,True
2910,693,709,250,153,True
2911,709,664,250,238,True
2912,664,650,229,206,True
2913,650,692,233,148,True
2914,692,699,222,210,True
2915,699,708,221,160,True
2916,708,647,199,65,True
2917,647,657,250,93,True
2918,657,660,250,88,True
2919,660,677,250,84,True
2920,677,745,250,79,True
2921,745,759,250,71,True
2922,759,789,250,61,True
2923,789,817,250,52,True
2924,817,819,250,143,True
2925,819,814,250,157,True
2926,814,826,250,86,True
2927,826,798,250,90,True
2928,798,845,250,35,True
2929,845,859,250,69,True
2930,859,862,250,44,True
2931,862,862,250,61,True
2932,862,920,250,44,True
2933,920,809,250,60,True
2934,809,834,250,105,True
2935,834,883,250,42,True
2936,883,916,250,65,True
2937,916,910,250,58,True
2938,910,970,250,63,True
2939,970,974,250,53,True
2940,974,1051,250,30,True
2941,1051,944,250,76,True
2942,944,959,250,54,True
2943,959,992,250,67,True
2944,992,1033,250,64,True
2945,1033,1048,250,74,True
2946,1048,1050,250,56,True
2947,1050,1112,250,43,True
2948,1112,1130,250,49,True
2949,1130,996,250,78,True
2950,996,999,250,126,True
2951,999,1098,250,123,True
2952,1098,1054,250,48,True
2953,1054,1136,250,64,True
2954,1136,1184,250,91,True
2955,1184,1277,250,55,True
2956,1277,1341,250,88,True
2957,1341,1368,250,35,True
2958,1368,1393,250,53,True
2959,1393,1337,250,126,True
2960,1337,1342,250,52,True
2961,1342,1308,250,66,True
2962,1308,1283,250,68,True
2963,1283,1232,250,61,True
2964,1232,1248,250,10,False
2965,1248,1191,250,9,False
2966,1191,1234,250,15,False
2967,1234,1321,250,36,True
2968,1321,1339,250,47,True
2969,1339,1376,250,59,True
2970,1376,1377,250,59,True
2971,1377,1389,250,49,True
2972,1389,1392,250,42,True
2973,1392,1367,250,17,False
2974,1367,1349,250,57,True
2975,1349,1375,250,28,False
2976,1375,1425,250,47,True
2977,1425,1417,250,67,True
2978,1417,1493,250,57,True
2979,1493,1420,250,52,True
2980,1420,1441,250,107,True
2981,1441,1389,250,17,False
2982,1389,1381,250,35,True
2983,1381,1385,250,27,False
2984,1385,1315,250,38,True
2985,1315,1292,250,8,False
2986,1292,1360,250,23,False
2987,1360,1386,250,50,True
2988,1386,1458,250,59,True
2989,1458,1511,250,42,True
2990,1511,1495,250,46,True
2991,1495,1556,250,33,True
2992,1556,1550,250,48,True
2993,1550,1513,250,30,True
2994,1513,1519,250,52,True
2995,1519,1521,250,18,False
2996,1521,1578,250,67,True
2997,1578,1561,250,7,False
2998,1561,1591,250,25,False
2999,1591,1609,250,44,True
3000,1609,1587,250,28,False
3001,1587,1555,250,51,True
3002,1555,1491,250,104,True
3003,1491,1413,250,53,True
3004,1413,1370,250,55,True
3005,1370,1326,250,44,True
3006,1326,1290,250,36,True
3007,1290,1201,250,38,True
3008,1201,1235,250,25,False
3009,1235,1240,250,41,True
3010,1240,1111,250,82,True
3011,1111,1123,250,53,True
3012,1123,1067,250,25,False
3013,1067,1059,250,227,True
3014,1059,977,250,77,True
3015,977,970,250,139,True
3016,970,939,250,239,True
3017,939,971,250,48,True
3018,971,929,250,53,True
3019,929,908,250,86,True
3020,908,925,250,74,True
3021,925,891,250,40,True
3022,891,918,250,57,True
3023,918,936,250,75,True
3024,936,948,250,87,True
3025,948,1038,250,45,True
3026,1038,1001,250,71,True
3027,1001,966,250,46,True
3028,966,971,250,62,True
3029,971,1002,250,21,False
3030,1002,1014,250,51,True
3031,1014,1009,250,40,True
3032,1009,1014,250,33,True
3033,1014,1024,250,74,True
3034,1024,1045,250,66,True
3035,1045,1036,250,82,True
3036,1036,1046,250,53,True
3037,1046,1035,250,40,True
3038,1035,994,250,54,True
3039,994,994,250,32,True
3040,994,993,250,1,False
3041,993,1009,250,129,True
3042,1009,1017,250,57,True
3043,1017,1008,250,82,True
3044,1008,999,250,41,True
3045,999,991,250,131,True
3046,991,976,250,105,True
3047,976,980,250,25,False
3048,980,964,250,54,True
3049,964,998,250,99,True
3050,998,952,250,56,True
3051,952,958,250,62,True
3052,958,945,250,113,True
3053,945,955,250,45,True
3054,955,966,250,44,True
3055,966,1046,250,61,True
3056,1046,1064,250,37,True
3057,1064,1101,250,45,True
3058,1101,1197,250,90,True
3059,1197,1277,250,92,True
3060,1277,1346,250,11,False
3061,1346,1398,250,66,True
3062,1398,1374,250,51,True
3063,1374,1423,250,34,True
3064,1423,1387,250,37,True
3065,1387,1350,250,9,False
3066,1350,1349,250,44,True
3067,1349,1294,250,130,True
3068,1294,1289,250,149,True
3069,1289,1289,250,43,True
3070,1289,1381,250,28,False
3071,1381,1436,250,61,True
3072,1436,1564,250,38,True
3073,1564,1645,250,42,True
3074,1645,1692,250,46,True
3075,1692,1778,250,54,True
3076,1778,1760,250,34,True
3077,1760,1808,250,167,True
3078,1808,1735,250,50,True
3079,1735,1869,250,41,True
3080,1869,1843,250,31,True
3081,1843,1868,250,51,True
3082,1868,1882,250,27,False
3083,1882,1906,250,32,True
3084,1906,1865,250,66,True
3085,1865,1824,250,14,False
3086,1824,1864,250,20,False
3087,1864,1774,250,77,True
3088,1774,1784,250,72,True
3089,1784,1767,250,26,False
3090,1767,1759,250,104,True
3091,1759,1764,250,36,True
3092,1764,1817,250,27,False
3093,1817,1801,250,26,False
3094,1801,1783,250,32,True
3095,1783,1791,250,124,True
3096,1791,1814,250,65,True
3097,1814,1751,250,23,False
3098,1751,1695,250,65,True
3099,1695,1663,250,1,False
3100,1663,1715,250,6,False
3101,1715,1692,250,84,True
3102,1692,1699,250,48,True
3103,1699,1753,250,30,True
3104,1753,1711,250,143,True
3105,1711,1713,250,34,True
3106,1713,1690,250,55,True
3107,1690,1618,250,55,True
3108,1618,1553,250,43,True
3109,1553,1540,250,53,True
3110,1540,1554,250,67,True
3111,1554,1591,250,21,False
3112,1591,1618,250,20,False
3113,1618,1633,250,25,False
3114,1633,1619,250,44,True
3115,1619,1605,250,141,True
3116,1605,1559,250,39,True
3117,1559,1609,250,18,False
3118,1609,1550,250,25,False
3119,1550,1579,250,112,True
3120,1579,1638,250,118,True
3121,1638,1574,250,42,True
3122,1574,1602,250,125,True
3123,1602,1560,250,30,True
3124,1560,1547,250,79,True
3125,1547,1546,250,105,True
3126,1546,1511,250,81,True
3127,1511,1487,250,94,True
3128,1487,1358,250,56,True
3129,1358,1457,250,50,True
3130,1457,1470,250,61,True
3131,1470,1465,250,123,True
3132,1465,1489,250,91,True
3133,1489,1500,250,47,True
3134,1500,1534,250,101,True
3135,1534,1557,250,18,False
3136,1557,1582,250,241,True
3137,1582,1556,250,118,True
3138,1556,1550,250,47,True
3139,1550,1508,250,77,True
3140,1508,1536,250,146,True
3141,1536,1500,250,51,True
3142,1500,1615,250,89,True
3143,1615,1596,250,71,True
3144,1596,1615,250,32,True
3145,1615,1637,250,105,True
3146,1637,1626,250,139,True
3147,1626,1597,250,83,True
3148,1597,1586,250,38,True
3149,1586,1552,250,33,True
3150,1552,1527,250,37,True
3151,1527,1500,250,103,True
3152,1500,1503,250,82,True
3153,1503,1461,250,165,True
3154,1461,1437,250,59,True
3155,1437,1438,250,55,True
3156,1438,1466,250,105,True
3157,1466,1481,250,66,True
3158,1481,1512,250,54,True
3159,1512,1496,250,22,False
3160,1496,1467,250,47,True
3161,1467,1507,250,48,True
3162,1507,1530,250,35,True
3163,1530,1514,250,103,True
3164,1514,1520,250,1,False
3165,1520,1437,250,81,True
3166,1437,1433,250,69,True
3167,1433,1420,250,57,True
3168,1420,1406,250,25,False
3169,1406,1457,250,33,True
3170,1457,1460,250,61,True
3171,1460,1469,250,38,True
3172,1469,1500,250,39,True
3173,1500,1491,250,36,True
3174,1491,1498,250,35,True
3175,1498,1495,250,58,True
3176,1495,1510,250,66,True
3177,1510,1521,250,79,True
3178,1521,1466,250,20,False
3179,1466,1463,250,21,False
3180,1463,1454,250,46,True
3181,1454,1440,250,18,False
3182,1440,1391,250,3,False
3183,1391,1417,250,52,True
3184,1417,1436,250,6,False
3185,1436,1411,250,119,True
3186,1411,1404,250,177,True
3187,1404,1367,250,54,True
3188,1367,1367,250,56,True
3189,1367,1409,250,44,True
3190,1409,1390,250,27,False
3191,1390,1382,250,58,True
3192,1382,1411,250,1,False
3193,1411,1406,250,39,True
3194,1406,1399,250,64,True
3195,1399,1375,250,15,False
3196,1375,1410,250,43,True
3197,1410,1406,250,59,True
3198,1406,1346,250,33,True
3199,1346,1367,250,39,True
3200,1367,1299,250,24,False
3201,1299,1362,250,169,True
3202,1362,1426,250,56,True
3203,1426,1367,250,71,True
3204,1367,1405,250,63,True
3205,1405,1392,250,76,True
3206,1392,1416,250,77,True
3207,1416,1383,250,36,True
3208,1383,1368,250,38,True
3209,1368,1350,250,202,True
3210,1350,1362,250,52,True
3211,1362,1355,250,18,False
3212,1355,1355,250,79,True
3213,1355,1331,250,118,True
3214,1331,1341,250,33,True
3215,1341,1300,250,41,True
3216,1300,1393,250,39,True
3217,1393,1361,250,34,True
3218,1361,1405,250,110,True
3219,1405,1366,250,52,True
3220,1366,1405,250,79,True
3221,1405,1411,250,28,False
3222,1411,1375,250,27,False
3223,1375,1369,250,132,True
3224,1369,1339,250,25,False
3225,1339,1353,250,19,False
3226,1353,1351,250,33,True
3227,1351,1399,250,193,True
3228,1399,1368,250,39,True
3229,1368,1375,250,58,True
3230,1375,1395,250,7,False
3231,1395,1388,250,106,True
3232,1388,1436,250,125,True
3233,1436,1408,250,117,True
3234,1408,1442,250,62,True
3235,1442,1457,250,50,True
3236,1457,1440,250,48,True
3237,1440,1483,250,91,True
3238,1483,1468,250,128,True
3239,1468,1472,250,169,True
3240,1472,1455,250,83,True
3241,1455,1475,250,30,True
3242,1475,1447,250,46,True
3243,1447,1415,250,67,True
3244,1415,1403,250,30,True
3245,1403,1413,250,35,True
3246,1413,1384,250,58,True
3247,1384,1387,250,10,False
3248,1387,1372,250,76,True
3249,1372,1430,250,36,True
3250,1430,1402,250,60,True
3251,1402,1382,250,25,False
3252,1382,1405,250,31,True
3253,1405,1368,250,29,False
3254,1368,1400,250,45,True
3255,1400,1383,250,74,True
3256,1383,1387,250,80,True
3257,1387,1394,250,235,True
3258,1394,1372,250,58,True
3259,1372,1363,250,61,True
3260,1363,1458,250,79,True
3261,1458,1441,250,44,True
3262,1441,1498,250,45,True
3263,1498,1449,250,51,True
3264,1449,1470,250,91,True
3265,1470,1476,250,84,True
3266,1476,1522,250,1,False
3267,1522,1511,250,36,True
3268,1511,1525,250,154,True
3269,1525,1527,250,79,True
3270,1527,1516,250,94,True
3271,1516,1518,250,59,True
3272,1518,1545,250,62,True
3273,1545,1586,250,17,False
3274,1586,1581,250,38,True
3275,1581,1585,250,78,True
3276,1585,1543,250,70,True
3277,1543,1566,250,18,False
3278,1566,1554,250,107,True
3279,1554,1455,250,35,True
3280,1455,1510,250,48,True
3281,1510,1478,250,106,True
3282,1478,1422,250,88,True
3283,1422,1424,250,75,True
3284,1424,1387,250,70,True
3285,1387,1386,250,36,True
3286,1386,1416,250,115,True
3287,1416,1326,250,63,True
3288,1326,1351,250,71,True
3289,1351,1380,250,89,True
3290,1380,1367,250,13,False
3291,1367,1367,250,73,True
3292,1367,1366,250,38,True
3293,1366,1344,250,25,False
3294,1344,1338,250,52,True
3295,1338,1357,250,23,False
3296,1357,1377,250,79,True
3297,1377,1332,250,71,True
3298,1332,1367,250,28,False
3299,1367,1302,250,43,True
3300,1302,1316,250,44,True
3301,1316,1301,250,41,True
3302,1301,1270,250,61,True
3303,1270,1300,250,28,False
3304,1300,1272,250,83,True
3305,1272,1292,250,52,True
3306,1292,1305,250,20,False
3307,1305,1318,250,41,True
3308,1318,1302,250,41,True
3309,1302,1434,250,45,True
3310,1434,1492,250,69,True
3311,1492,1493,250,40,True
3312,1493,1507,250,121,True
3313,1507,1490,250,18,False
3314,1490,1537,250,58,True
3315,1537,1564,250,53,True
3316,1564,1589,250,41,True
3317,1589,1574,250,37,True
3318,1574,1571,250,22,False
3319,1571,1590,250,26,False
3320,1590,1554,250,9,False
3321,1554,1441,250,1,False
3322,1441,1470,250,36,True
3323,1470,1441,250,0,False
3324,1441,1426,250,151,True
3325,1426,1320,250,13,False
3326,1320,1340,250,32,True
3327,1340,1350,250,57,True
3328,1350,1364,250,62,True
3329,1364,1367,250,70,True
3330,1367,1376,250,58,True
3331,1376,1339,250,24,False
3332,1339,1414,250,51,True
3333,1414,1378,250,92,True
3334,1378,1393,250,123,True
3335,1393,1356,250,25,False
3336,1356,1330,250,67,True
3337,1330,1354,250,66,True
3338,1354,1329,250,63,True
3339,1329,1346,250,30,True
3340,1346,1343,250,56,True
3341,1343,1357,250,33,True
3342,1357,1330,250,15,False
3343,1330,1362,250,28,False
3344,1362,1357,250,147,True
3345,1357,1379,250,130,True
3346,1379,1384,250,47,True
3347,1384,1328,250,25,False
3348,1328,1332,250,115,True
3349,1332,1365,250,55,True
3350,1365,1409,250,9,False
3351,1409,1432,250,116,True
3352,1432,1441,250,104,True
3353,1441,1462,250,41,True
3354,1462,1430,250,41,True
3355,1430,1475,250,69,True
3356,1475,1444,250,48,True
3357,1444,1458,250,77,True
3358,1458,1474,250,59,True
3359,1474,1466,250,47,True
3360,1466,1430,250,52,True
3361,1430,1434,250,49,True
3362,1434,1484,250,117,True
3363,1484,1527,250,173,True
3364,1527,1500,250,18,False
3365,1500,1512,250,28,False
3366,1512,1512,250,44,True
3367,1512,1521,250,57,True
3368,1521,1514,250,4,False
3369,1514,1508,250,62,True
3370,1508,1538,250,160,True
3371,1538,1552,250,122,True
3372,1552,1524,250,9,False
3373,1524,1488,250,19,False
3374,1488,1493,250,94,True
3375,1493,1521,250,50,True
3376,1521,1548,250,88,True
3377,1548,1520,250,17,False
3378,1520,1473,250,37,True
3379,1473,1482,250,4,False
3380,1482,1523,250,39,True
3381,1523,1569,250,158,True
3382,1569,1514,250,73,True
3383,1514,1505,250,35,True
3384,1505,1525,250,56,True
3385,1525,1557,250,39,True
3386,1557,1546,250,55,True
3387,1546,1559,250,107,True
3388,1559,1579,250,40,True
3389,1579,1605,250,45,True
3390,1605,1583,250,63,True
3391,1583,1562,250,31,True
3392,1562,1550,250,16,False
3393,1550,1515,250,33,True
3394,1515,1560,250,73,True
3395,1560,1493,250,14,False
3396,1493,1480,250,38,True
3397,1480,1469,250,112,True
3398,1469,1474,250,50,True
3399,1474,1418,250,29,False
3400,1418,1467,250,29,False
3401,1467,1456,250,52,True
3402,1456,1450,250,60,True
3403,1450,1448,250,93,True
3404,1448,1405,250,95,True
3405,1405,1419,250,83,True
3406,1419,1424,250,65,True
3407,1424,1388,250,93,True
3408,1388,1425,250,64,True
3409,1425,1436,250,40,True
3410,1436,1443,250,43,True
3411,1443,1405,250,95,True
3412,1405,1379,250,36,True
3413,1379,1385,250,86,True
3414,1385,1351,250,17,False
3415,1351,1425,250,26,False
3416,1425,1420,250,80,True
3417,1420,1466,250,11,False
3418,1466,1449,250,13,False
3419,1449,1485,250,79,True
3420,1485,1415,250,41,True
3421,1415,1459,250,51,True
3422,1459,1443,250,51,True
3423,1443,1497,250,48,True
3424,1497,1470,250,43,True
3425,1470,1495,250,30,True
3426,1495,1527,250,69,True
3427,1527,1498,250,162,True
3428,1498,1536,250,67,True
3429,1536,1524,250,40,True
3430,1524,1554,250,91,True
3431,1554,1571,250,55,True
3432,1571,1542,250,55,True
3433,1542,1572,250,28,False
3434,1572,1538,250,30,True
3435,1538,1574,250,106,True
3436,1574,1612,250,62,True
3437,1612,1579,250,45,True
3438,1579,1574,250,28,False
3439,1574,1627,250,90,True
3440,1627,1535,250,47,True
3441,1535,1532,250,58,True
3442,1532,1568,250,36,True
3443,1568,1564,250,26,False
3444,1564,1580,250,88,True
3445,1580,1590,250,39,True
3446,1590,1611,250,72,True
3447,1611,1625,250,62,True
3448,1625,1730,250,72,True
3449,1730,1716,250,88,True
3450,1716,1765,250,65,True
3451,1765,1736,250,120,True
3452,1736,1781,250,41,True
3453,1781,1757,250,90,True
3454,1757,1779,250,41,True
3455,1779,1766,250,193,True
3456,1766,1728,250,53,True
3457,1728,1741,250,78,True
3458,1741,1729,250,2,False
3459,1729,1770,250,52,True
3460,1770,1736,250,94,True
3461,1736,1721,250,123,True
3462,1721,1731,250,67,True
3463,1731,1793,250,54,True
3464,1793,1777,250,44,True
3465,1777,1772,250,77,True
3466,1772,1723,250,86,True
3467,1723,1717,250,87,True
3468,1717,1699,250,50,True
3469,1699,1734,250,67,True
3470,1734,1697,250,78,True
3471,1697,1719,250,95,True
3472,1719,1771,250,28,False
3473,1771,1773,250,96,True
3474,1773,1783,250,20,False
3475,1783,1765,250,22,False
3476,1765,1781,250,50,True
3477,1781,1783,250,23,False
3478,1783,1791,250,28,False
3479,1791,1761,250,2,False
3480,1761,1729,250,34,True
3481,1729,1707,250,55,True
3482,1707,1733,250,76,True
3483,1733,1707,250,82,True
3484,1707,1649,250,78,True
3485,1649,1611,250,35,True
3486,1611,1602,250,51,True
3487,1602,1592,250,21,False
3488,1592,1628,250,128,True
3489,1628,1623,250,53,True
3490,1623,1618,250,60,True
3491,1618,1605,250,114,True
3492,1605,1639,250,50,True
3493,1639,1603,250,75,True
3494,1603,1655,250,58,True
3495,1655,1662,250,3,False
3496,1662,1650,250,162,True
3497,1650,1718,250,46,True
3498,1718,1711,250,13,False
3499,1711,1700,250,40,True
3500,1700,1681,250,49,True
3501,1681,1684,250,70,True
3502,1684,1680,250,121,True
3503,1680,1648,250,99,True
3504,1648,1671,250,148,True
3505,1671,1622,250,18,False
3506,1622,1571,250,1,False
3507,1571,1640,250,32,True
3508,1640,1593,250,7,False
3509,1593,1588,250,94,True
3510,1588,1588,250,39,True
3511,1588,1631,250,41,True
3512,1631,1629,250,1,False
3513,1629,1577,250,99,True
3514,1577,1598,250,158,True
3515,1598,1580,250,57,True
3516,1580,1519,250,23,False
3517,1519,1585,250,99,True
3518,1585,1510,250,30,True
3519,1510,1535,250,11,False
3520,1535,1559,250,29,False
3521,1559,1584,250,36,True
3522,1584,1519,250,12,False
3523,1519,1553,250,84,True
3524,1553,1532,250,79,True
3525,1532,1581,250,49,True
3526,1581,1547,250,77,True
3527,1547,1585,250,27,False
3528,1585,1621,250,127,True
3529,1621,1637,250,47,True
3530,1637,1622,250,80,True
3531,1622,1566,250,81,True
3532,1566,1549,250,73,True
3533,1549,1576,250,17,False
3534,1576,1515,250,22,False
3535,1515,1425,250,46,True
3536,1425,1430,250,33,True
3537,1430,1401,250,62,True
3538,1401,1335,250,45,True
3539,1335,1313,250,27,False
3540,1313,1297,250,48,True
3541,1297,1290,250,2,False
3542,1290,1312,250,26,False
3543,1312,1293,250,13,False
3544,1293,1296,250,22,False
3545,1296,1363,250,157,True
3546,1363,1369,250,90,True
3547,1369,1392,250,37,True
3548,1392,1414,250,82,True
3549,1414,1361,250,19,False
3550,1361,1414,250,93,True
3551,1414,1403,250,45,True
3552,1403,1412,250,34,True
3553,1412,1436,250,82,True
3554,1436,1455,250,5,False
3555,1455,1458,250,47,True
3556,1458,1374,250,41,True
3557,1374,1396,250,122,True
3558,1396,1382,250,133,True
3559,1382,1366,250,19,False
3560,1366,1383,250,102,True
3561,1383,1353,250,68,True
3562,1353,1283,250,14,False
3563,1283,1261,250,82,True
3564,1261,1273,250,53,True
3565,1273,1277,250,167,True
3566,1277,1270,250,76,True
3567,1270,1241,250,35,True
3568,1241,1282,250,65,True
3569,1282,1299,250,15,False
3570,1299,1241,250,58,True
3571,1241,1260,250,56,True
3572,1260,1283,250,74,True
3573,1283,1304,250,93,True
3574,1304,1340,250,62,True
3575,1340,1379,250,20,False
3576,1379,1311,250,80,True
3577,1311,1238,250,90,True
3578,1238,1312,250,137,True
3579,1312,1275,250,48,True
3580,1275,1315,250,95,True
3581,1315,1258,250,34,True
3582,1258,1269,250,32,True
3583,1269,1259,250,1,False
3584,1259,1304,250,56,True
3585,1304,1301,250,45,True
3586,1301,1347,250,73,True
3587,1347,1370,250,92,True
3588,1370,1347,250,38,True
3589,1347,1356,250,50,True
3590,1356,1383,250,42,True
3591,1383,1434,250,54,True
3592,1434,1378,250,66,True
3593,1378,1451,250,116,True
3594,1451,1450,250,38,True
3595,1450,1411,250,15,False
3596,1411,1360,250,54,True
3597,1360,1337,250,14,False
3598,1337,1336,250,94,True
3599,1336,1314,250,101,True
3600,1314,1279,250,36,True
3601,1279,1286,250,62,True
3602,1286,1274,250,1,False
3603,1274,1272,250,40,True
3604,1272,1273,250,62,True
3605,1273,1232,250,24,False
3606,1232,1283,250,42,True
3607,1283,1256,250,56,True
3608,1256,1314,250,45,True
3609,1314,1260,250,30,True
3610,1260,1273,250,39,True
3611,1273,1234,250,28,False
3612,1234,1226,250,38,True
3613,1226,1248,250,45,True
3614,1248,1254,250,106,True
3615,1254,1276,250,46,True
3616,1276,1254,250,1,False
3617,1254,1248,250,84,True
3618,1248,1247,250,15,False
3619,1247,1193,250,1,False
3620,1193,1148,250,5,False
3621,1148,1190,250,38,True
3622,1190,1176,250,29,False
3623,1176,1167,250,13,False
3624,1167,1222,250,32,True
3625,1222,1239,250,23,False
3626,1239,1231,250,37,True
3627,1231,1211,250,69,True
3628,1211,1260,250,38,True
3629,1260,1248,250,84,True
3630,1248,1268,250,44,True
3631,1268,1300,250,5,False
3632,1300,1292,250,47,True
3633,1292,1302,250,63,True
3634,1302,1284,250,73,True
3635,1284,1278,250,74,True
3636,1278,1288,250,95,True
3637,1288,1289,250,23,False
3638,1289,1274,250,85,True
3639,1274,1296,250,107,True
3640,1296,1328,250,50,True
3641,1328,1257,250,46,True
3642,1257,1240,250,33,True
3643,1240,1263,250,34,True
3644,1263,1252,250,39,True
3645,1252,1260,250,25,False
3646,1260,1304,250,60,True
3647,1304,1289,250,89,True
3648,1289,1267,250,65,True
3649,1267,1303,250,41,True
3650,1303,1270,250,89,True
3651,1270,1280,250,69,True
3652,1280,1320,250,95,True
3653,1320,1330,250,51,True
3654,1330,1279,250,40,True
3655,1279,1315,250,38,True
3656,1315,1351,250,78,True
3657,1351,1322,250,102,True
3658,1322,1336,250,162,True
3659,1336,1339,250,36,True
3660,1339,1279,250,17,False
3661,1279,1296,250,55,True
3662,1296,1300,250,71,True
3663,1300,1293,250,8,False
3664,1293,1324,250,41,True
3665,1324,1302,250,92,True
3666,1302,1247,250,72,True
3667,1247,1233,250,73,True
3668,1233,1087,250,67,True
3669,1087,1062,250,32,True
3670,1062,1099,250,139,True
3671,1099,1085,250,170,True
3672,1085,1097,250,109,True
3673,1097,1072,250,22,False
3674,1072,1055,250,53,True
3675,1055,1034,250,56,True
3676,1034,1033,250,145,True
3677,1033,1041,250,59,True
3678,1041,992,250,6,False
3679,992,1023,250,3,False
3680,1023,998,250,9,False
3681,998,1003,250,71,True
3682,1003,986,250,144,True
3683,986,988,250,38,True
3684,988,962,250,59,True
3685,962,1073,250,54,True
3686,1073,1036,250,36,True
3687,1036,1059,250,10,False
3688,1059,1045,250,38,True
3689,1045,1044,250,25,False
3690,1044,1073,250,62,True
3691,1073,1060,250,92,True
3692,1060,1016,250,61,True
3693,1016,1113,250,76,True
3694,1113,1090,250,42,True
3695,1090,1087,250,67,True
3696,1087,1041,250,139,True
3697,1041,1034,250,38,True
3698,1034,1043,250,33,True
3699,1043,1054,250,22,False
3700,1054,1090,250,32,True
3701,1090,1012,250,23,False
3702,1012,1021,250,30,True
3703,1021,1043,250,58,True
3704,1043,1028,250,40,True
3705,1028,1056,250,52,True
3706,1056,993,250,51,True
3707,993,1031,250,34,True
3708,1031,1039,250,59,True
3709,1039,994,250,43,True
3710,994,1023,250,50,True
3711,1023,993,250,30,True
3712,993,1007,250,31,True
3713,1007,983,250,144,True
3714,983,1042,250,126,True
3715,1042,1043,250,120,True
3716,1043,1073,250,153,True
3717,1073,1015,250,50,True
3718,1015,1024,250,37,True
3719,1024,1017,250,192,True
3720,1017,1029,250,60,True
3721,1029,1008,250,7,False
3722,1008,1024,250,53,True
3723,1024,990,250,40,True
3724,990,1002,250,54,True
3725,1002,955,250,109,True
3726,955,962,250,113,True
3727,962,932,250,23,False
3728,932,945,250,41,True
3729,945,943,250,16,False
3730,943,951,250,147,True
3731,951,961,250,70,True
3732,961,1005,250,61,True
3733,1005,1005,250,93,True
3734,1005,1004,250,141,True
3735,1004,990,250,48,True
3736,990,1005,250,4,False
3737,1005,963,250,41,True
3738,963,978,250,59,True
3739,978,977,250,42,True
3740,977,966,250,82,True
3741,966,956,250,47,True
3742,956,967,250,55,True
3743,967,967,250,157,True
3744,967,943,250,140,True
3745,943,957,250,101,True
3746,957,977,250,91,True
3747,977,980,250,3,False
3748,980,1002,250,78,True
3749,1002,1010,250,51,True
3750,1010,1082,250,85,True
3751,1082,1093,250,28,False
3752,1093,1114,250,75,True
3753,1114,1134,250,51,True
3754,1134,1163,250,40,True
3755,1163,1128,250,38,True
3756,1128,1141,250,128,True
3757,1141,1146,250,153,True
3758,1146,1094,250,81,True
3759,1094,1090,250,49,True
3760,1090,1040,250,131,True
3761,1040,1075,250,94,True
3762,1075,1071,250,97,True
3763,1071,1129,250,118,True
3764,1129,1119,250,54,True
3765,1119,1178,250,50,True
3766,1178,1126,250,44,True
3767,1126,1188,250,47,True
3768,1188,1164,250,5,False
3769,1164,1194,250,57,True
3770,1194,1189,250,54,True
3771,1189,1201,250,41,True
3772,1201,1202,250,81,True
3773,1202,1214,250,38,True
3774,1214,1195,250,51,True
3775,1195,1252,250,166,True
3776,1252,1299,250,95,True
3777,1299,1288,250,40,True
3778,1288,1312,250,26,False
3779,1312,1327,250,49,True
3780,1327,1282,250,9,False
3781,1282,1341,250,66,True
3782,1341,1349,250,34,True
3783,1349,1360,250,106,True
3784,1360,1334,250,179,True
3785,1334,1333,250,61,True
3786,1333,1358,250,24,False
3787,1358,1399,250,109,True
3788,1399,1383,250,58,True
3789,1383,1409,250,33,True
3790,1409,1400,250,99,True
3791,1400,1477,250,95,True
3792,1477,1518,250,39,True
3793,1518,1491,250,237,True
3794,1491,1481,250,118,True
3795,1481,1498,250,25,False
3796,1498,1470,250,77,True
3797,1470,1518,250,50,True
3798,1518,1506,250,21,False
3799,1506,1433,250,71,True
3800,1433,1490,250,23,False
3801,1490,1515,250,37,True
3802,1515,1587,250,25,False
3803,1587,1648,250,30,True
3804,1648,1713,250,123,True
3805,1713,1844,250,55,True
3806,1844,1882,250,46,True
3807,1882,1874,250,107,True
3808,1874,1903,250,15,False
3809,1903,1900,250,102,True
3810,1900,1879,250,22,False
3811,1879,1884,250,7,False
3812,1884,1908,250,67,True
3813,1908,1911,250,41,True
3814,1911,1909,250,39,True
3815,1909,1923,250,86,True
3816,1923,1942,250,76,True
3817,1942,1928,250,96,True
3818,1928,1911,250,38,True
3819,1911,1902,250,23,False
3820,1902,1896,250,106,True
3821,1896,1873,250,69,True
3822,1873,1896,250,121,True
3823,1896,1879,250,53,True
3824,1879,1834,250,21,False
3825,1834,1860,250,66,True
3826,1860,1868,250,93,True
3827,1868,1885,250,164,True
3828,1885,1879,250,28,False
3829,1879,1874,250,43,True
3830,1874,1924,250,61,True
3831,1924,1913,250,49,True
3832,1913,1944,250,55,True
3833,1944,1983,250,32,True
3834,1983,1958,250,2,False
3835,1958,1971,250,99,True
3836,1971,2003,250,32,True
3837,2003,2018,250,21,False
3838,2018,2011,250,30,True
3839,2011,2028,250,38,True
3840,2028,1972,250,11,False
3841,1972,1953,250,43,True
3842,1953,1911,250,18,False
3843,1911,1880,250,166,True
3844,1880,1860,250,69,True
3845,1860,1830,250,73,True
3846,1830,1780,250,93,True
3847,1780,1688,250,55,True
3848,1688,1649,250,47,True
3849,1649,1648,250,10,False
3850,1648,1678,250,104,True
3851,1678,1707,250,69,True
3852,1707,1765,250,139,True
3853,1765,1834,250,9,False
3854,1834,1894,250,107,True
3855,1894,1877,250,113,True
3856,1877,1843,250,46,True
3857,1843,1867,250,14,False
3858,1867,1886,250,104,True
3859,1886,1933,250,62,True
3860,1933,1927,250,51,True
3861,1927,1918,250,14,False
3862,1918,1901,250,64,True
3863,1901,1887,250,48,True
3864,1887,1873,250,71,True
3865,1873,1876,250,155,True
3866,1876,1807,250,54,True
3867,1807,1767,250,34,True
3868,1767,1767,250,83,True
3869,1767,1759,250,79,True
3870,1759,1730,250,135,True
3871,1730,1702,250,40,True
3872,1702,1724,250,44,True
3873,1724,1748,250,49,True
3874,1748,1753,250,169,True
3875,1753,1697,250,28,False
3876,1697,1646,250,61,True
3877,1646,1654,250,162,True
3878,1654,1691,250,49,True
3879,1691,1692,250,32,True
3880,1692,1683,250,16,False
3881,1683,1704,250,152,True
3882,1704,1667,250,89,True
3883,1667,1650,250,114,True
3884,1650,1642,250,43,True
3885,1642,1486,250,102,True
3886,1486,1344,250,67,True
3887,1344,1305,250,79,True
3888,1305,1313,250,43,True
3889,1313,1286,250,18,False
3890,1286,1272,250,4,False
3891,1272,1239,250,8,False
3892,1239,1242,250,10,False
3893,1242,1334,250,41,True
3894,1334,1351,250,29,False
3895,1351,1344,250,63,True
3896,1344,1182,250,22,False
3897,1182,1160,250,140,True
3898,1160,1141,250,15,False
3899,1141,1166,250,9,False
3900,1166,1179,250,21,False
3901,1179,1132,250,14,False
3902,1132,1145,250,30,True
3903,1145,1112,250,16,False
3904,1112,1112,250,15,False
3905,1112,1139,250,37,True
3906,1139,1067,250,38,True
3907,1067,1096,250,44,True
3908,1096,1106,250,44,True
3909,1106,1182,250,101,True
3910,1182,1163,250,29,False
3911,1163,1176,250,27,False
3912,1176,1141,250,133,True
3913,1141,1125,250,43,True
3914,1125,1053,250,56,True
3915,1053,1074,250,29,False
3916,1074,1040,250,53,True
3917,1040,1072,250,42,True
3918,1072,1039,250,26,False
3919,1039,1061,250,42,True
3920,1061,1096,250,65,True
3921,1096,1133,250,152,True
3922,1133,1182,250,13,False
3923,1182,1194,250,96,True
3924,1194,1117,250,82,True
3925,1117,1154,250,211,True
3926,1154,1165,250,61,True
3927,1165,1137,250,58,True
3928,1137,1172,250,80,True
3929,1172,1166,250,97,True
3930,1166,1172,250,84,True
3931,1172,1150,250,18,False
3932,1150,1143,250,101,True
3933,1143,1190,250,56,True
3934,1190,1184,250,102,True
3935,1184,1176,250,48,True
3936,1176,1187,250,80,True
3937,1187,1174,250,92,True
3938,1174,1131,250,185,True
3939,1131,1150,250,57,True
3940,1150,1148,250,32,True
3941,1148,1160,250,83,True
3942,1160,1164,250,50,True
3943,1164,1179,250,3,False
3944,1179,1160,250,28,False
3945,1160,1172,250,17,False
3946,1172,1199,250,61,True
3947,1199,1228,250,67,True
3948,1228,1249,250,57,True
3949,1249,1289,250,75,True
3950,1289,1297,250,62,True
3951,1297,1354,250,10,False
3952,1354,1322,250,50,True
3953,1322,1341,250,102,True
3954,1341,1364,250,29,False
3955,1364,1383,250,36,True
3956,1383,1426,250,131,True
3957,1426,1484,250,59,True
3958,1484,1462,250,71,True
3959,1462,1502,250,110,True
3960,1502,1508,250,56,True
3961,1508,1566,250,46,True
3962,1566,1571,250,7,False
3963,1571,1590,250,21,False
3964,1590,1614,250,55,True
3965,1614,1603,250,37,True
3966,1603,1621,250,71,True
3967,1621,1596,250,38,True
3968,1596,1608,250,140,True
3969,1608,1636,250,11,False
3970,1636,1622,250,6,False
3971,1622,1683,250,63,True
3972,1683,1661,250,132,True
3973,1661,1692,250,82,True
3974,1692,1776,250,82,True
3975,1776,1730,250,63,True
3976,1730,1761,250,84,True
3977,1761,1784,250,98,True
3978,1784,1776,250,34,True
3979,1776,1807,250,31,True
3980,1807,1890,250,77,True
3981,1890,1827,250,104,True
3982,1827,1873,250,159,True
3983,1873,1846,250,43,True
3984,1846,1851,250,110,True
3985,1851,1826,250,21,False
3986,1826,1833,250,20,False
3987,1833,1824,250,24,False
3988,1824,1777,250,48,True
3989,1777,1810,250,137,True
3990,1810,1790,250,141,True
3991,1790,1839,250,54,True
3992,1839,1808,250,84,True
3993,1808,1855,250,76,True
3994,1855,1836,250,58,True
3995,1836,1804,250,78,True
3996,1804,1726,250,87,True
3997,1726,1683,250,114,True
3998,1683,1628,250,33,True
3999,1628,1627,250,85,True
4000,1627,1579,250,79,True
4001,1579,1484,250,66,True
4002,1484,1492,250,80,True
4003,1492,1445,250,3,False
4004,1445,1474,250,64,True
4005,1474,1448,250,53,True
4006,1448,1378,250,68,True
4007,1378,1397,250,32,True
4008,1397,1434,250,75,True
4009,1434,1459,250,37,True
4010,1459,1438,250,56,True
4011,1438,1492,250,64,True
4012,1492,1515,250,15,False
4013,1515,1445,250,46,True
4014,1445,1465,250,24,False
4015,1465,1360,250,63,True
4016,1360,1345,250,98,True
4017,1345,1314,250,55,True
4018,1314,1348,250,31,True
4019,1348,1351,250,76,True
4020,1351,1365,250,77,True
4021,1365,1408,250,169,True
4022,1408,1386,250,65,True
4023,1386,1423,250,15,False
4024,1423,1368,250,87,True
4025,1368,1360,250,26,False
4026,1360,1380,250,55,True
4027,1380,1384,250,59,True
4028,1384,1431,250,123,True
4029,1431,1425,250,40,True
4030,1425,1429,250,44,True
4031,1429,1405,250,179,True
4032,1405,1470,250,1,False
4033,1470,1501,250,36,True
4034,1501,1528,250,161,True
4035,1528,1494,250,47,True
4036,1494,1468,250,53,True
4037,1468,1445,250,83,True
4038,1445,1471,250,24,False
4039,1471,1398,250,43,True
4040,1398,1425,250,184,True
4041,1425,1415,250,129,True
4042,1415,1393,250,41,True
4043,1393,1382,250,55,True
4044,1382,1388,250,8,False
4045,1388,1413,250,104,True
4046,1413,1437,250,125,True
4047,1437,1451,250,50,True
4048,1451,1460,250,20,False
4049,1460,1437,250,25,False
4050,1437,1457,250,36,True
4051,1457,1537,250,49,True
4052,1537,1484,250,71,True
4053,1484,1503,250,45,True
4054,1503,1499,250,73,True
4055,1499,1515,250,47,True
4056,1515,1487,250,50,True
4057,1487,1444,250,61,True
4058,1444,1444,250,78,True
4059,1444,1485,250,24,False
4060,1485,1496,250,65,True
4061,1496,1495,250,121,True
4062,1495,1513,250,41,True
4063,1513,1497,250,69,True
4064,1497,1537,250,46,True
4065,1537,1491,250,28,False
4066,1491,1556,250,37,True
4067,1556,1571,250,37,True
4068,1571,1560,250,34,True
4069,1560,1625,250,111,True
4070,1625,1628,250,8,False
4071,1628,1615,250,2,False
4072,1615,1584,250,11,False
4073,1584,1632,250,88,True
4074,1632,1621,250,178,True
4075,1621,1687,250,145,True
4076,1687,1685,250,54,True
4077,1685,1728,250,64,True
4078,1728,1704,250,80,True
4079,1704,1735,250,3,False
4080,1735,1694,250,15,False
4081,1694,1723,250,37,True
4082,1723,1750,250,95,True
4083,1750,1802,250,123,True
4084,1802,1839,250,67,True
4085,1839,1816,250,16,False
4086,1816,1760,250,83,True
4087,1760,1793,250,126,True
4088,1793,1801,250,136,True
4089,1801,1818,250,58,True
4090,1818,1817,250,84,True
4091,1817,1806,250,102,True
4092,1806,1820,250,167,True
4093,1820,1853,250,31,True
4094,1853,1813,250,57,True
4095,1813,1824,250,40,True
4096,1824,1816,250,45,True
4097,1816,1882,250,82,True
4098,1882,1894,250,105,True
4099,1894,1885,250,58,True
4100,1885,1962,250,123,True
4101,1962,1919,250,17,False
4102,1919,1988,250,99,True
4103,1988,1961,250,210,True
4104,1961,1965,250,86,True
4105,1965,1968,250,21,False
4106,1968,1997,250,187,True
4107,1997,1960,250,151,True
4108,1960,1979,250,126,True
4109,1979,1947,250,45,True
4110,1947,1991,250,76,True
4111,1991,1988,250,67,True
4112,1988,1995,250,22,False
4113,1995,1967,250,12,False
4114,1967,1984,250,125,True
4115,1984,1946,250,103,True
4116,1946,1920,250,74,True
4117,1920,1876,250,77,True
4118,1876,1809,250,24,False
4119,1809,1801,250,220,True
4120,1801,1766,250,28,False
4121,1766,1689,250,77,True
4122,1689,1652,250,50,True
4123,1652,1587,250,43,True
4124,1587,1513,250,52,True
4125,1513,1515,250,66,True
4126,1515,1596,250,55,True
4127,1596,1646,250,47,True
4128,1646,1615,250,53,True
4129,1615,1668,250,108,True
4130,1668,1673,250,16,False
4131,1673,1707,250,25,False
4132,1707,1704,250,62,True
4133,1704,1691,250,3,False
4134,1691,1580,250,40,True
4135,1580,1550,250,105,True
4136,1550,1446,250,64,True
4137,1446,1285,250,38,True
4138,1285,1210,250,57,True
4139,1210,1197,250,74,True
4140,1197,1169,250,65,True
4141,1169,1129,250,132,True
4142,1129,1184,250,61,True
4143,1184,1137,250,61,True
4144,1137,1174,250,91,True
4145,1174,1187,250,46,True
4146,1187,1190,250,49,True
4147,1190,1215,250,71,True
4148,1215,1233,250,9,False
4149,1233,1156,250,89,True
4150,1156,1193,250,84,True
4151,1193,1186,250,60,True
4152,1186,1181,250,69,True
4153,1181,1204,250,114,True
4154,1204,1161,250,149,True
4155,1161,1140,250,77,True
4156,1140,1232,250,49,True
4157,1232,1198,250,44,True
4158,1198,1233,250,129,True
4159,1233,1252,250,106,True
4160,1252,1272,250,59,True
4161,1272,1276,250,45,True
4162,1276,1293,250,161,True
4163,1293,1287,250,88,True
4164,1287,1298,250,8,False
4165,1298,1323,250,12,False
4166,1323,1375,250,87,True
4167,1375,1371,250,89,True
4168,1371,1429,250,27,False
4169,1429,1418,250,6,False
4170,1418,1393,250,57,True
4171,1393,1432,250,40,True
4172,1432,1450,250,88,True
4173,1450,1481,250,68,True
4174,1481,1458,250,27,False
4175,1458,1483,250,92,True
4176,1483,1472,250,48,True
4177,1472,1534,250,29,False
4178,1534,1547,250,150,True
4179,1547,1628,250,159,True
4180,1628,1646,250,78,True
4181,1646,1683,250,89,True
4182,1683,1706,250,110,True
4183,1706,1699,250,71,True
4184,1699,1788,250,93,True
4185,1788,1761,250,3,False
4186,1761,1819,250,82,True
4187,1819,1795,250,77,True
4188,1795,1765,250,22,False
4189,1765,1763,250,155,True
4190,1763,1816,250,60,True
4191,1816,1818,250,31,True
4192,1818,1839,250,60,True
4193,1839,1853,250,89,True
4194,1853,1833,250,59,True
4195,1833,1839,250,16,False
4196,1839,1889,250,81,True
4197,1889,1918,250,64,True
4198,1918,1964,250,56,True
4199,1964,1942,250,70,True
4200,1942,2014,250,76,True
4201,2014,1989,250,58,True
4202,1989,2030,250,69,True
4203,2030,2062,250,110,True
4204,2062,2081,250,103,True
4205,2081,2091,250,161,True
4206,2091,2099,250,72,True
4207,2099,2120,250,27,False
4208,2120,2119,250,9,False
4209,2119,2116,250,104,True
4210,2116,2129,250,83,True
4211,2129,2162,250,124,True
4212,2162,2157,250,65,True
4213,2157,2159,250,102,True
4214,2159,2189,250,43,True
4215,2189,2189,250,79,True
4216,2189,2227,250,196,True
4217,2227,2223,250,205,True
4218,2223,2198,250,97,True
4219,2198,2237,250,68,True
4220,2237,2230,250,41,True
4221,2230,2256,250,114,True
4222,2256,2268,250,48,True
4223,2268,2289,250,113,True
4224,2289,2242,250,111,True
4225,2242,2225,250,52,True
4226,2225,2266,250,126,True
4227,2266,2224,250,86,True
4228,2224,2249,250,85,True
4229,2249,2240,250,88,True
4230,2240,2261,250,78,True
4231,2261,2248,250,78,True
4232,2248,2187,250,52,True
4233,2187,2217,250,58,True
4234,2217,2217,250,92,True
4235,2217,2226,250,42,True
4236,2226,2227,250,109,True
4237,2227,2236,250,117,True
4238,2236,2228,250,78,True
4239,2228,2199,250,78,True
4240,2199,2198,250,63,True
4241,2198,2142,250,216,True
4242,2142,2095,250,162,True
4243,2095,2072,250,63,True
4244,2072,2032,250,163,True
4245,2032,2014,250,41,True
4246,2014,1977,250,129,True
4247,1977,1988,250,69,True
4248,1988,1960,250,52,True
4249,1960,1954,250,15,False
4250,1954,1972,250,6,False
4251,1972,1959,250,46,True
4252,1959,1883,250,210,True
4253,1883,1923,250,111,True
4254,1923,1897,250,4,False
4255,1897,1892,250,55,True
4256,1892,1941,250,67,True
4257,1941,1961,250,104,True
4258,1961,1952,250,93,True
4259,1952,1860,250,81,True
4260,1860,1785,250,92,True
4261,1785,1731,250,108,True
4262,1731,1710,250,130,True
4263,1710,1631,250,47,True
4264,1631,1700,250,173,True
4265,1700,1653,250,66,True
4266,1653,1698,250,80,True
4267,1698,1718,250,129,True
4268,1718,1677,250,194,True
4269,1677,1664,250,15,False
4270,1664,1703,250,34,True
4271,1703,1636,250,50,True
4272,1636,1643,250,121,True
4273,1643,1641,250,64,True
4274,1641,1688,250,28,False
4275,1688,1709,250,30,True
4276,1709,1703,250,3,False
4277,1703,1664,250,84,True
4278,1664,1694,250,24,False
4279,1694,1689,250,57,True
4280,1689,1683,250,51,True
4281,1683,1698,250,27,False
4282,1698,1637,250,58,True
4283,1637,1587,250,41,True
4284,1587,1631,250,54,True
4285,1631,1618,250,60,True
4286,1618,1646,250,19,False
4287,1646,1661,250,11,False
4288,1661,1629,250,59,True
4289,1629,1694,250,115,True
4290,1694,1701,250,70,True
4291,1701,1703,250,100,True
4292,1703,1760,250,138,True
4293,1760,1725,250,49,True
4294,1725,1753,250,2,False
4295,1753,1796,250,13,False
4296,1796,1779,250,20,False
4297,1779,1751,250,129,True
4298,1751,1720,250,81,True
4299,1720,1701,250,98,True
4300,1701,1721,250,36,True
4301,1721,1765,250,138,True
4302,1765,1801,250,121,True
4303,1801,1838,250,136,True
4304,1838,1826,250,55,True
4305,1826,1890,250,81,True
4306,1890,1891,250,245,True
4307,1891,1888,250,55,True
4308,1888,1913,250,18,False
4309,1913,1903,250,229,True
4310,1903,1925,250,59,True
4311,1925,1927,250,36,True
4312,1927,1901,250,161,True
4313,1901,1925,250,37,True
4314,1925,1948,250,55,True
4315,1948,1971,250,70,True
4316,1971,1946,250,236,True
4317,1946,1968,250,58,True
4318,1968,1977,250,99,True
4319,1977,2042,250,75,True
4320,2042,2061,250,137,True
4321,2061,2108,250,72,True
4322,2108,2114,250,62,True
4323,2114,2137,250,49,True
4324,2137,2128,250,41,True
4325,2128,2132,250,74,True
4326,2132,2119,250,36,True
4327,2119,2170,250,0,False
4328,2170,2170,250,1,False
4329,2170,2149,250,123,True
4330,2149,2194,250,54,True
4331,2194,2219,250,21,False
4332,2219,2239,250,77,True
4333,2239,2226,250,202,True
4334,2226,2227,250,93,True
4335,2227,2227,250,84,True
4336,2227,2228,250,18,False
4337,2228,2230,250,83,True
4338,2230,2270,250,65,True
4339,2270,2304,250,121,True
4340,2304,2284,250,102,True
4341,2284,2329,250,49,True
4342,2329,2301,250,72,True
4343,2301,2322,250,58,True
4344,2322,2341,250,68,True
4345,2341,2317,250,55,True
4346,2317,2337,250,153,True
4347,2337,2288,250,54,True
4348,2288,2297,250,43,True
4349,2297,2312,250,31,True
4350,2312,2326,250,34,True
4351,2326,2317,250,33,True
4352,2317,2348,250,33,True
4353,2348,2349,250,140,True
4354,2349,2360,250,134,True
4355,2360,2335,250,53,True
4356,2335,2353,250,65,True
4357,2353,2340,250,92,True
4358,2340,2337,250,159,True
4359,2337,2348,250,75,True
4360,2348,2281,250,67,True
4361,2281,2284,250,57,True
4362,2284,2247,250,79,True
4363,2247,2301,250,80,True
4364,2301,2268,250,40,True
4365,2268,2259,250,55,True
4366,2259,2215,250,59,True
4367,2215,2216,250,146,True
4368,2216,2183,250,29,False
4369,2183,2233,250,52,True
4370,2233,2251,250,75,True
4371,2251,2268,250,229,True
4372,2268,2276,250,57,True
4373,2276,2308,250,132,True
4374,2308,2294,250,111,True
4375,2294,2308,250,186,True
4376,2308,2323,250,48,True
4377,2323,2336,250,16,False
4378,2336,2305,250,40,True
4379,2305,2291,250,46,True
4380,2291,2282,250,26,False
4381,2282,2258,250,60,True
4382,2258,2237,250,243,True
4383,2237,2216,250,52,True
4384,2216,2195,250,186,True
4385,2195,2176,250,34,True
4386,2176,2153,250,101,True
4387,2153,2005,250,173,True
4388,2005,1987,250,106,True
4389,1987,1921,250,51,True
4390,1921,1958,250,29,False
4391,1958,1961,250,62,True
4392,1961,1907,250,72,True
4393,1907,1835,250,54,True
4394,1835,1777,250,34,True
4395,1777,1710,250,89,True
4396,1710,1582,250,42,True
4397,1582,1562,250,77,True
4398,1562,1531,250,29,False
4399,1531,1556,250,47,True
4400,1556,1552,250,81,True
4401,1552,1560,250,74,True
4402,1560,1595,250,57,True
4403,1595,1607,250,57,True
4404,1607,1677,250,55,True
4405,1677,1692,250,42,True
4406,1692,1680,250,34,True
4407,1680,1689,250,20,False
4408,1689,1674,250,67,True
4409,1674,1740,250,35,True
4410,1740,1714,250,47,True
4411,1714,1730,250,66,True
4412,1730,1760,250,104,True
4413,1760,1785,250,44,True
4414,1785,1745,250,75,True
4415,1745,1815,250,31,True
4416,1815,1787,250,19,False
4417,1787,1810,250,4,False
4418,1810,1846,250,7,False
4419,1846,1806,250,78,True
4420,1806,1837,250,92,True
4421,1837,1903,250,170,True
4422,1903,1944,250,75,True
4423,1944,1982,250,60,True
4424,1982,1983,250,52,True
4425,1983,1983,250,67,True
4426,1983,1975,250,90,True
4427,1975,2043,250,111,True
4428,2043,2104,250,33,True
4429,2104,2072,250,39,True
4430,2072,2103,250,131,True
4431,2103,2098,250,101,True
4432,2098,2070,250,158,True
4433,2070,2074,250,68,True
4434,2074,2071,250,41,True
4435,2071,2104,250,183,True
4436,2104,2073,250,131,True
4437,2073,2099,250,77,True
4438,2099,2116,250,112,True
4439,2116,2119,250,82,True
4440,2119,2104,250,158,True
4441,2104,2129,250,36,True
4442,2129,2155,250,140,True
4443,2155,2162,250,56,True
4444,2162,2162,250,75,True
4445,2162,2204,250,66,True
4446,2204,2201,250,89,True
4447,2201,2233,250,195,True
4448,2233,2212,250,56,True
4449,2212,2209,250,134,True
4450,2209,2232,250,179,True
4451,2232,2266,250,186,True
4452,2266,2241,250,40,True
4453,2241,2221,250,101,True
4454,2221,2233,250,43,True
4455,2233,2246,250,147,True
4456,2246,2240,250,66,True
4457,2240,2255,250,158,True
4458,2255,2277,250,47,True
4459,2277,2288,250,17,False
4460,2288,2288,250,190,True
4461,2288,2293,250,64,True
4462,2293,2287,250,47,True
4463,2287,2300,250,179,True
4464,2300,2305,250,44,True
4465,2305,2314,250,122,True
4466,2314,2319,250,47,True
4467,2319,2305,250,81,True
4468,2305,2289,250,129,True
4469,2289,2253,250,78,True
4470,2253,2299,250,54,True
4471,2299,2269,250,53,True
4472,2269,2258,250,125,True
4473,2258,2281,250,171,True
4474,2281,2290,250,85,True
4475,2290,2279,250,57,True
4476,2279,2255,250,43,True
4477,2255,2258,250,167,True
4478,2258,2251,250,46,True
4479,2251,2266,250,63,True
4480,2266,2275,250,60,True
4481,2275,2249,250,99,True
4482,2249,2239,250,154,True
4483,2239,2222,250,71,True
4484,2222,2175,250,145,True
4485,2175,2190,250,69,True
4486,2190,2122,250,69,True
4487,2122,2106,250,63,True
4488,2106,2104,250,61,True
4489,2104,2063,250,154,True
4490,2063,2019,250,45,True
4491,2019,2040,250,28,False
4492,2040,2069,250,157,True
4493,2069,2039,250,33,True
4494,2039,2006,250,87,True
4495,2006,1985,250,66,True
4496,1985,1940,250,47,True
4497,1940,1998,250,98,True
4498,1998,2057,250,67,True
4499,2057,2081,250,121,True
4500,2081,2073,250,63,True
4501,2073,2035,250,50,True
4502,2035,1929,250,57,True
4503,1929,1925,250,22,False
4504,1925,1852,250,47,True
4505,1852,1825,250,37,True
4506,1825,1740,250,91,True
4507,1740,1631,250,43,True
4508,1631,1565,250,46,True
4509,1565,1486,250,79,True
4510,1486,1450,250,27,False
4511,1450,1505,250,133,True
4512,1505,1621,250,72,True
4513,1621,1715,250,87,True
4514,1715,1727,250,25,False
4515,1727,1770,250,60,True
4516,1770,1719,250,46,True
4517,1719,1732,250,33,True
4518,1732,1665,250,109,True
4519,1665,1738,250,30,True
4520,1738,1753,250,185,True
4521,1753,1661,250,34,True
4522,1661,1563,250,49,True
4523,1563,1472,250,116,True
4524,1472,1413,250,67,True
4525,1413,1287,250,63,True
4526,1287,1256,250,19,False
4527,1256,1294,250,29,False
4528,1294,1302,250,58,True
4529,1302,1278,250,46,True
4530,1278,1311,250,37,True
4531,1311,1329,250,3,False
4532,1329,1337,250,158,True
4533,1337,1413,250,42,True
4534,1413,1409,250,39,True
4535,1409,1452,250,74,True
4536,1452,1491,250,61,True
4537,1491,1528,250,141,True
4538,1528,1550,250,49,True
4539,1550,1537,250,62,True
4540,1537,1550,250,217,True
4541,1550,1566,250,118,True
4542,1566,1573,250,25,False
4543,1573,1660,250,105,True
4544,1660,1740,250,57,True
4545,1740,1812,250,20,False
4546,1812,1889,250,57,True
4547,1889,1917,250,36,True
4548,1917,1907,250,100,True
4549,1907,1944,250,86,True
4550,1944,1931,250,37,True
4551,1931,1975,250,15,False
4552,1975,1973,250,93,True
4553,1973,1971,250,43,True
4554,1971,1992,250,66,True
4555,1992,2036,250,61,True
4556,2036,2022,250,22,False
4557,2022,2083,250,10,False
4558,2083,2027,250,15,False
4559,2027,2080,250,7,False
4560,2080,2080,250,58,True
4561,2080,2105,250,95,True
4562,2105,2089,250,69,True
4563,2089,2128,250,76,True
4564,2128,2156,250,98,True
4565,2156,2207,250,44,True
4566,2207,2221,250,60,True
4567,2221,2195,250,48,True
4568,2195,2240,250,58,True
4569,2240,2241,250,74,True
4570,2241,2240,250,32,True
4571,2240,2227,250,91,True
4572,2227,2221,250,113,True
4573,2221,2275,250,66,True
4574,2275,2272,250,54,True
4575,2272,2268,250,56,True
4576,2268,2274,250,48,True
4577,2274,2284,250,43,True
4578,2284,2292,250,84,True
4579,2292,2299,250,78,True
4580,2299,2302,250,134,True
4581,2302,2303,250,133,True
4582,2303,2249,250,50,True
4583,2249,2238,250,55,True
4584,2238,2244,250,114,True
4585,2244,2251,250,69,True
4586,2251,2248,250,91,True
4587,2248,2176,250,70,True
4588,2176,2163,250,92,True
4589,2163,2189,250,62,True
4590,2189,2127,250,32,True
4591,2127,2177,250,70,True
4592,2177,2132,250,81,True
4593,2132,2072,250,139,True
4594,2072,2039,250,62,True
4595,2039,1993,250,203,True
4596,1993,2009,250,98,True
4597,2009,1985,250,64,True
4598,1985,2027,250,84,True
4599,2027,2034,250,61,True
4600,2034,2039,250,58,True
4601,2039,2001,250,160,True
4602,2001,1982,250,47,True
4603,1982,1813,250,108,True
4604,1813,1767,250,71,True
4605,1767,1681,250,47,True
4606,1681,1688,250,39,True
4607,1688,1642,250,82,True
4608,1642,1530,250,132,True
4609,1530,1467,250,57,True
4610,1467,1466,250,38,True
4611,1466,1475,250,58,True
4612,1475,1479,250,78,True
4613,1479,1601,250,98,True
4614,1601,1592,250,89,True
4615,1592,1571,250,132,True
4616,1571,1528,250,64,True
4617,1528,1498,250,75,True
4618,1498,1488,250,40,True
4619,1488,1446,250,75,True
4620,1446,1465,250,59,True
4621,1465,1497,250,145,True
4622,1497,1553,250,138,True
4623,1553,1432,250,45,True
4624,1432,1469,250,73,True
4625,1469,1343,250,88,True
4626,1343,1228,250,126,True
4627,1228,1156,250,128,True
4628,1156,1148,250,40,True
4629,1148,1132,250,54,True
4630,1132,1118,250,52,True
4631,1118,1141,250,15,False
4632,1141,1151,250,79,True
4633,1151,1095,250,129,True
4634,1095,1116,250,46,True
4635,1116,1061,250,90,True
4636,1061,1117,250,47,True
4637,1117,1068,250,116,True
4638,1068,1078,250,56,True
4639,1078,1039,250,99,True
4640,1039,1077,250,32,True
4641,1077,1003,250,69,True
4642,1003,1050,250,53,True
4643,1050,1017,250,136,True
4644,1017,968,250,128,True
4645,968,967,250,102,True
4646,967,888,250,83,True
4647,888,889,250,53,True
4648,889,887,250,79,True
4649,887,853,250,111,True
4650,853,818,250,45,True
4651,818,810,250,50,True
4652,810,792,250,34,True
4653,792,840,250,91,True
4654,840,828,250,75,True
4655,828,825,250,71,True
4656,825,872,250,99,True
4657,872,880,250,84,True
4658,880,910,250,71,True
4659,910,884,250,135,True
4660,884,881,250,45,True
4661,881,890,250,12,False
4662,890,914,250,26,False
4663,914,889,250,53,True
4664,889,900,250,22,False
4665,900,875,250,53,True
4666,875,879,250,58,True
4667,879,900,250,32,True
4668,900,857,250,51,True
4669,857,897,250,54,True
4670,897,888,250,37,True
4671,888,895,250,88,True
4672,895,866,250,19,False
4673,866,871,250,16,False
4674,871,864,250,37,True
4675,864,845,250,23,False
4676,845,828,250,94,True
4677,828,813,250,88,True
4678,813,824,250,62,True
4679,824,816,250,63,True
4680,816,825,250,27,False
4681,825,815,250,118,True
4682,815,843,250,31,True
4683,843,874,250,25,False
4684,874,885,250,79,True
4685,885,855,250,87,True
4686,855,856,250,54,True
4687,856,855,250,59,True
4688,855,844,250,33,True
4689,844,886,250,17,False
4690,886,888,250,155,True
4691,888,902,250,120,True
4692,902,919,250,103,True
4693,919,946,250,46,True
4694,946,981,250,85,True
4695,981,938,250,54,True
4696,938,946,250,26,False
4697,946,974,250,31,True
4698,974,966,250,63,True
4699,966,951,250,68,True
4700,951,961,250,10,False
4701,961,1000,250,11,False
4702,1000,987,250,20,False
4703,987,929,250,74,True
4704,929,961,250,58,True
4705,961,966,250,111,True
4706,966,976,250,50,True
4707,976,1006,250,76,True
4708,1006,968,250,25,False
4709,968,1027,250,57,True
4710,1027,1039,250,63,True
4711,1039,1040,250,37,True
4712,1040,1117,250,45,True
4713,1117,1170,250,79,True
4714,1170,1134,250,27,False
4715,1134,1066,250,67,True
4716,1066,1087,250,60,True
4717,1087,1078,250,96,True
4718,1078,1062,250,46,True
4719,1062,1101,250,106,True
4720,1101,1128,250,39,True
4721,1128,1114,250,84,True
4722,1114,1112,250,99,True
4723,1112,1146,250,108,True
4724,1146,1137,250,160,True
4725,1137,1185,250,70,True
4726,1185,1174,250,76,True
4727,1174,1204,250,121,True
4728,1204,1197,250,119,True
4729,1197,1223,250,168,True
4730,1223,1153,250,43,True
4731,1153,1147,250,121,True
4732,1147,1225,250,84,True
4733,1225,1205,250,65,True
4734,1205,1262,250,130,True
4735,1262,1281,250,165,True
4736,1281,1254,250,28,False
4737,1254,1226,250,116,True
4738,1226,1244,250,149,True
4739,1244,1256,250,108,True
4740,1256,1258,250,109,True
4741,1258,1240,250,112,True
4742,1240,1289,250,80,True
4743,1289,1278,250,92,True
4744,1278,1273,250,68,True
4745,1273,1295,250,156,True
4746,1295,1310,250,72,True
4747,1310,1358,250,102,True
4748,1358,1413,250,106,True
4749,1413,1525,250,143,True
4750,1525,1557,250,142,True
4751,1557,1614,250,156,True
4752,1614,1601,250,59,True
4753,1601,1683,250,37,True
4754,1683,1752,250,129,True
4755,1752,1741,250,143,True
4756,1741,1768,250,64,True
4757,1768,1807,250,154,True
4758,1807,1822,250,22,False
4759,1822,1733,250,37,True
4760,1733,1678,250,76,True
4761,1678,1576,250,125,True
4762,1576,1611,250,106,True
4763,1611,1602,250,39,True
4764,1602,1676,250,131,True
4765,1676,1665,250,46,True
4766,1665,1689,250,61,True
4767,1689,1497,250,55,True
4768,1497,1384,250,72,True
4769,1384,1457,250,61,True
4770,1457,1430,250,117,True
4771,1430,1536,250,62,True
4772,1536,1391,250,44,True
4773,1391,1522,250,122,True
4774,1522,1548,250,83,True
4775,1548,1555,250,62,True
4776,1555,1550,250,118,True
4777,1550,1559,250,11,False
4778,1559,1562,250,82,True
4779,1562,1542,250,100,True
4780,1542,1381,250,176,True
4781,1381,1401,250,82,True
4782,1401,1372,250,41,True
4783,1372,1399,250,21,False
4784,1399,1406,250,32,True
4785,1406,1478,250,67,True
4786,1478,1452,250,136,True
4787,1452,1466,250,59,True
4788,1466,1328,250,122,True
4789,1328,1268,250,43,True
4790,1268,1198,250,160,True
4791,1198,1132,250,118,True
4792,1132,1117,250,45,True
4793,1117,1107,250,77,True
4794,1107,1087,250,84,True
4795,1087,1038,250,33,True
4796,1038,1026,250,58,True
4797,1026,1039,250,49,True
4798,1039,1012,250,116,True
4799,1012,1026,250,102,True
4800,1026,1042,250,34,True
4801,1042,1040,250,82,True
4802,1040,1017,250,13,False
4803,1017,1034,250,29,False
4804,1034,1048,250,34,True
4805,1048,1042,250,23,False
4806,1042,1034,250,110,True
4807,1034,1022,250,108,True
4808,1022,994,250,101,True
4809,994,971,250,24,False
4810,971,926,250,74,True
4811,926,922,250,101,True
4812,922,914,250,124,True
4813,914,901,250,62,True
4814,901,894,250,66,True
4815,894,900,250,17,False
4816,900,880,250,43,True
4817,880,885,250,207,True
4818,885,886,250,8,False
4819,886,896,250,74,True
4820,896,947,250,50,True
4821,947,938,250,65,True
4822,938,985,250,56,True
4823,985,974,250,110,True
4824,974,1004,250,31,True
4825,1004,1055,250,119,True
4826,1055,1016,250,59,True
4827,1016,1040,250,21,False
4828,1040,1028,250,29,False
4829,1028,1025,250,46,True
4830,1025,1052,250,128,True
4831,1052,1038,250,41,True
4832,1038,980,250,73,True
4833,980,1003,250,106,True
4834,1003,1011,250,145,True
4835,1011,992,250,123,True
4836,992,976,250,30,True
4837,976,1015,250,47,True
4838,1015,957,250,11,False
4839,957,1021,250,52,True
4840,1021,1005,250,53,True
4841,1005,1007,250,178,True
4842,1007,997,250,48,True
4843,997,1003,250,42,True
4844,1003,1030,250,85,True
4845,1030,1060,250,84,True
4846,1060,1043,250,36,True
4847,1043,1056,250,31,True
4848,1056,1014,250,50,True
4849,1014,1012,250,102,True
4850,1012,976,250,96,True
4851,976,1002,250,43,True
4852,1002,976,250,56,True
4853,976,958,250,50,True
4854,958,985,250,146,True
4855,985,1003,250,63,True
4856,1003,993,250,85,True
4857,993,985,250,80,True
4858,985,963,250,131,True
4859,963,947,250,139,True
4860,947,939,250,51,True
4861,939,936,250,106,True
4862,936,983,250,25,False
4863,983,950,250,115,True
4864,950,993,250,58,True
4865,993,1004,250,96,True
4866,1004,970,250,29,False
4867,970,987,250,17,False
4868,987,1009,250,0,False
4869,1009,936,250,23,False
4870,936,930,250,80,True
4871,930,941,250,76,True
4872,941,957,250,24,False
4873,957,976,250,41,True
4874,976,953,250,33,True
4875,953,947,250,72,True
4876,947,943,250,8,False
4877,943,939,250,26,False
4878,939,896,250,13,False
4879,896,890,250,10,False
4880,890,902,250,240,True
4881,902,915,250,28,False
4882,915,910,250,83,True
4883,910,896,250,94,True
4884,896,920,250,40,True
4885,920,914,250,61,True
4886,914,916,250,112,True
4887,916,904,250,93,True
4888,904,902,250,81,True
4889,902,911,250,47,True
4890,911,903,250,70,True
4891,903,870,250,46,True
4892,870,885,250,62,True
4893,885,883,250,106,True
4894,883,852,250,39,True
4895,852,859,250,69,True
4896,859,856,250,96,True
4897,856,835,250,41,True
4898,835,809,250,31,True
4899,809,847,250,113,True
4900,847,808,250,77,True
4901,808,804,250,97,True
4902,804,819,250,129,True
4903,819,785,250,21,False
4904,785,832,250,90,True
4905,832,803,250,48,True
4906,803,782,250,103,True
4907,782,756,250,41,True
4908,756,752,250,68,True
4909,752,704,250,38,True
4910,704,736,250,62,True
4911,736,757,250,42,True
4912,757,762,250,52,True
4913,762,772,250,34,True
4914,772,780,250,17,False
4915,780,744,250,128,True
4916,744,735,250,17,False
4917,735,712,250,21,False
4918,712,702,250,95,True
4919,702,708,250,70,True
4920,708,695,250,54,True
4921,695,675,250,79,True
4922,675,682,250,50,True
4923,682,671,250,34,True
4924,671,636,250,192,True
4925,636,605,250,92,True
4926,605,621,250,66,True
4927,621,573,250,56,True
4928,573,599,250,70,True
4929,599,574,250,43,True
4930,574,572,250,35,True
4931,572,566,250,73,True
4932,566,572,250,100,True
4933,572,575,250,33,True
4934,575,555,250,64,True
4935,555,535,250,77,True
4936,535,537,250,25,False
4937,537,547,250,70,True
4938,547,551,250,26,False
4939,551,555,250,14,False
4940,555,514,250,11,False
4941,514,535,250,176,True
4942,535,521,250,89,True
4943,521,491,250,151,True
4944,491,482,250,113,True
4945,482,463,250,78,True
4946,463,416,250,54,True
4947,416,420,250,74,True
4948,420,426,250,59,True
4949,426,431,250,10,False
4950,431,430,250,90,True
4951,430,458,250,69,True
4952,458,459,250,67,True
4953,459,463,250,65,True
4954,463,450,250,44,True
4955,450,443,250,102,True
4956,443,473,250,35,True
4957,473,450,250,75,True
4958,450,442,250,66,True
4959,442,432,250,37,True
4960,432,457,250,55,True
4961,457,417,250,28,False
4962,417,403,250,101,True
4963,403,438,250,48,True
4964,438,419,250,95,True
4965,419,441,250,48,True
4966,441,409,250,79,True
4967,409,420,250,15,False
4968,420,440,250,64,True
4969,440,428,250,19,False
4970,428,426,250,102,True
4971,426,416,250,196,True
4972,416,419,250,55,True
4973,419,424,250,55,True
4974,424,409,250,60,True
4975,409,419,250,68,True
4976,419,399,250,12,False
4977,399,408,250,11,False
4978,408,401,250,8,False
4979,401,396,250,6,False
4980,396,426,250,13,False
4981,426,439,250,52,True
4982,439,410,250,56,True
4983,410,420,250,82,True
4984,420,419,250,75,True
4985,419,424,250,64,True
4986,424,438,250,99,True
4987,438,437,250,82,True
4988,437,421,250,20,False
4989,421,424,250,47,True
4990,424,426,250,37,True
4991,426,434,250,52,True
4992,434,435,250,59,True
4993,435,435,250,48,True
4994,435,442,250,70,True
4995,442,444,250,88,True
4996,444,456,250,110,True
4997,456,443,250,79,True
4998,443,447,250,93,True
4999,447,447,250,64,True
5000,447,468,250,127,True
5001,468,464,250,77,True
5002,464,456,250,29,False
5003,456,450,250,111,True
5004,450,450,250,53,True
5005,450,449,250,74,True
5006,449,464,250,99,True
5007,464,445,250,101,True
5008,445,447,250,52,True
5009,447,450,250,51,True
5010,450,461,250,11,False
5011,461,461,250,51,True
5012,461,489,250,62,True
5013,489,478,250,68,True
5014,478,481,250,64,True
5015,481,470,250,95,True
5016,470,497,250,52,True
5017,497,506,250,18,False
5018,506,493,250,78,True
5019,493,485,250,54,True
5020,485,465,250,95,True
5021,465,484,250,176,True
5022,484,491,250,75,True
5023,491,487,250,60,True
5024,487,500,250,69,True
5025,500,516,250,69,True
5026,516,482,250,81,True
5027,482,467,250,89,True
5028,467,469,250,77,True
5029,469,464,250,13,False
5030,464,482,250,22,False
5031,482,457,250,216,True
5032,457,461,250,76,True
5033,461,476,250,30,True
5034,476,482,250,52,True
5035,482,473,250,67,True
5036,473,456,250,35,True
5037,456,452,250,3,False
5038,452,481,250,53,True
5039,481,463,250,71,True
5040,463,479,250,31,True
5041,479,476,250,37,True
5042,476,438,250,7,False
5043,438,460,250,47,True
5044,460,464,250,75,True
5045,464,440,250,10,False
5046,440,457,250,52,True
5047,457,473,250,67,True
5048,473,444,250,87,True
5049,444,439,250,13,False
5050,439,447,250,0,False
5051,447,460,250,74,True
5052,460,484,250,69,True
5053,484,459,250,75,True
5054,459,476,250,60,True
5055,476,472,250,87,True
5056,472,471,250,39,True
5057,471,479,250,64,True
5058,479,483,250,13,False
5059,483,457,250,62,True
5060,457,458,250,54,True
5061,458,481,250,107,True
5062,481,470,250,88,True
5063,470,441,250,10,False
5064,441,463,250,77,True
5065,463,461,250,16,False
5066,461,496,250,80,True
5067,496,476,250,24,False
5068,476,461,250,21,False
5069,461,494,250,30,True
5070,494,493,250,68,True
5071,493,448,250,56,True
5072,448,478,250,67,True
5073,478,485,250,65,True
5074,485,512,250,48,True
5075,512,507,250,53,True
5076,507,510,250,65,True
5077,510,516,250,35,True
5078,516,532,250,73,True
5079,532,532,250,17,False
5080,532,522,250,118,True
5081,522,512,250,50,True
5082,512,504,250,56,True
5083,504,514,250,62,True
5084,514,491,250,27,False
5085,491,508,250,34,True
5086,508,505,250,54,True
5087,505,548,250,64,True
5088,548,549,250,48,True
5089,549,526,250,84,True
5090,526,537,250,63,True
5091,537,526,250,4,False
5092,526,529,250,40,True
5093,529,517,250,51,True
5094,517,524,250,57,True
5095,524,525,250,60,True
5096,525,499,250,66,True
5097,499,530,250,56,True
5098,530,534,250,53,True
5099,534,516,250,18,False
5100,516,543,250,113,True
5101,543,539,250,21,False
5102,539,521,250,35,True
5103,521,498,250,2,False
5104,498,544,250,41,True
5105,544,513,250,56,True
5106,513,549,250,129,True
5107,549,540,250,76,True
5108,540,542,250,45,True
5109,542,543,250,63,True
5110,543,547,250,59,True
5111,547,567,250,62,True
5112,567,564,250,65,True
5113,564,549,250,14,False
5114,549,578,250,126,True
5115,578,541,250,72,True
5116,541,543,250,112,True
5117,543,550,250,102,True
5118,550,538,250,41,True
5119,538,575,250,45,True
5120,575,560,250,32,True
5121,560,543,250,45,True
5122,543,528,250,66,True
5123,528,512,250,34,True
5124,512,535,250,68,True
5125,535,497,250,117,True
5126,497,538,250,55,True
5127,538,523,250,61,True
5128,523,552,250,94,True
5129,552,554,250,44,True
5130,554,566,250,56,True
5131,566,582,250,44,True
5132,582,585,250,4,False
5133,585,558,250,4,False
5134,558,580,250,129,True
5135,580,594,250,162,True
5136,594,559,250,32,True
5137,559,593,250,110,True
5138,593,560,250,52,True
5139,560,548,250,77,True
5140,548,602,250,80,True
5141,602,598,250,45,True
5142,598,571,250,66,True
5143,571,602,250,76,True
5144,602,568,250,41,True
5145,568,589,250,94,True
5146,589,586,250,90,True
5147,586,622,250,9,False
5148,622,606,250,75,True
5149,606,608,250,111,True
5150,608,629,250,4,False
5151,629,613,250,66,True
5152,613,623,250,114,True
5153,623,660,250,12,False
5154,660,635,250,73,True
5155,635,634,250,67,True
5156,634,652,250,80,True
5157,652,642,250,24,False
5158,642,632,250,38,True
5159,632,668,250,63,True
5160,668,656,250,80,True
5161,656,656,250,26,False
5162,656,682,250,47,True
5163,682,670,250,36,True
5164,670,668,250,89,True
5165,668,670,250,57,True
5166,670,683,250,56,True
5167,683,681,250,18,False
5168,681,676,250,92,True
5169,676,695,250,53,True
5170,695,691,250,57,True
5171,691,678,250,8,False
5172,678,653,250,40,True
5173,653,669,250,18,False
5174,669,663,250,48,True
5175,663,675,250,56,True
5176,675,691,250,138,True
5177,691,695,250,78,True
5178,695,682,250,64,True
5179,682,674,250,4,False
5180,674,668,250,27,False
5181,668,685,250,2,False
5182,685,693,250,27,False
5183,693,684,250,46,True
5184,684,688,250,48,True
5185,688,721,250,11,False
5186,721,718,250,39,True
5187,718,685,250,33,True
5188,685,731,250,41,True
5189,731,706,250,49,True
5190,706,694,250,70,True
5191,694,703,250,26,False
5192,703,693,250,37,True
5193,693,688,250,4,False
5194,688,692,250,32,True
5195,692,688,250,70,True
5196,688,710,250,41,True
5197,710,719,250,56,True
5198,719,695,250,99,True
5199,695,717,250,16,False
5200,717,702,250,53,True
5201,702,722,250,63,True
5202,722,730,250,55,True
5203,730,724,250,54,True
5204,724,746,250,68,True
5205,746,744,250,23,False
5206,744,757,250,34,True
5207,757,783,250,57,True
5208,783,800,250,59,True
5209,800,811,250,100,True
5210,811,788,250,69,True
5211,788,824,250,26,False
5212,824,808,250,43,True
5213,808,842,250,51,True
5214,842,836,250,70,True
5215,836,862,250,14,False
5216,862,893,250,45,True
5217,893,930,250,86,True
5218,930,875,250,74,True
5219,875,922,250,119,True
5220,922,920,250,29,False
5221,920,952,250,126,True
5222,952,999,250,102,True
5223,999,1008,250,69,True
5224,1008,1011,250,41,True
5225,1011,1057,250,96,True
5226,1057,1067,250,49,True
5227,1067,1090,250,54,True
5228,1090,1110,250,51,True
5229,1110,1151,250,72,True
5230,1151,1138,250,58,True
5231,1138,1216,250,96,True
5232,1216,1192,250,46,True
5233,1192,1191,250,14,False
5234,1191,1228,250,63,True
5235,1228,1276,250,65,True
5236,1276,1351,250,94,True
5237,1351,1472,250,88,True
5238,1472,1490,250,95,True
5239,1490,1522,250,74,True
5240,1522,1612,250,87,True
5241,1612,1652,250,57,True
5242,1652,1761,250,60,True
5243,1761,1860,250,91,True
5244,1860,1902,250,51,True
5245,1902,1943,250,12,False
5246,1943,1963,250,63,True
5247,1963,1996,250,66,True
5248,1996,1991,250,142,True
5249,1991,1940,250,101,True
5250,1940,1906,250,151,True
5251,1906,1940,250,76,True
5252,1940,1897,250,131,True
5253,1897,1865,250,85,True
5254,1865,1856,250,18,False
5255,1856,1931,250,87,True
5256,1931,1966,250,77,True
5257,1966,2001,250,167,True
5258,2001,2052,250,1,False
5259,2052,2068,250,39,True
5260,2068,2086,250,86,True
5261,2086,2073,250,145,True
5262,2073,2113,250,88,True
5263,2113,2149,250,57,True
5264,2149,2158,250,63,True
5265,2158,2106,250,39,True
5266,2106,2089,250,53,True
5267,2089,2090,250,46,True
5268,2090,2093,250,119,True
5269,2093,2041,250,145,True
5270,2041,2066,250,99,True
5271,2066,2017,250,108,True
5272,2017,1997,250,94,True
5273,1997,1962,250,84,True
5274,1962,1906,250,26,False
5275,1906,1847,250,21,False
5276,1847,1786,250,88,True
5277,1786,1618,250,100,True
5278,1618,1354,250,58,True
5279,1354,1212,250,122,True
5280,1212,1063,250,16,False
5281,1063,914,250,131,True
5282,914,824,250,40,True
5283,824,733,250,45,True
5284,733,755,250,45,True
5285,755,733,250,36,True
5286,733,724,250,101,True
5287,724,761,250,53,True
5288,761,753,250,83,True
5289,753,767,250,42,True
5290,767,785,250,43,True
5291,785,806,250,37,True
5292,806,781,250,94,True
5293,781,802,250,25,False
5294,802,772,250,89,True
5295,772,827,250,23,False
5296,827,760,250,49,True
5297,760,766,250,43,True
5298,766,746,250,84,True
5299,746,766,250,125,True
5300,766,782,250,166,True
5301,782,781,250,74,True
5302,781,828,250,65,True
5303,828,800,250,64,True
5304,800,786,250,132,True
5305,786,794,250,50,True
5306,794,778,250,43,True
5307,778,792,250,53,True
5308,792,783,250,65,True
5309,783,805,250,48,True
5310,805,747,250,61,True
5311,747,784,250,54,True
5312,784,783,250,129,True
5313,783,771,250,43,True
5314,771,800,250,47,True
5315,800,808,250,57,True
5316,808,810,250,27,False
5317,810,780,250,33,True
5318,780,760,250,59,True
5319,760,769,250,65,True
5320,769,754,250,41,True
5321,754,735,250,67,True
5322,735,735,250,53,True
5323,735,731,250,37,True
5324,731,745,250,95,True
5325,745,771,250,167,True
5326,771,761,250,10,False
5327,761,747,250,119,True
5328,747,755,250,59,True
5329,755,748,250,105,True
5330,748,724,250,30,True
5331,724,745,250,111,True
5332,745,774,250,95,True
5333,774,708,250,54,True
5334,708,723,250,38,True
5335,723,727,250,28,False
5336,727,716,250,27,False
5337,716,698,250,56,True
5338,698,704,250,98,True
5339,704,712,250,145,True
5340,712,712,250,75,True
5341,712,656,250,34,True
5342,656,674,250,63,True
5343,674,653,250,109,True
5344,653,669,250,28,False
5345,669,651,250,10,False
5346,651,669,250,82,True
5347,669,685,250,112,True
5348,685,640,250,112,True
5349,640,646,250,93,True
5350,646,636,250,68,True
5351,636,672,250,89,True
5352,672,618,250,121,True
5353,618,640,250,123,True
5354,640,623,250,73,True
5355,623,615,250,217,True
5356,615,598,250,75,True
5357,598,617,250,40,True
5358,617,590,250,19,False
5359,590,579,250,142,True
5360,579,610,250,71,True
5361,610,609,250,81,True
5362,609,585,250,65,True
5363,585,570,250,111,True
5364,570,587,250,34,True
5365,587,565,250,59,True
5366,565,566,250,207,True
5367,566,587,250,56,True
5368,587,536,250,85,True
5369,536,557,250,62,True
5370,557,536,250,191,True
5371,536,521,250,92,True
5372,521,498,250,87,True
5373,498,488,250,69,True
5374,488,438,250,73,True
5375,438,450,250,55,True
5376,450,456,250,118,True
5377,456,468,250,116,True
5378,468,466,250,122,True
5379,466,481,250,132,True
5380,481,452,250,62,True
5381,452,435,250,20,False
5382,435,444,250,85,True
5383,444,410,250,78,True
5384,410,423,249,92,True
5385,423,412,250,160,True
5386,412,395,250,37,True
5387,395,391,250,95,True
5388,391,406,250,69,True
5389,406,374,250,87,True
5390,374,369,250,41,True
5391,369,359,228,82,True
5392,359,370,234,65,True
5393,370,362,247,85,True
5394,362,346,243,93,True
5395,346,340,222,68,True
5396,340,326,236,64,True
5397,326,353,197,80,True
5398,353,352,219,90,True
5399,352,319,192,73,True
5400,319,333,202,104,True
5401,333,314,228,28,False
5402,314,314,234,26,False
5403,314,314,214,59,True
5404,314,316,205,83,True
5405,316,341,195,68,True
5406,341,330,241,42,True
5407,330,335,216,32,True
5408,335,330,225,52,True
5409,330,332,217,57,True
5410,332,337,204,64,True
5411,337,330,206,59,True
5412,330,322,213,79,True
5413,322,333,220,57,True
5414,333,337,229,107,True
5415,337,335,202,63,True
5416,335,340,214,43,True
5417,340,351,227,60,True
5418,351,354,192,58,True
5419,354,322,228,86,True
5420,322,317,191,54,True
5421,317,339,187,73,True
5422,339,343,215,39,True
5423,343,344,240,131,True
5424,344,350,188,79,True
5425,350,337,212,90,True
5426,337,367,215,62,True
5427,367,364,250,44,True
5428,364,349,233,83,True
5429,349,349,240,51,True
5430,349,374,222,79,True
5431,374,340,211,64,True
5432,340,359,201,84,True
5433,359,347,233,78,True
5434,347,369,240,87,True
5435,369,386,232,65,True
5436,386,387,250,56,True
5437,387,393,250,3,False
5438,393,375,250,54,True
5439,375,390,236,59,True
5440,390,384,250,71,True
5441,384,401,242,52,True
5442,401,414,250,79,True
5443,414,399,250,96,True
5444,399,415,250,53,True
5445,415,393,250,86,True
5446,393,403,250,76,True
5447,403,409,248,127,True
5448,409,420,250,75,True
5449,420,411,250,58,True
5450,411,440,250,78,True
5451,440,436,250,64,True
5452,436,435,250,35,True
5453,435,420,250,55,True
5454,420,401,250,59,True
5455,401,429,250,55,True
5456,429,426,250,122,True
5457,426,420,250,74,True
5458,420,421,250,45,True
5459,421,425,250,50,True
5460,425,427,250,51,True
5461,427,434,250,91,True
5462,434,419,250,14,False
5463,419,426,250,28,False
5464,426,415,250,77,True
5465,415,435,250,83,True
5466,435,422,250,72,True
5467,422,410,250,28,False
5468,410,425,250,59,True
5469,425,438,250,85,True
5470,438,432,250,70,True
5471,432,439,250,44,True
5472,439,456,250,69,True
5473,456,432,250,31,True
5474,432,435,250,48,True
5475,435,448,250,95,True
5476,448,450,250,69,True
5477,450,436,250,38,True
5478,436,450,250,127,True
5479,450,456,250,39,True
5480,456,454,250,61,True
5481,454,477,250,75,True
5482,477,446,250,90,True
5483,446,468,250,15,False
5484,468,479,250,64,True
5485,479,447,250,69,True
5486,447,447,250,67,True
5487,447,450,250,1,False
5488,450,448,250,38,True
5489,448,456,250,62,True
5490,456,413,250,113,True
5491,413,479,250,46,True
5492,479,446,250,77,True
5493,446,475,250,66,True
5494,475,464,250,47,True
5495,464,472,250,241,True
5496,472,473,250,103,True
5497,473,462,250,70,True
5498,462,457,250,81,True
5499,457,447,250,109,True
5500,447,473,250,14,False
5501,473,480,250,18,False
5502,480,475,250,104,True
5503,475,481,250,44,True
5504,481,483,250,68,True
5505,483,495,250,99,True
5506,495,502,250,65,True
5507,502,486,250,70,True
5508,486,494,250,97,True
5509,494,513,250,46,True
5510,513,494,250,71,True
5511,494,504,250,65,True
5512,504,504,250,66,True
5513,504,500,250,55,True
5514,500,515,250,68,True
5515,515,553,250,70,True
5516,553,549,250,38,True
5517,549,566,250,89,True
5518,566,570,250,146,True
5519,570,575,250,14,False
5520,575,548,250,53,True
5521,548,546,250,73,True
5522,546,543,250,57,True
5523,543,566,250,82,True
5524,566,549,250,40,True
5525,549,574,250,70,True
5526,574,591,250,35,True
5527,591,579,250,28,False
5528,579,576,250,44,True
5529,576,592,250,1,False
5530,592,615,250,109,True
5531,615,609,250,66,True
5532,609,575,250,78,True
5533,575,613,250,98,True
5534,613,617,250,54,True
5535,617,640,250,79,True
5536,640,643,250,92,True
5537,643,641,250,70,True
5538,641,645,250,5,False
5539,645,679,250,2,False
5540,679,645,250,105,True
5541,645,667,250,92,True
5542,667,648,250,55,True
5543,648,664,250,69,True
5544,664,681,250,45,True
5545,681,671,250,73,True
5546,671,685,250,38,True
5547,685,659,250,63,True
5548,659,673,250,108,True
5549,673,661,250,74,True
5550,661,671,250,12,False
5551,671,688,250,57,True
5552,688,710,250,89,True
5553,710,715,250,81,True
5554,715,707,250,153,True
5555,707,747,250,115,True
5556,747,708,250,57,True
5557,708,744,250,131,True
5558,744,736,250,16,False
5559,736,747,250,57,True
5560,747,778,250,59,True
5561,778,760,250,78,True
5562,760,751,250,87,True
5563,751,757,250,44,True
5564,757,767,250,21,False
5565,767,800,250,97,True
5566,800,808,250,93,True
5567,808,832,250,99,True
5568,832,804,250,70,True
5569,804,770,250,20,False
5570,770,770,250,90,True
5571,770,794,250,105,True
5572,794,782,250,59,True
5573,782,763,250,92,True
5574,763,718,250,81,True
5575,718,683,250,43,True
5576,683,671,250,57,True
5577,671,686,250,71,True
5578,686,658,250,64,True
5579,658,662,250,49,True
5580,662,652,250,31,True
5581,652,693,250,45,True
5582,693,673,250,136,True
5583,673,708,250,95,True
5584,708,722,250,154,True
5585,722,743,250,19,False
5586,743,733,250,123,True
5587,733,757,250,142,True
5588,757,757,250,57,True
5589,757,764,250,40,True
5590,764,793,250,107,True
5591,793,785,250,72,True
5592,785,791,250,84,True
5593,791,763,250,18,False
5594,763,781,250,111,True
5595,781,771,250,47,True
5596,771,791,250,242,True
5597,791,794,250,97,True
5598,794,788,250,74,True
5599,788,778,250,47,True
5600,778,783,250,58,True
5601,783,813,250,101,True
5602,813,834,250,69,True
5603,834,840,250,60,True
5604,840,827,250,23,False
5605,827,850,250,41,True
5606,850,854,250,44,True
5607,854,871,250,53,True
5608,871,890,250,80,True
5609,890,826,250,82,True
5610,826,835,250,60,True
5611,835,847,250,25,False
5612,847,853,250,64,True
5613,853,848,250,66,True
5614,848,834,250,50,True
5615,834,867,250,92,True
5616,867,856,250,73,True
5617,856,858,250,9,False
5618,858,905,250,16,False
5619,905,881,250,37,True
5620,881,883,250,118,True
5621,883,882,250,47,True
5622,882,896,250,105,True
5623,896,900,250,89,True
5624,900,920,250,116,True
5625,920,922,250,78,True
5626,922,961,250,103,True
5627,961,961,250,96,True
5628,961,957,250,59,True
5629,957,988,250,78,True
5630,988,974,250,62,True
5631,974,989,250,49,True
5632,989,934,250,91,True
5633,934,989,250,41,True
5634,989,994,250,39,True
5635,994,1024,250,8,False
5636,1024,1028,250,62,True
5637,1028,1011,250,55,True
5638,1011,995,250,71,True
5639,995,979,250,127,True
5640,979,1005,250,17,False
5641,1005,969,250,54,True
5642,969,974,250,85,True
5643,974,989,250,39,True
5644,989,989,250,79,True
5645,989,1033,250,27,False
5646,1033,964,250,87,True
5647,964,956,250,35,True
5648,956,945,250,182,True
5649,945,947,250,76,True
5650,947,992,250,39,True
5651,992,961,250,1,False
5652,961,974,250,18,False
5653,974,987,250,94,True
5654,987,985,250,63,True
5655,985,1011,250,38,True
5656,1011,1002,250,148,True
5657,1002,979,250,70,True
5658,979,995,250,22,False
5659,995,992,250,38,True
5660,992,1006,250,74,True
5661,1006,988,250,34,True
5662,988,997,250,50,True
5663,997,998,250,88,True
5664,998,1036,250,101,True
5665,1036,1015,250,25,False
5666,1015,1025,250,90,True
5667,1025,1017,250,67,True
5668,1017,998,250,77,True
5669,998,1000,250,42,True
5670,1000,1058,250,96,True
5671,1058,1075,250,8,False
5672,1075,1057,250,80,True
5673,1057,1075,250,65,True
5674,1075,1108,250,64,True
5675,1108,1107,250,62,True
5676,1107,1085,250,94,True
5677,1085,1084,250,46,True
5678,1084,1062,250,38,True
5679,1062,1118,250,37,True
5680,1118,1080,250,48,True
5681,1080,1052,250,73,True
5682,1052,1044,250,87,True
5683,1044,1033,250,40,True
5684,1033,1065,250,21,False
5685,1065,1056,250,40,True
5686,1056,1015,250,61,True
5687,1015,1008,250,158,True
5688,1008,1098,250,62,True
5689,1098,1079,250,52,True
5690,1079,1037,250,63,True
5691,1037,1012,250,57,True
5692,1012,1046,250,42,True
5693,1046,1013,250,87,True
5694,1013,1099,250,31,True
5695,1099,1059,250,105,True
5696,1059,1056,250,70,True
5697,1056,1062,250,42,True
5698,1062,1052,250,220,True
5699,1052,1072,250,104,True
5700,1072,1109,250,38,True
5701,1109,1072,250,62,True
5702,1072,1083,250,70,True
5703,1083,1037,250,134,True
5704,1037,1012,250,91,True
5705,1012,1067,250,46,True
5706,1067,1039,250,52,True
5707,1039,1041,250,31,True
5708,1041,1011,250,79,True
5709,1011,1009,250,45,True
5710,1009,1016,250,86,True
5711,1016,987,250,92,True
5712,987,1037,250,41,True
5713,1037,1006,250,47,True
5714,1006,1008,250,164,True
5715,1008,989,250,45,True
5716,989,1007,250,51,True
5717,1007,995,250,29,False
5718,995,954,250,90,True
5719,954,981,250,13,False
5720,981,1000,250,11,False
5721,1000,1003,250,38,True
5722,1003,969,250,52,True
5723,969,1009,250,17,False
5724,1009,985,250,83,True
5725,985,972,250,73,True
5726,972,998,250,132,True
5727,998,992,250,33,True
5728,992,1039,250,84,True
5729,1039,1035,250,145,True
5730,1035,999,250,134,True
5731,999,997,250,44,True
5732,997,1008,250,2,False
5733,1008,997,250,56,True
5734,997,1021,250,50,True
5735,1021,1010,250,99,True
5736,1010,998,250,88,True
5737,998,971,250,172,True
5738,971,1012,250,40,True
5739,1012,1022,250,106,True
5740,1022,1025,250,62,True
5741,1025,988,250,79,True
5742,988,1070,250,75,True
5743,1070,1015,250,98,True
5744,1015,1003,250,52,True
5745,1003,1015,250,30,True
5746,1015,995,250,67,True
5747,995,1023,250,119,True
5748,1023,989,250,35,True
5749,989,1011,250,5,False
5750,1011,978,250,46,True
5751,978,978,250,35,True
5752,978,998,250,132,True
5753,998,960,250,119,True
5754,960,937,250,43,True
5755,937,911,250,38,True
5756,911,890,250,77,True
5757,890,891,250,87,True
5758,891,856,250,81,True
5759,856,814,250,68,True
5760,814,809,250,66,True
5761,809,791,250,32,True
5762,791,789,250,95,True
5763,789,821,250,76,True
5764,821,848,250,91,True
5765,848,829,250,61,True
5766,829,839,250,69,True
5767,839,829,250,82,True
5768,829,821,250,112,True
5769,821,859,250,83,True
5770,859,851,250,78,True
5771,851,887,250,162,True
5772,887,849,250,19,False
5773,849,848,250,143,True
5774,848,797,250,65,True
5775,797,788,250,74,True
5776,788,799,250,64,True
5777,799,778,250,43,True
5778,778,778,250,3,False
5779,778,746,250,81,True
5780,746,719,250,69,True
5781,719,742,250,180,True
5782,742,737,250,62,True
5783,737,777,250,79,True
5784,777,792,250,65,True
5785,792,778,250,146,True
5786,778,789,250,41,True
5787,789,753,250,164,True
5788,753,768,250,23,False
5789,768,774,250,153,True
5790,774,757,250,131,True
5791,757,762,250,175,True
5792,762,743,250,31,True
5793,743,774,250,149,True
5794,774,731,250,85,True
5795,731,716,250,77,True
5796,716,696,250,103,True
5797,696,720,250,123,True
5798,720,695,250,80,True
5799,695,687,250,78,True
5800,687,676,250,12,False
5801,676,711,250,38,True
5802,711,719,250,65,True
5803,719,723,250,90,True
5804,723,770,250,82,True
5805,770,810,250,101,True
5806,810,833,250,121,True
5807,833,830,250,172,True
5808,830,841,250,104,True
5809,841,833,250,64,True
5810,833,868,250,64,True
5811,868,801,250,159,True
5812,801,794,250,108,True
5813,794,731,250,62,True
5814,731,718,250,104,True
5815,718,693,250,50,True
5816,693,645,250,133,True
5817,645,651,250,133,True
5818,651,671,250,95,True
5819,671,674,250,72,True
5820,674,677,250,92,True
5821,677,640,250,13,False
5822,640,669,250,93,True
5823,669,616,250,73,True
5824,616,613,250,49,True
5825,613,620,250,6,False
5826,620,634,250,167,True
5827,634,615,250,18,False
5828,615,621,250,28,False
5829,621,648,250,84,True
5830,648,644,250,31,True
5831,644,628,250,37,True
5832,628,626,250,60,True
5833,626,619,250,85,True
5834,619,643,250,89,True
5835,643,633,250,77,True
5836,633,654,250,81,True
5837,654,686,250,33,True
5838,686,708,250,96,True
5839,708,704,250,37,True
5840,704,732,250,9,False
5841,732,725,250,38,True
5842,725,727,250,48,True
5843,727,750,250,53,True
5844,750,719,250,44,True
5845,719,737,250,101,True
5846,737,748,250,41,True
5847,748,761,250,9,False
5848,761,754,250,2,False
5849,754,726,250,5,False
5850,726,731,250,8,False
5851,731,729,250,5,False
5852,729,770,250,102,True
5853,770,791,250,36,True
5854,791,805,250,66,True
5855,805,797,250,94,True
5856,797,826,250,66,True
5857,826,839,250,50,True
5858,839,917,250,55,True
5859,917,885,250,67,True
5860,885,901,250,7,False
5861,901,899,250,120,True
5862,899,890,250,13,False
5863,890,908,250,58,True
5864,908,903,250,17,False
5865,903,906,250,9,False
5866,906,966,250,48,True
5867,966,959,250,10,False
5868,959,953,250,113,True
5869,953,979,250,53,True
5870,979,985,250,74,True
5871,985,974,250,45,True
5872,974,1020,250,52,True
5873,1020,1001,250,103,True
5874,1001,975,250,31,True
5875,975,992,250,100,True
5876,992,1041,250,99,True
5877,1041,1054,250,89,True
5878,1054,1087,250,20,False
5879,1087,1108,250,82,True
5880,1108,1076,250,224,True
5881,1076,1086,250,43,True
5882,1086,1104,250,27,False
5883,1104,1023,250,66,True
5884,1023,1048,250,5,False
5885,1048,1029,250,17,False
5886,1029,1058,250,37,True
5887,1058,1048,250,59,True
5888,1048,1106,250,124,True
5889,1106,1062,250,9,False
5890,1062,1075,250,59,True
5891,1075,1074,250,64,True
5892,1074,1116,250,69,True
5893,1116,1102,250,93,True
5894,1102,1078,250,221,True
5895,1078,1091,250,91,True
5896,1091,1092,250,96,True
5897,1092,1078,250,110,True
5898,1078,1060,250,70,True
5899,1060,1055,250,61,True
5900,1055,1026,250,24,False
5901,1026,1030,250,87,True
5902,1030,1106,250,54,True
5903,1106,1147,250,74,True
5904,1147,1145,250,120,True
5905,1145,1086,250,21,False
5906,1086,1124,250,89,True
5907,1124,1146,250,42,True
5908,1146,1154,250,120,True
5909,1154,1137,250,24,False
5910,1137,1105,250,64,True
5911,1105,1138,250,164,True
5912,1138,1083,250,50,True
5913,1083,1053,250,66,True
5914,1053,1026,250,111,True
5915,1026,976,250,118,True
5916,976,920,250,58,True
5917,920,866,250,95,True
5918,866,808,250,109,True
5919,808,811,250,51,True
5920,811,783,250,213,True
5921,783,798,250,76,True
5922,798,808,250,75,True
5923,808,850,250,44,True
5924,850,855,250,74,True
5925,855,872,250,90,True
5926,872,841,250,69,True
5927,841,861,250,71,True
5928,861,907,250,85,True
5929,907,879,250,116,True
5930,879,904,250,54,True
5931,904,902,250,33,True
5932,902,890,250,74,True
5933,890,863,250,35,True
5934,863,814,250,65,True
5935,814,755,250,78,True
5936,755,759,250,58,True
5937,759,717,250,89,True
5938,717,707,250,79,True
5939,707,698,250,82,True
5940,698,691,250,9,False
5941,691,696,250,57,True
5942,696,681,250,94,True
5943,681,712,250,65,True
5944,712,710,250,6,False
5945,710,703,250,72,True
5946,703,707,250,62,True
5947,707,664,250,83,True
5948,664,681,250,77,True
5949,681,684,250,32,True
5950,684,660,250,77,True
5951,660,662,250,74,True
5952,662,665,250,56,True
5953,665,655,250,154,True
5954,655,624,250,3,False
5955,624,619,250,71,True
5956,619,615,250,150,True
5957,615,641,250,60,True
5958,641,605,250,54,True
5959,605,630,250,63,True
5960,630,600,250,54,True
5961,600,630,250,88,True
5962,630,611,250,73,True
5963,611,614,250,66,True
5964,614,629,250,4,False
5965,629,592,250,14,False
5966,592,617,250,24,False
5967,617,616,250,41,True
5968,616,624,250,47,True
5969,624,620,250,25,False
5970,620,598,250,233,True
5971,598,634,250,12,False
5972,634,631,250,87,True
5973,631,645,250,43,True
5974,645,661,250,81,True
5975,661,642,250,61,True
5976,642,660,250,68,True
5977,660,656,250,94,True
5978,656,645,250,84,True
5979,645,645,250,23,False
5980,645,656,250,43,True
5981,656,659,250,83,True
5982,659,649,250,66,True
5983,649,668,250,102,True
5984,668,700,250,25,False
5985,700,668,250,24,False
5986,668,695,250,5,False
5987,695,707,250,61,True
5988,707,683,250,66,True
5989,683,698,250,8,False
5990,698,690,250,183,True
5991,690,727,250,44,True
5992,727,723,250,70,True
5993,723,704,250,42,True
5994,704,708,250,120,True
5995,708,743,250,85,True
5996,743,724,250,82,True
5997,724,689,250,46,True
5998,689,727,250,161,True
5999,727,727,250,36,True
6000,727,720,250,69,True
6001,720,717,250,42,True
6002,717,731,250,79,True
6003,731,702,250,99,True
6004,702,705,250,73,True
6005,705,723,250,89,True
6006,723,745,250,76,True
6007,745,748,250,69,True
6008,748,748,250,55,True
6009,748,765,250,38,True
6010,765,759,250,126,True
6011,759,754,250,33,True
6012,754,720,250,80,True
6013,720,742,250,50,True
6014,742,724,250,63,True
6015,724,687,250,57,True
6016,687,716,250,54,True
6017,716,685,250,98,True
6018,685,666,250,49,True
6019,666,670,250,42,True
6020,670,676,250,55,True
6021,676,675,250,28,False
6022,675,677,250,57,True
6023,677,692,250,91,True
6024,692,691,250,15,False
6025,691,696,250,33,True
6026,696,684,250,45,True
6027,684,676,250,53,True
6028,676,693,250,75,True
6029,693,701,250,95,True
6030,701,700,250,78,True
6031,700,685,250,22,False
6032,685,683,250,65,True
6033,683,686,250,52,True
6034,686,693,250,38,True
6035,693,714,250,31,True
6036,714,713,250,46,True
6037,713,724,250,77,True
6038,724,736,250,17,False
6039,736,708,250,15,False
6040,708,727,250,13,False
6041,727,750,250,15,False
6042,750,721,250,47,True
6043,721,719,250,56,True
6044,719,756,250,39,True
6045,756,748,250,26,False
6046,748,716,250,221,True
6047,716,737,250,59,True
6048,737,715,250,47,True
6049,715,744,250,89,True
6050,744,744,250,106,True
6051,744,749,250,28,False
6052,749,737,250,51,True
6053,737,752,250,56,True
6054,752,769,250,63,True
6055,769,790,250,139,True
6056,790,776,250,50,True
6057,776,846,250,39,True
6058,846,784,250,31,True
6059,784,808,250,42,True
6060,808,817,250,6,False
6061,817,811,250,33,True
6062,811,776,250,74,True
6063,776,818,250,103,True
6064,818,809,250,19,False
6065,809,811,250,31,True
6066,811,810,250,91,True
6067,810,811,250,112,True
6068,811,825,250,47,True
6069,825,820,250,30,True
6070,820,829,250,64,True
6071,829,779,250,43,True
6072,779,825,250,58,True
6073,825,821,250,43,True
6074,821,853,250,57,True
6075,853,890,250,64,True
6076,890,873,250,74,True
6077,873,877,250,15,False
6078,877,852,250,23,False
6079,852,867,250,40,True
6080,867,835,250,137,True
6081,835,847,250,141,True
6082,847,828,250,33,True
6083,828,847,250,28,False
6084,847,846,250,42,True
6085,846,849,250,109,True
6086,849,852,250,7,False
6087,852,843,250,119,True
6088,843,852,250,106,True
6089,852,820,250,68,True
6090,820,826,250,9,False
6091,826,804,250,27,False
6092,804,844,250,101,True
6093,844,823,250,12,False
6094,823,818,250,45,True
6095,818,865,250,42,True
6096,865,835,250,105,True
6097,835,844,250,64,True
6098,844,858,250,35,True
6099,858,832,250,9,False
6100,832,872,250,49,True
6101,872,853,250,12,False
6102,853,831,250,52,True
6103,831,827,250,48,True
6104,827,832,250,105,True
6105,832,821,250,46,True
6106,821,827,250,16,False
6107,827,861,250,79,True
6108,861,877,250,38,True
6109,877,882,250,9,False
6110,882,841,250,59,True
6111,841,862,250,34,True
6112,862,863,250,40,True
6113,863,847,250,30,True
6114,847,878,250,99,True
6115,878,867,250,60,True
6116,867,903,250,76,True
6117,903,863,250,49,True
6118,863,875,250,51,True
6119,875,862,250,1,False
6120,862,880,250,72,True
6121,880,882,250,61,True
6122,882,863,250,39,True
6123,863,913,250,35,True
6124,913,924,250,40,True
6125,924,911,250,43,True
6126,911,890,250,17,False
6127,890,949,250,247,True
6128,949,909,250,100,True
6129,909,926,250,27,False
6130,926,929,250,46,True
6131,929,965,250,69,True
6132,965,952,250,40,True
6133,952,946,250,89,True
6134,946,924,250,57,True
6135,924,931,250,83,True
6136,931,885,250,76,True
6137,885,895,250,68,True
6138,895,860,250,47,True
6139,860,887,250,24,False
6140,887,882,250,34,True
6141,882,901,250,23,False
6142,901,860,250,84,True
6143,860,879,250,65,True
6144,879,915,250,81,True
6145,915,969,250,102,True
6146,969,947,250,58,True
6147,947,947,250,72,True
6148,947,1002,250,79,True
6149,1002,991,250,22,False
6150,991,1016,250,67,True
6151,1016,1006,250,55,True
6152,1006,1010,250,139,True
6153,1010,1013,250,171,True
6154,1013,1005,250,32,True
6155,1005,1032,250,44,True
6156,1032,1032,250,11,False
6157,1032,1035,250,17,False
6158,1035,1049,250,12,False
6159,1049,1055,250,7,False
6160,1055,1076,250,42,True
6161,1076,1091,250,131,True
6162,1091,1140,250,55,True
6163,1140,1136,250,42,True
6164,1136,1210,250,122,True
6165,1210,1217,250,118,True
6166,1217,1313,250,74,True
6167,1313,1338,250,136,True
6168,1338,1340,250,114,True
6169,1340,1342,250,14,False
6170,1342,1367,250,32,True
6171,1367,1364,250,45,True
6172,1364,1264,250,116,True
6173,1264,1315,250,47,True
6174,1315,1356,250,95,True
6175,1356,1451,250,95,True
6176,1451,1582,250,94,True
6177,1582,1612,250,120,True
6178,1612,1600,250,93,True
6179,1600,1631,250,74,True
6180,1631,1618,250,129,True
6181,1618,1704,250,79,True
6182,1704,1810,250,104,True
6183,1810,1899,250,140,True
6184,1899,2047,250,85,True
6185,2047,2133,250,74,True
6186,2133,2182,250,100,True
6187,2182,2206,250,119,True
6188,2206,2262,250,104,True
6189,2262,2279,250,94,True
6190,2279,2236,250,54,True
6191,2236,2226,250,91,True
6192,2226,2193,250,159,True
6193,2193,2221,250,94,True
6194,2221,2259,250,38,True
6195,2259,2274,250,102,True
6196,2274,2298,250,93,True
6197,2298,2322,250,25,False
6198,2322,2287,250,170,True
6199,2287,2280,250,71,True
6200,2280,2302,250,176,True
6201,2302,2302,250,92,True
6202,2302,2304,250,93,True
6203,2304,2300,250,155,True
6204,2300,2289,250,94,True
6205,2289,2296,250,67,True
6206,2296,2255,250,106,True
6207,2255,2251,250,13,False
6208,2251,2272,250,47,True
6209,2272,2271,250,49,True
6210,2271,2251,250,83,True
6211,2251,2199,250,214,True
6212,2199,2166,250,35,True
6213,2166,2155,250,153,True
6214,2155,2130,250,102,True
6215,2130,2066,250,168,True
6216,2066,2021,250,83,True
6217,2021,1998,250,95,True
6218,1998,1965,250,106,True
6219,1965,1984,250,119,True
6220,1984,1993,250,201,True
6221,1993,1955,250,115,True
6222,1955,1926,250,107,True
6223,1926,1909,250,107,True
6224,1909,1886,250,43,True
6225,1886,1762,250,77,True
6226,1762,1605,250,54,True
6227,1605,1400,250,76,True
6228,1400,1289,250,247,True
6229,1289,1162,250,66,True
6230,1162,1059,250,8,False
6231,1059,1027,250,139,True
6232,1027,1001,250,38,True
6233,1001,893,250,185,True
6234,893,854,250,29,False
6235,854,793,250,99,True
6236,793,755,250,83,True
6237,755,735,250,91,True
6238,735,739,250,52,True
6239,739,704,250,93,True
6240,704,720,250,66,True
6241,720,678,250,47,True
6242,678,648,250,77,True
6243,648,664,250,117,True
6244,664,646,250,68,True
6245,646,645,250,33,True
6246,645,666,250,88,True
6247,666,654,250,35,True
6248,654,680,250,83,True
6249,680,672,250,6,False
6250,672,717,250,41,True
6251,717,691,250,31,True
6252,691,687,250,12,False
6253,687,693,250,40,True
6254,693,702,250,73,True
6255,702,720,250,9,False
6256,720,753,250,73,True
6257,753,771,250,135,True
6258,771,794,250,39,True
6259,794,846,250,141,True
6260,846,884,250,70,True
6261,884,851,250,93,True
6262,851,826,250,135,True
6263,826,832,250,144,True
6264,832,842,250,64,True
6265,842,855,250,64,True
6266,855,931,250,20,False
6267,931,907,250,28,False
6268,907,929,250,59,True
6269,929,921,250,67,True
6270,921,900,250,54,True
6271,900,919,250,158,True
6272,919,962,250,15,False
6273,962,988,250,30,True
6274,988,1009,250,60,True
6275,1009,1021,250,64,True
6276,1021,1135,250,90,True
6277,1135,1150,250,29,False
6278,1150,1120,250,109,True
6279,1120,1170,250,83,True
6280,1170,1171,250,130,True
6281,1171,1182,250,76,True
6282,1182,1119,250,27,False
6283,1119,1134,250,145,True
6284,1134,1181,250,112,True
6285,1181,1112,250,84,True
6286,1112,1147,250,77,True
6287,1147,1146,250,45,True
6288,1146,1156,250,104,True
6289,1156,1170,250,37,True
6290,1170,1149,250,163,True
6291,1149,1159,250,47,True
6292,1159,1207,250,146,True
6293,1207,1131,250,90,True
6294,1131,1131,250,91,True
6295,1131,1141,250,106,True
6296,1141,1172,250,96,True
6297,1172,1164,250,143,True
6298,1164,1166,250,27,False
6299,1166,1163,250,38,True
6300,1163,1175,250,162,True
6301,1175,1166,250,29,False
6302,1166,1129,250,40,True
6303,1129,1194,250,37,True
6304,1194,1221,250,66,True
6305,1221,1174,250,87,True
6306,1174,1179,250,42,True
6307,1179,1155,250,92,True
6308,1155,1255,250,48,True
6309,1255,1252,250,124,True
6310,1252,1252,250,18,False
6311,1252,1244,250,39,True
6312,1244,1209,250,57,True
6313,1209,1235,250,38,True
6314,1235,1216,250,37,True
6315,1216,1213,250,29,False
6316,1213,1240,250,52,True
6317,1240,1119,250,33,True
6318,1119,1022,250,105,True
6319,1022,952,250,139,True
6320,952,919,250,63,True
6321,919,882,250,20,False
6322,882,885,250,43,True
6323,885,916,250,69,True
6324,916,955,250,80,True
6325,955,977,250,51,True
6326,977,957,250,126,True
6327,957,903,250,102,True
6328,903,905,250,123,True
6329,905,967,250,151,True
6330,967,1016,250,45,True
6331,1016,979,250,123,True
6332,979,996,250,56,True
6333,996,954,250,138,True
6334,954,945,250,93,True
6335,945,892,250,31,True
6336,892,852,250,44,True
6337,852,791,250,63,True
6338,791,782,250,91,True
6339,782,748,250,140,True
6340,748,766,250,55,True
6341,766,756,250,97,True
6342,756,794,250,110,True
6343,794,780,250,49,True
6344,780,813,250,43,True
6345,813,828,250,15,False
6346,828,792,250,20,False
6347,792,802,250,55,True
6348,802,786,250,116,True
6349,786,815,250,77,True
6350,815,800,250,155,True
6351,800,797,250,241,True
6352,797,860,250,43,True
6353,860,829,250,43,True
6354,829,834,250,175,True
6355,834,839,250,87,True
6356,839,839,250,53,True
6357,839,893,250,70,True
6358,893,862,250,48,True
6359,862,870,250,89,True
6360,870,873,250,152,True
6361,873,887,250,42,True
6362,887,943,250,144,True
6363,943,925,250,140,True
6364,925,952,250,153,True
6365,952,961,250,69,True
6366,961,974,250,26,False
6367,974,998,250,152,True
6368,998,1004,250,69,True
6369,1004,966,250,193,True
6370,966,996,250,58,True
6371,996,992,250,26,False
6372,992,971,250,232,True
6373,971,968,250,101,True
6374,968,986,250,53,True
6375,986,995,250,64,True
6376,995,987,250,74,True
6377,987,1033,250,55,True
6378,1033,997,250,91,True
6379,997,1053,250,76,True
6380,1053,988,250,96,True
6381,988,987,250,57,True
6382,987,1028,250,50,True
6383,1028,1057,250,190,True
6384,1057,1063,250,150,True
6385,1063,1051,250,69,True
6386,1051,1111,250,133,True
6387,1111,1094,250,57,True
6388,1094,1074,250,15,False
6389,1074,1105,250,81,True
6390,1105,1118,250,17,False
6391,1118,1090,250,32,True
6392,1090,1129,250,123,True
6393,1129,1159,250,66,True
6394,1159,1089,250,51,True
6395,1089,1098,250,42,True
6396,1098,1176,250,54,True
6397,1176,1192,250,52,True
6398,1192,1170,250,86,True
6399,1170,1125,250,50,True
6400,1125,1077,250,53,True
6401,1077,1102,250,59,True
6402,1102,1101,250,96,True
6403,1101,1103,250,52,True
6404,1103,1124,250,49,True
6405,1124,1191,250,147,True
6406,1191,1186,250,143,True
6407,1186,1181,250,61,True
6408,1181,1204,250,119,True
6409,1204,1215,250,48,True
6410,1215,1261,250,106,True
6411,1261,1184,250,73,True
6412,1184,1175,250,53,True
6413,1175,1137,250,166,True
6414,1137,1069,250,74,True
6415,1069,1087,250,4,False
6416,1087,1030,250,82,True
6417,1030,978,250,61,True
6418,978,919,250,74,True
6419,919,880,250,86,True
6420,880,800,250,63,True
6421,800,821,250,164,True
6422,821,852,250,114,True
6423,852,874,250,59,True
6424,874,879,250,89,True
6425,879,909,250,124,True
6426,909,909,250,81,True
6427,909,915,250,117,True
6428,915,933,250,64,True
6429,933,874,250,41,True
6430,874,839,250,10,False
6431,839,812,250,12,False
6432,812,749,250,18,False
6433,749,766,250,65,True
6434,766,751,250,58,True
6435,751,738,250,74,True
6436,738,738,250,95,True
6437,738,745,250,126,True
6438,745,715,250,94,True
6439,715,737,250,81,True
6440,737,730,250,167,True
6441,730,718,250,49,True
6442,718,706,250,115,True
6443,706,679,250,42,True
6444,679,709,250,66,True
6445,709,699,250,36,True
6446,699,705,250,1,False
6447,705,725,250,16,False
6448,725,717,250,78,True
6449,717,742,250,24,False
6450,742,707,250,136,True
6451,707,747,250,130,True
6452,747,764,250,73,True
6453,764,722,250,42,True
6454,722,715,250,49,True
6455,715,742,250,138,True
6456,742,742,250,107,True
6457,742,726,250,60,True
6458,726,722,250,118,True
6459,722,736,250,45,True
6460,736,727,250,133,True
6461,727,752,250,30,True
6462,752,746,250,44,True
6463,746,762,250,94,True
6464,762,784,250,91,True
6465,784,748,250,58,True
6466,748,783,250,15,False
6467,783,825,250,2,False
6468,825,762,250,37,True
6469,762,754,250,2,False
6470,754,807,250,0,False
6471,807,819,250,7,False
6472,819,848,250,8,False
6473,848,850,250,48,True
6474,850,854,250,58,True
6475,854,876,250,74,True
6476,876,817,250,41,True
6477,817,786,250,68,True
6478,786,774,250,70,True
6479,774,781,250,116,True
6480,781,769,250,109,True
6481,769,753,250,47,True
6482,753,737,250,150,True
6483,737,757,250,61,True
6484,757,806,250,46,True
6485,806,802,250,130,True
6486,802,798,250,4,False
6487,798,821,250,44,True
6488,821,801,250,68,True
6489,801,783,250,44,True
6490,783,809,250,24,False
6491,809,793,250,6,False
6492,793,801,250,58,True
6493,801,779,250,59,True
6494,779,798,250,104,True
6495,798,777,250,51,True
6496,777,758,250,150,True
6497,758,751,250,50,True
6498,751,747,250,195,True
6499,747,784,250,50,True
6500,784,751,250,40,True
6501,751,776,250,63,True
6502,776,810,250,23,False
6503,810,796,250,92,True
6504,796,757,250,93,True
6505,757,760,250,73,True
6506,760,811,250,5,False
6507,811,786,250,28,False
6508,786,800,250,46,True
6509,800,800,250,53,True
6510,800,774,250,0,False
6511,774,769,250,175,True
6512,769,824,250,47,True
6513,824,835,250,80,True
6514,835,847,250,63,True
6515,847,836,250,65,True
6516,836,817,250,84,True
6517,817,827,250,48,True
6518,827,873,250,83,True
6519,873,840,250,73,True
6520,840,865,250,131,True
6521,865,848,250,53,True
6522,848,834,250,90,True
6523,834,851,250,147,True
6524,851,844,250,68,True
6525,844,835,250,70,True
6526,835,833,250,89,True
6527,833,861,250,33,True
6528,861,847,250,31,True
6529,847,840,250,64,True
6530,840,847,250,56,True
6531,847,835,250,46,True
6532,835,819,250,55,True
6533,819,844,250,50,True
6534,844,822,250,74,True
6535,822,847,250,111,True
6536,847,832,250,108,True
6537,832,859,250,57,True
6538,859,863,250,89,True
6539,863,851,250,112,True
6540,851,856,250,57,True
6541,856,837,250,12,False
6542,837,839,250,15,False
6543,839,829,250,92,True
6544,829,823,250,65,True
6545,823,837,250,62,True
6546,837,799,250,40,True
6547,799,797,250,59,True
6548,797,808,250,55,True
6549,808,816,250,87,True
6550,816,811,250,56,True
6551,811,780,250,43,True
6552,780,765,250,178,True
6553,765,768,250,5,False
6554,768,792,250,68,True
6555,792,761,250,63,True
6556,761,798,250,90,True
6557,798,773,250,89,True
6558,773,789,250,58,True
6559,789,768,250,67,True
6560,768,770,250,97,True
6561,770,752,250,59,True
6562,752,763,250,57,True
6563,763,756,250,138,True
6564,756,763,250,40,True
6565,763,763,250,82,True
6566,763,785,250,43,True
6567,785,748,250,78,True
6568,748,741,250,114,True
6569,741,734,250,81,True
6570,734,740,250,121,True
6571,740,734,250,153,True
6572,734,765,250,16,False
6573,765,725,250,156,True
6574,725,721,250,44,True
6575,721,732,250,193,True
6576,732,701,250,51,True
6577,701,722,250,55,True
6578,722,686,250,54,True
6579,686,683,250,35,True
6580,683,680,250,129,True
6581,680,694,250,106,True
6582,694,699,250,99,True
6583,699,685,250,136,True
6584,685,702,250,82,True
6585,702,708,250,52,True
6586,708,723,250,158,True
6587,723,762,250,133,True
6588,762,773,250,52,True
6589,773,783,250,57,True
6590,783,778,250,120,True
6591,778,835,250,83,True
6592,835,864,250,165,True
6593,864,903,250,50,True
6594,903,915,250,149,True
6595,915,907,250,82,True
6596,907,928,250,114,True
6597,928,943,250,95,True
6598,943,945,250,134,True
6599,945,955,250,204,True
6600,955,1016,250,118,True
6601,1016,1079,250,17,False
6602,1079,1105,250,41,True
6603,1105,1205,250,61,True
6604,1205,1274,250,63,True
6605,1274,1394,250,140,True
6606,1394,1461,250,70,True
6607,1461,1510,250,85,True
6608,1510,1532,250,130,True
6609,1532,1541,250,82,True
6610,1541,1536,250,91,True
6611,1536,1483,250,89,True
6612,1483,1582,250,125,True
6613,1582,1536,250,82,True
6614,1536,1491,250,207,True
6615,1491,1587,250,105,True
6616,1587,1570,250,65,True
6617,1570,1605,250,124,True
6618,1605,1522,250,136,True
6619,1522,1498,250,115,True
6620,1498,1551,250,129,True
6621,1551,1574,250,98,True
6622,1574,1536,250,140,True
6623,1536,1530,250,185,True
6624,1530,1536,250,200,True
6625,1536,1414,250,50,True
6626,1414,1204,250,49,True
6627,1204,1086,250,37,True
6628,1086,918,250,45,True
6629,918,860,250,49,True
6630,860,786,250,35,True
6631,786,702,250,41,True
6632,702,625,250,58,True
6633,625,552,250,14,False
6634,552,524,250,11,False
6635,524,489,250,53,True
6636,489,465,250,17,False
6637,465,450,250,1,False
6638,450,450,250,4,False
6639,450,450,250,103,True
6640,450,486,250,78,True
6641,486,474,250,73,True
6642,474,478,250,62,True
6643,478,488,250,39,True
6644,488,469,250,43,True
6645,469,492,250,92,True
6646,492,465,250,47,True
6647,465,446,250,71,True
6648,446,436,250,78,True
6649,436,441,250,111,True
6650,441,436,250,47,True
6651,436,419,250,78,True
6652,419,430,250,85,True
6653,430,415,250,106,True
6654,415,441,250,93,True
6655,441,443,250,21,False
6656,443,418,250,73,True
6657,418,421,250,19,False
6658,421,419,250,78,True
6659,419,428,250,68,True
6660,428,433,250,135,True
6661,433,452,250,31,True
6662,452,467,250,100,True
6663,467,464,250,77,True
6664,464,470,250,74,True
6665,470,483,250,111,True
6666,483,476,250,5,False
6667,476,449,250,98,True
6668,449,487,250,83,True
6669,487,472,250,55,True
6670,472,476,250,74,True
6671,476,484,250,74,True
6672,484,463,250,30,True
6673,463,496,250,239,True
6674,496,471,250,5,False
6675,471,490,250,19,False
6676,490,500,250,49,True
6677,500,490,250,48,True
6678,490,484,250,67,True
6679,484,495,250,29,False
6680,495,494,250,54,True
6681,494,540,250,63,True
6682,540,542,250,60,True
6683,542,498,250,90,True
6684,498,534,250,39,True
6685,534,531,250,74,True
6686,531,540,250,176,True
6687,540,525,250,42,True
6688,525,525,250,81,True
6689,525,517,250,59,True
6690,517,527,250,61,True
6691,527,537,250,2,False
6692,537,536,250,71,True
6693,536,521,250,61,True
6694,521,532,250,16,False
6695,532,545,250,52,True
6696,545,544,250,136,True
6697,544,535,250,27,False
6698,535,536,250,75,True
6699,536,529,250,65,True
6700,529,532,250,237,True
6701,532,567,250,40,True
6702,567,535,250,144,True
6703,535,555,250,113,True
6704,555,564,250,48,True
6705,564,570,250,20,False
6706,570,563,250,55,True
6707,563,551,250,62,True
6708,551,544,250,155,True
6709,544,544,250,2,False
6710,544,558,250,65,True
6711,558,564,250,4,False
6712,564,560,250,25,False
6713,560,553,250,12,False
6714,553,578,250,79,True
6715,578,566,250,31,True
6716,566,576,250,42,True
6717,576,596,250,132,True
6718,596,583,250,77,True
6719,583,596,250,43,True
6720,596,588,250,134,True
6721,588,592,250,62,True
6722,592,612,250,49,True
6723,612,619,250,47,True
6724,619,606,250,1,False
6725,606,620,250,126,True
6726,620,622,250,77,True
6727,622,625,250,62,True
6728,625,630,250,54,True
6729,630,622,250,18,False
6730,622,624,250,66,True
6731,624,601,250,116,True
6732,601,616,250,42,True
6733,616,602,250,49,True
6734,602,589,250,25,False
6735,589,582,250,179,True
6736,582,605,250,71,True
6737,605,625,250,20,False
6738,625,621,250,127,True
6739,621,645,250,107,True
6740,645,642,250,62,True
6741,642,623,250,44,True
6742,623,649,250,157,True
6743,649,658,250,26,False
6744,658,648,250,20,False
6745,648,623,250,42,True
6746,623,620,250,21,False
6747,620,618,250,56,True
6748,618,638,250,70,True
6749,638,621,250,72,True
6750,621,619,250,49,True
6751,619,627,250,60,True
6752,627,599,250,54,True
6753,599,601,250,39,True
6754,601,593,250,27,False
6755,593,627,250,49,True
6756,627,602,250,135,True
6757,602,632,250,49,True
6758,632,622,250,49,True
6759,622,637,250,28,False
6760,637,639,250,8,False
6761,639,639,250,39,True
6762,639,629,250,36,True
6763,629,642,250,16,False
6764,642,628,250,6,False
6765,628,636,250,50,True
6766,636,598,250,74,True
6767,598,619,250,68,True
6768,619,601,250,27,False
6769,601,588,250,45,True
6770,588,594,250,73,True
6771,594,564,250,84,True
6772,564,617,250,111,True
6773,617,613,250,68,True
6774,613,592,250,23,False
6775,592,576,250,78,True
6776,576,599,250,54,True
6777,599,595,250,9,False
6778,595,629,250,46,True
6779,629,590,250,57,True
6780,590,625,250,19,False
6781,625,618,250,109,True
6782,618,617,250,51,True
6783,617,613,250,31,True
6784,613,606,250,78,True
6785,606,629,250,98,True
6786,629,629,250,52,True
6787,629,606,250,79,True
6788,606,617,250,73,True
6789,617,600,250,65,True
6790,600,605,250,105,True
6791,605,579,250,98,True
6792,579,594,250,55,True
6793,594,659,250,57,True
6794,659,633,250,57,True
6795,633,658,250,27,False
6796,658,663,250,89,True
6797,663,638,250,37,True
6798,638,634,250,137,True
6799,634,635,250,135,True
6800,635,629,250,99,True
6801,629,662,250,83,True
6802,662,660,250,114,True
6803,660,666,250,40,True
6804,666,646,250,5,False
6805,646,677,250,74,True
6806,677,670,250,91,True
6807,670,680,250,58,True
6808,680,681,250,84,True
6809,681,688,250,75,True
6810,688,672,250,37,True
6811,672,682,250,72,True
6812,682,723,250,48,True
6813,723,727,250,102,True
6814,727,778,250,189,True
6815,778,776,250,102,True
6816,776,819,250,70,True
6817,819,838,250,54,True
6818,838,871,250,94,True
6819,871,882,250,78,True
6820,882,883,250,115,True
6821,883,861,250,45,True
6822,861,854,250,77,True
6823,854,858,250,57,True
6824,858,837,250,13,False
6825,837,824,250,107,True
6826,824,844,250,57,True
6827,844,880,250,28,False
6828,880,866,250,73,True
6829,866,895,250,49,True
6830,895,938,250,36,True
6831,938,908,250,46,True
6832,908,883,250,54,True
6833,883,910,250,58,True
6834,910,862,250,113,True
6835,862,868,250,82,True
6836,868,913,250,30,True
6837,913,925,250,66,True
6838,925,981,250,50,True
6839,981,973,250,32,True
6840,973,1016,250,77,True
6841,1016,987,250,83,True
6842,987,1028,250,90,True
6843,1028,1008,250,82,True
6844,1008,1006,250,23,False
6845,1006,1029,250,113,True
6846,1029,1108,250,102,True
6847,1108,1127,250,42,True
6848,1127,1152,250,64,True
6849,1152,1170,250,62,True
6850,1170,1135,250,57,True
6851,1135,1171,250,81,True
6852,1171,1123,250,48,True
6853,1123,1128,250,49,True
6854,1128,1196,250,51,True
6855,1196,1164,250,60,True
6856,1164,1207,250,31,True
6857,1207,1186,250,19,False
6858,1186,1143,250,38,True
6859,1143,1191,250,38,True
6860,1191,1176,250,83,True
6861,1176,1173,250,150,True
6862,1173,1330,250,22,False
6863,1330,1311,250,53,True
6864,1311,1379,250,42,True
6865,1379,1331,250,12,False
6866,1331,1343,250,6,False
6867,1343,1330,250,26,False
6868,1330,1303,250,28,False
6869,1303,1280,250,120,True
6870,1280,1396,250,68,True
6871,1396,1360,250,11,False
6872,1360,1344,250,33,True
6873,1344,1295,250,101,True
6874,1295,1370,250,116,True
6875,1370,1327,250,72,True
6876,1327,1326,250,70,True
6877,1326,1284,250,101,True
6878,1284,1318,250,118,True
6879,1318,1366,250,9,False
6880,1366,1434,250,37,True
6881,1434,1392,250,71,True
6882,1392,1461,250,7,False
6883,1461,1454,250,26,False
6884,1454,1459,250,59,True
6885,1459,1470,250,69,True
6886,1470,1467,250,6,False
6887,1467,1538,250,65,True
6888,1538,1502,250,74,True
6889,1502,1443,250,31,True
6890,1443,1506,250,38,True
6891,1506,1483,250,58,True
6892,1483,1466,250,70,True
6893,1466,1543,250,117,True
6894,1543,1517,250,57,True
6895,1517,1616,250,78,True
6896,1616,1574,250,39,True
6897,1574,1614,250,180,True
6898,1614,1601,250,34,True
6899,1601,1627,250,5,False
6900,1627,1624,250,30,True
6901,1624,1657,250,13,False
6902,1657,1676,250,15,False
6903,1676,1783,250,5,False
6904,1783,1775,250,43,True
6905,1775,1791,250,36,True
6906,1791,1793,250,54,True
6907,1793,1772,250,33,True
6908,1772,1807,250,19,False
6909,1807,1790,250,51,True
6910,1790,1833,250,34,True
6911,1833,1811,250,57,True
6912,1811,1805,250,89,True
6913,1805,1845,250,2,False
6914,1845,1830,250,46,True
6915,1830,1863,250,39,True
6916,1863,1849,250,8,False
6917,1849,1839,250,54,True
6918,1839,1833,250,14,False
6919,1833,1813,250,54,True
6920,1813,1871,250,49,True
6921,1871,1906,250,24,False
6922,1906,1918,250,10,False
6923,1918,1891,250,243,True
6924,1891,1884,250,41,True
6925,1884,1918,250,111,True
6926,1918,1915,250,83,True
6927,1915,1899,250,55,True
6928,1899,1936,250,103,True
6929,1936,1937,250,39,True
6930,1937,1906,250,49,True
6931,1906,1930,250,82,True
6932,1930,1956,250,104,True
6933,1956,1939,250,57,True
6934,1939,1997,250,105,True
6935,1997,2020,250,86,True
6936,2020,2013,250,138,True
6937,2013,2027,250,98,True
6938,2027,2048,250,34,True
6939,2048,2055,250,4,False
6940,2055,2056,250,30,True
6941,2056,2071,250,42,True
6942,2071,2093,250,78,True
6943,2093,2105,250,51,True
6944,2105,2119,250,42,True
6945,2119,2178,250,32,True
6946,2178,2127,250,97,True
6947,2127,2181,250,17,False
6948,2181,2169,250,32,True
6949,2169,2184,250,204,True
6950,2184,2181,250,34,True
6951,2181,2203,250,92,True
6952,2203,2194,250,37,True
6953,2194,2203,250,67,True
6954,2203,2202,250,86,True
6955,2202,2249,250,57,True
6956,2249,2259,250,119,True
6957,2259,2299,250,100,True
6958,2299,2296,250,157,True
6959,2296,2365,250,111,True
6960,2365,2367,250,48,True
6961,2367,2364,250,60,True
6962,2364,2390,250,103,True
6963,2390,2377,250,104,True
6964,2377,2399,250,56,True
6965,2399,2418,250,62,True
6966,2418,2448,250,110,True
6967,2448,2407,250,124,True
6968,2407,2403,250,184,True
6969,2403,2413,250,41,True
6970,2413,2434,250,71,True
6971,2434,2458,250,62,True
6972,2458,2467,250,77,True
6973,2467,2471,250,101,True
6974,2471,2476,250,54,True
6975,2476,2498,250,64,True
6976,2498,2500,250,115,True
6977,2500,2500,250,139,True
6978,2500,2500,250,68,True
6979,2500,2500,250,134,True
6980,2500,2500,250,12,False
6981,2500,2500,250,32,True
6982,2500,2500,250,66,True
6983,2500,2500,250,46,True
6984,2500,2500,250,94,True
6985,2500,2500,250,158,True
6986,2500,2500,250,77,True
6987,2500,2500,250,82,True
6988,2500,2500,250,76,True
6989,2500,2500,250,44,True
6990,2500,2500,250,154,True
6991,2500,2500,250,110,True
6992,2500,2500,250,121,True
6993,2500,2500,250,113,True
6994,2500,2500,250,85,True
6995,2500,2500,250,75,True
6996,2500,2500,250,130,True
6997,2500,2500,250,92,True
6998,2500,2500,250,103,True
6999,2500,2500,250,139,True
7000,2500,2500,250,74,True
7001,2500,2500,250,81,True
7002,2500,2500,250,103,True
7003,2500,2500,250,119,True
7004,2500,2500,250,57,True
7005,2500,2500,250,124,True
7006,2500,2500,250,95,True
7007,2500,2500,250,129,True
7008,2500,2500,250,53,True
7009,2500,2500,250,127,True
7010,2500,2500,250,193,True
7011,2500,2500,250,130,True
7012,2500,2500,250,138,True
7013,2500,2500,250,149,True
7014,2500,2500,250,197,True
7015,2500,2500,250,89,True
7016,2500,2500,250,149,True
7017,2500,2500,250,106,True
7018,2500,2500,250,107,True
7019,2500,2500,250,185,True
7020,2500,2500,250,47,True
7021,2500,2500,250,46,True
7022,2500,2500,250,160,True
7023,2500,2500,250,79,True
7024,2500,2500,250,56,True
7025,2500,2500,250,80,True
7026,2500,2500,250,136,True
7027,2500,2500,250,114,True
7028,2500,2499,250,55,True
7029,2499,2500,250,38,True
7030,2500,2497,250,139,True
7031,2497,2498,250,96,True
7032,2498,2494,250,31,True
7033,2494,2500,250,91,True
7034,2500,2489,250,146,True
7035,2489,2494,250,38,True
7036,2494,2489,250,77,True
7037,2489,2493,250,45,True
7038,2493,2487,250,46,True
7039,2487,2486,250,55,True
7040,2486,2478,250,50,True
7041,2478,2484,250,69,True
7042,2484,2476,250,40,True
7043,2476,2460,250,78,True
7044,2460,2476,250,188,True
7045,2476,2485,250,31,True
7046,2485,2482,250,61,True
7047,2482,2460,250,93,True
7048,2460,2462,250,69,True
7049,2462,2438,250,78,True
7050,2438,2450,250,24,False
7051,2450,2433,250,23,False
7052,2433,2439,250,55,True
7053,2439,2419,250,114,True
7054,2419,2386,250,114,True
7055,2386,2376,250,103,True
7056,2376,2340,250,48,True
7057,2340,2315,250,42,True
7058,2315,2282,250,55,True
7059,2282,2255,250,46,True
7060,2255,2188,250,23,False
7061,2188,2144,250,29,False
7062,2144,2168,250,43,True
7063,2168,2186,250,110,True
7064,2186,2180,250,97,True
7065,2180,2171,250,57,True
7066,2171,2165,250,104,True
7067,2165,2174,250,42,True
7068,2174,2115,250,125,True
7069,2115,2076,250,69,True
7070,2076,2065,250,143,True
7071,2065,2035,250,141,True
7072,2035,2117,250,68,True
7073,2117,2045,250,44,True
7074,2045,2033,250,65,True
7075,2033,2015,250,89,True
7076,2015,2016,250,84,True
7077,2016,1997,250,195,True
7078,1997,1961,250,16,False
7079,1961,2015,250,57,True
7080,2015,2009,250,50,True
7081,2009,1999,250,7,False
7082,1999,2040,250,46,True
7083,2040,2002,250,37,True
7084,2002,2029,250,51,True
7085,2029,2044,250,34,True
7086,2044,2034,250,85,True
7087,2034,2033,250,53,True
7088,2033,2043,250,109,True
7089,2043,2097,250,83,True
7090,2097,2076,250,57,True
7091,2076,2095,250,106,True
7092,2095,2079,250,23,False
7093,2079,2054,250,31,True
7094,2054,2127,250,90,True
7095,2127,2160,250,96,True
7096,2160,2158,250,43,True
7097,2158,2117,250,10,False
7098,2117,2114,250,18,False
7099,2114,2133,250,107,True
7100,2133,2135,250,43,True
7101,2135,2112,250,53,True
7102,2112,2089,250,55,True
7103,2089,2091,250,66,True
7104,2091,2110,250,98,True
7105,2110,2116,250,66,True
7106,2116,2090,250,5,False
7107,2090,2133,250,20,False
7108,2133,2122,250,51,True
7109,2122,2149,250,64,True
7110,2149,2134,250,43,True
7111,2134,2138,250,13,False
7112,2138,2159,250,32,True
7113,2159,2136,250,52,True
7114,2136,2176,250,63,True
7115,2176,2153,250,118,True
7116,2153,2157,250,83,True
7117,2157,2173,250,22,False
7118,2173,2197,250,35,True
7119,2197,2181,250,29,False
7120,2181,2211,250,38,True
7121,2211,2185,250,154,True
7122,2185,2192,250,40,True
7123,2192,2182,250,32,True
7124,2182,2198,250,145,True
7125,2198,2195,250,95,True
7126,2195,2195,250,20,False
7127,2195,2184,250,13,False
7128,2184,2164,250,33,True
7129,2164,2133,250,114,True
7130,2133,2135,250,96,True
7131,2135,2120,250,143,True
7132,2120,2162,250,6,False
7133,2162,2119,250,60,True
7134,2119,2125,250,215,True
7135,2125,2150,250,122,True
7136,2150,2133,250,107,True
7137,2133,2157,250,61,True
7138,2157,2109,250,55,True
7139,2109,2133,250,59,True
7140,2133,2106,250,78,True
7141,2106,2114,250,86,True
7142,2114,2165,250,233,True
7143,2165,2153,250,60,True
7144,2153,2142,250,47,True
7145,2142,2146,250,96,True
7146,2146,2116,250,10,False
7147,2116,2158,250,92,True
7148,2158,2148,250,86,True
7149,2148,2125,250,28,False
7150,2125,2164,250,55,True
7151,2164,2148,250,14,False
7152,2148,2174,250,56,True
7153,2174,2131,250,64,True
7154,2131,2097,250,53,True
7155,2097,2141,250,165,True
7156,2141,2158,250,56,True
7157,2158,2123,250,90,True
7158,2123,2158,250,79,True
7159,2158,2126,250,203,True
7160,2126,2089,250,28,False
7161,2089,2040,250,45,True
7162,2040,2025,250,24,False
7163,2025,1989,250,75,True
7164,1989,2011,250,90,True
7165,2011,2051,250,57,True
7166,2051,2027,250,130,True
7167,2027,1974,250,155,True
7168,1974,1954,250,143,True
7169,1954,1924,250,116,True
7170,1924,1937,250,63,True
7171,1937,1944,250,100,True
7172,1944,1926,250,55,True
7173,1926,1901,250,32,True
7174,1901,1944,250,81,True
7175,1944,1928,250,71,True
7176,1928,1935,250,94,True
7177,1935,1923,250,54,True
7178,1923,1920,250,134,True
7179,1920,1911,250,7,False
7180,1911,1886,250,43,True
7181,1886,1906,250,100,True
7182,1906,1902,250,114,True
7183,1902,1922,250,178,True
7184,1922,1943,250,51,True
7185,1943,1956,250,3,False
7186,1956,1908,250,42,True
7187,1908,1926,250,49,True
7188,1926,1896,250,39,True
7189,1896,1969,250,60,True
7190,1969,1955,250,203,True
7191,1955,2026,250,57,True
7192,2026,2043,250,44,True
7193,2043,2031,250,70,True
7194,2031,2065,250,12,False
7195,2065,2025,250,27,False
7196,2025,2034,250,225,True
7197,2034,2119,250,108,True
7198,2119,2049,250,88,True
7199,2049,2096,250,33,True
7200,2096,2098,250,12,False
7201,2098,2105,250,8,False
7202,2105,2073,250,21,False
7203,2073,2085,250,92,True
7204,2085,2078,250,9,False
7205,2078,2162,250,69,True
7206,2162,2155,250,79,True
7207,2155,2141,250,124,True
7208,2141,2191,250,15,False
7209,2191,2226,250,43,True
7210,2226,2212,250,22,False
7211,2212,2195,250,61,True
7212,2195,2205,250,209,True
7213,2205,2205,250,97,True
7214,2205,2188,250,122,True
7215,2188,2215,250,30,True
7216,2215,2287,250,144,True
7217,2287,2303,250,179,True
7218,2303,2275,250,88,True
7219,2275,2294,250,64,True
7220,2294,2307,250,136,True
7221,2307,2342,250,31,True
7222,2342,2350,250,38,True
7223,2350,2363,250,38,True
7224,2363,2379,250,35,True
7225,2379,2413,250,36,True
7226,2413,2370,250,76,True
7227,2370,2395,250,112,True
7228,2395,2387,250,56,True
7229,2387,2426,250,113,True
7230,2426,2446,250,88,True
7231,2446,2437,250,106,True
7232,2437,2444,250,56,True
7233,2444,2448,250,45,True
7234,2448,2439,250,13,False
7235,2439,2446,250,48,True
7236,2446,2474,250,55,True
7237,2474,2458,250,94,True
7238,2458,2460,250,95,True
7239,2460,2460,250,116,True
7240,2460,2442,250,95,True
7241,2442,2444,250,141,True
7242,2444,2460,250,67,True
7243,2460,2459,250,86,True
7244,2459,2445,250,51,True
7245,2445,2470,250,67,True
7246,2470,2468,250,71,True
7247,2468,2468,250,82,True
7248,2468,2443,250,117,True
7249,2443,2472,250,59,True
7250,2472,2463,250,129,True
7251,2463,2452,250,116,True
7252,2452,2442,250,120,True
7253,2442,2446,250,47,True
7254,2446,2461,250,16,False
7255,2461,2440,250,73,True
7256,2440,2451,250,13,False
7257,2451,2448,250,80,True
7258,2448,2446,250,144,True
7259,2446,2450,250,105,True
7260,2450,2422,250,106,True
7261,2422,2387,250,74,True
7262,2387,2315,250,95,True
7263,2315,2366,250,19,False
7264,2366,2365,250,16,False
7265,2365,2362,250,20,False
7266,2362,2334,250,37,True
7267,2334,2338,250,37,True
7268,2338,2303,250,60,True
7269,2303,2284,250,110,True
7270,2284,2291,250,105,True
7271,2291,2303,250,106,True
7272,2303,2281,250,103,True
7273,2281,2270,250,65,True
7274,2270,2247,250,45,True
7275,2247,2236,250,52,True
7276,2236,2228,250,22,False
7277,2228,2176,250,131,True
7278,2176,2258,250,19,False
7279,2258,2258,250,73,True
7280,2258,2266,250,106,True
7281,2266,2304,250,78,True
7282,2304,2265,250,16,False
7283,2265,2326,250,95,True
7284,2326,2332,250,84,True
7285,2332,2307,250,93,True
7286,2307,2307,250,151,True
7287,2307,2276,250,172,True
7288,2276,2300,250,75,True
7289,2300,2304,250,96,True
7290,2304,2283,250,122,True
7291,2283,2333,250,148,True
7292,2333,2311,250,93,True
7293,2311,2308,250,110,True
7294,2308,2252,250,7,False
7295,2252,2242,250,119,True
7296,2242,2304,250,143,True
7297,2304,2306,250,61,True
7298,2306,2240,250,56,True
7299,2240,2226,250,76,True
7300,2226,2212,250,61,True
7301,2212,2143,250,93,True
7302,2143,2181,250,80,True
7303,2181,2065,250,85,True
7304,2065,2072,250,11,False
7305,2072,2052,250,16,False
7306,2052,2054,250,11,False
7307,2054,2056,250,70,True
7308,2056,2044,250,140,True
7309,2044,1942,250,123,True
7310,1942,1901,250,47,True
7311,1901,1891,250,24,False
7312,1891,1916,250,16,False
7313,1916,1809,250,99,True
7314,1809,1827,250,34,True
7315,1827,1854,250,30,True
7316,1854,1884,250,81,True
7317,1884,1906,250,85,True
7318,1906,1887,250,7,False
7319,1887,1825,250,53,True
7320,1825,1863,250,82,True
7321,1863,1861,250,33,True
7322,1861,1887,250,209,True
7323,1887,1863,250,33,True
7324,1863,1844,250,71,True
7325,1844,1866,250,13,False
7326,1866,1866,250,30,True
7327,1866,1900,250,14,False
7328,1900,1924,250,31,True
7329,1924,1918,250,147,True
7330,1918,1864,250,28,False
7331,1864,1947,250,132,True
7332,1947,1864,250,103,True
7333,1864,1827,250,54,True
7334,1827,1777,250,81,True
7335,1777,1790,250,89,True
7336,1790,1810,250,23,False
7337,1810,1778,250,36,True
7338,1778,1818,250,33,True
7339,1818,1725,250,61,True
7340,1725,1703,250,58,True
7341,1703,1716,250,64,True
7342,1716,1711,250,108,True
7343,1711,1686,250,155,True
7344,1686,1675,250,31,True
7345,1675,1719,250,59,True
7346,1719,1711,250,5,False
7347,1711,1706,250,109,True
7348,1706,1725,250,103,True
7349,1725,1653,250,86,True
7350,1653,1697,250,97,True
7351,1697,1665,250,82,True
7352,1665,1675,250,59,True
7353,1675,1645,250,66,True
7354,1645,1663,250,121,True
7355,1663,1612,250,53,True
7356,1612,1630,250,47,True
7357,1630,1629,250,16,False
7358,1629,1641,250,28,False
7359,1641,1632,250,111,True
7360,1632,1673,250,28,False
7361,1673,1680,250,51,True
7362,1680,1730,250,29,False
7363,1730,1695,250,108,True
7364,1695,1678,250,33,True
7365,1678,1719,250,107,True
7366,1719,1680,250,48,True
7367,1680,1726,250,30,True
7368,1726,1676,250,3,False
7369,1676,1763,250,45,True
7370,1763,1749,250,129,True
7371,1749,1746,250,11,False
7372,1746,1697,250,72,True
7373,1697,1704,250,78,True
7374,1704,1666,250,90,True
7375,1666,1671,250,112,True
7376,1671,1654,250,47,True
7377,1654,1718,250,70,True
7378,1718,1717,250,56,True
7379,1717,1721,250,141,True
7380,1721,1752,250,11,False
7381,1752,1799,250,57,True
7382,1799,1757,250,74,True
7383,1757,1781,250,40,True
7384,1781,1797,250,35,True
7385,1797,1746,250,73,True
7386,1746,1769,250,37,True
7387,1769,1756,250,42,True
7388,1756,1763,250,53,True
7389,1763,1776,250,23,False
7390,1776,1786,250,80,True
7391,1786,1765,250,45,True
7392,1765,1833,250,71,True
7393,1833,1867,250,15,False
7394,1867,1814,250,117,True
7395,1814,1824,250,165,True
7396,1824,1867,250,48,True
7397,1867,1862,250,11,False
7398,1862,1892,250,48,True
7399,1892,1864,250,8,False
7400,1864,1905,250,80,True
7401,1905,1911,250,93,True
7402,1911,1881,250,41,True
7403,1881,1890,250,55,True
7404,1890,1908,250,40,True
7405,1908,1941,250,104,True
7406,1941,1961,250,57,True
7407,1961,1964,250,59,True
7408,1964,1962,250,6,False
7409,1962,1983,250,13,False
7410,1983,1946,250,7,False
7411,1946,1959,250,47,True
7412,1959,1920,250,91,True
7413,1920,1876,250,46,True
7414,1876,1838,250,15,False
7415,1838,1899,250,59,True
7416,1899,1921,250,49,True
7417,1921,1998,250,79,True
7418,1998,2065,250,82,True
7419,2065,2101,250,7,False
7420,2101,2111,250,41,True
7421,2111,2045,250,94,True
7422,2045,2034,250,74,True
7423,2034,1984,250,139,True
7424,1984,2027,250,50,True
7425,2027,2138,250,51,True
7426,2138,2120,250,56,True
7427,2120,2126,250,203,True
7428,2126,2125,250,88,True
7429,2125,2108,250,44,True
7430,2108,2083,250,88,True
7431,2083,2051,250,57,True
7432,2051,2105,250,60,True
7433,2105,2028,250,30,True
7434,2028,2131,250,52,True
7435,2131,2114,250,59,True
7436,2114,2161,250,65,True
7437,2161,2185,250,38,True
7438,2185,2211,250,28,False
7439,2211,2237,250,8,False
7440,2237,2236,250,31,True
7441,2236,2223,250,48,True
7442,2223,2236,250,106,True
7443,2236,2289,250,34,True
7444,2289,2284,250,52,True
7445,2284,2322,250,95,True
7446,2322,2311,250,148,True
7447,2311,2310,250,107,True
7448,2310,2317,250,63,True
7449,2317,2313,250,40,True
7450,2313,2356,250,14,False
7451,2356,2318,250,108,True
7452,2318,2350,250,76,True
7453,2350,2326,250,142,True
7454,2326,2315,250,24,False
7455,2315,2324,250,57,True
7456,2324,2346,250,94,True
7457,2346,2339,250,132,True
7458,2339,2338,250,85,True
7459,2338,2365,250,236,True
7460,2365,2364,250,5,False
7461,2364,2378,250,18,False
7462,2378,2364,250,194,True
7463,2364,2391,250,140,True
7464,2391,2400,250,31,True
7465,2400,2407,250,37,True
7466,2407,2393,250,166,True
7467,2393,2415,250,73,True
7468,2415,2410,250,28,False
7469,2410,2413,250,212,True
7470,2413,2416,250,43,True
7471,2416,2410,250,56,True
7472,2410,2400,250,125,True
7473,2400,2378,250,102,True
7474,2378,2355,250,44,True
7475,2355,2366,250,55,True
7476,2366,2369,250,59,True
7477,2369,2331,250,104,True
7478,2331,2277,250,14,False
7479,2277,2256,250,112,True
7480,2256,2249,250,19,False
7481,2249,2239,250,66,True
7482,2239,2180,250,26,False
7483,2180,2233,250,137,True
7484,2233,2218,250,69,True
7485,2218,2239,250,59,True
7486,2239,2228,250,59,True
7487,2228,2205,250,63,True
7488,2205,2230,250,172,True
7489,2230,2235,250,70,True
7490,2235,2246,250,67,True
7491,2246,2273,250,32,True
7492,2273,2177,250,58,True
7493,2177,2181,250,37,True
7494,2181,2129,250,89,True
7495,2129,2039,250,64,True
7496,2039,2030,250,63,True
7497,2030,1957,250,125,True
7498,1957,1944,250,69,True
7499,1944,2019,250,117,True
7500,2019,1943,250,97,True
7501,1943,1847,250,92,True
7502,1847,1763,250,88,True
7503,1763,1744,250,114,True
7504,1744,1502,250,127,True
7505,1502,1396,250,118,True
7506,1396,1246,250,166,True
7507,1246,1107,250,161,True
7508,1107,1292,250,144,True
7509,1292,1205,250,174,True
7510,1205,1125,250,172,True
7511,1125,1043,250,171,True
7512,1043,1007,250,161,True
7513,1007,1028,250,188,True
7514,1028,1042,250,168,True
7515,1042,1139,250,237,True
7516,1139,1630,250,183,True
7517,1630,1618,250,230,True
7518,1618,1478,250,216,True
7519,1478,1568,250,244,True
7520,1568,1608,250,216,True
7521,1608,1664,250,152,True
7522,1664,1778,250,230,True
7523,1778,1879,250,169,True
7524,1879,2163,250,217,True
7525,2163,2232,250,213,True
7526,2232,2207,250,184,True
7527,2207,2265,250,226,True
7528,2265,2332,250,201,True
7529,2332,2176,250,163,True
7530,2176,1860,250,132,True
7531,1860,1294,250,181,True
7532,1294,1143,250,129,True
7533,1143,1052,250,87,True
7534,1052,944,250,73,True
7535,944,944,250,96,True
7536,944,933,250,108,True
7537,933,956,250,94,True
7538,956,991,250,144,True
7539,991,1033,250,146,True
7540,1033,1124,250,125,True
7541,1124,1157,250,118,True
7542,1157,1189,250,142,True
7543,1189,1186,250,185,True
7544,1186,1215,250,168,True
7545,1215,1192,250,127,True
7546,1192,1185,250,118,True
7547,1185,1180,250,138,True
7548,1180,1188,250,158,True
7549,1188,1164,250,112,True
7550,1164,1169,250,105,True
7551,1169,1229,250,137,True
7552,1229,1253,250,183,True
7553,1253,1282,250,164,True
7554,1282,1250,250,179,True
7555,1250,1304,250,174,True
7556,1304,1320,250,160,True
7557,1320,1366,250,180,True
7558,1366,1377,250,174,True
7559,1377,1391,250,187,True
7560,1391,1471,250,189,True
7561,1471,1522,250,184,True
7562,1522,1486,250,184,True
7563,1486,1587,250,192,True
7564,1587,1631,250,174,True
7565,1631,1575,250,217,True
7566,1575,1583,250,186,True
7567,1583,1683,250,188,True
7568,1683,1762,250,211,True
7569,1762,1796,250,186,True
7570,1796,1850,250,181,True
7571,1850,1875,250,208,True
7572,1875,1934,250,196,True
7573,1934,1905,250,184,True
7574,1905,1991,250,64,True
7575,1991,2001,250,87,True
7576,2001,2109,250,158,True
7577,2109,2175,250,205,True
7578,2175,2210,250,36,True
7579,2210,2281,250,38,True
7580,2281,2362,250,95,True
7581,2362,2338,250,84,True
7582,2338,2352,250,118,True
7583,2352,2438,250,90,True
7584,2438,2465,250,87,True
7585,2465,2490,250,135,True
7586,2490,2497,250,88,True
7587,2497,2500,250,100,True
7588,2500,2494,250,62,True
7589,2494,2500,250,68,True
7590,2500,2500,250,132,True
7591,2500,2500,250,70,True
7592,2500,2500,250,49,True
7593,2500,2500,250,89,True
7594,2500,2500,250,79,True
7595,2500,2500,250,28,False
7596,2500,2500,250,136,True
7597,2500,2500,250,100,True
7598,2500,2500,250,52,True
7599,2500,2500,250,106,True
7600,2500,2500,250,123,True
7601,2500,2500,250,62,True
7602,2500,2500,250,29,False
7603,2500,2500,250,52,True
7604,2500,2500,250,54,True
7605,2500,2500,250,70,True
7606,2500,2500,250,58,True
7607,2500,2500,250,11,False
7608,2500,2500,250,53,True
7609,2500,2500,250,68,True
7610,2500,2500,250,86,True
7611,2500,2500,250,48,True
7612,2500,2500,250,60,True
7613,2500,2500,250,199,True
7614,2500,2500,250,133,True
7615,2500,2500,250,106,True
7616,2500,2500,250,182,True
7617,2500,2500,250,40,True
7618,2500,2500,250,20,False
7619,2500,2500,250,100,True
7620,2500,2500,250,81,True
7621,2500,2500,250,21,False
7622,2500,2500,250,38,True
7623,2500,2500,250,56,True
7624,2500,2500,250,47,True
7625,2500,2500,250,30,True
7626,2500,2500,250,38,True
7627,2500,2500,250,133,True
7628,2500,2500,250,43,True
7629,2500,2500,250,60,True
7630,2500,2500,250,179,True
7631,2500,2500,250,89,True
7632,2500,2500,250,40,True
7633,2500,2500,250,95,True
7634,2500,2500,250,223,True
7635,2500,2500,250,23,False
7636,2500,2500,250,26,False
7637,2500,2500,250,45,True
7638,2500,2500,250,68,True
7639,2500,2500,250,82,True
7640,2500,2500,250,54,True
7641,2500,2500,250,23,False
7642,2500,2500,250,19,False
7643,2500,2500,250,60,True
7644,2500,2500,250,176,True
7645,2500,2500,250,118,True
7646,2500,2500,250,130,True
7647,2500,2500,250,45,True
7648,2500,2500,250,51,True
7649,2500,2500,250,34,True
7650,2500,2500,250,97,True
7651,2500,2500,250,117,True
7652,2500,2500,250,38,True
7653,2500,2500,250,101,True
7654,2500,2500,250,39,True
7655,2500,2500,250,19,False
7656,2500,2500,250,50,True
7657,2500,2500,250,48,True
7658,2500,2500,250,47,True
7659,2500,2500,250,86,True
7660,2500,2500,250,38,True
7661,2500,2500,250,90,True
7662,2500,2500,250,57,True
7663,2500,2500,250,39,True
7664,2500,2500,250,30,True
7665,2500,2500,250,123,True
7666,2500,2500,250,52,True
7667,2500,2500,250,68,True
7668,2500,2500,250,31,True
7669,2500,2500,250,31,True
7670,2500,2500,250,44,True
7671,2500,2500,250,44,True
7672,2500,2500,250,25,False
7673,2500,2500,250,79,True
7674,2500,2500,250,148,True
7675,2500,2500,250,37,True
7676,2500,2500,250,77,True
7677,2500,2500,250,116,True
7678,2500,2500,250,200,True
7679,2500,2500,250,65,True
7680,2500,2500,250,202,True
7681,2500,2500,250,88,True
7682,2500,2500,250,55,True
7683,2500,2500,250,39,True
7684,2500,2500,250,31,True
7685,2500,2500,250,78,True
7686,2500,2500,250,113,True
7687,2500,2500,250,8,False
7688,2500,2500,250,32,True
7689,2500,2500,250,20,False
7690,2500,2500,250,72,True
7691,2500,2500,250,25,False
7692,2500,2500,250,45,True
7693,2500,2500,250,47,True
7694,2500,2500,250,49,True
7695,2500,2500,250,32,True
7696,2500,2500,250,98,True
7697,2500,2500,250,58,True
7698,2500,2500,250,81,True
7699,2500,2500,250,20,False
7700,2500,2500,250,71,True
7701,2500,2500,250,119,True
7702,2500,2500,250,43,True
7703,2500,2500,250,57,True
7704,2500,2500,250,64,True
7705,2500,2500,250,15,False
7706,2500,2500,250,6,False
7707,2500,2500,250,40,True
7708,2500,2500,250,41,True
7709,2500,2500,250,12,False
7710,2500,2500,250,205,True
7711,2500,2500,250,28,False
7712,2500,2500,250,32,True
7713,2500,2500,250,33,True
7714,2500,2500,250,216,True
7715,2500,2500,250,55,True
7716,2500,2500,250,18,False
7717,2500,2500,250,18,False
7718,2500,2500,250,11,False
7719,2500,2500,250,48,True
7720,2500,2500,250,13,False
7721,2500,2500,250,6,False
7722,2500,2500,250,36,True
7723,2500,2500,250,78,True
7724,2500,2500,250,36,True
7725,2500,2500,250,42,True
7726,2500,2500,250,69,True
7727,2500,2500,250,83,True
7728,2500,2500,250,22,False
7729,2500,2500,250,49,True
7730,2500,2500,250,69,True
7731,2500,2500,250,65,True
7732,2500,2500,250,4,False
7733,2500,2500,250,47,True
7734,2500,2500,250,86,True
7735,2500,2500,250,132,True
7736,2500,2500,250,9,False
7737,2500,2500,250,58,True
7738,2500,2500,250,20,False
7739,2500,2500,250,46,True
7740,2500,2500,250,95,True
7741,2500,2500,250,54,True
7742,2500,2500,250,41,True
7743,2500,2500,250,61,True
7744,2500,2500,250,156,True
7745,2500,2500,250,137,True
7746,2500,2500,250,25,False
7747,2500,2500,250,12,False
7748,2500,2500,250,0,False
7749,2500,2500,250,23,False
7750,2500,2500,250,176,True
7751,2500,2500,250,28,False
7752,2500,2500,250,7,False
7753,2500,2499,250,77,True
7754,2499,2500,250,104,True
7755,2500,2500,250,37,True
7756,2500,2500,250,26,False
7757,2500,2496,250,4,False
7758,2496,2500,250,83,True
7759,2500,2489,250,37,True
7760,2489,2497,250,50,True
7761,2497,2496,250,103,True
7762,2496,2485,250,72,True
7763,2485,2486,250,8,False
7764,2486,2495,250,95,True
7765,2495,2481,250,35,True
7766,2481,2490,250,101,True
7767,2490,2482,250,148,True
7768,2482,2469,250,42,True
7769,2469,2473,250,91,True
7770,2473,2481,250,47,True
7771,2481,2476,250,83,True
7772,2476,2479,250,7,False
7773,2479,2486,250,4,False
7774,2486,2476,250,152,True
7775,2476,2466,250,130,True
7776,2466,2462,250,145,True
7777,2462,2466,250,0,False
7778,2466,2440,250,42,True
7779,2440,2449,250,91,True
7780,2449,2453,250,81,True
7781,2453,2455,250,58,True
7782,2455,2457,250,154,True
7783,2457,2444,250,77,True
7784,2444,2469,250,53,True
7785,2469,2446,250,154,True
7786,2446,2452,250,76,True
7787,2452,2467,250,71,True
7788,2467,2471,250,37,True
7789,2471,2473,250,75,True
7790,2473,2476,250,62,True
7791,2476,2478,250,79,True
7792,2478,2470,250,41,True
7793,2470,2477,250,9,False
7794,2477,2477,250,31,True
7795,2477,2478,250,75,True
7796,2478,2470,250,65,True
7797,2470,2457,250,82,True
7798,2457,2457,250,168,True
7799,2457,2460,250,225,True
7800,2460,2471,250,19,False
7801,2471,2458,250,75,True
7802,2458,2467,250,77,True
7803,2467,2461,250,65,True
7804,2461,2461,250,61,True
7805,2461,2452,250,31,True
7806,2452,2469,250,87,True
7807,2469,2441,250,84,True
7808,2441,2445,250,64,True
7809,2445,2454,250,57,True
7810,2454,2439,250,186,True
7811,2439,2449,250,71,True
7812,2449,2459,250,43,True
7813,2459,2471,250,151,True
7814,2471,2466,250,90,True
7815,2466,2473,250,69,True
7816,2473,2465,250,109,True
7817,2465,2478,250,74,True
7818,2478,2482,250,71,True
7819,2482,2482,250,90,True
7820,2482,2483,250,134,True
7821,2483,2483,250,120,True
7822,2483,2484,250,112,True
7823,2484,2473,250,98,True
7824,2473,2481,250,34,True
7825,2481,2481,250,25,False
7826,2481,2472,250,87,True
7827,2472,2464,250,104,True
7828,2464,2449,250,151,True
7829,2449,2443,250,103,True
7830,2443,2460,250,103,True
7831,2460,2444,250,37,True
7832,2444,2438,250,90,True
7833,2438,2435,250,93,True
7834,2435,2424,250,116,True
7835,2424,2433,250,139,True
7836,2433,2372,250,108,True
7837,2372,2314,250,85,True
7838,2314,2171,250,64,True
7839,2171,2098,250,106,True
7840,2098,2156,250,95,True
7841,2156,2209,250,92,True
7842,2209,2124,250,89,True
7843,2124,2079,250,78,True
7844,2079,2112,250,144,True
7845,2112,2137,250,27,False
7846,2137,2147,250,40,True
7847,2147,2204,250,75,True
7848,2204,2212,250,172,True
7849,2212,2246,250,46,True
7850,2246,2224,250,79,True
7851,2224,2166,250,148,True
7852,2166,2199,250,31,True
7853,2199,2219,250,87,True
7854,2219,2261,250,47,True
7855,2261,2280,250,143,True
7856,2280,2313,250,104,True
7857,2313,2340,250,100,True
7858,2340,2378,250,117,True
7859,2378,2371,250,90,True
7860,2371,2381,250,87,True
7861,2381,2394,250,105,True
7862,2394,2400,250,83,True
7863,2400,2462,250,83,True
7864,2462,2476,250,80,True
7865,2476,2471,250,106,True
7866,2471,2467,250,158,True
7867,2467,2450,250,89,True
7868,2450,2467,250,85,True
7869,2467,2466,250,74,True
7870,2466,2464,250,90,True
7871,2464,2484,250,70,True
7872,2484,2475,250,37,True
7873,2475,2462,250,87,True
7874,2462,2461,250,101,True
7875,2461,2460,250,79,True
7876,2460,2444,250,90,True
7877,2444,2450,250,130,True
7878,2450,2437,250,47,True
7879,2437,2440,250,118,True
7880,2440,2439,250,63,True
7881,2439,2454,250,67,True
7882,2454,2472,250,52,True
7883,2472,2450,250,99,True
7884,2450,2445,250,58,True
7885,2445,2449,250,107,True
7886,2449,2446,250,89,True
7887,2446,2462,250,69,True
7888,2462,2458,250,60,True
7889,2458,2453,250,140,True
7890,2453,2462,250,59,True
7891,2462,2468,250,51,True
7892,2468,2474,250,72,True
7893,2474,2477,250,138,True
7894,2477,2471,250,13,False
7895,2471,2486,250,165,True
7896,2486,2472,250,72,True
7897,2472,2484,250,77,True
7898,2484,2454,250,106,True
7899,2454,2462,250,32,True
7900,2462,2458,250,115,True
7901,2458,2479,250,83,True
7902,2479,2485,250,56,True
7903,2485,2470,250,64,True
7904,2470,2461,250,67,True
7905,2461,2451,250,167,True
7906,2451,2456,250,82,True
7907,2456,2467,250,106,True
7908,2467,2465,250,36,True
7909,2465,2454,250,54,True
7910,2454,2455,250,70,True
7911,2455,2456,250,14,False
7912,2456,2455,250,27,False
7913,2455,2461,250,75,True
7914,2461,2440,250,26,False
7915,2440,2451,250,67,True
7916,2451,2449,250,52,True
7917,2449,2459,250,27,False
7918,2459,2453,250,129,True
7919,2453,2452,250,43,True
7920,2452,2466,250,39,True
7921,2466,2467,250,58,True
7922,2467,2457,250,68,True
7923,2457,2459,250,83,True
7924,2459,2472,250,75,True
7925,2472,2466,250,169,True
7926,2466,2468,250,108,True
7927,2468,2477,250,9,False
7928,2477,2460,250,54,True
7929,2460,2455,250,52,True
7930,2455,2444,250,53,True
7931,2444,2434,250,20,False
7932,2434,2440,250,56,True
7933,2440,2419,250,151,True
7934,2419,2409,250,103,True
7935,2409,2419,250,180,True
7936,2419,2409,250,54,True
7937,2409,2443,250,81,True
7938,2443,2440,250,41,True
7939,2440,2415,250,119,True
7940,2415,2432,250,50,True
7941,2432,2441,250,135,True
7942,2441,2423,250,178,True
7943,2423,2434,250,41,True
7944,2434,2403,250,50,True
7945,2403,2391,250,120,True
7946,2391,2359,250,42,True
7947,2359,2374,250,14,False
7948,2374,2362,250,12,False
7949,2362,2357,250,25,False
7950,2357,2381,250,94,True
7951,2381,2363,250,9,False
7952,2363,2330,250,42,True
7953,2330,2357,250,39,True
7954,2357,2369,250,33,True
7955,2369,2316,250,26,False
7956,2316,2343,250,128,True
7957,2343,2302,250,98,True
7958,2302,2275,250,53,True
7959,2275,2284,250,44,True
7960,2284,2244,250,18,False
7961,2244,2248,250,37,True
7962,2248,2288,250,14,False
7963,2288,2276,250,29,False
7964,2276,2279,250,64,True
7965,2279,2272,250,91,True
7966,2272,2327,250,78,True
7967,2327,2340,250,59,True
7968,2340,2360,250,66,True
7969,2360,2403,250,63,True
7970,2403,2399,250,128,True
7971,2399,2388,250,62,True
7972,2388,2389,250,22,False
7973,2389,2422,250,41,True
7974,2422,2430,250,90,True
7975,2430,2408,250,85,True
7976,2408,2421,250,115,True
7977,2421,2419,250,105,True
7978,2419,2440,250,142,True
7979,2440,2449,250,64,True
7980,2449,2442,250,182,True
7981,2442,2440,250,208,True
7982,2440,2439,250,158,True
7983,2439,2452,250,25,False
7984,2452,2442,250,96,True
7985,2442,2420,250,106,True
7986,2420,2400,250,175,True
7987,2400,2428,250,56,True
7988,2428,2423,250,24,False
7989,2423,2434,250,52,True
7990,2434,2428,250,15,False
7991,2428,2440,250,64,True
7992,2440,2460,250,61,True
7993,2460,2439,250,73,True
7994,2439,2455,250,49,True
7995,2455,2437,250,78,True
7996,2437,2454,250,15,False
7997,2454,2460,250,186,True
7998,2460,2452,250,79,True
7999,2452,2477,250,94,True
8000,2477,2466,250,108,True
8001,2466,2453,250,95,True
8002,2453,2446,250,143,True
8003,2446,2439,250,117,True
8004,2439,2440,250,26,False
8005,2440,2449,250,28,False
8006,2449,2437,250,25,False
8007,2437,2442,250,47,True
8008,2442,2426,250,36,True
8009,2426,2429,250,88,True
8010,2429,2439,250,51,True
8011,2439,2450,250,63,True
8012,2450,2421,250,65,True
8013,2421,2428,250,17,False
8014,2428,2406,250,99,True
8015,2406,2438,250,39,True
8016,2438,2434,250,83,True
8017,2434,2436,250,142,True
8018,2436,2437,250,100,True
8019,2437,2449,250,52,True
8020,2449,2458,250,72,True
8021,2458,2446,250,70,True
8022,2446,2454,250,37,True
8023,2454,2449,250,53,True
8024,2449,2436,250,104,True
8025,2436,2440,250,19,False
8026,2440,2455,250,80,True
8027,2455,2448,250,40,True
8028,2448,2446,250,75,True
8029,2446,2450,250,60,True
8030,2450,2461,250,86,True
8031,2461,2477,250,64,True
8032,2477,2486,250,92,True
8033,2486,2484,250,4,False
8034,2484,2491,250,66,True
8035,2491,2486,250,94,True
8036,2486,2492,250,148,True
8037,2492,2481,250,23,False
8038,2481,2484,250,130,True
8039,2484,2476,250,81,True
8040,2476,2469,250,74,True
8041,2469,2459,250,63,True
8042,2459,2467,250,27,False
8043,2467,2472,250,70,True
8044,2472,2463,250,71,True
8045,2463,2470,250,20,False
8046,2470,2440,250,15,False
8047,2440,2429,250,30,True
8048,2429,2440,250,27,False
8049,2440,2446,250,46,True
8050,2446,2417,250,88,True
8051,2417,2435,250,79,True
8052,2435,2452,250,68,True
8053,2452,2464,250,134,True
8054,2464,2473,250,27,False
8055,2473,2466,250,51,True
8056,2466,2477,250,8,False
8057,2477,2461,250,183,True
8058,2461,2458,250,64,True
8059,2458,2463,250,90,True
8060,2463,2487,250,136,True
8061,2487,2479,250,128,True
8062,2479,2486,250,72,True
8063,2486,2486,250,28,False
8064,2486,2479,250,34,True
8065,2479,2480,250,102,True
8066,2480,2499,250,96,True
8067,2499,2500,250,74,True
8068,2500,2500,250,14,False
8069,2500,2500,250,52,True
8070,2500,2493,250,63,True
8071,2493,2485,250,53,True
8072,2485,2480,250,51,True
8073,2480,2475,250,162,True
8074,2475,2475,250,17,False
8075,2475,2485,250,29,False
8076,2485,2494,250,57,True
8077,2494,2493,250,25,False
8078,2493,2493,250,79,True
8079,2493,2470,250,84,True
8080,2470,2484,250,45,True
8081,2484,2487,250,51,True
8082,2487,2489,250,99,True
8083,2489,2483,250,10,False
8084,2483,2479,250,20,False
8085,2479,2479,250,23,False
8086,2479,2491,250,197,True
8087,2491,2488,250,52,True
8088,2488,2473,250,143,True
8089,2473,2480,250,26,False
8090,2480,2484,250,137,True
8091,2484,2471,250,107,True
8092,2471,2482,250,137,True
8093,2482,2485,250,165,True
8094,2485,2476,250,150,True
8095,2476,2480,250,36,True
8096,2480,2484,250,146,True
8097,2484,2495,250,49,True
8098,2495,2490,250,71,True
8099,2490,2482,250,24,False
8100,2482,2490,250,80,True
8101,2490,2483,250,58,True
8102,2483,2491,250,64,True
8103,2491,2500,250,61,True
8104,2500,2494,250,31,True
8105,2494,2491,250,41,True
8106,2491,2483,250,64,True
8107,2483,2482,250,35,True
8108,2482,2488,250,214,True
8109,2488,2491,250,13,False
8110,2491,2484,250,10,False
8111,2484,2490,250,132,True
8112,2490,2490,250,95,True
8113,2490,2500,250,76,True
8114,2500,2500,250,102,True
8115,2500,2500,250,26,False
8116,2500,2500,250,62,True
8117,2500,2500,250,66,True
8118,2500,2500,250,45,True
8119,2500,2498,250,57,True
8120,2498,2491,250,98,True
8121,2491,2480,250,73,True
8122,2480,2496,250,159,True
8123,2496,2500,250,109,True
8124,2500,2500,250,22,False
8125,2500,2500,250,107,True
8126,2500,2499,250,50,True
8127,2499,2493,250,19,False
8128,2493,2500,250,73,True
8129,2500,2500,250,79,True
8130,2500,2497,250,170,True
8131,2497,2493,250,63,True
8132,2493,2494,250,34,True
8133,2494,2494,250,92,True
8134,2494,2492,250,40,True
8135,2492,2499,250,18,False
8136,2499,2487,250,5,False
8137,2487,2493,250,49,True
8138,2493,2499,250,150,True
8139,2499,2496,250,39,True
8140,2496,2494,250,25,False
8141,2494,2483,250,22,False
8142,2483,2489,250,28,False
8143,2489,2482,250,146,True
8144,2482,2481,250,143,True
8145,2481,2494,250,41,True
8146,2494,2491,250,25,False
8147,2491,2481,250,53,True
8148,2481,2485,250,73,True
8149,2485,2485,250,127,True
8150,2485,2488,250,65,True
8151,2488,2489,250,156,True
8152,2489,2467,250,40,True
8153,2467,2482,250,60,True
8154,2482,2485,250,85,True
8155,2485,2484,250,171,True
8156,2484,2484,250,102,True
8157,2484,2494,250,159,True
8158,2494,2490,250,85,True
8159,2490,2500,250,50,True
8160,2500,2492,250,49,True
8161,2492,2500,250,9,False
8162,2500,2492,250,91,True
8163,2492,2500,250,62,True
8164,2500,2500,250,132,True
8165,2500,2483,250,85,True
8166,2483,2493,250,80,True
8167,2493,2495,250,71,True
8168,2495,2489,250,61,True
8169,2489,2493,250,63,True
8170,2493,2491,250,91,True
8171,2491,2462,250,65,True
8172,2462,2478,250,51,True
8173,2478,2458,250,112,True
8174,2458,2476,250,77,True
8175,2476,2475,250,61,True
8176,2475,2480,250,67,True
8177,2480,2483,250,63,True
8178,2483,2481,250,71,True
8179,2481,2481,250,63,True
8180,2481,2486,250,79,True
8181,2486,2482,250,39,True
8182,2482,2481,250,35,True
8183,2481,2485,250,86,True
8184,2485,2490,250,41,True
8185,2490,2492,250,101,True
8186,2492,2486,250,58,True
8187,2486,2485,250,60,True
8188,2485,2490,250,20,False
8189,2490,2491,250,126,True
8190,2491,2488,250,59,True
8191,2488,2482,250,89,True
8192,2482,2468,250,125,True
8193,2468,2476,250,53,True
8194,2476,2475,250,79,True
8195,2475,2486,250,112,True
8196,2486,2465,250,176,True
8197,2465,2472,250,87,True
8198,2472,2471,250,106,True
8199,2471,2477,250,113,True
8200,2477,2464,250,33,True
8201,2464,2476,250,128,True
8202,2476,2465,250,117,True
8203,2465,2466,250,83,True
8204,2466,2472,250,69,True
8205,2472,2472,250,130,True
8206,2472,2470,250,48,True
8207,2470,2474,250,88,True
8208,2474,2468,250,81,True
8209,2468,2471,250,86,True
8210,2471,2463,250,46,True
8211,2463,2474,250,61,True
8212,2474,2468,250,135,True
8213,2468,2473,250,50,True
8214,2473,2465,250,11,False
8215,2465,2462,250,46,True
8216,2462,2476,250,54,True
8217,2476,2467,250,54,True
8218,2467,2463,250,87,True
8219,2463,2460,250,90,True
8220,2460,2460,250,123,True
8221,2460,2465,250,101,True
8222,2465,2473,250,100,True
8223,2473,2468,250,70,True
8224,2468,2462,250,58,True
8225,2462,2481,250,89,True
8226,2481,2476,250,89,True
8227,2476,2467,250,73,True
8228,2467,2453,250,53,True
8229,2453,2469,250,48,True
8230,2469,2462,250,41,True
8231,2462,2452,250,175,True
8232,2452,2470,250,55,True
8233,2470,2462,250,62,True
8234,2462,2461,250,38,True
8235,2461,2481,250,64,True
8236,2481,2479,250,79,True
8237,2479,2478,250,196,True
8238,2478,2480,250,65,True
8239,2480,2478,250,88,True
8240,2478,2468,250,86,True
8241,2468,2477,250,50,True
8242,2477,2469,250,50,True
8243,2469,2472,250,122,True
8244,2472,2483,250,35,True
8245,2483,2471,250,66,True
8246,2471,2478,250,135,True
8247,2478,2481,250,69,True
8248,2481,2474,250,173,True
8249,2474,2477,250,106,True
8250,2477,2472,250,90,True
8251,2472,2483,250,71,True
8252,2483,2478,250,71,True
8253,2478,2474,250,64,True
8254,2474,2465,250,34,True
8255,2465,2469,250,80,True
8256,2469,2473,250,166,True
8257,2473,2472,250,21,False
8258,2472,2476,250,37,True
8259,2476,2482,250,75,True
8260,2482,2481,250,136,True
8261,2481,2473,250,41,True
8262,2473,2460,250,45,True
8263,2460,2477,250,132,True
8264,2477,2477,250,21,False
8265,2477,2469,250,146,True
8266,2469,2465,250,49,True
8267,2465,2468,250,18,False
8268,2468,2478,250,109,True
8269,2478,2477,250,41,True
8270,2477,2470,250,156,True
8271,2470,2470,250,36,True
8272,2470,2468,250,92,True
8273,2468,2477,250,99,True
8274,2477,2477,250,53,True
8275,2477,2461,250,53,True
8276,2461,2471,250,44,True
8277,2471,2472,250,129,True
8278,2472,2478,250,118,True
8279,2478,2469,250,6,False
8280,2469,2473,250,55,True
8281,2473,2474,250,108,True
8282,2474,2474,250,61,True
8283,2474,2483,250,125,True
8284,2483,2486,250,102,True
8285,2486,2481,250,41,True
8286,2481,2485,250,53,True
8287,2485,2500,250,136,True
8288,2500,2500,250,45,True
8289,2500,2500,250,29,False
8290,2500,2499,250,48,True
8291,2499,2495,250,47,True
8292,2495,2495,250,30,True
8293,2495,2484,250,202,True
8294,2484,2492,250,58,True
8295,2492,2482,250,23,False
8296,2482,2494,250,46,True
8297,2494,2489,250,46,True
8298,2489,2488,250,15,False
8299,2488,2495,250,236,True
8300,2495,2492,250,119,True
8301,2492,2492,250,51,True
8302,2492,2489,250,94,True
8303,2489,2493,250,155,True
8304,2493,2489,250,40,True
8305,2489,2490,250,126,True
8306,2490,2485,250,48,True
8307,2485,2476,250,101,True
8308,2476,2484,250,39,True
8309,2484,2484,250,22,False
8310,2484,2476,250,229,True
8311,2476,2496,250,49,True
8312,2496,2484,250,76,True
8313,2484,2491,250,50,True
8314,2491,2485,250,27,False
8315,2485,2492,250,19,False
8316,2492,2487,250,11,False
8317,2487,2488,250,56,True
8318,2488,2498,250,47,True
8319,2498,2497,250,46,True
8320,2497,2499,250,35,True
8321,2499,2500,250,66,True
8322,2500,2500,250,53,True
8323,2500,2500,250,1,False
8324,2500,2500,250,15,False
8325,2500,2500,250,1,False
8326,2500,2500,250,30,True
8327,2500,2500,250,98,True
8328,2500,2500,250,23,False
8329,2500,2499,250,32,True
8330,2499,2495,250,50,True
8331,2495,2499,250,75,True
8332,2499,2496,250,20,False
8333,2496,2497,250,42,True
8334,2497,2478,250,120,True
8335,2478,2491,250,44,True
8336,2491,2488,250,48,True
8337,2488,2496,250,101,True
8338,2496,2489,250,35,True
8339,2489,2499,250,91,True
8340,2499,2492,250,115,True
8341,2492,2500,250,105,True
8342,2500,2500,250,60,True
8343,2500,2499,250,93,True
8344,2499,2496,250,101,True
8345,2496,2500,250,123,True
8346,2500,2495,250,54,True
8347,2495,2500,250,97,True
8348,2500,2500,250,23,False
8349,2500,2500,250,46,True
8350,2500,2500,250,42,True
8351,2500,2500,250,63,True
8352,2500,2500,250,1,False
8353,2500,2500,250,25,False
8354,2500,2500,250,34,True
8355,2500,2500,250,79,True
8356,2500,2500,250,35,True
8357,2500,2487,250,40,True
8358,2487,2500,250,112,True
8359,2500,2500,250,5,False
8360,2500,2500,250,53,True
8361,2500,2495,250,52,True
8362,2495,2500,250,144,True
8363,2500,2500,250,26,False
8364,2500,2485,250,96,True
8365,2485,2495,250,124,True
8366,2495,2500,250,207,True
8367,2500,2500,250,62,True
8368,2500,2487,250,87,True
8369,2487,2500,250,174,True
8370,2500,2496,250,36,True
8371,2496,2483,250,17,False
8372,2483,2500,250,47,True
8373,2500,2500,250,3,False
8374,2500,2494,250,48,True
8375,2494,2499,250,27,False
8376,2499,2497,250,49,True
8377,2497,2500,250,101,True
8378,2500,2497,250,211,True
8379,2497,2490,250,14,False
8380,2490,2495,250,102,True
8381,2495,2500,250,116,True
8382,2500,2500,250,35,True
8383,2500,2500,250,104,True
8384,2500,2500,250,166,True
8385,2500,2496,250,170,True
8386,2496,2498,250,132,True
8387,2498,2500,250,90,True
8388,2500,2500,250,4,False
8389,2500,2494,250,35,True
8390,2494,2500,250,70,True
8391,2500,2492,250,131,True
8392,2492,2497,250,58,True
8393,2497,2489,250,93,True
8394,2489,2499,250,32,True
8395,2499,2479,250,55,True
8396,2479,2495,250,57,True
8397,2495,2497,250,127,True
8398,2497,2495,250,69,True
8399,2495,2497,250,40,True
8400,2497,2493,250,50,True
8401,2493,2483,250,91,True
8402,2483,2490,250,61,True
8403,2490,2498,250,71,True
8404,2498,2500,250,45,True
8405,2500,2500,250,153,True
8406,2500,2500,250,31,True
8407,2500,2496,250,84,True
8408,2496,2487,250,46,True
8409,2487,2483,250,21,False
8410,2483,2500,250,150,True
8411,2500,2500,250,43,True
8412,2500,2500,250,81,True
8413,2500,2500,250,44,True
8414,2500,2500,250,49,True
8415,2500,2500,250,29,False
8416,2500,2500,250,40,True
8417,2500,2500,250,49,True
8418,2500,2500,250,26,False
8419,2500,2500,250,100,True
8420,2500,2498,250,38,True
8421,2498,2497,250,96,True
8422,2497,2499,250,38,True
8423,2499,2487,250,36,True
8424,2487,2491,250,90,True
8425,2491,2481,250,36,True
8426,2481,2488,250,62,True
8427,2488,2500,250,40,True
8428,2500,2490,250,34,True
8429,2490,2485,250,63,True
8430,2485,2497,250,24,False
8431,2497,2497,250,100,True
8432,2497,2494,250,104,True
8433,2494,2494,250,132,True
8434,2494,2490,250,48,True
8435,2490,2493,250,128,True
8436,2493,2489,250,23,False
8437,2489,2484,250,31,True
8438,2484,2488,250,198,True
8439,2488,2494,250,7,False
8440,2494,2497,250,32,True
8441,2497,2500,250,72,True
8442,2500,2494,250,35,True
8443,2494,2498,250,79,True
8444,2498,2495,250,19,False
8445,2495,2490,250,29,False
8446,2490,2492,250,47,True
8447,2492,2491,250,35,True
8448,2491,2485,250,50,True
8449,2485,2479,250,20,False
8450,2479,2486,250,132,True
8451,2486,2481,250,57,True
8452,2481,2475,250,55,True
8453,2475,2480,250,113,True
8454,2480,2482,250,108,True
8455,2482,2490,250,47,True
8456,2490,2478,250,27,False
8457,2478,2466,250,183,True
8458,2466,2488,250,109,True
8459,2488,2487,250,30,True
8460,2487,2492,250,49,True
8461,2492,2490,250,61,True
8462,2490,2484,250,94,True
8463,2484,2477,250,51,True
8464,2477,2490,250,83,True
8465,2490,2477,250,23,False
8466,2477,2495,250,49,True
8467,2495,2483,250,109,True
8468,2483,2480,250,55,True
8469,2480,2496,250,63,True
8470,2496,2488,250,63,True
8471,2488,2490,250,47,True
8472,2490,2488,250,90,True
8473,2488,2486,250,109,True
8474,2486,2483,250,48,True
8475,2483,2482,250,49,True
8476,2482,2493,250,43,True
8477,2493,2500,250,22,False
8478,2500,2484,250,84,True
8479,2484,2488,250,104,True
8480,2488,2490,250,73,True
8481,2490,2498,250,36,True
8482,2498,2485,250,32,True
8483,2485,2484,250,32,True
8484,2484,2477,250,49,True
8485,2477,2477,250,64,True
8486,2477,2482,250,95,True
8487,2482,2484,250,11,False
8488,2484,2485,250,6,False
8489,2485,2480,250,43,True
8490,2480,2482,250,44,True
8491,2482,2480,250,66,True
8492,2480,2469,250,43,True
8493,2469,2483,250,56,True
8494,2483,2485,250,29,False
8495,2485,2481,250,15,False
8496,2481,2485,250,0,False
8497,2485,2488,250,24,False
8498,2488,2485,250,75,True
8499,2485,2485,250,45,True
8500,2485,2472,250,179,True
8501,2472,2479,250,84,True
8502,2479,2469,250,27,False
8503,2469,2473,250,44,True
8504,2473,2473,250,94,True
8505,2473,2479,250,14,False
8506,2479,2486,250,164,True
8507,2486,2493,250,29,False
8508,2493,2497,250,78,True
8509,2497,2497,250,47,True
8510,2497,2500,250,21,False
8511,2500,2488,250,37,True
8512,2488,2490,250,154,True
8513,2490,2478,250,166,True
8514,2478,2496,250,50,True
8515,2496,2499,250,123,True
8516,2499,2485,250,65,True
8517,2485,2493,250,30,True
8518,2493,2500,250,76,True
8519,2500,2493,250,44,True
8520,2493,2500,250,68,True
8521,2500,2500,250,53,True
8522,2500,2500,250,25,False
8523,2500,2500,250,59,True
8524,2500,2494,250,60,True
8525,2494,2496,250,112,True
8526,2496,2493,250,81,True
8527,2493,2500,250,54,True
8528,2500,2500,250,48,True
8529,2500,2500,250,78,True
8530,2500,2500,250,52,True
8531,2500,2500,250,93,True
8532,2500,2496,250,158,True
8533,2496,2482,250,25,False
8534,2482,2500,250,73,True
8535,2500,2500,250,57,True
8536,2500,2500,250,84,True
8537,2500,2493,250,59,True
8538,2493,2486,250,103,True
8539,2486,2488,250,68,True
8540,2488,2499,250,55,True
8541,2499,2500,250,65,True
8542,2500,2489,250,51,True
8543,2489,2495,250,54,True
8544,2495,2486,250,45,True
8545,2486,2500,250,56,True
8546,2500,2496,250,52,True
8547,2496,2500,250,48,True
8548,2500,2496,250,88,True
8549,2496,2500,250,53,True
8550,2500,2500,250,2,False
8551,2500,2500,250,57,True
8552,2500,2500,250,6,False
8553,2500,2500,250,33,True
8554,2500,2500,250,115,True
8555,2500,2500,250,60,True
8556,2500,2500,250,42,True
8557,2500,2500,250,57,True
8558,2500,2500,250,71,True
8559,2500,2500,250,70,True
8560,2500,2500,250,43,True
8561,2500,2500,250,106,True
8562,2500,2500,250,194,True
8563,2500,2500,250,45,True
8564,2500,2500,250,83,True
8565,2500,2500,250,53,True
8566,2500,2500,250,50,True
8567,2500,2500,250,54,True
8568,2500,2500,250,40,True
8569,2500,2500,250,126,True
8570,2500,2500,250,107,True
8571,2500,2500,250,17,False
8572,2500,2500,250,38,True
8573,2500,2500,250,41,True
8574,2500,2500,250,35,True
8575,2500,2500,250,142,True
8576,2500,2500,250,126,True
8577,2500,2500,250,80,True
8578,2500,2500,250,83,True
8579,2500,2500,250,86,True
8580,2500,2500,250,27,False
8581,2500,2500,250,73,True
8582,2500,2500,250,50,True
8583,2500,2500,250,54,True
8584,2500,2500,250,50,True
8585,2500,2500,250,30,True
8586,2500,2500,250,5,False
8587,2500,2500,250,37,True
8588,2500,2500,250,5,False
8589,2500,2500,250,25,False
8590,2500,2500,250,45,True
8591,2500,2500,250,3,False
8592,2500,2500,250,120,True
8593,2500,2500,250,203,True
8594,2500,2500,250,16,False
8595,2500,2500,250,51,True
8596,2500,2500,250,31,True
8597,2500,2500,250,38,True
8598,2500,2500,250,63,True
8599,2500,2500,250,18,False
8600,2500,2500,250,19,False
8601,2500,2500,250,29,False
8602,2500,2500,250,47,True
8603,2500,2500,250,51,True
8604,2500,2500,250,56,True
8605,2500,2500,250,46,True
8606,2500,2500,250,39,True
8607,2500,2500,250,57,True
8608,2500,2500,250,65,True
8609,2500,2500,250,52,True
8610,2500,2500,250,49,True
8611,2500,2500,250,29,False
8612,2500,2500,250,114,True
8613,2500,2500,250,7,False
8614,2500,2500,250,16,False
8615,2500,2500,250,158,True
8616,2500,2500,250,32,True
8617,2500,2500,250,57,True
8618,2500,2500,250,30,True
8619,2500,2500,250,90,True
8620,2500,2500,250,48,True
8621,2500,2500,250,39,True
8622,2500,2500,250,18,False
8623,2500,2500,250,67,True
8624,2500,2500,250,48,True
8625,2500,2500,250,46,True
8626,2500,2499,250,126,True
8627,2499,2500,250,15,False
8628,2500,2500,250,59,True
8629,2500,2499,250,59,True
8630,2499,2499,250,120,True
8631,2499,2500,250,98,True
8632,2500,2498,250,32,True
8633,2498,2492,250,9,False
8634,2492,2492,250,123,True
8635,2492,2490,250,34,True
8636,2490,2488,250,28,False
8637,2488,2494,250,130,True
8638,2494,2493,250,86,True
8639,2493,2493,250,40,True
8640,2493,2497,250,48,True
8641,2497,2491,250,14,False
8642,2491,2496,250,16,False
8643,2496,2491,250,77,True
8644,2491,2493,250,14,False
8645,2493,2482,250,116,True
8646,2482,2485,250,99,True
8647,2485,2472,250,71,True
8648,2472,2464,250,89,True
8649,2464,2470,250,92,True
8650,2470,2478,250,41,True
8651,2478,2478,250,97,True
8652,2478,2478,250,54,True
8653,2478,2469,250,70,True
8654,2469,2466,250,32,True
8655,2466,2457,250,96,True
8656,2457,2476,250,0,False
8657,2476,2473,250,25,False
8658,2473,2475,250,41,True
8659,2475,2475,250,47,True
8660,2475,2459,250,45,True
8661,2459,2459,250,61,True
8662,2459,2454,250,89,True
8663,2454,2477,250,41,True
8664,2477,2482,250,91,True
8665,2482,2481,250,106,True
8666,2481,2484,250,52,True
8667,2484,2476,250,10,False
8668,2476,2471,250,93,True
8669,2471,2483,250,65,True
8670,2483,2500,250,61,True
8671,2500,2480,250,58,True
8672,2480,2484,250,28,False
8673,2484,2488,250,93,True
8674,2488,2493,250,71,True
8675,2493,2488,250,25,False
8676,2488,2489,250,26,False
8677,2489,2488,250,64,True
8678,2488,2499,250,33,True
8679,2499,2498,250,48,True
8680,2498,2500,250,51,True
8681,2500,2500,250,36,True
8682,2500,2500,250,95,True
8683,2500,2493,250,101,True
8684,2493,2500,250,37,True
8685,2500,2500,250,63,True
8686,2500,2491,250,35,True
8687,2491,2500,250,56,True
8688,2500,2500,250,87,True
8689,2500,2500,250,30,True
8690,2500,2500,250,151,True
8691,2500,2500,250,37,True
8692,2500,2500,250,81,True
8693,2500,2500,250,33,True
8694,2500,2500,250,20,False
8695,2500,2500,250,40,True
8696,2500,2500,250,50,True
8697,2500,2499,250,108,True
8698,2499,2500,250,39,True
8699,2500,2500,250,31,True
8700,2500,2500,250,48,True
8701,2500,2500,250,36,True
8702,2500,2500,250,86,True
8703,2500,2500,250,77,True
8704,2500,2500,250,78,True
8705,2500,2500,250,51,True
8706,2500,2500,250,39,True
8707,2500,2500,250,25,False
8708,2500,2500,250,69,True
8709,2500,2500,250,160,True
8710,2500,2497,250,54,True
8711,2497,2500,250,184,True
8712,2500,2500,250,86,True
8713,2500,2500,250,32,True
8714,2500,2500,250,56,True
8715,2500,2487,250,169,True
8716,2487,2500,250,37,True
8717,2500,2500,250,52,True
8718,2500,2500,250,22,False
8719,2500,2500,250,95,True
8720,2500,2492,250,90,True
8721,2492,2498,250,176,True
8722,2498,2500,250,115,True
8723,2500,2500,250,41,True
8724,2500,2500,250,88,True
8725,2500,2500,250,58,True
8726,2500,2491,250,83,True
8727,2491,2499,250,70,True
8728,2499,2496,250,70,True
8729,2496,2497,250,113,True
8730,2497,2500,250,139,True
8731,2500,2500,250,118,True
8732,2500,2500,250,29,False
8733,2500,2500,250,148,True
8734,2500,2500,250,114,True
8735,2500,2500,250,32,True
8736,2500,2500,250,2,False
8737,2500,2500,250,25,False
8738,2500,2500,250,132,True
8739,2500,2500,250,125,True
8740,2500,2500,250,64,True
8741,2500,2500,250,44,True
8742,2500,2495,250,75,True
8743,2495,2500,250,72,True
8744,2500,2500,250,229,True
8745,2500,2500,250,1,False
8746,2500,2500,250,73,True
8747,2500,2500,250,55,True
8748,2500,2500,250,70,True
8749,2500,2500,250,65,True
8750,2500,2500,250,42,True
8751,2500,2498,250,43,True
8752,2498,2500,250,40,True
8753,2500,2501,250,93,True
8754,2501,2500,250,41,True
8755,2500,2500,250,47,True
8756,2500,2500,250,40,True
8757,2500,2500,250,188,True
8758,2500,2500,250,34,True
8759,2500,2500,250,115,True
8760,2500,2497,250,48,True
8761,2497,2500,250,88,True
8762,2500,2495,250,63,True
8763,2495,2490,250,132,True
8764,2490,2497,250,52,True
8765,2497,2500,250,108,True
8766,2500,2499,250,16,False
8767,2499,2495,250,75,True
8768,2495,2483,250,22,False
8769,2483,2498,250,99,True
8770,2498,2500,250,164,True
8771,2500,2490,250,74,True
8772,2490,2493,250,40,True
8773,2493,2491,250,54,True
8774,2491,2491,250,57,True
8775,2491,2500,250,41,True
8776,2500,2496,250,43,True
8777,2496,2500,250,61,True
8778,2500,2486,250,103,True
8779,2486,2483,250,99,True
8780,2483,2486,250,69,True
8781,2486,2488,250,126,True
8782,2488,2489,250,51,True
8783,2489,2478,250,83,True
8784,2478,2473,250,41,True
8785,2473,2474,250,76,True
8786,2474,2478,250,77,True
8787,2478,2484,250,64,True
8788,2484,2471,250,57,True
8789,2471,2474,250,87,True
8790,2474,2444,250,70,True
8791,2444,2463,250,80,True
8792,2463,2445,250,71,True
8793,2445,2434,250,62,True
8794,2434,2444,250,25,False
8795,2444,2424,250,80,True
8796,2424,2439,250,105,True
8797,2439,2427,250,36,True
8798,2427,2437,250,30,True
8799,2437,2444,250,19,False
8800,2444,2435,250,70,True
8801,2435,2440,250,185,True
8802,2440,2471,250,82,True
8803,2471,2480,250,22,False
8804,2480,2474,250,39,True
8805,2474,2493,250,57,True
8806,2493,2495,250,121,True
8807,2495,2475,250,50,True
8808,2475,2486,250,72,True
8809,2486,2487,250,94,True
8810,2487,2489,250,71,True
8811,2489,2500,250,57,True
8812,2500,2500,250,42,True
8813,2500,2500,250,80,True
8814,2500,2500,250,34,True
8815,2500,2500,250,43,True
8816,2500,2500,250,45,True
8817,2500,2500,250,60,True
8818,2500,2500,250,112,True
8819,2500,2500,250,170,True
8820,2500,2500,250,3,False
8821,2500,2500,250,5,False
8822,2500,2500,250,48,True
8823,2500,2500,250,108,True
8824,2500,2500,250,95,True
8825,2500,2500,250,72,True
8826,2500,2500,250,107,True
8827,2500,2500,250,18,False
8828,2500,2500,250,89,True
8829,2500,2500,250,51,True
8830,2500,2500,250,53,True
8831,2500,2500,250,33,True
8832,2500,2500,250,53,True
8833,2500,2500,250,89,True
8834,2500,2500,250,47,True
8835,2500,2500,250,57,True
8836,2500,2500,250,20,False
8837,2500,2500,250,45,True
8838,2500,2500,250,28,False
8839,2500,2500,250,16,False
8840,2500,2500,250,26,False
8841,2500,2500,250,73,True
8842,2500,2500,250,110,True
8843,2500,2500,250,119,True
8844,2500,2500,250,106,True
8845,2500,2500,250,17,False
8846,2500,2500,250,72,True
8847,2500,2500,250,108,True
8848,2500,2500,250,84,True
8849,2500,2500,250,24,False
8850,2500,2500,250,40,True
8851,2500,2500,250,45,True
8852,2500,2500,250,25,False
8853,2500,2500,250,40,True
8854,2500,2500,250,41,True
8855,2500,2500,250,15,False
8856,2500,2500,250,119,True
8857,2500,2500,250,123,True
8858,2500,2500,250,1,False
8859,2500,2500,250,36,True
8860,2500,2500,250,25,False
8861,2500,2500,250,83,True
8862,2500,2500,250,21,False
8863,2500,2500,250,18,False
8864,2500,2500,250,54,True
8865,2500,2500,250,53,True
8866,2500,2500,250,39,True
8867,2500,2500,250,12,False
8868,2500,2500,250,32,True
8869,2500,2500,250,175,True
8870,2500,2500,250,74,True
8871,2500,2500,250,43,True
8872,2500,2500,250,46,True
8873,2500,2500,250,69,True
8874,2500,2500,250,44,True
8875,2500,2500,250,55,True
8876,2500,2500,250,97,True
8877,2500,2500,250,126,True
8878,2500,2500,250,42,True
8879,2500,2500,250,43,True
8880,2500,2500,250,4,False
8881,2500,2500,250,20,False
8882,2500,2500,250,102,True
8883,2500,2500,250,137,True
8884,2500,2500,250,37,True
8885,2500,2500,250,44,True
8886,2500,2500,250,81,True
8887,2500,2500,250,146,True
8888,2500,2500,250,77,True
8889,2500,2500,250,26,False
8890,2500,2500,250,52,True
8891,2500,2500,250,144,True
8892,2500,2500,250,68,True
8893,2500,2500,250,57,True
8894,2500,2500,250,110,True
8895,2500,2500,250,22,False
8896,2500,2500,250,54,True
8897,2500,2500,250,61,True
8898,2500,2500,250,23,False
8899,2500,2500,250,40,True
8900,2500,2500,250,107,True
8901,2500,2500,250,141,True
8902,2500,2500,250,17,False
8903,2500,2500,250,35,True
8904,2500,2500,250,69,True
8905,2500,2500,250,32,True
8906,2500,2500,250,143,True
8907,2500,2500,250,47,True
8908,2500,2500,250,179,True
8909,2500,2500,250,60,True
8910,2500,2500,250,12,False
8911,2500,2500,250,66,True
8912,2500,2500,250,70,True
8913,2500,2500,250,172,True
8914,2500,2500,250,84,True
8915,2500,2500,250,78,True
8916,2500,2500,250,63,True
8917,2500,2500,250,191,True
8918,2500,2500,250,58,True
8919,2500,2500,250,106,True
8920,2500,2500,250,104,True
8921,2500,2500,250,170,True
8922,2500,2500,250,20,False
8923,2500,2500,250,21,False
8924,2500,2500,250,63,True
8925,2500,2500,250,59,True
8926,2500,2500,250,88,True
8927,2500,2488,250,89,True
8928,2488,2492,250,47,True
8929,2492,2498,250,112,True
8930,2498,2480,250,14,False
8931,2480,2462,250,76,True
8932,2462,2435,250,99,True
8933,2435,2425,250,108,True
8934,2425,2425,250,90,True
8935,2425,2434,250,145,True
8936,2434,2441,250,88,True
8937,2441,2438,250,129,True
8938,2438,2435,250,158,True
8939,2435,2451,250,109,True
8940,2451,2456,250,39,True
8941,2456,2465,250,170,True
8942,2465,2479,250,87,True
8943,2479,2463,250,82,True
8944,2463,2457,250,56,True
8945,2457,2446,250,65,True
8946,2446,2444,250,140,True
8947,2444,2463,250,88,True
8948,2463,2486,250,32,True
8949,2486,2494,250,79,True
8950,2494,2497,250,83,True
8951,2497,2493,250,104,True
8952,2493,2490,250,42,True
8953,2490,2485,250,20,False
8954,2485,2500,250,157,True
8955,2500,2499,250,139,True
8956,2499,2500,250,43,True
8957,2500,2500,250,87,True
8958,2500,2500,250,74,True
8959,2500,2500,250,42,True
8960,2500,2500,250,79,True
8961,2500,2500,250,95,True
8962,2500,2500,250,99,True
8963,2500,2500,250,27,False
8964,2500,2500,250,56,True
8965,2500,2500,250,50,True
8966,2500,2500,250,37,True
8967,2500,2500,250,50,True
8968,2500,2500,250,113,True
8969,2500,2500,250,74,True
8970,2500,2500,250,4,False
8971,2500,2500,250,14,False
8972,2500,2500,250,28,False
8973,2500,2500,250,64,True
8974,2500,2500,250,152,True
8975,2500,2500,250,109,True
8976,2500,2500,250,41,True
8977,2500,2500,250,44,True
8978,2500,2500,250,210,True
8979,2500,2500,250,59,True
8980,2500,2500,250,42,True
8981,2500,2500,250,93,True
8982,2500,2500,250,28,False
8983,2500,2500,250,185,True
8984,2500,2500,250,146,True
8985,2500,2500,250,65,True
8986,2500,2500,250,47,True
8987,2500,2500,250,69,True
8988,2500,2500,250,38,True
8989,2500,2500,250,52,True
8990,2500,2500,250,88,True
8991,2500,2500,250,17,False
8992,2500,2500,250,0,False
8993,2500,2500,250,48,True
8994,2500,2500,250,114,True
8995,2500,2500,250,54,True
8996,2500,2500,250,42,True
8997,2500,2500,250,23,False
8998,2500,2500,250,63,True
8999,2500,2500,250,28,False
9000,2500,2500,250,32,True
9001,2500,2500,250,74,True
9002,2500,2500,250,52,True
9003,2500,2500,250,222,True
9004,2500,2500,250,61,True
9005,2500,2500,250,10,False
9006,2500,2500,250,60,True
9007,2500,2500,250,107,True
9008,2500,2500,250,84,True
9009,2500,2500,250,13,False
9010,2500,2500,250,132,True
9011,2500,2500,250,150,True
9012,2500,2500,250,127,True
9013,2500,2500,250,7,False
9014,2500,2500,250,48,True
9015,2500,2500,250,118,True
9016,2500,2500,250,96,True
9017,2500,2500,250,37,True
9018,2500,2500,250,5,False
9019,2500,2500,250,9,False
9020,2500,2500,250,54,True
9021,2500,2500,250,21,False
9022,2500,2500,250,28,False
9023,2500,2500,250,193,True
9024,2500,2500,250,1,False
9025,2500,2500,250,17,False
9026,2500,2500,250,67,True
9027,2500,2500,250,55,True
9028,2500,2500,250,48,True
9029,2500,2500,250,44,True
9030,2500,2500,250,46,True
9031,2500,2500,250,8,False
9032,2500,2500,250,64,True
9033,2500,2500,250,0,False
9034,2500,2500,250,66,True
9035,2500,2500,250,32,True
9036,2500,2500,250,73,True
9037,2500,2500,250,47,True
9038,2500,2500,250,49,True
9039,2500,2500,250,26,False
9040,2500,2500,250,44,True
9041,2500,2500,250,44,True
9042,2500,2500,250,43,True
9043,2500,2500,250,52,True
9044,2500,2500,250,111,True
9045,2500,2500,250,65,True
9046,2500,2500,250,34,True
9047,2500,2500,250,53,True
9048,2500,2500,250,126,True
9049,2500,2500,250,25,False
9050,2500,2500,250,41,True
9051,2500,2500,250,114,True
9052,2500,2500,250,69,True
9053,2500,2500,250,31,True
9054,2500,2500,250,45,True
9055,2500,2500,250,148,True
9056,2500,2500,250,115,True
9057,2500,2500,250,17,False
9058,2500,2500,250,108,True
9059,2500,2500,250,104,True
9060,2500,2500,250,11,False
9061,2500,2500,250,40,True
9062,2500,2500,250,88,True
9063,2500,2500,250,42,True
9064,2500,2500,250,131,True
9065,2500,2500,250,89,True
9066,2500,2500,250,46,True
9067,2500,2500,250,41,True
9068,2500,2500,250,17,False
9069,2500,2500,250,242,True
9070,2500,2500,250,202,True
9071,2500,2500,250,53,True
9072,2500,2500,250,48,True
9073,2500,2500,250,35,True
9074,2500,2500,250,39,True
9075,2500,2500,250,53,True
9076,2500,2500,250,163,True
9077,2500,2500,250,85,True
9078,2500,2500,250,20,False
9079,2500,2500,250,25,False
9080,2500,2500,250,117,True
9081,2500,2500,250,59,True
9082,2500,2500,250,42,True
9083,2500,2500,250,99,True
9084,2500,2500,250,114,True
9085,2500,2500,250,34,True
9086,2500,2500,250,30,True
9087,2500,2500,250,61,True
9088,2500,2500,250,202,True
9089,2500,2500,250,54,True
9090,2500,2500,250,53,True
9091,2500,2500,250,122,True
9092,2500,2500,250,54,True
9093,2500,2500,250,105,True
9094,2500,2500,250,61,True
9095,2500,2500,250,30,True
9096,2500,2500,250,130,True
9097,2500,2500,250,25,False
9098,2500,2500,250,97,True
9099,2500,2500,250,71,True
9100,2500,2500,250,13,False
9101,2500,2500,250,105,True
9102,2500,2500,250,47,True
9103,2500,2500,250,48,True
9104,2500,2500,250,245,True
9105,2500,2500,250,121,True
9106,2500,2500,250,34,True
9107,2500,2500,250,16,False
9108,2500,2500,250,57,True
9109,2500,2500,250,111,True
9110,2500,2500,250,246,True
9111,2500,2500,250,52,True
9112,2500,2500,250,39,True
9113,2500,2500,250,77,True
9114,2500,2500,250,13,False
9115,2500,2500,250,50,True
9116,2500,2500,250,7,False
9117,2500,2500,250,24,False
9118,2500,2500,250,66,True
9119,2500,2500,250,8,False
9120,2500,2500,250,53,True
9121,2500,2500,250,45,True
9122,2500,2500,250,77,True
9123,2500,2500,250,22,False
9124,2500,2500,250,12,False
9125,2500,2500,250,2,False
9126,2500,2500,250,150,True
9127,2500,2500,250,235,True
9128,2500,2500,250,7,False
9129,2500,2500,250,122,True
9130,2500,2500,250,95,True
9131,2500,2500,250,42,True
9132,2500,2500,250,47,True
9133,2500,2500,250,96,True
9134,2500,2500,250,55,True
9135,2500,2500,250,22,False
9136,2500,2500,250,0,False
9137,2500,2500,250,39,True
9138,2500,2500,250,77,True
9139,2500,2500,250,79,True
9140,2500,2500,250,38,True
9141,2500,2500,250,61,True
9142,2500,2500,250,9,False
9143,2500,2500,250,12,False
9144,2500,2500,250,49,True
9145,2500,2500,250,60,True
9146,2500,2500,250,31,True
9147,2500,2500,250,37,True
9148,2500,2500,250,20,False
9149,2500,2500,250,69,True
9150,2500,2500,250,23,False
9151,2500,2500,250,3,False
9152,2500,2500,250,76,True
9153,2500,2500,250,89,True
9154,2500,2500,250,21,False
9155,2500,2500,250,111,True
9156,2500,2500,250,47,True
9157,2500,2500,250,95,True
9158,2500,2500,250,31,True
9159,2500,2500,250,63,True
9160,2500,2500,250,109,True
9161,2500,2500,250,45,True
9162,2500,2500,250,33,True
9163,2500,2500,250,61,True
9164,2500,2500,250,30,True
9165,2500,2500,250,147,True
9166,2500,2500,250,234,True
9167,2500,2500,250,8,False
9168,2500,2500,250,83,True
9169,2500,2500,250,75,True
9170,2500,2500,250,41,True
9171,2500,2500,250,68,True
9172,2500,2500,250,24,False
9173,2500,2500,250,30,True
9174,2500,2500,250,65,True
9175,2500,2500,250,92,True
9176,2500,2500,250,31,True
9177,2500,2500,250,30,True
9178,2500,2500,250,26,False
9179,2500,2500,250,8,False
9180,2500,2500,250,15,False
9181,2500,2500,250,47,True
9182,2500,2500,250,50,True
9183,2500,2500,250,22,False
9184,2500,2500,250,68,True
9185,2500,2500,250,94,True
9186,2500,2500,250,84,True
9187,2500,2500,250,57,True
9188,2500,2500,250,32,True
9189,2500,2500,250,14,False
9190,2500,2500,250,17,False
9191,2500,2500,250,67,True
9192,2500,2500,250,84,True
9193,2500,2500,250,236,True
9194,2500,2500,250,68,True
9195,2500,2500,250,143,True
9196,2500,2500,250,94,True
9197,2500,2500,250,65,True
9198,2500,2500,250,21,False
9199,2500,2500,250,18,False
9200,2500,2500,250,30,True
9201,2500,2500,250,42,True
9202,2500,2500,250,95,True
9203,2500,2500,250,41,True
9204,2500,2500,250,40,True
9205,2500,2500,250,81,True
9206,2500,2500,250,17,False
9207,2500,2500,250,32,True
9208,2500,2500,250,10,False
9209,2500,2500,250,5,False
9210,2500,2500,250,19,False
9211,2500,2500,250,14,False
9212,2500,2500,250,148,True
9213,2500,2500,250,28,False
9214,2500,2500,250,63,True
9215,2500,2500,250,50,True
9216,2500,2500,250,43,True
9217,2500,2500,250,27,False
9218,2500,2500,250,52,True
9219,2500,2500,250,118,True
9220,2500,2500,250,16,False
9221,2500,2500,250,29,False
9222,2500,2500,250,22,False
9223,2500,2500,250,54,True
9224,2500,2500,250,48,True
9225,2500,2500,250,121,True
9226,2500,2500,250,41,True
9227,2500,2500,250,49,True
9228,2500,2500,250,116,True
9229,2500,2500,250,151,True
9230,2500,2500,250,128,True
9231,2500,2500,250,131,True
9232,2500,2500,250,40,True
9233,2500,2500,250,50,True
9234,2500,2500,250,101,True
9235,2500,2500,250,34,True
9236,2500,2500,250,62,True
9237,2500,2500,250,10,False
9238,2500,2500,250,60,True
9239,2500,2500,250,51,True
9240,2500,2500,250,11,False
9241,2500,2500,250,60,True
9242,2500,2500,250,43,True
9243,2500,2500,250,61,True
9244,2500,2500,250,42,True
9245,2500,2500,250,46,True
9246,2500,2500,250,90,True
9247,2500,2500,250,56,True
9248,2500,2500,250,82,True
9249,2500,2500,250,89,True
9250,2500,2500,250,91,True
9251,2500,2500,250,34,True
9252,2500,2500,250,58,True
9253,2500,2500,250,135,True
9254,2500,2500,250,74,True
9255,2500,2500,250,243,True
9256,2500,2500,250,100,True
9257,2500,2500,250,38,True
9258,2500,2500,250,46,True
9259,2500,2500,250,239,True
9260,2500,2500,250,3,False
9261,2500,2500,250,207,True
9262,2500,2500,250,24,False
9263,2500,2500,250,184,True
9264,2500,2500,250,124,True
9265,2500,2500,250,163,True
9266,2500,2500,250,45,True
9267,2500,2500,250,25,False
9268,2500,2500,250,46,True
9269,2500,2500,250,53,True
9270,2500,2500,250,197,True
9271,2500,2500,250,18,False
9272,2500,2500,250,86,True
9273,2500,2500,250,34,True
9274,2500,2500,250,81,True
9275,2500,2500,250,29,False
9276,2500,2500,250,249,True
9277,2500,2500,250,65,True
9278,2500,2500,250,52,True
9279,2500,2500,250,49,True
9280,2500,2500,250,70,True
9281,2500,2500,250,18,False
9282,2500,2500,250,171,True
9283,2500,2500,250,44,True
9284,2500,2500,250,41,True
9285,2500,2500,250,173,True
9286,2500,2500,250,80,True
9287,2500,2500,250,81,True
9288,2500,2500,250,60,True
9289,2500,2500,250,187,True
9290,2500,2500,250,44,True
9291,2500,2500,250,47,True
9292,2500,2500,250,80,True
9293,2500,2500,250,28,False
9294,2500,2500,250,57,True
9295,2500,2500,250,109,True
9296,2500,2500,250,77,True
9297,2500,2500,250,52,True
9298,2500,2500,250,22,False
9299,2500,2500,250,50,True
9300,2500,2500,250,48,True
9301,2500,2500,250,55,True
9302,2500,2500,250,16,False
9303,2500,2500,250,15,False
9304,2500,2500,250,9,False
9305,2500,2500,250,96,True
9306,2500,2500,250,246,True
9307,2500,2500,250,32,True
9308,2500,2500,250,28,False
9309,2500,2500,250,11,False
9310,2500,2500,250,238,True
9311,2500,2500,250,75,True
9312,2500,2500,250,51,True
9313,2500,2500,250,35,True
9314,2500,2500,250,39,True
9315,2500,2500,250,94,True
9316,2500,2500,250,111,True
9317,2500,2500,250,171,True
9318,2500,2500,250,36,True
9319,2500,2500,250,119,True
9320,2500,2500,250,131,True
9321,2500,2500,250,188,True
9322,2500,2500,250,82,True
9323,2500,2500,250,144,True
9324,2500,2500,250,47,True
9325,2500,2500,250,191,True
9326,2500,2500,250,28,False
9327,2500,2500,250,46,True
9328,2500,2500,250,132,True
9329,2500,2500,250,119,True
9330,2500,2500,250,25,False
9331,2500,2500,250,46,True
9332,2500,2500,250,53,True
9333,2500,2500,250,24,False
9334,2500,2500,250,66,True
9335,2500,2500,250,57,True
9336,2500,2500,250,88,True
9337,2500,2500,250,110,True
9338,2500,2500,250,125,True
9339,2500,2500,250,47,True
9340,2500,2500,250,107,True
9341,2500,2500,250,26,False
9342,2500,2500,250,8,False
9343,2500,2500,250,34,True
9344,2500,2500,250,61,True
9345,2500,2500,250,65,True
9346,2500,2500,250,31,True
9347,2500,2500,250,78,True
9348,2500,2500,250,63,True
9349,2500,2500,250,53,True
9350,2500,2500,250,45,True
9351,2500,2500,250,69,True
9352,2500,2500,250,143,True
9353,2500,2500,250,23,False
9354,2500,2500,250,73,True
9355,2500,2500,250,119,True
9356,2500,2500,250,57,True
9357,2500,2500,250,29,False
9358,2500,2500,250,38,True
9359,2500,2500,250,77,True
9360,2500,2500,250,56,True
9361,2500,2500,250,91,True
9362,2500,2500,250,12,False
9363,2500,2500,250,27,False
9364,2500,2500,250,5,False
9365,2500,2500,250,14,False
9366,2500,2500,250,78,True
9367,2500,2500,250,44,True
9368,2500,2500,250,89,True
9369,2500,2500,250,73,True
9370,2500,2500,250,69,True
9371,2500,2500,250,55,True
9372,2500,2500,250,59,True
9373,2500,2500,250,16,False
9374,2500,2500,250,38,True
9375,2500,2500,250,50,True
9376,2500,2500,250,86,True
9377,2500,2500,250,106,True
9378,2500,2500,250,45,True
9379,2500,2500,250,13,False
9380,2500,2500,250,30,True
9381,2500,2500,250,32,True
9382,2500,2500,250,46,True
9383,2500,2500,250,100,True
9384,2500,2500,250,102,True
9385,2500,2500,250,6,False
9386,2500,2500,250,64,True
9387,2500,2500,250,75,True
9388,2500,2500,250,11,False
9389,2500,2500,250,56,True
9390,2500,2500,250,166,True
9391,2500,2500,250,71,True
9392,2500,2500,250,78,True
9393,2500,2500,250,36,True
9394,2500,2500,250,112,True
9395,2500,2500,250,67,True
9396,2500,2500,250,58,True
9397,2500,2500,250,201,True
9398,2500,2500,250,66,True
9399,2500,2500,250,126,True
9400,2500,2500,250,8,False
9401,2500,2500,250,67,True
9402,2500,2500,250,33,True
9403,2500,2500,250,79,True
9404,2500,2500,250,99,True
9405,2500,2500,250,69,True
9406,2500,2500,250,82,True
9407,2500,2500,250,86,True
9408,2500,2500,250,47,True
9409,2500,2500,250,72,True
9410,2500,2500,250,8,False
9411,2500,2500,250,78,True
9412,2500,2500,250,48,True
9413,2500,2500,250,127,True
9414,2500,2500,250,55,True
9415,2500,2500,250,13,False
9416,2500,2500,250,84,True
9417,2500,2500,250,47,True
9418,2500,2500,250,76,True
9419,2500,2500,250,210,True
9420,2500,2500,250,94,True
9421,2500,2500,250,220,True
9422,2500,2500,250,128,True
9423,2500,2500,250,81,True
9424,2500,2500,250,16,False
9425,2500,2500,250,44,True
9426,2500,2500,250,136,True
9427,2500,2500,250,115,True
9428,2500,2500,250,161,True
9429,2500,2500,250,118,True
9430,2500,2500,250,54,True
9431,2500,2500,250,73,True
9432,2500,2500,250,184,True
9433,2500,2493,250,184,True
9434,2493,2490,250,109,True
9435,2490,2496,250,30,True
9436,2496,2500,250,101,True
9437,2500,2500,250,25,False
9438,2500,2500,250,180,True
9439,2500,2494,250,159,True
9440,2494,2496,250,178,True
9441,2496,2490,250,210,True
9442,2490,2490,250,148,True
9443,2490,2482,250,78,True
9444,2482,2490,250,141,True
9445,2490,2489,250,71,True
9446,2489,2496,250,146,True
9447,2496,2500,250,63,True
9448,2500,2486,250,115,True
9449,2486,2464,250,184,True
9450,2464,2474,250,66,True
9451,2474,2463,250,156,True
9452,2463,2446,250,64,True
9453,2446,2402,250,97,True
9454,2402,2385,250,145,True
9455,2385,2408,250,92,True
9456,2408,2403,250,117,True
9457,2403,2398,250,80,True
9458,2398,2379,250,116,True
9459,2379,2289,250,98,True
9460,2289,2277,250,145,True
9461,2277,2281,250,179,True
9462,2281,2244,250,186,True
9463,2244,2078,250,157,True
9464,2078,1890,250,142,True
9465,1890,1703,250,144,True
9466,1703,1543,250,135,True
9467,1543,1596,250,211,True
9468,1596,1502,250,120,True
9469,1502,1482,250,171,True
9470,1482,1504,250,97,True
9471,1504,1526,250,169,True
9472,1526,1516,250,179,True
9473,1516,1626,250,167,True
9474,1626,1657,250,136,True
9475,1657,1702,250,158,True
9476,1702,1624,250,92,True
9477,1624,1617,250,180,True
9478,1617,1544,250,68,True
9479,1544,1389,250,123,True
9480,1389,1318,250,180,True
9481,1318,1299,250,207,True
9482,1299,1222,250,141,True
9483,1222,1223,250,225,True
9484,1223,1258,250,156,True
9485,1258,1211,250,182,True
9486,1211,1238,250,144,True
9487,1238,1289,250,124,True
9488,1289,1276,250,126,True
9489,1276,1316,250,116,True
9490,1316,1294,250,186,True
9491,1294,1303,250,153,True
9492,1303,1318,250,74,True
9493,1318,1306,250,117,True
9494,1306,1318,250,90,True
9495,1318,1329,250,153,True
9496,1329,1265,250,199,True
9497,1265,1207,250,169,True
9498,1207,1245,250,121,True
9499,1245,1267,250,110,True
9500,1267,1287,250,126,True
9501,1287,1258,250,182,True
9502,1258,1341,250,200,True
9503,1341,1408,250,206,True
9504,1408,1469,250,145,True
9505,1469,1458,250,181,True
9506,1458,1479,250,181,True
9507,1479,1481,250,142,True
9508,1481,1514,250,135,True
9509,1514,1472,250,173,True
9510,1472,1500,250,118,True
9511,1500,1480,250,169,True
9512,1480,1523,250,171,True
9513,1523,1587,250,175,True
9514,1587,1637,250,156,True
9515,1637,1659,250,211,True
9516,1659,1658,250,157,True
9517,1658,1571,250,177,True
9518,1571,1616,250,175,True
9519,1616,1723,250,159,True
9520,1723,1697,250,183,True
9521,1697,1674,250,190,True
9522,1674,1635,250,146,True
9523,1635,1547,250,119,True
9524,1547,1544,250,167,True
9525,1544,1305,250,101,True
9526,1305,1298,250,92,True
9527,1298,1294,250,111,True
9528,1294,1325,250,104,True
9529,1325,1359,250,151,True
9530,1359,1380,250,171,True
9531,1380,1367,250,124,True
9532,1367,1359,250,142,True
9533,1359,1474,250,159,True
9534,1474,1362,250,164,True
9535,1362,1362,250,194,True
9536,1362,1373,250,137,True
9537,1373,1325,250,141,True
9538,1325,1278,250,139,True
9539,1278,1261,250,158,True
9540,1261,1312,250,143,True
9541,1312,1327,250,145,True
9542,1327,1254,250,152,True
9543,1254,1286,250,136,True
9544,1286,1329,250,184,True
9545,1329,1414,250,130,True
9546,1414,1371,250,205,True
9547,1371,1467,250,141,True
9548,1467,1376,250,122,True
9549,1376,1408,250,204,True
9550,1408,1188,250,194,True
9551,1188,1195,250,144,True
9552,1195,1218,250,203,True
9553,1218,1191,250,196,True
9554,1191,1152,250,226,True
9555,1152,1201,250,159,True
9556,1201,1131,250,228,True
9557,1131,1218,250,183,True
9558,1218,1061,250,240,True
9559,1061,1078,250,234,True
9560,1078,1025,184,99,True
9561,1025,992,181,119,True
9562,992,973,161,109,True
9563,973,907,226,146,True
9564,907,910,234,96,True
9565,910,1010,250,119,True
9566,1010,1013,250,87,True
9567,1013,1000,250,100,True
9568,1000,1012,250,50,True
9569,1012,1074,250,149,True
9570,1074,1106,250,98,True
9571,1106,1140,250,32,True
9572,1140,1119,250,86,True
9573,1119,1155,250,105,True
9574,1155,1162,250,102,True
9575,1162,955,250,131,True
9576,955,975,250,118,True
9577,975,931,250,69,True
9578,931,944,250,137,True
9579,944,986,250,95,True
9580,986,986,250,116,True
9581,986,1015,250,172,True
9582,1015,1049,250,174,True
9583,1049,972,250,117,True
9584,972,992,250,60,True
9585,992,1005,250,66,True
9586,1005,1069,250,127,True
9587,1069,1138,250,90,True
9588,1138,1117,250,156,True
9589,1117,1153,250,27,False
9590,1153,1188,250,36,True
9591,1188,1117,250,120,True
9592,1117,1159,250,68,True
9593,1159,1158,250,59,True
9594,1158,1159,250,46,True
9595,1159,1119,250,149,True
9596,1119,1155,250,139,True
9597,1155,1192,250,100,True
9598,1192,1214,250,58,True
9599,1214,1089,250,93,True
9600,1089,1046,250,94,True
9601,1046,1053,250,71,True
9602,1053,1073,250,27,False
9603,1073,1075,250,61,True
9604,1075,1134,250,72,True
9605,1134,1116,250,41,True
9606,1116,1139,250,136,True
9607,1139,1104,250,40,True
9608,1104,1058,250,121,True
9609,1058,1085,250,86,True
9610,1085,1097,250,112,True
9611,1097,1092,250,72,True
9612,1092,1117,250,71,True
9613,1117,1121,250,99,True
9614,1121,1140,250,88,True
9615,1140,1111,250,137,True
9616,1111,1132,250,47,True
9617,1132,1072,250,59,True
9618,1072,1054,250,91,True
9619,1054,989,250,47,True
9620,989,970,250,41,True
9621,970,998,250,81,True
9622,998,979,250,100,True
9623,979,964,250,83,True
9624,964,967,250,42,True
9625,967,962,250,63,True
9626,962,973,250,42,True
9627,973,949,250,95,True
9628,949,921,250,121,True
9629,921,882,250,97,True
9630,882,868,250,47,True
9631,868,877,250,122,True
9632,877,824,250,44,True
9633,824,807,250,58,True
9634,807,812,250,68,True
9635,812,813,250,96,True
9636,813,801,250,115,True
9637,801,812,250,89,True
9638,812,817,250,28,False
9639,817,805,250,77,True
9640,805,760,250,6,False
9641,760,780,250,76,True
9642,780,759,250,74,True
9643,759,762,250,88,True
9644,762,773,250,84,True
9645,773,797,250,46,True
9646,797,781,250,66,True
9647,781,821,250,73,True
9648,821,791,250,14,False
9649,791,790,250,14,False
9650,790,795,250,15,False
9651,795,768,250,109,True
9652,768,777,250,73,True
9653,777,785,250,88,True
9654,785,801,250,74,True
9655,801,815,250,79,True
9656,815,747,250,65,True
9657,747,768,250,74,True
9658,768,769,250,84,True
9659,769,745,250,51,True
9660,745,768,250,225,True
9661,768,772,250,44,True
9662,772,800,250,33,True
9663,800,794,250,57,True
9664,794,807,250,41,True
9665,807,790,250,13,False
9666,790,808,250,119,True
9667,808,800,250,56,True
9668,800,782,250,102,True
9669,782,816,250,1,False
9670,816,814,250,17,False
9671,814,797,250,26,False
9672,797,843,250,69,True
9673,843,839,250,96,True
9674,839,889,250,68,True
9675,889,855,250,111,True
9676,855,850,250,118,True
9677,850,868,250,30,True
9678,868,859,250,79,True
9679,859,908,250,53,True
9680,908,894,250,55,True
9681,894,836,250,70,True
9682,836,867,250,18,False
9683,867,915,250,15,False
9684,915,909,250,153,True
9685,909,885,250,64,True
9686,885,892,250,101,True
9687,892,890,250,20,False
9688,890,903,250,3,False
9689,903,920,250,66,True
9690,920,939,250,62,True
9691,939,929,250,112,True
9692,929,957,250,5,False
9693,957,960,250,74,True
9694,960,968,250,243,True
9695,968,987,250,49,True
9696,987,939,250,171,True
9697,939,956,250,146,True
9698,956,947,250,99,True
9699,947,940,250,97,True
9700,940,960,250,44,True
9701,960,935,250,59,True
9702,935,1006,250,83,True
9703,1006,980,250,12,False
9704,980,1009,250,21,False
9705,1009,961,250,41,True
9706,961,1015,250,115,True
9707,1015,975,250,8,False
9708,975,1010,250,75,True
9709,1010,1048,250,36,True
9710,1048,1051,250,242,True
9711,1051,1071,250,34,True
9712,1071,1087,250,91,True
9713,1087,1020,250,57,True
9714,1020,1042,250,46,True
9715,1042,1073,250,44,True
9716,1073,1120,250,55,True
9717,1120,1133,250,21,False
9718,1133,1183,250,2,False
9719,1183,1264,250,42,True
9720,1264,1273,250,130,True
9721,1273,1284,250,250,True
9722,1284,1257,250,92,True
9723,1257,1183,250,152,True
9724,1183,1120,250,102,True
9725,1120,1058,250,27,False
9726,1058,1070,250,76,True
9727,1070,1051,250,146,True
9728,1051,1027,250,42,True
9729,1027,1008,250,69,True
9730,1008,1036,250,99,True
9731,1036,1057,250,34,True
9732,1057,1045,250,43,True
9733,1045,1044,250,1,False
9734,1044,1095,250,61,True
9735,1095,1044,250,106,True
9736,1044,1079,250,118,True
9737,1079,1037,250,142,True
9738,1037,1085,250,46,True
9739,1085,1059,250,95,True
9740,1059,1074,250,37,True
9741,1074,1099,250,49,True
9742,1099,1093,250,68,True
9743,1093,1088,250,34,True
9744,1088,1058,250,50,True
9745,1058,1103,250,30,True
9746,1103,1081,250,102,True
9747,1081,1068,250,29,False
9748,1068,1085,250,12,False
9749,1085,1049,250,6,False
9750,1049,1046,250,4,False
9751,1046,1081,250,0,False
9752,1081,1065,250,32,True
9753,1065,1071,250,12,False
9754,1071,1109,250,0,False
9755,1109,1135,250,5,False
9756,1135,1155,250,12,False
9757,1155,1147,250,11,False
9758,1147,1146,250,6,False
9759,1146,1204,250,38,True
9760,1204,1183,250,30,True
9761,1183,1188,250,84,True
9762,1188,1184,250,57,True
9763,1184,1186,250,67,True
9764,1186,1160,250,42,True
9765,1160,1192,250,12,False
9766,1192,1175,250,81,True
9767,1175,1149,250,129,True
9768,1149,1136,250,126,True
9769,1136,1151,250,128,True
9770,1151,1156,250,100,True
9771,1156,1166,250,46,True
9772,1166,1145,250,31,True
9773,1145,1173,250,31,True
9774,1173,1175,250,40,True
9775,1175,1178,250,58,True
9776,1178,1176,250,115,True
9777,1176,1167,250,84,True
9778,1167,1178,250,9,False
9779,1178,1241,250,1,False
9780,1241,1251,250,6,False
9781,1251,1224,250,45,True
9782,1224,1285,250,111,True
9783,1285,1281,250,24,False
9784,1281,1228,250,101,True
9785,1228,1261,250,35,True
9786,1261,1316,250,49,True
9787,1316,1286,250,77,True
9788,1286,1293,250,4,False
9789,1293,1283,250,48,True
9790,1283,1273,250,83,True
9791,1273,1291,250,17,False
9792,1291,1243,250,74,True
9793,1243,1254,250,57,True
9794,1254,1254,250,60,True
9795,1254,1306,250,35,True
9796,1306,1293,250,39,True
9797,1293,1322,250,19,False
9798,1322,1354,250,14,False
9799,1354,1300,250,91,True
9800,1300,1337,250,91,True
9801,1337,1375,250,12,False
9802,1375,1372,250,222,True
9803,1372,1324,250,35,True
9804,1324,1297,250,30,True
9805,1297,1268,250,96,True
9806,1268,1307,250,241,True
9807,1307,1286,250,27,False
9808,1286,1292,250,24,False
9809,1292,1294,250,21,False
9810,1294,1236,250,42,True
9811,1236,1289,250,22,False
9812,1289,1297,250,2,False
9813,1297,1321,250,15,False
9814,1321,1359,250,64,True
9815,1359,1340,250,11,False
9816,1340,1331,250,4,False
9817,1331,1325,250,15,False
9818,1325,1353,250,60,True
9819,1353,1333,250,32,True
9820,1333,1345,250,18,False
9821,1345,1413,250,23,False
9822,1413,1352,250,44,True
9823,1352,1369,250,176,True
9824,1369,1408,250,25,False
9825,1408,1404,250,43,True
9826,1404,1429,250,31,True
9827,1429,1437,250,48,True
9828,1437,1562,250,77,True
9829,1562,1558,250,57,True
9830,1558,1536,250,33,True
9831,1536,1529,250,43,True
9832,1529,1550,250,55,True
9833,1550,1581,250,24,False
9834,1581,1624,250,111,True
9835,1624,1591,250,10,False
9836,1591,1589,250,51,True
9837,1589,1581,250,189,True
9838,1581,1603,250,19,False
9839,1603,1561,250,100,True
9840,1561,1619,250,58,True
9841,1619,1574,250,32,True
9842,1574,1575,250,84,True
9843,1575,1634,250,33,True
9844,1634,1728,250,31,True
9845,1728,1712,250,64,True
9846,1712,1724,250,38,True
9847,1724,1682,250,60,True
9848,1682,1689,250,70,True
9849,1689,1654,250,33,True
9850,1654,1666,250,46,True
9851,1666,1666,250,33,True
9852,1666,1645,250,45,True
9853,1645,1645,250,72,True
9854,1645,1656,250,65,True
9855,1656,1630,250,43,True
9856,1630,1658,250,37,True
9857,1658,1654,250,67,True
9858,1654,1659,250,56,True
9859,1659,1681,250,64,True
9860,1681,1674,250,71,True
9861,1674,1758,250,71,True
9862,1758,1737,250,59,True
9863,1737,1716,250,66,True
9864,1716,1704,250,91,True
9865,1704,1754,250,96,True
9866,1754,1702,250,61,True
9867,1702,1772,250,71,True
9868,1772,1773,250,157,True
9869,1773,1741,250,108,True
9870,1741,1725,250,52,True
9871,1725,1764,250,99,True
9872,1764,1724,250,50,True
9873,1724,1678,250,119,True
9874,1678,1638,250,37,True
9875,1638,1594,250,67,True
9876,1594,1625,250,31,True
9877,1625,1573,250,41,True
9878,1573,1519,250,98,True
9879,1519,1483,250,57,True
9880,1483,1483,250,82,True
9881,1483,1498,250,70,True
9882,1498,1453,250,53,True
9883,1453,1399,250,32,True
9884,1399,1414,250,49,True
9885,1414,1376,250,140,True
9886,1376,1396,250,31,True
9887,1396,1411,250,74,True
9888,1411,1433,250,34,True
9889,1433,1458,250,62,True
9890,1458,1481,250,51,True
9891,1481,1523,250,34,True
9892,1523,1511,250,59,True
9893,1511,1527,250,111,True
9894,1527,1484,250,176,True
9895,1484,1449,250,23,False
9896,1449,1450,250,33,True
9897,1450,1521,250,24,False
9898,1521,1460,250,162,True
9899,1460,1479,250,64,True
9900,1479,1502,250,91,True
9901,1502,1552,250,96,True
9902,1552,1537,250,64,True
9903,1537,1500,250,130,True
9904,1500,1577,250,181,True
9905,1577,1594,250,3,False
9906,1594,1609,250,34,True
9907,1609,1608,250,16,False
9908,1608,1590,250,61,True
9909,1590,1493,250,90,True
9910,1493,1509,250,71,True
9911,1509,1454,250,31,True
9912,1454,1471,250,32,True
9913,1471,1455,250,45,True
9914,1455,1457,250,12,False
9915,1457,1459,250,82,True
9916,1459,1427,250,31,True
9917,1427,1489,250,62,True
9918,1489,1528,250,49,True
9919,1528,1568,250,5,False
9920,1568,1506,250,126,True
9921,1506,1551,250,32,True
9922,1551,1522,250,76,True
9923,1522,1536,250,28,False
9924,1536,1566,250,37,True
9925,1566,1574,250,1,False
9926,1574,1542,250,55,True
9927,1542,1566,250,21,False
9928,1566,1603,250,99,True
9929,1603,1592,250,43,True
9930,1592,1610,250,136,True
9931,1610,1652,250,73,True
9932,1652,1605,250,89,True
9933,1605,1629,250,85,True
9934,1629,1708,250,57,True
9935,1708,1705,250,69,True
9936,1705,1685,250,101,True
9937,1685,1746,250,27,False
9938,1746,1716,250,34,True
9939,1716,1723,250,62,True
9940,1723,1730,250,121,True
9941,1730,1681,250,82,True
9942,1681,1706,250,28,False
9943,1706,1664,250,74,True
9944,1664,1704,250,129,True
9945,1704,1654,250,75,True
9946,1654,1649,250,65,True
9947,1649,1674,250,28,False
9948,1674,1704,250,110,True
9949,1704,1745,250,95,True
9950,1745,1657,250,76,True
9951,1657,1649,250,109,True
9952,1649,1686,250,76,True
9953,1686,1731,250,115,True
9954,1731,1752,250,60,True
9955,1752,1740,250,43,True
9956,1740,1799,250,66,True
9957,1799,1829,250,49,True
9958,1829,1879,250,78,True
9959,1879,1862,250,55,True
9960,1862,1871,250,91,True
9961,1871,1870,250,41,True
9962,1870,1852,250,115,True
9963,1852,1899,250,92,True
9964,1899,1875,250,86,True
9965,1875,1903,250,213,True
9966,1903,1873,250,107,True
9967,1873,1862,250,107,True
9968,1862,1869,250,91,True
9969,1869,1831,250,47,True
9970,1831,1770,250,125,True
9971,1770,1768,250,84,True
9972,1768,1744,250,45,True
9973,1744,1714,250,6,False
9974,1714,1708,250,17,False
9975,1708,1715,250,134,True
9976,1715,1701,250,63,True
9977,1701,1653,250,64,True
9978,1653,1615,250,59,True
9979,1615,1645,250,30,True
9980,1645,1604,250,69,True
9981,1604,1608,250,120,True
9982,1608,1674,250,94,True
9983,1674,1753,250,37,True
9984,1753,1737,250,44,True
9985,1737,1767,250,78,True
9986,1767,1756,250,14,False
9987,1756,1762,250,83,True
9988,1762,1778,250,100,True
9989,1778,1709,250,82,True
9990,1709,1566,250,80,True
9991,1566,1422,250,90,True
9992,1422,1431,250,23,False
9993,1431,1353,250,93,True
9994,1353,1318,250,105,True
9995,1318,1338,250,56,True
9996,1338,1291,250,9,False
9997,1291,1328,250,85,True
9998,1328,1291,250,79,True
9999,1291,1299,250,56,True
10000,1299,1276,250,47,True
10001,1276,1249,250,17,False
10002,1249,1316,250,105,True
10003,1316,1339,250,92,True
10004,1339,1410,250,49,True
10005,1410,1460,250,142,True
10006,1460,1409,250,52,True
10007,1409,1517,250,38,True
10008,1517,1502,250,142,True
10009,1502,1491,250,60,True
10010,1491,1417,250,79,True
10011,1417,1314,250,68,True
10012,1314,1240,250,53,True
10013,1240,1206,250,22,False
10014,1206,1245,250,57,True
10015,1245,1197,250,38,True
10016,1197,1182,250,91,True
10017,1182,1173,250,61,True
10018,1173,1169,250,22,False
10019,1169,1144,250,24,False
10020,1144,1186,250,63,True
10021,1186,1169,250,38,True
10022,1169,1177,250,86,True
10023,1177,1192,250,107,True
10024,1192,1197,250,52,True
10025,1197,1196,250,28,False
10026,1196,1158,250,14,False
10027,1158,1182,250,117,True
10028,1182,1217,250,32,True
10029,1217,1197,250,40,True
10030,1197,1209,250,56,True
10031,1209,1249,250,96,True
10032,1249,1321,250,10,False
10033,1321,1345,250,21,False
10034,1345,1357,250,127,True
10035,1357,1449,250,48,True
10036,1449,1453,250,68,True
10037,1453,1463,250,68,True
10038,1463,1480,250,247,True
10039,1480,1466,250,20,False
10040,1466,1495,250,3,False
10041,1495,1529,250,129,True
10042,1529,1509,250,65,True
10043,1509,1523,250,70,True
10044,1523,1552,250,141,True
10045,1552,1470,250,31,True
10046,1470,1465,250,79,True
10047,1465,1475,250,170,True
10048,1475,1533,250,37,True
10049,1533,1581,250,65,True
10050,1581,1565,250,116,True
10051,1565,1631,250,60,True
10052,1631,1649,250,62,True
10053,1649,1668,250,51,True
10054,1668,1729,250,135,True
10055,1729,1787,250,63,True
10056,1787,1841,250,61,True
10057,1841,1835,250,84,True
10058,1835,1888,250,148,True
10059,1888,1934,250,62,True
10060,1934,1946,250,62,True
10061,1946,1957,250,28,False
10062,1957,1953,250,88,True
10063,1953,1923,250,65,True
10064,1923,1929,250,96,True
10065,1929,1926,250,81,True
10066,1926,1919,250,92,True
10067,1919,1980,250,89,True
10068,1980,1930,250,73,True
10069,1930,1888,250,14,False
10070,1888,1953,250,70,True
10071,1953,2002,250,54,True
10072,2002,2056,250,120,True
10073,2056,2121,250,71,True
10074,2121,2159,250,113,True
10075,2159,2146,250,172,True
10076,2146,2138,250,22,False
10077,2138,2157,250,65,True
10078,2157,2158,250,92,True
10079,2158,2198,250,24,False
10080,2198,2200,250,80,True
10081,2200,2189,250,39,True
10082,2189,2218,250,74,True
10083,2218,2217,250,7,False
10084,2217,2180,250,89,True
10085,2180,2224,250,63,True
10086,2224,2225,250,80,True
10087,2225,2232,250,56,True
10088,2232,2253,250,44,True
10089,2253,2246,250,89,True
10090,2246,2251,250,43,True
10091,2251,2260,250,43,True
10092,2260,2208,250,78,True
10093,2208,2217,250,89,True
10094,2217,2221,250,59,True
10095,2221,2148,250,60,True
10096,2148,2133,250,77,True
10097,2133,2081,250,62,True
10098,2081,2020,250,72,True
10099,2020,2002,250,94,True
10100,2002,1961,250,50,True
10101,1961,1906,250,63,True
10102,1906,1947,250,243,True
10103,1947,2007,250,90,True
10104,2007,2016,250,77,True
10105,2016,2105,250,135,True
10106,2105,2194,250,59,True
10107,2194,2199,250,58,True
10108,2199,2187,250,89,True
10109,2187,2149,250,69,True
10110,2149,2180,250,13,False
10111,2180,2161,250,0,False
10112,2161,2152,250,103,True
10113,2152,2133,250,64,True
10114,2133,2029,250,69,True
10115,2029,1941,250,47,True
10116,1941,1882,250,77,True
10117,1882,1823,250,47,True
10118,1823,1750,250,48,True
10119,1750,1768,250,82,True
10120,1768,1796,250,108,True
10121,1796,1798,250,113,True
10122,1798,1795,250,40,True
10123,1795,1814,250,34,True
10124,1814,1735,250,208,True
10125,1735,1773,250,49,True
10126,1773,1759,250,81,True
10127,1759,1733,250,23,False
10128,1733,1724,250,89,True
10129,1724,1739,250,43,True
10130,1739,1686,250,67,True
10131,1686,1727,250,18,False
10132,1727,1710,250,109,True
10133,1710,1709,250,124,True
10134,1709,1682,250,24,False
10135,1682,1713,250,114,True
10136,1713,1695,250,57,True
10137,1695,1704,250,76,True
10138,1704,1708,250,59,True
10139,1708,1704,250,29,False
10140,1704,1723,250,25,False
10141,1723,1697,250,52,True
10142,1697,1705,250,84,True
10143,1705,1698,250,216,True
10144,1698,1698,250,15,False
10145,1698,1743,250,86,True
10146,1743,1701,250,91,True
10147,1701,1736,250,81,True
10148,1736,1709,250,230,True
10149,1709,1729,250,65,True
10150,1729,1764,250,91,True
10151,1764,1732,250,115,True
10152,1732,1736,250,16,False
10153,1736,1722,250,26,False
10154,1722,1768,250,66,True
10155,1768,1768,250,67,True
10156,1768,1760,250,49,True
10157,1760,1775,250,55,True
10158,1775,1810,250,138,True
10159,1810,1801,250,137,True
10160,1801,1841,250,68,True
10161,1841,1874,250,41,True
10162,1874,1842,250,91,True
10163,1842,1975,250,92,True
10164,1975,1989,250,55,True
10165,1989,2023,250,79,True
10166,2023,1976,250,112,True
10167,1976,1985,250,31,True
10168,1985,1965,250,242,True
10169,1965,1947,250,100,True
10170,1947,1916,250,31,True
10171,1916,1974,250,53,True
10172,1974,2028,250,1,False
10173,2028,2019,250,54,True
10174,2019,2033,250,26,False
10175,2033,1997,250,110,True
10176,1997,2056,250,160,True
10177,2056,2113,250,70,True
10178,2113,2144,250,48,True
10179,2144,2121,250,182,True
10180,2121,2142,250,145,True
10181,2142,2175,250,47,True
10182,2175,2147,250,69,True
10183,2147,2153,250,103,True
10184,2153,2168,250,70,True
10185,2168,2165,250,22,False
10186,2165,2193,250,174,True
10187,2193,2153,250,98,True
10188,2153,2179,250,61,True
10189,2179,2181,250,83,True
10190,2181,2201,250,122,True
10191,2201,2190,250,165,True
10192,2190,2188,250,123,True
10193,2188,2200,250,62,True
10194,2200,2216,250,76,True
10195,2216,2141,250,58,True
10196,2141,2185,250,50,True
10197,2185,2191,250,23,False
10198,2191,2219,250,17,False
10199,2219,2220,250,39,True
10200,2220,2260,250,151,True
10201,2260,2241,250,39,True
10202,2241,2254,250,52,True
10203,2254,2241,250,57,True
10204,2241,2242,250,131,True
10205,2242,2277,250,23,False
10206,2277,2262,250,76,True
10207,2262,2241,250,62,True
10208,2241,2258,250,90,True
10209,2258,2283,250,223,True
10210,2283,2280,250,114,True
10211,2280,2259,250,128,True
10212,2259,2286,250,77,True
10213,2286,2290,250,14,False
10214,2290,2290,250,39,True
10215,2290,2309,250,58,True
10216,2309,2305,250,79,True
10217,2305,2289,250,102,True
10218,2289,2284,250,52,True
10219,2284,2280,250,91,True
10220,2280,2298,250,80,True
10221,2298,2276,250,56,True
10222,2276,2256,250,103,True
10223,2256,2239,250,70,True
10224,2239,2276,250,7,False
10225,2276,2258,250,14,False
10226,2258,2287,250,102,True
10227,2287,2307,250,89,True
10228,2307,2325,250,111,True
10229,2325,2270,250,64,True
10230,2270,2307,250,74,True
10231,2307,2273,250,60,True
10232,2273,2258,250,105,True
10233,2258,2314,250,75,True
10234,2314,2321,250,74,True
10235,2321,2290,250,94,True
10236,2290,2230,250,75,True
10237,2230,2216,250,99,True
10238,2216,2206,250,52,True
10239,2206,2164,250,125,True
10240,2164,2122,250,76,True
10241,2122,2048,250,85,True
10242,2048,1947,250,70,True
10243,1947,1888,250,127,True
10244,1888,1720,250,106,True
10245,1720,1671,250,45,True
10246,1671,1683,250,101,True
10247,1683,1649,250,149,True
10248,1649,1658,250,54,True
10249,1658,1671,250,82,True
10250,1671,1646,250,66,True
10251,1646,1638,250,111,True
10252,1638,1618,250,85,True
10253,1618,1658,250,11,False
10254,1658,1667,250,25,False
10255,1667,1608,250,37,True
10256,1608,1536,250,66,True
10257,1536,1490,250,112,True
10258,1490,1421,250,50,True
10259,1421,1464,250,54,True
10260,1464,1465,250,44,True
10261,1465,1462,250,70,True
10262,1462,1524,250,65,True
10263,1524,1588,250,62,True
10264,1588,1571,250,11,False
10265,1571,1584,250,63,True
10266,1584,1569,250,146,True
10267,1569,1566,250,88,True
10268,1566,1574,250,63,True
10269,1574,1602,250,59,True
10270,1602,1624,250,73,True
10271,1624,1587,250,84,True
10272,1587,1649,250,22,False
10273,1649,1638,250,90,True
10274,1638,1663,250,54,True
10275,1663,1642,250,51,True
10276,1642,1615,250,74,True
10277,1615,1660,250,80,True
10278,1660,1649,250,94,True
10279,1649,1742,250,62,True
10280,1742,1743,250,67,True
10281,1743,1810,250,104,True
10282,1810,1848,250,24,False
10283,1848,1837,250,65,True
10284,1837,1881,250,60,True
10285,1881,1890,250,39,True
10286,1890,1922,250,16,False
10287,1922,1931,250,45,True
10288,1931,1919,250,119,True
10289,1919,1939,250,130,True
10290,1939,1911,250,103,True
10291,1911,1907,250,55,True
10292,1907,1917,250,38,True
10293,1917,1954,250,57,True
10294,1954,1964,250,59,True
10295,1964,1995,250,73,True
10296,1995,1986,250,148,True
10297,1986,1974,250,71,True
10298,1974,1991,250,120,True
10299,1991,2048,250,43,True
10300,2048,2058,250,102,True
10301,2058,2081,250,68,True
10302,2081,2085,250,107,True
10303,2085,2131,250,117,True
10304,2131,2151,250,114,True
10305,2151,2169,250,87,True
10306,2169,2137,250,28,False
10307,2137,2151,250,185,True
10308,2151,2135,250,100,True
10309,2135,2101,250,137,True
10310,2101,2107,250,38,True
10311,2107,2102,250,87,True
10312,2102,2100,250,174,True
10313,2100,2124,250,72,True
10314,2124,2122,250,83,True
10315,2122,2103,250,184,True
10316,2103,2116,250,35,True
10317,2116,2137,250,57,True
10318,2137,2124,250,80,True
10319,2124,2107,250,65,True
10320,2107,2141,250,59,True
10321,2141,2156,250,29,False
10322,2156,2180,250,54,True
10323,2180,2181,250,52,True
10324,2181,2184,250,64,True
10325,2184,2154,250,53,True
10326,2154,2162,250,51,True
10327,2162,2153,250,68,True
10328,2153,2172,250,67,True
10329,2172,2242,250,43,True
10330,2242,2215,250,14,False
10331,2215,2193,250,63,True
10332,2193,2167,250,37,True
10333,2167,2141,250,89,True
10334,2141,2167,250,113,True
10335,2167,2184,250,9,False
10336,2184,2153,250,49,True
10337,2153,2149,250,194,True
10338,2149,2183,250,43,True
10339,2183,2092,250,58,True
10340,2092,2037,250,51,True
10341,2037,1992,250,73,True
10342,1992,1995,250,54,True
10343,1995,1951,250,76,True
10344,1951,1938,250,155,True
10345,1938,1850,250,66,True
10346,1850,1792,250,75,True
10347,1792,1703,250,94,True
10348,1703,1726,250,72,True
10349,1726,1658,250,1,False
10350,1658,1615,250,72,True
10351,1615,1720,250,175,True
10352,1720,1732,250,116,True
10353,1732,1781,250,42,True
10354,1781,1762,250,50,True
10355,1762,1748,250,11,False
10356,1748,1743,250,2,False
10357,1743,1766,250,50,True
10358,1766,1715,250,18,False
10359,1715,1728,250,36,True
10360,1728,1625,250,189,True
10361,1625,1583,250,32,True
10362,1583,1556,250,42,True
10363,1556,1514,250,82,True
10364,1514,1444,250,65,True
10365,1444,1390,250,85,True
10366,1390,1348,250,67,True
10367,1348,1307,250,38,True
10368,1307,1248,250,29,False
10369,1248,1332,250,73,True
10370,1332,1328,250,105,True
10371,1328,1372,250,174,True
10372,1372,1427,250,107,True
10373,1427,1390,250,55,True
10374,1390,1404,250,83,True
10375,1404,1403,250,43,True
10376,1403,1392,250,18,False
10377,1392,1391,250,21,False
10378,1391,1352,250,87,True
10379,1352,1307,250,43,True
10380,1307,1263,250,61,True
10381,1263,1260,250,19,False
10382,1260,1252,250,79,True
10383,1252,1232,250,74,True
10384,1232,1228,250,117,True
10385,1228,1284,250,26,False
10386,1284,1313,250,29,False
10387,1313,1369,250,61,True
10388,1369,1381,250,55,True
10389,1381,1431,250,30,True
10390,1431,1404,250,64,True
10391,1404,1464,250,78,True
10392,1464,1409,250,71,True
10393,1409,1417,250,20,False
10394,1417,1448,250,106,True
10395,1448,1454,250,93,True
10396,1454,1483,250,109,True
10397,1483,1483,250,42,True
10398,1483,1450,250,27,False
10399,1450,1534,250,37,True
10400,1534,1512,250,144,True
10401,1512,1597,250,130,True
10402,1597,1665,250,85,True
10403,1665,1636,250,34,True
10404,1636,1718,250,41,True
10405,1718,1784,250,115,True
10406,1784,1802,250,56,True
10407,1802,1802,250,38,True
10408,1802,1803,250,41,True
10409,1803,1826,250,34,True
10410,1826,1850,250,41,True
10411,1850,1860,250,58,True
10412,1860,1856,250,84,True
10413,1856,1888,250,77,True
10414,1888,1804,250,60,True
10415,1804,1868,250,142,True
10416,1868,1936,250,62,True
10417,1936,1900,250,17,False
10418,1900,1945,250,55,True
10419,1945,1937,250,63,True
10420,1937,1911,250,63,True
10421,1911,1919,250,100,True
10422,1919,1979,250,72,True
10423,1979,2009,250,52,True
10424,2009,1966,250,25,False
10425,1966,2047,250,113,True
10426,2047,2030,250,45,True
10427,2030,2060,250,81,True
10428,2060,2065,250,135,True
10429,2065,2067,250,46,True
10430,2067,2089,250,113,True
10431,2089,2058,250,79,True
10432,2058,2077,250,94,True
10433,2077,2101,250,64,True
10434,2101,2111,250,23,False
10435,2111,2114,250,95,True
10436,2114,2138,250,180,True
10437,2138,2132,250,77,True
10438,2132,2138,250,103,True
10439,2138,2148,250,77,True
10440,2148,2114,250,48,True
10441,2114,2121,250,47,True
10442,2121,2096,250,72,True
10443,2096,2126,250,37,True
10444,2126,2076,250,116,True
10445,2076,2071,250,97,True
10446,2071,2056,250,77,True
10447,2056,2043,250,41,True
10448,2043,1972,250,43,True
10449,1972,1889,250,70,True
10450,1889,1855,250,65,True
10451,1855,1734,250,111,True
10452,1734,1828,250,69,True
10453,1828,1882,250,109,True
10454,1882,1862,250,29,False
10455,1862,1856,250,53,True
10456,1856,1852,250,47,True
10457,1852,1930,250,68,True
10458,1930,1971,250,155,True
10459,1971,2024,250,36,True
10460,2024,2014,250,24,False
10461,2014,1961,250,47,True
10462,1961,1998,250,43,True
10463,1998,1892,250,98,True
10464,1892,1818,250,37,True
10465,1818,1697,250,125,True
10466,1697,1649,250,59,True
10467,1649,1534,250,36,True
10468,1534,1363,250,100,True
10469,1363,1278,250,49,True
10470,1278,1253,250,127,True
10471,1253,1225,250,45,True
10472,1225,1219,250,68,True
10473,1219,1352,250,86,True
10474,1352,1283,250,109,True
10475,1283,1294,250,49,True
10476,1294,1296,250,60,True
10477,1296,1353,250,66,True
10478,1353,1388,250,63,True
10479,1388,1341,250,96,True
10480,1341,1411,250,73,True
10481,1411,1423,250,105,True
10482,1423,1409,250,43,True
10483,1409,1389,250,60,True
10484,1389,1331,250,66,True
10485,1331,1248,250,96,True
10486,1248,1282,250,60,True
10487,1282,1222,250,152,True
10488,1222,1217,250,44,True
10489,1217,1150,250,72,True
10490,1150,1129,250,54,True
10491,1129,1076,250,37,True
10492,1076,1085,250,47,True
10493,1085,1077,250,11,False
10494,1077,1085,250,50,True
10495,1085,1069,250,99,True
10496,1069,1055,250,67,True
10497,1055,1030,250,76,True
10498,1030,1062,250,57,True
10499,1062,1040,250,85,True
10500,1040,1059,250,125,True
10501,1059,1105,250,87,True
10502,1105,1081,250,37,True
10503,1081,1063,250,174,True
10504,1063,985,250,173,True
10505,985,1017,250,43,True
10506,1017,985,250,112,True
10507,985,966,250,96,True
10508,966,967,250,84,True
10509,967,928,250,83,True
10510,928,884,250,58,True
10511,884,866,250,57,True
10512,866,894,250,61,True
10513,894,830,250,56,True
10514,830,878,250,82,True
10515,878,849,250,22,False
10516,849,825,250,8,False
10517,825,836,250,68,True
10518,836,822,250,83,True
10519,822,880,250,56,True
10520,880,870,250,25,False
10521,870,849,250,57,True
10522,849,830,250,72,True
10523,830,828,250,44,True
10524,828,808,250,80,True
10525,808,760,250,67,True
10526,760,818,250,36,True
10527,818,768,250,85,True
10528,768,781,250,42,True
10529,781,820,250,93,True
10530,820,832,250,14,False
10531,832,828,250,12,False
10532,828,867,250,95,True
10533,867,862,250,22,False
10534,862,849,250,62,True
10535,849,822,250,70,True
10536,822,817,250,74,True
10537,817,798,250,51,True
10538,798,790,250,39,True
10539,790,806,250,41,True
10540,806,810,250,48,True
10541,810,801,250,36,True
10542,801,837,250,32,True
10543,837,840,250,45,True
10544,840,812,250,42,True
10545,812,784,250,62,True
10546,784,815,250,93,True
10547,815,815,250,38,True
10548,815,816,250,61,True
10549,816,828,250,27,False
10550,828,854,250,69,True
10551,854,883,250,94,True
10552,883,913,250,41,True
10553,913,934,250,24,False
10554,934,943,250,41,True
10555,943,924,250,103,True
10556,924,876,250,51,True
10557,876,880,250,48,True
10558,880,892,250,33,True
10559,892,831,250,66,True
10560,831,864,250,50,True
10561,864,858,250,67,True
10562,858,884,250,17,False
10563,884,864,250,30,True
10564,864,897,250,107,True
10565,897,900,250,35,True
10566,900,928,250,82,True
10567,928,935,250,79,True
10568,935,951,250,57,True
10569,951,989,250,59,True
10570,989,1042,250,27,False
10571,1042,1027,250,103,True
10572,1027,1088,250,95,True
10573,1088,1079,250,180,True
10574,1079,1183,250,67,True
10575,1183,1243,250,49,True
10576,1243,1189,250,91,True
10577,1189,1135,250,61,True
10578,1135,1096,250,57,True
10579,1096,1077,250,106,True
10580,1077,1068,250,65,True
10581,1068,1046,250,95,True
10582,1046,1074,250,84,True
10583,1074,1074,250,75,True
10584,1074,1134,250,25,False
10585,1134,1106,250,114,True
10586,1106,1204,250,124,True
10587,1204,1181,250,78,True
10588,1181,1186,250,50,True
10589,1186,1181,250,164,True
10590,1181,1182,250,97,True
10591,1182,1298,250,49,True
10592,1298,1412,250,137,True
10593,1412,1542,250,21,False
10594,1542,1571,250,81,True
10595,1571,1596,250,27,False
10596,1596,1650,250,11,False
10597,1650,1698,250,82,True
10598,1698,1737,250,198,True
10599,1737,1778,250,40,True
10600,1778,1811,250,30,True
10601,1811,1768,250,48,True
10602,1768,1700,250,111,True
10603,1700,1733,250,28,False
10604,1733,1739,250,99,True
10605,1739,1781,250,101,True
10606,1781,2053,250,84,True
10607,2053,2170,250,103,True
10608,2170,2194,250,92,True
10609,2194,2244,250,71,True
10610,2244,2228,250,51,True
10611,2228,2169,250,160,True
10612,2169,2120,250,69,True
10613,2120,1999,250,54,True
10614,1999,1924,250,64,True
10615,1924,1856,250,84,True
10616,1856,1764,250,63,True
10617,1764,1712,250,98,True
10618,1712,1676,250,78,True
10619,1676,1682,250,47,True
10620,1682,1635,250,71,True
10621,1635,1691,250,65,True
10622,1691,1744,250,56,True
10623,1744,1677,250,46,True
10624,1677,1595,250,54,True
10625,1595,1458,250,83,True
10626,1458,1331,250,118,True
10627,1331,1204,250,70,True
10628,1204,1142,250,71,True
10629,1142,1093,250,70,True
10630,1093,1251,250,86,True
10631,1251,1292,250,61,True
10632,1292,1307,250,94,True
10633,1307,1317,250,46,True
10634,1317,1248,250,155,True
10635,1248,1180,250,30,True
10636,1180,1142,250,31,True
10637,1142,1174,250,128,True
10638,1174,1140,250,44,True
10639,1140,1128,250,31,True
10640,1128,1140,250,3,False
10641,1140,1145,250,48,True
10642,1145,1195,250,149,True
10643,1195,1188,250,164,True
10644,1188,1202,250,91,True
10645,1202,1110,250,64,True
10646,1110,1050,250,67,True
10647,1050,1048,250,37,True
10648,1048,1060,250,63,True
10649,1060,1012,250,22,False
10650,1012,1023,250,137,True
10651,1023,995,250,58,True
10652,995,964,250,102,True
10653,964,966,250,138,True
10654,966,930,250,52,True
10655,930,884,250,78,True
10656,884,896,250,43,True
10657,896,891,250,82,True
10658,891,888,250,1,False
10659,888,880,250,21,False
10660,880,884,250,28,False
10661,884,907,250,61,True
10662,907,932,250,66,True
10663,932,963,250,41,True
10664,963,954,250,7,False
10665,954,987,250,85,True
10666,987,996,250,48,True
10667,996,972,250,48,True
10668,972,944,250,135,True
10669,944,935,250,36,True
10670,935,919,250,58,True
10671,919,918,250,19,False
10672,918,915,250,184,True
10673,915,927,250,31,True
10674,927,929,250,71,True
10675,929,877,250,30,True
10676,877,901,250,56,True
10677,901,871,250,46,True
10678,871,879,250,85,True
10679,879,893,250,121,True
10680,893,859,250,61,True
10681,859,857,250,27,False
10682,857,891,250,69,True
10683,891,915,250,61,True
10684,915,889,250,25,False
10685,889,904,250,89,True
10686,904,936,250,24,False
10687,936,898,250,85,True
10688,898,875,250,42,True
10689,875,910,250,94,True
10690,910,867,250,196,True
10691,867,880,250,28,False
10692,880,870,250,87,True
10693,870,873,250,76,True
10694,873,857,250,84,True
10695,857,847,250,24,False
10696,847,868,250,9,False
10697,868,834,250,18,False
10698,834,837,250,110,True
10699,837,867,250,35,True
10700,867,861,250,109,True
10701,861,870,250,90,True
10702,870,911,250,92,True
10703,911,936,250,31,True
10704,936,915,250,9,False
10705,915,925,250,25,False
10706,925,936,250,66,True
10707,936,934,250,34,True
10708,934,966,250,139,True
10709,966,943,250,33,True
10710,943,901,250,40,True
10711,901,910,250,104,True
10712,910,911,250,41,True
10713,911,886,250,22,False
10714,886,913,250,110,True
10715,913,888,250,27,False
10716,888,918,250,21,False
10717,918,862,250,82,True
10718,862,851,250,23,False
10719,851,860,250,33,True
10720,860,847,250,61,True
10721,847,854,250,44,True
10722,854,849,250,49,True
10723,849,882,250,50,True
10724,882,848,250,38,True
10725,848,825,250,124,True
10726,825,823,250,33,True
10727,823,836,250,26,False
10728,836,836,250,21,False
10729,836,834,250,42,True
10730,834,806,250,29,False
10731,806,802,250,79,True
10732,802,796,250,45,True
10733,796,791,250,5,False
10734,791,841,250,94,True
10735,841,819,250,23,False
10736,819,802,250,42,True
10737,802,810,250,129,True
10738,810,801,250,59,True
10739,801,780,250,24,False
10740,780,778,250,100,True
10741,778,783,250,77,True
10742,783,788,250,55,True
10743,788,797,250,21,False
10744,797,788,250,66,True
10745,788,769,250,71,True
10746,769,780,250,39,True
10747,780,786,250,39,True
10748,786,773,250,11,False
10749,773,747,250,30,True
10750,747,783,250,159,True
10751,783,745,250,29,False
10752,745,752,250,32,True
10753,752,734,250,187,True
10754,734,756,250,4,False
10755,756,725,250,31,True
10756,725,739,250,98,True
10757,739,741,250,62,True
10758,741,734,250,28,False
10759,734,750,250,57,True
10760,750,669,250,4,False
10761,669,699,250,70,True
10762,699,686,250,35,True
10763,686,659,250,63,True
10764,659,668,250,179,True
10765,668,672,250,67,True
10766,672,647,250,42,True
10767,647,629,250,75,True
10768,629,634,250,59,True
10769,634,643,250,56,True
10770,643,652,250,41,True
10771,652,656,250,83,True
10772,656,641,250,57,True
10773,641,656,250,57,True
10774,656,648,250,42,True
10775,648,646,250,79,True
10776,646,650,250,27,False
10777,650,655,250,60,True
10778,655,659,250,51,True
10779,659,679,250,60,True
10780,679,672,250,68,True
10781,672,646,250,12,False
10782,646,638,250,76,True
10783,638,634,250,36,True
10784,634,649,250,72,True
10785,649,614,250,51,True
10786,614,605,250,75,True
10787,605,616,250,47,True
10788,616,618,250,47,True
10789,618,618,250,6,False
10790,618,589,250,57,True
10791,589,614,250,55,True
10792,614,600,250,70,True
10793,600,614,250,64,True
10794,614,622,250,39,True
10795,622,616,250,36,True
10796,616,615,250,58,True
10797,615,610,250,15,False
10798,610,607,250,38,True
10799,607,583,250,42,True
10800,583,584,250,40,True
10801,584,611,250,103,True
10802,611,631,250,11,False
10803,631,608,250,12,False
10804,608,600,250,174,True
10805,600,563,250,44,True
10806,563,525,250,57,True
10807,525,498,250,57,True
10808,498,483,250,48,True
10809,483,491,250,45,True
10810,491,485,250,40,True
10811,485,483,250,59,True
10812,483,480,250,169,True
10813,480,502,250,22,False
10814,502,488,250,37,True
10815,488,485,250,36,True
10816,485,477,250,60,True
10817,477,492,250,48,True
10818,492,466,250,69,True
10819,466,477,250,54,True
10820,477,494,250,59,True
10821,494,510,250,121,True
10822,510,516,250,120,True
10823,516,484,250,33,True
10824,484,499,250,22,False
10825,499,470,250,98,True
10826,470,483,250,52,True
10827,483,485,250,48,True
10828,485,507,250,59,True
10829,507,500,250,31,True
10830,500,497,250,7,False
10831,497,474,250,93,True
10832,474,474,250,62,True
10833,474,476,250,55,True
10834,476,466,250,63,True
10835,466,482,250,45,True
10836,482,499,250,91,True
10837,499,469,250,25,False
10838,469,474,250,72,True
10839,474,448,250,48,True
10840,448,471,250,108,True
10841,471,460,250,60,True
10842,460,481,250,30,True
10843,481,480,250,18,False
10844,480,477,250,8,False
10845,477,466,250,117,True
10846,466,476,250,52,True
10847,476,504,250,49,True
10848,504,519,250,96,True
10849,519,515,250,64,True
10850,515,511,250,41,True
10851,511,540,250,82,True
10852,540,528,250,30,True
10853,528,517,250,50,True
10854,517,548,250,62,True
10855,548,508,250,116,True
10856,508,529,250,61,True
10857,529,553,250,61,True
10858,553,511,250,56,True
10859,511,524,250,57,True
10860,524,529,250,57,True
10861,529,523,250,108,True
10862,523,537,250,57,True
10863,537,533,250,107,True
10864,533,553,250,55,True
10865,553,546,250,54,True
10866,546,551,250,73,True
10867,551,536,250,58,True
10868,536,560,250,52,True
10869,560,553,250,64,True
10870,553,552,250,68,True
10871,552,550,250,61,True
10872,550,571,250,50,True
10873,571,555,250,34,True
10874,555,563,250,74,True
10875,563,534,250,55,True
10876,534,551,250,93,True
10877,551,540,250,25,False
10878,540,535,250,47,True
10879,535,533,250,30,True
10880,533,520,250,87,True
10881,520,547,250,104,True
10882,547,528,250,59,True
10883,528,546,250,83,True
10884,546,542,250,22,False
10885,542,510,250,57,True
10886,510,533,250,70,True
10887,533,542,250,56,True
10888,542,523,250,29,False
10889,523,541,250,71,True
10890,541,512,250,80,True
10891,512,512,250,86,True
10892,512,528,250,75,True
10893,528,522,250,53,True
10894,522,527,250,57,True
10895,527,512,250,60,True
10896,512,507,250,43,True
10897,507,507,250,33,True
10898,507,518,250,67,True
10899,518,524,250,84,True
10900,524,518,250,91,True
10901,518,528,250,77,True
10902,528,505,250,78,True
10903,505,511,250,71,True
10904,511,527,250,175,True
10905,527,536,250,26,False
10906,536,530,250,68,True
10907,530,532,250,47,True
10908,532,509,250,69,True
10909,509,525,250,75,True
10910,525,533,250,63,True
10911,533,513,250,53,True
10912,513,530,250,72,True
10913,530,520,250,105,True
10914,520,518,250,53,True
10915,518,536,250,62,True
10916,536,521,250,27,False
10917,521,491,250,77,True
10918,491,506,250,56,True
10919,506,489,250,71,True
10920,489,481,250,66,True
10921,481,490,250,43,True
10922,490,507,250,64,True
10923,507,502,250,71,True
10924,502,499,250,48,True
10925,499,502,250,68,True
10926,502,517,250,49,True
10927,517,525,250,44,True
10928,525,506,250,80,True
10929,506,523,250,41,True
10930,523,506,250,49,True
10931,506,523,250,60,True
10932,523,535,250,82,True
10933,535,502,250,39,True
10934,502,492,250,27,False
10935,492,540,250,55,True
10936,540,514,250,54,True
10937,514,536,250,80,True
10938,536,521,250,72,True
10939,521,532,250,49,True
10940,532,518,250,61,True
10941,518,529,250,246,True
10942,529,509,250,23,False
10943,509,529,250,71,True
10944,529,515,250,48,True
10945,515,512,250,12,False
10946,512,509,250,3,False
10947,509,515,250,72,True
10948,515,516,250,65,True
10949,516,548,250,47,True
10950,548,536,250,45,True
10951,536,507,250,66,True
10952,507,532,250,81,True
10953,532,524,250,69,True
10954,524,548,250,82,True
10955,548,551,250,76,True
10956,551,537,250,7,False
10957,537,553,250,51,True
10958,553,542,250,66,True
10959,542,553,250,53,True
10960,553,543,250,79,True
10961,543,561,250,59,True
10962,561,568,250,101,True
10963,568,536,250,36,True
10964,536,541,250,97,True
10965,541,526,250,69,True
10966,526,544,250,32,True
10967,544,534,250,76,True
10968,534,548,250,77,True
10969,548,556,250,40,True
10970,556,544,250,27,False
10971,544,528,250,63,True
10972,528,529,250,49,True
10973,529,552,250,150,True
10974,552,566,250,29,False
10975,566,579,250,45,True
10976,579,566,250,26,False
10977,566,547,250,98,True
10978,547,556,250,70,True
10979,556,537,250,79,True
10980,537,539,250,36,True
10981,539,549,250,74,True
10982,549,560,250,85,True
10983,560,560,250,45,True
10984,560,540,250,95,True
10985,540,571,250,30,True
10986,571,532,250,44,True
10987,532,549,250,36,True
10988,549,570,250,21,False
10989,570,567,250,52,True
10990,567,592,250,24,False
10991,592,594,250,45,True
10992,594,593,250,72,True
10993,593,597,250,59,True
10994,597,598,250,43,True
10995,598,587,250,41,True
10996,587,640,250,63,True
10997,640,672,250,62,True
10998,672,652,250,127,True
10999,652,630,250,24,False
11000,630,639,250,25,False
11001,639,646,250,63,True
11002,646,608,250,68,True
11003,608,641,250,181,True
11004,641,617,250,54,True
11005,617,612,250,109,True
11006,612,633,250,109,True
11007,633,654,250,73,True
11008,654,626,250,36,True
11009,626,632,250,69,True
11010,632,627,250,58,True
11011,627,646,250,76,True
11012,646,627,250,37,True
11013,627,674,250,55,True
11014,674,673,250,46,True
11015,673,682,250,84,True
11016,682,692,250,38,True
11017,692,697,250,47,True
11018,697,700,250,34,True
11019,700,692,250,84,True
11020,692,702,250,51,True
11021,702,680,250,79,True
11022,680,684,250,75,True
11023,684,710,250,66,True
11024,710,716,250,52,True
11025,716,720,250,59,True
11026,720,720,250,35,True
11027,720,688,250,60,True
11028,688,687,250,86,True
11029,687,703,250,12,False
11030,703,705,250,62,True
11031,705,716,250,17,False
11032,716,699,250,23,False
11033,699,733,250,88,True
11034,733,722,250,74,True
11035,722,711,250,96,True
11036,711,738,250,46,True
11037,738,744,250,115,True
11038,744,735,250,51,True
11039,735,738,250,28,False
11040,738,765,250,126,True
11041,765,760,250,43,True
11042,760,763,250,71,True
11043,763,804,250,87,True
11044,804,785,250,138,True
11045,785,745,250,55,True
11046,745,702,250,39,True
11047,702,731,250,4,False
11048,731,727,250,32,True
11049,727,736,250,40,True
11050,736,737,250,44,True
11051,737,743,250,71,True
11052,743,749,250,72,True
11053,749,714,250,35,True
11054,714,759,250,55,True
11055,759,745,250,100,True
11056,745,768,250,54,True
11057,768,765,250,92,True
11058,765,758,250,33,True
11059,758,774,250,49,True
11060,774,780,250,22,False
11061,780,761,250,38,True
11062,761,768,250,56,True
11063,768,771,250,54,True
11064,771,779,250,63,True
11065,779,802,250,46,True
11066,802,789,250,75,True
11067,789,791,250,22,False
11068,791,807,250,46,True
11069,807,805,250,63,True
11070,805,834,250,103,True
11071,834,856,250,16,False
11072,856,850,250,92,True
11073,850,876,250,16,False
11074,876,895,250,5,False
11075,895,883,250,65,True
11076,883,916,250,38,True
11077,916,931,250,74,True
11078,931,950,250,156,True
11079,950,928,250,45,True
11080,928,949,250,38,True
11081,949,960,250,56,True
11082,960,1002,250,62,True
11083,1002,1023,250,60,True
11084,1023,1018,250,101,True
11085,1018,1048,250,83,True
11086,1048,1082,250,36,True
11087,1082,1089,250,50,True
11088,1089,1104,250,23,False
11089,1104,1134,250,84,True
11090,1134,1237,250,58,True
11091,1237,1204,250,26,False
11092,1204,1218,250,11,False
11093,1218,1253,250,80,True
11094,1253,1311,250,32,True
11095,1311,1278,250,65,True
11096,1278,1338,250,50,True
11097,1338,1310,250,105,True
11098,1310,1320,250,155,True
11099,1320,1384,250,125,True
11100,1384,1362,250,77,True
11101,1362,1369,250,91,True
11102,1369,1389,250,34,True
11103,1389,1458,250,59,True
11104,1458,1521,250,63,True
11105,1521,1581,250,72,True
11106,1581,1595,250,88,True
11107,1595,1568,250,58,True
11108,1568,1655,250,100,True
11109,1655,1670,250,64,True
11110,1670,1689,250,81,True
11111,1689,1682,250,104,True
11112,1682,1691,250,143,True
11113,1691,1723,250,86,True
11114,1723,1734,250,57,True
11115,1734,1748,250,104,True
11116,1748,1693,250,65,True
11117,1693,1656,250,127,True
11118,1656,1690,250,57,True
11119,1690,1729,250,44,True
11120,1729,1707,250,30,True
11121,1707,1690,250,129,True
11122,1690,1747,250,102,True
11123,1747,1769,250,85,True
11124,1769,1777,250,110,True
11125,1777,1839,250,56,True
11126,1839,1816,250,103,True
11127,1816,1803,250,23,False
11128,1803,1797,250,75,True
11129,1797,1819,250,83,True
11130,1819,1853,250,17,False
11131,1853,1785,250,80,True
11132,1785,1732,250,50,True
11133,1732,1760,250,49,True
11134,1760,1709,250,28,False
11135,1709,1661,250,52,True
11136,1661,1628,250,74,True
11137,1628,1546,250,116,True
11138,1546,1498,250,88,True
11139,1498,1517,250,111,True
11140,1517,1487,250,115,True
11141,1487,1473,250,72,True
11142,1473,1441,250,20,False
11143,1441,1273,250,75,True
11144,1273,1111,250,68,True
11145,1111,929,250,36,True
11146,929,866,250,115,True
11147,866,814,250,45,True
11148,814,797,250,69,True
11149,797,772,250,30,True
11150,772,757,250,51,True
11151,757,744,250,104,True
11152,744,741,250,45,True
11153,741,726,250,132,True
11154,726,729,250,123,True
11155,729,739,250,11,False
11156,739,726,250,95,True
11157,726,749,250,45,True
11158,749,758,250,124,True
11159,758,767,250,85,True
11160,767,772,250,48,True
11161,772,771,250,71,True
11162,771,760,250,33,True
11163,760,800,250,79,True
11164,800,811,250,60,True
11165,811,845,250,68,True
11166,845,810,250,34,True
11167,810,801,250,16,False
11168,801,811,250,203,True
11169,811,815,250,14,False
11170,815,786,250,111,True
11171,786,810,250,73,True
11172,810,792,250,3,False
11173,792,788,250,37,True
11174,788,786,250,60,True
11175,786,748,250,11,False
11176,748,759,250,41,True
11177,759,732,250,109,True
11178,732,740,250,201,True
11179,740,765,250,78,True
11180,765,762,250,47,True
11181,762,767,250,98,True
11182,767,732,250,38,True
11183,732,752,250,96,True
11184,752,755,250,126,True
11185,755,727,250,8,False
11186,727,753,250,101,True
11187,753,706,250,77,True
11188,706,716,250,43,True
11189,716,710,250,55,True
11190,710,724,250,60,True
11191,724,690,250,40,True
11192,690,723,250,93,True
11193,723,670,250,67,True
11194,670,681,250,42,True
11195,681,704,250,70,True
11196,704,698,250,121,True
11197,698,736,250,43,True
11198,736,720,250,92,True
11199,720,673,250,69,True
11200,673,679,250,157,True
11201,679,693,250,77,True
11202,693,709,250,53,True
11203,709,684,250,53,True
11204,684,662,250,81,True
11205,662,671,250,81,True
11206,671,648,250,19,False
11207,648,657,250,64,True
11208,657,658,250,34,True
11209,658,679,250,63,True
11210,679,682,250,91,True
11211,682,675,250,45,True
11212,675,652,250,71,True
11213,652,640,250,35,True
11214,640,650,250,61,True
11215,650,638,250,62,True
11216,638,663,250,112,True
11217,663,684,250,82,True
11218,684,646,250,98,True
11219,646,665,250,50,True
11220,665,664,250,113,True
11221,664,631,250,55,True
11222,631,641,250,67,True
11223,641,587,250,108,True
11224,587,597,250,35,True
11225,597,565,250,69,True
11226,565,550,250,58,True
11227,550,552,250,63,True
11228,552,527,250,18,False
11229,527,536,250,41,True
11230,536,545,250,17,False
11231,545,529,250,65,True
11232,529,527,250,92,True
11233,527,515,250,52,True
11234,515,529,250,47,True
11235,529,506,250,82,True
11236,506,515,250,56,True
11237,515,522,250,85,True
11238,522,494,250,66,True
11239,494,471,250,67,True
11240,471,453,250,50,True
11241,453,442,250,38,True
11242,442,446,250,30,True
11243,446,436,250,43,True
11244,436,449,250,71,True
11245,449,450,250,4,False
11246,450,417,250,80,True
11247,417,423,250,69,True
11248,423,436,250,73,True
11249,436,431,250,99,True
11250,431,440,250,52,True
11251,440,437,250,18,False
11252,437,450,250,109,True
11253,450,418,250,135,True
11254,418,424,250,62,True
11255,424,421,250,63,True
11256,421,427,250,68,True
11257,427,408,250,42,True
11258,408,403,250,135,True
11259,403,401,250,95,True
11260,401,383,250,96,True
11261,383,391,244,66,True
11262,391,411,250,59,True
11263,411,385,250,45,True
11264,385,397,227,65,True
11265,397,392,250,88,True
11266,392,378,250,228,True
11267,378,383,243,93,True
11268,383,389,250,55,True
11269,389,366,250,96,True
11270,366,359,228,53,True
11271,359,351,247,37,True
11272,351,362,213,38,True
11273,362,358,242,51,True
11274,358,350,250,76,True
11275,350,357,232,74,True
11276,357,371,250,41,True
11277,371,346,250,10,False
11278,346,361,222,52,True
11279,361,374,232,53,True
11280,374,359,240,150,True
11281,359,353,250,44,True
11282,353,359,227,56,True
11283,359,380,239,33,True
11284,380,362,239,74,True
11285,362,378,227,49,True
11286,378,372,245,69,True
11287,372,385,230,97,True
11288,385,392,242,35,True
11289,392,403,243,72,True
11290,403,390,222,75,True
11291,390,369,220,59,True
11292,369,374,232,81,True
11293,374,390,225,38,True
11294,390,366,225,70,True
11295,366,363,233,121,True
11296,363,346,192,69,True
11297,346,344,198,56,True
11298,344,348,235,38,True
11299,348,340,218,79,True
11300,340,349,241,76,True
11301,349,350,206,53,True
11302,350,365,250,90,True
11303,365,345,221,67,True
11304,345,354,211,63,True
11305,354,357,211,77,True
11306,357,383,207,78,True
11307,383,378,236,126,True
11308,378,385,239,64,True
11309,385,382,250,35,True
11310,382,377,250,97,True
11311,377,388,212,61,True
11312,388,361,250,61,True
11313,361,387,230,86,True
11314,387,358,228,97,True
11315,358,387,221,91,True
11316,387,356,227,69,True
11317,356,365,215,27,False
11318,365,386,234,50,True
11319,386,378,246,70,True
11320,378,387,243,54,True
11321,387,385,233,72,True
11322,385,394,250,43,True
11323,394,387,250,50,True
11324,387,371,250,44,True
11325,371,411,235,86,True
11326,411,403,250,58,True
11327,403,388,250,54,True
11328,388,409,247,118,True
11329,409,405,250,97,True
11330,405,411,250,20,False
11331,411,403,250,77,True
11332,403,406,235,88,True
11333,406,396,250,72,True
11334,396,412,250,123,True
11335,412,417,250,121,True
11336,417,392,250,91,True
11337,392,409,250,23,False
11338,409,413,250,13,False
11339,413,410,250,92,True
11340,410,410,250,46,True
11341,410,404,250,58,True
11342,404,425,250,41,True
11343,425,426,250,12,False
11344,426,425,250,73,True
11345,425,427,250,82,True
11346,427,403,250,73,True
11347,403,416,249,69,True
11348,416,409,236,57,True
11349,409,410,250,67,True
11350,410,439,250,59,True
11351,439,421,250,29,False
11352,421,445,250,51,True
11353,445,454,250,118,True
11354,454,451,250,52,True
11355,451,445,250,48,True
11356,445,442,250,2,False
11357,442,437,250,61,True
11358,437,444,250,66,True
11359,444,460,250,6,False
11360,460,462,250,97,True
11361,462,463,250,55,True
11362,463,446,250,55,True
11363,446,451,250,55,True
11364,451,444,250,72,True
11365,444,428,250,49,True
11366,428,446,250,48,True
11367,446,472,250,55,True
11368,472,447,250,95,True
11369,447,473,250,82,True
11370,473,484,250,60,True
11371,484,475,250,46,True
11372,475,460,250,74,True
11373,460,439,250,66,True
11374,439,467,250,80,True
11375,467,482,250,70,True
11376,482,472,250,116,True
11377,472,464,250,17,False
11378,464,447,250,86,True
11379,447,453,250,14,False
11380,453,485,250,14,False
11381,485,488,250,242,True
11382,488,498,250,63,True
11383,498,505,250,21,False
11384,505,495,250,36,True
11385,495,516,250,50,True
11386,516,504,250,85,True
11387,504,510,250,67,True
11388,510,489,250,38,True
11389,489,487,250,72,True
11390,487,510,250,93,True
11391,510,484,250,70,True
11392,484,517,250,28,False
11393,517,512,250,57,True
11394,512,554,250,94,True
11395,554,556,250,82,True
11396,556,566,250,78,True
11397,566,583,250,65,True
11398,583,586,250,67,True
11399,586,595,250,53,True
11400,595,584,250,107,True
11401,584,590,250,70,True
11402,590,577,250,1,False
11403,577,595,250,43,True
11404,595,596,250,131,True
11405,596,570,250,67,True
11406,570,564,250,61,True
11407,564,585,250,41,True
11408,585,596,250,214,True
11409,596,605,250,55,True
11410,605,646,250,89,True
11411,646,616,250,62,True
11412,616,642,250,51,True
11413,642,627,250,129,True
11414,627,607,250,52,True
11415,607,616,250,72,True
11416,616,615,250,69,True
11417,615,663,250,62,True
11418,663,629,250,18,False
11419,629,692,250,44,True
11420,692,670,250,96,True
11421,670,685,250,91,True
11422,685,703,250,76,True
11423,703,696,250,34,True
11424,696,693,250,96,True
11425,693,676,250,45,True
11426,676,703,250,125,True
11427,703,733,250,87,True
11428,733,690,250,77,True
11429,690,713,250,82,True
11430,713,724,250,69,True
11431,724,743,250,71,True
11432,743,748,250,77,True
11433,748,734,250,182,True
11434,734,753,250,70,True
11435,753,770,250,106,True
11436,770,765,250,99,True
11437,765,754,250,133,True
11438,754,792,250,96,True
11439,792,808,250,30,True
11440,808,797,250,132,True
11441,797,820,250,203,True
11442,820,783,250,106,True
11443,783,811,250,94,True
11444,811,842,250,91,True
11445,842,790,250,44,True
11446,790,785,250,6,False
11447,785,772,250,73,True
11448,772,733,250,58,True
11449,733,729,250,59,True
11450,729,701,250,66,True
11451,701,663,250,49,True
11452,663,623,250,79,True
11453,623,627,250,59,True
11454,627,656,250,45,True
11455,656,641,250,161,True
11456,641,653,250,60,True
11457,653,666,250,63,True
11458,666,704,250,57,True
11459,704,690,250,34,True
11460,690,683,250,90,True
11461,683,711,250,44,True
11462,711,714,250,60,True
11463,714,740,250,62,True
11464,740,750,250,42,True
11465,750,757,250,11,False
11466,757,720,250,58,True
11467,720,758,250,94,True
11468,758,822,250,42,True
11469,822,775,250,74,True
11470,775,779,250,198,True
11471,779,765,250,78,True
11472,765,726,250,90,True
11473,726,740,250,85,True
11474,740,728,250,60,True
11475,728,716,250,84,True
11476,716,763,250,58,True
11477,763,771,250,146,True
11478,771,815,250,61,True
11479,815,831,250,46,True
11480,831,826,250,130,True
11481,826,834,250,44,True
11482,834,844,250,98,True
11483,844,812,250,29,False
11484,812,843,250,60,True
11485,843,843,250,96,True
11486,843,852,250,33,True
11487,852,834,250,100,True
11488,834,840,250,42,True
11489,840,812,250,25,False
11490,812,856,250,53,True
11491,856,863,250,58,True
11492,863,858,250,44,True
11493,858,840,250,143,True
11494,840,859,250,35,True
11495,859,852,250,43,True
11496,852,837,250,5,False
11497,837,852,250,26,False
11498,852,841,250,52,True
11499,841,838,250,31,True
11500,838,821,250,147,True
11501,821,875,250,39,True
11502,875,868,250,120,True
11503,868,916,250,69,True
11504,916,932,250,106,True
11505,932,902,250,56,True
11506,902,905,250,89,True
11507,905,911,250,92,True
11508,911,933,250,62,True
11509,933,938,250,108,True
11510,938,920,250,47,True
11511,920,933,250,48,True
11512,933,954,250,16,False
11513,954,948,250,47,True
11514,948,969,250,118,True
11515,969,944,250,27,False
11516,944,931,250,73,True
11517,931,976,250,58,True
11518,976,1001,250,55,True
11519,1001,999,250,81,True
11520,999,1020,250,40,True
11521,1020,975,250,56,True
11522,975,992,250,72,True
11523,992,1018,250,49,True
11524,1018,998,250,63,True
11525,998,1004,250,22,False
11526,1004,998,250,7,False
11527,998,1001,250,92,True
11528,1001,1038,250,86,True
11529,1038,1022,250,11,False
11530,1022,1042,250,88,True
11531,1042,1029,250,67,True
11532,1029,1039,250,110,True
11533,1039,1051,250,60,True
11534,1051,1069,250,72,True
11535,1069,1019,250,98,True
11536,1019,1047,250,7,False
11537,1047,1028,250,118,True
11538,1028,1033,250,93,True
11539,1033,1038,250,58,True
11540,1038,1034,250,120,True
11541,1034,1047,250,62,True
11542,1047,1039,250,43,True
11543,1039,1030,250,85,True
11544,1030,1025,250,50,True
11545,1025,1001,250,41,True
11546,1001,1013,250,23,False
11547,1013,1014,250,92,True
11548,1014,1001,250,27,False
11549,1001,1032,250,65,True
11550,1032,1009,250,68,True
11551,1009,1064,250,25,False
11552,1064,1012,250,67,True
11553,1012,1026,250,37,True
11554,1026,1019,250,81,True
11555,1019,1044,250,38,True
11556,1044,1022,250,43,True
11557,1022,1022,250,58,True
11558,1022,1030,250,72,True
11559,1030,1036,250,71,True
11560,1036,1017,250,78,True
11561,1017,1027,250,65,True
11562,1027,1029,250,62,True
11563,1029,1012,250,66,True
11564,1012,1003,250,29,False
11565,1003,1001,250,77,True
11566,1001,994,250,33,True
11567,994,985,250,32,True
11568,985,949,250,72,True
11569,949,963,250,1,False
11570,963,946,250,46,True
11571,946,933,250,67,True
11572,933,977,250,1,False
11573,977,960,250,22,False
11574,960,949,250,43,True
11575,949,985,250,43,True
11576,985,990,250,27,False
11577,990,1001,250,73,True
11578,1001,968,250,78,True
11579,968,982,250,6,False
11580,982,926,250,84,True
11581,926,958,250,95,True
11582,958,994,250,48,True
11583,994,988,250,115,True
11584,988,958,250,124,True
11585,958,939,250,43,True
11586,939,935,250,42,True
11587,935,923,250,53,True
11588,923,925,250,42,True
11589,925,875,250,16,False
11590,875,894,250,35,True
11591,894,938,250,70,True
11592,938,935,250,68,True
11593,935,951,250,118,True
11594,951,951,250,46,True
11595,951,949,250,103,True
11596,949,957,250,59,True
11597,957,979,250,70,True
11598,979,974,250,65,True
11599,974,953,250,82,True
11600,953,971,250,103,True
11601,971,953,250,76,True
11602,953,919,250,89,True
11603,919,929,250,80,True
11604,929,917,250,103,True
11605,917,907,250,23,False
11606,907,890,250,37,True
11607,890,883,250,116,True
11608,883,866,250,44,True
11609,866,853,250,47,True
11610,853,875,250,234,True
11611,875,848,250,108,True
11612,848,855,250,49,True
11613,855,863,250,61,True
11614,863,876,250,73,True
11615,876,885,250,33,True
11616,885,877,250,39,True
11617,877,906,250,50,True
11618,906,910,250,2,False
11619,910,858,250,39,True
11620,858,894,250,45,True
11621,894,920,250,194,True
11622,920,916,250,34,True
11623,916,913,250,41,True
11624,913,920,250,66,True
11625,920,901,250,37,True
11626,901,918,250,58,True
11627,918,883,250,46,True
11628,883,925,250,67,True
11629,925,904,250,16,False
11630,904,973,250,82,True
11631,973,928,250,79,True
11632,928,910,250,41,True
11633,910,938,250,39,True
11634,938,926,250,36,True
11635,926,922,250,78,True
11636,922,890,250,130,True
11637,890,860,250,142,True
11638,860,878,250,109,True
11639,878,873,250,183,True
11640,873,835,250,52,True
11641,835,862,250,45,True
11642,862,837,250,63,True
11643,837,859,250,25,False
11644,859,848,250,64,True
11645,848,849,250,12,False
11646,849,832,250,75,True
11647,832,819,250,55,True
11648,819,848,250,80,True
11649,848,839,250,134,True
11650,839,861,250,21,False
11651,861,819,250,75,True
11652,819,869,250,90,True
11653,869,866,250,53,True
11654,866,870,250,142,True
11655,870,839,250,124,True
11656,839,832,250,112,True
11657,832,803,250,249,True
11658,803,740,250,122,True
11659,740,739,250,108,True
11660,739,745,250,78,True
11661,745,748,250,81,True
11662,748,771,250,135,True
11663,771,786,250,61,True
11664,786,765,250,122,True
11665,765,774,250,76,True
11666,774,812,250,129,True
11667,812,797,250,91,True
11668,797,795,250,101,True
11669,795,778,250,36,True
11670,778,790,250,74,True
11671,790,795,250,78,True
11672,795,779,250,61,True
11673,779,733,250,48,True
11674,733,748,250,103,True
11675,748,740,250,71,True
11676,740,724,250,26,False
11677,724,728,250,106,True
11678,728,673,250,82,True
11679,673,697,250,64,True
11680,697,688,250,18,False
11681,688,694,250,139,True
11682,694,695,250,76,True
11683,695,739,250,62,True
11684,739,737,250,104,True
11685,737,728,250,95,True
11686,728,748,250,105,True
11687,748,799,250,214,True
11688,799,814,250,146,True
11689,814,812,250,20,False
11690,812,823,250,61,True
11691,823,845,250,190,True
11692,845,853,250,63,True
11693,853,852,250,150,True
11694,852,848,250,140,True
11695,848,857,250,123,True
11696,857,838,250,71,True
11697,838,812,250,96,True
11698,812,815,250,58,True
11699,815,858,250,76,True
11700,858,824,250,58,True
11701,824,866,250,56,True
11702,866,832,250,49,True
11703,832,823,250,91,True
11704,823,772,250,61,True
11705,772,714,250,58,True
11706,714,768,250,48,True
11707,768,784,250,97,True
11708,784,757,250,2,False
11709,757,699,250,107,True
11710,699,645,250,48,True
11711,645,634,250,58,True
11712,634,640,250,45,True
11713,640,621,250,101,True
11714,621,603,250,53,True
11715,603,660,250,74,True
11716,660,663,250,61,True
11717,663,675,250,242,True
11718,675,681,250,68,True
11719,681,679,250,64,True
11720,679,647,250,47,True
11721,647,696,250,45,True
11722,696,695,250,89,True
11723,695,689,250,105,True
11724,689,683,250,205,True
11725,683,694,250,60,True
11726,694,698,250,61,True
11727,698,699,250,75,True
11728,699,681,250,24,False
11729,681,737,250,72,True
11730,737,723,250,58,True
11731,723,756,250,94,True
11732,756,759,250,75,True
11733,759,790,250,128,True
11734,790,827,250,31,True
11735,827,857,250,85,True
11736,857,860,250,63,True
11737,860,889,250,51,True
11738,889,913,250,102,True
11739,913,954,250,60,True
11740,954,972,250,85,True
11741,972,1043,250,63,True
11742,1043,1088,250,39,True
11743,1088,1105,250,45,True
11744,1105,1048,250,125,True
11745,1048,1100,250,146,True
11746,1100,1044,250,97,True
11747,1044,1004,250,42,True
11748,1004,988,250,58,True
11749,988,945,250,127,True
11750,945,961,250,35,True
11751,961,970,250,143,True
11752,970,942,250,62,True
11753,942,938,250,203,True
11754,938,956,250,49,True
11755,956,936,250,17,False
11756,936,939,250,33,True
11757,939,969,250,32,True
11758,969,953,250,42,True
11759,953,992,250,57,True
11760,992,1021,250,82,True
11761,1021,1074,250,45,True
11762,1074,1086,250,27,False
11763,1086,1129,250,109,True
11764,1129,1153,250,73,True
11765,1153,1112,250,11,False
11766,1112,1125,250,125,True
11767,1125,1120,250,36,True
11768,1120,1115,250,106,True
11769,1115,1113,250,9,False
11770,1113,1172,250,243,True
11771,1172,1163,250,52,True
11772,1163,1195,250,95,True
11773,1195,1137,250,37,True
11774,1137,1148,250,42,True
11775,1148,1130,250,8,False
11776,1130,1177,250,69,True
11777,1177,1186,250,46,True
11778,1186,1167,250,47,True
11779,1167,1197,250,54,True
11780,1197,1241,250,60,True
11781,1241,1251,250,68,True
11782,1251,1223,250,84,True
11783,1223,1209,250,25,False
11784,1209,1204,250,81,True
11785,1204,1229,250,86,True
11786,1229,1292,250,109,True
11787,1292,1230,250,146,True
11788,1230,1264,250,148,True
11789,1264,1239,250,100,True
11790,1239,1259,250,58,True
11791,1259,1240,250,44,True
11792,1240,1257,250,15,False
11793,1257,1253,250,143,True
11794,1253,1269,250,85,True
11795,1269,1284,250,91,True
11796,1284,1275,250,47,True
11797,1275,1247,250,73,True
11798,1247,1188,250,114,True
11799,1188,1203,250,55,True
11800,1203,1216,250,88,True
11801,1216,1146,250,64,True
11802,1146,1046,250,43,True
11803,1046,1017,250,49,True
11804,1017,987,250,108,True
11805,987,924,250,115,True
11806,924,951,250,27,False
11807,951,961,250,85,True
11808,961,976,250,36,True
11809,976,999,250,107,True
11810,999,1014,250,83,True
11811,1014,1032,250,67,True
11812,1032,1087,250,79,True
11813,1087,1135,250,23,False
11814,1135,1222,250,64,True
11815,1222,1285,250,80,True
11816,1285,1228,250,112,True
11817,1228,1047,250,90,True
11818,1047,1035,250,59,True
11819,1035,1011,250,67,True
11820,1011,984,250,74,True
11821,984,865,250,53,True
11822,865,803,250,50,True
11823,803,697,250,37,True
11824,697,671,250,42,True
11825,671,672,250,90,True
11826,672,722,250,64,True
11827,722,725,250,49,True
11828,725,737,250,110,True
11829,737,743,250,85,True
11830,743,701,250,35,True
11831,701,718,250,65,True
11832,718,724,250,37,True
11833,724,655,250,34,True
11834,655,688,250,9,False
11835,688,663,250,79,True
11836,663,659,250,88,True
11837,659,709,250,85,True
11838,709,688,250,42,True
11839,688,660,250,67,True
11840,660,657,250,51,True
11841,657,632,250,42,True
11842,632,618,250,50,True
11843,618,614,250,83,True
11844,614,621,250,50,True
11845,621,630,250,35,True
11846,630,639,250,229,True
11847,639,634,250,13,False
11848,634,626,250,63,True
11849,626,600,250,67,True
11850,600,600,250,64,True
11851,600,643,250,80,True
11852,643,618,250,45,True
11853,618,613,250,124,True
11854,613,583,250,62,True
11855,583,580,250,67,True
11856,580,565,250,64,True
11857,565,554,250,28,False
11858,554,585,250,16,False
11859,585,590,250,52,True
11860,590,573,250,92,True
11861,573,599,250,90,True
11862,599,618,250,34,True
11863,618,636,250,54,True
11864,636,654,250,63,True
11865,654,645,250,46,True
11866,645,665,250,38,True
11867,665,659,250,13,False
11868,659,695,250,52,True
11869,695,681,250,118,True
11870,681,636,250,65,True
11871,636,645,250,70,True
11872,645,630,250,83,True
11873,630,636,250,58,True
11874,636,624,250,58,True
11875,624,649,250,39,True
11876,649,644,250,98,True
11877,644,636,250,33,True
11878,636,667,250,25,False
11879,667,664,250,1,False
11880,664,678,250,131,True
11881,678,639,250,70,True
11882,639,693,250,64,True
11883,693,659,250,58,True
11884,659,666,250,17,False
11885,666,677,250,76,True
11886,677,680,250,55,True
11887,680,688,250,84,True
11888,688,708,250,20,False
11889,708,699,250,1,False
11890,699,725,250,76,True
11891,725,685,250,103,True
11892,685,707,250,54,True
11893,707,711,250,75,True
11894,711,678,250,64,True
11895,678,691,250,75,True
11896,691,717,250,116,True
11897,717,691,250,42,True
11898,691,703,250,94,True
11899,703,734,250,71,True
11900,734,732,250,174,True
11901,732,715,250,58,True
11902,715,725,250,68,True
11903,725,759,250,97,True
11904,759,740,250,91,True
11905,740,713,250,58,True
11906,713,755,250,115,True
11907,755,732,250,62,True
11908,732,750,250,73,True
11909,750,715,250,36,True
11910,715,713,250,10,False
11911,713,681,250,15,False
11912,681,681,250,60,True
11913,681,679,250,75,True
11914,679,682,250,25,False
11915,682,663,250,62,True
11916,663,676,250,47,True
11917,676,674,250,107,True
11918,674,684,250,34,True
11919,684,682,250,34,True
11920,682,655,250,36,True
11921,655,635,250,19,False
11922,635,651,250,42,True
11923,651,669,250,17,False
11924,669,649,250,29,False
11925,649,685,250,62,True
11926,685,673,250,121,True
11927,673,668,250,74,True
11928,668,666,250,90,True
11929,666,673,250,56,True
11930,673,669,250,130,True
11931,669,696,250,180,True
11932,696,696,250,60,True
11933,696,678,250,80,True
11934,678,675,250,145,True
11935,675,710,250,110,True
11936,710,662,250,98,True
11937,662,705,250,59,True
11938,705,718,250,94,True
11939,718,708,250,68,True
11940,708,707,250,72,True
11941,707,674,250,8,False
11942,674,693,250,5,False
11943,693,761,250,3,False
11944,761,738,250,69,True
11945,738,757,250,149,True
11946,757,760,250,173,True
11947,760,749,250,108,True
11948,749,748,250,98,True
11949,748,785,250,31,True
11950,785,757,250,33,True
11951,757,756,250,58,True
11952,756,765,250,99,True
11953,765,784,250,73,True
11954,784,768,250,61,True
11955,768,769,250,55,True
11956,769,778,250,44,True
11957,778,787,250,48,True
11958,787,793,250,85,True
11959,793,796,250,57,True
11960,796,766,250,99,True
11961,766,800,250,44,True
11962,800,817,250,76,True
11963,817,815,250,44,True
11964,815,844,250,50,True
11965,844,802,250,38,True
11966,802,821,250,82,True
11967,821,803,250,39,True
11968,803,792,250,54,True
11969,792,779,250,66,True
11970,779,792,250,76,True
11971,792,792,250,70,True
11972,792,842,250,25,False
11973,842,802,250,44,True
11974,802,775,250,40,True
11975,775,783,250,55,True
11976,783,825,250,138,True
11977,825,816,250,57,True
11978,816,824,250,20,False
11979,824,819,250,70,True
11980,819,835,250,64,True
11981,835,837,250,34,True
11982,837,835,250,39,True
11983,835,859,250,69,True
11984,859,829,250,116,True
11985,829,816,250,121,True
11986,816,798,250,24,False
11987,798,801,250,66,True
11988,801,826,250,71,True
11989,826,836,250,35,True
11990,836,821,250,33,True
11991,821,834,250,27,False
11992,834,842,250,2,False
11993,842,858,250,34,True
11994,858,859,250,145,True
11995,859,835,250,74,True
11996,835,857,250,61,True
11997,857,847,250,74,True
11998,847,814,250,2,False
11999,814,834,250,70,True
12000,834,867,250,58,True
12001,867,848,250,75,True
12002,848,830,250,58,True
12003,830,829,250,25,False
12004,829,847,250,46,True
12005,847,847,250,36,True
12006,847,847,250,118,True
12007,847,825,250,13,False
12008,825,835,250,102,True
12009,835,794,250,70,True
12010,794,765,250,38,True
12011,765,796,250,90,True
12012,796,793,250,45,True
12013,793,776,250,28,False
12014,776,778,250,56,True
12015,778,782,250,62,True
12016,782,763,250,90,True
12017,763,762,250,104,True
12018,762,755,250,49,True
12019,755,762,250,87,True
12020,762,748,250,30,True
12021,748,768,250,87,True
12022,768,766,250,101,True
12023,766,760,250,38,True
12024,760,753,250,101,True
12025,753,799,250,97,True
12026,799,791,250,78,True
12027,791,791,250,45,True
12028,791,795,250,47,True
12029,795,771,250,43,True
12030,771,804,250,51,True
12031,804,810,250,83,True
12032,810,787,250,54,True
12033,787,809,250,74,True
12034,809,802,250,10,False
12035,802,793,250,37,True
12036,793,783,250,114,True
12037,783,780,250,7,False
12038,780,783,250,120,True
12039,783,812,250,28,False
12040,812,836,250,83,True
12041,836,755,250,31,True
12042,755,791,250,5,False
12043,791,820,250,28,False
12044,820,780,250,81,True
12045,780,832,250,36,True
12046,832,812,250,75,True
12047,812,836,250,100,True
12048,836,835,250,85,True
12049,835,845,250,39,True
12050,845,864,250,185,True
12051,864,818,250,109,True
12052,818,808,250,30,True
12053,808,811,250,51,True
12054,811,810,250,10,False
12055,810,806,250,73,True
12056,806,815,250,30,True
12057,815,819,250,50,True
12058,819,830,250,94,True
12059,830,841,250,98,True
12060,841,836,250,156,True
12061,836,830,250,72,True
12062,830,913,250,24,False
12063,913,874,250,39,True
12064,874,904,250,129,True
12065,904,898,250,19,False
12066,898,901,250,77,True
12067,901,918,250,61,True
12068,918,882,250,58,True
12069,882,896,250,91,True
12070,896,898,250,104,True
12071,898,907,250,39,True
12072,907,883,250,58,True
12073,883,924,250,41,True
12074,924,886,250,59,True
12075,886,904,250,65,True
12076,904,907,250,93,True
12077,907,944,250,74,True
12078,944,928,250,77,True
12079,928,948,250,68,True
12080,948,965,250,99,True
12081,965,987,250,100,True
12082,987,1040,250,103,True
12083,1040,1054,250,71,True
12084,1054,1090,250,167,True
12085,1090,1104,250,75,True
12086,1104,1107,250,5,False
12087,1107,1138,250,47,True
12088,1138,1152,250,55,True
12089,1152,1148,250,58,True
12090,1148,1186,250,69,True
12091,1186,1164,250,85,True
12092,1164,1150,250,33,True
12093,1150,1095,250,137,True
12094,1095,1135,250,133,True
12095,1135,1121,250,79,True
12096,1121,1145,250,43,True
12097,1145,1188,250,47,True
12098,1188,1251,250,129,True
12099,1251,1221,250,46,True
12100,1221,1250,250,86,True
12101,1250,1275,250,43,True
12102,1275,1352,250,101,True
12103,1352,1460,250,123,True
12104,1460,1482,250,22,False
12105,1482,1638,250,198,True
12106,1638,1647,250,24,False
12107,1647,1651,250,138,True
12108,1651,1645,250,149,True
12109,1645,1677,250,132,True
12110,1677,1688,250,9,False
12111,1688,1635,250,200,True
12112,1635,1625,250,34,True
12113,1625,1644,250,91,True
12114,1644,1585,250,157,True
12115,1585,1581,250,34,True
12116,1581,1558,250,30,True
12117,1558,1577,250,146,True
12118,1577,1607,250,44,True
12119,1607,1672,250,107,True
12120,1672,1690,250,30,True
12121,1690,1761,250,134,True
12122,1761,1884,250,104,True
12123,1884,1890,250,110,True
12124,1890,1957,250,136,True
12125,1957,1994,250,106,True
12126,1994,2027,250,72,True
12127,2027,1991,250,145,True
12128,1991,2001,250,158,True
12129,2001,1958,250,141,True
12130,1958,1917,250,184,True
12131,1917,1965,250,140,True
12132,1965,1967,250,40,True
12133,1967,2022,250,83,True
12134,2022,2012,250,142,True
12135,2012,2006,250,41,True
12136,2006,1992,250,44,True
12137,1992,1994,250,141,True
12138,1994,1928,250,228,True
12139,1928,1763,250,52,True
12140,1763,1719,250,100,True
12141,1719,1638,250,30,True
12142,1638,1545,250,95,True
12143,1545,1335,250,35,True
12144,1335,1125,250,87,True
12145,1125,878,250,104,True
12146,878,765,250,35,True
12147,765,784,250,75,True
12148,784,814,250,56,True
12149,814,863,250,90,True
12150,863,781,250,88,True
12151,781,770,250,87,True
12152,770,765,250,124,True
12153,765,754,250,102,True
12154,754,806,250,75,True
12155,806,829,250,180,True
12156,829,819,250,82,True
12157,819,774,250,134,True
12158,774,729,250,62,True
12159,729,674,250,37,True
12160,674,655,250,40,True
12161,655,665,250,58,True
12162,665,639,250,51,True
12163,639,645,250,47,True
12164,645,647,250,55,True
12165,647,646,250,3,False
12166,646,667,250,121,True
12167,667,671,250,45,True
12168,671,655,250,103,True
12169,655,695,250,108,True
12170,695,673,250,164,True
12171,673,706,250,74,True
12172,706,723,250,139,True
12173,723,726,250,119,True
12174,726,760,250,72,True
12175,760,837,250,78,True
12176,837,837,250,31,True
12177,837,846,250,95,True
12178,846,879,250,52,True
12179,879,817,250,106,True
12180,817,837,250,39,True
12181,837,852,250,25,False
12182,852,870,250,201,True
12183,870,874,250,116,True
12184,874,879,250,103,True
12185,879,872,250,47,True
12186,872,854,250,134,True
12187,854,862,250,3,False
12188,862,878,250,31,True
12189,878,942,250,32,True
12190,942,945,250,37,True
12191,945,968,250,154,True
12192,968,1022,250,137,True
12193,1022,1031,250,49,True
12194,1031,1063,250,56,True
12195,1063,1088,250,33,True
12196,1088,1095,250,76,True
12197,1095,1144,250,195,True
12198,1144,1173,250,39,True
12199,1173,1145,250,170,True
12200,1145,1209,250,52,True
12201,1209,1188,250,133,True
12202,1188,1206,250,81,True
12203,1206,1153,250,30,True
12204,1153,1173,250,19,False
12205,1173,1207,250,64,True
12206,1207,1175,250,88,True
12207,1175,1161,250,143,True
12208,1161,1190,250,165,True
12209,1190,1215,250,108,True
12210,1215,1227,250,37,True
12211,1227,1233,250,41,True
12212,1233,1213,250,73,True
12213,1213,1181,250,88,True
12214,1181,1189,250,41,True
12215,1189,1197,250,80,True
12216,1197,1184,250,98,True
12217,1184,1159,250,71,True
12218,1159,1175,250,73,True
12219,1175,1166,250,41,True
12220,1166,1160,250,157,True
12221,1160,1148,250,51,True
12222,1148,1190,250,7,False
12223,1190,1162,250,21,False
12224,1162,1143,250,29,False
12225,1143,1148,250,72,True
12226,1148,1104,250,31,True
12227,1104,1176,250,82,True
12228,1176,1202,250,171,True
12229,1202,1168,250,141,True
12230,1168,1210,250,82,True
12231,1210,1199,250,70,True
12232,1199,1164,250,41,True
12233,1164,1199,250,48,True
12234,1199,1154,250,40,True
12235,1154,1150,250,34,True
12236,1150,1067,250,37,True
12237,1067,1029,250,46,True
12238,1029,964,250,108,True
12239,964,979,250,104,True
12240,979,934,250,101,True
12241,934,968,250,71,True
12242,968,1030,250,118,True
12243,1030,1080,250,109,True
12244,1080,1098,250,54,True
12245,1098,1029,250,75,True
12246,1029,1035,250,109,True
12247,1035,1075,250,133,True
12248,1075,1063,250,133,True
12249,1063,1049,250,72,True
12250,1049,1044,250,9,False
12251,1044,995,250,166,True
12252,995,958,250,85,True
12253,958,982,250,58,True
12254,982,998,250,73,True
12255,998,895,250,108,True
12256,895,842,250,48,True
12257,842,751,250,55,True
12258,751,721,250,152,True
12259,721,756,250,169,True
12260,756,774,250,151,True
12261,774,775,250,133,True
12262,775,768,250,159,True
12263,768,774,250,99,True
12264,774,784,250,152,True
12265,784,769,250,42,True
12266,769,755,250,75,True
12267,755,728,250,37,True
12268,728,740,250,13,False
12269,740,764,250,51,True
12270,764,811,250,219,True
12271,811,777,250,30,True
12272,777,752,250,51,True
12273,752,729,250,53,True
12274,729,753,250,34,True
12275,753,747,250,51,True
12276,747,765,250,38,True
12277,765,774,250,65,True
12278,774,838,250,53,True
12279,838,830,250,122,True
12280,830,836,250,106,True
12281,836,874,250,30,True
12282,874,818,250,70,True
12283,818,839,250,94,True
12284,839,878,250,202,True
12285,878,908,250,238,True
12286,908,880,250,46,True
12287,880,929,250,71,True
12288,929,936,250,134,True
12289,936,910,250,69,True
12290,910,956,250,39,True
12291,956,951,250,36,True
12292,951,940,250,107,True
12293,940,987,250,48,True
12294,987,959,250,116,True
12295,959,930,250,222,True
12296,930,952,250,127,True
12297,952,973,250,38,True
12298,973,990,250,96,True
12299,990,942,250,140,True
12300,942,979,250,85,True
12301,979,939,250,23,False
12302,939,991,250,50,True
12303,991,1002,250,145,True
12304,1002,998,250,72,True
12305,998,1034,250,119,True
12306,1034,1022,250,111,True
12307,1022,1034,250,117,True
12308,1034,1065,250,71,True
12309,1065,1077,250,153,True
12310,1077,1085,250,172,True
12311,1085,1092,250,65,True
12312,1092,1063,250,83,True
12313,1063,1078,250,108,True
12314,1078,1064,250,155,True
12315,1064,1081,250,146,True
12316,1081,1084,250,59,True
12317,1084,1024,250,28,False
12318,1024,955,250,102,True
12319,955,926,250,126,True
12320,926,906,250,28,False
12321,906,950,250,65,True
12322,950,921,250,121,True
12323,921,1001,250,86,True
12324,1001,985,250,68,True
12325,985,935,250,138,True
12326,935,942,250,83,True
12327,942,939,250,66,True
12328,939,1035,250,109,True
12329,1035,1072,250,75,True
12330,1072,1077,250,56,True
12331,1077,1059,250,92,True
12332,1059,1061,250,65,True
12333,1061,946,250,105,True
12334,946,821,250,99,True
12335,821,809,250,148,True
12336,809,774,250,67,True
12337,774,775,250,98,True
12338,775,739,250,70,True
12339,739,700,250,106,True
12340,700,709,250,89,True
12341,709,731,250,15,False
12342,731,712,250,11,False
12343,712,717,250,135,True
12344,717,712,250,52,True
12345,712,658,250,194,True
12346,658,694,250,92,True
12347,694,680,250,49,True
12348,680,630,250,154,True
12349,630,710,250,46,True
12350,710,699,250,106,True
12351,699,715,250,47,True
12352,715,755,250,42,True
12353,755,746,250,140,True
12354,746,740,250,86,True
12355,740,705,250,75,True
12356,705,672,250,99,True
12357,672,654,250,94,True
12358,654,643,250,56,True
12359,643,630,250,112,True
12360,630,647,250,41,True
12361,647,658,250,161,True
12362,658,634,250,126,True
12363,634,647,250,21,False
12364,647,647,250,79,True
12365,647,656,250,53,True
12366,656,639,250,93,True
12367,639,627,250,87,True
12368,627,664,250,7,False
12369,664,658,250,106,True
12370,658,658,250,107,True
12371,658,666,250,37,True
12372,666,663,250,104,True
12373,663,699,250,26,False
12374,699,674,250,52,True
12375,674,647,250,40,True
12376,647,658,250,78,True
12377,658,639,250,63,True
12378,639,693,250,118,True
12379,693,644,250,164,True
12380,644,644,250,143,True
12381,644,608,250,65,True
12382,608,641,250,76,True
12383,641,671,250,83,True
12384,671,654,250,165,True
12385,654,634,250,57,True
12386,634,619,250,61,True
12387,619,628,250,97,True
12388,628,641,250,12,False
12389,641,642,250,140,True
12390,642,616,250,68,True
12391,616,630,250,74,True
12392,630,630,250,34,True
12393,630,659,250,89,True
12394,659,707,250,28,False
12395,707,663,250,69,True
12396,663,666,250,34,True
12397,666,648,250,78,True
12398,648,636,250,45,True
12399,636,665,250,106,True
12400,665,635,250,179,True
12401,635,687,250,88,True
12402,687,682,250,246,True
12403,682,675,250,106,True
12404,675,666,250,174,True
12405,666,710,250,94,True
12406,710,684,250,51,True
12407,684,683,250,95,True
12408,683,714,250,41,True
12409,714,685,250,110,True
12410,685,712,250,74,True
12411,712,681,250,70,True
12412,681,708,250,167,True
12413,708,733,250,99,True
12414,733,753,250,128,True
12415,753,736,250,107,True
12416,736,726,250,141,True
12417,726,728,250,77,True
12418,728,698,250,84,True
12419,698,739,250,98,True
12420,739,708,250,152,True
12421,708,718,250,47,True
12422,718,746,250,139,True
12423,746,742,250,100,True
12424,742,753,250,234,True
12425,753,723,250,61,True
12426,723,733,250,51,True
12427,733,727,250,40,True
12428,727,729,250,1,False
12429,729,708,250,44,True
12430,708,710,250,31,True
12431,710,736,250,77,True
12432,736,758,250,47,True
12433,758,745,250,84,True
12434,745,750,250,23,False
12435,750,755,250,41,True
12436,755,775,250,84,True
12437,775,760,250,138,True
12438,760,753,250,52,True
12439,753,764,250,79,True
12440,764,757,250,36,True
12441,757,766,250,129,True
12442,766,790,250,42,True
12443,790,767,250,25,False
12444,767,791,250,50,True
12445,791,789,250,32,True
12446,789,804,250,108,True
12447,804,771,250,117,True
12448,771,792,250,65,True
12449,792,816,250,42,True
12450,816,806,250,48,True
12451,806,792,250,39,True
12452,792,811,250,90,True
12453,811,802,250,33,True
12454,802,794,250,59,True
12455,794,809,250,113,True
12456,809,792,250,152,True
12457,792,797,250,112,True
12458,797,771,250,130,True
12459,771,792,250,142,True
12460,792,805,250,108,True
12461,805,825,250,47,True
12462,825,813,250,77,True
12463,813,807,250,73,True
12464,807,835,250,30,True
12465,835,827,250,86,True
12466,827,816,250,29,False
12467,816,794,250,166,True
12468,794,753,250,73,True
12469,753,799,250,63,True
12470,799,772,250,209,True
12471,772,759,250,45,True
12472,759,771,250,70,True
12473,771,762,250,51,True
12474,762,762,250,36,True
12475,762,744,250,52,True
12476,744,756,250,129,True
12477,756,758,250,68,True
12478,758,741,250,39,True
12479,741,733,250,46,True
12480,733,717,250,63,True
12481,717,763,250,43,True
12482,763,747,250,61,True
12483,747,714,250,71,True
12484,714,727,250,126,True
12485,727,742,250,185,True
12486,742,730,250,77,True
12487,730,772,250,78,True
12488,772,751,250,97,True
12489,751,751,250,145,True
12490,751,740,250,123,True
12491,740,727,250,67,True
12492,727,724,250,72,True
12493,724,739,250,98,True
12494,739,754,250,78,True
12495,754,689,250,74,True
12496,689,736,250,59,True
12497,736,718,250,108,True
12498,718,737,250,51,True
12499,737,735,250,93,True
12500,735,692,250,125,True
12501,692,715,250,157,True
12502,715,689,250,85,True
12503,689,701,250,81,True
12504,701,694,250,112,True
12505,694,702,250,96,True
12506,702,701,250,120,True
12507,701,726,250,79,True
12508,726,732,250,48,True
12509,732,712,250,77,True
12510,712,716,250,39,True
12511,716,698,250,55,True
12512,698,726,250,68,True
12513,726,750,250,47,True
12514,750,743,250,88,True
12515,743,756,250,128,True
12516,756,780,250,94,True
12517,780,805,250,20,False
12518,805,808,250,26,False
12519,808,848,250,153,True
12520,848,858,250,103,True
12521,858,855,250,148,True
12522,855,871,250,154,True
12523,871,830,250,98,True
12524,830,828,250,86,True
12525,828,828,250,59,True
12526,828,838,250,50,True
12527,838,874,250,76,True
12528,874,893,250,76,True
12529,893,991,250,68,True
12530,991,1047,250,86,True
12531,1047,1133,250,80,True
12532,1133,1239,250,47,True
12533,1239,1266,250,74,True
12534,1266,1297,250,119,True
12535,1297,1408,250,107,True
12536,1408,1423,250,91,True
12537,1423,1471,250,59,True
12538,1471,1469,250,33,True
12539,1469,1509,250,120,True
12540,1509,1434,250,113,True
12541,1434,1546,250,101,True
12542,1546,1570,250,78,True
12543,1570,1529,250,97,True
12544,1529,1600,250,174,True
12545,1600,1660,250,139,True
12546,1660,1673,250,46,True
12547,1673,1731,250,57,True
12548,1731,1711,250,91,True
12549,1711,1648,250,99,True
12550,1648,1414,250,36,True
12551,1414,1224,250,77,True
12552,1224,1154,250,63,True
12553,1154,1089,250,38,True
12554,1089,960,250,39,True
12555,960,849,250,113,True
12556,849,694,250,58,True
12557,694,592,250,140,True
12558,592,547,250,123,True
12559,547,492,250,92,True
12560,492,548,250,111,True
12561,548,638,250,46,True
12562,638,767,250,69,True
12563,767,821,250,127,True
12564,821,783,250,75,True
12565,783,746,250,85,True
12566,746,710,250,173,True
12567,710,697,250,56,True
12568,697,641,250,9,False
12569,641,569,250,72,True
12570,569,504,250,158,True
12571,504,491,250,30,True
12572,491,483,250,199,True
12573,483,477,250,119,True
12574,477,457,250,140,True
12575,457,483,250,97,True
12576,483,460,250,51,True
12577,460,459,250,81,True
12578,459,429,250,57,True
12579,429,454,250,28,False
12580,454,463,250,56,True
12581,463,475,250,157,True
12582,475,483,250,93,True
12583,483,501,250,67,True
12584,501,491,250,60,True
12585,491,538,250,62,True
12586,538,512,250,109,True
12587,512,539,250,62,True
12588,539,536,250,42,True
12589,536,531,250,58,True
12590,531,554,250,69,True
12591,554,534,250,69,True
12592,534,525,250,37,True
12593,525,514,250,57,True
12594,514,520,250,76,True
12595,520,518,250,88,True
12596,518,519,250,61,True
12597,519,512,250,79,True
12598,512,521,250,86,True
12599,521,514,250,192,True
12600,514,514,250,49,True
12601,514,510,250,90,True
12602,510,511,250,140,True
12603,511,531,250,155,True
12604,531,531,250,88,True
12605,531,577,250,39,True
12606,577,534,250,41,True
12607,534,562,250,117,True
12608,562,586,250,82,True
12609,586,568,250,51,True
12610,568,576,250,0,False
12611,576,580,250,62,True
12612,580,577,250,81,True
12613,577,559,250,20,False
12614,559,561,250,4,False
12615,561,557,250,76,True
12616,557,595,250,79,True
12617,595,596,250,59,True
12618,596,603,250,71,True
12619,603,606,250,76,True
12620,606,606,250,58,True
12621,606,642,250,28,False
12622,642,643,250,112,True
12623,643,647,250,73,True
12624,647,671,250,21,False
12625,671,672,250,47,True
12626,672,720,250,23,False
12627,720,742,250,48,True
12628,742,770,250,10,False
12629,770,732,250,63,True
12630,732,746,250,76,True
12631,746,676,250,91,True
12632,676,666,250,50,True
12633,666,612,250,58,True
12634,612,619,250,161,True
12635,619,603,250,170,True
12636,603,589,250,112,True
12637,589,581,250,95,True
12638,581,565,250,99,True
12639,565,546,250,144,True
12640,546,555,250,41,True
12641,555,560,250,30,True
12642,560,557,250,57,True
12643,557,559,250,163,True
12644,559,598,250,107,True
12645,598,594,250,33,True
12646,594,622,250,71,True
12647,622,593,250,34,True
12648,593,618,250,64,True
12649,618,636,250,62,True
12650,636,655,250,1,False
12651,655,646,250,201,True
12652,646,657,250,69,True
12653,657,642,250,34,True
12654,642,652,250,10,False
12655,652,660,250,24,False
12656,660,630,250,7,False
12657,630,655,250,176,True
12658,655,631,250,44,True
12659,631,636,250,104,True
12660,636,616,250,134,True
12661,616,609,250,24,False
12662,609,612,250,137,True
12663,612,640,250,102,True
12664,640,611,250,35,True
12665,611,635,250,31,True
12666,635,667,250,80,True
12667,667,693,250,27,False
12668,693,728,250,68,True
12669,728,712,250,59,True
12670,712,743,250,114,True
12671,743,757,250,69,True
12672,757,779,250,1,False
12673,779,738,250,92,True
12674,738,743,250,173,True
12675,743,733,250,105,True
12676,733,734,250,42,True
12677,734,726,250,44,True
12678,726,722,250,46,True
12679,722,720,250,80,True
12680,720,732,250,96,True
12681,732,680,250,67,True
12682,680,701,250,12,False
12683,701,714,250,15,False
12684,714,721,250,98,True
12685,721,748,250,115,True
12686,748,758,250,97,True
12687,758,758,250,80,True
12688,758,793,250,121,True
12689,793,829,250,124,True
12690,829,806,250,34,True
12691,806,801,250,75,True
12692,801,809,250,16,False
12693,809,795,250,58,True
12694,795,804,250,175,True
12695,804,811,250,95,True
12696,811,795,250,8,False
12697,795,791,250,23,False
12698,791,803,250,175,True
12699,803,745,250,226,True
12700,745,762,250,126,True
12701,762,810,250,157,True
12702,810,764,250,35,True
12703,764,732,250,46,True
12704,732,746,250,113,True
12705,746,765,250,79,True
12706,765,729,250,34,True
12707,729,754,250,71,True
12708,754,757,250,88,True
12709,757,718,250,62,True
12710,718,679,250,11,False
12711,679,731,250,85,True
12712,731,710,250,107,True
12713,710,693,250,120,True
12714,693,702,250,82,True
12715,702,699,250,211,True
12716,699,684,250,23,False
12717,684,669,250,67,True
12718,669,668,250,53,True
12719,668,679,250,131,True
12720,679,694,250,108,True
12721,694,682,250,55,True
12722,682,693,250,87,True
12723,693,685,250,91,True
12724,685,711,250,55,True
12725,711,708,250,91,True
12726,708,655,250,61,True
12727,655,661,250,239,True
12728,661,639,250,33,True
12729,639,588,250,145,True
12730,588,563,250,79,True
12731,563,558,250,152,True
12732,558,570,250,41,True
12733,570,561,250,74,True
12734,561,554,250,28,False
12735,554,529,250,122,True
12736,529,557,250,66,True
12737,557,583,250,121,True
12738,583,580,250,169,True
12739,580,592,250,106,True
12740,592,566,250,53,True
12741,566,561,250,126,True
12742,561,567,250,118,True
12743,567,581,250,165,True
12744,581,565,250,80,True
12745,565,581,250,61,True
12746,581,575,250,79,True
12747,575,547,250,37,True
12748,547,564,250,62,True
12749,564,506,250,42,True
12750,506,470,250,84,True
12751,470,463,250,72,True
12752,463,459,250,118,True
12753,459,475,250,80,True
12754,475,506,250,55,True
12755,506,518,250,52,True
12756,518,518,250,76,True
12757,518,519,250,163,True
12758,519,519,250,38,True
12759,519,506,250,76,True
12760,506,523,250,52,True
12761,523,546,250,48,True
12762,546,540,250,116,True
12763,540,557,250,245,True
12764,557,541,250,119,True
12765,541,519,250,65,True
12766,519,495,250,243,True
12767,495,482,250,145,True
12768,482,491,250,54,True
12769,491,446,250,71,True
12770,446,444,250,83,True
12771,444,428,250,32,True
12772,428,437,250,73,True
12773,437,444,250,55,True
12774,444,454,250,104,True
12775,454,446,250,109,True
12776,446,424,250,38,True
12777,424,439,250,179,True
12778,439,443,250,50,True
12779,443,470,250,141,True
12780,470,466,250,91,True
12781,466,477,250,80,True
12782,477,489,250,71,True
12783,489,492,250,50,True
12784,492,503,250,110,True
12785,503,501,250,246,True
12786,501,484,250,44,True
12787,484,453,250,188,True
12788,453,428,250,30,True
12789,428,436,250,91,True
12790,436,448,250,112,True
12791,448,417,250,56,True
12792,417,447,250,119,True
12793,447,438,250,20,False
12794,438,421,250,44,True
12795,421,444,250,65,True
12796,444,438,250,97,True
12797,438,431,250,114,True
12798,431,451,250,40,True
12799,451,434,250,199,True
12800,434,456,250,100,True
12801,456,436,250,120,True
12802,436,441,250,65,True
12803,441,418,250,95,True
12804,418,421,250,126,True
12805,421,423,250,17,False
12806,423,427,250,133,True
12807,427,422,250,58,True
12808,422,433,250,105,True
12809,433,410,250,152,True
12810,410,419,250,54,True
12811,419,439,250,65,True
12812,439,445,250,97,True
12813,445,446,250,67,True
12814,446,463,250,123,True
12815,463,447,250,78,True
12816,447,470,250,1,False
12817,470,447,250,71,True
12818,447,430,250,77,True
12819,430,455,250,80,True
12820,455,431,250,141,True
12821,431,436,250,152,True
12822,436,436,250,51,True
12823,436,435,250,85,True
12824,435,462,250,67,True
12825,462,447,250,137,True
12826,447,428,250,68,True
12827,428,418,250,24,False
12828,418,430,250,86,True
12829,430,427,250,38,True
12830,427,439,250,68,True
12831,439,427,250,82,True
12832,427,435,250,130,True
12833,435,440,250,211,True
12834,440,416,250,60,True
12835,416,437,250,147,True
12836,437,449,250,41,True
12837,449,415,250,115,True
12838,415,414,250,49,True
12839,414,437,250,69,True
12840,437,428,250,47,True
12841,428,426,250,77,True
12842,426,413,250,168,True
12843,413,436,250,64,True
12844,436,426,250,87,True
12845,426,441,250,62,True
12846,441,444,250,43,True
12847,444,435,250,111,True
12848,435,423,250,37,True
12849,423,411,250,96,True
12850,411,454,250,59,True
12851,454,447,250,60,True
12852,447,448,250,49,True
12853,448,457,250,59,True
12854,457,437,250,30,True
12855,437,432,250,45,True
12856,432,460,250,76,True
12857,460,447,250,120,True
12858,447,429,250,107,True
12859,429,434,250,57,True
12860,434,455,250,83,True
12861,455,454,250,87,True
12862,454,442,250,107,True
12863,442,455,250,173,True
12864,455,440,250,92,True
12865,440,453,250,45,True
12866,453,431,250,87,True
12867,431,425,250,125,True
12868,425,451,250,241,True
12869,451,468,250,51,True
12870,468,441,250,39,True
12871,441,446,250,78,True
12872,446,445,250,64,True
12873,445,450,250,146,True
12874,450,453,250,15,False
12875,453,452,250,34,True
12876,452,446,250,0,False
12877,446,434,250,179,True
12878,434,448,250,75,True
12879,448,446,250,96,True
12880,446,441,250,200,True
12881,441,457,250,9,False
12882,457,439,250,25,False
12883,439,452,250,1,False
12884,452,448,250,46,True
12885,448,444,250,50,True
12886,444,463,250,133,True
12887,463,454,250,97,True
12888,454,468,250,42,True
12889,468,453,250,37,True
12890,453,461,250,148,True
12891,461,441,250,100,True
12892,441,466,250,91,True
12893,466,457,250,30,True
12894,457,474,250,90,True
12895,474,466,250,100,True
12896,466,457,250,49,True
12897,457,461,250,62,True
12898,461,457,250,107,True
12899,457,454,250,87,True
12900,454,459,250,95,True
12901,459,473,250,92,True
12902,473,467,250,126,True
12903,467,461,250,27,False
12904,461,465,250,61,True
12905,465,467,250,52,True
12906,467,464,250,65,True
12907,464,480,250,17,False
12908,480,482,250,50,True
12909,482,473,250,126,True
12910,473,466,250,48,True
12911,466,482,250,143,True
12912,482,464,250,92,True
12913,464,468,250,70,True
12914,468,450,250,163,True
12915,450,468,250,52,True
12916,468,461,250,94,True
12917,461,473,250,94,True
12918,473,446,250,67,True
12919,446,478,250,140,True
12920,478,477,250,94,True
12921,477,472,250,61,True
12922,472,463,250,30,True
12923,463,473,250,140,True
12924,473,479,250,44,True
12925,479,478,250,91,True
12926,478,455,250,62,True
12927,455,479,250,158,True
12928,479,475,250,126,True
12929,475,476,250,59,True
12930,476,452,250,112,True
12931,452,472,250,78,True
12932,472,465,250,32,True
12933,465,495,250,44,True
12934,495,472,250,71,True
12935,472,504,250,74,True
12936,504,478,250,82,True
12937,478,471,250,110,True
12938,471,477,250,61,True
12939,477,467,250,79,True
12940,467,488,250,54,True
12941,488,480,250,63,True
12942,480,468,250,68,True
12943,468,479,250,118,True
12944,479,501,250,70,True
12945,501,482,250,50,True
12946,482,472,250,41,True
12947,472,491,250,57,True
12948,491,501,250,31,True
12949,501,487,250,6,False
12950,487,476,250,17,False
12951,476,444,250,67,True
12952,444,456,250,59,True
12953,456,468,250,66,True
12954,468,478,250,96,True
12955,478,472,250,58,True
12956,472,503,250,17,False
12957,503,492,250,26,False
12958,492,441,250,40,True
12959,441,460,250,61,True
12960,460,477,250,59,True
12961,477,492,250,62,True
12962,492,462,250,52,True
12963,462,473,250,134,True
12964,473,463,250,127,True
12965,463,470,250,50,True
12966,470,470,250,40,True
12967,470,460,250,76,True
12968,460,493,250,96,True
12969,493,508,250,115,True
12970,508,473,250,53,True
12971,473,490,250,64,True
12972,490,502,250,54,True
12973,502,497,250,45,True
12974,497,467,250,44,True
12975,467,481,250,52,True
12976,481,480,250,63,True
12977,480,480,250,67,True
12978,480,493,250,56,True
12979,493,486,250,49,True
12980,486,482,250,27,False
12981,482,488,250,55,True
12982,488,478,250,34,True
12983,478,481,250,64,True
12984,481,475,250,74,True
12985,475,483,250,48,True
12986,483,476,250,54,True
12987,476,498,250,32,True
12988,498,492,250,47,True
12989,492,504,250,27,False
12990,504,486,250,78,True
12991,486,497,250,7,False
12992,497,489,250,4,False
12993,489,466,250,48,True
12994,466,494,250,104,True
12995,494,479,250,74,True
12996,479,514,250,56,True
12997,514,495,250,42,True
12998,495,496,250,45,True
12999,496,491,250,48,True
13000,491,516,250,55,True
13001,516,489,250,34,True
13002,489,493,250,45,True
13003,493,505,250,61,True
13004,505,491,250,91,True
13005,491,495,250,76,True
13006,495,485,250,105,True
13007,485,469,250,88,True
13008,469,484,250,61,True
13009,484,496,250,27,False
13010,496,516,250,57,True
13011,516,506,250,71,True
13012,506,508,250,12,False
13013,508,467,250,94,True
13014,467,480,250,99,True
13015,480,469,250,69,True
13016,469,507,250,56,True
13017,507,500,250,38,True
13018,500,510,250,55,True
13019,510,513,250,65,True
13020,513,499,250,149,True
13021,499,509,250,63,True
13022,509,530,250,95,True
13023,530,538,250,20,False
13024,538,510,250,92,True
13025,510,526,250,97,True
13026,526,513,250,68,True
13027,513,537,250,51,True
13028,537,511,250,3,False
13029,511,517,250,26,False
13030,517,516,250,50,True
13031,516,518,250,21,False
13032,518,506,250,105,True
13033,506,506,250,49,True
13034,506,501,250,99,True
13035,501,516,250,112,True
13036,516,525,250,96,True
13037,525,535,250,22,False
13038,535,506,250,53,True
13039,506,494,250,63,True
13040,494,512,250,65,True
13041,512,502,250,72,True
13042,502,491,250,36,True
13043,491,516,250,39,True
13044,516,490,250,46,True
13045,490,493,250,88,True
13046,493,489,250,50,True
13047,489,514,250,161,True
13048,514,486,250,72,True
13049,486,497,250,16,False
13050,497,508,250,46,True
13051,508,503,250,49,True
13052,503,500,250,95,True
13053,500,497,250,52,True
13054,497,502,250,54,True
13055,502,502,250,53,True
13056,502,512,250,59,True
13057,512,522,250,50,True
13058,522,530,250,78,True
13059,530,515,250,98,True
13060,515,506,250,32,True
13061,506,541,250,62,True
13062,541,531,250,52,True
13063,531,527,250,59,True
13064,527,511,250,39,True
13065,511,495,250,57,True
13066,495,513,250,97,True
13067,513,494,250,118,True
13068,494,505,250,101,True
13069,505,513,250,126,True
13070,513,488,250,31,True
13071,488,485,250,93,True
13072,485,512,250,45,True
13073,512,483,250,58,True
13074,483,506,250,51,True
13075,506,496,250,37,True
13076,496,500,250,59,True
13077,500,518,250,62,True
13078,518,501,250,38,True
13079,501,502,250,26,False
13080,502,522,250,54,True
13081,522,523,250,84,True
13082,523,538,250,35,True
13083,538,511,250,19,False
13084,511,540,250,70,True
13085,540,551,250,51,True
13086,551,563,250,65,True
13087,563,549,250,62,True
13088,549,542,250,12,False
13089,542,551,250,120,True
13090,551,531,250,53,True
13091,531,525,250,245,True
13092,525,534,250,242,True
13093,534,531,250,55,True
13094,531,515,250,63,True
13095,515,517,250,42,True
13096,517,562,250,62,True
13097,562,532,250,93,True
13098,532,545,250,111,True
13099,545,547,250,134,True
13100,547,562,250,88,True
13101,562,584,250,37,True
13102,584,554,250,156,True
13103,554,558,250,82,True
13104,558,547,250,63,True
13105,547,558,250,40,True
13106,558,575,250,42,True
13107,575,570,250,55,True
13108,570,555,250,50,True
13109,555,559,250,121,True
13110,559,557,250,64,True
13111,557,538,250,61,True
13112,538,590,250,52,True
13113,590,565,250,71,True
13114,565,571,250,15,False
13115,571,556,250,6,False
13116,556,601,250,59,True
13117,601,568,250,62,True
13118,568,570,250,169,True
13119,570,594,250,34,True
13120,594,582,250,77,True
13121,582,580,250,133,True
13122,580,594,250,53,True
13123,594,629,250,94,True
13124,629,651,250,64,True
13125,651,653,250,17,False
13126,653,618,250,17,False
13127,618,619,250,33,True
13128,619,623,250,31,True
13129,623,612,250,37,True
13130,612,647,250,56,True
13131,647,623,250,132,True
13132,623,640,250,33,True
13133,640,643,250,77,True
13134,643,613,250,20,False
13135,613,643,250,50,True
13136,643,655,250,242,True
13137,655,695,250,72,True
13138,695,688,250,58,True
13139,688,688,250,69,True
13140,688,753,250,83,True
13141,753,740,250,123,True
13142,740,739,250,62,True
13143,739,769,250,43,True
13144,769,784,250,11,False
13145,784,746,250,53,True
13146,746,762,250,52,True
13147,762,764,250,38,True
13148,764,725,250,109,True
13149,725,694,250,83,True
13150,694,702,250,57,True
13151,702,739,250,50,True
13152,739,736,250,54,True
13153,736,719,250,43,True
13154,719,721,250,47,True
13155,721,744,250,20,False
13156,744,708,250,60,True
13157,708,728,250,30,True
13158,728,706,250,63,True
13159,706,734,250,80,True
13160,734,696,250,63,True
13161,696,759,250,29,False
13162,759,767,250,110,True
13163,767,774,250,65,True
13164,774,764,250,50,True
13165,764,807,250,6,False
13166,807,824,250,132,True
13167,824,815,250,143,True
13168,815,772,250,75,True
13169,772,781,250,153,True
13170,781,751,250,45,True
13171,751,734,250,46,True
13172,734,759,250,66,True
13173,759,736,250,58,True
13174,736,729,250,87,True
13175,729,765,250,27,False
13176,765,793,250,48,True
13177,793,763,250,58,True
13178,763,768,250,118,True
13179,768,749,250,60,True
13180,749,766,250,35,True
13181,766,755,250,74,True
13182,755,770,250,128,True
13183,770,795,250,48,True
13184,795,847,250,165,True
13185,847,792,250,36,True
13186,792,778,250,64,True
13187,778,763,250,55,True
13188,763,760,250,130,True
13189,760,711,250,52,True
13190,711,738,250,78,True
13191,738,727,250,27,False
13192,727,696,250,0,False
13193,696,685,250,29,False
13194,685,694,250,91,True
13195,694,701,250,19,False
13196,701,684,250,32,True
13197,684,668,250,30,True
13198,668,678,250,37,True
13199,678,660,250,5,False
13200,660,673,250,86,True
13201,673,648,250,74,True
13202,648,648,250,56,True
13203,648,657,250,112,True
13204,657,662,250,219,True
13205,662,662,250,35,True
13206,662,670,250,45,True
13207,670,632,250,31,True
13208,632,664,250,77,True
13209,664,660,250,5,False
13210,660,660,250,28,False
13211,660,632,250,98,True
13212,632,648,250,30,True
13213,648,656,250,18,False
13214,656,677,250,94,True
13215,677,638,250,25,False
13216,638,667,250,67,True
13217,667,649,250,29,False
13218,649,645,250,42,True
13219,645,644,250,6,False
13220,644,656,250,248,True
13221,656,663,250,116,True
13222,663,633,250,43,True
13223,633,624,250,27,False
13224,624,613,250,147,True
13225,613,599,250,55,True
13226,599,659,250,58,True
13227,659,659,250,92,True
13228,659,682,250,29,False
13229,682,677,250,52,True
13230,677,679,250,73,True
13231,679,686,250,21,False
13232,686,682,250,37,True
13233,682,687,250,7,False
13234,687,673,250,0,False
13235,673,677,250,64,True
13236,677,730,250,27,False
13237,730,690,250,14,False
13238,690,675,250,57,True
13239,675,679,250,123,True
13240,679,648,250,44,True
13241,648,673,250,146,True
13242,673,653,250,52,True
13243,653,642,250,72,True
13244,642,638,250,61,True
13245,638,631,250,35,True
13246,631,651,250,49,True
13247,651,645,250,53,True
13248,645,655,250,58,True
13249,655,661,250,124,True
13250,661,682,250,136,True
13251,682,720,250,12,False
13252,720,700,250,48,True
13253,700,703,250,74,True
13254,703,705,250,39,True
13255,705,738,250,94,True
13256,738,722,250,2,False
13257,722,729,250,11,False
13258,729,716,250,77,True
13259,716,678,250,41,True
13260,678,680,250,113,True
13261,680,690,250,73,True
13262,690,702,250,106,True
13263,702,690,250,151,True
13264,690,718,250,78,True
13265,718,723,250,135,True
13266,723,761,250,34,True
13267,761,734,250,2,False
13268,734,752,250,119,True
13269,752,752,250,73,True
13270,752,755,250,108,True
13271,755,723,250,87,True
13272,723,753,250,20,False
13273,753,800,250,39,True
13274,800,784,250,25,False
13275,784,797,250,71,True
13276,797,797,250,105,True
13277,797,805,250,34,True
13278,805,799,250,39,True
13279,799,775,250,59,True
13280,775,795,250,39,True
13281,795,815,250,45,True
13282,815,781,250,139,True
13283,781,796,250,58,True
13284,796,789,250,41,True
13285,789,819,250,35,True
13286,819,826,250,73,True
13287,826,824,250,27,False
13288,824,803,250,140,True
13289,803,799,250,100,True
13290,799,812,250,37,True
13291,812,839,250,45,True
13292,839,836,250,90,True
13293,836,860,250,92,True
13294,860,856,250,47,True
13295,856,847,250,250,True
13296,847,884,250,205,True
13297,884,852,250,80,True
13298,852,904,250,68,True
13299,904,897,250,18,False
13300,897,900,250,73,True
13301,900,908,250,95,True
13302,908,906,250,136,True
13303,906,925,250,53,True
13304,925,969,250,56,True
13305,969,976,250,86,True
13306,976,1033,250,109,True
13307,1033,1016,250,79,True
13308,1016,1047,250,77,True
13309,1047,1022,250,61,True
13310,1022,1034,250,91,True
13311,1034,1019,250,60,True
13312,1019,1043,250,125,True
13313,1043,993,250,68,True
13314,993,1043,250,133,True
13315,1043,1066,250,130,True
13316,1066,1072,250,70,True
13317,1072,1122,250,65,True
13318,1122,1130,250,55,True
13319,1130,1145,250,64,True
13320,1145,1113,250,43,True
13321,1113,1083,250,11,False
13322,1083,1069,250,117,True
13323,1069,1150,250,109,True
13324,1150,1116,250,47,True
13325,1116,1099,250,65,True
13326,1099,1100,250,20,False
13327,1100,1098,250,95,True
13328,1098,1136,250,82,True
13329,1136,1133,250,16,False
13330,1133,1149,250,34,True
13331,1149,1176,250,49,True
13332,1176,1131,250,115,True
13333,1131,1108,250,121,True
13334,1108,1117,250,23,False
13335,1117,1124,250,48,True
13336,1124,1122,250,51,True
13337,1122,1157,250,113,True
13338,1157,1180,250,30,True
13339,1180,1222,250,58,True
13340,1222,1141,250,34,True
13341,1141,1164,250,81,True
13342,1164,1127,250,206,True
13343,1127,1178,250,41,True
13344,1178,1142,250,96,True
13345,1142,1162,250,72,True
13346,1162,1060,250,117,True
13347,1060,1022,250,62,True
13348,1022,1001,250,62,True
13349,1001,976,250,82,True
13350,976,970,250,99,True
13351,970,1027,250,45,True
13352,1027,981,250,127,True
13353,981,1008,250,89,True
13354,1008,1033,250,84,True
13355,1033,1015,250,71,True
13356,1015,1007,250,73,True
13357,1007,1033,250,132,True
13358,1033,1077,250,33,True
13359,1077,1089,250,37,True
13360,1089,1067,250,15,False
13361,1067,998,250,42,True
13362,998,998,250,36,True
13363,998,995,250,92,True
13364,995,1017,250,17,False
13365,1017,996,250,43,True
13366,996,1016,250,74,True
13367,1016,999,250,67,True
13368,999,1004,250,173,True
13369,1004,1040,250,103,True
13370,1040,1045,250,19,False
13371,1045,1045,250,94,True
13372,1045,1046,250,43,True
13373,1046,1099,250,45,True
13374,1099,1097,250,40,True
13375,1097,1081,250,42,True
13376,1081,1120,250,97,True
13377,1120,1111,250,56,True
13378,1111,1097,250,56,True
13379,1097,1116,250,72,True
13380,1116,1127,250,43,True
13381,1127,1193,250,111,True
13382,1193,1144,250,94,True
13383,1144,1181,250,56,True
13384,1181,1219,250,53,True
13385,1219,1246,250,99,True
13386,1246,1287,250,64,True
13387,1287,1295,250,53,True
13388,1295,1295,250,83,True
13389,1295,1312,250,52,True
13390,1312,1324,250,92,True
13391,1324,1328,250,116,True
13392,1328,1338,250,12,False
13393,1338,1335,250,23,False
13394,1335,1307,250,16,False
13395,1307,1359,250,47,True
13396,1359,1359,250,67,True
13397,1359,1419,250,94,True
13398,1419,1451,250,29,False
13399,1451,1471,250,38,True
13400,1471,1480,250,26,False
13401,1480,1466,250,74,True
13402,1466,1454,250,101,True
13403,1454,1505,250,78,True
13404,1505,1474,250,42,True
13405,1474,1466,250,43,True
13406,1466,1409,250,85,True
13407,1409,1433,250,20,False
13408,1433,1438,250,64,True
13409,1438,1463,250,68,True
13410,1463,1518,250,30,True
13411,1518,1503,250,46,True
13412,1503,1478,250,216,True
13413,1478,1557,250,88,True
13414,1557,1561,250,88,True
13415,1561,1572,250,159,True
13416,1572,1618,250,139,True
13417,1618,1602,250,61,True
13418,1602,1605,250,119,True
13419,1605,1576,250,80,True
13420,1576,1639,250,112,True
13421,1639,1632,250,54,True
13422,1632,1623,250,210,True
13423,1623,1628,250,136,True
13424,1628,1664,250,39,True
13425,1664,1664,250,1,False
13426,1664,1616,250,212,True
13427,1616,1597,250,101,True
13428,1597,1595,250,64,True
13429,1595,1585,250,74,True
13430,1585,1544,250,26,False
13431,1544,1513,250,41,True
13432,1513,1514,250,64,True
13433,1514,1522,250,49,True
13434,1522,1463,250,42,True
13435,1463,1481,250,59,True
13436,1481,1477,250,57,True
13437,1477,1465,250,37,True
13438,1465,1497,250,84,True
13439,1497,1463,250,77,True
13440,1463,1494,250,38,True
13441,1494,1549,250,47,True
13442,1549,1543,250,32,True
13443,1543,1521,250,1,False
13444,1521,1547,250,161,True
13445,1547,1450,250,142,True
13446,1450,1406,250,33,True
13447,1406,1315,250,16,False
13448,1315,1308,250,78,True
13449,1308,1291,250,65,True
13450,1291,1301,250,40,True
13451,1301,1286,250,0,False
13452,1286,1270,250,78,True
13453,1270,1253,250,57,True
13454,1253,1282,250,26,False
13455,1282,1275,250,33,True
13456,1275,1309,250,31,True
13457,1309,1260,250,231,True
13458,1260,1325,250,172,True
13459,1325,1373,250,192,True
13460,1373,1363,250,71,True
13461,1363,1333,250,62,True
13462,1333,1414,250,69,True
13463,1414,1402,250,75,True
13464,1402,1460,250,40,True
13465,1460,1404,250,29,False
13466,1404,1367,250,20,False
13467,1367,1389,250,13,False
13468,1389,1382,250,139,True
13469,1382,1380,250,124,True
13470,1380,1390,250,102,True
13471,1390,1356,250,0,False
13472,1356,1389,250,58,True
13473,1389,1399,250,28,False
13474,1399,1408,250,59,True
13475,1408,1426,250,41,True
13476,1426,1404,250,74,True
13477,1404,1425,250,78,True
13478,1425,1467,250,62,True
13479,1467,1496,250,78,True
13480,1496,1485,250,127,True
13481,1485,1461,250,158,True
13482,1461,1518,250,71,True
13483,1518,1478,250,14,False
13484,1478,1509,250,36,True
13485,1509,1419,250,43,True
13486,1419,1497,250,40,True
13487,1497,1431,250,28,False
13488,1431,1488,250,80,True
13489,1488,1499,250,8,False
13490,1499,1436,250,71,True
13491,1436,1395,250,122,True
13492,1395,1417,250,19,False
13493,1417,1433,250,148,True
13494,1433,1412,250,58,True
13495,1412,1414,250,114,True
13496,1414,1489,250,47,True
13497,1489,1486,250,37,True
13498,1486,1482,250,95,True
13499,1482,1438,250,63,True
13500,1438,1438,250,121,True
13501,1438,1361,250,41,True
13502,1361,1392,250,84,True
13503,1392,1357,250,72,True
13504,1357,1340,250,48,True
13505,1340,1311,250,107,True
13506,1311,1346,250,11,False
13507,1346,1346,250,9,False
13508,1346,1295,250,110,True
13509,1295,1367,250,42,True
13510,1367,1340,250,5,False
13511,1340,1383,250,73,True
13512,1383,1340,250,206,True
13513,1340,1395,250,29,False
13514,1395,1361,250,99,True
13515,1361,1371,250,67,True
13516,1371,1321,250,48,True
13517,1321,1337,250,52,True
13518,1337,1298,250,84,True
13519,1298,1380,250,75,True
13520,1380,1370,250,50,True
13521,1370,1380,250,210,True
13522,1380,1398,250,29,False
13523,1398,1421,250,111,True
13524,1421,1479,250,44,True
13525,1479,1501,250,90,True
13526,1501,1539,250,34,True
13527,1539,1624,250,67,True
13528,1624,1644,250,46,True
13529,1644,1668,250,42,True
13530,1668,1696,250,55,True
13531,1696,1649,250,63,True
13532,1649,1640,250,44,True
13533,1640,1685,250,100,True
13534,1685,1685,250,31,True
13535,1685,1626,250,30,True
13536,1626,1717,250,36,True
13537,1717,1705,250,11,False
13538,1705,1712,250,43,True
13539,1712,1695,250,41,True
13540,1695,1718,250,61,True
13541,1718,1703,250,31,True
13542,1703,1691,250,97,True
13543,1691,1716,250,92,True
13544,1716,1748,250,36,True
13545,1748,1754,250,42,True
13546,1754,1750,250,158,True
13547,1750,1741,250,29,False
13548,1741,1786,250,0,False
13549,1786,1806,250,19,False
13550,1806,1737,250,17,False
13551,1737,1750,250,0,False
13552,1750,1792,250,8,False
13553,1792,1742,250,36,True
13554,1742,1745,250,39,True
13555,1745,1754,250,82,True
13556,1754,1755,250,24,False
13557,1755,1709,250,73,True
13558,1709,1721,250,126,True
13559,1721,1764,250,72,True
13560,1764,1724,250,45,True
13561,1724,1652,250,194,True
13562,1652,1669,250,82,True
13563,1669,1634,250,46,True
13564,1634,1650,250,61,True
13565,1650,1592,250,21,False
13566,1592,1630,250,30,True
13567,1630,1631,250,122,True
13568,1631,1669,250,59,True
13569,1669,1709,250,29,False
13570,1709,1643,250,90,True
13571,1643,1668,250,191,True
13572,1668,1721,250,30,True
13573,1721,1631,250,43,True
13574,1631,1614,250,41,True
13575,1614,1625,250,7,False
13576,1625,1621,250,35,True
13577,1621,1625,250,11,False
13578,1625,1636,250,173,True
13579,1636,1649,250,126,True
13580,1649,1661,250,136,True
13581,1661,1705,250,52,True
13582,1705,1731,250,53,True
13583,1731,1725,250,131,True
13584,1725,1766,250,100,True
13585,1766,1821,250,30,True
13586,1821,1820,250,46,True
13587,1820,1825,250,157,True
13588,1825,1881,250,51,True
13589,1881,1854,250,87,True
13590,1854,1829,250,12,False
13591,1829,1832,250,32,True
13592,1832,1799,250,107,True
13593,1799,1783,250,51,True
13594,1783,1768,250,30,True
13595,1768,1723,250,54,True
13596,1723,1715,250,48,True
13597,1715,1746,250,83,True
13598,1746,1770,250,47,True
13599,1770,1724,250,19,False
13600,1724,1734,250,31,True
13601,1734,1735,250,163,True
13602,1735,1740,250,51,True
13603,1740,1767,250,56,True
13604,1767,1740,250,77,True
13605,1740,1768,250,96,True
13606,1768,1767,250,21,False
13607,1767,1760,250,25,False
13608,1760,1685,250,54,True
13609,1685,1671,250,121,True
13610,1671,1704,250,22,False
13611,1704,1684,250,144,True
13612,1684,1726,250,22,False
13613,1726,1739,250,45,True
13614,1739,1744,250,144,True
13615,1744,1773,250,30,True
13616,1773,1795,250,38,True
13617,1795,1799,250,95,True
13618,1799,1791,250,42,True
13619,1791,1785,250,72,True
13620,1785,1772,250,15,False
13621,1772,1831,250,68,True
13622,1831,1774,250,37,True
13623,1774,1793,250,83,True
13624,1793,1798,250,70,True
13625,1798,1745,250,60,True
13626,1745,1721,250,17,False
13627,1721,1648,250,25,False
13628,1648,1622,250,59,True
13629,1622,1643,250,59,True
13630,1643,1572,250,100,True
13631,1572,1564,250,33,True
13632,1564,1608,250,19,False
13633,1608,1622,250,147,True
13634,1622,1613,250,31,True
13635,1613,1634,250,44,True
13636,1634,1652,250,40,True
13637,1652,1664,250,29,False
13638,1664,1710,250,82,True
13639,1710,1709,250,40,True
13640,1709,1716,250,81,True
13641,1716,1753,250,9,False
13642,1753,1706,250,47,True
13643,1706,1688,250,70,True
13644,1688,1687,250,26,False
13645,1687,1670,250,49,True
13646,1670,1712,250,26,False
13647,1712,1685,250,42,True
13648,1685,1714,250,72,True
13649,1714,1775,250,37,True
13650,1775,1770,250,55,True
13651,1770,1755,250,82,True
13652,1755,1794,250,81,True
13653,1794,1787,250,30,True
13654,1787,1830,250,16,False
13655,1830,1790,250,83,True
13656,1790,1766,250,79,True
13657,1766,1795,250,70,True
13658,1795,1757,250,44,True
13659,1757,1776,250,39,True
13660,1776,1764,250,74,True
13661,1764,1786,250,39,True
13662,1786,1790,250,55,True
13663,1790,1790,250,90,True
13664,1790,1806,250,40,True
13665,1806,1816,250,76,True
13666,1816,1831,250,50,True
13667,1831,1866,250,54,True
13668,1866,1858,250,57,True
13669,1858,1897,250,34,True
13670,1897,1950,250,78,True
13671,1950,1981,250,87,True
13672,1981,1958,250,12,False
13673,1958,1957,250,35,True
13674,1957,1958,250,188,True
13675,1958,1972,250,156,True
13676,1972,2004,250,42,True
13677,2004,2014,250,41,True
13678,2014,1956,250,112,True
13679,1956,1974,250,92,True
13680,1974,1918,250,119,True
13681,1918,1884,250,131,True
13682,1884,1863,250,23,False
13683,1863,1867,250,15,False
13684,1867,1839,250,27,False
13685,1839,1926,250,58,True
13686,1926,1949,250,27,False
13687,1949,1951,250,88,True
13688,1951,2008,250,70,True
13689,2008,2004,250,88,True
13690,2004,1974,250,55,True
13691,1974,1965,250,67,True
13692,1965,1897,250,68,True
13693,1897,1877,250,62,True
13694,1877,1812,250,25,False
13695,1812,1796,250,13,False
13696,1796,1823,250,203,True
13697,1823,1794,250,177,True
13698,1794,1846,250,153,True
13699,1846,1930,250,75,True
13700,1930,1921,250,35,True
13701,1921,1934,250,62,True
13702,1934,1936,250,80,True
13703,1936,1889,250,160,True
13704,1889,1921,250,157,True
13705,1921,1915,250,150,True
13706,1915,1925,250,61,True
13707,1925,1869,250,47,True
13708,1869,1849,250,70,True
13709,1849,1806,250,59,True
13710,1806,1778,250,21,False
13711,1778,1748,250,95,True
13712,1748,1674,250,117,True
13713,1674,1629,250,76,True
13714,1629,1584,250,37,True
13715,1584,1553,250,30,True
13716,1553,1544,250,5,False
13717,1544,1524,250,1,False
13718,1524,1561,250,84,True
13719,1561,1563,250,90,True
13720,1563,1574,250,48,True
13721,1574,1608,250,20,False
13722,1608,1636,250,127,True
13723,1636,1636,250,40,True
13724,1636,1679,250,85,True
13725,1679,1714,250,35,True
13726,1714,1681,250,30,True
13727,1681,1594,250,26,False
13728,1594,1536,250,98,True
13729,1536,1451,250,56,True
13730,1451,1424,250,86,True
13731,1424,1346,250,122,True
13732,1346,1291,250,54,True
13733,1291,1321,250,40,True
13734,1321,1310,250,23,False
13735,1310,1332,250,52,True
13736,1332,1340,250,130,True
13737,1340,1312,250,53,True
13738,1312,1322,250,72,True
13739,1322,1319,250,124,True
13740,1319,1386,250,114,True
13741,1386,1433,250,2,False
13742,1433,1383,250,37,True
13743,1383,1318,250,65,True
13744,1318,1318,250,31,True
13745,1318,1316,250,19,False
13746,1316,1281,250,46,True
13747,1281,1287,250,54,True
13748,1287,1269,250,113,True
13749,1269,1283,250,65,True
13750,1283,1337,250,77,True
13751,1337,1362,250,96,True
13752,1362,1380,250,45,True
13753,1380,1389,250,149,True
13754,1389,1412,250,30,True
13755,1412,1399,250,58,True
13756,1399,1476,250,30,True
13757,1476,1518,250,42,True
13758,1518,1517,250,32,True
13759,1517,1409,250,72,True
13760,1409,1395,250,95,True
13761,1395,1397,250,229,True
13762,1397,1338,250,74,True
13763,1338,1289,250,43,True
13764,1289,1329,250,49,True
13765,1329,1272,250,72,True
13766,1272,1226,250,45,True
13767,1226,1232,250,48,True
13768,1232,1201,250,33,True
13769,1201,1205,250,88,True
13770,1205,1272,250,189,True
13771,1272,1276,250,96,True
13772,1276,1330,250,44,True
13773,1330,1334,250,51,True
13774,1334,1416,250,66,True
13775,1416,1465,250,49,True
13776,1465,1498,250,73,True
13777,1498,1504,250,61,True
13778,1504,1554,250,36,True
13779,1554,1509,250,51,True
13780,1509,1511,250,71,True
13781,1511,1527,250,30,True
13782,1527,1491,250,66,True
13783,1491,1457,250,25,False
13784,1457,1377,250,96,True
13785,1377,1339,250,50,True
13786,1339,1325,250,62,True
13787,1325,1350,250,112,True
13788,1350,1339,250,57,True
13789,1339,1348,250,8,False
13790,1348,1329,250,24,False
13791,1329,1357,250,56,True
13792,1357,1337,250,72,True
13793,1337,1362,250,55,True
13794,1362,1369,250,63,True
13795,1369,1427,250,119,True
13796,1427,1465,250,77,True
13797,1465,1509,250,44,True
13798,1509,1497,250,84,True
13799,1497,1478,250,17,False
13800,1478,1479,250,68,True
13801,1479,1480,250,42,True
13802,1480,1379,250,35,True
13803,1379,1409,250,40,True
13804,1409,1352,250,25,False
13805,1352,1304,250,42,True
13806,1304,1318,250,95,True
13807,1318,1346,250,14,False
13808,1346,1321,250,27,False
13809,1321,1274,250,24,False
13810,1274,1347,250,52,True
13811,1347,1362,250,69,True
13812,1362,1412,250,18,False
13813,1412,1339,250,66,True
13814,1339,1364,250,118,True
13815,1364,1367,250,60,True
13816,1367,1380,250,10,False
13817,1380,1393,250,41,True
13818,1393,1441,250,92,True
13819,1441,1460,250,115,True
13820,1460,1462,250,31,True
13821,1462,1524,250,61,True
13822,1524,1503,250,7,False
13823,1503,1469,250,38,True
13824,1469,1491,250,18,False
13825,1491,1507,250,49,True
13826,1507,1502,250,39,True
13827,1502,1411,250,31,True
13828,1411,1429,250,240,True
13829,1429,1385,250,78,True
13830,1385,1423,250,41,True
13831,1423,1424,250,43,True
13832,1424,1399,250,75,True
13833,1399,1444,250,65,True
13834,1444,1424,250,35,True
13835,1424,1438,250,50,True
13836,1438,1450,250,82,True
13837,1450,1510,250,20,False
13838,1510,1529,250,45,True
13839,1529,1599,250,145,True
13840,1599,1636,250,129,True
13841,1636,1613,250,37,True
13842,1613,1592,250,52,True
13843,1592,1607,250,3,False
13844,1607,1595,250,3,False
13845,1595,1573,250,12,False
13846,1573,1644,250,42,True
13847,1644,1608,250,82,True
13848,1608,1555,250,30,True
13849,1555,1590,250,78,True
13850,1590,1530,250,9,False
13851,1530,1555,250,0,False
13852,1555,1566,250,60,True
13853,1566,1582,250,40,True
13854,1582,1577,250,105,True
13855,1577,1583,250,49,True
13856,1583,1582,250,32,True
13857,1582,1650,250,26,False
13858,1650,1685,250,36,True
13859,1685,1729,250,70,True
13860,1729,1719,250,86,True
13861,1719,1741,250,51,True
13862,1741,1778,250,30,True
13863,1778,1831,250,28,False
13864,1831,1822,250,6,False
13865,1822,1841,250,14,False
13866,1841,1843,250,6,False
13867,1843,1770,250,57,True
13868,1770,1773,250,99,True
13869,1773,1696,250,119,True
13870,1696,1702,250,29,False
13871,1702,1726,250,85,True
13872,1726,1681,250,45,True
13873,1681,1676,250,19,False
13874,1676,1668,250,13,False
13875,1668,1696,250,42,True
13876,1696,1744,250,178,True
13877,1744,1737,250,16,False
13878,1737,1742,250,21,False
13879,1742,1691,250,75,True
13880,1691,1703,250,6,False
13881,1703,1699,250,230,True
13882,1699,1723,250,150,True
13883,1723,1749,250,54,True
13884,1749,1788,250,13,False
13885,1788,1787,250,5,False
13886,1787,1761,250,6,False
13887,1761,1730,250,26,False
13888,1730,1780,250,123,True
13889,1780,1776,250,1,False
13890,1776,1745,250,132,True
13891,1745,1747,250,49,True
13892,1747,1741,250,68,True
13893,1741,1688,250,30,True
13894,1688,1647,250,25,False
13895,1647,1661,250,30,True
13896,1661,1676,250,83,True
13897,1676,1684,250,43,True
13898,1684,1705,250,51,True
13899,1705,1738,250,15,False
13900,1738,1698,250,14,False
13901,1698,1683,250,20,False
13902,1683,1713,250,39,True
13903,1713,1727,250,51,True
13904,1727,1717,250,5,False
13905,1717,1713,250,137,True
13906,1713,1716,250,16,False
13907,1716,1703,250,19,False
13908,1703,1689,250,4,False
13909,1689,1627,250,38,True
13910,1627,1654,250,108,True
13911,1654,1677,250,21,False
13912,1677,1646,250,86,True
13913,1646,1576,250,48,True
13914,1576,1603,250,26,False
13915,1603,1614,250,18,False
13916,1614,1618,250,84,True
13917,1618,1651,250,76,True
13918,1651,1705,250,33,True
13919,1705,1665,250,59,True
13920,1665,1670,250,122,True
13921,1670,1710,250,73,True
13922,1710,1685,250,41,True
13923,1685,1746,250,50,True
13924,1746,1759,250,62,True
13925,1759,1835,250,113,True
13926,1835,1859,250,16,False
13927,1859,1888,250,21,False
13928,1888,1928,250,27,False
13929,1928,1921,250,49,True
13930,1921,1931,250,57,True
13931,1931,1918,250,190,True
13932,1918,1894,250,52,True
13933,1894,1820,250,127,True
13934,1820,1799,250,71,True
13935,1799,1811,250,118,True
13936,1811,1818,250,24,False
13937,1818,1817,250,151,True
13938,1817,1825,250,7,False
13939,1825,1892,250,25,False
13940,1892,1867,250,14,False
13941,1867,1854,250,18,False
13942,1854,1907,250,61,True
13943,1907,1915,250,34,True
13944,1915,1973,250,105,True
13945,1973,1996,250,75,True
13946,1996,1998,250,38,True
13947,1998,2021,250,41,True
13948,2021,2006,250,15,False
13949,2006,1985,250,34,True
13950,1985,1976,250,83,True
13951,1976,1960,250,13,False
13952,1960,1909,250,11,False
13953,1909,1957,250,170,True
13954,1957,1956,250,33,True
13955,1956,1954,250,85,True
13956,1954,1926,250,74,True
13957,1926,1910,250,69,True
13958,1910,1935,250,45,True
13959,1935,1936,250,51,True
13960,1936,1937,250,107,True
13961,1937,1963,250,68,True
13962,1963,1983,250,25,False
13963,1983,1978,250,15,False
13964,1978,2003,250,24,False
13965,2003,2006,250,26,False
13966,2006,2025,250,52,True
13967,2025,2004,250,55,True
13968,2004,2008,250,90,True
13969,2008,2019,250,4,False
13970,2019,2017,250,52,True
13971,2017,1967,250,70,True
13972,1967,1959,250,73,True
13973,1959,1928,250,148,True
13974,1928,1994,250,91,True
13975,1994,1935,250,28,False
13976,1935,1936,250,77,True
13977,1936,1949,250,32,True
13978,1949,1924,250,120,True
13979,1924,1912,250,47,True
13980,1912,1908,250,35,True
13981,1908,1956,250,40,True
13982,1956,1973,250,17,False
13983,1973,1910,250,76,True
13984,1910,1948,250,63,True
13985,1948,1908,250,101,True
13986,1908,1879,250,90,True
13987,1879,1889,250,8,False
13988,1889,1943,250,71,True
13989,1943,1983,250,45,True
13990,1983,1972,250,16,False
13991,1972,1948,250,84,True
13992,1948,1957,250,110,True
13993,1957,1909,250,195,True
13994,1909,1932,250,55,True
13995,1932,1929,250,33,True
13996,1929,1941,250,42,True
13997,1941,1930,250,60,True
13998,1930,1930,250,11,False
13999,1930,1939,250,12,False
14000,1939,1912,250,0,False
14001,1912,1974,250,89,True
14002,1974,1946,250,30,True
14003,1946,1958,250,47,True
14004,1958,1950,250,64,True
14005,1950,1943,250,71,True
14006,1943,1956,250,62,True
14007,1956,1949,250,54,True
14008,1949,1974,250,102,True
14009,1974,1943,250,136,True
14010,1943,1972,250,84,True
14011,1972,1976,250,58,True
14012,1976,1975,250,16,False
14013,1975,1944,250,32,True
14014,1944,1944,250,53,True
14015,1944,1953,250,72,True
14016,1953,1945,250,83,True
14017,1945,1986,250,118,True
14018,1986,1984,250,56,True
14019,1984,2036,250,7,False
14020,2036,2031,250,70,True
14021,2031,2044,250,37,True
14022,2044,2057,250,84,True
14023,2057,2018,250,74,True
14024,2018,2042,250,62,True
14025,2042,2082,250,66,True
14026,2082,2101,250,66,True
14027,2101,2087,250,37,True
14028,2087,2109,250,188,True
14029,2109,2109,250,68,True
14030,2109,2088,250,218,True
14031,2088,2119,250,168,True
14032,2119,2102,250,88,True
14033,2102,2139,250,39,True
14034,2139,2122,250,144,True
14035,2122,2141,250,94,True
14036,2141,2170,250,129,True
14037,2170,2148,250,62,True
14038,2148,2208,250,118,True
14039,2208,2173,250,196,True
14040,2173,2180,250,96,True
14041,2180,2193,250,33,True
14042,2193,2219,250,109,True
14043,2219,2237,250,94,True
14044,2237,2257,250,48,True
14045,2257,2259,250,51,True
14046,2259,2244,250,72,True
14047,2244,2236,250,126,True
14048,2236,2237,250,85,True
14049,2237,2248,250,33,True
14050,2248,2268,250,46,True
14051,2268,2279,250,199,True
14052,2279,2293,250,105,True
14053,2293,2287,250,138,True
14054,2287,2305,250,10,False
14055,2305,2273,250,57,True
14056,2273,2301,250,52,True
14057,2301,2325,250,115,True
14058,2325,2312,250,28,False
14059,2312,2301,250,61,True
14060,2301,2342,250,166,True
14061,2342,2343,250,124,True
14062,2343,2339,250,60,True
14063,2339,2332,250,164,True
14064,2332,2352,250,52,True
14065,2352,2349,250,70,True
14066,2349,2375,250,70,True
14067,2375,2373,250,146,True
14068,2373,2410,250,86,True
14069,2410,2387,250,156,True
14070,2387,2430,250,66,True
14071,2430,2419,250,82,True
14072,2419,2418,250,86,True
14073,2418,2430,250,92,True
14074,2430,2427,250,34,True
14075,2427,2429,250,18,False
14076,2429,2441,250,90,True
14077,2441,2433,250,124,True
14078,2433,2446,250,89,True
14079,2446,2422,250,145,True
14080,2422,2436,250,87,True
14081,2436,2444,250,100,True
14082,2444,2440,250,105,True
14083,2440,2450,250,110,True
14084,2450,2455,250,37,True
14085,2455,2464,250,164,True
14086,2464,2476,250,154,True
14087,2476,2472,250,110,True
14088,2472,2482,250,121,True
14089,2482,2486,250,124,True
14090,2486,2500,250,127,True
14091,2500,2494,250,94,True
14092,2494,2497,250,92,True
14093,2497,2496,250,88,True
14094,2496,2497,250,89,True
14095,2497,2500,250,100,True
14096,2500,2500,250,54,True
14097,2500,2500,250,45,True
14098,2500,2500,250,155,True
14099,2500,2500,250,52,True
14100,2500,2500,250,81,True
14101,2500,2497,250,159,True
14102,2497,2488,250,79,True
14103,2488,2497,250,61,True
14104,2497,2497,250,155,True
14105,2497,2497,250,55,True
14106,2497,2488,250,56,True
14107,2488,2484,250,111,True
14108,2484,2478,250,80,True
14109,2478,2475,250,116,True
14110,2475,2494,250,113,True
14111,2494,2495,250,88,True
14112,2495,2490,250,54,True
14113,2490,2484,250,99,True
14114,2484,2487,250,71,True
14115,2487,2500,250,102,True
14116,2500,2494,250,131,True
14117,2494,2488,250,107,True
14118,2488,2487,250,51,True
14119,2487,2493,250,47,True
14120,2493,2482,250,31,True
14121,2482,2489,250,93,True
14122,2489,2475,250,85,True
14123,2475,2473,250,128,True
14124,2473,2470,250,141,True
14125,2470,2455,250,12,False
14126,2455,2477,250,4,False
14127,2477,2478,250,156,True
14128,2478,2478,250,147,True
14129,2478,2440,250,45,True
14130,2440,2443,250,60,True
14131,2443,2450,250,78,True
14132,2450,2435,250,58,True
14133,2435,2392,250,49,True
14134,2392,2393,250,98,True
14135,2393,2374,250,43,True
14136,2374,2366,250,48,True
14137,2366,2365,250,48,True
14138,2365,2353,250,21,False
14139,2353,2344,250,70,True
14140,2344,2361,250,57,True
14141,2361,2336,250,170,True
14142,2336,2340,250,42,True
14143,2340,2385,250,70,True
14144,2385,2342,250,24,False
14145,2342,2353,250,140,True
14146,2353,2313,250,65,True
14147,2313,2288,250,164,True
14148,2288,2321,250,34,True
14149,2321,2317,250,71,True
14150,2317,2339,250,144,True
14151,2339,2340,250,125,True
14152,2340,2346,250,196,True
14153,2346,2337,250,53,True
14154,2337,2343,250,64,True
14155,2343,2402,250,76,True
14156,2402,2417,250,70,True
14157,2417,2402,250,79,True
14158,2402,2426,250,38,True
14159,2426,2407,250,85,True
14160,2407,2420,250,21,False
14161,2420,2412,250,27,False
14162,2412,2401,250,26,False
14163,2401,2409,250,132,True
14164,2409,2414,250,103,True
14165,2414,2419,250,58,True
14166,2419,2402,250,180,True
14167,2402,2416,250,114,True
14168,2416,2397,250,57,True
14169,2397,2388,250,25,False
14170,2388,2393,250,74,True
14171,2393,2375,250,54,True
14172,2375,2396,250,83,True
14173,2396,2422,250,79,True
14174,2422,2406,250,95,True
14175,2406,2416,250,69,True
14176,2416,2413,250,106,True
14177,2413,2419,250,145,True
14178,2419,2418,250,89,True
14179,2418,2394,250,11,False
14180,2394,2413,250,76,True
14181,2413,2391,250,202,True
14182,2391,2412,250,57,True
14183,2412,2394,250,76,True
14184,2394,2380,250,91,True
14185,2380,2394,250,129,True
14186,2394,2365,250,219,True
14187,2365,2307,250,112,True
14188,2307,2291,250,52,True
14189,2291,2300,250,48,True
14190,2300,2263,250,133,True
14191,2263,2229,250,40,True
14192,2229,2264,250,149,True
14193,2264,2236,250,62,True
14194,2236,2222,250,79,True
14195,2222,2215,250,98,True
14196,2215,2224,250,60,True
14197,2224,2211,250,80,True
14198,2211,2229,250,64,True
14199,2229,2228,250,99,True
14200,2228,2257,250,59,True
14201,2257,2266,250,89,True
14202,2266,2211,250,19,False
14203,2211,2182,250,30,True
14204,2182,2159,250,69,True
14205,2159,2181,250,108,True
14206,2181,2126,250,123,True
14207,2126,2125,250,118,True
14208,2125,2155,250,78,True
14209,2155,2123,250,13,False
14210,2123,2138,250,12,False
14211,2138,2091,250,24,False
14212,2091,2047,250,92,True
14213,2047,2121,250,165,True
14214,2121,2184,250,94,True
14215,2184,2202,250,141,True
14216,2202,2223,250,68,True
14217,2223,2179,250,101,True
14218,2179,2156,250,62,True
14219,2156,2120,250,148,True
14220,2120,2104,250,84,True
14221,2104,2097,250,79,True
14222,2097,2080,250,3,False
14223,2080,2088,250,6,False
14224,2088,2112,250,30,True
14225,2112,2130,250,144,True
14226,2130,2116,250,72,True
14227,2116,2112,250,46,True
14228,2112,2161,250,142,True
14229,2161,2192,250,21,False
14230,2192,2186,250,33,True
14231,2186,2200,250,25,False
14232,2200,2168,250,16,False
14233,2168,2132,250,87,True
14234,2132,2160,250,105,True
14235,2160,2086,250,124,True
14236,2086,2093,250,62,True
14237,2093,2075,250,126,True
14238,2075,2046,250,117,True
14239,2046,2010,250,169,True
14240,2010,2019,250,157,True
14241,2019,1971,250,119,True
14242,1971,1904,250,121,True
14243,1904,1921,250,30,True
14244,1921,1883,250,61,True
14245,1883,1894,250,136,True
14246,1894,1907,250,103,True
14247,1907,1884,250,186,True
14248,1884,1890,250,150,True
14249,1890,1882,250,34,True
14250,1882,1808,250,40,True
14251,1808,1780,250,165,True
14252,1780,1769,250,109,True
14253,1769,1774,250,41,True
14254,1774,1772,250,32,True
14255,1772,1769,250,175,True
14256,1769,1698,250,99,True
14257,1698,1667,250,87,True
14258,1667,1723,250,171,True
14259,1723,1671,250,80,True
14260,1671,1627,250,78,True
14261,1627,1631,250,66,True
14262,1631,1633,250,56,True
14263,1633,1621,250,100,True
14264,1621,1684,250,64,True
14265,1684,1637,250,89,True
14266,1637,1640,250,96,True
14267,1640,1622,250,83,True
14268,1622,1599,250,171,True
14269,1599,1502,250,53,True
14270,1502,1499,250,11,False
14271,1499,1582,250,55,True
14272,1582,1592,250,122,True
14273,1592,1691,250,38,True
14274,1691,1676,250,53,True
14275,1676,1651,250,167,True
14276,1651,1611,250,5,False
14277,1611,1614,250,78,True
14278,1614,1621,250,87,True
14279,1621,1654,250,121,True
14280,1654,1603,250,55,True
14281,1603,1601,250,48,True
14282,1601,1605,250,71,True
14283,1605,1605,250,193,True
14284,1605,1589,250,98,True
14285,1589,1562,250,36,True
14286,1562,1547,250,204,True
14287,1547,1562,250,46,True
14288,1562,1626,250,134,True
14289,1626,1585,250,102,True
14290,1585,1528,250,1,False
14291,1528,1533,250,55,True
14292,1533,1535,250,45,True
14293,1535,1544,250,42,True
14294,1544,1514,250,73,True
14295,1514,1538,250,30,True
14296,1538,1487,250,23,False
14297,1487,1492,250,110,True
14298,1492,1522,250,166,True
14299,1522,1492,250,11,False
14300,1492,1494,250,10,False
14301,1494,1510,250,65,True
14302,1510,1486,250,133,True
14303,1486,1455,250,62,True
14304,1455,1487,250,156,True
14305,1487,1472,250,11,False
14306,1472,1517,250,69,True
14307,1517,1480,250,97,True
14308,1480,1492,250,55,True
14309,1492,1469,250,126,True
14310,1469,1488,250,15,False
14311,1488,1504,250,183,True
14312,1504,1530,250,43,True
14313,1530,1594,250,53,True
14314,1594,1606,250,54,True
14315,1606,1589,250,48,True
14316,1589,1620,250,72,True
14317,1620,1576,250,58,True
14318,1576,1615,250,61,True
14319,1615,1614,250,59,True
14320,1614,1657,250,41,True
14321,1657,1688,250,137,True
14322,1688,1687,250,62,True
14323,1687,1660,250,12,False
14324,1660,1665,250,151,True
14325,1665,1576,250,50,True
14326,1576,1580,250,234,True
14327,1580,1582,250,79,True
14328,1582,1623,250,35,True
14329,1623,1637,250,67,True
14330,1637,1598,250,92,True
14331,1598,1676,250,41,True
14332,1676,1648,250,68,True
14333,1648,1650,250,23,False
14334,1650,1592,250,26,False
14335,1592,1551,250,41,True
14336,1551,1654,250,17,False
14337,1654,1663,250,45,True
14338,1663,1704,250,85,True
14339,1704,1723,250,49,True
14340,1723,1780,250,141,True
14341,1780,1748,250,29,False
14342,1748,1733,250,33,True
14343,1733,1786,250,41,True
14344,1786,1812,250,47,True
14345,1812,1789,250,48,True
14346,1789,1751,250,36,True
14347,1751,1791,250,174,True
14348,1791,1797,250,51,True
14349,1797,1754,250,39,True
14350,1754,1785,250,44,True
14351,1785,1803,250,106,True
14352,1803,1888,250,219,True
14353,1888,1917,250,41,True
14354,1917,1863,250,95,True
14355,1863,1866,250,178,True
14356,1866,1867,250,48,True
14357,1867,1842,250,44,True
14358,1842,1846,250,25,False
14359,1846,1815,250,214,True
14360,1815,1871,250,97,True
14361,1871,1846,250,87,True
14362,1846,1836,250,210,True
14363,1836,1867,250,54,True
14364,1867,1842,250,162,True
14365,1842,1838,250,57,True
14366,1838,1795,250,129,True
14367,1795,1798,250,97,True
14368,1798,1816,250,57,True
14369,1816,1760,250,70,True
14370,1760,1761,250,15,False
14371,1761,1784,250,31,True
14372,1784,1747,250,193,True
14373,1747,1756,250,35,True
14374,1756,1755,250,107,True
14375,1755,1775,250,60,True
14376,1775,1807,250,91,True
14377,1807,1824,250,48,True
14378,1824,1833,250,65,True
14379,1833,1811,250,61,True
14380,1811,1826,250,105,True
14381,1826,1790,250,151,True
14382,1790,1816,250,84,True
14383,1816,1817,250,88,True
14384,1817,1867,250,31,True
14385,1867,1831,250,58,True
14386,1831,1793,250,124,True
14387,1793,1802,250,54,True
14388,1802,1805,250,63,True
14389,1805,1819,250,128,True
14390,1819,1778,250,61,True
14391,1778,1782,250,33,True
14392,1782,1817,250,43,True
14393,1817,1900,250,136,True
14394,1900,1895,250,55,True
14395,1895,1929,250,29,False
14396,1929,1943,250,207,True
14397,1943,1932,250,67,True
14398,1932,1924,250,70,True
14399,1924,1927,250,46,True
14400,1927,1948,250,50,True
14401,1948,1966,250,44,True
14402,1966,1978,250,72,True
14403,1978,1958,250,35,True
14404,1958,1970,250,119,True
14405,1970,1989,250,83,True
14406,1989,1965,250,28,False
14407,1965,1907,250,177,True
14408,1907,1950,250,103,True
14409,1950,1986,250,71,True
14410,1986,2057,250,97,True
14411,2057,2060,250,78,True
14412,2060,2074,250,63,True
14413,2074,2060,250,213,True
14414,2060,2105,250,88,True
14415,2105,2086,250,233,True
14416,2086,2100,250,81,True
14417,2100,2072,250,68,True
14418,2072,2162,250,162,True
14419,2162,2163,250,93,True
14420,2163,2151,250,82,True
14421,2151,2168,250,81,True
14422,2168,2178,250,27,False
14423,2178,2139,250,88,True
14424,2139,2077,250,101,True
14425,2077,2069,250,51,True
14426,2069,2034,250,83,True
14427,2034,2025,250,73,True
14428,2025,2008,250,72,True
14429,2008,2067,250,97,True
14430,2067,2062,250,67,True
14431,2062,1969,250,231,True
14432,1969,1878,250,71,True
14433,1878,1753,250,189,True
14434,1753,1666,250,54,True
14435,1666,1655,250,135,True
14436,1655,1608,250,28,False
14437,1608,1636,250,53,True
14438,1636,1633,250,147,True
14439,1633,1647,250,38,True
14440,1647,1691,250,17,False
14441,1691,1685,250,222,True
14442,1685,1777,250,144,True
14443,1777,1753,250,64,True
14444,1753,1821,250,169,True
14445,1821,1826,250,116,True
14446,1826,1855,250,78,True
14447,1855,1822,250,72,True
14448,1822,1843,250,32,True
14449,1843,1866,250,97,True
14450,1866,1934,250,113,True
14451,1934,1922,250,104,True
14452,1922,1933,250,131,True
14453,1933,1939,250,77,True
14454,1939,1931,250,176,True
14455,1931,1895,250,45,True
14456,1895,1912,250,54,True
14457,1912,1824,250,158,True
14458,1824,1901,250,71,True
14459,1901,1939,250,165,True
14460,1939,1998,250,176,True
14461,1998,1954,250,51,True
14462,1954,1874,250,87,True
14463,1874,1734,250,53,True
14464,1734,1669,250,58,True
14465,1669,1614,250,111,True
14466,1614,1595,250,53,True
14467,1595,1573,250,42,True
14468,1573,1509,250,78,True
14469,1509,1520,250,91,True
14470,1520,1525,250,122,True
14471,1525,1585,250,201,True
14472,1585,1649,250,141,True
14473,1649,1649,250,179,True
14474,1649,1621,250,120,True
14475,1621,1638,250,51,True
14476,1638,1604,250,105,True
14477,1604,1603,250,36,True
14478,1603,1596,250,93,True
14479,1596,1509,250,144,True
14480,1509,1532,250,106,True
14481,1532,1541,250,54,True
14482,1541,1527,250,28,False
14483,1527,1502,250,57,True
14484,1502,1456,250,57,True
14485,1456,1490,250,114,True
14486,1490,1422,250,59,True
14487,1422,1430,250,68,True
14488,1430,1418,250,32,True
14489,1418,1396,250,43,True
14490,1396,1410,250,87,True
14491,1410,1456,250,92,True
14492,1456,1466,250,208,True
14493,1466,1497,250,92,True
14494,1497,1544,250,184,True
14495,1544,1538,250,59,True
14496,1538,1534,250,170,True
14497,1534,1569,250,48,True
14498,1569,1621,250,79,True
14499,1621,1655,250,127,True
14500,1655,1662,250,41,True
14501,1662,1662,250,79,True
14502,1662,1734,250,139,True
14503,1734,1699,250,112,True
14504,1699,1700,250,82,True
14505,1700,1707,250,83,True
14506,1707,1732,250,36,True
14507,1732,1766,250,46,True
14508,1766,1732,250,168,True
14509,1732,1731,250,74,True
14510,1731,1751,250,102,True
14511,1751,1714,250,64,True
14512,1714,1768,250,74,True
14513,1768,1751,250,121,True
14514,1751,1795,250,19,False
14515,1795,1778,250,44,True
14516,1778,1797,250,51,True
14517,1797,1811,250,44,True
14518,1811,1826,250,6,False
14519,1826,1830,250,25,False
14520,1830,1842,250,2,False
14521,1842,1834,250,18,False
14522,1834,1865,250,67,True
14523,1865,1930,250,125,True
14524,1930,1950,250,65,True
14525,1950,2015,250,50,True
14526,2015,2005,250,64,True
14527,2005,2044,250,151,True
14528,2044,2019,250,76,True
14529,2019,2008,250,49,True
14530,2008,2054,250,126,True
14531,2054,2077,250,57,True
14532,2077,2164,250,128,True
14533,2164,2115,250,91,True
14534,2115,2088,250,28,False
14535,2088,2094,250,75,True
14536,2094,2044,250,91,True
14537,2044,2080,250,81,True
14538,2080,2037,250,62,True
14539,2037,2061,250,141,True
14540,2061,2136,250,94,True
14541,2136,2141,250,161,True
14542,2141,2126,250,20,False
14543,2126,2169,250,113,True
14544,2169,2163,250,167,True
14545,2163,2191,250,29,False
14546,2191,2215,250,49,True
14547,2215,2208,250,122,True
14548,2208,2222,250,111,True
14549,2222,2221,250,65,True
14550,2221,2203,250,19,False
14551,2203,2190,250,113,True
14552,2190,2194,250,18,False
14553,2194,2174,250,27,False
14554,2174,2208,250,171,True
14555,2208,2154,250,43,True
14556,2154,2161,250,39,True
14557,2161,2172,250,57,True
14558,2172,2208,250,162,True
14559,2208,2180,250,212,True
14560,2180,2180,250,81,True
14561,2180,2170,250,46,True
14562,2170,2174,250,24,False
14563,2174,2203,250,66,True
14564,2203,2190,250,78,True
14565,2190,2234,250,28,False
14566,2234,2270,250,69,True
14567,2270,2253,250,39,True
14568,2253,2291,250,72,True
14569,2291,2271,250,92,True
14570,2271,2264,250,139,True
14571,2264,2276,250,56,True
14572,2276,2257,250,13,False
14573,2257,2255,250,7,False
14574,2255,2249,250,119,True
14575,2249,2219,250,80,True
14576,2219,2221,250,105,True
14577,2221,2231,250,64,True
14578,2231,2216,250,195,True
14579,2216,2253,250,52,True
14580,2253,2254,250,54,True
14581,2254,2285,250,194,True
14582,2285,2295,250,120,True
14583,2295,2286,250,111,True
14584,2286,2266,250,66,True
14585,2266,2206,250,212,True
14586,2206,2166,250,82,True
14587,2166,2108,250,99,True
14588,2108,2094,250,71,True
14589,2094,2146,250,165,True
14590,2146,2128,250,110,True
14591,2128,2159,250,33,True
14592,2159,2181,250,3,False
14593,2181,2170,250,47,True
14594,2170,2189,250,26,False
14595,2189,2245,250,121,True
14596,2245,2261,250,66,True
14597,2261,2257,250,159,True
14598,2257,2250,250,55,True
14599,2250,2257,250,71,True
14600,2257,2297,250,47,True
14601,2297,2262,250,200,True
14602,2262,2291,250,130,True
14603,2291,2317,250,5,False
14604,2317,2288,250,70,True
14605,2288,2306,250,84,True
14606,2306,2299,250,106,True
14607,2299,2282,250,1,False
14608,2282,2315,250,22,False
14609,2315,2312,250,73,True
14610,2312,2313,250,44,True
14611,2313,2332,250,127,True
14612,2332,2346,250,150,True
14613,2346,2380,250,26,False
14614,2380,2367,250,16,False
14615,2367,2384,250,155,True
14616,2384,2400,250,184,True
14617,2400,2375,250,48,True
14618,2375,2366,250,18,False
14619,2366,2357,250,91,True
14620,2357,2335,250,75,True
14621,2335,2342,250,70,True
14622,2342,2353,250,107,True
14623,2353,2342,250,79,True
14624,2342,2325,250,24,False
14625,2325,2338,250,90,True
14626,2338,2326,250,79,True
14627,2326,2307,250,15,False
14628,2307,2316,250,16,False
14629,2316,2308,250,17,False
14630,2308,2350,250,40,True
14631,2350,2355,250,118,True
14632,2355,2331,250,68,True
14633,2331,2326,250,20,False
14634,2326,2320,250,89,True
14635,2320,2351,250,5,False
14636,2351,2310,250,83,True
14637,2310,2333,250,93,True
14638,2333,2377,250,95,True
14639,2377,2391,250,92,True
14640,2391,2430,250,94,True
14641,2430,2419,250,57,True
14642,2419,2398,250,152,True
14643,2398,2403,250,25,False
14644,2403,2406,250,39,True
14645,2406,2415,250,63,True
14646,2415,2407,250,55,True
14647,2407,2397,250,153,True
14648,2397,2411,250,69,True
14649,2411,2384,250,48,True
14650,2384,2385,250,86,True
14651,2385,2355,250,58,True
14652,2355,2356,250,138,True
14653,2356,2356,250,42,True
14654,2356,2347,250,125,True
14655,2347,2337,250,38,True
14656,2337,2335,250,9,False
14657,2335,2324,250,51,True
14658,2324,2333,250,66,True
14659,2333,2318,250,24,False
14660,2318,2335,250,69,True
14661,2335,2358,250,67,True
14662,2358,2409,250,49,True
14663,2409,2407,250,30,True
14664,2407,2420,250,228,True
14665,2420,2392,250,223,True
14666,2392,2358,250,102,True
14667,2358,2344,250,192,True
14668,2344,2335,250,88,True
14669,2335,2337,250,49,True
14670,2337,2304,250,31,True
14671,2304,2302,250,61,True
14672,2302,2288,250,96,True
14673,2288,2287,250,53,True
14674,2287,2322,250,132,True
14675,2322,2295,250,124,True
14676,2295,2248,250,84,True
14677,2248,2247,250,91,True
14678,2247,2261,250,67,True
14679,2261,2260,250,67,True
14680,2260,2245,250,68,True
14681,2245,2232,250,71,True
14682,2232,2215,250,122,True
14683,2215,2229,250,72,True
14684,2229,2226,250,63,True
14685,2226,2177,250,32,True
14686,2177,2143,250,43,True
14687,2143,2132,250,122,True
14688,2132,2052,250,124,True
14689,2052,2005,250,160,True
14690,2005,1979,250,135,True
14691,1979,1905,250,193,True
14692,1905,1900,250,147,True
14693,1900,1820,250,165,True
14694,1820,1691,250,231,True
14695,1691,1771,250,150,True
14696,1771,1736,250,136,True
14697,1736,1646,250,125,True
14698,1646,1555,250,163,True
14699,1555,1542,250,181,True
14700,1542,1528,250,172,True
14701,1528,1488,250,141,True
14702,1488,1428,250,179,True
14703,1428,1603,250,174,True
14704,1603,1588,250,146,True
14705,1588,1529,250,176,True
14706,1529,1513,250,157,True
14707,1513,1543,250,140,True
14708,1543,1526,250,186,True
14709,1526,1521,250,161,True
14710,1521,1464,250,177,True
14711,1464,1568,250,209,True
14712,1568,1595,250,201,True
14713,1595,1575,250,221,True
14714,1575,1618,250,223,True
14715,1618,1661,250,181,True
14716,1661,1716,250,224,True
14717,1716,1698,250,216,True
14718,1698,1658,250,102,True
14719,1658,1559,250,219,True
14720,1559,1593,250,228,True
14721,1593,1617,250,176,True
14722,1617,1571,250,100,True
14723,1571,1339,250,133,True
14724,1339,1152,250,249,True
14725,1152,978,250,166,True
14726,978,995,250,83,True
14727,995,962,250,56,True
14728,962,1142,250,161,True
14729,1142,1177,250,112,True
14730,1177,1194,250,187,True
14731,1194,1162,250,155,True
14732,1162,1104,250,124,True
14733,1104,1184,250,189,True
14734,1184,1234,250,156,True
14735,1234,1198,250,138,True
14736,1198,1207,250,121,True
14737,1207,1185,250,227,True
14738,1185,1227,250,119,True
14739,1227,1215,250,146,True
14740,1215,1187,250,186,True
14741,1187,1271,250,145,True
14742,1271,1372,250,203,True
14743,1372,1435,250,169,True
14744,1435,1450,250,196,True
14745,1450,1498,250,206,True
14746,1498,1572,250,198,True
14747,1572,1650,250,124,True
14748,1650,1703,250,224,True
14749,1703,1770,250,196,True
14750,1770,1830,250,174,True
14751,1830,1950,250,184,True
14752,1950,1922,250,206,True
14753,1922,1983,250,223,True
14754,1983,2063,250,211,True
14755,2063,2113,250,194,True
14756,2113,2090,250,236,True
14757,2090,2013,250,203,True
14758,2013,1998,250,161,True
14759,1998,1938,250,205,True
14760,1938,1730,250,186,True
14761,1730,1739,250,177,True
14762,1739,1824,250,148,True
14763,1824,1862,250,31,True
14764,1862,1902,250,33,True
14765,1902,2083,250,52,True
14766,2083,2191,250,79,True
14767,2191,2216,250,70,True
14768,2216,2349,250,45,True
14769,2349,2292,250,36,True
14770,2292,2366,250,134,True
14771,2366,2404,250,124,True
14772,2404,2415,250,26,False
14773,2415,2428,250,21,False
14774,2428,2456,250,43,True
14775,2456,2471,250,83,True
14776,2471,2494,250,106,True
14777,2494,2492,250,67,True
14778,2492,2485,250,31,True
14779,2485,2494,250,44,True
14780,2494,2489,250,44,True
14781,2489,2493,250,40,True
14782,2493,2497,250,68,True
14783,2497,2496,250,19,False
14784,2496,2488,250,30,True
14785,2488,2487,250,29,False
14786,2487,2486,250,126,True
14787,2486,2485,250,126,True
14788,2485,2487,250,124,True
14789,2487,2488,250,18,False
14790,2488,2495,250,29,False
14791,2495,2500,250,67,True
14792,2500,2500,250,47,True
14793,2500,2500,250,4,False
14794,2500,2491,250,77,True
14795,2491,2500,250,1,False
14796,2500,2500,250,25,False
14797,2500,2499,250,145,True
14798,2499,2500,250,64,True
14799,2500,2500,250,97,True
14800,2500,2500,250,28,False
14801,2500,2500,250,74,True
14802,2500,2500,250,137,True
14803,2500,2500,250,97,True
14804,2500,2500,250,83,True
14805,2500,2498,250,23,False
14806,2498,2500,250,53,True
14807,2500,2500,250,48,True
14808,2500,2499,250,59,True
14809,2499,2494,250,115,True
14810,2494,2500,250,22,False
14811,2500,2500,250,10,False
14812,2500,2500,250,14,False
14813,2500,2499,250,24,False
14814,2499,2500,250,46,True
14815,2500,2500,250,21,False
14816,2500,2500,250,82,True
14817,2500,2500,250,34,True
14818,2500,2500,250,41,True
14819,2500,2489,250,140,True
14820,2489,2500,250,69,True
14821,2500,2500,250,21,False
14822,2500,2500,250,4,False
14823,2500,2495,250,33,True
14824,2495,2496,250,45,True
14825,2496,2500,250,142,True
14826,2500,2500,250,153,True
14827,2500,2500,250,49,True
14828,2500,2500,250,141,True
14829,2500,2500,250,134,True
14830,2500,2500,250,44,True
14831,2500,2500,250,93,True
14832,2500,2500,250,7,False
14833,2500,2500,250,47,True
14834,2500,2500,250,198,True
14835,2500,2500,250,72,True
14836,2500,2500,250,66,True
14837,2500,2500,250,58,True
14838,2500,2500,250,145,True
14839,2500,2500,250,122,True
14840,2500,2500,250,65,True
14841,2500,2500,250,164,True
14842,2500,2500,250,43,True
14843,2500,2500,250,1,False
14844,2500,2500,250,233,True
14845,2500,2500,250,86,True
14846,2500,2497,250,43,True
14847,2497,2500,250,96,True
14848,2500,2500,250,89,True
14849,2500,2500,250,131,True
14850,2500,2500,250,27,False
14851,2500,2500,250,65,True
14852,2500,2500,250,18,False
14853,2500,2497,250,7,False
14854,2497,2500,250,109,True
14855,2500,2500,250,143,True
14856,2500,2500,250,33,True
14857,2500,2497,250,42,True
14858,2497,2500,250,2,False
14859,2500,2500,250,82,True
14860,2500,2500,250,88,True
14861,2500,2500,250,186,True
14862,2500,2500,250,28,False
14863,2500,2500,250,38,True
14864,2500,2500,250,21,False
14865,2500,2500,250,3,False
14866,2500,2500,250,75,True
14867,2500,2500,250,12,False
14868,2500,2500,250,141,True
14869,2500,2500,250,39,True
14870,2500,2500,250,70,True
14871,2500,2500,250,59,True
14872,2500,2500,250,90,True
14873,2500,2500,250,171,True
14874,2500,2500,250,13,False
14875,2500,2500,250,6,False
14876,2500,2500,250,36,True
14877,2500,2500,250,8,False
14878,2500,2500,250,17,False
14879,2500,2500,250,17,False
14880,2500,2500,250,33,True
14881,2500,2500,250,91,True
14882,2500,2500,250,75,True
14883,2500,2500,250,143,True
14884,2500,2500,250,79,True
14885,2500,2500,250,31,True
14886,2500,2500,250,136,True
14887,2500,2500,250,71,True
14888,2500,2500,250,190,True
14889,2500,2500,250,55,True
14890,2500,2500,250,118,True
14891,2500,2500,250,38,True
14892,2500,2500,250,45,True
14893,2500,2500,250,90,True
14894,2500,2500,250,82,True
14895,2500,2500,250,46,True
14896,2500,2500,250,21,False
14897,2500,2500,250,51,True
14898,2500,2500,250,55,True
14899,2500,2500,250,87,True
14900,2500,2500,250,181,True
14901,2500,2500,250,155,True
14902,2500,2500,250,38,True
14903,2500,2500,250,22,False
14904,2500,2500,250,9,False
14905,2500,2500,250,38,True
14906,2500,2500,250,103,True
14907,2500,2500,250,162,True
14908,2500,2500,250,116,True
14909,2500,2500,250,77,True
14910,2500,2500,250,13,False
14911,2500,2500,250,103,True
14912,2500,2500,250,50,True
14913,2500,2500,250,144,True
14914,2500,2500,250,70,True
14915,2500,2500,250,31,True
14916,2500,2500,250,12,False
14917,2500,2500,250,163,True
14918,2500,2500,250,77,True
14919,2500,2500,250,38,True
14920,2500,2500,250,42,True
14921,2500,2500,250,8,False
14922,2500,2500,250,49,True
14923,2500,2500,250,103,True
14924,2500,2500,250,106,True
14925,2500,2495,250,20,False
14926,2495,2500,250,25,False
14927,2500,2500,250,40,True
14928,2500,2500,250,8,False
14929,2500,2498,250,88,True
14930,2498,2500,250,58,True
14931,2500,2498,250,14,False
14932,2498,2481,250,50,True
14933,2481,2496,250,123,True
14934,2496,2500,250,43,True
14935,2500,2500,250,97,True
14936,2500,2500,250,12,False
14937,2500,2500,250,54,True
14938,2500,2500,250,161,True
14939,2500,2500,250,116,True
14940,2500,2500,250,116,True
14941,2500,2500,250,146,True
14942,2500,2500,250,25,False
14943,2500,2500,250,67,True
14944,2500,2500,250,142,True
14945,2500,2500,250,36,True
14946,2500,2500,250,54,True
14947,2500,2500,250,53,True
14948,2500,2500,250,29,False
14949,2500,2500,250,115,True
14950,2500,2500,250,38,True
14951,2500,2500,250,134,True
14952,2500,2500,250,52,True
14953,2500,2500,250,122,True
14954,2500,2500,250,219,True
14955,2500,2500,250,48,True
14956,2500,2500,250,43,True
14957,2500,2500,250,86,True
14958,2500,2500,250,71,True
14959,2500,2500,250,32,True
14960,2500,2500,250,88,True
14961,2500,2500,250,164,True
14962,2500,2500,250,165,True
14963,2500,2500,250,42,True
14964,2500,2500,250,84,True
14965,2500,2500,250,5,False
14966,2500,2500,250,11,False
14967,2500,2500,250,47,True
14968,2500,2500,250,54,True
14969,2500,2500,250,33,True
14970,2500,2500,250,43,True
14971,2500,2500,250,49,True
14972,2500,2500,250,39,True
14973,2500,2500,250,54,True
14974,2500,2500,250,50,True
14975,2500,2500,250,53,True
14976,2500,2500,250,30,True
14977,2500,2500,250,31,True
14978,2500,2500,250,32,True
14979,2500,2500,250,34,True
14980,2500,2500,250,55,True
14981,2500,2500,250,89,True
14982,2500,2500,250,46,True
14983,2500,2500,250,35,True
14984,2500,2500,250,72,True
14985,2500,2500,250,74,True
14986,2500,2500,250,52,True
14987,2500,2500,250,25,False
14988,2500,2500,250,128,True
14989,2500,2500,250,165,True
14990,2500,2500,250,89,True
14991,2500,2500,250,23,False
14992,2500,2500,250,40,True
14993,2500,2500,250,76,True
14994,2500,2500,250,149,True
14995,2500,2500,250,39,True
14996,2500,2500,250,36,True
14997,2500,2500,250,96,True
14998,2500,2500,250,64,True
14999,2500,2500,250,74,True
15000,2500,2500,250,88,True
15001,2500,2500,250,14,False
15002,2500,2500,250,27,False
15003,2500,2500,250,22,False
15004,2500,2500,250,65,True
15005,2500,2500,250,59,True
15006,2500,2500,250,141,True
15007,2500,2500,250,59,True
15008,2500,2500,250,62,True
15009,2500,2500,250,5,False
15010,2500,2500,250,2,False
15011,2500,2500,250,52,True
15012,2500,2500,250,49,True
15013,2500,2500,250,117,True
15014,2500,2500,250,159,True
15015,2500,2500,250,96,True
15016,2500,2500,250,108,True
15017,2500,2500,250,60,True
15018,2500,2500,250,75,True
15019,2500,2500,250,62,True
15020,2500,2500,250,84,True
15021,2500,2500,250,65,True
15022,2500,2500,250,121,True
15023,2500,2500,250,67,True
15024,2500,2500,250,83,True
15025,2500,2500,250,97,True
15026,2500,2500,250,148,True
15027,2500,2500,250,40,True
15028,2500,2500,250,38,True
15029,2500,2500,250,42,True
15030,2500,2500,250,95,True
15031,2500,2500,250,193,True
15032,2500,2500,250,57,True
15033,2500,2500,250,20,False
15034,2500,2500,250,127,True
15035,2500,2500,250,92,True
15036,2500,2500,250,58,True
15037,2500,2500,250,96,True
15038,2500,2500,250,27,False
15039,2500,2500,250,30,True
15040,2500,2500,250,19,False
15041,2500,2500,250,44,True
15042,2500,2500,250,48,True
15043,2500,2500,250,85,True
15044,2500,2500,250,18,False
15045,2500,2500,250,104,True
15046,2500,2500,250,54,True
15047,2500,2500,250,97,True
15048,2500,2500,250,84,True
15049,2500,2500,250,91,True
15050,2500,2500,250,80,True
15051,2500,2500,250,50,True
15052,2500,2500,250,78,True
15053,2500,2500,250,12,False
15054,2500,2500,250,145,True
15055,2500,2500,250,61,True
15056,2500,2500,250,111,True
15057,2500,2500,250,87,True
15058,2500,2500,250,136,True
15059,2500,2500,250,75,True
15060,2500,2500,250,30,True
15061,2500,2500,250,18,False
15062,2500,2500,250,49,True
15063,2500,2500,250,128,True
15064,2500,2500,250,36,True
15065,2500,2500,250,94,True
15066,2500,2500,250,3,False
15067,2500,2500,250,4,False
15068,2500,2500,250,137,True
15069,2500,2500,250,49,True
15070,2500,2500,250,149,True
15071,2500,2500,250,114,True
15072,2500,2500,250,78,True
15073,2500,2500,250,8,False
15074,2500,2500,250,91,True
15075,2500,2500,250,63,True
15076,2500,2500,250,107,True
15077,2500,2500,250,41,True
15078,2500,2500,250,105,True
15079,2500,2500,250,64,True
15080,2500,2500,250,127,True
15081,2500,2500,250,8,False
15082,2500,2500,250,24,False
15083,2500,2500,250,51,True
15084,2500,2500,250,57,True
15085,2500,2500,250,53,True
15086,2500,2500,250,102,True
15087,2500,2500,250,67,True
15088,2500,2500,250,198,True
15089,2500,2500,250,36,True
15090,2500,2500,250,57,True
15091,2500,2500,250,49,True
15092,2500,2500,250,102,True
15093,2500,2500,250,161,True
15094,2500,2500,250,44,True
15095,2500,2500,250,47,True
15096,2500,2500,250,110,True
15097,2500,2500,250,5,False
15098,2500,2500,250,189,True
15099,2500,2500,250,55,True
15100,2500,2500,250,103,True
15101,2500,2500,250,68,True
15102,2500,2500,250,23,False
15103,2500,2500,250,22,False
15104,2500,2500,250,164,True
15105,2500,2500,250,93,True
15106,2500,2500,250,45,True
15107,2500,2500,250,49,True
15108,2500,2500,250,47,True
15109,2500,2500,250,78,True
15110,2500,2500,250,66,True
15111,2500,2500,250,31,True
15112,2500,2500,250,134,True
15113,2500,2500,250,12,False
15114,2500,2500,250,86,True
15115,2500,2500,250,12,False
15116,2500,2500,250,123,True
15117,2500,2500,250,103,True
15118,2500,2500,250,36,True
15119,2500,2500,250,101,True
15120,2500,2500,250,41,True
15121,2500,2500,250,31,True
15122,2500,2500,250,50,True
15123,2500,2500,250,27,False
15124,2500,2500,250,186,True
15125,2500,2500,250,20,False
15126,2500,2500,250,79,True
15127,2500,2500,250,134,True
15128,2500,2500,250,21,False
15129,2500,2500,250,177,True
15130,2500,2500,250,58,True
15131,2500,2500,250,158,True
15132,2500,2500,250,35,True
15133,2500,2500,250,15,False
15134,2500,2500,250,113,True
15135,2500,2500,250,30,True
15136,2500,2500,250,124,True
15137,2500,2500,250,197,True
15138,2500,2500,250,148,True
15139,2500,2500,250,43,True
15140,2500,2500,250,47,True
15141,2500,2500,250,72,True
15142,2500,2500,250,69,True
15143,2500,2500,250,38,True
15144,2500,2500,250,10,False
15145,2500,2500,250,3,False
15146,2500,2500,250,37,True
15147,2500,2500,250,43,True
15148,2500,2500,250,49,True
15149,2500,2500,250,13,False
15150,2500,2500,250,29,False
15151,2500,2500,250,210,True
15152,2500,2500,250,23,False
15153,2500,2500,250,87,True
15154,2500,2500,250,56,True
15155,2500,2500,250,228,True
15156,2500,2500,250,47,True
15157,2500,2500,250,71,True
15158,2500,2500,250,21,False
15159,2500,2500,250,86,True
15160,2500,2500,250,65,True
15161,2500,2500,250,185,True
15162,2500,2500,250,70,True
15163,2500,2500,250,54,True
15164,2500,2500,250,104,True
15165,2500,2500,250,63,True
15166,2500,2500,250,10,False
15167,2500,2500,250,22,False
15168,2500,2500,250,69,True
15169,2500,2500,250,77,True
15170,2500,2500,250,65,True
15171,2500,2500,250,15,False
15172,2500,2500,250,105,True
15173,2500,2500,250,62,True
15174,2500,2500,250,139,True
15175,2500,2500,250,99,True
15176,2500,2500,250,107,True
15177,2500,2500,250,43,True
15178,2500,2500,250,18,False
15179,2500,2500,250,16,False
15180,2500,2500,250,42,True
15181,2500,2500,250,165,True
15182,2500,2500,250,35,True
15183,2500,2500,250,115,True
15184,2500,2500,250,74,True
15185,2500,2500,250,119,True
15186,2500,2500,250,151,True
15187,2500,2499,250,39,True
15188,2499,2500,250,68,True
15189,2500,2500,250,103,True
15190,2500,2500,250,36,True
15191,2500,2500,250,79,True
15192,2500,2500,250,36,True
15193,2500,2500,250,58,True
15194,2500,2500,250,88,True
15195,2500,2500,250,49,True
15196,2500,2500,250,141,True
15197,2500,2500,250,6,False
15198,2500,2500,250,54,True
15199,2500,2500,250,38,True
15200,2500,2500,250,105,True
15201,2500,2500,250,43,True
15202,2500,2500,250,104,True
15203,2500,2500,250,82,True
15204,2500,2500,250,15,False
15205,2500,2500,250,8,False
15206,2500,2500,250,9,False
15207,2500,2500,250,2,False
15208,2500,2500,250,66,True
15209,2500,2500,250,46,True
15210,2500,2500,250,40,True
15211,2500,2500,250,227,True
15212,2500,2497,250,68,True
15213,2497,2500,250,51,True
15214,2500,2500,250,51,True
15215,2500,2500,250,122,True
15216,2500,2500,250,156,True
15217,2500,2495,250,39,True
15218,2495,2500,250,38,True
15219,2500,2500,250,90,True
15220,2500,2500,250,70,True
15221,2500,2500,250,70,True
15222,2500,2500,250,216,True
15223,2500,2500,250,56,True
15224,2500,2500,250,3,False
15225,2500,2500,250,107,True
15226,2500,2500,250,77,True
15227,2500,2500,250,167,True
15228,2500,2500,250,32,True
15229,2500,2497,250,104,True
15230,2497,2500,250,52,True
15231,2500,2499,250,109,True
15232,2499,2500,250,19,False
15233,2500,2495,250,113,True
15234,2495,2497,250,114,True
15235,2497,2497,250,31,True
15236,2497,2500,250,62,True
15237,2500,2488,250,54,True
15238,2488,2498,250,110,True
15239,2498,2496,250,59,True
15240,2496,2498,250,159,True
15241,2498,2495,250,32,True
15242,2495,2500,250,141,True
15243,2500,2489,250,63,True
15244,2489,2494,250,35,True
15245,2494,2496,250,18,False
15246,2496,2500,250,77,True
15247,2500,2495,250,3,False
15248,2495,2483,250,231,True
15249,2483,2493,250,122,True
15250,2493,2498,250,56,True
15251,2498,2496,250,29,False
15252,2496,2475,250,110,True
15253,2475,2483,250,20,False
15254,2483,2480,250,111,True
15255,2480,2483,250,159,True
15256,2483,2500,250,158,True
15257,2500,2478,250,29,False
15258,2478,2484,250,30,True
15259,2484,2490,250,5,False
15260,2490,2474,250,53,True
15261,2474,2494,250,34,True
15262,2494,2499,250,39,True
15263,2499,2499,250,33,True
15264,2499,2497,250,41,True
15265,2497,2497,250,71,True
15266,2497,2500,250,35,True
15267,2500,2487,250,64,True
15268,2487,2491,250,36,True
15269,2491,2485,250,12,False
15270,2485,2487,250,23,False
15271,2487,2500,250,134,True
15272,2500,2495,250,26,False
15273,2495,2498,250,71,True
15274,2498,2498,250,22,False
15275,2498,2500,250,15,False
15276,2500,2500,250,110,True
15277,2500,2500,250,87,True
15278,2500,2500,250,19,False
15279,2500,2491,250,131,True
15280,2491,2500,250,35,True
15281,2500,2495,250,219,True
15282,2495,2497,250,42,True
15283,2497,2494,250,31,True
15284,2494,2500,250,9,False
15285,2500,2498,250,39,True
15286,2498,2499,250,115,True
15287,2499,2500,250,88,True
15288,2500,2500,250,157,True
15289,2500,2500,250,2,False
15290,2500,2500,250,5,False
15291,2500,2500,250,17,False
15292,2500,2500,250,134,True
15293,2500,2500,250,46,True
15294,2500,2500,250,20,False
15295,2500,2500,250,82,True
15296,2500,2500,250,97,True
15297,2500,2500,250,5,False
15298,2500,2500,250,1,False
15299,2500,2500,250,12,False
15300,2500,2500,250,129,True
15301,2500,2500,250,21,False
15302,2500,2500,250,100,True
15303,2500,2500,250,7,False
15304,2500,2500,250,136,True
15305,2500,2500,250,39,True
15306,2500,2500,250,101,True
15307,2500,2500,250,45,True
15308,2500,2500,250,63,True
15309,2500,2499,250,38,True
15310,2499,2496,250,92,True
15311,2496,2500,250,210,True
15312,2500,2500,250,130,True
15313,2500,2500,250,31,True
15314,2500,2500,250,24,False
15315,2500,2500,250,68,True
15316,2500,2500,250,35,True
15317,2500,2500,250,31,True
15318,2500,2500,250,156,True
15319,2500,2500,250,70,True
15320,2500,2500,250,61,True
15321,2500,2500,250,61,True
15322,2500,2500,250,57,True
15323,2500,2500,250,61,True
15324,2500,2500,250,45,True
15325,2500,2500,250,16,False
15326,2500,2500,250,206,True
15327,2500,2500,250,8,False
15328,2500,2497,250,48,True
15329,2497,2495,250,29,False
15330,2495,2497,250,114,True
15331,2497,2496,250,21,False
15332,2496,2487,250,7,False
15333,2487,2485,250,17,False
15334,2485,2485,250,106,True
15335,2485,2492,250,44,True
15336,2492,2485,250,70,True
15337,2485,2488,250,89,True
15338,2488,2500,250,6,False
15339,2500,2500,250,70,True
15340,2500,2500,250,152,True
15341,2500,2500,250,202,True
15342,2500,2500,250,20,False
15343,2500,2500,250,17,False
15344,2500,2500,250,0,False
15345,2500,2500,250,50,True
15346,2500,2500,250,35,True
15347,2500,2500,250,66,True
15348,2500,2500,250,97,True
15349,2500,2500,250,27,False
15350,2500,2500,250,12,False
15351,2500,2500,250,67,True
15352,2500,2500,250,42,True
15353,2500,2500,250,34,True
15354,2500,2500,250,5,False
15355,2500,2500,250,12,False
15356,2500,2500,250,0,False
15357,2500,2500,250,39,True
15358,2500,2500,250,198,True
15359,2500,2492,250,15,False
15360,2492,2495,250,127,True
15361,2495,2500,250,140,True
15362,2500,2500,250,68,True
15363,2500,2498,250,36,True
15364,2498,2500,250,59,True
15365,2500,2495,250,22,False
15366,2495,2496,250,5,False
15367,2496,2490,250,2,False
15368,2490,2495,250,11,False
15369,2495,2500,250,37,True
15370,2500,2500,250,46,True
15371,2500,2500,250,188,True
15372,2500,2500,250,38,True
15373,2500,2496,250,191,True
15374,2496,2500,250,106,True
15375,2500,2496,250,56,True
15376,2496,2496,250,36,True
15377,2496,2500,250,79,True
15378,2500,2500,250,7,False
15379,2500,2500,250,106,True
15380,2500,2500,250,1,False
15381,2500,2500,250,8,False
15382,2500,2498,250,42,True
15383,2498,2498,250,53,True
15384,2498,2500,250,45,True
15385,2500,2500,250,71,True
15386,2500,2492,250,111,True
15387,2492,2500,250,34,True
15388,2500,2500,250,93,True
15389,2500,2500,250,117,True
15390,2500,2500,250,31,True
15391,2500,2497,250,41,True
15392,2497,2500,250,40,True
15393,2500,2490,250,52,True
15394,2490,2500,250,75,True
15395,2500,2500,250,44,True
15396,2500,2500,250,204,True
15397,2500,2499,250,76,True
15398,2499,2500,250,0,False
15399,2500,2500,250,0,False
15400,2500,2500,250,1,False
15401,2500,2495,250,62,True
15402,2495,2500,250,145,True
15403,2500,2500,250,19,False
15404,2500,2499,250,28,False
15405,2499,2500,250,230,True
15406,2500,2500,250,24,False
15407,2500,2500,250,66,True
15408,2500,2500,250,50,True
15409,2500,2500,250,9,False
15410,2500,2497,250,243,True
15411,2497,2500,250,108,True
15412,2500,2500,250,37,True
15413,2500,2500,250,46,True
15414,2500,2500,250,39,True
15415,2500,2500,250,32,True
15416,2500,2500,250,2,False
15417,2500,2500,250,12,False
15418,2500,2500,250,46,True
15419,2500,2500,250,21,False
15420,2500,2500,250,50,True
15421,2500,2500,250,119,True
15422,2500,2500,250,17,False
15423,2500,2500,250,20,False
15424,2500,2500,250,6,False
15425,2500,2500,250,194,True
15426,2500,2500,250,17,False
15427,2500,2500,250,31,True
15428,2500,2500,250,97,True
15429,2500,2500,250,50,True
15430,2500,2500,250,45,True
15431,2500,2500,250,27,False
15432,2500,2500,250,17,False
15433,2500,2499,250,49,True
15434,2499,2500,250,40,True
15435,2500,2500,250,45,True
15436,2500,2495,250,71,True
15437,2495,2500,250,48,True
15438,2500,2500,250,5,False
15439,2500,2500,250,50,True
15440,2500,2500,250,18,False
15441,2500,2500,250,19,False
15442,2500,2500,250,161,True
15443,2500,2497,250,181,True
15444,2497,2486,250,71,True
15445,2486,2499,250,30,True
15446,2499,2487,250,105,True
15447,2487,2491,250,90,True
15448,2491,2498,250,2,False
15449,2498,2489,250,17,False
15450,2489,2497,250,20,False
15451,2497,2492,250,40,True
15452,2492,2492,250,36,True
15453,2492,2494,250,20,False
15454,2494,2492,250,193,True
15455,2492,2500,250,38,True
15456,2500,2496,250,20,False
15457,2496,2500,250,98,True
15458,2500,2500,250,93,True
15459,2500,2499,250,25,False
15460,2499,2493,250,38,True
15461,2493,2499,250,67,True
15462,2499,2500,250,17,False
15463,2500,2500,250,87,True
15464,2500,2500,250,185,True
15465,2500,2500,250,21,False
15466,2500,2500,250,186,True
15467,2500,2500,250,95,True
15468,2500,2500,250,137,True
15469,2500,2500,250,58,True
15470,2500,2500,250,146,True
15471,2500,2500,250,48,True
15472,2500,2500,250,86,True
15473,2500,2500,250,155,True
15474,2500,2500,250,164,True
15475,2500,2500,250,0,False
15476,2500,2500,250,18,False
15477,2500,2500,250,96,True
15478,2500,2500,250,245,True
15479,2500,2500,250,77,True
15480,2500,2500,250,2,False
15481,2500,2500,250,181,True
15482,2500,2500,250,248,True
15483,2500,2500,250,48,True
15484,2500,2500,250,33,True
15485,2500,2500,250,37,True
15486,2500,2500,250,15,False
15487,2500,2500,250,59,True
15488,2500,2500,250,26,False
15489,2500,2500,250,71,True
15490,2500,2500,250,58,True
15491,2500,2500,250,151,True
15492,2500,2500,250,37,True
15493,2500,2500,250,27,False
15494,2500,2500,250,89,True
15495,2500,2500,250,25,False
15496,2500,2500,250,17,False
15497,2500,2500,250,21,False
15498,2500,2500,250,125,True
15499,2500,2500,250,195,True
15500,2500,2500,250,138,True
15501,2500,2500,250,54,True
15502,2500,2500,250,186,True
15503,2500,2500,250,16,False
15504,2500,2500,250,80,True
15505,2500,2500,250,154,True
15506,2500,2500,250,118,True
15507,2500,2500,250,5,False
15508,2500,2500,250,43,True
15509,2500,2500,250,75,True
15510,2500,2500,250,105,True
15511,2500,2500,250,32,True
15512,2500,2500,250,141,True
15513,2500,2500,250,12,False
15514,2500,2500,250,103,True
15515,2500,2500,250,44,True
15516,2500,2500,250,84,True
15517,2500,2500,250,105,True
15518,2500,2500,250,41,True
15519,2500,2500,250,24,False
15520,2500,2498,250,22,False
15521,2498,2500,250,201,True
15522,2500,2500,250,4,False
15523,2500,2500,250,18,False
15524,2500,2500,250,8,False
15525,2500,2500,250,199,True
15526,2500,2500,250,115,True
15527,2500,2500,250,15,False
15528,2500,2494,250,165,True
15529,2494,2497,250,48,True
15530,2497,2500,250,140,True
15531,2500,2500,250,51,True
15532,2500,2499,250,9,False
15533,2499,2500,250,26,False
15534,2500,2495,250,108,True
15535,2495,2500,250,20,False
15536,2500,2500,250,41,True
15537,2500,2500,250,160,True
15538,2500,2500,250,211,True
15539,2500,2500,250,10,False
15540,2500,2500,250,1,False
15541,2500,2500,250,31,True
15542,2500,2500,250,64,True
15543,2500,2500,250,61,True
15544,2500,2495,250,29,False
15545,2495,2500,250,17,False
15546,2500,2500,250,24,False
15547,2500,2500,250,71,True
15548,2500,2500,250,20,False
15549,2500,2500,250,13,False
15550,2500,2500,250,7,False
15551,2500,2497,250,2,False
15552,2497,2500,250,16,False
15553,2500,2500,250,111,True
15554,2500,2500,250,102,True
15555,2500,2500,250,101,True
15556,2500,2500,250,49,True
15557,2500,2500,250,38,True
15558,2500,2500,250,3,False
15559,2500,2500,250,46,True
15560,2500,2500,250,126,True
15561,2500,2500,250,70,True
15562,2500,2500,250,56,True
15563,2500,2500,250,127,True
15564,2500,2500,250,33,True
15565,2500,2500,250,52,True
15566,2500,2500,250,44,True
15567,2500,2500,250,26,False
15568,2500,2500,250,83,True
15569,2500,2500,250,110,True
15570,2500,2500,250,0,False
15571,2500,2500,250,222,True
15572,2500,2500,250,53,True
15573,2500,2500,250,20,False
15574,2500,2500,250,16,False
15575,2500,2500,250,70,True
15576,2500,2500,250,250,True
15577,2500,2500,250,66,True
15578,2500,2500,250,241,True
15579,2500,2500,250,216,True
15580,2500,2500,250,234,True
15581,2500,2500,250,54,True
15582,2500,2500,250,9,False
15583,2500,2500,250,25,False
15584,2500,2500,250,9,False
15585,2500,2500,250,69,True
15586,2500,2500,250,175,True
15587,2500,2500,250,98,True
15588,2500,2500,250,31,True
15589,2500,2500,250,104,True
15590,2500,2500,250,50,True
15591,2500,2500,250,46,True
15592,2500,2500,250,127,True
15593,2500,2500,250,39,True
15594,2500,2500,250,35,True
15595,2500,2500,250,14,False
15596,2500,2500,250,69,True
15597,2500,2500,250,64,True
15598,2500,2500,250,7,False
15599,2500,2500,250,19,False
15600,2500,2500,250,63,True
15601,2500,2500,250,132,True
15602,2500,2500,250,70,True
15603,2500,2500,250,36,True
15604,2500,2500,250,115,True
15605,2500,2500,250,126,True
15606,2500,2500,250,207,True
15607,2500,2500,250,159,True
15608,2500,2500,250,111,True
15609,2500,2500,250,9,False
15610,2500,2500,250,16,False
15611,2500,2500,250,99,True
15612,2500,2500,250,41,True
15613,2500,2500,250,21,False
15614,2500,2500,250,17,False
15615,2500,2500,250,100,True
15616,2500,2500,250,6,False
15617,2500,2500,250,24,False
15618,2500,2500,250,10,False
15619,2500,2500,250,16,False
15620,2500,2500,250,28,False
15621,2500,2500,250,94,True
15622,2500,2500,250,56,True
15623,2500,2500,250,21,False
15624,2500,2500,250,15,False
15625,2500,2500,250,103,True
15626,2500,2500,250,42,True
15627,2500,2500,250,74,True
15628,2500,2500,250,126,True
15629,2500,2500,250,18,False
15630,2500,2500,250,172,True
15631,2500,2500,250,209,True
15632,2500,2500,250,1,False
15633,2500,2500,250,1,False
15634,2500,2500,250,47,True
15635,2500,2500,250,10,False
15636,2500,2500,250,131,True
15637,2500,2500,250,18,False
15638,2500,2500,250,80,True
15639,2500,2500,250,31,True
15640,2500,2500,250,141,True
15641,2500,2500,250,33,True
15642,2500,2500,250,56,True
15643,2500,2500,250,18,False
15644,2500,2500,250,54,True
15645,2500,2500,250,16,False
15646,2500,2500,250,1,False
15647,2500,2500,250,158,True
15648,2500,2500,250,128,True
15649,2500,2500,250,37,True
15650,2500,2500,250,35,True
15651,2500,2500,250,32,True
15652,2500,2500,250,107,True
15653,2500,2500,250,72,True
15654,2500,2500,250,59,True
15655,2500,2500,250,5,False
15656,2500,2500,250,42,True
15657,2500,2500,250,0,False
15658,2500,2500,250,51,True
15659,2500,2500,250,202,True
15660,2500,2500,250,9,False
15661,2500,2500,250,59,True
15662,2500,2500,250,172,True
15663,2500,2500,250,4,False
15664,2500,2500,250,58,True
15665,2500,2500,250,11,False
15666,2500,2500,250,96,True
15667,2500,2500,250,28,False
15668,2500,2500,250,14,False
15669,2500,2500,250,16,False
15670,2500,2500,250,55,True
15671,2500,2500,250,34,True
15672,2500,2500,250,48,True
15673,2500,2500,250,158,True
15674,2500,2500,250,35,True
15675,2500,2500,250,14,False
15676,2500,2500,250,38,True
15677,2500,2500,250,2,False
15678,2500,2500,250,33,True
15679,2500,2500,250,2,False
15680,2500,2500,250,53,True
15681,2500,2500,250,18,False
15682,2500,2500,250,58,True
15683,2500,2500,250,12,False
15684,2500,2500,250,30,True
15685,2500,2500,250,31,True
15686,2500,2500,250,34,True
15687,2500,2500,250,71,True
15688,2500,2500,250,44,True
15689,2500,2500,250,128,True
15690,2500,2500,250,130,True
15691,2500,2500,250,51,True
15692,2500,2500,250,45,True
15693,2500,2500,250,150,True
15694,2500,2500,250,87,True
15695,2500,2500,250,194,True
15696,2500,2500,250,169,True
15697,2500,2500,250,68,True
15698,2500,2500,250,69,True
15699,2500,2500,250,91,True
15700,2500,2500,250,50,True
15701,2500,2500,250,53,True
15702,2500,2500,250,54,True
15703,2500,2500,250,8,False
15704,2500,2500,250,50,True
15705,2500,2500,250,6,False
15706,2500,2500,250,3,False
15707,2500,2500,250,50,True
15708,2500,2500,250,208,True
15709,2500,2500,250,246,True
15710,2500,2500,250,9,False
15711,2500,2500,250,84,True
15712,2500,2500,250,141,True
15713,2500,2500,250,107,True
15714,2500,2500,250,51,True
15715,2500,2500,250,44,True
15716,2500,2500,250,3,False
15717,2500,2500,250,62,True
15718,2500,2500,250,13,False
15719,2500,2500,250,28,False
15720,2500,2500,250,39,True
15721,2500,2500,250,102,True
15722,2500,2500,250,46,True
15723,2500,2500,250,29,False
15724,2500,2500,250,21,False
15725,2500,2500,250,31,True
15726,2500,2500,250,29,False
15727,2500,2500,250,72,True
15728,2500,2500,250,230,True
15729,2500,2500,250,34,True
15730,2500,2500,250,26,False
15731,2500,2500,250,58,True
15732,2500,2500,250,45,True
15733,2500,2500,250,36,True
15734,2500,2500,250,68,True
15735,2500,2500,250,32,True
15736,2500,2500,250,36,True
15737,2500,2500,250,116,True
15738,2500,2500,250,22,False
15739,2500,2500,250,16,False
15740,2500,2500,250,71,True
15741,2500,2500,250,85,True
15742,2500,2500,250,101,True
15743,2500,2500,250,12,False
15744,2500,2500,250,56,True
15745,2500,2500,250,51,True
15746,2500,2500,250,33,True
15747,2500,2500,250,25,False
15748,2500,2500,250,74,True
15749,2500,2500,250,33,True
15750,2500,2500,250,245,True
15751,2500,2500,250,34,True
15752,2500,2500,250,57,True
15753,2500,2500,250,39,True
15754,2500,2500,250,43,True
15755,2500,2500,250,35,True
15756,2500,2500,250,30,True
15757,2500,2500,250,8,False
15758,2500,2500,250,32,True
15759,2500,2500,250,20,False
15760,2500,2500,250,53,True
15761,2500,2500,250,30,True
15762,2500,2500,250,38,True
15763,2500,2500,250,51,True
15764,2500,2500,250,106,True
15765,2500,2500,250,152,True
15766,2500,2500,250,102,True
15767,2500,2500,250,108,True
15768,2500,2500,250,232,True
15769,2500,2500,250,37,True
15770,2500,2500,250,52,True
15771,2500,2500,250,60,True
15772,2500,2500,250,71,True
15773,2500,2500,250,88,True
15774,2500,2500,250,12,False
15775,2500,2500,250,227,True
15776,2500,2500,250,21,False
15777,2500,2500,250,27,False
15778,2500,2500,250,30,True
15779,2500,2500,250,115,True
15780,2500,2500,250,67,True
15781,2500,2500,250,97,True
15782,2500,2500,250,22,False
15783,2500,2500,250,113,True
15784,2500,2500,250,107,True
15785,2500,2500,250,42,True
15786,2500,2500,250,36,True
15787,2500,2500,250,136,True
15788,2500,2500,250,14,False
15789,2500,2500,250,218,True
15790,2500,2500,250,4,False
15791,2500,2500,250,67,True
15792,2500,2500,250,132,True
15793,2500,2500,250,163,True
15794,2500,2500,250,74,True
15795,2500,2500,250,53,True
15796,2500,2500,250,35,True
15797,2500,2500,250,47,True
15798,2500,2500,250,27,False
15799,2500,2500,250,130,True
15800,2500,2500,250,227,True
15801,2500,2500,250,31,True
15802,2500,2500,250,42,True
15803,2500,2500,250,60,True
15804,2500,2500,250,23,False
15805,2500,2500,250,54,True
15806,2500,2500,250,53,True
15807,2500,2500,250,130,True
15808,2500,2500,250,120,True
15809,2500,2500,250,41,True
15810,2500,2500,250,8,False
15811,2500,2500,250,22,False
15812,2500,2500,250,126,True
15813,2500,2500,250,4,False
15814,2500,2500,250,13,False
15815,2500,2500,250,40,True
15816,2500,2500,250,37,True
15817,2500,2500,250,78,True
15818,2500,2500,250,89,True
15819,2500,2500,250,8,False
15820,2500,2500,250,73,True
15821,2500,2500,250,0,False
15822,2500,2500,250,194,True
15823,2500,2500,250,34,True
15824,2500,2500,250,69,True
15825,2500,2500,250,172,True
15826,2500,2500,250,98,True
15827,2500,2500,250,223,True
15828,2500,2500,250,214,True
15829,2500,2500,250,151,True
15830,2500,2500,250,137,True
15831,2500,2500,250,41,True
15832,2500,2500,250,149,True
15833,2500,2500,250,142,True
15834,2500,2500,250,44,True
15835,2500,2500,250,72,True
15836,2500,2500,250,143,True
15837,2500,2500,250,150,True
15838,2500,2500,250,109,True
15839,2500,2500,250,43,True
15840,2500,2500,250,52,True
15841,2500,2500,250,172,True
15842,2500,2500,250,22,False
15843,2500,2500,250,105,True
15844,2500,2500,250,218,True
15845,2500,2500,250,193,True
15846,2500,2500,250,194,True
15847,2500,2500,250,198,True
15848,2500,2500,250,41,True
15849,2500,2500,250,29,False
15850,2500,2500,250,173,True
15851,2500,2500,250,90,True
15852,2500,2500,250,235,True
15853,2500,2500,250,223,True
15854,2500,2500,250,173,True
15855,2500,2500,250,128,True
15856,2500,2500,250,160,True
15857,2500,2500,250,46,True
15858,2500,2479,250,169,True
15859,2479,2434,250,97,True
15860,2434,2388,250,165,True
15861,2388,2368,250,166,True
15862,2368,2330,250,81,True
15863,2330,2470,250,97,True
15864,2470,2448,250,111,True
15865,2448,2426,250,226,True
15866,2426,2326,250,227,True
15867,2326,2259,250,158,True
15868,2259,2218,250,178,True
15869,2218,2172,250,125,True
15870,2172,2068,250,176,True
15871,2068,2079,250,235,True
15872,2079,1994,250,143,True
15873,1994,2049,250,216,True
15874,2049,2022,250,75,True
15875,2022,1775,250,104,True
15876,1775,1509,250,125,True
15877,1509,1203,250,93,True
15878,1203,1114,250,170,True
15879,1114,1091,250,166,True
15880,1091,918,250,144,True
15881,918,763,250,182,True
15882,763,529,250,190,True
15883,529,447,216,112,True
15884,447,459,250,92,True
15885,459,445,245,94,True
15886,445,423,250,207,True
15887,423,437,250,63,True
15888,437,434,250,118,True
15889,434,426,250,151,True
15890,426,416,250,136,True
15891,416,421,250,104,True
15892,421,446,250,222,True
15893,446,437,250,122,True
15894,437,452,250,63,True
15895,452,471,250,89,True
15896,471,400,250,164,True
15897,400,394,227,183,True
15898,394,411,220,102,True
15899,411,391,238,78,True
15900,391,386,202,164,True
15901,386,357,198,166,True
15902,357,348,180,149,True
15903,348,384,182,151,True
15904,384,353,198,172,True
15905,353,399,186,150,True
15906,399,442,220,179,True
15907,442,454,197,177,True
15908,454,497,187,134,True
15909,497,492,232,141,True
15910,492,491,250,130,True
15911,491,447,250,207,True
15912,447,416,223,179,True
15913,416,392,217,184,True
15914,392,380,219,188,True
15915,380,367,200,164,True
15916,367,331,194,145,True
15917,331,305,158,128,True
15918,305,323,145,99,True
15919,323,352,153,134,True
15920,352,421,136,111,True
15921,421,419,141,125,True
15922,419,329,107,99,True
15923,329,256,80,58,True
15924,256,155,38,36,True
15925,155,79,49,45,True
15926,79,84,48,22,False
15927,84,82,54,54,True
15928,82,180,39,18,False
15929,180,180,102,72,True
15930,180,193,98,80,True
15931,193,195,99,60,True
15932,195,171,96,71,True
15933,171,175,98,72,True
15934,175,190,100,74,True
15935,190,204,110,74,True
15936,204,190,101,86,True
15937,190,317,111,73,True
15938,317,322,177,126,True
15939,322,356,189,147,True
15940,356,398,208,159,True
15941,398,410,211,163,True
15942,410,418,221,186,True
15943,418,486,222,190,True
15944,486,537,237,187,True
15945,537,414,191,146,True
15946,414,376,182,131,True
15947,376,377,166,133,True
15948,377,389,149,132,True
15949,389,373,135,103,True
15950,373,329,135,88,True
15951,329,285,110,68,True
15952,285,282,96,66,True
15953,282,272,115,69,True
15954,272,263,102,71,True
15955,263,263,107,66,True
15956,263,261,95,81,True
15957,261,250,97,73,True
15958,250,246,87,66,True
15959,246,230,114,68,True
15960,230,225,93,64,True
15961,225,357,106,96,True
15962,357,343,148,133,True
15963,343,313,136,71,True
15964,313,271,150,98,True
15965,271,261,137,75,True
15966,261,290,140,77,True
15967,290,295,136,70,True
15968,295,300,164,81,True
15969,300,845,90,74,True
15970,845,939,250,197,True
15971,939,1072,250,213,True
15972,1072,1086,250,243,True
15973,1086,1126,250,172,True
15974,1126,1164,250,152,True
15975,1164,1098,250,111,True
15976,1098,1057,250,179,True
15977,1057,1250,250,247,True
15978,1250,1247,250,171,True
15979,1247,1211,250,192,True
15980,1211,1091,250,175,True
15981,1091,1058,250,156,True
15982,1058,995,250,232,True
15983,995,956,250,203,True
15984,956,812,250,170,True
15985,812,771,232,188,True
15986,771,793,243,167,True
15987,793,826,250,196,True
15988,826,797,250,152,True
15989,797,684,250,156,True
15990,684,579,250,145,True
15991,579,438,236,147,True
15992,438,401,250,110,True
15993,401,369,240,232,True
15994,369,363,214,137,True
15995,363,374,203,143,True
15996,374,385,233,112,True
15997,385,369,239,178,True
15998,369,356,228,111,True
15999,356,365,222,161,True
16000,365,374,219,82,True
16001,374,402,250,108,True
16002,402,390,250,86,True
16003,390,389,250,243,True
16004,389,391,243,44,True
16005,391,399,244,165,True
16006,399,397,250,144,True
16007,397,407,250,239,True
16008,407,398,250,120,True
16009,398,415,241,111,True
16010,415,432,244,104,True
16011,432,443,209,170,True
16012,443,453,232,143,True
16013,453,467,250,179,True
16014,467,471,250,158,True
16015,471,493,250,147,True
16016,493,483,250,191,True
16017,483,498,250,151,True
16018,498,515,250,166,True
16019,515,518,250,142,True
16020,518,519,250,146,True
16021,519,590,250,132,True
16022,590,613,250,152,True
16023,613,616,250,185,True
16024,616,593,250,193,True
16025,593,654,250,210,True
16026,654,681,250,191,True
16027,681,732,250,217,True
16028,732,686,250,203,True
16029,686,633,250,206,True
16030,633,589,250,169,True
16031,589,653,250,122,True
16032,653,748,250,153,True
16033,748,720,250,214,True
16034,720,694,250,186,True
16035,694,534,250,144,True
16036,534,548,250,239,True
16037,548,583,250,105,True
16038,583,565,250,165,True
16039,565,577,250,222,True
16040,577,592,250,191,True
16041,592,586,250,197,True
16042,586,564,250,175,True
16043,564,401,217,139,True
16044,401,395,203,177,True
16045,395,409,227,199,True
16046,409,416,226,177,True
16047,416,378,234,164,True
16048,378,332,189,174,True
16049,332,347,191,138,True
16050,347,382,199,154,True
16051,382,324,163,134,True
16052,324,333,159,94,True
16053,333,385,184,161,True
16054,385,406,189,123,True
16055,406,365,160,96,True
16056,365,368,170,119,True
16057,368,377,159,98,True
16058,377,383,163,97,True
16059,383,330,141,88,True
16060,330,346,127,86,True
16061,346,375,155,142,True
16062,375,383,140,85,True
16063,383,377,130,73,True
16064,377,361,115,83,True
16065,361,322,130,58,True
16066,322,390,115,52,True
16067,390,368,100,49,True
16068,368,303,135,79,True
16069,303,254,110,56,True
16070,254,227,121,77,True
16071,227,187,110,73,True
16072,187,182,100,49,True
16073,182,139,80,27,False
16074,139,134,79,53,True
16075,134,281,60,60,True
16076,281,279,183,95,True
16077,279,285,154,143,True
16078,285,276,186,107,True
16079,276,284,173,74,True
16080,284,281,168,113,True
16081,281,288,178,102,True
16082,288,273,179,82,True
16083,273,252,158,149,True
16084,252,319,128,72,True
16085,319,331,211,144,True
16086,331,311,227,123,True
16087,311,337,203,123,True
16088,337,331,214,95,True
16089,331,334,222,142,True
16090,334,340,210,143,True
16091,340,350,218,142,True
16092,350,336,218,135,True
16093,336,370,250,190,True
16094,370,336,237,66,True
16095,336,356,197,126,True
16096,356,344,219,117,True
16097,344,368,213,124,True
16098,368,361,207,123,True
16099,361,384,244,174,True
16100,384,375,250,112,True
16101,375,376,235,125,True
16102,376,383,246,129,True
16103,383,392,238,151,True
16104,392,389,246,111,True
16105,389,422,250,136,True
16106,422,414,250,73,True
16107,414,424,250,128,True
16108,424,438,250,153,True
16109,438,416,250,177,True
16110,416,433,250,145,True
16111,433,457,250,108,True
16112,457,449,250,169,True
16113,449,437,250,129,True
16114,437,480,250,129,True
16115,480,450,250,150,True
16116,450,460,250,94,True
16117,460,483,250,156,True
16118,483,460,250,142,True
16119,460,459,250,117,True
16120,459,471,250,174,True
16121,471,520,250,194,True
16122,520,513,250,153,True
16123,513,546,250,150,True
16124,546,552,250,154,True
16125,552,567,250,151,True
16126,567,559,250,192,True
16127,559,553,250,182,True
16128,553,577,250,181,True
16129,577,601,250,156,True
16130,601,651,250,171,True
16131,651,647,250,155,True
16132,647,704,250,158,True
16133,704,694,250,171,True
16134,694,722,250,136,True
16135,722,724,250,181,True
16136,724,714,250,125,True
16137,714,698,250,180,True
16138,698,699,250,172,True
16139,699,728,250,157,True
16140,728,743,250,164,True
16141,743,668,250,189,True
16142,668,674,250,187,True
16143,674,709,250,195,True
16144,709,732,250,167,True
16145,732,743,250,186,True
16146,743,773,250,211,True
16147,773,796,250,177,True
16148,796,833,250,169,True
16149,833,716,250,213,True
16150,716,743,250,196,True
16151,743,905,250,186,True
16152,905,980,250,194,True
16153,980,1071,250,183,True
16154,1071,1173,250,198,True
16155,1173,1348,250,202,True
16156,1348,1322,250,201,True
16157,1322,1098,250,203,True
16158,1098,1322,250,211,True
16159,1322,1346,250,162,True
16160,1346,1398,250,211,True
16161,1398,1445,250,233,True
16162,1445,1493,250,134,True
16163,1493,1526,250,163,True
16164,1526,1627,250,192,True
16165,1627,1095,250,210,True
16166,1095,1042,250,197,True
16167,1042,1007,250,190,True
16168,1007,955,250,170,True
16169,955,963,250,201,True
16170,963,942,250,238,True
16171,942,928,250,154,True
16172,928,958,250,156,True
16173,958,1099,250,196,True
16174,1099,891,250,180,True
16175,891,980,250,194,True
16176,980,1033,250,88,True
16177,1033,1065,250,139,True
16178,1065,1113,250,111,True
16179,1113,1152,250,124,True
16180,1152,1248,250,167,True
16181,1248,1367,250,129,True
16182,1367,1088,250,122,True
16183,1088,1132,250,176,True
16184,1132,1147,250,147,True
16185,1147,1098,250,164,True
16186,1098,1133,250,156,True
16187,1133,1227,250,191,True
16188,1227,1148,250,153,True
16189,1148,1105,250,141,True
16190,1105,974,250,167,True
16191,974,970,250,136,True
16192,970,981,250,165,True
16193,981,1007,250,204,True
16194,1007,1024,250,167,True
16195,1024,1015,250,158,True
16196,1015,960,250,165,True
16197,960,922,250,145,True
16198,922,1320,250,184,True
16199,1320,1304,250,125,True
16200,1304,1302,250,135,True
16201,1302,1254,250,169,True
16202,1254,1205,250,151,True
16203,1205,1169,250,178,True
16204,1169,1126,250,166,True
16205,1126,1080,250,146,True
16206,1080,1215,250,133,True
16207,1215,1166,250,169,True
16208,1166,1114,250,182,True
16209,1114,1113,250,172,True
16210,1113,1153,250,149,True
16211,1153,1110,250,128,True
16212,1110,1170,250,178,True
16213,1170,1152,250,175,True
16214,1152,1042,250,193,True
16215,1042,1136,250,165,True
16216,1136,1065,250,185,True
16217,1065,983,250,211,True
16218,983,866,250,123,True
16219,866,828,250,204,True
16220,828,787,250,136,True
16221,787,754,250,180,True
16222,754,582,250,190,True
16223,582,583,250,114,True
16224,583,579,250,174,True
16225,579,555,250,132,True
16226,555,577,250,160,True
16227,577,586,250,84,True
16228,586,584,250,70,True
16229,584,581,250,86,True
16230,581,588,250,118,True
16231,588,406,224,118,True
16232,406,393,197,70,True
16233,393,416,218,94,True
16234,416,487,198,72,True
16235,487,456,181,164,True
16236,456,373,169,101,True
16237,373,371,209,98,True
16238,371,346,191,76,True
16239,346,372,211,113,True
16240,372,386,240,107,True
16241,386,384,237,214,True
16242,384,380,226,130,True
16243,380,393,215,178,True
16244,393,409,184,174,True
16245,409,423,200,154,True
16246,423,523,172,134,True
16247,523,704,216,166,True
16248,704,592,250,187,True
16249,592,545,249,195,True
16250,545,531,246,191,True
16251,531,509,247,172,True
16252,509,546,230,147,True
16253,546,544,250,178,True
16254,544,527,250,142,True
16255,527,397,205,158,True
16256,397,415,200,99,True
16257,415,432,205,63,True
16258,432,444,210,60,True
16259,444,460,212,200,True
16260,460,433,221,123,True
16261,433,409,217,153,True
16262,409,396,192,143,True
16263,396,311,154,110,True
16264,311,316,149,103,True
16265,316,351,154,134,True
16266,351,383,149,117,True
16267,383,436,143,129,True
16268,436,358,138,105,True
16269,358,346,115,99,True
16270,346,371,123,71,True
16271,371,527,106,65,True
16272,527,509,229,216,True
16273,509,488,248,235,True
16274,488,469,234,117,True
16275,469,483,234,175,True
16276,483,487,227,191,True
16277,487,526,250,241,True
16278,526,519,223,168,True
16279,519,569,218,70,True
16280,569,663,250,106,True
16281,663,652,250,189,True
16282,652,637,250,138,True
16283,637,627,250,122,True
16284,627,561,250,91,True
16285,561,509,234,127,True
16286,509,521,224,98,True
16287,521,541,250,106,True
16288,541,578,250,123,True
16289,578,639,250,198,True
16290,639,628,250,174,True
16291,628,623,250,147,True
16292,623,645,250,114,True
16293,645,649,250,221,True
16294,649,641,250,181,True
16295,641,651,250,152,True
16296,651,578,250,92,True
16297,578,583,250,139,True
16298,583,589,250,140,True
16299,589,595,250,139,True
16300,595,607,250,137,True
16301,607,643,250,174,True
16302,643,651,250,156,True
16303,651,727,250,188,True
16304,727,690,250,194,True
16305,690,623,250,230,True
16306,623,565,250,86,True
16307,565,553,237,225,True
16308,553,497,209,200,True
16309,497,508,208,88,True
16310,508,464,236,151,True
16311,464,461,221,195,True
16312,461,596,190,122,True
16313,596,655,250,228,True
16314,655,707,250,210,True
16315,707,683,250,158,True
16316,683,644,250,154,True
16317,644,627,250,175,True
16318,627,594,250,187,True
16319,594,569,250,173,True
16320,569,573,250,168,True
16321,573,520,247,158,True
16322,520,491,243,165,True
16323,491,524,245,146,True
16324,524,544,250,228,True
16325,544,487,250,121,True
16326,487,487,222,128,True
16327,487,459,204,201,True
16328,459,487,177,78,True
16329,487,420,184,116,True
16330,420,535,169,158,True
16331,535,570,201,187,True
16332,570,560,208,203,True
16333,560,533,189,185,True
16334,533,537,188,175,True
16335,537,572,175,162,True
16336,572,530,206,198,True
16337,530,542,202,112,True
16338,542,585,230,177,True
16339,585,633,250,90,True
16340,633,697,250,91,True
16341,697,818,250,176,True
16342,818,950,250,121,True
16343,950,1026,250,150,True
16344,1026,1063,250,146,True
16345,1063,1761,250,176,True
16346,1761,1830,250,204,True
16347,1830,1785,250,132,True
16348,1785,1586,250,112,True
16349,1586,1349,250,159,True
16350,1349,1256,250,135,True
16351,1256,1160,250,144,True
16352,1160,1031,250,203,True
16353,1031,746,250,214,True
16354,746,721,250,144,True
16355,721,718,250,124,True
16356,718,664,250,74,True
16357,664,673,250,206,True
16358,673,634,250,160,True
16359,634,673,250,231,True
16360,673,636,250,205,True
16361,636,400,223,186,True
16362,400,413,190,164,True
16363,413,430,182,86,True
16364,430,522,155,72,True
16365,522,509,179,175,True
16366,509,494,173,82,True
16367,494,559,181,177,True
16368,559,589,202,185,True
16369,589,536,245,198,True
16370,536,974,223,217,True
16371,974,979,250,189,True
16372,979,832,250,172,True
16373,832,881,250,142,True
16374,881,941,250,137,True
16375,941,960,250,146,True
16376,960,1017,250,143,True
16377,1017,1098,250,226,True
16378,1098,1613,250,125,True
16379,1613,1662,250,172,True
16380,1662,1678,250,132,True
16381,1678,1504,250,168,True
16382,1504,1349,250,163,True
16383,1349,1202,250,145,True
16384,1202,1119,250,149,True
16385,1119,996,250,95,True
16386,996,605,250,109,True
16387,605,589,236,95,True
16388,589,571,243,143,True
16389,571,576,239,159,True
16390,576,583,250,174,True
16391,583,611,250,203,True
16392,611,633,250,214,True
16393,633,667,250,225,True
16394,667,667,240,213,True
16395,667,703,227,193,True
16396,703,607,233,150,True
16397,607,499,217,153,True
16398,499,506,200,84,True
16399,506,496,219,153,True
16400,496,530,227,112,True
16401,530,568,245,223,True
16402,568,1155,236,231,True
16403,1155,1101,250,198,True
16404,1101,1135,250,80,True
16405,1135,1225,250,95,True
16406,1225,1287,250,193,True
16407,1287,1315,250,102,True
16408,1315,1179,250,94,True
16409,1179,1127,250,127,True
16410,1127,986,250,79,True
16411,986,1025,250,131,True
16412,1025,1143,250,131,True
16413,1143,1198,250,150,True
16414,1198,1173,250,212,True
16415,1173,1141,250,214,True
16416,1141,1076,250,241,True
16417,1076,1032,250,226,True
16418,1032,1023,250,222,True
16419,1023,801,250,241,True
16420,801,700,250,245,True
16421,700,608,250,204,True
16422,608,607,250,201,True
16423,607,647,248,151,True
16424,647,649,230,221,True
16425,649,686,250,230,True
16426,686,699,234,229,True
16427,699,727,247,226,True
16428,727,611,250,235,True
16429,611,527,240,236,True
16430,527,500,217,154,True
16431,500,496,225,112,True
16432,496,504,247,183,True
16433,504,506,238,193,True
16434,506,525,233,68,True
16435,525,679,242,99,True
16436,679,832,250,108,True
16437,832,1001,250,87,True
16438,1001,911,250,105,True
16439,911,832,250,61,True
16440,832,746,250,100,True
16441,746,664,250,78,True
16442,664,570,250,76,True
16443,570,698,250,111,True
16444,698,739,250,219,True
16445,739,734,250,231,True
16446,734,753,250,212,True
16447,753,739,250,100,True
16448,739,737,250,142,True
16449,737,739,250,237,True
16450,739,809,250,240,True
16451,809,866,250,115,True
16452,866,987,250,150,True
16453,987,1097,250,236,True
16454,1097,1197,250,103,True
16455,1197,1266,250,91,True
16456,1266,1308,250,106,True
16457,1308,1196,250,90,True
16458,1196,1202,250,82,True
16459,1202,936,250,72,True
16460,936,916,250,147,True
16461,916,1066,250,129,True
16462,1066,1173,250,200,True
16463,1173,1196,250,124,True
16464,1196,1202,250,100,True
16465,1202,1249,250,107,True
16466,1249,1171,250,80,True
16467,1171,1150,250,103,True
16468,1150,1631,250,135,True
16469,1631,1668,250,62,True
16470,1668,1698,250,80,True
16471,1698,1725,250,218,True
16472,1725,1913,250,153,True
16473,1913,2016,250,180,True
16474,2016,2097,250,166,True
16475,2097,2103,250,205,True
16476,2103,2144,250,229,True
16477,2144,2018,250,141,True
16478,2018,1901,250,241,True
16479,1901,1713,250,244,True
16480,1713,1506,250,181,True
16481,1506,1457,250,205,True
16482,1457,1391,250,226,True
16483,1391,1242,250,220,True
16484,1242,1100,250,219,True
16485,1100,1062,250,245,True
16486,1062,1037,250,171,True
16487,1037,1019,250,162,True
16488,1019,1023,250,109,True
16489,1023,974,250,244,True
16490,974,1003,250,240,True
16491,1003,1005,250,210,True
16492,1005,643,250,126,True
16493,643,622,250,105,True
16494,622,652,250,227,True
16495,652,658,250,247,True
16496,658,593,250,215,True
16497,593,549,250,242,True
16498,549,486,250,228,True
16499,486,508,250,155,True
16500,508,564,250,230,True
16501,564,566,250,233,True
16502,566,601,250,245,True
16503,601,594,250,119,True
16504,594,642,250,181,True
16505,642,597,250,118,True
16506,597,589,250,70,True
16507,589,585,250,109,True
16508,585,511,228,70,True
16509,511,501,224,103,True
16510,501,484,236,77,True
16511,484,471,250,99,True
16512,471,486,250,83,True
16513,486,516,250,114,True
16514,516,502,243,178,True
16515,502,512,226,161,True
16516,512,520,224,80,True
16517,520,643,218,92,True
16518,643,639,250,122,True
16519,639,674,250,205,True
16520,674,620,250,209,True
16521,620,706,250,239,True
16522,706,770,250,231,True
16523,770,848,250,163,True
16524,848,901,250,129,True
16525,901,641,250,234,True
16526,641,665,250,124,True
16527,665,688,250,97,True
16528,688,698,250,177,True
16529,698,740,250,79,True
16530,740,786,250,93,True
16531,786,827,250,101,True
16532,827,888,250,162,True
16533,888,1408,250,85,True
16534,1408,1519,250,75,True
16535,1519,1634,250,132,True
16536,1634,1627,250,89,True
16537,1627,1697,250,97,True
16538,1697,1776,250,86,True
16539,1776,1891,250,68,True
16540,1891,2018,250,99,True
16541,2018,2183,250,118,True
16542,2183,2163,250,105,True
16543,2163,2106,250,120,True
16544,2106,2064,250,218,True
16545,2064,1895,250,221,True
16546,1895,1718,250,205,True
16547,1718,1598,250,186,True
16548,1598,1408,250,205,True
16549,1408,1148,250,214,True
16550,1148,977,250,181,True
16551,977,811,250,83,True
16552,811,818,250,245,True
16553,818,834,250,235,True
16554,834,842,250,174,True
16555,842,881,250,221,True
16556,881,896,250,220,True
16557,896,869,250,243,True
16558,869,894,250,177,True
16559,894,868,250,214,True
16560,868,837,250,181,True
16561,837,808,250,195,True
16562,808,807,250,125,True
16563,807,805,250,83,True
16564,805,761,250,240,True
16565,761,760,250,244,True
16566,760,678,250,244,True
16567,678,627,250,214,True
16568,627,622,250,163,True
16569,622,597,250,215,True
16570,597,627,250,219,True
16571,627,584,250,210,True
16572,584,553,250,115,True
16573,553,523,250,139,True
16574,523,579,231,97,True
16575,579,501,241,97,True
16576,501,549,218,92,True
16577,549,584,250,102,True
16578,584,577,250,152,True
16579,577,563,250,104,True
16580,563,575,250,213,True
16581,575,564,250,239,True
16582,564,812,250,69,True
16583,812,815,250,98,True
16584,815,824,250,213,True
16585,824,842,250,110,True
16586,842,847,250,223,True
16587,847,927,250,116,True
16588,927,923,250,148,True
16589,923,1018,250,118,True
16590,1018,845,250,208,True
16591,845,897,250,78,True
16592,897,892,250,128,True
16593,892,864,250,79,True
16594,864,882,250,122,True
16595,882,889,250,63,True
16596,889,920,250,142,True
16597,920,931,250,142,True
16598,931,823,250,112,True
16599,823,858,250,159,True
16600,858,948,250,203,True
16601,948,1016,250,151,True
16602,1016,1132,250,180,True
16603,1132,1054,250,154,True
16604,1054,1087,250,218,True
16605,1087,1129,250,149,True
16606,1129,1515,250,208,True
16607,1515,1696,250,157,True
16608,1696,1786,250,204,True
16609,1786,1772,250,126,True
16610,1772,1836,250,109,True
16611,1836,1805,250,102,True
16612,1805,1709,250,107,True
16613,1709,1718,250,117,True
16614,1718,1824,250,93,True
16615,1824,1927,250,242,True
16616,1927,1903,250,203,True
16617,1903,1632,250,227,True
16618,1632,1339,250,129,True
16619,1339,1192,250,223,True
16620,1192,1110,250,204,True
16621,1110,994,250,233,True
16622,994,978,250,140,True
16623,978,1016,250,244,True
16624,1016,973,250,115,True
16625,973,977,250,119,True
16626,977,986,250,139,True
16627,986,1009,250,94,True
16628,1009,1028,250,220,True
16629,1028,992,250,105,True
16630,992,1008,250,127,True
16631,1008,697,250,68,True
16632,697,616,250,196,True
16633,616,590,250,83,True
16634,590,581,250,186,True
16635,581,508,250,210,True
16636,508,534,250,150,True
16637,534,571,250,95,True
16638,571,566,250,219,True
16639,566,665,250,101,True
16640,665,660,250,92,True
16641,660,721,250,103,True
16642,721,809,250,150,True
16643,809,797,250,116,True
16644,797,675,250,99,True
16645,675,647,250,131,True
16646,647,597,250,88,True
16647,597,623,250,82,True
16648,623,620,250,108,True
16649,620,606,250,226,True
16650,606,607,250,236,True
16651,607,667,250,103,True
16652,667,662,250,182,True
16653,662,683,250,223,True
16654,683,663,250,119,True
16655,663,668,250,95,True
16656,668,629,250,211,True
16657,629,671,250,87,True
16658,671,727,250,136,True
16659,727,762,250,106,True
16660,762,818,250,103,True
16661,818,884,250,93,True
16662,884,951,250,135,True
16663,951,1019,250,189,True
16664,1019,773,250,144,True
16665,773,790,250,236,True
16666,790,774,250,193,True
16667,774,859,250,139,True
16668,859,870,250,212,True
16669,870,823,250,182,True
16670,823,802,250,195,True
16671,802,821,250,224,True
16672,821,1035,250,238,True
16673,1035,1078,250,158,True
16674,1078,1062,250,191,True
16675,1062,1045,250,125,True
16676,1045,1041,250,125,True
16677,1041,1003,250,125,True
16678,1003,1015,250,58,True
16679,1015,965,250,81,True
16680,965,1057,250,146,True
16681,1057,1063,250,206,True
16682,1063,1053,250,214,True
16683,1053,1067,250,168,True
16684,1067,1060,250,193,True
16685,1060,983,250,147,True
16686,983,912,250,229,True
16687,912,894,250,182,True
16688,894,939,250,149,True
16689,939,943,250,230,True
16690,943,939,250,139,True
16691,939,881,250,113,True
16692,881,866,250,151,True
16693,866,856,250,187,True
16694,856,844,250,116,True
16695,844,863,250,194,True
16696,863,558,250,98,True
16697,558,607,250,239,True
16698,607,614,250,101,True
16699,614,529,250,144,True
16700,529,494,250,104,True
16701,494,490,250,134,True
16702,490,465,250,133,True
16703,465,482,230,120,True
16704,482,474,239,119,True
16705,474,530,229,193,True
16706,530,541,250,126,True
16707,541,568,245,186,True
16708,568,565,250,124,True
16709,565,510,250,103,True
16710,510,497,250,119,True
16711,497,493,244,126,True
16712,493,502,246,192,True
16713,502,409,197,169,True
16714,409,431,212,110,True
16715,431,409,189,74,True
16716,409,397,182,66,True
16717,397,452,166,80,True
16718,452,485,193,85,True
16719,485,548,216,96,True
16720,548,602,227,123,True
16721,602,609,223,144,True
16722,609,638,195,91,True
16723,638,606,183,159,True
16724,606,457,158,123,True
16725,457,340,152,129,True
16726,340,306,146,65,True
16727,306,301,139,121,True
16728,301,299,137,68,True
16729,299,530,132,60,True
16730,530,507,250,125,True
16731,507,588,250,97,True
16732,588,623,250,170,True
16733,623,651,250,166,True
16734,651,647,250,105,True
16735,647,636,250,161,True
16736,636,642,250,160,True
16737,642,792,250,145,True
16738,792,877,250,184,True
16739,877,903,250,167,True
16740,903,885,250,157,True
16741,885,766,250,163,True
16742,766,754,250,168,True
16743,754,767,250,148,True
16744,767,639,250,132,True
16745,639,483,214,198,True
16746,483,447,250,194,True
16747,447,469,203,173,True
16748,469,424,228,107,True
16749,424,430,226,100,True
16750,430,419,250,143,True
16751,419,412,250,148,True
16752,412,423,244,114,True
16753,423,431,242,123,True
16754,431,366,215,123,True
16755,366,360,199,99,True
16756,360,402,162,90,True
16757,402,385,212,120,True
16758,385,405,202,98,True
16759,405,415,201,76,True
16760,415,416,172,41,True
16761,416,508,180,144,True
16762,508,509,158,150,True
16763,509,504,159,97,True
16764,504,424,156,84,True
16765,424,419,166,83,True
16766,419,386,152,102,True
16767,386,423,175,141,True
16768,423,481,198,102,True
16769,481,439,227,121,True
16770,439,474,216,137,True
16771,474,494,250,197,True
16772,494,480,250,117,True
16773,480,532,238,150,True
16774,532,563,250,181,True
16775,563,534,243,142,True
16776,534,537,250,163,True
16777,537,491,250,133,True
16778,491,697,200,151,True
16779,697,584,250,222,True
16780,584,597,250,139,True
16781,597,546,250,231,True
16782,546,526,215,113,True
16783,526,441,193,103,True
16784,441,435,195,78,True
16785,435,451,173,115,True
16786,451,503,185,141,True
16787,503,564,212,205,True
16788,564,621,208,188,True
16789,621,558,225,194,True
16790,558,454,240,142,True
16791,454,426,238,159,True
16792,426,425,250,148,True
16793,425,417,228,159,True
16794,417,378,240,147,True
16795,378,369,224,116,True
16796,369,374,226,174,True
16797,374,376,233,181,True
16798,376,360,227,171,True
16799,360,380,192,136,True
16800,380,371,189,148,True
16801,371,361,198,127,True
16802,361,368,209,133,True
16803,368,361,186,152,True
16804,361,343,161,115,True
16805,343,315,148,102,True
16806,315,302,162,112,True
16807,302,318,133,85,True
16808,318,333,152,78,True
16809,333,359,167,71,True
16810,359,377,146,35,True
16811,377,345,144,63,True
16812,345,312,152,140,True
16813,312,312,141,66,True
16814,312,315,142,65,True
16815,315,311,143,57,True
16816,311,332,127,111,True
16817,332,328,125,72,True
16818,328,377,141,85,True
16819,377,350,160,81,True
16820,350,363,168,112,True
16821,363,342,174,146,True
16822,342,353,186,95,True
16823,353,346,201,159,True
16824,346,344,209,92,True
16825,344,332,230,78,True
16826,332,318,213,73,True
16827,318,568,174,74,True
16828,568,549,250,19,False
16829,549,563,250,110,True
16830,563,538,250,63,True
16831,538,516,244,53,True
16832,516,473,239,79,True
16833,473,462,215,76,True
16834,462,439,203,192,True
16835,439,438,215,103,True
16836,438,465,223,149,True
16837,465,421,234,224,True
16838,421,422,207,53,True
16839,422,390,227,209,True
16840,390,418,208,46,True
16841,418,392,231,65,True
16842,392,431,235,51,True
16843,431,406,230,104,True
16844,406,418,238,94,True
16845,418,415,250,88,True
16846,415,448,250,42,True
16847,448,428,250,60,True
16848,428,426,236,100,True
16849,426,438,244,95,True
16850,438,433,243,105,True
16851,433,428,219,93,True
16852,428,676,201,173,True
16853,676,697,250,229,True
16854,697,701,250,75,True
16855,701,724,250,225,True
16856,724,705,250,224,True
16857,705,712,250,106,True
16858,712,717,250,178,True
16859,717,727,250,229,True
16860,727,432,250,198,True
16861,432,472,213,103,True
16862,472,454,249,163,True
16863,454,459,250,131,True
16864,459,486,250,53,True
16865,486,482,250,55,True
16866,482,465,250,169,True
16867,465,456,226,156,True
16868,456,561,238,164,True
16869,561,511,250,212,True
16870,511,507,246,211,True
16871,507,501,250,116,True
16872,501,498,250,113,True
16873,498,484,250,168,True
16874,484,506,245,53,True
16875,506,507,250,234,True
16876,507,419,249,71,True
16877,419,442,243,185,True
16878,442,433,250,45,True
16879,433,446,233,54,True
16880,446,448,239,152,True
16881,448,462,250,74,True
16882,462,441,250,104,True
16883,441,464,250,171,True
16884,464,690,241,44,True
16885,690,721,250,69,True
16886,721,708,250,64,True
16887,708,702,250,85,True
16888,702,734,250,119,True
16889,734,720,250,57,True
16890,720,746,250,75,True
16891,746,705,250,74,True
16892,705,795,250,227,True
16893,795,842,250,231,True
16894,842,920,250,92,True
16895,920,965,250,193,True
16896,965,987,250,147,True
16897,987,1003,250,98,True
16898,1003,1035,250,113,True
16899,1035,1059,250,78,True
16900,1059,1065,250,100,True
16901,1065,801,250,76,True
16902,801,803,250,171,True
16903,803,788,250,187,True
16904,788,705,250,178,True
16905,705,671,250,183,True
16906,671,654,250,157,True
16907,654,679,250,194,True
16908,679,639,250,206,True
16909,639,633,250,108,True
16910,633,633,250,116,True
16911,633,630,250,108,True
16912,630,665,250,119,True
16913,665,681,250,84,True
16914,681,658,250,83,True
16915,658,662,250,134,True
16916,662,676,250,74,True
16917,676,558,250,107,True
16918,558,540,250,201,True
16919,540,602,250,137,True
16920,602,680,250,98,True
16921,680,744,250,112,True
16922,744,739,250,158,True
16923,739,698,250,68,True
16924,698,701,250,101,True
16925,701,988,250,145,True
16926,988,1002,250,119,True
16927,1002,1005,250,33,True
16928,1005,929,250,47,True
16929,929,918,250,33,True
16930,918,940,250,62,True
16931,940,1023,250,92,True
16932,1023,987,250,153,True
16933,987,806,250,142,True
16934,806,847,250,168,True
16935,847,830,250,111,True
16936,830,834,250,146,True
16937,834,798,250,208,True
16938,798,776,243,156,True
16939,776,636,250,129,True
16940,636,495,250,149,True
16941,495,578,242,108,True
16942,578,643,250,206,True
16943,643,611,250,99,True
16944,611,648,250,92,True
16945,648,679,250,103,True
16946,679,725,250,79,True
16947,725,724,250,119,True
16948,724,754,250,68,True
16949,754,946,250,149,True
16950,946,898,250,79,True
16951,898,926,250,64,True
16952,926,908,250,32,True
16953,908,743,250,104,True
16954,743,694,250,54,True
16955,694,653,250,66,True
16956,653,658,250,99,True
16957,658,741,250,86,True
16958,741,740,250,91,True
16959,740,817,250,51,True
16960,817,807,250,66,True
16961,807,680,250,137,True
16962,680,602,250,92,True
16963,602,538,218,142,True
16964,538,596,243,60,True
16965,596,639,250,191,True
16966,639,503,215,62,True
16967,503,521,227,51,True
16968,521,551,250,101,True
16969,551,534,219,74,True
16970,534,402,222,77,True
16971,402,413,170,56,True
16972,413,417,191,83,True
16973,417,466,197,155,True
16974,466,498,184,87,True
16975,498,509,211,60,True
16976,509,454,210,84,True
16977,454,542,230,101,True
16978,542,587,221,66,True
16979,587,562,235,114,True
16980,562,504,201,30,True
16981,504,510,185,26,False
16982,510,627,170,74,True
16983,627,623,214,74,True
16984,623,650,250,68,True
16985,650,730,250,57,True
16986,730,764,250,77,True
16987,764,695,250,65,True
16988,695,620,250,160,True
16989,620,573,211,61,True
16990,573,493,182,53,True
16991,493,404,150,122,True
16992,404,427,132,51,True
16993,427,473,153,129,True
16994,473,401,157,54,True
16995,401,327,121,48,True
16996,327,332,131,59,True
16997,332,361,125,86,True
16998,361,408,135,107,True
16999,408,362,163,124,True
17000,362,319,139,117,True
17001,319,324,133,103,True
17002,324,320,138,110,True
17003,320,352,149,90,True
17004,352,338,142,79,True
17005,338,334,169,91,True
17006,334,330,166,89,True
17007,330,598,152,76,True
17008,598,586,250,121,True
17009,586,621,250,116,True
17010,621,616,243,103,True
17011,616,599,221,88,True
17012,599,497,207,88,True
17013,497,645,167,71,True
17014,645,563,178,54,True
17015,563,437,163,57,True
17016,437,473,166,42,True
17017,473,444,191,38,True
17018,444,450,219,45,True
17019,450,468,192,42,True
17020,468,424,199,37,True
17021,424,427,173,56,True
17022,427,455,171,92,True
17023,455,251,149,69,True
17024,251,252,108,57,True
17025,252,291,110,60,True
17026,291,307,127,81,True
17027,307,326,133,115,True
17028,326,331,118,92,True
17029,331,355,130,95,True
17030,355,361,139,100,True
17031,361,516,111,82,True
17032,516,464,215,154,True
17033,464,457,246,209,True
17034,457,443,214,128,True
17035,443,441,240,158,True
17036,441,468,213,151,True
17037,468,525,213,141,True
17038,525,684,188,111,True
17039,684,627,223,109,True
17040,627,688,218,128,True
17041,688,743,235,203,True
17042,743,710,250,100,True
17043,710,764,250,50,True
17044,764,750,250,157,True
17045,750,778,250,148,True
17046,778,797,250,68,True
17047,797,771,250,89,True
17048,771,768,250,41,True
17049,768,738,250,54,True
17050,738,741,250,65,True
17051,741,711,250,75,True
17052,711,806,250,116,True
17053,806,772,250,111,True
17054,772,848,250,115,True
17055,848,675,250,121,True
17056,675,709,243,100,True
17057,709,655,250,109,True
17058,655,575,235,93,True
17059,575,632,235,86,True
17060,632,578,219,74,True
17061,578,502,239,86,True
17062,502,595,217,91,True
17063,595,595,208,101,True
17064,595,951,214,95,True
17065,951,906,250,97,True
17066,906,956,250,56,True
17067,956,1087,250,95,True
17068,1087,1219,250,193,True
17069,1219,1271,250,219,True
17070,1271,1295,250,205,True
17071,1295,1227,250,200,True
17072,1227,1198,250,139,True
17073,1198,1258,250,127,True
17074,1258,1207,250,120,True
17075,1207,1219,250,125,True
17076,1219,1124,250,135,True
17077,1124,1198,250,112,True
17078,1198,1171,250,111,True
17079,1171,1176,250,94,True
17080,1176,1284,250,130,True
17081,1284,1376,250,102,True
17082,1376,1432,250,104,True
17083,1432,1433,250,69,True
17084,1433,1496,250,72,True
17085,1496,1470,250,123,True
17086,1470,1481,250,115,True
17087,1481,1463,250,59,True
17088,1463,1487,250,61,True
17089,1487,1297,250,57,True
17090,1297,1295,250,95,True
17091,1295,1319,250,116,True
17092,1319,1282,250,33,True
17093,1282,1126,250,48,True
17094,1126,1186,250,26,False
17095,1186,1240,250,47,True
17096,1240,1316,250,34,True
17097,1316,1273,250,39,True
17098,1273,1252,250,85,True
17099,1252,1245,250,107,True
17100,1245,1231,250,121,True
17101,1231,1338,250,66,True
17102,1338,1379,250,43,True
17103,1379,1291,250,51,True
17104,1291,1269,250,97,True
17105,1269,1325,250,142,True
17106,1325,1287,250,118,True
17107,1287,1273,250,165,True
17108,1273,1180,250,191,True
17109,1180,1195,250,119,True
17110,1195,1241,250,138,True
17111,1241,1411,250,129,True
17112,1411,1401,250,118,True
17113,1401,1265,250,136,True
17114,1265,1258,250,187,True
17115,1258,1332,250,198,True
17116,1332,1335,250,122,True
17117,1335,1402,250,202,True
17118,1402,1453,250,65,True
17119,1453,1414,250,101,True
17120,1414,1363,250,57,True
17121,1363,1172,250,112,True
17122,1172,1211,250,42,True
17123,1211,1263,250,131,True
17124,1263,1221,250,51,True
17125,1221,1223,250,74,True
17126,1223,1201,250,67,True
17127,1201,1290,250,34,True
17128,1290,1301,250,36,True
17129,1301,1357,250,141,True
17130,1357,1388,250,57,True
17131,1388,1446,250,46,True
17132,1446,1433,250,87,True
17133,1433,1546,250,29,False
17134,1546,1469,250,91,True
17135,1469,1307,250,133,True
17136,1307,1319,250,171,True
17137,1319,1323,250,166,True
17138,1323,1492,250,117,True
17139,1492,1575,250,126,True
17140,1575,1438,250,148,True
17141,1438,1452,250,132,True
17142,1452,1419,250,144,True
17143,1419,1428,250,138,True
17144,1428,1435,250,121,True
17145,1435,1384,250,96,True
17146,1384,1143,250,83,True
17147,1143,1208,250,130,True
17148,1208,1213,250,151,True
17149,1213,1193,250,121,True
17150,1193,1126,250,144,True
17151,1126,1101,250,114,True
17152,1101,1113,250,138,True
17153,1113,940,250,155,True
17154,940,704,250,183,True
17155,704,684,250,177,True
17156,684,692,250,145,True
17157,692,656,250,152,True
17158,656,628,250,135,True
17159,628,637,250,144,True
17160,637,673,250,117,True
17161,673,687,250,164,True
17162,687,636,250,131,True
17163,636,632,250,136,True
17164,632,615,250,100,True
17165,615,575,250,63,True
17166,575,635,249,188,True
17167,635,688,250,153,True
17168,688,705,250,183,True
17169,705,697,250,198,True
17170,697,683,250,62,True
17171,683,671,250,62,True
17172,671,700,250,159,True
17173,700,671,250,89,True
17174,671,664,250,113,True
17175,664,661,228,182,True
17176,661,571,230,103,True
17177,571,534,171,79,True
17178,534,409,163,95,True
17179,409,394,138,75,True
17180,394,382,137,103,True
17181,382,344,131,90,True
17182,344,369,139,89,True
17183,369,337,148,88,True
17184,337,340,172,118,True
17185,340,399,161,105,True
17186,399,617,172,161,True
17187,617,789,250,184,True
17188,789,852,250,188,True
17189,852,883,250,180,True
17190,883,842,250,133,True
17191,842,817,250,165,True
17192,817,829,250,153,True
17193,829,876,250,111,True
17194,876,878,250,64,True
17195,878,1020,250,82,True
17196,1020,759,250,73,True
17197,759,585,238,64,True
17198,585,572,221,60,True
17199,572,539,229,92,True
17200,539,545,185,51,True
17201,545,598,152,84,True
17202,598,648,130,70,True
17203,648,565,132,111,True
17204,565,629,111,69,True
17205,629,666,143,121,True
17206,666,726,209,80,True
17207,726,769,250,213,True
17208,769,836,250,173,True
17209,836,839,250,196,True
17210,839,862,250,187,True
17211,862,1175,250,153,True
17212,1175,1165,250,113,True
17213,1165,1139,250,134,True
17214,1139,1096,250,234,True
17215,1096,1154,250,103,True
17216,1154,1195,250,105,True
17217,1195,1258,250,128,True
17218,1258,1358,250,128,True
17219,1358,921,250,217,True
17220,921,979,250,152,True
17221,979,956,250,134,True
17222,956,873,250,119,True
17223,873,761,250,109,True
17224,761,690,250,168,True
17225,690,626,250,152,True
17226,626,572,250,211,True
17227,572,506,250,147,True
17228,506,451,238,170,True
17229,451,403,231,142,True
17230,403,404,201,192,True
17231,404,424,191,155,True
17232,424,481,210,144,True
17233,481,446,206,123,True
17234,446,497,218,108,True
17235,497,573,223,114,True
17236,573,559,220,193,True
17237,559,569,228,76,True
17238,569,547,250,218,True
17239,547,530,235,125,True
17240,530,494,237,211,True
17241,494,472,229,208,True
17242,472,473,224,154,True
17243,473,463,220,210,True
17244,463,566,215,105,True
17245,566,581,250,98,True
17246,581,592,250,214,True
17247,592,577,250,119,True
17248,577,550,250,79,True
17249,550,518,250,97,True
17250,518,509,250,80,True
17251,509,484,250,64,True
17252,484,625,247,58,True
17253,625,655,250,90,True
17254,655,677,250,86,True
17255,677,687,250,96,True
17256,687,735,250,68,True
17257,735,765,250,55,True
17258,765,825,250,105,True
17259,825,874,250,212,True
17260,874,1098,250,230,True
17261,1098,1089,250,230,True
17262,1089,1119,250,145,True
17263,1119,1125,250,184,True
17264,1125,1118,250,142,True
17265,1118,1076,250,58,True
17266,1076,1094,250,82,True
17267,1094,1156,250,134,True
17268,1156,1157,250,117,True
17269,1157,1263,250,149,True
17270,1263,1298,250,88,True
17271,1298,1447,250,98,True
17272,1447,1553,250,109,True
17273,1553,1587,250,65,True
17274,1587,1586,250,124,True
17275,1586,1609,250,112,True
17276,1609,1622,250,80,True
17277,1622,1670,250,73,True
17278,1670,1649,250,122,True
17279,1649,1526,250,196,True
17280,1526,1501,250,107,True
17281,1501,1439,250,126,True
17282,1439,1342,250,133,True
17283,1342,1227,250,186,True
17284,1227,1170,250,119,True
17285,1170,771,250,229,True
17286,771,725,250,233,True
17287,725,758,250,91,True
17288,758,791,250,63,True
17289,791,829,250,113,True
17290,829,762,250,167,True
17291,762,788,250,189,True
17292,788,737,250,176,True
17293,737,861,250,150,True
17294,861,839,250,108,True
17295,839,807,250,63,True
17296,807,771,250,82,True
17297,771,800,250,84,True
17298,800,805,250,163,True
17299,805,795,250,113,True
17300,795,768,250,139,True
17301,768,709,250,212,True
17302,709,665,250,125,True
17303,665,605,250,107,True
17304,605,618,250,230,True
17305,618,617,250,101,True
17306,617,592,250,106,True
17307,592,589,250,92,True
17308,589,619,250,115,True
17309,619,639,250,122,True
17310,639,685,250,237,True
17311,685,705,250,194,True
17312,705,707,250,185,True
17313,707,721,250,90,True
17314,721,704,250,239,True
17315,704,739,250,145,True
17316,739,784,250,114,True
17317,784,963,250,126,True
17318,963,1012,250,208,True
17319,1012,1041,250,166,True
17320,1041,1047,250,216,True
17321,1047,1098,250,207,True
17322,1098,1120,250,86,True
17323,1120,1169,250,139,True
17324,1169,1106,250,189,True
17325,1106,754,250,166,True
17326,754,766,250,151,True
17327,766,826,250,122,True
17328,826,865,250,143,True
17329,865,913,250,192,True
17330,913,1019,250,188,True
17331,1019,1096,250,215,True
17332,1096,1177,250,225,True
17333,1177,1209,250,169,True
17334,1209,1332,250,194,True
17335,1332,1302,250,136,True
17336,1302,1320,250,141,True
17337,1320,1425,250,126,True
17338,1425,1530,250,124,True
17339,1530,1653,250,123,True
17340,1653,1610,250,112,True
17341,1610,1578,250,114,True
17342,1578,1821,250,88,True
17343,1821,1650,250,84,True
17344,1650,1473,250,102,True
17345,1473,1291,250,75,True
17346,1291,1220,250,124,True
17347,1220,1166,250,150,True
17348,1166,1054,250,180,True
17349,1054,1000,250,124,True
17350,1000,821,250,172,True
17351,821,821,250,123,True
17352,821,772,250,71,True
17353,772,850,250,109,True
17354,850,848,250,144,True
17355,848,859,250,194,True
17356,859,784,250,129,True
17357,784,805,250,148,True
17358,805,610,250,115,True
17359,610,573,250,143,True
17360,573,525,250,129,True
17361,525,540,218,78,True
17362,540,536,226,153,True
17363,536,557,218,77,True
17364,557,492,223,88,True
17365,492,404,199,85,True
17366,404,370,182,134,True
17367,370,363,192,91,True
17368,363,365,174,52,True
17369,365,371,178,109,True
17370,371,381,197,93,True
17371,381,385,213,88,True
17372,385,368,208,107,True
17373,368,402,191,60,True
17374,402,434,221,215,True
17375,434,486,199,91,True
17376,486,563,220,177,True
17377,563,648,250,168,True
17378,648,760,250,164,True
17379,760,837,250,109,True
17380,837,933,250,156,True
17381,933,819,250,191,True
17382,819,769,250,70,True
17383,769,608,250,84,True
17384,608,617,250,60,True
17385,617,674,250,53,True
17386,674,742,250,30,True
17387,742,833,250,49,True
17388,833,728,250,116,True
17389,728,701,250,86,True
17390,701,740,250,65,True
17391,740,1090,250,72,True
17392,1090,1082,250,101,True
17393,1082,958,250,93,True
17394,958,950,250,82,True
17395,950,956,250,45,True
17396,956,987,250,112,True
17397,987,990,250,41,True
17398,990,925,250,50,True
17399,925,952,250,40,True
17400,952,925,250,29,False
17401,925,931,250,50,True
17402,931,866,250,74,True
17403,866,870,250,115,True
17404,870,882,250,164,True
17405,882,869,250,42,True
17406,869,846,250,65,True
17407,846,611,250,49,True
17408,611,588,250,50,True
17409,588,578,250,42,True
17410,578,597,250,60,True
17411,597,602,250,27,False
17412,602,653,250,81,True
17413,653,668,250,142,True
17414,668,644,250,191,True
17415,644,667,250,41,True
17416,667,614,250,58,True
17417,614,630,250,93,True
17418,630,660,250,96,True
17419,660,655,250,135,True
17420,655,596,250,187,True
17421,596,652,250,135,True
17422,652,588,250,184,True
17423,588,640,250,72,True
17424,640,584,250,84,True
17425,584,571,250,47,True
17426,571,701,250,95,True
17427,701,703,250,70,True
17428,703,665,250,35,True
17429,665,629,250,30,True
17430,629,613,250,86,True
17431,613,605,250,61,True
17432,605,711,250,64,True
17433,711,692,250,58,True
17434,692,612,250,83,True
17435,612,618,250,134,True
17436,618,617,250,67,True
17437,617,538,233,68,True
17438,538,519,230,73,True
17439,519,476,211,66,True
17440,476,399,209,71,True
17441,399,407,163,49,True
17442,407,427,165,58,True
17443,427,510,199,83,True
17444,510,591,250,60,True
17445,591,530,236,57,True
17446,530,583,237,109,True
17447,583,578,250,89,True
17448,578,448,247,65,True
17449,448,445,232,80,True
17450,445,421,205,95,True
17451,421,404,188,42,True
17452,404,393,191,83,True
17453,393,374,180,75,True
17454,374,381,162,59,True
17455,381,430,173,38,True
17456,430,410,203,86,True
17457,410,416,224,113,True
17458,416,402,205,51,True
17459,402,485,175,68,True
17460,485,538,178,72,True
17461,538,484,205,67,True
17462,484,527,216,142,True
17463,527,633,213,56,True
17464,633,710,250,54,True
17465,710,628,250,163,True
17466,628,584,250,75,True
17467,584,581,250,190,True
17468,581,628,250,55,True
17469,628,506,250,63,True
17470,506,487,225,52,True
17471,487,542,250,155,True
17472,542,505,237,65,True
17473,505,537,213,34,True
17474,537,489,224,62,True
17475,489,548,213,36,True
17476,548,566,250,99,True
17477,566,593,250,57,True
17478,593,534,250,96,True
17479,534,689,242,63,True
17480,689,639,250,76,True
17481,639,578,197,70,True
17482,578,630,248,114,True
17483,630,570,250,83,True
17484,570,562,250,73,True
17485,562,505,247,121,True
17486,505,488,220,73,True
17487,488,415,205,90,True
17488,415,425,180,65,True
17489,425,459,192,39,True
17490,459,430,213,89,True
17491,430,441,179,62,True
17492,441,458,195,71,True
17493,458,508,218,75,True
17494,508,507,250,56,True
17495,507,492,250,67,True
17496,492,525,250,41,True
17497,525,473,250,79,True
17498,473,503,239,62,True
17499,503,506,246,33,True
17500,506,475,250,65,True
17501,475,514,250,76,True
17502,514,527,239,46,True
17503,527,498,231,98,True
17504,498,465,244,149,True
17505,465,720,241,81,True
17506,720,709,250,77,True
17507,709,713,250,94,True
17508,713,651,250,136,True
17509,651,606,250,122,True
17510,606,630,242,100,True
17511,630,580,250,51,True
17512,580,649,250,77,True
17513,649,633,250,82,True
17514,633,495,243,88,True
17515,495,568,221,60,True
17516,568,572,250,119,True
17517,572,554,250,149,True
17518,554,540,250,92,True
17519,540,538,250,96,True
17520,538,610,250,57,True
17521,610,575,250,71,True
17522,575,519,250,81,True
17523,519,566,250,92,True
17524,566,590,250,73,True
17525,590,562,250,68,True
17526,562,517,250,50,True
17527,517,539,250,50,True
17528,539,489,250,52,True
17529,489,573,234,43,True
17530,573,622,242,64,True
17531,622,663,250,75,True
17532,663,702,250,73,True
17533,702,701,250,46,True
17534,701,757,250,59,True
17535,757,755,250,57,True
17536,755,746,250,73,True
17537,746,759,250,59,True
17538,759,859,250,27,False
17539,859,858,250,113,True
17540,858,867,250,128,True
17541,867,830,250,127,True
17542,830,799,250,59,True
17543,799,802,250,86,True
17544,802,737,250,131,True
17545,737,659,250,86,True
17546,659,732,250,116,True
17547,732,807,250,82,True
17548,807,866,250,84,True
17549,866,772,250,36,True
17550,772,871,250,54,True
17551,871,904,250,116,True
17552,904,829,250,104,True
17553,829,873,250,78,True
17554,873,830,250,109,True
17555,830,839,250,142,True
17556,839,796,250,63,True
17557,796,744,250,100,True
17558,744,710,250,69,True
17559,710,768,250,140,True
17560,768,757,250,93,True
17561,757,709,250,68,True
17562,709,790,250,127,True
17563,790,770,250,69,True
17564,770,751,250,104,True
17565,751,732,250,61,True
17566,732,818,250,75,True
17567,818,897,250,115,True
17568,897,943,250,83,True
17569,943,973,250,95,True
17570,973,964,250,88,True
17571,964,1095,250,51,True
17572,1095,1013,250,88,True
17573,1013,947,250,93,True
17574,947,937,250,132,True
17575,937,940,250,116,True
17576,940,949,250,122,True
17577,949,1124,250,147,True
17578,1124,941,250,86,True
17579,941,1137,250,114,True
17580,1137,1144,250,131,True
17581,1144,1119,250,83,True
17582,1119,1077,250,59,True
17583,1077,1036,250,133,True
17584,1036,1001,250,49,True
17585,1001,1048,250,68,True
17586,1048,1083,250,124,True
17587,1083,925,250,121,True
17588,925,901,250,113,True
17589,901,957,250,55,True
17590,957,981,250,57,True
17591,981,1054,250,54,True
17592,1054,1016,250,67,True
17593,1016,1036,250,103,True
17594,1036,1071,250,59,True
17595,1071,1144,250,57,True
17596,1144,1160,250,40,True
17597,1160,1145,250,30,True
17598,1145,1047,250,37,True
17599,1047,1119,250,36,True
17600,1119,1142,250,47,True
17601,1142,1040,250,30,True
17602,1040,982,250,54,True
17603,982,1033,250,54,True
17604,1033,1021,250,56,True
17605,1021,1081,250,47,True
17606,1081,1062,250,159,True
17607,1062,1082,250,64,True
17608,1082,1107,250,66,True
17609,1107,1192,250,56,True
17610,1192,1197,250,80,True
17611,1197,1179,250,72,True
17612,1179,1168,250,32,True
17613,1168,1150,250,70,True
17614,1150,1176,250,53,True
17615,1176,1176,250,101,True
17616,1176,1195,250,45,True
17617,1195,1231,250,29,False
17618,1231,1211,250,32,True
17619,1211,1188,250,17,False
17620,1188,1215,250,14,False
17621,1215,1226,250,9,False
17622,1226,1241,250,129,True
17623,1241,1258,250,16,False
17624,1258,1219,250,0,False
17625,1219,1209,250,7,False
17626,1209,1218,250,31,True
17627,1218,1256,250,1,False
17628,1256,1195,250,0,False
17629,1195,1175,250,42,True
17630,1175,1212,250,5,False
17631,1212,1235,250,2,False
17632,1235,1220,250,0,False
17633,1220,1213,250,1,False
17634,1213,1212,250,0,False
17635,1212,1194,250,3,False
17636,1194,1202,250,9,False
17637,1202,1200,250,4,False
17638,1200,1164,250,2,False
17639,1164,1190,250,7,False
17640,1190,1140,250,16,False
17641,1140,1198,250,79,True
17642,1198,1193,250,37,True
17643,1193,1151,250,32,True
17644,1151,1136,250,98,True
17645,1136,1087,250,104,True
17646,1087,1107,250,83,True
17647,1107,1075,250,30,True
17648,1075,1024,250,84,True
17649,1024,1038,250,104,True
17650,1038,999,250,91,True
17651,999,1009,250,72,True
17652,1009,918,250,127,True
17653,918,905,250,94,True
17654,905,901,250,104,True
17655,901,869,250,147,True
17656,869,857,250,115,True
17657,857,846,250,126,True
17658,846,819,250,63,True
17659,819,822,250,133,True
17660,822,867,250,126,True
17661,867,706,250,124,True
17662,706,691,250,165,True
17663,691,667,250,142,True
17664,667,682,250,192,True
17665,682,661,250,142,True
17666,661,657,250,145,True
17667,657,626,250,129,True
17668,626,624,250,131,True
17669,624,531,250,165,True
17670,531,542,250,186,True
17671,542,504,250,146,True
17672,504,492,250,154,True
17673,492,466,250,101,True
17674,466,442,250,120,True
17675,442,427,250,201,True
17676,427,452,250,180,True
17677,452,429,250,128,True
17678,429,418,250,158,True
17679,418,428,250,202,True
17680,428,407,243,62,True
17681,407,395,234,100,True
17682,395,437,241,91,True
17683,437,435,250,109,True
17684,435,441,250,174,True
17685,441,402,250,93,True
17686,402,419,240,117,True
17687,419,441,250,100,True
17688,441,431,250,147,True
17689,431,437,250,94,True
17690,437,434,250,198,True
17691,434,437,246,116,True
17692,437,433,213,146,True
17693,433,440,222,87,True
17694,440,464,231,121,True
17695,464,475,226,154,True
17696,475,460,204,172,True
17697,460,434,204,167,True
17698,434,439,215,127,True
17699,439,419,204,95,True
17700,419,438,213,85,True
17701,438,410,199,94,True
17702,410,440,219,49,True
17703,440,457,190,101,True
17704,457,465,245,119,True
17705,465,520,218,85,True
17706,520,500,249,115,True
17707,500,519,250,132,True
17708,519,501,250,164,True
17709,501,521,236,161,True
17710,521,516,250,137,True
17711,516,547,250,148,True
17712,547,525,250,88,True
17713,525,523,250,86,True
17714,523,523,250,70,True
17715,523,508,250,71,True
17716,508,520,250,143,True
17717,520,517,250,81,True
17718,517,562,250,144,True
17719,562,555,250,91,True
17720,555,534,250,125,True
17721,534,542,250,146,True
17722,542,548,250,130,True
17723,548,520,250,149,True
17724,520,520,250,104,True
17725,520,525,250,92,True
17726,525,567,250,105,True
17727,567,622,250,123,True
17728,622,589,250,63,True
17729,589,594,250,138,True
17730,594,602,250,80,True
17731,602,586,250,124,True
17732,586,573,250,62,True
17733,573,604,250,52,True
17734,604,762,250,26,False
17735,762,744,250,32,True
17736,744,752,250,53,True
17737,752,750,250,62,True
17738,750,764,250,8,False
17739,764,741,250,9,False
17740,741,747,250,1,False
17741,747,743,250,28,False
17742,743,798,250,29,False
17743,798,803,250,45,True
17744,803,756,250,81,True
17745,756,764,250,124,True
17746,764,761,250,11,False
