frame,matches,corr_3d2d,inliers,success,pnp_success,pnp_inliers,t_norm,rot_angle,reproj_rmse
1,200,186,173,True,True,173,0.008277451382655551,0.3511180964216542,0.5193501388740841
2,200,186,173,True,True,173,0.0024733700322081614,0.7264069450256296,0.7202313959577297
3,200,192,175,True,True,175,0.007431979844905654,0.717462724845757,0.8152403227764751
4,200,192,184,True,True,184,0.0044870455198027116,0.46271656969607117,0.549579010290702
5,200,191,182,True,True,182,0.003498175336292014,0.19348570590868458,0.49495952822197997
6,200,185,173,True,True,173,0.00550812851299284,0.47509703585318663,0.7656583212196096
7,200,189,171,True,True,171,0.003991797766523333,0.4793815218028203,0.7551975060575613
8,200,189,184,True,True,184,0.005921398541711613,0.24762456030871616,0.506290742829864
9,200,184,174,True,True,174,0.006718579753565158,0.3543605656923225,0.5967287299806218
10,200,186,175,True,True,175,0.0025409182066972627,0.6866953824523031,0.7533009951153546
11,200,190,178,True,True,178,0.00533358504301012,1.0601328745520493,0.7438093587605881
12,200,182,174,True,True,174,0.006992203819007129,0.5257094751416994,0.6944035306584343
13,200,182,156,True,True,156,0.012322895037464861,0.9397366971493026,0.7698691781347082
14,200,192,155,True,True,155,0.008529310028715702,0.6939340409204262,0.7334091925878515
15,200,197,196,True,True,196,0.003742356738464074,0.09530376620523276,0.23235652797697856
16,200,198,198,False,False,198,0.0005976620804868821,0.01357512536757449,
17,200,191,178,True,True,178,0.006475644939714649,0.3956027951298565,0.5791595772927063
18,200,195,189,True,True,189,0.004746619803318219,0.342870427116952,0.6541672336472054
19,200,190,184,True,True,184,0.005443773951338546,0.2573398805499728,0.5668304717694772
20,200,193,186,True,True,186,0.008280254339023962,0.5935431939689115,0.6783015875638598
21,200,194,186,True,True,186,0.003492231571813296,0.41831762666033606,0.5375916635559272
22,200,193,188,True,True,188,0.0062314418559519065,0.4647120450137708,0.5016455152388992
23,200,193,183,True,True,183,0.0028969265564600874,0.4508371294466328,0.6039970226180172
24,200,194,182,True,True,182,0.00440184591994219,0.6405734951280361,0.731523109796495
25,200,197,195,False,False,195,0.00036906875039941937,0.007854805062976969,
26,200,193,191,True,True,191,0.003991860637065465,0.09817034194729918,0.1506293876510268
27,200,191,176,True,True,176,0.0023560253000591124,0.09357995382860661,0.43621373094330074
28,200,191,176,True,True,176,0.007985773565522873,0.5163144663942938,0.6618667276918773
29,200,190,181,True,True,181,0.006685628535649689,0.1644953947114534,0.42708162579585657
30,200,189,180,True,True,180,0.007145612808554628,0.26108406660967526,0.4648332174705762
31,200,194,189,True,True,189,0.00254928836164811,0.20522824693666034,0.290424387858789
32,200,186,181,True,True,181,0.004575577358650786,0.15154627339736798,0.34066812266977914
33,200,178,167,True,True,167,0.0034194355980326258,0.22058891206525075,0.6635446028153701
34,200,190,178,True,True,178,0.0031700713648935308,0.19076676617040686,0.6090213198656994
35,200,191,180,True,True,180,0.0031695674420059916,0.11545255863529606,0.4778529918499599
36,200,186,172,True,True,172,0.005017170002574862,0.3729083575294287,0.6190140564809493
37,200,183,173,True,True,173,0.005161977942234366,0.37467218321966983,0.5473100664837283
38,200,188,174,True,True,174,0.0105048164187774,0.3913133549610049,0.5172448698483408
39,200,192,187,True,True,187,0.009611659795680771,0.270392635668874,0.3896099042003142
40,200,191,173,True,True,173,0.005143124931441191,0.10122098503477346,0.44446870861535975
41,200,181,164,True,True,164,0.002991567140203587,0.5130143670251316,0.7168839443631448
42,200,187,160,True,True,160,0.004482518981077292,1.0739070292913138,0.8342651914991697
43,200,188,163,True,True,163,0.007544460109063692,1.3087211350387573,0.8404242627440117
44,200,185,163,True,True,163,0.0024481147800002163,0.6634621315405778,0.79041542927899
45,200,191,183,True,True,183,0.00322297005187308,0.0755017368062586,0.3432542610162141
46,200,183,173,True,True,173,0.004698793287502448,0.865576867861904,0.6923540891946004
47,200,182,162,True,True,162,0.012335131160256836,1.0077636117511883,0.8437369893682359
48,200,182,165,True,True,165,0.00208539446039916,0.7161265623177558,0.7606576054120271
49,200,189,178,True,True,178,0.007340504902016837,0.2372452073057251,0.4479231586110148
50,200,187,171,True,True,171,0.0023171849846599915,0.5631560770691078,0.7140227289535663
51,200,187,175,True,True,175,0.005061230632889712,0.3148119688823253,0.581187047552533
52,200,193,187,True,True,187,0.0037668137490312554,0.06820935991319717,0.3384244072247907
53,200,187,162,True,True,162,0.013793486934262788,0.560303355101023,0.6810724331168425
54,200,192,175,True,True,175,0.007582109887347642,0.45264619353972996,0.6651497738961004
55,200,189,180,True,True,180,0.0045045656334001,0.17545436811403267,0.43358105912329825
56,200,193,184,True,True,184,0.0012888824480899554,0.08362759110447758,0.2809152093280205
57,200,187,182,True,True,182,0.0066461349393028635,0.17311032571661517,0.5018749871867754
58,200,185,172,True,True,172,0.005307845250772151,0.23404426274386608,0.5572919954873199
59,200,190,178,True,True,178,0.004663129458530113,0.273025799281804,0.5905570959132035
60,200,189,184,True,True,184,0.004006691156459778,0.10231590005238085,0.34616728280757164
61,200,188,170,True,True,170,0.005858771230491694,0.25944148289241703,0.7241437728223598
62,200,197,188,False,False,188,0.0009791329979601184,0.0305622383875343,
63,200,191,179,True,True,179,0.007366877872484572,0.2917088294875889,0.5520453292216968
64,200,185,159,True,True,159,0.0032412198280839847,0.30685709755805785,0.7612640103114882
65,200,187,167,True,True,167,0.006649997190053414,0.34674746154836006,0.6037643010192222
66,200,190,183,True,True,183,0.005884726522249592,0.1597921273358912,0.3713421418136685
67,200,196,188,True,True,188,0.004460594958093748,0.10248372600160924,0.24588601034447674
68,200,186,174,True,True,174,0.007051428025499181,0.2802265080470991,0.5325108377217936
69,200,183,164,True,True,164,0.010274503047335286,0.40755295934256863,0.6772013255807525
70,200,184,171,True,True,171,0.007033587812124856,0.5383161759585932,0.6976148417925385
71,200,182,154,True,True,154,0.004859363611888635,0.46784878148579934,0.6437180891149009
72,200,193,183,True,True,183,0.0024259173868491266,0.1773765861944228,0.38535983816576447
73,200,186,176,True,True,176,0.008169493072940532,0.2530255086257206,0.4644651560147454
74,200,184,163,True,True,163,0.0062949050115321545,0.38953837284440856,0.51395302944384
75,200,185,166,True,True,166,0.004910047473093714,0.4275386566934472,0.738435398614719
76,200,182,157,True,True,157,0.012246474028683627,0.8698980112692981,0.8130308235778574
77,200,187,164,True,True,164,0.006872759775451883,0.8598487992644653,0.7213317855385007
78,200,188,165,True,True,165,0.005580532958006903,0.6271038724151093,0.711436676156167
79,200,194,185,True,True,185,0.006115882386548434,0.16014692014539655,0.2948980571097909
80,200,179,153,True,True,153,0.005265260328779154,0.4432496812388282,0.6453813857868462
81,200,182,167,True,True,167,0.005694634780714816,0.34417826955784225,0.6986755572775093
82,200,190,176,True,True,176,0.005421267551220464,0.26634586440061886,0.530989298084035
83,200,183,157,True,True,157,0.002344636064957237,0.45362230575031387,0.6573005327115473
84,200,177,152,True,True,152,0.010300127085349997,0.7376432939140704,0.6836772096369653
85,200,194,180,True,True,180,0.004950430918763319,0.2320707101534618,0.29902484733010065
86,200,190,181,True,True,181,0.01064498283308593,0.34950885033861645,0.4371991528103446
87,200,180,165,True,True,165,0.005730103442388131,0.4391059720456672,0.7302833684244311
88,200,191,173,True,True,173,0.0063467641544954455,0.9193168617729744,0.7028446208060354
89,200,191,167,True,True,167,0.006846530536646158,0.9922746422914709,0.7503532785469106
90,200,182,161,True,True,161,0.0066711077029660655,0.8332619269601115,0.8249069032019005
91,200,190,166,True,True,166,0.0065746309195466495,0.45770552585036867,0.8037811824516982
92,200,190,163,True,True,163,0.010356507532002712,0.6200423319968377,0.8242814606950426
93,200,187,166,True,True,166,0.012169648169375368,0.7028286270714534,0.8409748564287001
94,200,195,183,True,True,183,0.014103158314297466,0.5573652726480749,0.7941514128283299
95,200,187,153,True,True,153,0.019213637424213875,0.9304992630572068,0.8781868688353248
96,200,187,158,True,True,158,0.018521840988498465,0.8978799858002603,0.8367536448264482
97,200,184,167,True,True,167,0.017697214566562033,0.8067631512609825,0.8197557011031975
98,200,177,144,True,True,144,0.021411961157338982,0.4748187448045926,0.9203521767546431
99,200,184,164,True,True,164,0.020593056835452567,0.6167846890668827,0.7664430492959831
100,200,189,156,True,True,156,0.015167837230750386,0.8739254578280855,0.873607544218009
101,200,187,156,True,True,156,0.02234190780659734,1.1156687288613316,0.9067669460663929
102,200,189,163,True,True,163,0.02491122341392897,0.975690782597487,0.8807160955277071
103,200,185,155,True,True,155,0.023951657334472718,0.6821797031039134,0.7419217531106221
104,200,183,148,True,True,148,0.03593705139271029,0.7701394279677476,0.7654004562644721
105,200,183,150,True,True,150,0.03604233950814454,0.8898501958785113,0.9258413762687021
106,200,183,160,True,True,160,0.028566248211610187,0.6043572425227298,0.7892173842582973
107,200,190,163,True,True,163,0.028584028397834697,0.6726707998770701,0.7664427582485402
108,200,187,175,True,True,175,0.025297247204026974,0.6671557368425048,0.8458084199654395
109,200,189,169,True,True,169,0.02678876111871958,0.744870139541362,0.7572898577470591
110,200,189,167,True,True,167,0.024250828111232043,0.6194212753096883,0.7922918974506366
111,200,189,170,True,True,170,0.023467556089893846,0.7867769009000779,0.7805108145218199
112,200,192,174,True,True,174,0.02306455072321963,1.165971284894822,0.7318236142739506
113,200,192,173,True,True,173,0.020580436956210816,1.0253699094807387,0.8588068071023108
114,200,194,163,True,True,163,0.01765762442201419,1.2003004804770045,0.909156114941782
115,200,194,150,True,True,150,0.028685168813567707,0.9009041006334592,0.837821364610352
116,200,197,166,True,True,166,0.013314296440151857,0.45580202143305143,0.92992725622191
117,200,200,174,True,True,174,0.022222907106084277,0.5546074278176171,0.8162382656027986
118,200,200,174,True,True,174,0.028502489046316574,0.8214292797867624,0.8555624068176817
119,200,200,174,True,True,174,0.028595447820449416,1.0742806447673403,0.8118354391919914
120,200,200,177,True,True,177,0.0263041225924891,1.294678031231476,0.7064057466348764
121,200,200,174,True,True,174,0.02136906398495736,1.274990736658691,0.680078245542674
122,200,200,175,True,True,175,0.012558915704651239,1.2185655346773445,0.8593759008600667
123,200,200,168,True,True,168,0.009972084617405513,0.5268109585841039,0.7559306146741127
124,200,200,177,True,True,177,0.016336691769535047,0.5746389404663403,0.9195471740604237
125,200,200,172,True,True,172,0.022622609540154895,1.6556357339196466,0.8903888706602742
126,200,200,174,True,True,174,0.027290672505410663,2.5403328615694787,0.840536624195834
127,200,199,162,True,True,162,0.041427184389136576,1.874481367417456,0.8745884150842926
128,200,199,176,True,True,176,0.04810159699459068,1.1333975542983976,0.805416324133802
129,200,196,171,True,True,171,0.04508522855450583,0.9773259172019289,0.8195972824762334
130,200,194,170,True,True,170,0.04297186871582508,0.9977646223629798,0.673868874661231
131,200,195,176,True,True,176,0.05223775773234768,0.928353347203064,0.8500534503263893
132,200,189,168,True,True,168,0.05080240585006679,1.4827938498295488,0.8639448694804104
133,200,189,162,True,True,162,0.05918660739657813,2.2806704664892723,0.8985000720004179
134,200,181,156,True,True,156,0.062213721270058656,2.308071330819831,0.9197790661934937
135,200,187,167,True,True,167,0.059525894976291904,2.4708824819673607,0.8928699503648801
136,200,186,152,True,True,152,0.0598927946732656,1.5109665824605347,0.8523291669173719
137,200,183,164,True,True,164,0.053655368453782736,1.1478506754035123,0.763176547703239
138,200,189,171,True,True,171,0.0538275024922871,0.9333055869806531,0.8826095895941577
139,200,189,154,True,True,154,0.047340650538140516,1.28156439132138,0.8332753499211899
140,200,193,179,True,True,179,0.05517726303406789,1.6221083321907244,0.7979170423600512
141,200,187,159,True,True,159,0.05298374998017714,2.121249720778878,0.8192204933760859
142,200,185,167,True,True,167,0.056186881282011214,1.8982676198222639,0.7425271036845597
143,200,182,154,True,True,154,0.05862143327343896,1.884569599150293,0.8650062057394229
144,200,185,155,True,True,155,0.05315993364425151,2.1400347051498594,0.8060629329265149
145,200,182,158,True,True,158,0.05877905048040765,1.7022156527363217,0.8187181875391265
146,200,183,167,True,True,167,0.061291775000509245,1.7197988747627608,0.6974276331636922
147,200,176,143,True,True,143,0.05154775909473782,2.142644938779454,0.8231857392374968
148,200,183,162,True,True,162,0.06026440836007628,2.0007569982715836,0.8287068543240057
149,200,174,152,True,True,152,0.04602063075418207,1.4971848160081787,0.8779011357731201
150,200,172,147,True,True,147,0.04972316481773954,1.1769727326291881,0.7400290307015093
151,200,142,135,True,True,135,0.039087575981004624,0.4799875040875894,0.8034212299618154
152,200,146,126,True,True,126,0.0408213749177829,0.5766617843228224,0.7951035600552554
153,200,166,151,True,True,151,0.03809265214986996,0.9527343663466428,0.8428698198702362
154,200,160,148,True,True,148,0.039923562986182895,1.151882576686507,0.8173339316371658
155,200,147,141,True,True,141,0.039443448961198536,1.1426811008142728,0.7502548259977854
156,200,124,108,True,True,108,0.04067312375972628,1.0987993459058418,0.8162789490195794
157,200,106,100,True,True,100,0.04582317835502278,0.7364127229074916,0.7617108148683014
158,200,113,107,True,True,107,0.040421792120237963,0.6881159338063239,0.6953736938185583
159,200,134,128,True,True,128,0.04105001693511565,0.638160599558938,0.8045474726646655
160,200,102,91,True,True,91,0.053669558777483056,0.7671359909473268,0.772676307038425
161,200,138,127,True,True,127,0.03878391644731748,1.344149339248521,0.8870634919862821
162,200,144,125,True,True,125,0.04783812421255217,1.5239119374241437,0.7501188028073573
163,200,147,138,True,True,138,0.05052917698479388,1.937064435930243,0.7412741710324157
164,200,136,129,True,True,129,0.0509505545003992,1.7937185407124816,0.6910566001122223
165,200,140,129,True,True,129,0.044156113917745377,1.9096022618633193,0.7867122502898479
166,200,144,136,True,True,136,0.036190376893284845,1.8398005370681871,0.8079800617344749
167,200,145,135,True,True,135,0.029636751460916978,1.7378813266508888,0.7114204445326291
168,200,155,149,True,True,149,0.026360171081571415,1.0331615947038928,0.6403397105998012
169,200,147,121,True,True,121,0.022101353888579756,0.38362780146442094,0.7879046723630455
170,200,133,118,True,True,118,0.03159063936375577,1.461695653529993,0.7358031139836524
171,200,155,145,True,True,145,0.039949849442602305,2.4090890208121705,0.7780509019324019
172,200,153,135,True,True,135,0.04147854485021523,3.0565160673664327,0.8672007433752053
173,200,150,133,True,True,133,0.04584368646992663,3.273995649894174,0.7898813515915931
174,200,139,126,True,True,126,0.05001670929876322,2.4260378220671286,0.8406800099105454
175,200,138,125,True,True,125,0.05047126502055429,1.629042432950455,0.7787166923986392
176,200,143,131,True,True,131,0.050214702094742415,1.2826298623789538,0.7252578408010552
177,200,152,142,True,True,142,0.04969599258125816,1.3770202484874101,0.7990295384648866
178,200,154,121,True,True,121,0.042166112874219126,1.5212139144288153,0.7497434246279961
179,200,161,147,True,True,147,0.04789525550326539,1.039770576305993,0.7622601982777445
180,200,172,157,True,True,157,0.04207951373733519,1.26420115947145,0.7706625914901893
181,200,161,138,True,True,138,0.05410954713768103,2.5033317217985283,0.8516415434318755
182,200,167,152,True,True,152,0.06815176483236832,3.3459496192440517,0.8630152916734996
183,200,169,156,True,True,156,0.061528343860777275,3.5640928092937405,0.9269758797513629
184,200,179,162,True,True,162,0.06696424855232629,3.145496961589978,0.9109216961442276
185,200,180,163,True,True,163,0.05436774856658179,2.542388868171078,0.859986990177491
186,200,187,163,True,True,163,0.05855628177163964,1.8411135453438976,0.8209891563850716
187,200,180,156,True,True,156,0.050285926603374755,1.6236717604726625,0.9283735650134498
188,200,196,176,True,True,176,0.04873322182729551,1.7092145653469648,0.8695019253146797
189,200,197,170,True,True,170,0.05503074553342319,2.0920097185080895,0.9432986711598724
190,200,197,161,True,True,161,0.07472312038480546,2.370760614124712,0.8963153626097985
191,200,198,171,True,True,171,0.0481672090588828,3.063655610055783,0.9263706853665178
192,200,195,140,True,True,140,0.05398052268200953,3.129826916957061,1.0000992011423955
193,200,197,152,True,True,152,0.051203620816087786,3.5062294312266875,0.9438240839982186
194,200,195,163,True,True,163,0.06016080929787036,3.461475152421045,0.9655396372266544
195,200,195,153,True,True,153,0.07270219890733669,2.539351855569521,0.9183340229230874
196,200,199,166,True,True,166,0.063092302443706,2.7725173938951704,0.9648426100069329
197,200,191,166,True,True,166,0.06884827828255957,2.949859908970222,0.9161938834056144
198,200,195,175,True,True,175,0.06434844694954392,3.165296513796944,0.887205968766611
199,200,200,180,True,True,180,0.06321982205607231,2.3952671388189035,0.9060132246437032
200,200,200,184,True,True,184,0.06253209229012677,1.0848330655424325,0.7934449958470428
201,200,200,163,True,True,163,0.06035883182231391,0.8497936930075561,0.9247839248867492
202,200,200,175,True,True,175,0.04657351578189199,0.5672371345782836,0.7350259744571873
203,200,200,182,True,True,182,0.04635515499304734,0.6900670849066182,0.6559301415171718
204,200,200,173,True,True,173,0.04485061381035202,1.372546107946831,0.9617020245238515
205,200,200,163,True,True,163,0.051547030272742746,1.5109239687115696,0.8633813644934402
206,200,196,170,True,True,170,0.048609710342090044,2.626390700208902,0.8771425324341304
207,200,199,161,True,True,161,0.03391948449010592,2.653864793669636,0.8726221150144469
208,200,199,179,True,True,179,0.035613953482789694,2.0796192861041334,0.8812582473706967
209,200,200,166,True,True,166,0.03767652830565731,1.6837534736791535,0.9080813211499608
210,200,199,184,True,True,184,0.03702548650540871,2.0060182933259787,0.8805490854087997
211,200,191,158,True,True,158,0.029881397387614955,2.609708285321161,0.8973169164137171
212,200,195,166,True,True,166,0.04486644953928905,2.139275041105704,0.9398257280260905
213,200,200,177,True,True,177,0.04134969816078524,1.837501726658539,0.9181440034254443
214,200,199,161,True,True,161,0.04024428917810532,1.713763999550845,0.9123345812127428
215,200,200,162,True,True,162,0.06140635840435098,1.8751669817574816,0.8847074606647426
216,200,200,162,True,True,162,0.06567107655345152,1.6245286857875614,0.8970813158342128
217,200,200,173,True,True,173,0.04183026250899076,2.136983457435127,0.8772078013276152
218,200,200,154,True,True,154,0.035232708143055326,1.9782818536720732,0.8729602536683492
219,200,198,164,True,True,164,0.036704213152184896,1.4152134259924047,0.8655343571965898
220,200,199,165,True,True,165,0.04461043611431533,0.6947286006165423,0.8664547499109104
221,200,197,165,True,True,165,0.03903588426354397,0.6043154730001613,0.9225584598495931
222,200,198,169,True,True,169,0.03160724329550046,0.6881721850576953,0.8640085054383826
223,200,199,176,True,True,176,0.039097936512470156,1.2332932444209115,0.8753748248766379
224,200,198,172,True,True,172,0.043904984609284,1.9111936439499688,0.7990510082188146
225,200,200,175,True,True,175,0.052463856484068865,3.171640996146481,0.8766559894782854
226,200,199,179,True,True,179,0.06106477834120318,3.694527519012433,0.773647784933493
227,200,198,161,True,True,161,0.06072028426096799,3.9447473657364087,0.871733322757151
228,200,193,170,True,True,170,0.06275635987841462,3.726675071817857,0.8661762077232257
229,200,195,162,True,True,162,0.061763616431213295,3.299154292894253,0.8225781675035413
230,200,197,178,True,True,178,0.0562736805929925,2.956686260302565,0.8729034576950953
231,200,197,163,True,True,163,0.04951510529889557,2.7081047892406915,0.8528369326992868
232,200,198,170,True,True,170,0.04099456308792026,1.2388925756598836,0.8249656000557253
233,200,200,175,True,True,175,0.04188793518225572,0.9312739259984429,0.8961017404663694
234,200,195,158,True,True,158,0.040454222986356654,0.9563689298298284,0.8437817399717323
235,200,199,164,True,True,164,0.040358801520040316,1.271385996013889,0.761213944704562
236,200,195,168,True,True,168,0.04677885455285162,2.0188274684229275,0.838468321716533
237,200,190,168,True,True,168,0.053313951011918014,2.406672474887392,0.7773819241574998
238,200,189,169,True,True,169,0.057027639327305514,2.7347350701484925,0.8735651621603744
239,200,195,161,True,True,161,0.057789023665001236,2.97749610209035,0.8221418986111212
240,200,200,169,True,True,169,0.05615945292538944,3.01106120686819,0.8027091488576532
241,200,200,166,True,True,166,0.05783503079777412,3.0103681180023933,0.841776344458445
242,200,200,165,True,True,165,0.05524117597703494,2.858908567482311,0.8045137871071373
243,200,197,167,True,True,167,0.054754564662218036,2.4308724569155546,0.9006042519085972
244,200,184,163,True,True,163,0.052549439232677346,1.8318106854719245,0.815392098224221
245,200,175,160,True,True,160,0.04535669860680924,1.3200943642071026,0.7795229479378509
246,200,176,157,True,True,157,0.04530466644498945,0.9578665407892918,0.6988702446259695
247,200,183,167,True,True,167,0.03177783628520953,0.9075543113066875,0.7537119546144956
248,200,185,149,True,True,149,0.03613985985251371,1.183616970806891,0.7730273419460219
249,200,190,158,True,True,158,0.031777382863800094,1.9382265954305427,0.8287449238075675
250,200,194,178,True,True,178,0.046245768680551955,2.062682135789198,0.7513040682314568
251,200,196,164,True,True,164,0.04941008398945692,1.916324982639303,0.7874006219082873
252,200,198,169,True,True,169,0.05344347624025459,2.4182165048809368,0.7862061849548134
253,200,197,171,True,True,171,0.05464575868275825,2.7567537421370067,0.8223759774405581
254,200,190,168,True,True,168,0.053933718404803,2.2769970626004437,0.7992060289699102
255,200,191,179,True,True,179,0.04872654761809818,1.4512837880899552,0.6691741551396918
256,200,190,170,True,True,170,0.04750020776483295,1.676928733239902,0.7712387480689183
257,200,182,156,True,True,156,0.04636897909028591,1.7644434394899398,0.625196479303023
258,200,178,167,True,True,167,0.04439886679309792,1.7194278781260945,0.6965327893426875
259,200,180,167,True,True,167,0.04770343347563632,1.5023202225375718,0.647914774320279
260,200,178,156,True,True,156,0.04477675450467986,1.503432467799462,0.7882170938494656
261,200,174,152,True,True,152,0.05242026947123782,2.1643099681708056,0.7490506711307189
262,200,182,165,True,True,165,0.04741703461383448,3.301690002968568,0.7444478323707109
263,200,180,151,True,True,151,0.053832482761126045,4.151140478028104,0.7172651518361602
264,200,173,168,True,True,168,0.0522033177444205,5.08643018790277,0.7821994043093691
265,200,174,158,True,True,158,0.053628281931642825,6.208243530536882,0.9154206560698074
266,200,160,138,True,True,138,0.050129075581215224,6.9156673083711135,0.8858298670003719
267,200,149,140,True,True,140,0.04237642987966075,7.408479320298655,0.7916202994036264
268,200,168,148,True,True,148,0.039956985408631567,7.125495624569315,0.8093122117013375
269,200,174,159,True,True,159,0.038491614961814004,6.183175280362257,0.7475462056270846
270,200,184,154,True,True,154,0.023608974469208902,5.713241831290953,0.672812628618061
271,200,193,165,True,True,165,0.028466435475340907,5.614639450993085,0.8067547313346929
272,200,196,165,True,True,165,0.02605459475590392,5.170181158412501,0.8002491365593228
273,200,198,164,True,True,164,0.030329566578759196,4.860326732459496,0.9158861357794131
274,200,199,161,True,True,161,0.026980853499422773,4.252922318599183,0.8703621643287046
275,200,197,173,True,True,173,0.02265997865113688,3.883408062136588,0.8408799199495451
276,200,195,173,True,True,173,0.032045154534002356,4.190633487769747,0.8280589937127523
277,200,194,153,True,True,153,0.03240470790186364,4.658095607914072,0.9462367720713879
278,200,195,152,True,True,152,0.033907904004871675,5.928882224364217,0.9714223912412817
279,200,197,144,True,True,144,0.032046430643243216,6.450776968159747,0.8630925645348808
280,200,198,176,True,True,176,0.04029007966827217,6.187488763695135,0.9018326397669987
281,200,200,172,True,True,172,0.03333117601768195,5.853853248411886,0.8601225001218938
282,200,184,156,True,True,156,0.01859692038716935,5.745767007888834,0.8523368235813296
283,200,181,164,True,True,164,0.03487653369575009,5.699244616064952,0.8117120582550206
284,200,184,161,True,True,161,0.022709867975785874,5.474225153366446,0.7502920458828775
285,200,160,137,True,True,137,0.023786731038766554,5.345549600566539,0.8855145571549544
286,200,156,135,True,True,135,0.02832578570294328,5.506998393018826,0.8720052590684686
287,200,156,138,True,True,138,0.03108119074124378,5.729278354832114,0.8892377237108129
288,200,159,137,True,True,137,0.015500920479651823,5.684707460261516,0.845925109957805
289,200,163,146,True,True,146,0.010652250178925588,5.785608979227427,0.8732254604983964
290,200,172,144,True,True,144,0.02219217961604664,6.376591881880353,0.843560321280047
291,200,196,156,True,True,156,0.020958604948033033,6.585634146988517,0.8926208309373366
292,200,196,166,True,True,166,0.021191598045716787,7.142131761257449,0.9181418927802634
293,200,197,167,True,True,167,0.017819779486763627,7.656705545725505,0.9451518747914257
294,200,198,163,True,True,163,0.021690734545597935,7.729286732489908,0.9533420311878082
295,200,199,169,True,True,169,0.01983135416475275,7.591627584801925,0.8620109557007872
296,200,194,162,True,True,162,0.017891419043967523,6.965422888284996,0.9294600766928708
297,200,184,162,True,True,162,0.011954816934966311,6.884655435134624,0.8252173761200191
298,200,162,133,True,True,133,0.01797223645568961,6.962422023177349,0.8070152761133432
299,200,150,119,True,True,119,0.0160899423055537,7.10461033171384,0.8466094317818609
300,200,151,141,True,True,141,0.010785265166589899,6.916260581300925,0.817331939814934
301,200,169,144,True,True,144,0.016455493466530663,7.2021135377506225,0.8272311066178493
302,200,179,163,True,True,163,0.01122014760655583,6.9351279429604595,0.8254083582028334
303,200,164,144,True,True,144,0.014763400153558592,6.104815463825954,0.8512001954552665
304,200,175,160,True,True,160,0.011799673231061878,6.180192625036498,0.7651458818324471
305,200,169,152,True,True,152,0.015180762191916405,5.765665455038462,0.7710508154138942
306,200,168,152,True,True,152,0.01982297797170991,5.56888245644775,0.8251763124549242
307,200,152,136,True,True,136,0.02904562622514495,5.427726769267632,0.8882602956084518
308,200,166,136,True,True,136,0.037687326694241526,5.111018250809965,0.9233908523925425
309,200,175,135,True,True,135,0.05506598795834129,5.606883263827747,0.906091641570375
310,200,197,147,True,True,147,0.043760472101795386,6.358104366930256,0.8471818907997993
311,200,200,143,True,True,143,0.04430002623893442,6.507889087549192,0.9290837528417223
312,200,200,158,True,True,158,0.05701291488479211,6.630180775378576,0.8222698373245421
313,200,198,158,True,True,158,0.05899959421589811,6.9761165341887725,0.9429846103426351
314,200,197,154,True,True,154,0.07101937859597554,7.058547883042959,0.9743385321126833
315,200,200,167,True,True,167,0.06509603890885268,7.256255735313807,0.9913193936586316
316,200,200,169,True,True,169,0.06174584783539973,7.896374384982515,0.9103738243885277
317,200,200,168,True,True,168,0.046031221048060296,7.520239784673941,0.9246576417607308
318,200,200,161,True,True,161,0.05825914571725798,7.0560318344845205,0.939786359515942
319,200,200,168,True,True,168,0.06028903883204888,6.643380145009899,0.9209733172300243
320,200,200,178,True,True,178,0.04992837485013882,6.096710613942481,0.8094691271300933
321,200,200,192,True,True,192,0.04106061602845953,6.718714140746148,0.8162099068622017
322,200,200,172,True,True,172,0.05105841814014133,7.418469881046935,0.8717567811003673
323,200,195,156,True,True,156,0.048825528417221424,7.740997222021804,0.8650332722457433
324,200,199,172,True,True,172,0.026854769528756595,7.720259774449862,0.8910024396541483
325,200,189,153,True,True,153,0.021202973557083175,8.01458901630304,0.9668267835125387
326,200,182,154,True,True,154,0.026650677034985026,8.205323407563109,0.8193388528120013
327,200,197,152,True,True,152,0.01337512885936939,8.50889852315387,0.792971165788262
328,200,199,166,True,True,166,0.029536165486723522,8.43278324572373,0.8587065028372034
329,200,198,173,True,True,173,0.02372436027317334,8.467986624767647,0.8542554703365962
330,200,195,150,True,True,150,0.02020380659249817,7.966511919155401,0.8401018721640047
331,200,190,159,True,True,159,0.029802136434794096,7.261401172811336,0.8542497503178663
332,200,145,128,True,True,128,0.029428832835771343,7.147218523132107,0.857388019983182
333,200,149,132,True,True,132,0.040712043545139895,7.767032657918714,0.8564990031404984
334,200,147,122,True,True,122,0.03223041595095808,8.04891362750703,0.894001766922708
335,200,146,117,True,True,117,0.03516870309800122,8.145018312445906,0.9435078350211755
336,200,138,114,True,True,114,0.03153092224014041,7.004106981099406,0.8813876764626477
337,200,124,101,True,True,101,0.032602024975767134,5.73943158799085,0.8560180957772376
338,200,142,120,True,True,120,0.024607741006288358,5.365642672038067,0.7769492724754948
339,200,134,105,True,True,105,0.018827177464178276,5.42656123657288,0.8270499471270464
340,200,138,112,True,True,112,0.019415994948658432,5.242683903742947,0.8351392954181425
341,200,142,118,True,True,118,0.023837768298095995,5.511294359190535,0.876976826562136
342,200,119,111,True,True,111,0.032266341131497026,5.4134723381939365,0.8181349102862665
343,200,109,96,True,True,96,0.034718977825202196,5.154755500872901,0.882169514118682
344,200,114,101,True,True,101,0.03657655357953897,5.387789264799446,0.8942929215716666
345,200,114,92,True,True,92,0.0369725638238707,5.358415312848846,0.8288810272930196
346,200,128,97,True,True,97,0.0422529383209016,5.628592048988417,0.790822117299513
347,200,144,117,True,True,117,0.04344710195207428,5.701679391330392,0.7952449271574247
348,200,159,117,True,True,117,0.05495146836138208,5.708626826346228,0.9672142258249871
349,200,171,142,True,True,142,0.05419135137009618,6.159791859142896,0.8369213172532342
350,200,192,162,True,True,162,0.05194492770190914,6.493166554302469,0.9346231457589705
351,200,197,164,True,True,164,0.05209803132980274,6.780288626747489,0.8831206381524636
352,200,196,151,True,True,151,0.06970053963674812,7.011828847024196,0.9327321651822887
353,200,200,165,True,True,165,0.055088678755407745,6.6763167540810455,0.9683153372463617
354,200,200,172,True,True,172,0.061881367511452005,6.546531049354675,0.9896918779217095
355,200,200,163,True,True,163,0.03866694939966376,6.320137479585405,0.9792463383939102
356,200,196,149,True,True,149,0.030624689946894705,6.076870295343982,0.9383482698349803
357,200,199,157,True,True,157,0.034934108160130206,6.253148319053174,0.9158884598510835
358,200,194,158,True,True,158,0.032652505070488926,6.801713300356869,0.8768989886065005
359,200,181,163,True,True,163,0.03045597344221647,7.156604438069322,0.8925957031253744
360,200,184,168,True,True,168,0.022822166551018548,7.170101170454058,0.8795010201653692
361,200,194,160,True,True,160,0.05091536800432652,6.575223916597694,0.9275988257524661
362,200,198,161,True,True,161,0.03734236754832823,7.8542386793166585,0.8972692971715209
363,200,200,163,True,True,163,0.050380082331082814,9.230255220329672,0.9335824192477125
364,200,196,168,True,True,168,0.05348099456557251,9.731671153672181,0.9055161035852788
365,200,182,141,True,True,141,0.05291228853134358,10.026787518570673,0.8995154606823593
366,200,129,104,True,True,104,0.05430044768191424,8.517030985231335,0.7417941673250715
367,200,113,98,True,True,98,0.050718914358913264,7.425678858360315,0.8521191661051213
368,200,111,105,True,True,105,0.04579019915510411,6.184744831495745,0.8910866293752295
369,200,105,92,True,True,92,0.04695222957590845,5.493071820199496,0.7997332293181884
370,200,119,108,True,True,108,0.04763204297410669,6.282499830888743,0.8154497149342339
371,200,121,111,True,True,111,0.04700203901139257,6.337733925502733,0.8716691713587218
372,200,129,115,True,True,115,0.04816216687875185,6.750234863083178,0.8906230628269614
373,200,146,125,True,True,125,0.039866263911517826,6.320103168467932,0.8255565194032132
374,200,128,106,True,True,106,0.03750803416807749,6.144077327705586,0.8136747680090136
375,200,99,88,True,True,88,0.03619968501279963,5.713575054386581,0.8250300255540841
376,200,115,94,True,True,94,0.022027339504661257,5.8221765700250225,0.8505880447175597
377,200,147,118,True,True,118,0.022697839493781086,6.248728337355088,0.839516145946565
378,200,178,139,True,True,139,0.01573574638912856,6.455492064386033,0.9409940497078498
379,200,192,162,True,True,162,0.010015354447781847,6.434975343683329,0.9284427329044692
380,200,199,147,True,True,147,0.006863907769737405,6.251195069763794,0.9055783483730161
381,200,197,154,True,True,154,0.013130780726076173,6.197164972753212,1.017679867477354
382,200,199,153,True,True,153,0.014446719914781128,6.473970479278182,0.9174217413091087
383,200,195,151,True,True,151,0.020778403407447948,6.734870546542258,0.9865031987328704
384,200,191,150,True,True,150,0.015358088852609003,6.8778055159497065,0.9065656930819112
385,200,182,166,True,True,166,0.018650146793660245,7.086940135793606,0.8884844452275406
386,200,191,176,True,True,176,0.01661532030083322,6.8611974155957505,0.8738386063873951
387,200,179,163,True,True,163,0.02723745031080054,6.423795528409971,0.8227434811770816
388,200,182,163,True,True,163,0.03369243130855661,5.871543968804075,0.843177820840777
389,200,172,158,True,True,158,0.033459459338257905,5.940940021768867,0.8758305019392384
390,200,195,164,True,True,164,0.0455075842952276,6.134378787858445,0.9154712619585024
391,200,199,160,True,True,160,0.057309655534083466,6.123406194978321,0.8517528942355606
392,200,196,175,True,True,175,0.055834910881777035,6.960497639844772,0.947006682961551
393,200,192,157,True,True,157,0.057810008506610625,7.2302268001987295,0.9798929823532019
394,200,188,159,True,True,159,0.05954203425120517,7.522559720202082,0.9453255029358396
395,200,181,146,True,True,146,0.06150973708782197,7.747374267567349,0.884179826230096
396,200,195,173,True,True,173,0.06507303564302909,8.439670643244114,0.9326182654902335
397,200,190,165,True,True,165,0.06840740908656873,8.51232919957429,0.8543683097952594
398,200,187,155,True,True,155,0.06079884371427246,8.775111388155052,0.9238902056119789
399,200,191,164,True,True,164,0.06197359598582334,8.693367567914015,0.9538934922074184
400,200,171,154,True,True,154,0.05738478185059782,8.015944728446103,0.8981917043107016
401,200,174,144,True,True,144,0.050219226729799164,6.832340133842862,0.797164004387057
402,200,166,150,True,True,150,0.04363977021902513,5.928207590841442,0.7970847305053498
403,200,169,139,True,True,139,0.040810586612065054,5.283847823187194,0.9024968251800747
404,200,156,120,True,True,120,0.039003799947564075,5.313674765124442,0.8952986550668395
405,200,153,137,True,True,137,0.038447435965270386,4.993187772834378,0.8880545165698346
406,200,164,149,True,True,149,0.03094421708338477,4.673484265986182,0.9209156459953848
407,200,148,130,True,True,130,0.025123818357683944,5.166936267443127,0.822157442341961
408,200,169,138,True,True,138,0.01945988864120453,6.062214281381019,0.8058992439857117
409,200,159,136,True,True,136,0.014007268749177256,6.372244069800835,0.7862787277188408
410,200,176,157,True,True,157,0.014813069225436728,6.591902837987769,0.8211198497770995
411,200,186,165,True,True,165,0.011376130920781252,6.849596665895226,0.8663973023635494
412,200,189,166,True,True,166,0.008957981167333038,7.376946569025373,0.913209005744621
413,200,168,142,True,True,142,0.007551566321567734,6.78583009809732,0.8537573364032273
414,200,151,135,True,True,135,0.00882668747328865,6.5538130736471345,0.8717943956500407
415,200,149,129,True,True,129,0.014310142815515896,6.379346649067057,0.8655290217703631
416,200,177,151,True,True,151,0.01829683391746146,5.981436925913583,0.8365136211757791
417,200,163,149,True,True,149,0.020560956455072624,5.708042826430312,0.8449262214764169
418,200,175,157,True,True,157,0.029747026610494654,5.356049450639021,0.78977559799216
419,200,168,147,True,True,147,0.030935303716854136,5.345524328044889,0.7947982280573129
420,200,170,157,True,True,157,0.038298185361827684,5.530895993941894,0.7635813061559109
421,200,174,153,True,True,153,0.042443989344577604,5.810735861707294,0.8682415375954774
422,200,179,159,True,True,159,0.04080925601904836,5.851651992494585,0.8868145577169105
423,200,191,156,True,True,156,0.04955390274880571,5.394342417124358,0.8341165425779662
424,200,196,169,True,True,169,0.054495691537114865,5.929771681730985,0.8830540855871877
425,200,194,165,True,True,165,0.05991132016755807,6.189654522758602,0.9282856683205741
426,200,184,162,True,True,162,0.05127079785804888,6.771834134528136,0.9228807685414945
427,200,181,145,True,True,145,0.05376460442227009,6.950161317260142,0.9178844606939826
428,200,185,157,True,True,157,0.050890238453157925,7.1714992397842,0.8915739434388923
429,200,186,157,True,True,157,0.05216296504867667,6.277074229938481,0.8578207200805554
430,200,184,162,True,True,162,0.047702205847599884,5.559925291229076,0.7960135843291118
431,200,176,158,True,True,158,0.03775835889639754,5.408629016309661,0.7652179052937416
432,200,172,146,True,True,146,0.036037346750366184,5.414745545351631,0.7184492618999984
433,200,157,135,True,True,135,0.0332539392199364,6.0044652442042254,0.8132477463569048
434,200,168,146,True,True,146,0.0229975967321318,6.62108012225439,0.7742486325186696
435,200,152,133,True,True,133,0.023719369429627865,6.75307331683757,0.8237140200730992
436,200,180,154,True,True,154,0.01831293181713333,6.683173857238079,0.9129420361188498
437,200,162,137,True,True,137,0.014165601938652383,6.734435579530965,0.9078483440600609
438,200,174,149,True,True,149,0.02175419929397431,7.205716604331361,0.9214732693618833
439,200,158,127,True,True,127,0.03129610082783053,7.684211912058605,0.9799419976211978
440,200,164,135,True,True,135,0.034370069133627015,7.850138359484375,0.9545801915168773
441,200,177,146,True,True,146,0.040943600724632524,8.056860752431653,0.9120940022541745
442,200,184,145,True,True,145,0.03798921000895006,8.31258633209635,0.853813801897205
443,200,188,152,True,True,152,0.040633575828381965,7.874641482279924,0.8998675300242615
444,200,176,157,True,True,157,0.042301032573591,6.892222674030536,0.8944240683449135
445,200,181,161,True,True,161,0.037584614652920414,5.595187837784252,0.9231020594082044
446,200,178,157,True,True,157,0.029956791782171432,3.5777278641890455,0.8701438110013634
447,200,174,157,True,True,157,0.03098618771384056,2.1061440843579695,0.8020470029331325
448,200,166,146,True,True,146,0.03217706393633264,1.2632158506100315,0.7510442581689406
449,200,167,150,True,True,150,0.030042522888271805,0.9149732973097472,0.7690282333532434
450,200,166,159,True,True,159,0.024613675731131567,1.0626068382375649,0.7375889978821365
451,200,169,149,True,True,149,0.026237278824086753,0.9698255033457458,0.6895288749300522
452,200,168,156,True,True,156,0.01611007644074025,1.276916743550923,0.6983288902490364
453,200,168,153,True,True,153,0.018773865953185236,0.6772138729470197,0.7063540424034779
454,200,148,147,True,True,147,0.020619029689869627,0.5294138570599145,0.5946402835684491
455,200,168,162,True,True,162,0.013973084989269295,0.2664050420684587,0.6826811202461927
456,200,184,178,True,True,178,0.00468989438582264,0.08289190902785228,0.3465628677131926
457,200,185,178,True,True,178,0.017381560365771393,0.5138188153041883,0.41684628239286525
458,200,170,164,True,True,164,0.015885339308402732,0.453707597711129,0.5134650034290225
459,200,175,171,True,True,171,0.01644982559971213,0.4693693667957419,0.4079217009316783
460,200,196,190,True,True,190,0.006845759197835442,0.20434827847830603,0.15221584282894976
461,200,196,192,True,True,192,0.01079685747052849,0.35665244673281055,0.38366116977345216
462,200,165,149,True,True,149,0.007573520694373461,0.3946753073415067,0.5964529552696197
463,200,168,157,True,True,157,0.012767074871110314,0.8275278615212251,0.6558735257584118
464,200,174,170,True,True,170,0.01203419202324658,1.0905063495996776,0.7255867761808107
465,200,149,141,True,True,141,0.021016792791930496,1.0592592939496883,0.6838601542462465
466,200,159,149,True,True,149,0.021186107500216194,0.8743256042935057,0.6513199182010561
467,200,175,168,True,True,168,0.026673941955596372,1.2301402733550513,0.7767573315127122
468,200,166,147,True,True,147,0.027895621839529646,1.3830835241492838,0.7936712063167016
469,200,154,143,True,True,143,0.028643630231926478,1.3893938349592148,0.7703851415777756
470,200,181,165,True,True,165,0.03599174626771828,1.406936990352717,0.744793225677991
471,200,185,173,True,True,173,0.03386010287414262,1.8656883092184626,0.8000022584936347
472,200,184,166,True,True,166,0.03501037933799995,2.2754347785084876,0.7528093197398795
473,200,192,167,True,True,167,0.04831704591962224,2.4935244249288067,0.8074291844631286
474,200,200,165,True,True,165,0.05183274388724669,3.2584351435085113,0.8407209507087006
475,200,187,157,True,True,157,0.04954538583060399,3.4316324269800553,0.9942429990091413
476,200,184,152,True,True,152,0.049846191132656946,3.9899792317116036,0.8371479674834764
477,200,174,152,True,True,152,0.05381697825279429,4.0783016415982996,0.9173071330618056
478,200,182,163,True,True,163,0.04750275608204793,4.13878904718287,0.7931995272181211
479,200,187,163,True,True,163,0.04908364037832595,4.1368002039943255,0.9156371423007579
480,200,197,171,True,True,171,0.04866511255625281,4.183098546642942,0.8031082730591715
481,200,189,160,True,True,160,0.0511599763162304,4.355056177460674,0.9349019635254345
482,200,190,156,True,True,156,0.052338443001515404,4.154129301206961,0.8979541678509905
483,200,193,158,True,True,158,0.053015796038571254,4.09192581113977,0.9744161737657406
484,200,188,145,True,True,145,0.05241603756023696,4.321384238135383,0.8778186264889302
485,200,186,157,True,True,157,0.05640120716343694,3.6931568229596743,0.9875412055958408
486,200,172,137,True,True,137,0.05114920081926555,3.3805379783694,0.9386675123304443
487,200,176,139,True,True,139,0.05560292124092762,2.8240339377804387,1.0110691038864463
488,200,178,129,True,True,129,0.05337959876174691,2.968059534434301,0.842638362253962
489,200,181,151,True,True,151,0.04818933564884608,2.4213905439464303,0.9943274584741388
490,200,173,137,True,True,137,0.0596472255115609,1.6566652180047439,0.9118755828628952
491,200,172,151,True,True,151,0.04798632928010048,1.8225329415211398,0.9136255620206658
492,200,173,127,True,True,127,0.042086653021299957,2.5030752021197036,1.0322797830472312
493,200,174,152,True,True,152,0.04845952351143725,2.4782592568704493,0.94962493454272
494,200,186,143,True,True,143,0.04802487400896525,2.801132263780897,0.9303377894804166
495,200,188,142,True,True,142,0.05276743404173293,2.654493006104544,0.9274542185884213
496,200,175,138,True,True,138,0.048430779666716335,3.1329674939349337,0.989188954759753
497,200,160,138,True,True,138,0.054767832365483965,3.1680560045848725,0.9997673428125115
498,200,149,128,True,True,128,0.048613859999147004,3.1954507083632584,0.9915072689686539
499,200,152,123,True,True,123,0.046162649765623676,3.1862045856557875,0.9233849672568464
500,200,147,121,True,True,121,0.04617765512928793,3.568693476395625,0.935109984649576
501,200,159,121,True,True,121,0.04491593268146643,4.009771306147643,0.8878141302621784
502,200,165,117,True,True,117,0.049800676036628196,3.838502935018789,0.9659592927316061
503,200,176,113,True,True,113,0.0474486758349503,3.4578823808275523,1.008835582291549
504,200,178,120,True,True,120,0.047989917162382906,3.4358736429107726,0.9455285051933047
505,200,177,126,True,True,126,0.042930766378469085,3.09339083901619,0.9723574032821731
506,200,183,153,True,True,153,0.0501094516440616,2.8321253827875665,0.8533951589059102
507,200,195,164,True,True,164,0.051456122009910045,2.3974946357760736,0.8748384911909358
508,200,193,167,True,True,167,0.050354251715205765,1.7936431310643237,0.8516881298317871
509,200,197,167,True,True,167,0.055209954331958286,2.0029268887491125,0.9132253980562294
510,200,196,154,True,True,154,0.055380628432477506,2.411536079518119,0.9334806962917823
511,200,185,138,True,True,138,0.04621250949899498,2.4422879657164698,0.9243379113478817
512,200,185,152,True,True,152,0.04710318520878328,2.8693248740980923,0.8790658502093588
513,200,176,133,True,True,133,0.04670264041770332,3.079914962852431,0.9485666353527976
514,200,172,125,True,True,125,0.046976970999778773,3.500036454159306,0.9354534063984552
515,200,159,120,True,True,120,0.03978471182768171,3.177997823665336,1.0504808971100896
516,200,166,118,True,True,118,0.04421692325385439,3.697837114258656,0.9890658945475544
517,200,162,127,True,True,127,0.05220983249313633,3.489921387257989,0.8114606390052211
518,200,162,123,True,True,123,0.051602217832708394,3.218587018373681,0.9059323963464163
519,200,181,146,True,True,146,0.049246182057131965,3.097133451077488,0.9086058905437068
520,200,192,145,True,True,145,0.027216693665380265,3.3063190588623015,0.9692885850870253
521,200,182,130,True,True,130,0.04731048523968055,4.083205980718407,0.9553616843967028
522,200,186,143,True,True,143,0.04959637477861043,4.520479596945896,0.9410359596183707
523,200,187,143,True,True,143,0.044351818743514196,3.9252676573064047,0.832854067871275
524,200,182,126,True,True,126,0.048994768578535235,3.7422627556196986,0.9169743214440281
525,200,180,133,True,True,133,0.04741417521221687,3.0568804551365507,0.9347027097823781
526,200,173,125,True,True,125,0.04807707332593473,2.833962992943177,0.9395615345261776
527,200,161,117,True,True,117,0.05250581337519035,2.3319440268391043,0.9761725748651052
528,200,161,110,True,True,110,0.05022321310479073,2.1183155018656326,0.9537281132261888
529,200,151,118,True,True,118,0.05213947891921483,1.7936847177469568,0.9352064069949172
530,200,150,108,True,True,108,0.05435354737919049,1.6911282239243484,0.9477358228260933
531,200,156,120,True,True,120,0.04981755815632551,2.521264186950983,0.9090670591142475
532,200,148,106,True,True,106,0.057135808118041795,3.198301316335331,0.8680926266573126
533,200,145,119,True,True,119,0.0551278611473834,3.3803413185176137,1.0250338044455813
534,200,144,109,True,True,109,0.05685918467465005,3.5028646278858924,0.8975790478401604
535,200,138,101,True,True,101,0.058426015636982465,3.532337765853126,0.9470406925217493
536,200,131,108,True,True,108,0.05404464918467377,3.4187388232341274,0.8724104223222795
537,200,145,127,True,True,127,0.06165043434576567,3.5797635875453087,0.8435654533048298
538,200,129,107,True,True,107,0.061497801907291795,4.011030010419942,0.9128548375087058
539,200,143,114,True,True,114,0.05849963871932076,3.9949865430719855,0.8704202427708945
540,200,125,108,True,True,108,0.05500531552293871,4.188535784276095,0.8947703581949494
541,200,122,103,True,True,103,0.05926441332752911,4.211748918981019,0.8866422355068994
542,200,125,105,True,True,105,0.05578417865663145,4.429754552627012,0.9622876293246592
543,200,105,84,True,True,84,0.05754858450461528,4.882713975827959,0.8179970696185784
544,200,81,68,True,True,68,0.05561277106276924,4.6843823259474675,0.835519402266629
545,200,82,68,True,True,68,0.05502637353934831,4.392287152299268,0.8230097720805326
546,200,72,61,True,True,61,0.05211761442791209,3.5543197980483687,0.8239916619227665
547,200,90,78,True,True,78,0.054716140825957875,2.974777025118771,0.8082154849347172
548,200,78,63,True,True,63,0.05756661601381592,2.3850903682577513,0.9367488038748496
549,200,68,62,True,True,62,0.05441957561280796,1.8796573985614633,0.889655479716188
550,200,88,73,True,True,73,0.05871276781898659,1.5227353434567654,0.7360822651587599
551,200,74,62,True,True,62,0.053594067551476936,1.435660427775626,0.8288280294542619
552,200,73,61,True,True,61,0.06361584654620207,1.2699650165808427,0.850007379396565
553,200,90,74,True,True,74,0.05745180025739724,1.5382185019654033,0.8507571035310194
554,200,88,75,True,True,75,0.06285878078559522,1.752362350488097,0.8548054957623018
555,200,91,76,True,True,76,0.05765222183037356,1.658433308773311,0.9527520224810248
556,200,85,68,True,True,68,0.05737484819662314,1.4891673626266169,0.9080571283343714
557,200,91,74,True,True,74,0.06098514008098558,1.4668874975123203,0.8144628394253051
558,200,83,73,True,True,73,0.06041611443274141,1.749916838946543,0.8479840609212205
559,200,77,68,True,True,68,0.04954702642330677,1.3483628164495087,0.8392755212180433
560,200,80,68,True,True,68,0.0680105227946412,2.1247341590065596,0.7172218269536599
561,200,100,88,True,True,88,0.05289911779899973,1.232155447025499,0.8846186030404283
562,200,79,70,True,True,70,0.05384283505149703,1.563353566804947,0.6850348531245314
563,200,83,74,True,True,74,0.04757944203855273,2.230358120656572,0.8344145022019217
564,200,98,83,True,True,83,0.049726904190922995,2.838199694161769,0.7728791484354541
565,200,79,64,True,True,64,0.05371065309774241,2.987518370076455,0.865297085117692
566,200,82,67,True,True,67,0.056669162424977916,2.7025825747285492,0.7445545007326922
567,200,87,80,True,True,80,0.061388037192342405,2.3225006191118323,0.7560795460374209
568,200,95,89,True,True,89,0.07094100243295062,2.036603684390562,0.8789765507376317
569,200,74,68,True,True,68,0.06405193047924394,1.5680672510134879,0.8078323847706035
570,200,82,67,True,True,67,0.051625260645676005,0.6691230197096575,0.8234356735698452
571,200,97,85,True,True,85,0.058981317611285035,0.43418782723916094,0.6334582002149642
572,200,95,89,True,True,89,0.05690081939997794,0.7261356832196141,0.7617729736005155
573,200,76,73,True,True,73,0.059897282170655514,0.8673808511872371,0.5807484521547993
574,200,96,84,True,True,84,0.056589914233107066,1.4106154761999943,0.7266082366242805
575,200,90,81,True,True,81,0.05844621878276208,1.8157740398184932,0.7804201761809187
576,200,102,92,True,True,92,0.05365063301358058,1.8472212121486626,0.8167892051542692
577,200,110,100,True,True,100,0.053641250117672234,2.2266096535983633,0.7778069123347688
578,200,110,96,True,True,96,0.05474777059680982,2.7126433410893576,0.8054013276778307
579,200,124,111,True,True,111,0.057139381556642756,2.5920420620559566,0.9093386122843028
580,200,118,105,True,True,105,0.05486470240014025,2.5844260920660393,0.8161821157056021
581,200,127,111,True,True,111,0.06378531713031002,2.8312672389179303,0.8616374333095261
582,200,110,95,True,True,95,0.05657044811084506,2.552745263622436,0.8514439776353907
583,200,120,107,True,True,107,0.05390885694563935,1.9436441771583821,0.7819840885686548
584,200,146,122,True,True,122,0.05209337484048124,2.6362296135608174,0.9349888801567245
585,200,167,135,True,True,135,0.048946653726929454,3.669959997776749,0.9229655390977889
586,200,170,142,True,True,142,0.052029827207868994,3.5692018438678144,0.8702276499142862
587,200,173,145,True,True,145,0.04921110352485797,3.592799341104321,0.8932382994338208
588,200,169,127,True,True,127,0.054286412767810335,2.9229059123130954,0.8604662960319199
589,200,172,134,True,True,134,0.04997550559855538,2.574459370929214,0.921973802985874
590,200,166,151,True,True,151,0.0527452018602342,2.3525239653756045,0.8959019231871076
591,200,158,148,True,True,148,0.05346202937661904,1.997577474747457,0.8631975957774966
592,200,153,135,True,True,135,0.049862773450516,1.6371481099369638,0.7826521930513346
593,200,153,138,True,True,138,0.05283575789393546,1.1971076703764691,0.7798520705235159
594,200,149,136,True,True,136,0.05142949869797295,1.5879322428398048,0.8830942577568526
595,200,169,150,True,True,150,0.04432346937124592,1.772704281635793,0.6698921675192929
596,200,180,173,True,True,173,0.049446340874628576,1.9130645452380877,0.6766231751405363
597,200,171,155,True,True,155,0.050283112801342324,2.1081531168870837,0.7978156099295047
598,200,174,158,True,True,158,0.04987434158091531,2.654546323993502,0.8295848536219751
599,200,173,155,True,True,155,0.04650094884963862,2.8884085529101977,0.8302908590336054
600,200,169,149,True,True,149,0.05258854644365239,2.9326980418297577,0.8345730651382796
601,200,156,136,True,True,136,0.056088818062766346,3.1853452783283815,0.9829822212324921
602,200,155,127,True,True,127,0.050374868167216,3.576189613788661,0.9184744574592594
603,200,149,116,True,True,116,0.04139204800388174,3.8366835226319314,0.9484975197931038
604,200,133,108,True,True,108,0.05254763648450851,3.5067123912212743,0.941516696892039
605,200,143,123,True,True,123,0.04496234831629343,3.1897862699442894,0.9037236069805826
606,200,156,138,True,True,138,0.047142953950145276,3.693391184523589,0.9353632546465753
607,200,158,129,True,True,129,0.04415096118240963,3.8150638023804793,0.8954701306425603
608,200,166,144,True,True,144,0.049552487279789774,3.508994789274842,0.9321024486457429
609,200,188,143,True,True,143,0.04483632570937507,3.1104529362740885,0.8881403884591398
610,200,181,150,True,True,150,0.060883536164517825,2.9502520486497454,0.8688453177936771
611,200,177,146,True,True,146,0.05089894913054646,2.797796200582163,0.913141959322069
612,200,180,152,True,True,152,0.05469574738563165,2.4231590229871367,0.8915104401760539
613,200,183,161,True,True,161,0.04828632968810112,1.9393785683435074,0.9065827333056079
614,200,169,156,True,True,156,0.05382972010695495,1.4096570972146922,0.9361402039008897
615,200,149,131,True,True,131,0.05711148351425148,1.378612010588679,0.8640073042016106
616,200,160,144,True,True,144,0.05318572537608427,1.7244027034131777,0.8982562814597869
617,200,178,152,True,True,152,0.05066647933648438,1.7549959633843277,0.7880736105882304
618,200,173,162,True,True,162,0.050373885587692915,1.8342250200951309,0.9260083480324387
619,200,178,161,True,True,161,0.046899072961014164,2.3128401099874805,0.8794367533050557
620,200,171,148,True,True,148,0.04954646493529043,2.5983777597516293,0.8394309010432489
621,200,163,135,True,True,135,0.05609164195531288,2.7218986271881165,0.8701264228210711
622,200,160,141,True,True,141,0.053161519477775775,2.6729154045594545,0.7778641676246913
623,200,165,144,True,True,144,0.05691437833910013,2.6695121997285205,0.8003801519357397
624,200,155,133,True,True,133,0.051036233056667414,2.9401169979944815,0.7888860045626367
625,200,147,127,True,True,127,0.05754885635194322,2.6785516398833193,0.864925642397965
626,200,143,122,True,True,122,0.05863034223287124,2.7930572566567715,0.8002851090914719
627,200,127,110,True,True,110,0.05265577681717012,3.818233429679364,0.9696947265087993
628,200,118,103,True,True,103,0.052823634381310776,4.279893283404901,0.9139963388528928
629,200,110,86,True,True,86,0.06165256791426335,4.698352995812694,0.8703285973116108
630,200,106,85,True,True,85,0.06001909767367047,3.676213289181285,0.9522289335618208
631,200,107,85,True,True,85,0.049228071535649905,3.511712929794081,0.987835198819626
632,200,131,99,True,True,99,0.05237383487002078,2.7438827076217223,0.9839593566756595
633,200,119,101,True,True,101,0.05734997934708168,2.302626656656061,0.9383237697738201
634,200,136,114,True,True,114,0.05322371874996287,1.6978463331360178,1.0203734953637258
635,200,160,128,True,True,128,0.05631117918695159,1.3444588286061265,0.8895212200426083
636,200,145,119,True,True,119,0.054120157202991896,0.7596678102616438,0.8150140830464937
637,200,152,139,True,True,139,0.05337914837341457,0.9743571761596956,0.7767121315130419
638,200,154,131,True,True,131,0.053179150484705756,1.0156533867162338,0.8446730012086018
639,200,137,110,True,True,110,0.056063524596600925,0.6914413713800945,0.8384691569566792
640,200,131,112,True,True,112,0.05305492953527609,0.3677386229412719,0.8246289588175103
641,200,119,94,True,True,94,0.05089243475372949,0.4574999146655391,0.7822001881184237
642,200,115,99,True,True,99,0.056017832179128736,1.0665104972067518,0.9197288962624584
643,200,118,103,True,True,103,0.05642250676577006,1.334143163447586,0.8714723685601513
644,200,115,102,True,True,102,0.0570230691088771,1.3288045331131901,0.8801249444729318
645,200,116,93,True,True,93,0.05248444092265978,1.5609050258845893,0.9718250051250618
646,200,118,100,True,True,100,0.061341288535938614,1.7780261765129877,0.7895161923281857
647,200,124,115,True,True,115,0.05540348304168194,1.5752025447294795,0.8926881817302075
648,200,112,99,True,True,99,0.05309202822607826,1.8684815602784,0.9391351356747848
649,200,124,106,True,True,106,0.05215884755171621,2.3346961538906297,0.9574312273000846
650,200,131,110,True,True,110,0.05080716638847275,2.1293859514716247,0.9204216036806735
651,200,144,124,True,True,124,0.04941243601154319,2.002854864453732,0.797768688521855
652,200,133,112,True,True,112,0.05463766746344118,1.950926282030788,0.9140223983195227
653,200,139,112,True,True,112,0.05078755477396789,1.6351210079857312,0.7121119209192274
654,200,134,117,True,True,117,0.05814665162728522,1.6148237377476484,0.6787012739551878
655,200,134,116,True,True,116,0.05915481152599689,1.4896695925884689,0.7859342928438926
656,200,140,105,True,True,105,0.060010296403929644,0.9093192107682643,0.8808534355101367
657,200,156,116,True,True,116,0.057090547989128354,0.9666424390854599,0.9690974073183539
658,200,152,126,True,True,126,0.056673833734337944,0.9979856072754483,0.8931921504017527
659,200,148,106,True,True,106,0.05622413400274756,1.1936387920962361,0.9721761321765111
660,200,156,108,True,True,108,0.05450004714801805,0.7871164101533131,0.9624879245356632
661,200,153,119,True,True,119,0.05679235145437105,0.7666729620110293,0.897159926695486
662,200,156,121,True,True,121,0.055238419890189815,0.48621709871460045,0.9225150070550395
663,200,152,123,True,True,123,0.053224684836097415,1.0472999556466198,0.8326430310797529
664,200,153,110,True,True,110,0.05561070211802483,1.559506231633715,0.9529848231063387
665,200,166,118,True,True,118,0.05214102275054476,1.8887037859969948,0.8782892731106172
666,200,186,128,True,True,128,0.05418413418850326,2.556121988284176,0.9526728514870166
667,200,182,129,True,True,129,0.05608530954230095,2.7510144551063913,1.0013536061874189
668,200,190,142,True,True,142,0.05683989441951759,2.5811388745310753,0.8690018237576436
669,200,182,145,True,True,145,0.05414135693279898,2.46931640987282,0.9045427275073121
670,200,172,137,True,True,137,0.05368010175667824,3.024471675552729,0.8805390808571913
671,200,170,138,True,True,138,0.05655363765182764,3.6243411866798003,0.9465442251192543
672,200,179,140,True,True,140,0.05699122862082409,3.5412212132034195,0.9197674283997204
673,200,173,122,True,True,122,0.05792825845509923,3.416771188915938,0.8634171728278964
674,200,171,140,True,True,140,0.053251954953168236,3.109620560809353,0.9262951194077288
675,200,150,110,True,True,110,0.044139572565869145,3.0262541052204748,0.9125688156226083
676,200,161,126,True,True,126,0.03258748905493707,2.4019150523176753,0.9304101238588942
677,200,165,122,True,True,122,0.042760156742424685,2.9024731831976514,0.9788854345945985
678,200,171,131,True,True,131,0.020213567347229105,2.3324527212627673,1.0888413200586209
679,200,162,118,True,True,118,0.02820556584880259,1.9699350049546673,1.063784960119481
680,200,157,127,True,True,127,0.0421982941066679,1.201817322906702,0.9192436622723693
681,200,158,113,True,True,113,0.022873078701075897,1.3512223891358368,1.110564418230591
682,200,160,124,True,True,124,0.04269069868398796,1.0909927080129471,0.9649123944020265
683,200,152,127,True,True,127,0.03848587218533399,1.4407182333824395,0.9874973635649585
684,200,161,129,True,True,129,0.04879425647599706,2.193296454816186,0.8834632481843553
685,200,174,136,True,True,136,0.0356986054896381,2.453785983464037,0.9806752141771089
686,200,177,130,True,True,130,0.055146060553087045,2.9527562663517846,0.966397909927715
687,200,179,132,True,True,132,0.05908122235453709,3.086489838562332,0.9583211808716815
688,200,180,136,True,True,136,0.05582877956476219,3.3182657021803568,0.8967582628415229
689,200,184,142,True,True,142,0.054738030256238086,3.3749935925814913,0.8141120049522689
690,200,170,114,True,True,114,0.050550114039224374,3.156208496851701,1.001173147841846
691,200,182,129,True,True,129,0.046634396484690234,3.161691318519729,1.066249108779394
692,200,179,126,True,True,126,0.05147942128790196,4.0720448985162045,0.9625112684050096
693,200,167,110,True,True,110,0.05315724507993701,4.912089372141023,1.0235842088541742
694,200,149,103,True,True,103,0.058655863286716535,4.483844002606431,1.0376486609832376
695,200,153,117,True,True,117,0.04944366420660465,4.197247485988903,0.9296332969487837
696,200,138,115,True,True,115,0.05703333790884575,3.6945765853735355,0.9137862144178777
697,200,146,108,True,True,108,0.05791244937473221,3.5343956675283,0.9153143317125273
698,200,144,116,True,True,116,0.04194438545513051,2.860869174052914,0.8500283057786482
699,200,144,126,True,True,126,0.052754167234484554,2.6591579754581516,0.9362169905786931
700,200,144,123,True,True,123,0.052802901297717045,2.1591381494052526,0.927582323948752
701,200,127,111,True,True,111,0.050840955075215785,1.804213411786276,0.8885389662710154
702,200,134,122,True,True,122,0.052384881134944265,1.8110464378186546,0.7935426360013481
703,200,125,101,True,True,101,0.0499689957565719,1.9934434735445723,0.8079396139685969
704,200,127,107,True,True,107,0.04989466790808751,1.9922123415750725,0.8723712551736382
705,200,145,128,True,True,128,0.050935364916028306,2.10855380646491,0.877653924185845
706,200,132,119,True,True,119,0.05226197400563399,2.62175168139473,0.8389592697970589
707,200,116,108,True,True,108,0.052596246706533616,2.6448493459591367,0.7691499637754022
708,200,104,97,True,True,97,0.058209892918335275,2.934222266303972,0.8013348018561579
709,200,86,78,True,True,78,0.0532864289112805,3.436069183486703,0.8328778673841718
710,200,92,78,True,True,78,0.05223223641319932,3.086759434619913,0.8213089753463486
711,200,74,68,True,True,68,0.056490518004400816,2.5289940449571335,0.7423342106451583
712,200,74,65,True,True,65,0.053235237599919924,2.1470801629525127,0.7739846722315664
713,200,77,65,True,True,65,0.05663052119756909,2.862394082216503,0.9648988208985609
714,200,80,68,True,True,68,0.05689102951121514,3.5948803060097374,0.8433390741436742
715,200,71,65,True,True,65,0.0586730362972967,3.370939188235813,0.7425612907410858
716,200,71,63,True,True,63,0.05578636923276245,2.75015321187226,0.8163890857710047
717,200,69,54,True,True,54,0.05010097189497088,2.664556981635051,1.0032341843448498
718,200,83,71,True,True,71,0.052211796401059093,2.417799973560655,0.9077514283026193
719,200,99,81,True,True,81,0.055505650223141446,2.4195553564407457,0.8817793924474749
720,200,54,42,True,True,42,0.05091302563398624,1.9753812430392026,0.874785002785961
721,200,67,53,True,True,53,0.053432575657918445,1.2555952676363697,0.8405060798567946
722,200,78,58,True,True,58,0.05459343388596725,0.6097082688659362,0.8386894424748594
723,200,93,76,True,True,76,0.0547823251718817,0.6782201139505669,0.91234506972285
724,200,89,71,True,True,71,0.04569654223449844,0.5571763311570399,0.7103626521925509
725,200,78,67,True,True,67,0.05231577735044184,0.1271212221851245,0.7657348594967504
726,200,87,74,True,True,74,0.05095991325648838,0.745635001360546,0.7218679099441132
727,200,74,65,True,True,65,0.051433542978061485,0.6513366684591997,0.8708033789545104
728,200,81,66,True,True,66,0.03151503662493154,0.5678369466281589,0.7153594658895136
729,200,81,71,True,True,71,0.0541389028748082,0.7279657452468069,0.8403684678727624
730,200,81,66,True,True,66,0.05519676993838141,1.4740260915413554,0.922210948371664
731,200,92,83,True,True,83,0.05774444177098325,1.8512275207010593,0.7887261623624808
732,200,81,67,True,True,67,0.07019999429845442,2.3337881293702156,0.7177069104597358
733,200,74,66,True,True,66,0.07343140030714929,1.596298885352367,0.8715053302475876
734,200,97,89,True,True,89,0.06457230309278672,1.3275382269265492,0.7895239564773259
735,200,80,67,True,True,67,0.05110218876798176,2.0655875226896288,0.8113483132412987
736,200,93,80,True,True,80,0.0569580318418019,1.9354617141036565,0.7551029607104469
737,200,85,77,True,True,77,0.056291978099154476,2.0256912544060945,0.7894045657012074
738,200,77,66,True,True,66,0.05712699541636659,2.1604057481720034,0.774837567331459
739,200,76,68,True,True,68,0.05562597510199524,2.1213552134211646,0.8247658829403154
740,200,89,83,True,True,83,0.06214083837914495,1.899989600875275,0.7595790448871199
741,200,66,60,True,True,60,0.06199835217249112,1.633863790305821,0.7181174257550131
742,200,63,60,True,True,60,0.05770297979365483,1.0111042805352144,0.737020936210468
743,200,98,93,True,True,93,0.059986152881579234,0.6427694659703634,0.761501706009376
744,200,97,86,True,True,86,0.06281437810606097,0.29240477599540066,0.7390493654051185
745,200,101,90,True,True,90,0.053891209478161416,0.4090460084139586,0.7746051880163212
746,200,79,65,True,True,65,0.04729867672642944,0.5111428040510775,0.8529478369092334
747,200,90,87,True,True,87,0.061577361857825905,1.4647037667872478,0.7655013285181104
748,200,109,102,True,True,102,0.05164196398666015,1.171486415729095,0.7706587364877893
749,200,98,95,True,True,95,0.052425253357267554,1.301373612416907,0.733945415299601
750,200,104,93,True,True,93,0.052012507145699,2.1394558156103773,0.8115247586786745
751,200,113,105,True,True,105,0.04842778916517489,2.4406471161919345,0.7671265679222172
752,200,122,110,True,True,110,0.05027488155136446,2.598911698839429,0.8165412724942926
753,200,122,117,True,True,117,0.05468162218103357,3.151774174212375,0.8285215156025778
754,200,130,113,True,True,113,0.04724562412553823,3.657933277882064,0.8019689142096873
755,200,118,109,True,True,109,0.0487049793305372,3.4271996760337977,0.9296215397041525
756,200,138,120,True,True,120,0.05098206584206343,3.043883780387886,0.7974120587622958
757,200,136,120,True,True,120,0.04779435370867525,3.458882990608636,0.8932256106233993
758,200,141,121,True,True,121,0.04643761207947876,3.46989801793566,0.8864184699193582
759,200,157,131,True,True,131,0.04739283680860449,3.2597324971129478,0.7728931160262389
760,200,159,140,True,True,140,0.04699510431189104,3.5597097329774585,0.9232009165315301
761,200,161,131,True,True,131,0.04405553704002041,3.6603717861144975,0.8273689619369521
762,200,162,121,True,True,121,0.05007217083395923,3.4123019524343947,0.883588188235548
763,200,171,125,True,True,125,0.052317145894778844,2.9863788063751975,0.9299299168909562
764,200,167,151,True,True,151,0.05240223883444162,2.595259127952366,0.810869865816549
765,200,165,153,True,True,153,0.047523186686611776,1.7757673508223972,0.7626884703078876
766,200,152,142,True,True,142,0.0502725850572472,1.3923191081743456,0.8466318760116349
767,200,157,145,True,True,145,0.04519868060182576,1.1358269848072076,0.8165294345357108
768,200,155,139,True,True,139,0.0516330916952592,1.1674411859331746,0.7649283661529624
769,200,157,145,True,True,145,0.05140293254539521,1.2540736985249126,0.6562166458558905
770,200,168,150,True,True,150,0.05176085073345477,1.7039780738262151,0.7182701158343336
771,200,167,144,True,True,144,0.047835790847945404,2.1747403157687097,0.7933788835825764
772,200,182,152,True,True,152,0.04506215101894262,2.1556363164963384,0.7219627555859106
773,200,178,163,True,True,163,0.04873582199258648,2.366830525342732,0.7499305939339009
774,200,180,160,True,True,160,0.05350858033468094,2.8271367663291733,0.7734931620689812
775,200,168,136,True,True,136,0.05091055271939844,3.3223291761840406,0.8615501218409319
776,200,165,131,True,True,131,0.04967122589186772,3.49230277614871,0.9217779773405531
777,200,170,143,True,True,143,0.05061280270902458,2.539398432709262,0.8341296412950123
778,200,167,150,True,True,150,0.04465852669853905,2.387167961852836,0.8903069706021446
779,200,168,129,True,True,129,0.040978945973158584,3.5588069896425245,0.9652788511009011
780,200,152,135,True,True,135,0.046421589926144244,3.255426686933644,0.838267868683297
781,200,151,126,True,True,126,0.04520844145888905,3.02516020105534,0.7602182765407377
782,200,150,132,True,True,132,0.04612539405658304,3.3125192755502724,0.7068209983787331
783,200,154,129,True,True,129,0.054867602214527585,2.9991539352052157,0.657373053238792
784,200,149,133,True,True,133,0.04996953677580806,2.8915157260353452,0.8538787210627266
785,200,154,142,True,True,142,0.05789247687749156,2.8754313460274425,0.8214786693022786
786,200,181,158,True,True,158,0.04656864065052622,2.342831396230814,0.8711806163781508
787,200,178,155,True,True,155,0.047631076746473475,1.8031881617626546,0.7882078930502849
788,200,189,170,True,True,170,0.05515163478390426,1.2277950450204613,0.8249299646635043
789,200,175,155,True,True,155,0.04754279630295887,1.1994937595767057,0.8169319443920227
790,200,188,181,True,True,181,0.048780939287527976,0.7239190776527648,0.7022743059548662
791,200,188,170,True,True,170,0.04888140056348373,0.981507878027998,0.7877407753711037
792,200,193,174,True,True,174,0.05660156195870255,1.300379225172525,0.7105789560469844
793,200,193,169,True,True,169,0.04835188740900875,2.4309234450678843,0.8473614401660144
794,200,199,179,True,True,179,0.04655681689091182,2.7410570517220707,0.8264504857525304
795,200,198,184,True,True,184,0.05296532976924332,2.7616664756001543,0.8598769449134714
796,200,185,158,True,True,158,0.053843681484777146,3.118653823946178,0.8685878409059301
797,200,178,154,True,True,154,0.05335026748929181,2.9844814201205176,0.8989389448635804
798,200,181,163,True,True,163,0.059161049727681055,2.607544310469669,0.8888355429032507
799,200,163,146,True,True,146,0.053945532194066455,2.187709343471723,0.940235960106712
800,200,156,132,True,True,132,0.05559740587476847,2.666150592300693,0.8259736603463756
801,200,169,137,True,True,137,0.04724598358338474,3.8118774300334577,0.8371854707968591
802,200,161,134,True,True,134,0.04471878218418553,4.536802110369998,0.7604074503149865
803,200,165,138,True,True,138,0.05288083987705263,3.912518696291843,0.9377797144546397
804,200,161,127,True,True,127,0.04995017566132461,3.9153582496196218,0.7966304301139235
805,200,140,115,True,True,115,0.054137635490563316,3.013514753814066,0.9883117075311584
806,200,116,104,True,True,104,0.05594365002567985,2.661588296777695,0.7370885410303102
807,200,107,94,True,True,94,0.05036993607987546,2.0027456238105255,0.9857513371306954
808,200,95,80,True,True,80,0.0509732320333409,1.5226756444469842,0.8893321623684705
809,200,112,93,True,True,93,0.0502825848528606,1.025878401130751,0.9403245653423111
810,200,117,93,True,True,93,0.052080623553603,0.47999624781002503,0.8912820858643733
811,200,126,93,True,True,93,0.05246077493139648,0.6629112446262496,0.8233342682042919
812,200,114,94,True,True,94,0.04781881883134587,0.6072043535679739,0.7381988146299514
813,200,115,101,True,True,101,0.0507274402774488,0.5210469986014066,0.8443209636691958
814,200,114,102,True,True,102,0.05251226274570666,0.775238662896452,0.6660063834007847
815,200,124,104,True,True,104,0.05072684711865266,1.3251780229836776,0.8603870839967263
816,200,125,118,True,True,118,0.05122576544156847,1.3818895374351474,0.8829368980665531
817,200,122,111,True,True,111,0.056815774015270416,1.5563345345345407,0.8966697521666027
818,200,116,96,True,True,96,0.056295998425954515,1.793097195975352,0.8351514560555218
819,200,120,93,True,True,93,0.06088719225891989,1.9665854068367246,0.8277208718041174
820,200,121,104,True,True,104,0.058125240734096945,1.7270329838662153,0.8197594926078804
821,200,105,88,True,True,88,0.056620558100464805,1.3872683308926914,0.9236593967514343
822,200,103,87,True,True,87,0.06250903742289518,1.5721759384909582,0.944303910918631
823,200,112,94,True,True,94,0.05319596015563403,2.1506288859736102,0.8928676240483518
824,200,108,87,True,True,87,0.05356528482487755,1.8800459907004112,0.8510249679024802
825,200,111,98,True,True,98,0.052665577140111115,1.8183884578090677,0.8215142507832696
826,200,116,98,True,True,98,0.053207559310696595,1.4729814231414067,0.8935068201557899
827,200,125,94,True,True,94,0.05922693131116523,1.5082472969378349,0.9388614462810543
828,200,117,89,True,True,89,0.05729851292723915,1.0115114610098712,0.8774999999048855
829,200,125,101,True,True,101,0.06284830758914868,1.1114072289382486,0.9900657383969637
830,200,138,121,True,True,121,0.058384003146937494,0.8743448998770663,0.8308498856547709
831,200,119,92,True,True,92,0.06061274084716748,0.6181619156859623,0.8698205778461142
832,200,135,117,True,True,117,0.056732683845146445,0.6015542824325837,0.9661397960424303
833,200,125,102,True,True,102,0.054372406233710084,0.8897033407601745,0.9432027900031701
834,200,128,109,True,True,109,0.05606643100768376,0.36423087475849353,0.9043556811098236
835,200,134,116,True,True,116,0.0575514057094072,0.8478742233312514,0.7767360958553357
836,200,132,113,True,True,113,0.05746751389974142,1.4373743143707296,0.8350486957600245
837,200,106,91,True,True,91,0.05562361839585971,1.4176055988390237,0.9150302662663267
838,200,121,100,True,True,100,0.05794320729712087,1.7659986132005492,0.8639911016378782
839,200,142,113,True,True,113,0.055779166391946015,2.035126348840334,0.9918561432498958
840,200,158,132,True,True,132,0.060604536739229324,2.216656653987643,0.9645253357667201
841,200,154,108,True,True,108,0.05851089211231624,2.6550913486439662,0.9686255868669646
842,200,154,100,True,True,100,0.05435071170397922,2.8691882232919896,0.8740625146211329
843,200,160,121,True,True,121,0.05816724351120139,2.398366662673325,0.8796773221170479
844,200,185,122,True,True,122,0.05637601647400744,2.736400428222291,0.9873348593588578
845,200,192,119,True,True,119,0.05427472504175454,3.628169154834693,1.0359871919860757
846,200,185,137,True,True,137,0.05390203636041261,3.8543526242645503,1.020952702426886
847,200,160,121,True,True,121,0.05135589841465086,3.901244572109768,0.9706931781478357
848,200,172,132,True,True,132,0.0553236178991672,3.553883604530683,1.0625538527876435
849,200,173,146,True,True,146,0.050901442532673896,3.5851364109173534,0.8477312240668674
850,200,178,139,True,True,139,0.05333566523745426,3.237685445223882,0.8779224184446868
851,200,179,143,True,True,143,0.03505338846200493,3.0653120388983366,0.9019092924777281
852,200,183,142,True,True,142,0.05454493749087447,2.335359963267185,0.8991095859895998
853,200,172,125,True,True,125,0.05022729344164411,1.8537380245842778,0.895966393428084
854,200,169,135,True,True,135,0.03922683865117076,0.6702738250888243,0.8455759825675867
855,200,177,146,True,True,146,0.03516236151028728,1.3807883597410753,0.9135683698952064
856,200,178,131,True,True,131,0.05263114120884527,0.7708851258963461,0.9710799147930961
857,200,164,138,True,True,138,0.04033191164168656,0.7301395498194385,1.0746590259946622
858,200,169,129,True,True,129,0.053735443083848,0.8106678825099262,0.8842582034600132
859,200,169,135,True,True,135,0.0405884347295475,1.9933212722552747,1.0092620734513282
860,200,151,120,True,True,120,0.046269329052198965,2.4824542447526285,0.8205867874512212
861,200,154,113,True,True,113,0.05668536501929309,2.81111586592416,0.9271307664084492
862,200,158,117,True,True,117,0.03672965644329274,3.616163251628527,0.9810245247083393
863,200,159,116,True,True,116,0.033762039602153196,4.303269589665202,1.0566887149273974
864,200,172,119,True,True,119,0.03784621792169145,3.292923025851058,1.0931783622940003
865,200,173,132,True,True,132,0.03862553964694479,3.38138463659795,1.0397340261757093
866,200,185,145,True,True,145,0.046284554390563164,3.9847842717237683,1.017890776630122
867,200,175,127,True,True,127,0.05727724406892781,4.546683236582815,0.9693961376174012
868,200,173,126,True,True,126,0.05194396944505709,4.65426926037699,0.9874553452240445
869,200,171,121,True,True,121,0.053552178601213356,4.349454045276432,0.9407555869199383
870,200,154,112,True,True,112,0.0506631167795563,3.8046314889791164,1.0520360395687898
871,200,155,107,True,True,107,0.05277085674987709,2.908981217206495,0.9833733866308033
872,200,159,112,True,True,112,0.055617246884587704,2.2951393337899217,0.9692595850385577
873,200,152,112,True,True,112,0.059279334872317076,1.8616473492155083,0.8885948216563536
874,200,149,119,True,True,119,0.06264300373979478,1.438219566035507,1.0327880149072293
875,200,141,121,True,True,121,0.05537938937698992,0.9185633658438016,0.9520937752961713
876,200,124,97,True,True,97,0.059385283406553725,1.026071464463415,0.8522496327537874
877,200,122,109,True,True,109,0.05114611439433321,0.9428560388324877,0.8813630101246179
878,200,118,94,True,True,94,0.04859637198902514,1.1950550595004774,0.9683457637253952
879,200,138,110,True,True,110,0.04569140344212521,2.1030125052159865,0.8862350708216178
880,200,136,101,True,True,101,0.04882237341490462,3.071837413521637,0.9595966689479125
881,200,144,122,True,True,122,0.05142129544397614,3.0398491423874776,0.8540373839322912
882,200,139,127,True,True,127,0.055206483156498856,3.2991783957314715,0.8469970981365421
883,200,145,118,True,True,118,0.055549716967006245,3.542508293299311,0.8294940432042852
884,200,127,114,True,True,114,0.055852047487347505,3.5073992477343383,0.8846243181814103
885,200,129,116,True,True,116,0.055469115883387,3.433865125859581,0.7920349251824127
886,200,99,83,True,True,83,0.05373724962795232,3.492643697704177,0.9123967930230285
887,200,102,89,True,True,89,0.05106454711513057,4.239927754342668,0.8931557992168179
888,200,105,93,True,True,93,0.050698939706488595,4.9225887839289,0.8134713854674127
889,200,90,80,True,True,80,0.04882265653776851,5.105345668954608,0.8122524839038925
890,200,85,69,True,True,69,0.05083550002711498,4.867461423006135,0.8343539651454002
891,200,76,67,True,True,67,0.04950438690468012,4.428299656967276,0.84371509755633
892,200,78,68,True,True,68,0.04668742564071906,3.895544045503021,0.9239136792918399
893,200,71,65,True,True,65,0.05181207014972848,2.8654291151057247,0.8749505903530301
894,200,75,59,True,True,59,0.04868818430724993,2.0929545132783485,0.8026638169702537
895,200,55,49,True,True,49,0.056857168649854475,1.3848595323372506,0.8064454244789598
896,200,49,41,True,True,41,0.05008605572107618,1.1553188427168761,0.9522405231312706
897,200,86,75,True,True,75,0.05490296713093224,1.1068204004266575,0.8362771446703885
898,200,56,48,True,True,48,0.05167269696467001,1.133429078481001,0.8803115690306096
899,200,68,64,True,True,64,0.04479816558237458,0.6495832398741549,0.8748468496093094
900,200,58,45,True,True,45,0.04742870961805156,0.5549676563006515,0.707876771202232
901,200,78,68,True,True,68,0.045304872960089136,0.46839794991815104,0.7178670811652396
902,200,86,74,True,True,74,0.04809444579236408,1.4730422072243767,0.9253036279927794
903,200,83,62,True,True,62,0.05393013851974386,1.6703810125345566,0.8317325868794926
904,200,64,60,True,True,60,0.052776562579437095,1.6030722399611856,0.7947827500647305
905,200,77,59,True,True,59,0.05121939909819852,1.7970689990565534,0.7933090886055559
906,200,88,68,True,True,68,0.053467794234604335,1.9748793966981302,0.7397616185801997
907,200,71,65,True,True,65,0.04941638083341537,1.8081793889784905,0.8196432449033403
908,200,72,61,True,True,61,0.050319101432442316,1.6836315738435164,0.6609293145272391
909,200,73,64,True,True,64,0.04680504332746499,2.6093571031081777,0.7211016801078167
910,200,72,62,True,True,62,0.0480223056785687,2.4192187563004928,0.8419545713703961
911,200,87,71,True,True,71,0.054068139789725744,1.9832139274354224,0.817462829719409
912,200,75,63,True,True,63,0.05550043560235451,1.997329093104742,0.8248436960079909
913,200,92,82,True,True,82,0.04944076399297304,1.733836561813393,0.7898883094952021
914,200,74,68,True,True,68,0.05728449787785758,1.7355682181435577,0.7821408975034772
915,200,77,68,True,True,68,0.05661373722975858,1.0643104265140588,0.7012348059113156
916,200,78,71,True,True,71,0.04388741824212642,0.2683148172534877,0.7344697967236098
917,200,93,82,True,True,82,0.038718364788183114,0.7065842245277559,0.6472605329422109
918,200,112,94,True,True,94,0.0546408100370518,1.3334670358243321,0.870688895792919
919,200,105,93,True,True,93,0.05378474673550914,1.9084366895220426,0.7682844877564106
920,200,115,103,True,True,103,0.054449529915591856,1.6317799604125327,0.7079515612575438
921,200,95,88,True,True,88,0.05122913174459361,1.4782200508315302,0.828827696841348
922,200,95,88,True,True,88,0.05594109384491376,1.6271602437033121,0.8610995956861601
923,200,94,92,True,True,92,0.05096774119348532,1.2895872810976858,0.6944370991647757
924,200,112,97,True,True,97,0.05419473780632296,0.6382424785621134,0.7403760663611004
925,200,90,88,True,True,88,0.053170790519783455,0.6710442034171948,0.7638234614613911
926,200,105,104,True,True,104,0.06406958400869532,1.3771848587659759,0.7343055198357749
927,200,95,89,True,True,89,0.051085627839594465,1.6748336587767139,0.7528548371447448
928,200,119,114,True,True,114,0.05970246989715215,2.897669087739972,0.6943213497316686
929,200,106,101,True,True,101,0.05715106164579203,2.534750126293479,0.724585386532407
930,200,94,84,True,True,84,0.054577135303224646,2.1724657447097964,0.6743392154819514
931,200,114,104,True,True,104,0.05130553564699225,2.849166568238627,0.7478917118901236
932,200,101,92,True,True,92,0.05324337499046915,3.197318934466536,0.7956786412251735
933,200,132,115,True,True,115,0.04479406991991252,3.32174856599649,0.7792926764165773
934,200,134,115,True,True,115,0.05539959467276527,3.146755775154538,0.8720890193543012
935,200,113,93,True,True,93,0.04308847793727399,3.577283599507475,0.8578787308857553
936,200,150,126,True,True,126,0.05459720558159035,3.5007266814736,0.8763955070183291
937,200,151,128,True,True,128,0.05604071637679322,3.0890148509616417,0.8644933511201566
938,200,141,122,True,True,122,0.050175424199163564,2.5475958720926175,0.7927561984010426
939,200,134,114,True,True,114,0.05282327002230736,1.7676121345121598,0.8167490588628076
940,200,140,126,True,True,126,0.0483723758069575,0.9933731189432112,0.8087084004417031
941,200,144,131,True,True,131,0.050364585037806116,0.8378173146937041,0.7220306803314046
942,200,148,136,True,True,136,0.052148407522174756,1.1828398971077885,0.7639028420387673
943,200,130,119,True,True,119,0.05368138464913502,0.8026786839203403,0.7149161499138036
944,200,147,137,True,True,137,0.048440068747692765,1.5786427281656774,0.7579343209062133
945,200,153,127,True,True,127,0.05070715525439792,2.7563642145895098,0.899005577041411
946,200,159,137,True,True,137,0.05401771071357035,3.1284964136211397,0.8609143459092984
947,200,158,127,True,True,127,0.052424488332504855,3.4177223674277344,0.8492510670614473
948,200,146,121,True,True,121,0.06237141705808152,3.774782454636105,0.7956733207506365
949,200,148,134,True,True,134,0.061603908096175844,3.7577851342567055,0.7800081822093728
950,200,173,148,True,True,148,0.054731803987173526,3.2081881240775907,0.885766125062465
951,200,171,146,True,True,146,0.05460319914344138,2.8999001476687356,0.7998074238898155
952,200,166,143,True,True,143,0.055484448542585676,3.3531266874770465,0.901701767605551
953,200,184,146,True,True,146,0.05719766506029375,4.504098137963692,1.007228164363562
954,200,172,141,True,True,141,0.05419104977032493,4.92828209724626,0.9664106914425162
955,200,169,131,True,True,131,0.0563979684365926,4.5664566140417655,0.904045779055199
956,200,169,143,True,True,143,0.05176771694385284,4.420608310988919,0.815657627894455
957,200,156,136,True,True,136,0.057697514237055846,3.8492411505601485,0.850089089434513
958,200,156,128,True,True,128,0.045729043052276735,3.3602006416861383,0.9224183779176106
959,200,158,129,True,True,129,0.05052853950865416,2.728511771426052,0.7394644588849167
960,200,159,134,True,True,134,0.05471659557307141,1.9841013121946574,0.8340334944274377
961,200,149,136,True,True,136,0.05039373604284208,1.4426334927317144,0.772658822046123
962,200,161,128,True,True,128,0.05195577699010834,0.8479727738946301,0.8316652925996373
963,200,156,132,True,True,132,0.04217409961290969,1.0617503215830435,0.7451883883851438
964,200,130,121,True,True,121,0.05347483801047467,1.2790400989925457,0.6691078521698827
965,200,153,151,True,True,151,0.05289812062165461,0.6595958726891505,0.6960271953040056
966,200,148,132,True,True,132,0.05348788620796651,1.1983628579006778,0.8366219034339997
967,200,158,149,True,True,149,0.05135808789805687,2.3129322817409412,0.8480814650126381
968,200,165,147,True,True,147,0.047984401534851895,3.224089113408724,0.8124332533567103
969,200,150,135,True,True,135,0.053462740962307416,3.2401399371959663,0.7839760125083589
970,200,164,139,True,True,139,0.05677612293391636,3.6159665333776907,0.7630679411567959
971,200,185,168,True,True,168,0.055434347799242674,3.5231915571274697,0.8419353164595181
972,200,197,173,True,True,173,0.055656196922653375,3.508835534924654,0.9703449983453203
973,200,183,150,True,True,150,0.048783361490104704,3.1947194994444312,0.8892515660345434
974,200,191,165,True,True,165,0.052366893398389916,3.559230305152957,0.8576565547991376
975,200,187,155,True,True,155,0.04884859177752675,4.402803471568174,0.9419618377310619
976,200,167,129,True,True,129,0.0534499580476107,4.546697864129422,0.8699928110057812
977,200,163,136,True,True,136,0.05880344151164365,4.0102874149253696,0.900733669859206
978,200,157,139,True,True,139,0.04905871807017136,3.7560619954302554,0.8838552174050655
979,200,146,134,True,True,134,0.04751449581392301,3.046874464869574,0.9271847934999969
980,200,133,127,True,True,127,0.0490110971975204,2.6291721005186366,0.8472976544439248
981,200,143,131,True,True,131,0.04761646593401425,2.2306832409117536,0.7650321391067364
982,200,110,84,True,True,84,0.04721042253175017,1.5832921083617433,0.8854452277555196
983,200,111,93,True,True,93,0.050895769860167486,1.2840910614147951,0.8368153932594666
984,200,125,106,True,True,106,0.047949706598389555,0.689632880051152,0.934773289921649
985,200,144,134,True,True,134,0.050652865106241104,0.7712495700322659,0.8463415153423838
986,200,160,145,True,True,145,0.05272681023785685,0.636921968773857,0.8228637900087843
987,200,178,156,True,True,156,0.04861908055094506,0.3148632670210312,0.8188276446876035
988,200,158,146,True,True,146,0.04976559721037567,0.7292364035233535,0.7440793715126814
989,200,163,135,True,True,135,0.050591216552374293,1.888282617270483,0.9031190722679231
990,200,161,139,True,True,139,0.05282563598624377,2.0155324617141264,0.8483081013763232
991,200,157,133,True,True,133,0.05381532368682546,1.9178879346791362,0.8630245239808517
992,200,140,121,True,True,121,0.053562521317547344,2.4071451277444664,0.7888747882592047
993,200,145,112,True,True,112,0.06100746629917439,2.570566405576386,0.9136864506548896
994,200,136,105,True,True,105,0.05428861942642373,2.2536847604064087,0.9209785350833258
995,200,123,104,True,True,104,0.058048182307835976,1.6878897959927122,0.897427364606668
996,200,114,94,True,True,94,0.054114931239395356,2.1698227045665632,0.8085981362242265
997,200,125,100,True,True,100,0.05388000191381585,3.1867761886220687,0.9267662960301879
998,200,112,96,True,True,96,0.05660145991184477,2.7634626283424812,0.9882267995218572
999,200,133,113,True,True,113,0.053702166116311935,2.8385654608696673,0.8856824807176407
1000,200,143,122,True,True,122,0.055269876925168965,2.6077894975641778,0.9875453256526779
1001,200,131,108,True,True,108,0.057444562296222225,1.7543291119392441,0.7977191222231524
1002,200,146,130,True,True,130,0.055857010405782344,1.5392957765783597,0.7330348174017648
1003,200,143,122,True,True,122,0.054202992370487584,1.6342313614812,0.8699710826997029
1004,200,124,99,True,True,99,0.05427518920139942,1.3511929421166304,0.8777537751002374
1005,200,139,120,True,True,120,0.05500861955820682,0.7711505683091167,0.7828428977046551
1006,200,147,120,True,True,120,0.05868885486290891,0.7214526231294233,0.9801795161073983
1007,200,144,112,True,True,112,0.05712222121069317,0.6716982657148355,0.9401049535329564
1008,200,121,106,True,True,106,0.052681423916154185,0.5830651905127878,0.8945294647753103
1009,200,139,116,True,True,116,0.062216657413285345,0.46557237557549624,0.7841784089550007
1010,200,141,126,True,True,126,0.051909296326765636,0.9638977261029782,0.7280187242734258
1011,200,132,121,True,True,121,0.05389289888304732,1.247340771236636,0.7567169416963373
1012,200,138,112,True,True,112,0.052436363381429735,1.6549823449893506,0.8420680761369335
1013,200,130,106,True,True,106,0.05388142958757947,1.6649605710389994,0.8330604612873254
1014,200,144,118,True,True,118,0.06079092762550803,1.938675426501514,0.9356833761729291
1015,200,164,127,True,True,127,0.05614890754388494,2.5817116722998663,0.9662747211393441
1016,200,181,119,True,True,119,0.05613616937863582,2.6644197098656672,0.9501765671208425
1017,200,185,109,True,True,109,0.05892665752973439,2.854753692433944,0.9104014665054467
1018,200,183,126,True,True,126,0.05594108782008906,2.5506115423140576,0.9230415894532352
1019,200,185,138,True,True,138,0.05266930859340892,3.2661876577601796,0.9488916128518122
1020,200,178,120,True,True,120,0.055172388153771956,3.5971935620858067,1.0340606597903566
1021,200,175,142,True,True,142,0.055542824122905135,3.6751148886560827,0.9899069175004497
1022,200,175,126,True,True,126,0.0746216375576301,2.972202041433334,0.9817024446768872
1023,200,168,129,True,True,129,0.05744063279337665,2.7947019152502413,0.9700939546407501
1024,200,172,133,True,True,133,0.05695797999448115,2.9842007567924047,0.94881724387758
1025,200,177,140,True,True,140,0.06057706254084311,2.2432248580731264,0.9208360083409595
1026,200,168,128,True,True,128,0.054777265383467354,2.034581231006556,0.903722318519379
1027,200,172,124,True,True,124,0.0492617667128809,2.1286494331405716,0.9664271703511943
1028,200,177,131,True,True,131,0.05401420976959243,1.3308810633378452,1.053190761879423
1029,200,169,132,True,True,132,0.032705448025656725,1.6657754215037326,0.8733790504109872
1030,200,158,134,True,True,134,0.04815209725282542,0.6655343180450451,0.7601394606948259
1031,200,171,154,True,True,154,0.03313196355425655,0.3855921564707314,0.6223134367760148
1032,200,169,138,True,True,138,0.0537149431889466,0.9121065992815468,0.7782881525716591
1033,200,172,120,True,True,120,0.05108113959785597,1.440323684504582,1.0155252040683287
1034,200,172,123,True,True,123,0.0498665898167584,2.2338624384170065,0.9700501087976661
1035,200,154,120,True,True,120,0.04079914271333964,2.1383375562936764,0.9413644426094545
1036,200,165,122,True,True,122,0.04270802497151741,2.5877547957206604,0.9100079112681226
1037,200,172,132,True,True,132,0.06140464639532505,3.2776396000891808,0.823184738047439
1038,200,183,130,True,True,130,0.045843983253180655,3.2022845518663794,0.989529159163523
1039,200,179,135,True,True,135,0.05900089437595653,3.7438237519105537,0.9482741351713404
1040,200,182,137,True,True,137,0.05526220610925787,3.1703880212284044,0.9888043325266739
1041,200,186,128,True,True,128,0.046333657829771495,3.6056487972274778,0.9448200172340836
1042,200,187,133,True,True,133,0.052009339295443636,3.6372019005769967,1.0078662356214865
1043,200,179,135,True,True,135,0.05330011471251411,3.54617312941024,0.9418789399197426
1044,200,188,142,True,True,142,0.0536256655227739,3.255094476827092,0.9655156448512998
1045,200,180,125,True,True,125,0.06786141462979672,2.8986969327085963,1.0655652663709623
1046,200,165,132,True,True,132,0.0544417230384889,2.7652740578971238,0.9887514689338781
1047,200,159,117,True,True,117,0.05585662187522794,2.797575251147813,0.8575812310142338
1048,200,164,131,True,True,131,0.057069370825011796,2.354464410374025,0.8675896585386937
1049,200,139,106,True,True,106,0.061827757991346495,2.1039353788450526,0.9725115471423197
1050,200,133,108,True,True,108,0.056365207329937446,1.9874471853000801,0.9637763940589761
1051,200,145,113,True,True,113,0.0552926110065886,1.9487297788514786,0.8254642881652401
1052,200,138,118,True,True,118,0.05468812067219212,1.7124419343010349,0.9418614067949777
1053,200,138,106,True,True,106,0.060700494325561155,1.936994328292754,0.8663922041507243
1054,200,129,103,True,True,103,0.05101524879163129,1.9502181028143009,0.978946536795721
1055,200,134,98,True,True,98,0.05014936265536572,3.17026328633615,0.9667292839921695
1056,200,139,120,True,True,120,0.052513347010920086,3.52114882118505,0.9236272683116543
1057,200,147,111,True,True,111,0.04925323838248231,3.782244289223511,0.9291009959757396
1058,200,147,125,True,True,125,0.0578138850644296,3.6805520887477323,0.8861092498315425
1059,200,122,106,True,True,106,0.056597143622889784,3.4890704437957187,0.7747666283917866
1060,200,128,109,True,True,109,0.051651353013721396,3.572087383479544,0.7448238604977881
1061,200,108,95,True,True,95,0.050999592708036105,3.523837124174267,0.8183204520716421
1062,200,113,98,True,True,98,0.05233107528442205,4.176000625006416,0.7587552695303882
1063,200,104,93,True,True,93,0.05384361976921492,5.165980670653955,0.7863750222351332
1064,200,88,73,True,True,73,0.05608301265943659,4.978600110755196,0.8296295318503606
1065,200,88,68,True,True,68,0.05882202031760598,4.256573051566006,0.8278759918703793
1066,200,70,62,True,True,62,0.048277654358952184,4.003435424711959,0.7454417435502739
1067,200,92,78,True,True,78,0.05097877890802018,3.5367767373060532,0.7869155663528413
1068,200,88,79,True,True,79,0.05202349646520134,3.0119308219780936,0.8045820203044572
1069,200,52,46,True,True,46,0.04971769866866639,2.4260721657843396,0.7737817118354032
1070,200,62,55,True,True,55,0.053355201004742524,1.5311705406119265,0.6947673603969063
1071,200,71,62,True,True,62,0.054662557825994204,0.9249191724624217,0.8064540269356296
1072,200,88,69,True,True,69,0.056736419280592795,0.7788482781094018,1.0267974346594235
1073,200,96,76,True,True,76,0.05323152195818965,1.0649042435129499,0.885121867551382
1074,200,93,81,True,True,81,0.04845401738644872,0.238593898135197,0.8190962011111378
1075,200,105,88,True,True,88,0.053640668954027616,0.6760438058525015,0.8256087683090341
1076,200,82,67,True,True,67,0.05047103289633334,0.9855234340803329,0.760498247094281
1077,200,75,58,True,True,58,0.05870381542206083,1.0877891447611396,0.8862807250140676
1078,200,89,80,True,True,80,0.05499422326590157,1.3824624694599537,0.8480478398447056
1079,200,71,60,True,True,60,0.04258831047388768,1.2407030088840427,0.8474298829311939
1080,200,83,73,True,True,73,0.05197988703987669,1.3484819281762757,0.8226145227764566
1081,200,80,71,True,True,71,0.056233101224545896,1.8543082215669646,0.8555988035698678
1082,200,78,74,True,True,74,0.059131619499356795,1.9179071929251523,0.8439102853537398
1083,200,74,64,True,True,64,0.055297521812165844,1.3845413121450363,0.9249607075461758
1084,200,81,77,True,True,77,0.056401722275761505,2.4206142045518018,0.6929829564181428
1085,200,80,69,True,True,69,0.04529648138045823,1.8749645586085624,0.7627304876296599
1086,200,79,75,True,True,75,0.054366357608809,1.8878593662578809,0.720433000125053
1087,200,90,82,True,True,82,0.05185109014368003,1.5687675134038506,0.7116613533769169
1088,200,63,60,True,True,60,0.0542944151843641,1.029605042245161,0.6355950922192769
1089,200,86,83,True,True,83,0.049030910252192896,0.787935683073881,0.6422737225278002
1090,200,68,62,True,True,62,0.05185502476539473,0.7312353070602793,0.7443531871046746
1091,200,72,67,True,True,67,0.052148484320965825,0.38071888616233046,0.7609208258492444
1092,200,79,70,True,True,70,0.04987102584818512,0.5209466924806185,0.7959347929141465
1093,200,119,110,True,True,110,0.054231398026769836,0.8556262668861886,0.6799718403668511
1094,200,118,110,True,True,110,0.058133590114991425,1.3109796702275796,0.7337289787345573
1095,200,103,88,True,True,88,0.052281519228842215,1.3592004085211074,0.751305506369587
1096,200,90,78,True,True,78,0.055520496350178306,1.2138953579986744,0.8328651568530402
1097,200,109,101,True,True,101,0.05489019421610172,1.6664046153707648,0.8262837909035674
1098,200,110,98,True,True,98,0.05705054938520387,0.7337509415147521,0.8458405770949029
1099,200,122,115,True,True,115,0.0520371325193115,0.6859243258434433,0.6716841048912067
1100,200,109,101,True,True,101,0.05706921963923384,1.464802972931433,0.6714416291723155
1101,200,103,101,True,True,101,0.055199243778305485,2.064376381365078,0.762162111826052
1102,200,128,117,True,True,117,0.053951455921600174,2.6419405769941426,0.7712235966575465
1103,200,109,104,True,True,104,0.05871277043662393,3.2136380111427556,0.7851635616904913
1104,200,125,114,True,True,114,0.053869632035060365,3.312463824893841,0.779920743648358
1105,200,123,110,True,True,110,0.05403431612592722,2.420539360805633,0.7061044559827172
1106,200,132,127,True,True,127,0.053246973770994944,2.1590759693168837,0.6813032207734695
1107,200,124,111,True,True,111,0.047560201912694555,2.9882749556317774,0.7990357047568646
1108,200,152,139,True,True,139,0.047155301596296176,3.31475976702934,0.8102113931257905
1109,200,128,107,True,True,107,0.048236369619643164,3.6518935862649142,0.8155712500974375
1110,200,149,135,True,True,135,0.046587592599860256,3.8238222755711626,0.8223379176131813
1111,200,139,118,True,True,118,0.051108791051984806,3.912664285074065,0.8763274262900272
1112,200,142,124,True,True,124,0.04886099151846429,3.843932976698985,0.9190558150043904
1113,200,143,121,True,True,121,0.04873479499646077,3.7196867475139053,0.9435469812451815
1114,200,167,146,True,True,146,0.048045103671952166,3.0424404673201906,0.8145882980230079
1115,200,165,144,True,True,144,0.04558808803942876,2.2889377838883775,0.8099365394432787
1116,200,144,124,True,True,124,0.051164460632438825,1.4950413740691302,0.7250674646578457
1117,200,155,133,True,True,133,0.05115776933125053,1.8182820035712286,0.7879216141803337
1118,200,170,145,True,True,145,0.05251072597441068,1.9739659033461765,0.8246602699381708
1119,200,154,121,True,True,121,0.057522264759133544,2.3914025160936356,0.8690617240372058
1120,200,151,136,True,True,136,0.05159942341563977,2.7415214370976746,0.8052493656899442
1121,200,163,143,True,True,143,0.051670167085138094,2.612507792672552,0.8315657157639306
1122,200,177,156,True,True,156,0.05098593564685134,2.3553004096514587,0.8111664027867951
1123,200,161,138,True,True,138,0.05056679748951903,2.5293021153203203,0.7979495978869638
1124,200,180,162,True,True,162,0.0513390384955309,2.68618601932846,0.793776968646145
1125,200,179,156,True,True,156,0.0511205468150439,2.8152457013820418,0.8539213663232327
1126,200,185,166,True,True,166,0.052999424077501314,2.604480092017684,0.8474714172082217
1127,200,178,152,True,True,152,0.0526936017438733,2.728500055865555,0.7324851898388807
1128,200,165,148,True,True,148,0.051889406875665976,2.600114501909204,0.8582536141230169
1129,200,165,144,True,True,144,0.04871173510892986,3.4083566776394303,0.8801385321763181
1130,200,167,142,True,True,142,0.04816956813456634,3.692529533728033,0.8772313318799886
1131,200,158,129,True,True,129,0.04624778395590459,3.8351983187188696,1.0559016228158151
1132,200,156,131,True,True,131,0.05292433709313393,3.424350375057672,0.7525955742399086
1133,200,147,120,True,True,120,0.05113020313480466,3.7146905115963187,0.8256351068649642
1134,200,147,122,True,True,122,0.05023471080713912,3.4783335309198216,0.8609769109625248
1135,200,159,142,True,True,142,0.058387570854511475,3.044134155422968,0.7734332813221292
1136,200,158,154,True,True,154,0.053365497071000474,2.42286539481765,0.833165529232385
1137,200,165,144,True,True,144,0.0629043078149399,1.7090852022943435,0.886131421977852
1138,200,171,160,True,True,160,0.061301348340945506,1.6255241934485898,0.7489382766504569
1139,200,177,152,True,True,152,0.06324093761737339,2.495942302898365,0.802669346815729
1140,200,181,157,True,True,157,0.05772105030374591,2.5129814115420315,0.8311436771747249
1141,200,190,172,True,True,172,0.06226548567080323,2.445391356140312,0.79272571471214
1142,200,198,187,True,True,187,0.05400370435971438,1.9710351770946046,0.8534546290217382
1143,200,191,157,True,True,157,0.05507671696590992,1.7495336646332649,0.8188443533999114
1144,200,180,158,True,True,158,0.0612415990707377,2.185941388446888,0.8892057616047521
1145,200,170,146,True,True,146,0.05368988318964567,2.5484630171350564,0.836135321652759
1146,200,175,149,True,True,149,0.05548305488351878,2.5005046272796254,0.8420286150613537
1147,200,167,144,True,True,144,0.06291652072325812,2.135868295362954,0.8327953950038394
1148,200,160,134,True,True,134,0.054785817100522834,2.668048565025985,0.9591982303991998
1149,200,169,134,True,True,134,0.04860957406864469,2.170231449116769,0.8077184473090855
1150,200,159,138,True,True,138,0.06506995047896214,1.617913038469765,0.7533568986255493
1151,200,152,147,True,True,147,0.056794277794318324,2.5549753312615033,0.8507253140867602
1152,200,166,137,True,True,137,0.052960541689803964,3.021241220041695,0.8938303976803392
1153,200,147,126,True,True,126,0.057902294451668945,2.8029749344455417,0.8254606433119142
1154,200,168,135,True,True,135,0.06327869740474903,2.1082627181761944,0.9715757756568647
1155,200,162,127,True,True,127,0.057355979770479286,1.9568863970621306,0.8838956043640601
1156,200,160,132,True,True,132,0.054829295542388475,1.7116955373718117,0.9166476620152724
1157,200,147,123,True,True,123,0.059038721905143435,1.6091878230246495,0.7146607287115015
1158,200,140,131,True,True,131,0.05784547023354858,1.7986436006099353,0.802125214450429
1159,200,146,129,True,True,129,0.06030052978001657,1.8693555679432217,0.8710196596370957
1160,200,136,121,True,True,121,0.05570774773284826,1.574293159680046,0.8414770772974675
1161,200,117,98,True,True,98,0.058373789295115025,1.6669245612512098,0.7699604907813121
1162,200,128,102,True,True,102,0.055592757999270756,1.5678354934702374,0.8676300324933099
1163,200,110,89,True,True,89,0.0539602178293283,0.8373820341844574,0.9864264366371652
1164,200,119,108,True,True,108,0.05341398121917342,0.7119931548676631,0.7118725051812097
1165,200,120,108,True,True,108,0.05252772241691005,0.7461299904404037,0.8147387810484098
1166,200,121,99,True,True,99,0.05952027202137658,1.3170165733976624,0.8781700232374354
1167,200,128,101,True,True,101,0.05679719945043705,1.312298191256009,0.9677179448853108
1168,200,126,98,True,True,98,0.058272593217254275,1.3903771098147673,0.895077541643395
1169,200,126,114,True,True,114,0.060267614287644426,1.4778575849787028,0.9151327960732808
1170,200,112,84,True,True,84,0.061181288684596054,1.526304137637285,0.8729797717358717
1171,200,112,98,True,True,98,0.05936082889327975,1.4491653592766,0.9455300278418514
1172,200,125,105,True,True,105,0.06211636722021663,1.7191991860818394,0.8540425839376768
1173,200,111,95,True,True,95,0.055657078701445255,1.9787008437971019,0.9186846477492604
1174,200,111,94,True,True,94,0.05708741114388411,1.7616012010541486,0.9226132756139669
1175,200,102,88,True,True,88,0.05271797738943929,2.2171182227481956,0.8465351137604217
1176,200,107,93,True,True,93,0.05074651556438695,1.939402035720273,0.9465254543069722
1177,200,101,92,True,True,92,0.054433612014186984,1.1015273703117707,0.8838773171185524
1178,200,107,101,True,True,101,0.053981963648374195,0.8584707024920066,0.8035020527105914
1179,200,105,85,True,True,85,0.05897106493157407,1.331546365443823,0.9094452767913469
1180,200,111,96,True,True,96,0.05689032847725909,1.433830150755589,0.9795622642591121
1181,200,98,84,True,True,84,0.05598362069579148,1.3174669442698141,0.9408180447243245
1182,200,110,94,True,True,94,0.05581567059229731,1.3941525335330365,0.8861003721006255
1183,200,113,93,True,True,93,0.05248328830073117,1.8780374417750465,0.9916575107406554
1184,200,121,100,True,True,100,0.0521394245706859,1.683170713680825,0.9708774528650194
1185,200,131,110,True,True,110,0.05563731033928833,1.0924508641434694,0.9494808472933327
1186,200,127,96,True,True,96,0.05246296611746906,1.0323550485269473,0.9716701791839402
1187,200,119,92,True,True,92,0.05196355596355972,1.334231190114982,0.9816455581746538
1188,200,134,103,True,True,103,0.049651366655873004,1.5645348085260502,0.8338100627428838
1189,200,158,122,True,True,122,0.05058928858825369,2.0542962334377894,0.995624452061311
1190,200,165,120,True,True,120,0.05339389808368875,2.420592490491384,0.8888374467136477
1191,200,167,130,True,True,130,0.054533493102291296,2.524794090841427,0.9492934035208594
1192,200,172,113,True,True,113,0.05218663482588498,2.7240618114707926,0.8860449592431967
1193,200,175,124,True,True,124,0.05255913970832066,2.758410854255513,0.9545074154483795
1194,200,180,130,True,True,130,0.05439595470563699,3.048906335387073,1.0694028814733845
1195,200,182,136,True,True,136,0.055803523919648976,3.2741708602097224,0.9576800362329274
1196,200,190,153,True,True,153,0.05252464372505261,3.644811581146144,0.9775459485271268
1197,200,169,129,True,True,129,0.04898156302142674,3.9274512856698025,0.9268251194258197
1198,200,163,120,True,True,120,0.042408717165697496,3.480824207975639,0.9728471931171071
1199,200,179,140,True,True,140,0.049629180504647555,2.612761815040886,0.8872207337355829
1200,200,166,129,True,True,129,0.04857356230190353,2.3527058161522634,0.8457735345381308
1201,200,170,134,True,True,134,0.05075687085982186,2.450023620919668,0.8524125109151373
1202,200,173,140,True,True,140,0.05291263935076729,2.705102104299324,0.8172931063805622
1203,200,168,126,True,True,126,0.019385203334132677,3.006898614540347,0.936178286379303
1204,200,181,155,True,True,155,0.04620289063249146,3.071377162889351,0.8996847915143171
1205,200,177,133,True,True,133,0.040453573089873705,2.5961380032183947,0.9710235189349169
1206,200,171,134,True,True,134,0.04590681371409139,2.3422593722736544,0.8885017146984128
1207,200,176,138,True,True,138,0.03467826753464022,1.7550558753997854,0.9267776954850021
1208,200,185,140,True,True,140,0.042779980707334485,2.1713666590430356,0.8741038796955108
1209,200,182,135,True,True,135,0.04949368155798131,2.198038331897447,0.970012142073096
1210,200,182,157,True,True,157,0.040339608782671336,2.366120358978681,0.9969708119434549
1211,200,184,146,True,True,146,0.04405755214570825,2.5235217626786697,0.8914197567484249
1212,200,186,155,True,True,155,0.04444577763755248,2.231562551888138,0.8775434392780342
1213,200,182,146,True,True,146,0.043394740430971405,1.8853773380091536,0.7972931244802938
1214,200,187,141,True,True,141,0.03403530340679538,1.9843186343818782,1.012671829898732
1215,200,173,138,True,True,138,0.042609760086895015,2.594972190650304,0.9465484125956033
1216,200,169,125,True,True,125,0.049435641684326764,3.2547788430438676,0.9493940585722335
1217,200,167,127,True,True,127,0.04205520124659674,3.2695283048701698,0.9774200661263249
1218,200,164,101,True,True,101,0.044128792845403615,3.8186666347294222,1.0355981387545823
1219,200,164,137,True,True,137,0.04516305267165397,3.41052336202032,0.8838976436040522
1220,200,165,133,True,True,133,0.04707132704170609,2.771430216951561,1.0371306287198188
1221,200,168,121,True,True,121,0.04759015426687593,2.253449652887562,0.9088692815098472
1222,200,155,127,True,True,127,0.052896823411437276,2.121174735249864,0.932813722877787
1223,200,151,128,True,True,128,0.052292886267810965,2.083054619377071,0.9643528171526136
1224,200,140,117,True,True,117,0.05731776715896307,2.2161845129687077,0.9904600601570666
1225,200,149,119,True,True,119,0.04087055682612173,1.9972967830666732,0.9992074099138543
1226,200,153,124,True,True,124,0.043258857506116764,2.098388734162018,0.871917634108695
1227,200,150,132,True,True,132,0.052667672198382955,2.179532570451346,0.962453379053216
1228,200,144,119,True,True,119,0.05234879277308746,2.3046920993873807,0.9273718110388156
1229,200,136,111,True,True,111,0.04861189040257272,2.4195903846068387,0.7891005977791773
1230,200,128,106,True,True,106,0.049753314206682185,2.085379608101513,0.8659595058989318
1231,200,136,125,True,True,125,0.04725446146286564,2.364803223328973,0.9195510909934068
1232,200,132,110,True,True,110,0.045015169821984946,2.9816827334220917,0.9566800780504429
1233,200,133,117,True,True,117,0.05003781273733727,3.076768289655153,0.739455137596256
1234,200,125,118,True,True,118,0.05211623933972143,2.6463294297662237,0.765406445797766
1235,200,120,113,True,True,113,0.054383442618386055,2.478623274436736,0.7042736172087171
1236,200,111,100,True,True,100,0.049492281934695896,2.489175178164021,0.8043770201989998
1237,200,95,87,True,True,87,0.050264341616529325,2.4356811423052678,0.813510773515208
1238,200,96,87,True,True,87,0.05056760792415663,2.9953161975836298,0.734250536529077
1239,200,91,78,True,True,78,0.04755268971797096,3.4991353746160003,0.8164313549837114
1240,200,79,69,True,True,69,0.04816209114206525,3.867085393723139,0.9084886436066464
1241,200,80,74,True,True,74,0.04960288570081998,3.282903908119299,1.0004502776522124
1242,200,100,87,True,True,87,0.046611855634824666,2.2192141999868524,0.7969952715208855
1243,200,78,71,True,True,71,0.04292582728481322,1.9496229114400012,0.7521686327649038
1244,200,76,67,True,True,67,0.05221781594196124,2.0098173659068146,0.7033107066405587
1245,200,90,79,True,True,79,0.04887664433507357,2.0731907830580005,0.7578122018237147
1246,200,68,63,True,True,63,0.046825136648660136,1.7652607622082317,0.8262155235990983
1247,200,50,41,True,True,41,0.048031523166974115,1.271163352314164,0.6093308468869194
1248,200,61,54,True,True,54,0.05028872360616671,1.3242650754352718,0.8059027517235815
1249,200,69,62,True,True,62,0.052108910605758105,0.9879605560412514,0.7165241042983125
1250,200,79,68,True,True,68,0.05526416331614412,0.7811700222382129,0.7186462767026305
1251,200,89,74,True,True,74,0.04786990103811001,0.6403279511769864,0.7382402318594491
1252,200,105,90,True,True,90,0.04956607855073748,0.5940729781310675,0.8418005781970587
1253,200,77,61,True,True,61,0.04659017199766859,1.2138827405072516,0.8456209666344165
1254,200,63,59,True,True,59,0.04481655299251713,1.1109942052674326,0.7272169798989935
1255,200,48,44,True,True,44,0.04881507660111211,1.2053709585830192,0.7338474775402949
1256,200,70,64,True,True,64,0.05343648155456212,1.2517809278308007,0.7284123760773741
1257,200,89,73,True,True,73,0.057558785011060466,1.7426105749597687,0.867493852908186
1258,200,90,73,True,True,73,0.052374259006435615,1.820696881345566,0.8288802508075102
1259,200,91,82,True,True,82,0.05612836656366407,1.819981825706399,0.8359554174882613
1260,200,64,55,True,True,55,0.04997707486271558,1.8793822545385228,0.8213838071340291
1261,200,96,86,True,True,86,0.048240440043796885,1.8825354291151406,0.836812646444272
1262,200,74,70,True,True,70,0.04733304841547841,2.11772137237077,0.8462948397525654
1263,200,90,77,True,True,77,0.05443900274366173,1.96166795909538,0.7254381147049004
1264,200,76,69,True,True,69,0.04553380519755652,1.3199466493088436,0.8355761162031317
1265,200,89,79,True,True,79,0.052259944832610816,1.1531265840904696,0.689026654173971
1266,200,95,87,True,True,87,0.054703413832164205,1.4146580410590686,0.7529154780658457
1267,200,100,87,True,True,87,0.0603407473782733,1.42729395514026,0.7084790172587239
1268,200,107,102,True,True,102,0.05983747429337127,1.0105286554758506,0.6966070290925074
1269,200,79,74,True,True,74,0.059077191597228546,0.545410894757527,0.7875226029006233
1270,200,85,74,True,True,74,0.06270417631116135,0.9976146776750052,0.7866371501226471
1271,200,104,92,True,True,92,0.057103604274925876,1.329955811947571,0.7910486668513285
1272,200,107,94,True,True,94,0.05562214204773,0.9738033211473811,0.7894060513457855
1273,200,111,101,True,True,101,0.05294788075351876,0.750984852076275,0.6667840694145337
1274,200,98,88,True,True,88,0.05102847790525254,0.7763207297331064,0.7723699267158003
1275,200,85,80,True,True,80,0.05570182156220569,1.5744989966016167,0.739611200076677
1276,200,99,91,True,True,91,0.057484456602732846,1.98199321921731,0.820959837176819
1277,200,116,106,True,True,106,0.05010751731789003,1.6747753198303363,0.7904538371818081
1278,200,104,98,True,True,98,0.06391939899091957,1.731715311480433,0.7698792741106608
1279,200,123,112,True,True,112,0.05936028510121476,2.006638203134807,0.6644638014444036
1280,200,135,122,True,True,122,0.05502200835129287,1.9934237409516424,0.8638815898953623
1281,200,131,119,True,True,119,0.04984120303133954,2.2266650404141504,0.9879125417350078
1282,200,131,111,True,True,111,0.04766380133716345,2.828774814885841,0.8237508949068851
1283,200,135,119,True,True,119,0.048725200205508634,3.303479671481039,0.8348168422624048
1284,200,137,111,True,True,111,0.05241847163822851,3.4705205617348107,0.8902136061311058
1285,200,145,123,True,True,123,0.04769642909270796,3.1949119900901746,0.918670199966645
1286,200,158,136,True,True,136,0.0479287325536973,2.440302713542186,0.9176586048433388
1287,200,147,130,True,True,130,0.0440346363278198,2.1292040051823324,0.7963730124554821
1288,200,148,124,True,True,124,0.05064834431732985,2.108978724144536,0.7556655294316521
1289,200,147,120,True,True,120,0.04926106460653709,2.11879943534048,0.8313543564841542
1290,200,164,135,True,True,135,0.05292947201519359,2.065857284700512,0.755127370198889
1291,200,163,121,True,True,121,0.05311572914677828,2.1060769731365925,0.7724508223064991
1292,200,169,153,True,True,153,0.05183094275265854,2.2054965250586256,0.7357983463205985
1293,200,169,147,True,True,147,0.05528035993750239,1.9981149630983304,0.7678641049851679
1294,200,143,127,True,True,127,0.04966554216897721,1.9299672616496626,0.7511113545917
1295,200,166,158,True,True,158,0.04704207785136752,1.7155973927818475,0.6791292629053232
1296,200,174,160,True,True,160,0.04792242253298729,2.308457197463794,0.8140770161703506
1297,200,179,162,True,True,162,0.05014448296710118,2.753174141480984,0.9005253177620381
1298,200,181,156,True,True,156,0.05698427100819517,3.126703200933221,0.8855375576184571
1299,200,182,160,True,True,160,0.05134951680489081,3.3667669501538247,0.7754748168125973
1300,200,189,156,True,True,156,0.05912431624422479,3.072608192646187,0.7585298858705157
1301,200,182,140,True,True,140,0.05451167019551118,3.2633969261262155,0.930683028676846
1302,200,157,127,True,True,127,0.05823402954054247,3.2223452621989668,0.9234298050591351
1303,200,162,134,True,True,134,0.054068744798531944,3.1228568640173426,0.8743453058570078
1304,200,166,151,True,True,151,0.049191116495367344,3.1151476273145997,0.8364751257090373
1305,200,157,133,True,True,133,0.04858496326764267,3.414177197019857,0.8440735758226385
1306,200,153,125,True,True,125,0.05765814100983179,4.389772245318168,0.8886088845544647
1307,200,161,142,True,True,142,0.052699295009114286,4.194098397053773,0.8642647034260769
1308,200,168,147,True,True,147,0.05163348982592906,3.722785070435451,0.7986264832118554
1309,200,163,146,True,True,146,0.05468531956897337,3.130305724983004,0.7492360169174552
1310,200,161,145,True,True,145,0.05427105240032616,3.053987992972064,0.7599339618817392
1311,200,165,139,True,True,139,0.05426608641733826,3.1110154606020526,0.7245967373431845
1312,200,175,166,True,True,166,0.04739724912857868,2.708079960467752,0.7528487481119973
1313,200,184,159,True,True,159,0.051658653394947664,2.32637548999211,0.8902590925213926
1314,200,199,184,True,True,184,0.047187243358973965,2.3529162525801968,0.8809508216449821
1315,200,200,173,True,True,173,0.050819021154534925,2.1897522183254368,0.8186466429492701
1316,200,195,174,True,True,174,0.0495055884181264,1.7592377026567736,0.8679365564999864
1317,200,197,173,True,True,173,0.04541483475114968,1.6654257562616452,0.7538119215268126
1318,200,199,177,True,True,177,0.05164020229822672,2.299984204077902,0.787307774502494
1319,200,191,159,True,True,159,0.052871984966958156,2.9170513425673223,0.8455678678735076
1320,200,188,151,True,True,151,0.053123911439244706,3.2234358071440306,0.8207514875632403
1321,200,190,162,True,True,162,0.05668442497446035,3.2569310345885065,0.8528256573203276
1322,200,185,159,True,True,159,0.054141206095022154,2.9251070052824923,0.9285963974458042
1323,200,189,176,True,True,176,0.05400534064411621,2.1094071241421797,0.8294274139275456
1324,200,181,166,True,True,166,0.049662577716702704,1.7151786620608447,0.8186121912888282
1325,200,183,161,True,True,161,0.04579612794388724,2.357371223386107,0.8416742942272873
1326,200,176,150,True,True,150,0.04926783839032155,2.7286149133895936,0.8744286745454958
1327,200,172,134,True,True,134,0.04838608875519913,2.94592812461717,0.7772082770558079
1328,200,152,132,True,True,132,0.04786492424680279,3.357920161656318,0.8715513080823932
1329,200,133,110,True,True,110,0.045546295811628064,3.7157195594654793,0.9106735674807794
1330,200,126,99,True,True,99,0.04374737218315298,3.6784507278060814,0.892550683239884
1331,200,116,98,True,True,98,0.04844911770457576,2.309476389756952,0.9642658130807302
1332,200,120,92,True,True,92,0.04837440213179613,1.6623573165527314,0.8031757926641946
1333,200,116,104,True,True,104,0.0461051208457731,1.469766993087648,0.8834470279344756
1334,200,108,96,True,True,96,0.04820655728118505,0.6894696846331487,0.8951835309654305
1335,200,113,101,True,True,101,0.04428439390326603,1.2320301971977257,0.8883440354277977
1336,200,135,112,True,True,112,0.048394265420807735,1.9802274185899391,0.8465497558248936
1337,200,139,111,True,True,111,0.0501082852216487,2.0103765513476297,0.8261527514251221
1338,200,135,115,True,True,115,0.052895310952018264,1.7939705380047435,0.931892569758165
1339,200,112,91,True,True,91,0.04506724749296859,1.588051254939745,1.0188202257925283
1340,200,124,103,True,True,103,0.044524736178118425,1.3624692507383127,0.8876301503298273
1341,200,108,92,True,True,92,0.04481589919773241,1.4791574065950424,0.9392458802250765
1342,200,97,84,True,True,84,0.04443885988008715,1.355767458612176,0.9435963155450544
1343,200,87,77,True,True,77,0.048976642997253676,1.4893306541044402,1.0047888422131803
1344,200,111,91,True,True,91,0.04966399011829085,1.5171197634956557,0.8151309613085196
1345,200,120,90,True,True,90,0.048819457840340245,1.5220410824000996,0.8988059954396271
1346,200,118,101,True,True,101,0.05858313613289172,0.8346464928398237,0.716240414973122
1347,200,123,101,True,True,101,0.04894826023425823,0.978972132438766,0.9725224132185968
1348,200,102,91,True,True,91,0.04830847111644979,1.2586662847473533,0.9135732661289537
1349,200,103,91,True,True,91,0.044518580720838745,1.986268923660459,0.7565355989296827
1350,200,123,102,True,True,102,0.046538962115652824,2.2890758184158693,0.8893786278958397
1351,200,148,110,True,True,110,0.04422149931153808,2.0931719414761725,0.8549352011773896
1352,200,135,96,True,True,96,0.04977612863574637,2.384613051944392,0.9805073867672544
1353,200,135,101,True,True,101,0.04720215469045535,1.7846250796418324,0.910740978366251
1354,200,127,107,True,True,107,0.04249736448189137,1.4129964100316754,0.7245637837075056
1355,200,114,87,True,True,87,0.04564697682703682,1.3349768939037328,0.8969207354152735
1356,200,140,114,True,True,114,0.048145189309110145,1.3235177844363686,0.6988591297243549
1357,200,152,116,True,True,116,0.04792569583571795,1.6982387931288476,0.8204469446793206
1358,200,155,102,True,True,102,0.04790803411010004,1.9758256125227782,0.8832392252269353
1359,200,165,115,True,True,115,0.04711209244363415,1.9264961153711953,0.8581368839578717
1360,200,173,123,True,True,123,0.050487041597570656,1.7400799292405387,0.7896512608129164
1361,200,173,111,True,True,111,0.050184284584742514,1.2229127619847369,0.867615091896144
1362,200,167,107,True,True,107,0.045478835054382126,1.2089365138756403,0.8367126632794221
1363,200,146,97,True,True,97,0.043840827292773235,1.6513293458905987,0.9096199949691297
1364,200,148,99,True,True,99,0.04301535713144848,1.706960531933727,0.9052178960977665
1365,200,147,81,True,True,81,0.04222134484058392,1.7155051257745941,0.9561506389460311
1366,200,153,100,True,True,100,0.044460882418817446,1.5144208284660563,0.9568402534082453
1367,200,164,114,True,True,114,0.039290386155795394,1.3405281605865185,0.8300235105818577
1368,200,157,110,True,True,110,0.04624721570817179,2.1676596222738684,0.9516300925728588
1369,200,159,112,True,True,112,0.04139759136934092,2.1497773651240495,0.9465430910064521
1370,200,170,129,True,True,129,0.045722251227348916,2.7558772359168655,0.9741376475072768
1371,200,187,141,True,True,141,0.04507856809899739,3.0983122361386957,1.0433410170723243
1372,200,197,160,True,True,160,0.03950882577315202,2.9105037544151715,0.9725187643332478
1373,200,188,136,True,True,136,0.03823302108145031,2.8154922597406595,0.9615943308743405
1374,200,174,137,True,True,137,0.04031510478819808,2.997077883012049,0.9357637600100552
1375,200,159,138,True,True,138,0.03448589856766714,2.829034972921283,0.9764975430699057
1376,200,158,120,True,True,120,0.03749767274126876,1.6266552319221979,0.7976106898928685
1377,200,159,129,True,True,129,0.03707153034677585,2.743193425541209,0.984127118050528
1378,200,154,125,True,True,125,0.04547442365785067,2.6758956606757924,0.9721387639861817
1379,200,144,118,True,True,118,0.028563523096251306,1.495907244615925,0.8252067246153371
1380,200,144,124,True,True,124,0.04957262739639968,2.2203840498060736,0.8576460256427392
1381,200,144,117,True,True,117,0.047609710874162554,2.75252750424469,0.9049274333495456
1382,200,162,126,True,True,126,0.045931319549398844,2.381599372798512,0.875047211206493
1383,200,165,141,True,True,141,0.028033780142797678,2.061170279443129,0.9223165507721618
1384,200,161,135,True,True,135,0.04164068312134415,1.6193800117464296,0.9577046429191752
1385,200,155,131,True,True,131,0.029194826180178626,1.1531226147185536,0.9115798289561664
1386,200,134,116,True,True,116,0.04109776541829194,1.6876941639604954,0.9193848447482506
1387,200,153,129,True,True,129,0.04167936448015144,2.0346222934065183,0.9293408821132944
1388,200,175,143,True,True,143,0.04365260120661019,2.700565993849045,0.8488837791715825
1389,200,154,122,True,True,122,0.04448877877435651,2.6234109359044266,0.8761281888028506
1390,200,160,132,True,True,132,0.041944509933374764,2.9044301679019524,0.9156831850821754
1391,200,157,130,True,True,130,0.04243305303531384,2.430500343213584,0.9423167348904065
1392,200,160,130,True,True,130,0.045542721909183057,3.051241046053128,0.9509418518882783
1393,200,161,132,True,True,132,0.04058808320825142,3.64277598108475,0.9247394793470615
1394,200,175,129,True,True,129,0.047887423578982714,3.641637126299703,1.0404148646958444
1395,200,186,141,True,True,141,0.043350309213061995,3.606321616810819,1.0651581073031038
1396,187,162,120,True,True,120,0.046867014262894156,3.278499615386857,0.9637689767477876
1397,200,168,130,True,True,130,0.04835656379559722,2.930494767336212,0.967237441834591
1398,190,144,113,True,True,113,0.040182553679699605,3.475081611249986,0.9060213502703715
1399,200,138,108,True,True,108,0.05025433328605116,3.0185793415907667,0.8566004082324397
1400,200,148,129,True,True,129,0.0500052923900249,2.536484260653947,0.92587113170318
1401,200,142,130,True,True,130,0.053550376203440796,2.134567465225723,0.8465726196373181
1402,200,137,120,True,True,120,0.05333091328625321,2.0513857612386963,0.9309093113008354
1403,200,134,115,True,True,115,0.048855956606566164,2.180414949524739,0.8910006687933489
1404,200,137,123,True,True,123,0.05155027845708873,2.156693308809993,0.9316330171684601
1405,200,144,117,True,True,117,0.048760180249077585,2.074492937889237,0.8910536027577589
1406,200,138,109,True,True,109,0.04483417119742131,1.9562062564463478,1.0173386462287661
1407,200,141,121,True,True,121,0.039431975897036516,1.983031221530594,0.8793021342735563
1408,200,144,113,True,True,113,0.04291141657383276,2.4075488857066514,0.8147797332261796
1409,200,131,106,True,True,106,0.0459322023179976,2.3649395462124034,0.9372066582710467
1410,200,139,119,True,True,119,0.04657612915971062,2.3671846366744234,0.8781704792781829
1411,200,123,103,True,True,103,0.04742155482752522,2.106572499044415,0.8127517997811394
1412,200,100,95,True,True,95,0.04891890615032466,1.9424041021996978,0.8095887883353712
1413,200,97,85,True,True,85,0.047317093328935654,1.9719747037317104,0.7286428503454611
1414,200,89,83,True,True,83,0.04844654038085397,1.961724739605762,0.7221923592641021
1415,200,101,95,True,True,95,0.05061584869047243,2.194686613124017,0.7914377892897099
1416,200,82,71,True,True,71,0.04796889182681681,2.8561683775571636,0.9048000864494428
1417,200,90,77,True,True,77,0.05280344896036473,2.905343345973896,0.86337232628034
1418,200,78,66,True,True,66,0.046961898029157005,2.5465782197706104,0.8579163773094219
1419,200,97,74,True,True,74,0.04576968416039556,2.4067274135400814,0.8684883484081545
1420,200,72,63,True,True,63,0.04794702114605525,2.428211350740326,0.8733392099535042
1421,200,59,55,True,True,55,0.05134955693349366,1.9246565645578568,0.6991329722813261
1422,200,91,74,True,True,74,0.0515144673497449,1.5481790170951544,0.9127160685320069
1423,200,91,79,True,True,79,0.04795426926633453,1.2179715540977978,0.8234275766792138
1424,200,74,67,True,True,67,0.05306718174286748,1.2038237241839131,0.6508276069573578
1425,200,96,82,True,True,82,0.053377284403318646,1.9805219353166479,0.8524405207631666
1426,200,79,67,True,True,67,0.050359289646834324,2.049454863012626,0.862460774740806
1427,200,68,55,True,True,55,0.06274829163161433,1.9159165615355394,0.7810329316976703
1428,200,94,84,True,True,84,0.05089279701005807,0.5764278187370145,0.7838080848840915
1429,200,100,88,True,True,88,0.04829067089778223,0.7402038460041508,0.7141796534962268
1430,200,94,87,True,True,87,0.05233017575080977,1.3944709417704526,0.9334361493542604
1431,200,98,87,True,True,87,0.053512213861512475,1.2758355860022013,0.8096078647956132
1432,200,83,76,True,True,76,0.0539417760426415,1.6987333399481757,0.9049423827354738
1433,200,108,98,True,True,98,0.05248516655776904,1.396290152354656,0.812004750355756
1434,200,92,81,True,True,81,0.05122657705781134,1.6860649985154224,0.8034418862431664
1435,200,80,74,True,True,74,0.04893689537874518,1.4719766055256607,0.6813469946451433
1436,200,108,91,True,True,91,0.05018943723067502,1.657095097048248,0.8200067780615853
1437,200,91,81,True,True,81,0.05449644075938598,1.9619140310368879,0.97885555203076
1438,200,98,87,True,True,87,0.052745791881447325,1.8062067660923937,0.9466615161580116
1439,200,80,72,True,True,72,0.052911556769128364,1.7121064865624804,0.8530134303452329
1440,200,88,78,True,True,78,0.058140135814388524,1.4186113667478453,0.8343733303691199
1441,200,105,96,True,True,96,0.056797678163679824,1.227463303520592,0.770900298378148
1442,200,106,96,True,True,96,0.056811365266687175,0.8821785472094257,0.7861160108701949
1443,200,101,89,True,True,89,0.05461961272763517,0.6346216464751406,0.7320188199236599
1444,200,89,77,True,True,77,0.06415179140750678,0.9300180754116504,0.7989798337916466
1445,200,109,100,True,True,100,0.058129424625672575,0.9443666023780521,0.7129465406881642
1446,200,103,93,True,True,93,0.059469084428118116,1.0512444841099302,0.7817493750873296
1447,200,107,101,True,True,101,0.05735143296328466,1.8902679747940347,0.8017267417445245
1448,200,109,86,True,True,86,0.05839801055261342,1.9627027650801023,0.7596030842436154
1449,200,72,57,True,True,57,0.051323517351640126,1.486441309696731,0.785352276548989
1450,200,109,103,True,True,103,0.052077670779506736,0.5048732798255234,0.7905676724870836
1451,200,93,78,True,True,78,0.052476358868241195,0.8122376604189856,0.7853246549137468
1452,200,101,94,True,True,94,0.05036215759484843,1.4542549974577594,0.6260969936328226
1453,200,109,92,True,True,92,0.0539312195547872,1.9996547730800598,0.733979510104116
1454,200,120,103,True,True,103,0.05389003640063656,2.158728599202491,0.962640663668826
1455,200,109,96,True,True,96,0.05102619701844974,2.2069994273537015,0.8476435183491456
1456,200,107,102,True,True,102,0.05665207834388498,2.346516662544811,0.7837011601475617
1457,200,128,108,True,True,108,0.056819990716781746,2.197397058971441,0.8140300931431123
1458,200,138,126,True,True,126,0.05677509642181467,2.650218463431729,0.8738792298086253
1459,200,140,117,True,True,117,0.055911478976117826,3.2932836704240094,0.807104621951245
1460,200,149,128,True,True,128,0.0539708409653437,3.602309445423263,0.9135280730286208
1461,200,154,127,True,True,127,0.05293306174446366,3.3838561291062863,0.8977840008536464
1462,200,169,135,True,True,135,0.05297849300005699,3.040360916808605,0.8990046520950722
1463,200,163,129,True,True,129,0.05292454962901004,2.9387466241359292,0.8408347404810472
1464,200,158,123,True,True,123,0.05506825159899949,2.557969684460322,0.8277877432794088
1465,200,166,131,True,True,131,0.06051787939913503,2.1175128630441504,0.8222290429660295
1466,200,167,127,True,True,127,0.053658635606942576,2.048642020605086,0.7952664906875724
1467,200,165,128,True,True,128,0.060792629593605624,1.9579637150975275,0.7713091073203598
1468,200,169,149,True,True,149,0.055889948830286605,2.0887266620712897,0.7432086309127277
1469,200,177,148,True,True,148,0.0521928243929911,2.9066083230666093,0.8479131938399272
1470,200,175,157,True,True,157,0.05281647489088458,2.9783449181873407,0.9055781457074291
1471,200,178,148,True,True,148,0.05698836241747555,2.593418149738187,0.8682098624343138
1472,200,174,157,True,True,157,0.052848743237120265,2.1478380060588864,0.7494748631027508
1473,200,180,160,True,True,160,0.05035925059891422,2.146842749581163,0.8457615321432315
1474,200,185,172,True,True,172,0.05202013281022626,2.6585233841602456,0.8376396637381164
1475,200,183,137,True,True,137,0.05929602997182512,2.9394604640698785,0.9449071953422028
1476,200,177,149,True,True,149,0.05803116055583642,3.4938892383490137,0.9379091561962587
1477,200,172,148,True,True,148,0.05407039150315948,3.3542927892379293,0.9247972564759513
1478,200,168,141,True,True,141,0.05250693836376129,2.8587206648978,0.8235638368985783
1479,200,164,137,True,True,137,0.040879341939921626,2.696941426791269,1.0379922488891182
1480,200,158,122,True,True,122,0.040871718362167804,3.127113565886317,0.8824278342433894
1481,200,166,137,True,True,137,0.05060659610346208,4.025024873915684,0.7426947505801009
1482,200,144,128,True,True,128,0.04289053834621132,4.988931161555053,0.7859001667290407
1483,200,144,125,True,True,125,0.054870243794176904,4.189483527377189,0.8065093530346952
1484,200,155,144,True,True,144,0.05095832034634554,3.8377417784039483,0.8023423529325128
1485,200,158,127,True,True,127,0.04876025749786853,2.9678208048526944,0.8840135753509173
1486,200,162,147,True,True,147,0.05052386862705922,2.4995565674159432,0.820728768059729
1487,200,167,143,True,True,143,0.06030220328504256,1.8509116161388288,0.7522207330768533
1488,200,184,173,True,True,173,0.05211403676259041,1.6298555948249693,0.763128604387676
1489,200,192,168,True,True,168,0.04084930960793577,1.5094373989377026,0.8447929214981883
1490,200,186,158,True,True,158,0.050257188350835744,1.5912000113558804,0.8185297476444056
1491,200,190,161,True,True,161,0.050430581821770994,2.0200728891192723,0.8919593394372078
1492,200,194,167,True,True,167,0.05119341968429035,2.3284887714946723,0.8771406138974434
1493,200,196,177,True,True,177,0.0455926383829439,1.8658781505807578,0.7986950777258905
1494,200,192,152,True,True,152,0.04500919189914292,1.4529721427667288,0.8581804324879293
1495,200,191,169,True,True,169,0.0443285505556589,1.9618154090026223,0.9231603597966698
1496,200,193,167,True,True,167,0.051470130590736025,1.993470107883377,0.7744955121345195
1497,200,195,171,True,True,171,0.0489246514456624,2.647950950480724,0.7744095032472643
1498,200,198,178,True,True,178,0.05216798396962049,2.8428266410834495,0.7726036114288808
1499,200,194,169,True,True,169,0.054139127956835995,2.4616039382364856,0.8002678905784555
1500,200,189,166,True,True,166,0.052711263254379935,1.7991693824642325,0.8622826727028945
1501,200,192,158,True,True,158,0.05325816836402977,1.7690537414620127,0.8752155366353462
1502,200,190,152,True,True,152,0.0500518526815274,2.043747373715403,0.9141760138115763
1503,200,197,162,True,True,162,0.04760085188917102,3.180087679332618,0.8808208210909598
1504,200,189,154,True,True,154,0.054090553980851455,3.8897724639369478,0.928774206690891
1505,200,184,142,True,True,142,0.06316800862752048,3.741747940789624,0.9655889786219224
1506,200,172,147,True,True,147,0.054742179437779384,3.2135527940199267,0.9283708920483705
1507,200,178,153,True,True,153,0.05433922523803947,2.4476583018783615,0.9188405971570063
1508,200,157,132,True,True,132,0.05034177732569628,2.2492321144943443,0.7975820955487165
1509,200,132,119,True,True,119,0.05412449390258431,1.5565117883824053,0.886717046696854
1510,200,119,104,True,True,104,0.05610520922687209,1.7776060202529667,0.8986776714267039
1511,200,117,95,True,True,95,0.05809734013464671,1.7946462251685609,0.8422007524299232
1512,200,116,101,True,True,101,0.054779533828359185,1.4953765289136727,0.7823194923217867
1513,200,115,103,True,True,103,0.05687638376379523,1.6056268694892009,0.8546569489784163
1514,200,98,82,True,True,82,0.056929813940376925,1.6973713503080783,0.8470380954669334
1515,200,102,75,True,True,75,0.05479558979542075,1.2825170883032593,0.9685743542374792
1516,200,115,92,True,True,92,0.054413267500566444,0.9616023087146591,0.9498519165684589
1517,200,115,96,True,True,96,0.050945973643164395,0.7492396324799662,0.9537969818443501
1518,200,119,99,True,True,99,0.05494132638495844,1.046735919357648,0.8254593740978705
1519,200,113,96,True,True,96,0.054931164747710606,1.5982552360975442,0.9068858977592984
1520,200,92,81,True,True,81,0.05933515036819255,2.0799360339921855,0.8155869650501884
1521,200,105,94,True,True,94,0.05965610073501326,1.7209065290821068,0.8527367181066635
1522,200,115,94,True,True,94,0.05788969840968807,1.959228392590074,0.8144968825872466
1523,200,80,69,True,True,69,0.05468236819953382,2.088574819490572,0.7679903302283155
1524,200,103,90,True,True,90,0.05822112197738101,1.8100102576941572,0.9396478236277588
1525,200,105,89,True,True,89,0.06340295861009485,1.838782350273039,0.879275840895874
1526,200,123,99,True,True,99,0.059819799242424504,2.342495014515045,0.9376435453798587
1527,200,122,107,True,True,107,0.054276923759794274,2.7870758927480597,0.8587746425486642
1528,200,126,109,True,True,109,0.05694511471275321,2.6463424386689804,0.9770762732077424
1529,200,135,112,True,True,112,0.055920989938324006,2.1573241407331283,0.8681717223504452
1530,200,121,98,True,True,98,0.056668943694405,1.700634467112463,0.7906100606005827
1531,200,141,115,True,True,115,0.05755188757588252,1.4799779611004555,0.8717078373462865
1532,200,157,124,True,True,124,0.06037258807998195,1.593783561727804,0.7355109634911
1533,200,147,113,True,True,113,0.05867422257550809,1.7357292969713536,0.9395477055583682
1534,200,174,125,True,True,125,0.0611529443316029,2.220796854892782,0.9961923191778649
1535,200,181,130,True,True,130,0.05964865400411564,2.3770360534631134,0.9373379447776229
1536,200,179,146,True,True,146,0.057196693598341335,2.2633602897026237,0.808711751043279
1537,200,171,125,True,True,125,0.05428410460288353,1.3835559608667332,0.8379967839168401
1538,200,176,131,True,True,131,0.05089536081916928,1.1373993666461122,0.9824945731761323
1539,200,176,140,True,True,140,0.05378495374447679,1.736656079151288,0.7501755786006591
1540,200,185,147,True,True,147,0.055212871998820336,2.373272908159712,0.8995132498880871
1541,200,192,161,True,True,161,0.052400842926517824,3.058246689005399,0.9734072890546576
1542,200,177,144,True,True,144,0.05998378748875037,2.7668857717294264,0.9339585408074565
1543,200,173,152,True,True,152,0.05373648499698346,2.362240157533095,0.9231100353259543
1544,200,167,140,True,True,140,0.05432361027260621,1.7847265150990836,0.9415591340614362
1545,200,174,128,True,True,128,0.055031437705520984,1.524408751008599,0.8692760570657886
1546,200,173,126,True,True,126,0.04711723165147517,2.07668378016108,1.0165043204596442
1547,200,177,114,True,True,114,0.06558076114214476,2.6571997337293456,1.08634767429714
1548,200,183,131,True,True,131,0.05624562799280734,3.8384999590215254,0.8689357574689978
1549,200,177,109,True,True,109,0.004910314896561946,4.561747773897973,1.1077943950342253
1550,200,175,118,True,True,118,0.051318746845252304,3.348119772476516,1.03487853654136
1551,200,167,117,True,True,117,0.041573326762686914,2.5476984561517195,1.04800845756923
1552,200,138,91,True,True,91,0.047475103997009216,2.300068340247323,1.028936913756935
1553,200,168,132,True,True,132,0.05333753230268332,2.0769929297344967,0.7946441919776919
1554,200,171,120,True,True,120,0.051689235786917774,2.711512260856905,0.9587057525564194
1555,200,179,128,True,True,128,0.05622512903730423,2.4431112214016886,0.9354740434542644
1556,200,180,134,True,True,134,0.05177491287059584,2.010586668604353,0.900216993668539
1557,200,177,121,True,True,121,0.05493689680935538,2.6683766706867877,0.9995712486373554
1558,200,176,116,True,True,116,0.05531346185947746,2.7845242970821507,0.9769847513417275
1559,200,180,130,True,True,130,0.05089110262486006,2.3416456972175994,1.0489249791280928
1560,200,186,138,True,True,138,0.04526616948494874,1.66012739892776,1.0885704669529215
1561,200,181,140,True,True,140,0.045986415663599844,1.7984670533581308,0.9687523807860969
1562,200,186,128,True,True,128,0.05306305343796128,2.6012204383591073,0.9563755174451862
1563,187,179,126,True,True,126,0.05512545582035021,3.310593963095967,1.0595005847138241
1564,174,163,119,True,True,119,0.05811298244953166,3.5309217620817566,1.0012136298798127
1565,161,142,110,True,True,110,0.05844381570571311,2.991386393494429,0.9163057953662519
1566,174,164,123,True,True,123,0.056688773718301125,2.660504579515918,1.00007990042676
1567,158,133,104,True,True,104,0.0572527206410144,2.588717798705342,1.013674146795654
1568,172,140,118,True,True,118,0.05501157544163349,2.8191057990560013,0.9490567540961026
1569,173,112,94,True,True,94,0.05491404047711288,3.8128573392775413,1.0199581274365173
1570,200,140,110,True,True,110,0.05378311424459451,4.595524403418676,1.0177014529839634
1571,200,132,103,True,True,103,0.052207797823816245,4.663723777512969,0.8596796939122477
1572,200,144,123,True,True,123,0.052969717912642614,4.2552509455197995,0.9393398392944559
1573,200,140,116,True,True,116,0.05190194768240007,3.8844692735225435,0.7683045449148483
1574,200,147,133,True,True,133,0.05449800831330708,3.3201772783850574,0.8350376335039753
1575,200,137,126,True,True,126,0.05231989434841223,3.0631558327982655,0.8703620075780202
1576,200,123,100,True,True,100,0.0581251359746144,2.1564705722067616,0.7318527967773663
1577,200,119,111,True,True,111,0.06014997493927606,1.6913950233341792,0.7635085238872851
1578,200,122,110,True,True,110,0.05057482914841762,1.9607783957442644,0.772213814288181
1579,200,124,106,True,True,106,0.051352567791548495,2.366869422388762,0.7877913308814988
1580,200,111,96,True,True,96,0.05460691278093516,2.4779537696427996,0.7481871063173751
1581,200,102,98,True,True,98,0.05296506254341447,2.7806687371597816,0.8587972509491152
1582,200,95,87,True,True,87,0.04640383439438575,2.6369322426078297,0.8416739427753223
1583,200,104,97,True,True,97,0.046864630263599265,2.5904012196610697,0.8302104560070529
1584,200,113,105,True,True,105,0.047458062812897654,2.6879466849498486,0.8520689653158251
1585,200,107,89,True,True,89,0.05378848051820891,2.6910311996901495,0.6806235721908773
1586,200,98,91,True,True,91,0.054716371093581545,2.383991732632022,0.8498212041185472
1587,200,101,92,True,True,92,0.05595713660723267,2.8293142924620613,0.8221160228390647
1588,200,105,96,True,True,96,0.053593951804275126,2.559952043548531,0.8324515807396321
1589,200,88,83,True,True,83,0.05088337743779955,2.0117197798488693,0.7792791410996556
1590,200,107,99,True,True,99,0.053725474721718756,1.9975180885593846,0.886803786196575
1591,200,104,93,True,True,93,0.05227025284106394,2.359861728552792,0.6268905835820334
1592,200,112,92,True,True,92,0.05269614846450222,2.6461076254795475,0.7308977842860305
1593,200,88,78,True,True,78,0.0495024573080642,2.844572525505664,0.7567427634563754
1594,200,84,73,True,True,73,0.04838960717571249,2.8061356486283344,0.7580450273565276
1595,200,80,72,True,True,72,0.05402511486239807,3.067912193947451,0.7115691241542026
1596,200,82,71,True,True,71,0.061310096740198966,2.5001172945676338,0.777681888817197
1597,200,95,82,True,True,82,0.049016834794365624,2.241943679935294,0.8532078380443557
1598,200,79,68,True,True,68,0.06027552859283708,1.7509210719728103,0.7895720903338052
1599,200,71,64,True,True,64,0.05931063527765552,1.5947616773086533,0.6960175024617135
1600,200,95,83,True,True,83,0.06233204031996406,1.1927384014551976,0.846521827741201
1601,200,92,84,True,True,84,0.06412380596241032,1.241104917876433,0.8429832244193528
1602,200,91,86,True,True,86,0.06177303746616493,1.248513716203623,0.8070645837876189
1603,200,90,78,True,True,78,0.05362629023135162,0.6494854516669639,0.7258784947156441
1604,200,94,89,True,True,89,0.05602286865653852,0.4381151884252983,0.8476505898927851
1605,200,97,90,True,True,90,0.05145054998291003,0.6962314979388607,0.7511647735669273
1606,200,68,64,True,True,64,0.05315994330900838,1.079864880828393,0.7068126506181158
1607,200,88,84,True,True,84,0.056131339372650975,1.4479347914527838,0.6918946797479688
1608,200,104,94,True,True,94,0.04793667854989332,1.9172550341676002,0.5955170096136002
1609,200,88,76,True,True,76,0.05251110834642469,2.532204195274565,0.6310770902324747
1610,200,91,80,True,True,80,0.05444841964535774,2.5081786265919965,0.7228175163358509
1611,200,114,99,True,True,99,0.055342697799264054,2.12333824644459,0.7426543280581165
1612,200,108,97,True,True,97,0.05641126790332478,1.672726784477631,0.8665683432192824
1613,200,97,87,True,True,87,0.052427812025177004,1.801273862374753,0.8123772172222189
1614,200,104,93,True,True,93,0.05843751055631531,2.4582569328941646,0.9131662244244619
1615,200,113,101,True,True,101,0.04658149446155399,3.0301981493163463,0.9150566082102746
1616,200,142,126,True,True,126,0.051119176965234756,3.0113709180320893,0.8553352694748645
1617,200,134,120,True,True,120,0.051750620947143236,2.563061288906156,0.880436156630925
1618,200,133,119,True,True,119,0.04885801678556473,1.9377872955236393,0.9149748501227533
1619,200,122,107,True,True,107,0.049281242249682056,1.7546859093159801,0.8236266152220764
1620,200,138,130,True,True,130,0.05640900329601598,1.8574485067825743,0.7901921248391538
1621,200,124,108,True,True,108,0.0545356868492522,1.5411721285366409,0.911901153283957
1622,200,144,128,True,True,128,0.05885539527133613,1.3472730273169622,0.8825639923736599
1623,200,142,122,True,True,122,0.052303024411059024,1.7615119879179668,0.8686852894659638
1624,200,160,134,True,True,134,0.05733461384543758,2.0622152196786563,0.8282181851451482
1625,200,157,134,True,True,134,0.0534063923751815,1.5580973900874255,0.782929231453941
1626,200,144,119,True,True,119,0.05111171269951935,1.2789212074524414,0.866725788487935
1627,200,149,125,True,True,125,0.04974651450325399,1.3853506335699461,0.8706516893302627
1628,200,152,112,True,True,112,0.052564902878812006,2.343630335527472,0.9212443247887757
1629,200,162,116,True,True,116,0.054250238666730205,2.9303675811657866,0.8214747397666925
1630,200,169,136,True,True,136,0.05743307122233257,2.9688160482130233,0.8823165551244679
1631,200,171,145,True,True,145,0.059251029385180065,2.618323869256539,0.8137592825228209
1632,200,170,149,True,True,149,0.06135003381487553,2.373116933785384,0.7634608559753195
1633,200,168,163,True,True,163,0.057004045895852375,2.135220481345098,0.74044928519961
1634,200,166,149,True,True,149,0.05538968554936344,1.8609055179066292,0.782094834422031
1635,200,178,160,True,True,160,0.05942606291475572,2.4145637249525618,0.8641780964304667
1636,200,178,148,True,True,148,0.05208118998785651,3.1266607476192005,0.8980080877611304
1637,200,184,154,True,True,154,0.051885647096689205,3.6612669588335067,0.9532134555567519
1638,200,177,148,True,True,148,0.05430940996116589,3.562689838964157,0.9972062506868062
1639,200,175,151,True,True,151,0.05302496251084207,3.0085031542647567,0.79520470986332
1640,200,163,141,True,True,141,0.05191961596088417,2.665038799738824,0.7768426854145714
1641,200,169,129,True,True,129,0.05454923503096706,2.4481448469868314,0.8337379687775458
1642,200,166,135,True,True,135,0.05654787905461451,2.6243695313180098,0.8121910941139991
1643,200,178,152,True,True,152,0.05042018560433701,2.3557034280806426,0.7697108099671094
1644,200,155,131,True,True,131,0.05781643119447326,2.181384363911361,0.8508482854875263
1645,200,148,129,True,True,129,0.053686986757328435,2.186902757452468,0.8760289866354222
1646,200,152,134,True,True,134,0.05652508679221169,2.2069642746890716,0.7514015398832775
1647,200,150,139,True,True,139,0.05636664256300668,2.0484112949576194,0.6994010199272956
1648,200,142,133,True,True,133,0.05028360435992748,1.6595277344736814,0.8156106398001676
1649,200,151,138,True,True,138,0.052678933863113085,1.8790371256657556,0.7498475193724691
1650,200,161,145,True,True,145,0.054588697290287494,2.4427396884393966,0.8650208971386901
1651,200,162,135,True,True,135,0.05005904401042448,3.0301039927658002,0.8390546673072619
1652,200,155,141,True,True,141,0.0527813244109115,3.1100037594164593,0.8582250840183353
1653,200,153,129,True,True,129,0.06418366944157851,2.558808718790192,0.8690782890782214
1654,200,162,132,True,True,132,0.06189169775442888,2.654115161581561,0.8598018195661717
1655,200,170,133,True,True,133,0.06026276417474418,2.4182465776658884,0.9259092342181403
1656,200,168,135,True,True,135,0.05519527115720393,2.5911246520882556,0.8633612122506155
1657,200,184,156,True,True,156,0.06057081099051482,3.0018197055076223,0.9010110464544905
1658,200,194,170,True,True,170,0.05627734785054872,3.7606329717141453,0.8131836220398615
1659,200,197,162,True,True,162,0.06221912605997928,4.004969340338718,0.9069940412980836
1660,200,193,171,True,True,171,0.05677542566898745,3.5668337707567184,0.8744231423351632
1661,200,195,170,True,True,170,0.058818844155378004,2.9424411484448103,0.7619418074748123
1662,200,188,157,True,True,157,0.06254513572964766,2.671217525178649,0.8711965024222998
1663,200,190,163,True,True,163,0.06745513342788503,2.0622079302773346,0.7282470790912472
1664,200,187,159,True,True,159,0.06742914257155305,2.090582563278886,0.7889244590462756
1665,200,183,162,True,True,162,0.06267640590621153,2.017790100874511,0.7630114965227861
1666,200,180,160,True,True,160,0.06133744553439844,1.81837253943458,0.761686680991393
1667,200,178,143,True,True,143,0.05973848934510326,1.9412807951744717,0.8873310815020116
1668,200,181,156,True,True,156,0.056799713859197375,2.348821619459654,0.9552788428342897
1669,200,171,147,True,True,147,0.05500369890924043,2.3000350652327803,0.8701757254951775
1670,200,163,142,True,True,142,0.05416380929046812,1.5182111178916013,0.9942828127986464
1671,200,164,130,True,True,130,0.04945887266129131,1.1770934845504792,0.9858117025762193
1672,200,173,154,True,True,154,0.057178248008454904,1.431014821269586,0.9198112127445256
1673,200,171,119,True,True,119,0.05754534587698763,1.8146101722269932,0.8792011430675465
1674,200,181,152,True,True,152,0.05862300661549854,1.930776861424624,0.930559910961581
1675,200,163,126,True,True,126,0.061453278741627246,1.6363244056269683,0.8614548330440712
1676,200,154,124,True,True,124,0.060466716811695936,1.2714076646040546,0.8914614046396018
1677,200,146,125,True,True,125,0.06038665146288451,1.3793864384151746,0.8531098400633076
1678,200,144,122,True,True,122,0.06437888304766018,1.0859901032034807,0.901179884551616
1679,200,149,114,True,True,114,0.05995759558765074,1.9060109333856703,0.9169583459456679
1680,200,143,125,True,True,125,0.05630149181938079,2.009183506956495,0.8940556699393376
1681,200,135,111,True,True,111,0.05372605190291725,2.52222776446664,0.9175094381978789
1682,200,121,92,True,True,92,0.058100736924743636,2.5866956406059693,0.9411328203105563
1683,200,95,86,True,True,86,0.056048797127331136,1.5499551784688688,0.8913214128772738
1684,200,88,80,True,True,80,0.05498490160633106,1.695083156024239,0.9021401718341988
1685,200,111,95,True,True,95,0.059124504902808434,2.1758275289967295,0.896393066188265
1686,200,120,105,True,True,105,0.06017838609395267,1.8931877668070658,0.9010811646412248
1687,200,117,101,True,True,101,0.06194109388736937,1.685792127849733,0.8539807537972909
1688,200,116,101,True,True,101,0.06215106942902782,1.5825982854313205,0.9692905109505827
1689,200,124,108,True,True,108,0.05982975586694299,1.9576529544261327,1.0552532920424134
1690,200,121,104,True,True,104,0.05929477162689269,2.0854940517052714,0.7936784922844926
1691,200,140,112,True,True,112,0.05905093942810571,1.658088052228262,0.8917445435125945
1692,200,150,104,True,True,104,0.05751835897509203,0.720752339917273,0.9819296607291251
1693,200,134,101,True,True,101,0.05372779376371288,0.7928546424254144,0.9721831390587382
1694,200,156,126,True,True,126,0.053207981112284496,1.9091536079750042,0.9738915747014588
1695,200,169,120,True,True,120,0.0574964545110085,2.603083111694224,0.9931579104712129
1696,200,177,116,True,True,116,0.05849967527018901,2.797583341905176,1.0244724412670532
1697,200,172,121,True,True,121,0.06131384726325784,2.5051273472898723,1.0430147685290396
1698,200,165,132,True,True,132,0.06271935834497414,2.5000687816213287,0.9032553619368539
1699,200,169,119,True,True,119,0.0825935813276025,2.034376629013584,0.8799520574125063
1700,200,170,137,True,True,137,0.05919538801547825,2.110206925460713,0.8742545499191885
1701,200,171,121,True,True,121,0.06671681420163143,3.203803364881557,0.9883973557218645
1702,200,182,147,True,True,147,0.06121822819496873,3.350572083545253,0.9526951712087767
1703,200,198,162,True,True,162,0.06276784944403056,3.44995041504249,0.9203200375000892
1704,200,199,149,True,True,149,0.0624175951113746,3.600145116457656,0.9752221545416926
1705,200,192,127,True,True,127,0.049149602552145566,3.198617419053981,0.9879982614427639
1706,200,187,142,True,True,142,0.054654511175543166,3.025215615716176,0.8904338028048772
1707,200,190,141,True,True,141,0.04833975716810826,3.4294244352099295,0.9513671134653594
1708,200,180,118,True,True,118,0.04440399352062982,2.919185151813482,1.021924943217203
1709,200,175,130,True,True,130,0.0549858904178609,3.0252334089741133,0.816651988862005
1710,200,172,123,True,True,123,0.05721070231757641,2.472173695313681,0.9711188744370283
1711,200,165,118,True,True,118,0.057452785458104144,2.506752837263897,1.000331865675802
1712,200,167,113,True,True,113,0.05604908304025053,3.746291785724308,1.1218785795719441
1713,191,162,98,True,True,98,0.0557789380995072,2.8259459683779973,0.9475656608018892
1714,200,167,117,True,True,117,0.04817418126445634,2.1658542775910203,1.0211937631135912
1715,200,173,117,True,True,117,0.05013279167528204,2.2139230519520052,0.9842367644478869
1716,193,173,118,True,True,118,0.048230524107323584,3.076724340667908,1.050754439878562
1717,200,180,118,True,True,118,0.05901952366152746,3.5244225528710103,1.0699428067519483
1718,200,181,143,True,True,143,0.05909535066868175,3.5410615279211077,1.008990663225531
1719,200,183,132,True,True,132,0.06383158263412922,3.378079649107561,0.9840382238061998
1720,200,191,141,True,True,141,0.06400145518320988,3.2121184184070346,0.9908344437282718
1721,193,174,133,True,True,133,0.06296640277410584,2.694292825590393,1.00562351456679
1722,145,135,103,True,True,103,0.0651798915161448,3.1211249089051214,0.9928488827121623
1723,145,135,101,True,True,101,0.06607135641696114,3.7615758507104293,1.032215855648478
1724,131,118,95,True,True,95,0.07193153051367285,3.874101887379828,0.9973523066803177
1725,127,111,90,True,True,90,0.0663311382051064,4.2583593007861635,1.0788092719168865
1726,166,134,100,True,True,100,0.06275108172912425,4.337917463270803,0.9738519999044207
1727,200,126,103,True,True,103,0.06221692834206561,4.065221452348848,0.9297999535545746
1728,200,123,103,True,True,103,0.06054072944653185,3.509605416326079,0.9060694157420656
1729,200,128,110,True,True,110,0.0636747087897854,3.3317280081559533,0.9556086183243798
1730,200,129,112,True,True,112,0.05723013364349756,2.878129035326107,0.9616406668080254
1731,200,151,134,True,True,134,0.06397352379565922,2.60136086330505,0.8259225126146573
1732,200,148,123,True,True,123,0.057708938146646356,2.527113570469044,0.815860477104093
1733,200,145,124,True,True,124,0.0608841107414658,2.562626703555629,0.8303090579073376
1734,200,145,125,True,True,125,0.05425668463678232,2.5880213349118097,0.7522035916112682
1735,200,137,121,True,True,121,0.05778071223155435,2.4381895678164907,0.8517487657375032
1736,200,130,110,True,True,110,0.059693303022604206,2.341632864774236,0.8964092268684845
1737,200,122,109,True,True,109,0.05430869940070684,2.370715393536614,0.726388465704463
1738,200,115,100,True,True,100,0.05353408608776773,2.616936978667092,0.8433197048506056
1739,200,125,112,True,True,112,0.05920287855258896,2.752526048268168,0.793144564050497
1740,200,117,99,True,True,99,0.05445651977188506,2.2511691525943505,0.8696166651851202
1741,200,119,115,True,True,115,0.06660502330739568,2.1146656418559173,0.789750754749013
1742,200,107,96,True,True,96,0.0662599888984101,2.1588540546342903,0.7530927337049268
1743,200,103,90,True,True,90,0.05908703675203969,1.923901363074665,0.5587682301996941
1744,200,130,121,True,True,121,0.05753844567016697,2.596045077180953,0.7293701434298014
1745,200,94,89,True,True,89,0.05912836639588586,3.2487768417270853,0.8220515433780096
1746,200,102,86,True,True,86,0.05856124102448742,3.422653463835555,0.7976577957278009
1747,200,92,79,True,True,79,0.05785439456227734,3.2957570064988135,0.8161086185822399
1748,200,100,93,True,True,93,0.05957408031731315,2.7701515051870036,0.6888576841994193
1749,200,101,97,True,True,97,0.060943239934981894,1.7054982218980297,0.5881794159540484
1750,200,83,69,True,True,69,0.05707156223926185,1.563342711661772,0.5990935955427029
1751,200,92,82,True,True,82,0.07631500742329522,1.8180273570956609,0.8138266936164685
1752,200,95,87,True,True,87,0.058270988430646785,1.4874388807965582,0.6253620646966921
1753,200,74,69,True,True,69,0.06736228713496611,1.4937821198889771,0.5848887747752551
1754,200,105,99,True,True,99,0.0584293402641146,0.9528366413721837,0.5563837336318744
1755,200,103,94,True,True,94,0.06322580093320013,1.2392083677344516,0.7790723953338764
1756,200,119,114,True,True,114,0.05876738637046578,1.2677569074614858,0.7475427485017764
1757,200,115,103,True,True,103,0.05550536981998397,1.304007684220564,0.7161303397399948
1758,200,94,86,True,True,86,0.0511719429682774,0.6218072806684191,0.5999473144808676
1759,200,114,111,True,True,111,0.052043844269423,1.3272977918908206,0.7388033753338156
1760,200,108,98,True,True,98,0.05204024662826444,1.818472118286723,0.7021042145731635
1761,200,116,101,True,True,101,0.05916464877775929,2.3272127221390466,0.725764264643813
1762,200,112,105,True,True,105,0.061042297066798604,2.252237327852696,0.8880682230883333
1763,200,101,89,True,True,89,0.06624260415586403,2.113804810901403,0.6752525495164118
1764,200,108,104,True,True,104,0.06019766023674735,2.5096954795061377,0.6711309297851276
1765,200,100,95,True,True,95,0.061920043613752855,2.192359632153767,0.8337862813004189
1766,200,102,91,True,True,91,0.06493679495829659,2.015402440450574,0.712261872950656
1767,200,111,103,True,True,103,0.0519612979442764,2.5755594184075807,0.6368517519244967
1768,200,127,117,True,True,117,0.04988736598248074,2.926065886206143,0.7421503061903282
1769,200,123,112,True,True,112,0.0486335105266098,3.3535673006320335,0.7334763591127016
1770,200,118,111,True,True,111,0.05482444542120243,2.93533505656757,0.6958472984696833
1771,200,133,124,True,True,124,0.05696612860350935,2.5051300270989905,0.8035688471197283
1772,200,133,118,True,True,118,0.05524957045221098,2.1094586106455044,0.8231066496025047
1773,200,130,118,True,True,118,0.058187768764986436,2.0057851757125715,0.887117645499418
1774,200,128,116,True,True,116,0.05642589346894639,1.6353973581497123,0.7634465114230911
1775,200,127,106,True,True,106,0.05611609338944357,1.0313441020785503,0.9200283650159206
1776,200,126,117,True,True,117,0.05527935412605757,1.618573247302256,0.6615447701616032
1777,200,160,142,True,True,142,0.05591019119383764,2.3078301415177527,0.8259227833856919
1778,200,154,131,True,True,131,0.05623791018099171,2.236404490240775,0.8365384155762816
1779,200,162,144,True,True,144,0.055525740899891644,1.7829926083532264,0.7590759283284052
1780,200,148,128,True,True,128,0.051986863563431636,1.251437196724983,0.8177664581427505
1781,200,174,131,True,True,131,0.04248595091362582,2.4624035602331844,0.9226360566932688
1782,200,162,125,True,True,125,0.056072401526950824,2.847043324586408,0.8191257646670722
1783,200,163,130,True,True,130,0.06062002783932592,2.5598720770351298,0.868529134506588
1784,200,156,125,True,True,125,0.058280755090091785,2.9079893647373445,0.9449592743505487
1785,200,168,136,True,True,136,0.05565817624379681,3.3395272959008295,0.8146128339393393
1786,200,165,129,True,True,129,0.05726767744969191,3.2211858203500587,0.9294119802993709
1787,200,168,146,True,True,146,0.05507163197119717,2.935630152625313,0.8227418415421345
1788,200,172,142,True,True,142,0.060305537393952155,3.4492283130566204,0.7975931261000522
1789,200,159,136,True,True,136,0.05342328138032482,4.370130131873586,0.9329399429024245
1790,200,170,135,True,True,135,0.05389903213305805,4.655886998909822,0.8780412572894071
1791,200,181,160,True,True,160,0.054356398403727996,4.156302919282315,0.972536564851796
1792,200,185,162,True,True,162,0.05402222307064087,2.8194025921995425,0.8561856458556871
1793,200,187,164,True,True,164,0.05588442789718811,2.258423986853424,0.9227556149500041
1794,200,176,151,True,True,151,0.05175922527550294,2.264990520073406,0.724483619991552
1795,200,172,139,True,True,139,0.04971846801576776,2.4223803077727872,0.8713130992108331
1796,200,178,156,True,True,156,0.05286850618731603,1.9676680021601918,0.6671320303484297
1797,200,167,138,True,True,138,0.05377684026125048,1.9483028029747722,0.7983360207661646
1798,200,158,130,True,True,130,0.04682682751804499,2.3072357924335747,0.8359723453768901
1799,200,169,151,True,True,151,0.04540332648091712,2.8768076207824693,0.9054019352815693
1800,200,158,138,True,True,138,0.04793458315062919,2.1941237017848,0.7655182096206595
1801,200,175,152,True,True,152,0.04628510514630428,1.291727469054719,0.704567863571542
1802,200,184,163,True,True,163,0.05128752515172933,1.9558046156202884,0.7637162504631807
1803,200,179,158,True,True,158,0.04977758764099159,2.3840511646953426,0.8260820040383624
1804,200,176,161,True,True,161,0.0473351137903714,2.62094647105697,0.8449255595669236
1805,200,167,145,True,True,145,0.05349401080152248,2.3074679051682665,0.7979262471207167
1806,200,153,140,True,True,140,0.05407659683955304,2.2962793569299964,0.7487924603046546
1807,200,172,144,True,True,144,0.0492948040721475,2.372592301259008,0.8693822906991507
1808,200,164,144,True,True,144,0.052535122216111785,2.619891792026526,0.8381542151764764
1809,200,158,137,True,True,137,0.05701457393306494,2.5618267467542033,0.779332933037307
1810,200,162,131,True,True,131,0.04666719382303378,3.4800789345485836,0.8393069082687907
1811,200,157,131,True,True,131,0.04794545478656711,3.774985297336913,0.8031621235092032
1812,200,171,147,True,True,147,0.05375855395723655,4.323026123244618,0.9042088414311235
1813,200,195,158,True,True,158,0.05498646299421363,3.950372167370337,0.9026184783586696
1814,200,198,178,True,True,178,0.0551395450624263,3.4710719056359953,0.8116632147862378
1815,200,196,170,True,True,170,0.05415542674893443,2.9103133577503435,0.8512530644079104
1816,200,194,162,True,True,162,0.05478980459288006,2.735580797909466,0.786434231912163
1817,200,195,169,True,True,169,0.05851528267334449,2.4091065650262493,0.8689429618844162
1818,200,191,170,True,True,170,0.055422059633684004,2.092146303746809,0.8855372543945355
1819,200,172,142,True,True,142,0.048614834591220006,1.584611789821101,0.782599264468058
1820,200,187,168,True,True,168,0.05096210796751437,1.590810499195177,0.7516868574533988
1821,200,182,155,True,True,155,0.055733213722655356,1.7735244883406882,0.7641111388664793
1822,200,177,157,True,True,157,0.051789140117895316,1.6840909337776773,0.9317089234314372
1823,200,171,148,True,True,148,0.04811664771592637,1.515785613364232,0.7358195926494405
1824,200,180,161,True,True,161,0.05220732693782921,1.4809076418283267,0.8183783246933024
1825,200,188,149,True,True,149,0.047990334078556185,2.3220467939941187,0.9176241962698718
1826,200,179,147,True,True,147,0.05427285591708044,2.4700535859834645,0.9234360372549325
1827,200,161,138,True,True,138,0.053545565318005355,2.265461628487938,0.8482253879196969
1828,200,145,125,True,True,125,0.05752305039883709,1.8450920825432977,0.91390618601249
1829,200,121,106,True,True,106,0.05747610960986859,1.6375056413666031,0.9350932490718257
1830,200,148,134,True,True,134,0.054555869794144875,1.4189519306934284,0.8735682488583381
1831,200,147,126,True,True,126,0.0591954781699656,1.7680888541999247,0.933308846786732
1832,200,138,110,True,True,110,0.05848892314726014,2.6989903488570186,0.9402341321697989
1833,200,125,103,True,True,103,0.057114393760430766,2.899930034921753,0.9510074548478338
1834,200,119,97,True,True,97,0.054704390141364835,2.9993964924937146,0.8610891994556698
1835,200,134,112,True,True,112,0.0528186463317928,2.8888766583886905,0.8851013509584366
1836,200,102,90,True,True,90,0.053352541591168416,1.8860913515831432,0.7998888731089462
1837,200,95,81,True,True,81,0.051778886320703196,1.4050701019988927,0.8649108172168379
1838,200,118,88,True,True,88,0.05897052395352365,1.2914285517915953,0.7454587400417968
1839,200,118,100,True,True,100,0.05533944982139532,1.8732029234137857,0.9380583338430061
1840,200,131,111,True,True,111,0.054355617146264204,1.5391072793711678,0.9392860618327628
1841,200,106,95,True,True,95,0.05659742140303477,1.1024805466203045,0.8740139217715454
1842,200,128,108,True,True,108,0.0553200872071824,1.0583666340841722,0.941772967776532
1843,200,131,113,True,True,113,0.05364447732743826,1.1750027313320952,0.9462419965841976
1844,200,137,121,True,True,121,0.05192321635697707,1.1934827330785656,0.7967791216987901
1845,200,148,125,True,True,125,0.05185707941008459,0.740607039286943,0.8724861543689753
1846,200,128,113,True,True,113,0.052423604928150805,0.6260841163745395,0.7531181499325438
1847,200,115,98,True,True,98,0.053965426084145805,1.1243780193484934,0.8404386397269656
1848,200,142,123,True,True,123,0.052484778711539955,1.5976943185888473,0.8003736348715722
1849,200,142,106,True,True,106,0.052698473454950094,1.6389977643689528,0.9162885162694725
1850,200,166,136,True,True,136,0.05599181590349422,1.6909891617746762,0.7660580264385702
1851,200,168,129,True,True,129,0.052918496345057464,1.8251690713068942,0.9062071982581514
1852,200,173,136,True,True,136,0.05764077143969744,1.854644127923013,0.9227564965015377
1853,200,165,116,True,True,116,0.055945542724525406,1.712421560585702,0.9329187703492724
1854,200,175,130,True,True,130,0.056637641704203545,2.2886305851665965,0.864102723432237
1855,200,186,143,True,True,143,0.056007832473926024,2.790970904089564,0.9378970559609692
1856,200,178,122,True,True,122,0.05339998034693184,3.35697709057522,0.9734641142631781
1857,200,185,136,True,True,136,0.05172108938772399,3.2818748795413173,0.9465850324977401
1858,200,177,145,True,True,145,0.0543001005486863,2.639327278694538,0.8363293779701679
1859,200,178,140,True,True,140,0.059609847955210675,1.8974172554403237,0.9325081228295843
1860,200,173,136,True,True,136,0.05483731009422688,2.048836007581292,0.9414955158915512
1861,200,176,143,True,True,143,0.06174151848342101,2.071265116596041,0.839163181680994
1862,200,180,148,True,True,148,0.05816086471836245,2.0309421863941055,0.9300820985099651
1863,200,175,140,True,True,140,0.054923626313290855,2.0473926108835867,0.9685096012837708
1864,200,181,128,True,True,128,0.0389882054112399,1.798709091666836,0.9859331707572809
1865,200,174,128,True,True,128,0.0374362270051252,2.200962309220572,0.9710854476386501
1866,200,182,145,True,True,145,0.03844619070600024,2.7365924135335717,1.0378752150751256
1867,200,175,134,True,True,134,0.050410124534725355,2.1236221873952332,0.9783528057323634
1868,200,182,137,True,True,137,0.029585055374156895,1.9337166693650745,0.9652238795818069
1869,200,179,128,True,True,128,0.05351291300654954,2.973216756884514,0.9394271576775446
1870,200,175,126,True,True,126,0.05814521143192373,3.398502633607129,1.0503461574047965
1871,200,171,119,True,True,119,0.06312939593952067,3.1951580471276744,0.9538935270534402
1872,200,172,115,True,True,115,0.0646398890900689,2.7846807674751477,0.9321707213998122
1873,200,174,117,True,True,117,0.06889412993079908,2.7743062509586562,0.9148913683650848
1874,200,179,133,True,True,133,0.059364044939783596,2.5716643395094865,0.8870962400977831
1875,200,182,143,True,True,143,0.05905500067705958,2.3392073505277184,0.9659138401633148
1876,200,185,134,True,True,134,0.06055374884946187,2.8793166160308674,1.0145519835157208
1877,200,185,131,True,True,131,0.05913815307301541,3.1360500856757794,1.0263567478345728
1878,200,189,133,True,True,133,0.059300261520130876,3.385911657270477,1.0684859257979755
1879,200,187,139,True,True,139,0.058621520061154606,3.3563317581507417,1.0895127039908377
1880,185,176,120,True,True,120,0.06471046666294486,2.9854564353807964,1.0339214707734496
1881,177,163,120,True,True,120,0.05671278084188454,2.557760265193391,0.9491566889311351
1882,168,148,128,True,True,128,0.06120057998119651,2.5492592831280265,0.9673388368613932
1883,175,160,113,True,True,113,0.05741377469219517,2.8332576511825676,0.9991942300784685
1884,182,149,108,True,True,108,0.06342028150035468,3.074942773959608,0.8513871120388143
1885,191,154,123,True,True,123,0.0587303184343799,2.7578927844735626,0.9444041117787922
1886,200,133,104,True,True,104,0.06231774768445875,2.8026077305269506,1.0251132886490377
1887,200,131,102,True,True,102,0.053966213360486036,3.170418991294588,1.0273150921476544
1888,200,126,99,True,True,99,0.05529541703174726,3.2519086323215256,0.9714088835004865
1889,200,116,99,True,True,99,0.0597938153841588,2.459833511671588,0.8852780122421449
1890,200,136,113,True,True,113,0.05656953805636395,2.4522185680866038,0.8489985498310135
1891,200,128,107,True,True,107,0.06057860278788795,3.06274565408583,0.8771987306684854
1892,200,140,111,True,True,111,0.05837671104635797,3.7003418233260814,1.0175858564545337
1893,200,132,112,True,True,112,0.0647321430254895,3.6296087318519166,0.9175474293710383
1894,200,144,129,True,True,129,0.06317587506127532,3.3920252701123697,0.8672538936718069
1895,200,135,107,True,True,107,0.06699059939371316,3.2011971176591354,0.828589704465943
1896,200,148,135,True,True,135,0.06538845530695743,3.118062679641042,0.8354646569781775
1897,200,126,110,True,True,110,0.06401336391553182,3.3440050338554665,0.8024446371455989
1898,200,120,102,True,True,102,0.05832890053809775,3.719345090582416,0.8140173007211529
1899,200,118,90,True,True,90,0.06757124090851808,4.211849156470135,0.8539692350569978
1900,200,110,102,True,True,102,0.06180883741984526,4.365841778340128,0.9422075810383009
1901,200,107,95,True,True,95,0.05804988088460431,3.6473925738875264,0.746582807306974
1902,200,100,88,True,True,88,0.06635596950005822,2.9237844877545105,0.780957364438829
1903,200,91,74,True,True,74,0.054504057772623155,2.6084710219645464,0.7690648224853449
1904,200,107,101,True,True,101,0.06040367575064774,3.097275288187327,0.7505935426332713
1905,200,99,96,True,True,96,0.0601332546492037,2.275410369907079,0.8000266779261331
1906,200,110,100,True,True,100,0.05585857884842257,1.878808576112915,0.7079231926435052
1907,200,90,82,True,True,82,0.060137347114794265,1.7601918649286754,0.5953935716506199
1908,200,103,99,True,True,99,0.06251485366476273,2.1631825021705815,0.5873206621327787
1909,200,97,94,True,True,94,0.05707902206235739,2.2035003295188496,0.6189752119409502
1910,200,104,101,True,True,101,0.05437496403996903,1.8765853915789827,0.7723345164337475
1911,200,118,99,True,True,99,0.04882905875875387,1.3687182340501127,0.7414754463319366
1912,200,83,75,True,True,75,0.05349735902804379,1.226478211427896,0.8036753106488281
1913,200,105,94,True,True,94,0.053465797491052465,1.529161552691742,0.6903580879013416
1914,200,92,83,True,True,83,0.04963802127513405,1.4134947677584935,0.752632277525347
1915,200,101,93,True,True,93,0.0560978050877312,1.8478376917882415,0.6728593658139176
1916,200,115,96,True,True,96,0.051583429960957355,1.8119115129839198,0.8419621225179753
1917,200,103,93,True,True,93,0.05951935687321844,2.3951485576207356,0.7581267821622995
1918,200,97,90,True,True,90,0.06637701390718267,2.4762290603754824,0.7963458525096099
1919,200,101,82,True,True,82,0.0555108257152522,2.3453430783337765,0.8220051275915495
1920,200,107,94,True,True,94,0.05489277492477681,2.1923557750818885,0.8663465168315754
1921,200,104,89,True,True,89,0.05839898128489854,2.4918629517387227,0.7945419686345996
1922,200,108,95,True,True,95,0.05406968344656812,2.916156857766377,0.8300825131290878
1923,200,92,88,True,True,88,0.05559751892319999,2.6054062360374783,0.6961362443749184
1924,200,86,79,True,True,79,0.05491828338427211,2.167168110331652,0.7723431852109893
1925,200,110,101,True,True,101,0.055401984877097035,2.01504008907692,0.7772268535358771
1926,200,111,106,True,True,106,0.057929436422488885,2.3407636531094527,0.8096416914099525
1927,200,113,107,True,True,107,0.05803187466284368,2.1610184799098238,0.7969967384863577
1928,200,121,106,True,True,106,0.05438975457953288,1.8144155335439425,0.7595376934278164
1929,200,111,99,True,True,99,0.061419935298212984,1.7457614850802294,0.7943099975671262
1930,200,132,116,True,True,116,0.06094089315258398,1.8034342693829015,0.8605527048299431
1931,200,125,113,True,True,113,0.05863867429678686,1.7436352701404165,0.8308831033507847
1932,200,131,126,True,True,126,0.056894950464714,1.3997682812174572,0.7642382916915925
1933,200,129,114,True,True,114,0.055916109984053365,1.3027610927808375,0.8626037731492183
1934,200,128,112,True,True,112,0.05520142029453822,1.838963841222362,0.7976934094710783
1935,200,138,117,True,True,117,0.05565398030653152,2.240565683500598,0.8520825246051759
1936,200,152,122,True,True,122,0.056836500204573294,2.5380551646531755,0.886878506650697
1937,200,174,131,True,True,131,0.064219829967135,2.480185471609473,0.8728341078001806
1938,200,163,123,True,True,123,0.05638248639428413,2.2897137097958695,0.8683531856697324
1939,200,157,128,True,True,128,0.05960649593606134,2.1402628981211955,0.8672081576668732
1940,200,153,112,True,True,112,0.05790148284505348,1.980446112282902,0.7863886949449677
1941,200,165,122,True,True,122,0.057884449105422474,1.9771000846353364,0.7634153719944677
1942,200,164,138,True,True,138,0.058434817693809656,2.7315210914221955,0.7913331378771942
1943,200,174,143,True,True,143,0.05709791740945419,3.066895727346521,0.849132692787346
1944,200,175,154,True,True,154,0.05226444879568525,3.655502100923384,0.9795834446896887
1945,200,181,158,True,True,158,0.05498631312411027,3.360026664868502,0.8286884353630869
1946,200,181,158,True,True,158,0.05497579630524346,2.7844606681490554,0.8491928703236522
1947,200,181,170,True,True,170,0.05498627267107145,2.205029028592462,0.7792729348706691
1948,200,168,147,True,True,147,0.05450670357286724,2.1804073165182545,0.7384158303619627
1949,200,190,173,True,True,173,0.05020525533057837,2.5034706415687302,0.7740865785560829
1950,200,188,170,True,True,170,0.05325027841744274,2.3152979966130713,0.7649936524693547
1951,200,188,162,True,True,162,0.052377719603116796,2.3281022407666274,0.7968925848147608
1952,200,181,148,True,True,148,0.05562436382230049,2.2218612213625186,0.8304782684168096
1953,200,168,138,True,True,138,0.05623346849462934,2.1813782031888738,0.9441576550232441
1954,200,159,128,True,True,128,0.051568510670167815,2.2493696765316877,0.8484781476101739
1955,200,154,126,True,True,126,0.05244059306050971,2.0320889131104782,0.8267277765070283
1956,200,158,151,True,True,151,0.050521845020016005,2.045035028411027,0.7179252198480475
1957,200,152,137,True,True,137,0.04936007157025997,2.447802851834764,0.9033658850938767
1958,200,156,135,True,True,135,0.0539164535572575,3.223128223901333,0.8020497566388318
1959,200,170,157,True,True,157,0.05374622210014672,3.238455060667271,0.8425850956234793
1960,200,181,152,True,True,152,0.05780512825340096,2.836368596766257,0.7756332653948094
1961,200,175,146,True,True,146,0.05410350955768592,2.9357527400224046,0.955499088231005
1962,200,174,153,True,True,153,0.05912103027883847,2.9133656157313474,0.7541942521689591
1963,200,165,131,True,True,131,0.059406567177780485,3.0864918334571394,0.9329192794209126
1964,200,153,132,True,True,132,0.05950758977502875,4.117535900798078,0.9279325572360142
1965,200,154,133,True,True,133,0.0640241485780749,4.3953482088639815,0.94405056971942
1966,200,166,131,True,True,131,0.05444811276285058,4.838053782210531,0.9604953738736418
1967,200,185,154,True,True,154,0.058118584922500195,4.1497306961314235,0.8931104134753044
1968,200,188,168,True,True,168,0.05512698692780049,3.4056813291399393,0.8637992986272471
1969,200,197,156,True,True,156,0.06092723732439541,2.841219184288693,0.8409196808782345
1970,200,195,164,True,True,164,0.055637636109554835,2.6957514146784214,0.7864970296203578
1971,200,195,157,True,True,157,0.05552716216924564,2.885891717247913,0.8423626930754856
1972,200,195,171,True,True,171,0.05611345875384067,2.473641986806069,0.760666139826666
1973,200,194,164,True,True,164,0.05314537768944552,2.101474967886178,0.7747758330599341
1974,200,193,172,True,True,172,0.05455985692419745,2.141897489273813,0.7686714715268153
1975,200,189,151,True,True,151,0.05316095516453558,2.6908238528091135,0.8051521134389654
1976,200,182,159,True,True,159,0.05199178988284834,2.353576525947049,0.924195810682485
1977,200,181,159,True,True,159,0.05265623568070333,1.6602562075475422,0.9571598412861146
1978,200,171,147,True,True,147,0.05101393894997404,1.2371053914934556,0.7344532543256805
1979,200,175,156,True,True,156,0.051462047111553534,1.6590156514907488,0.857496115598861
1980,200,174,151,True,True,151,0.05554310118751598,2.159777862793693,0.8359878902964024
1981,200,173,147,True,True,147,0.054079798073952925,2.0596373193200237,0.8144297998825859
1982,200,150,115,True,True,115,0.057297460197279305,1.8064100836839359,0.9833358084048679
1983,200,143,104,True,True,104,0.05816384487910059,2.025174055014781,0.9074448158345618
1984,200,148,118,True,True,118,0.05560057488093772,2.080607502478789,0.9276500838535071
1985,200,139,119,True,True,119,0.05971423540877731,2.0547813933836467,0.8764073777416063
1986,200,131,114,True,True,114,0.056534918500202626,2.8405065049667537,0.8631849403279096
1987,200,122,100,True,True,100,0.05380923648840553,2.521977563636001,0.8660779825490608
1988,200,114,88,True,True,88,0.04922424758281967,3.217477343414519,0.9467036139977592
1989,200,121,101,True,True,101,0.055808205497683464,3.0863655674121433,0.9565679486543742
1990,200,121,103,True,True,103,0.05648265078546187,2.0229621081558067,0.9276133906026238
1991,200,101,94,True,True,94,0.05369113736808842,1.582067363712848,0.8215818857136711
1992,200,122,110,True,True,110,0.05658212129811804,1.712603770847382,0.8092448443713177
1993,200,126,98,True,True,98,0.05156495953519247,1.819293976028453,0.9112619788009517
1994,200,123,102,True,True,102,0.06530085308537396,1.4733313282673095,0.9155443475973362
1995,200,135,117,True,True,117,0.057703708806765196,1.3676832406025907,0.9221429063967757
1996,200,127,106,True,True,106,0.060465758227097724,1.3702294680836946,0.8840189014423837
1997,200,127,106,True,True,106,0.05894911633534684,1.2654158467819512,0.9397181236321874
1998,200,148,124,True,True,124,0.059845345568767666,1.0501951258980917,0.9076720117596223
1999,200,138,109,True,True,109,0.060043395578450065,0.6903440902802179,0.716311138675252
2000,200,146,132,True,True,132,0.05514847775486745,0.6605250381252353,0.6522512871588094
2001,200,129,96,True,True,96,0.052997619749134146,1.207053610742177,0.8966223122800694
2002,200,161,116,True,True,116,0.05441934418241366,1.7085903208111335,0.8897120052975575
2003,200,145,108,True,True,108,0.05665409320971931,1.8269019358290015,0.8869660386319123
2004,200,155,109,True,True,109,0.0612687608113281,1.8298523882619067,0.9705593633055875
2005,200,178,115,True,True,115,0.06371600489067944,1.9153760480341815,0.9394613718241658
2006,200,174,139,True,True,139,0.06049486093532418,1.9150254613502438,0.9273872506832413
2007,200,177,129,True,True,129,0.05663538088865691,1.7735952029888795,0.8950962459540394
2008,200,183,144,True,True,144,0.05554128439871626,2.008425367120265,0.9331616948662991
2009,200,187,160,True,True,160,0.05766479502206322,2.6025989447375415,0.9145063674492862
2010,200,188,139,True,True,139,0.059494736005181695,2.930107149742329,0.9300603384508292
2011,200,175,138,True,True,138,0.05793523750633489,3.3821122711623883,0.9272793972463588
2012,200,161,132,True,True,132,0.05236685704014236,2.887304372062407,1.0519378758573064
2013,200,170,138,True,True,138,0.04708743824702343,2.261875716599234,1.0237288428805373
2014,200,172,143,True,True,143,0.05551077199344912,1.986528665242761,0.964442555303431
2015,200,167,131,True,True,131,0.04851671223676996,1.7895483473296456,0.8400450935998405
2016,200,172,125,True,True,125,0.03115943667469025,2.2322890390626124,1.0384117408971338
2017,200,175,126,True,True,126,0.05530611686070323,1.9087445542365598,0.8539322544705612
2018,200,169,122,True,True,122,0.061275047197132906,2.147333587169264,0.9024122365022464
2019,200,179,125,True,True,125,0.05559584841792404,2.1381325242753246,0.8222287545806466
2020,200,175,120,True,True,120,0.050865217342455936,2.121677581436463,0.9122872320919354
2021,200,178,124,True,True,124,0.03406872828347487,2.0041150076293452,0.9881400739978726
2022,200,169,120,True,True,120,0.04512658405170565,0.99384279562552,0.9678749525822085
2023,200,176,119,True,True,119,0.02602616541353347,1.940728243734293,1.034581895829277
2024,200,177,127,True,True,127,0.03404843727156018,2.3519502386080786,1.1133122344875508
2025,200,174,131,True,True,131,0.03791001141450493,2.5516475552109124,1.0996654361071365
2026,200,180,139,True,True,139,0.05847142787217925,2.7246000178378953,0.9359135100294079
2027,200,177,118,True,True,118,0.05473974102904122,2.3786945598262816,0.9199754086647461
2028,200,183,134,True,True,134,0.05939162821438903,2.2264228193553715,1.0176774722847632
2029,200,178,130,True,True,130,0.059954442229629284,2.1809400763546396,0.9038787769849477
2030,200,174,124,True,True,124,0.05862717458543697,2.4441966670132396,0.9300498188835022
2031,200,182,136,True,True,136,0.05663050195893403,3.0443128160958124,0.932784475439667
2032,183,168,108,True,True,108,0.05207326799469554,3.7833541924893614,1.0632887223293919
2033,182,166,120,True,True,120,0.058117290258286346,3.729209313227169,0.9858023892273539
2034,174,164,131,True,True,131,0.0626606395837426,3.213280300763148,0.9743681736500356
2035,162,144,116,True,True,116,0.05911781440435528,2.9631737277607746,0.9251594812395478
2036,164,145,101,True,True,101,0.056406730471616866,2.83997961817842,0.9484962573734028
2037,152,133,104,True,True,104,0.06002783992591176,3.115076307830227,1.022385252236932
2038,160,118,96,True,True,96,0.059012807752027496,2.723454940219814,0.9699650142889309
2039,200,132,118,True,True,118,0.060732170871852065,2.7472745141862034,0.9701368345261527
2040,200,132,106,True,True,106,0.05969338947439776,2.400563432099646,0.888442979918531
2041,200,122,102,True,True,102,0.05452951287099304,2.875743700782713,0.8840527939877996
2042,200,127,107,True,True,107,0.05848456178992226,2.7529243942535677,0.8650893252901561
2043,200,123,97,True,True,97,0.05335536798386822,2.2476760961397475,0.9778562525631658
2044,200,133,119,True,True,119,0.058896364857881675,1.9805056351004222,0.8534761187180695
2045,200,132,111,True,True,111,0.055368597391682074,2.7241376346799937,0.9069399632926444
2046,200,138,112,True,True,112,0.05881918230834228,3.6024246749781472,0.8362386479213586
2047,200,125,103,True,True,103,0.05482606883685434,3.7622880916945878,0.9633866716871863
2048,200,135,114,True,True,114,0.060525352919892805,3.049890287845704,0.8250629101443521
2049,200,129,115,True,True,115,0.056881049900512945,2.5576519030249822,0.913500654901239
2050,200,133,129,True,True,129,0.06088993489599602,2.404870506097827,0.8101898405288478
2051,200,124,109,True,True,109,0.06711557714910685,2.7799686051923067,0.8419875639452961
2052,200,114,105,True,True,105,0.06025170199534798,3.3936345742408873,0.7985958359059295
2053,200,102,89,True,True,89,0.0625727941523844,3.6330634336622003,0.8502131095828651
2054,200,84,78,True,True,78,0.05525884921589379,4.074243721121139,0.8875242050095332
2055,200,102,88,True,True,88,0.05701850010661829,4.21500007393439,0.9122237290652361
2056,200,110,94,True,True,94,0.06271634924004682,3.136349311302891,0.936861489071915
2057,200,95,87,True,True,87,0.060288840889886335,2.6256031156023645,0.8604961906257584
2058,200,91,86,True,True,86,0.059204993890856726,2.7913449377635025,0.8065375959143141
2059,200,103,91,True,True,91,0.05628739624307219,2.4544866805053824,0.8135437807512066
2060,200,96,77,True,True,77,0.06368639709187983,2.1759474118938504,0.7173097024229926
2061,200,79,73,True,True,73,0.056507108369794466,1.5840097070907042,0.7597128482861125
2062,200,78,74,True,True,74,0.052982351910196776,1.2279782240859016,0.7040768034676029
2063,200,84,76,True,True,76,0.06204421727457465,1.4165207360142937,0.7052030899769064
2064,200,103,93,True,True,93,0.062162046197252296,1.2897753908082916,0.699700306702328
2065,200,93,86,True,True,86,0.051151836550413776,0.987776972869996,0.7124885158966163
2066,200,85,81,True,True,81,0.05249228129658077,0.28354891767746593,0.758234023773273
2067,200,84,79,True,True,79,0.05407889056875793,0.6118896457645238,0.8190395327198192
2068,200,88,81,True,True,81,0.06248909049020935,1.448389040751096,0.8188378321494301
2069,200,78,74,True,True,74,0.05602785364339246,1.148748131207701,0.8961315590750147
2070,200,102,97,True,True,97,0.06391379693218653,1.3516417850407907,0.5648890969866223
2071,200,107,99,True,True,99,0.06306910058960837,1.5445288382228022,0.6991968773483178
2072,200,93,80,True,True,80,0.05582439383345503,1.3480133204191407,0.9132747926203139
2073,200,100,83,True,True,83,0.06338614954999854,2.302549330130602,0.7925105229149593
2074,200,78,71,True,True,71,0.06436833518044231,2.2489040167673866,0.6490485100479394
2075,200,121,107,True,True,107,0.0608372722741412,1.6188863417863097,0.7863611917961015
2076,200,115,103,True,True,103,0.061123042137337075,1.8297914691789379,0.7348376431519534
2077,200,102,102,True,True,102,0.05633659308532184,2.6031648557689104,0.732989035499971
2078,200,94,86,True,True,86,0.05471465290011821,2.2842186639079003,0.6441602180225842
2079,200,90,81,True,True,81,0.05399228557947588,1.9454269349794198,0.8138537396985224
2080,200,115,100,True,True,100,0.05872184540485828,2.202975380538216,0.8673166372754156
2081,200,107,92,True,True,92,0.05642262457106145,1.5136667059001594,0.7732441618765247
2082,200,132,123,True,True,123,0.05584411735451076,1.3167374477874938,0.7494993931747541
2083,200,134,122,True,True,122,0.05728031754184377,0.989299874030393,0.6974759308484437
2084,200,128,122,True,True,122,0.05553232197186867,1.4117308396102195,0.8071987942338409
2085,200,125,112,True,True,112,0.05488511756401636,2.0717331230260365,0.8276623524061587
2086,200,141,128,True,True,128,0.049136237140976,1.908736164453548,0.8036502803762455
2087,200,127,117,True,True,117,0.05305364126367209,1.5099527926555758,0.7717891161792046
2088,200,98,90,True,True,90,0.05277448776699605,1.0928014234679218,0.7142972894561019
2089,200,106,90,True,True,90,0.0548260471370747,1.8494716576178698,0.7680380529204835
2090,200,126,109,True,True,109,0.04723959290846249,2.4642244532510125,0.8824307971745473
2091,200,118,92,True,True,92,0.056940667531180586,2.063361497414127,0.9032454110336966
2092,200,142,127,True,True,127,0.06243093463803767,2.707899159961,0.9065297071032803
2093,200,141,119,True,True,119,0.06120488368771538,2.6199944251862597,0.9244553704579587
2094,200,143,130,True,True,130,0.06011041846867359,2.655529319102819,0.7882555896522171
2095,200,144,131,True,True,131,0.05703246124761186,2.593962812431669,0.8496031310502314
2096,200,161,130,True,True,130,0.05757056416876005,3.1478008182510107,0.8545855042064375
2097,200,175,144,True,True,144,0.05765509008491923,3.830009087091246,0.8490018341963547
2098,200,160,133,True,True,133,0.061004549275157534,3.8447806223131686,0.9460274332358353
2099,200,165,142,True,True,142,0.06116673084339841,3.729799788413531,0.9193009552468522
2100,200,171,125,True,True,125,0.05344817897488754,3.006459981426059,0.8039249037277346
2101,200,155,134,True,True,134,0.05774860095224912,2.4398809247433,0.8020375434757975
2102,200,155,134,True,True,134,0.05712347669880306,2.6722344214577767,0.8124532686898495
2103,200,169,146,True,True,146,0.05757634660267791,2.5796366234935366,0.7764385300191579
2104,200,159,136,True,True,136,0.05285626881771264,2.310065858038225,0.816075898802026
2105,200,165,152,True,True,152,0.05732715966795397,1.9796486368260524,0.7688540364704302
2106,200,162,138,True,True,138,0.06126685791168938,2.027190278290343,0.8432998459650936
2107,200,173,153,True,True,153,0.0573901493846605,2.1414037767135574,0.8138298279418119
2108,200,176,162,True,True,162,0.05669804808365461,2.5671590923028176,0.9440135157331453
2109,200,174,144,True,True,144,0.05367617730076977,2.144830863210844,0.8771767778006475
2110,200,175,152,True,True,152,0.05121643788530184,1.8265810952945394,0.8140339389677596
2111,200,192,165,True,True,165,0.05384854188152525,2.655466398631978,0.9050631681763598
2112,200,171,144,True,True,144,0.055922937185834624,3.4072066538889505,0.8762122680897303
2113,200,159,120,True,True,120,0.05672309551128,3.543733645809747,0.9471572778039614
2114,200,156,139,True,True,139,0.061819816635586444,2.8778526194573866,0.836698203383933
2115,200,160,138,True,True,138,0.05749627967405069,2.6970405859131157,0.9939833521981891
2116,200,170,150,True,True,150,0.05709634970824111,2.458191938370459,0.6834447033680409
2117,200,169,142,True,True,142,0.055447111546700525,2.6790386727364,0.8250160880968846
2118,200,169,157,True,True,157,0.05651209834935859,2.7541306704423114,0.8057879434155648
2119,200,174,164,True,True,164,0.05383406627603741,2.82183183608574,0.7883827882025294
2120,200,164,150,True,True,150,0.06321078963934333,3.5293499519030562,0.861613577671293
2121,200,177,140,True,True,140,0.06492705348605388,3.6811446544251814,0.8552290061589286
2122,200,157,145,True,True,145,0.05753122031017816,3.498310845887587,0.8134346592803271
2123,200,159,140,True,True,140,0.05517500431669679,2.904549685174153,0.7746425521954509
2124,200,158,141,True,True,141,0.05785768793160792,3.0695808834029434,0.6090947022391467
2125,200,167,150,True,True,150,0.05379551651800584,2.938848574087557,0.7365608283152103
2126,200,187,168,True,True,168,0.05417352574570461,2.3305950441254746,0.6585343714169831
2127,200,198,163,True,True,163,0.06060802905762086,1.7467055648917027,0.8135964761061659
2128,200,197,167,True,True,167,0.05492953977498146,1.8632724625367145,0.8769549841640903
2129,200,198,167,True,True,167,0.05539907613692866,2.1192800776071694,0.8194265108156463
2130,200,194,173,True,True,173,0.05445272922184972,2.3244136365502226,0.8879518069048341
2131,200,190,165,True,True,165,0.05440464423958427,1.470117302435579,0.8624290597917347
2132,200,195,173,True,True,173,0.05266461119044377,1.2573500956054817,0.8447988292846004
2133,200,191,170,True,True,170,0.0560201162794699,2.2391236957065135,0.9196747728280791
2134,200,193,168,True,True,168,0.056679167482606846,3.089467951989926,0.8702516137228283
2135,200,195,166,True,True,166,0.059782987014851616,2.74404042588675,0.8645554130139423
2136,200,192,169,True,True,169,0.05811441295144377,2.3885720818068186,0.8568820093314413
2137,200,183,161,True,True,161,0.06114719491352288,1.5607903646120744,0.7553643816204642
2138,200,188,152,True,True,152,0.062052454921880225,1.138064191633466,0.8810253031303547
2139,200,190,166,True,True,166,0.05827242982263415,1.422503281966529,0.9265614586785599
2140,200,188,165,True,True,165,0.06001560390954794,2.1203935274248313,0.9019365059773864
2141,200,184,160,True,True,160,0.058575723897096185,2.72092299797235,0.8919980094253127
2142,200,188,159,True,True,159,0.05856867091509807,3.250508016224869,0.9359377713693589
2143,200,180,156,True,True,156,0.058110579475911285,2.9768184374963806,0.981658914506034
2144,200,181,145,True,True,145,0.06155597129522639,2.2762959470502637,0.9397161542033059
2145,200,166,136,True,True,136,0.059127722805874576,2.0691830873514814,0.8707499333082036
2146,200,161,121,True,True,121,0.059528561776046755,2.1910921425614593,0.8972296086288255
2147,200,145,133,True,True,133,0.06101407821949757,1.8805156060084265,0.7574112552786513
2148,200,136,113,True,True,113,0.06100922559554581,1.6961320420522503,0.8065818698527226
2149,200,120,91,True,True,91,0.06022418899807569,1.3157002349223832,0.9297520486536057
2150,200,127,89,True,True,89,0.05836598708315688,1.1123752985842046,0.9117868076197845
2151,200,130,98,True,True,98,0.0519573124993782,1.7884497035085403,0.8850521377441216
2152,200,144,124,True,True,124,0.05484080510669296,1.4826976776235523,0.9499152151103989
2153,200,133,108,True,True,108,0.05290397419755615,0.8554094817650629,0.9462803982247631
2154,200,165,145,True,True,145,0.0536302261744847,0.46026222814657497,0.8870101346515155
2155,200,150,128,True,True,128,0.05277764735669129,1.4983676031508562,0.9223744219173601
2156,200,153,119,True,True,119,0.05499485966649262,2.0373173833532685,0.9100767400735034
2157,200,136,112,True,True,112,0.05524162490530467,2.148993599663149,0.8711009979947417
2158,200,124,105,True,True,105,0.0576335193317199,1.7815905788546909,0.9033479486499233
2159,200,109,86,True,True,86,0.06528367589870313,1.6100146068321066,0.8612361886169037
2160,200,109,94,True,True,94,0.06549985965163618,2.102300900918977,0.9637789624699041
2161,200,105,89,True,True,89,0.06669348161745627,1.7642712720476725,0.9780800939751454
2162,200,98,79,True,True,79,0.06026681361937605,2.036940005589417,0.927874795873984
2163,200,95,70,True,True,70,0.06048952807060906,2.261464887690011,0.9010371024254997
2164,200,129,105,True,True,105,0.05686463070660765,2.95569015740287,0.9549614445201976
2165,200,132,97,True,True,97,0.059035139455136255,2.866467703234679,0.9646188855948703
2166,200,146,101,True,True,101,0.055550941133296984,2.500354885661195,0.9116369044832753
2167,200,155,128,True,True,128,0.05275968594857213,2.1782164793977157,0.9582324975967298
2168,200,160,124,True,True,124,0.05815103391368498,1.8707116359406881,0.9036903112223029
2169,200,156,129,True,True,129,0.05751075105244725,1.893961459596519,0.8219010506719578
2170,200,173,125,True,True,125,0.058267493743361355,1.286885993483958,0.8916458120834466
2171,200,175,135,True,True,135,0.060358557431935335,1.0155714402595302,0.9741056987593123
2172,200,177,137,True,True,137,0.059670658992404535,1.5015839992462838,0.8166465190724687
2173,200,168,130,True,True,130,0.055309275198567,1.5497311287803248,0.8310666265148431
2174,200,170,145,True,True,145,0.05617932972305132,1.678027693152648,0.8650659922726586
2175,200,159,127,True,True,127,0.058910079898433096,1.6352088795731607,0.885800369867786
2176,200,158,139,True,True,139,0.05927457486422953,1.392541779854138,0.8724360314197924
2177,200,168,127,True,True,127,0.059613623420370736,1.8937507033018013,0.8368629576766734
2178,200,182,133,True,True,133,0.05983306503419055,3.1731044527266805,0.9566562282714144
2179,200,195,147,True,True,147,0.07432290485048287,3.401035756522056,0.9586134757412106
2180,200,195,140,True,True,140,0.06931053095505288,2.9139924344236725,1.0469154623856
2181,200,193,130,True,True,130,0.0692595341744896,3.1508852101998954,0.940284231723569
2182,200,188,127,True,True,127,0.03577161633648856,3.330244430906752,1.0268267610476602
2183,200,183,133,True,True,133,0.061807536211182644,3.137273216426269,0.9160207102228956
2184,200,188,134,True,True,134,0.06551871222167209,3.5361629844988465,0.9141513487241127
2185,200,193,137,True,True,137,0.06665822997015429,4.178447307244485,0.9284508722608789
2186,200,188,128,True,True,128,0.05888383115050106,4.3089423115219185,1.0548084771038726
2187,200,171,127,True,True,127,0.064262735332817,4.077468900934283,0.8334996432105861
2188,200,170,142,True,True,142,0.06639554171790335,3.8408867587843805,0.7513963091643423
2189,200,165,124,True,True,124,0.06662271412701383,3.8643931015659243,1.0133673344362943
2190,200,177,136,True,True,136,0.06567883645919967,3.4438336858073426,1.0381488184658547
2191,200,184,143,True,True,143,0.06471843847515274,3.1973425701522924,1.005493520084312
2192,200,191,127,True,True,127,0.07714230336580477,2.7198205675533926,1.0985351001848327
2193,200,188,146,True,True,146,0.0668764663709437,3.153501513249109,0.9561562088944489
2194,200,190,134,True,True,134,0.06578390336295316,3.7796041620034884,1.0479162455280933
2195,172,159,118,True,True,118,0.06466860698276637,3.843904669799175,1.060912765240976
2196,162,130,89,True,True,89,0.06384278142539296,3.489014300777984,0.9165088053840104
2197,195,157,117,True,True,117,0.06241800315728548,3.039186447448871,0.9957536056516847
2198,188,144,110,True,True,110,0.0592431767663163,2.818642216065335,0.9306312492699225
2199,180,136,105,True,True,105,0.06130470985465297,3.3760447543200147,0.9931669055739967
2200,175,131,99,True,True,99,0.06774548465331524,3.592917601272688,1.0047543169990147
2201,200,154,135,True,True,135,0.06172385856235635,3.3022072209039095,0.9145123628109499
2202,200,163,139,True,True,139,0.06135656318350005,3.0019560698529335,0.8070018255109471
2203,200,160,137,True,True,137,0.06606332149057292,2.6751570282473187,0.9287453258667193
2204,200,161,125,True,True,125,0.06009911694345995,2.295823905844397,0.8323095422915745
2205,200,160,140,True,True,140,0.057072583809076,2.4533681523011257,0.851451643060216
2206,200,156,138,True,True,138,0.060994878747026686,2.9414668839475158,0.8631940198653903
2207,200,146,117,True,True,117,0.06166611729232064,3.203337694278329,0.944986836863804
2208,200,132,106,True,True,106,0.05991570538098197,4.054006073048909,0.9724370382841223
2209,200,128,105,True,True,105,0.06230568610001346,4.437865103798822,0.9127953851885198
2210,200,110,86,True,True,86,0.0634381945328924,4.2437903631897065,0.9698851767241646
2211,200,117,101,True,True,101,0.056842718385404396,3.275903270613762,0.7814416073356839
2212,200,118,108,True,True,108,0.05625893168642094,2.5327048569120625,0.7821271953586267
2213,200,116,99,True,True,99,0.05727692492292173,2.2500895090196895,0.776940869673534
2214,200,142,122,True,True,122,0.049895919889820145,1.7230012897806837,0.7382187904594868
2215,200,131,126,True,True,126,0.054476045943363194,1.3328468743744157,0.7779076849172909
2216,200,128,105,True,True,105,0.054830249091853744,1.4316147131483756,0.7885729180296476
2217,200,92,85,True,True,85,0.0539940811058122,1.7030609821283986,0.708198673113245
2218,200,120,116,True,True,116,0.05422128177924056,1.4307832266561857,0.7719465060052603
2219,200,130,122,True,True,122,0.04966754665199419,0.8788896526613987,0.8248206597407155
2220,200,115,108,True,True,108,0.03962422622805702,0.44338030528060157,0.5249582092140137
2221,200,120,103,True,True,103,0.0475455399511848,1.160629096125737,0.7613068904763517
2222,200,120,112,True,True,112,0.04728660516946584,1.5703073444685227,0.7381117248935687
2223,200,117,108,True,True,108,0.05710418541047037,1.5829208148142324,0.7017419633989964
2224,200,114,109,True,True,109,0.05216571796951542,2.0266923497038034,0.8251055076038158
2225,200,99,85,True,True,85,0.05569524501231725,2.2489198290029964,0.8316907906110433
2226,200,115,105,True,True,105,0.06054494421237447,1.8722346644300312,0.822521999519647
2227,200,110,101,True,True,101,0.05644622253774615,1.6217246848821116,0.9483787431950229
2228,200,109,99,True,True,99,0.05647949862299366,1.6089646541645168,0.7922903869156612
2229,200,102,92,True,True,92,0.057889050196724696,1.8527289175710566,0.7966244197493721
2230,200,129,118,True,True,118,0.053841998546770305,2.007032424924836,0.8005934410336195
2231,200,119,105,True,True,105,0.05373824652715876,2.771334560561199,0.8525499893897321
2232,200,118,98,True,True,98,0.060566073447637425,2.2424009071523825,0.860890897660916
2233,200,117,95,True,True,95,0.06697106726762474,2.075724055278233,0.8337274088590372
2234,200,107,99,True,True,99,0.05555601574500024,1.8187070086904684,0.7828970377522028
2235,200,88,84,True,True,84,0.056945896381639605,1.5573352143131207,0.8218626917967391
2236,200,81,72,True,True,72,0.06088885898768716,1.5254752218495786,0.6878901191596872
2237,200,120,101,True,True,101,0.05587829890526573,1.3262338819184263,0.8439118742789774
2238,200,103,94,True,True,94,0.05405470681983298,1.3300847908707685,0.7695642493767936
2239,200,105,84,True,True,84,0.06065430571417187,1.582549860012058,0.8365418146823315
2240,200,114,96,True,True,96,0.057021069258832734,2.179149042479138,0.7265427856362108
2241,200,129,121,True,True,121,0.051055180316866504,1.5908680639054353,0.7967774183945215
2242,200,101,100,True,True,100,0.05119061816486366,1.264013770846494,0.7297055057730634
2243,200,113,100,True,True,100,0.05083756771426396,1.8714892425037557,0.8196389552666489
2244,200,99,91,True,True,91,0.049038274473582194,2.5526285386626255,0.8337373615852958
2245,200,125,110,True,True,110,0.05918308904017594,2.764703071620369,0.7975690434918093
2246,200,127,102,True,True,102,0.05274455594607272,2.956822217460651,0.9192009623306253
2247,200,137,109,True,True,109,0.05520423429049567,2.6978021294089167,0.8032215377184122
2248,200,139,113,True,True,113,0.05396484636120141,3.082722961630166,0.920811466912073
2249,200,136,116,True,True,116,0.0554250432394759,2.966562126622472,0.8958750474099507
2250,200,147,128,True,True,128,0.05711495212901336,3.3255041820641806,0.7958865798071589
2251,200,175,136,True,True,136,0.0541916560059916,3.675719787012215,0.8579627044298926
2252,200,172,132,True,True,132,0.05548341914829137,4.387045944686438,1.0246995294837467
2253,200,169,121,True,True,121,0.06006298830538976,4.292251606017929,0.9227921134971061
2254,200,178,138,True,True,138,0.053479164998263606,4.044003365633215,0.8391126849001682
2255,200,163,126,True,True,126,0.05559753780921555,3.3171079905952636,0.9058059579936327
2256,200,161,136,True,True,136,0.05725939342798378,2.667715372366258,0.878243363632526
2257,200,172,146,True,True,146,0.057609775935898035,2.4904010647503214,0.8661733296292754
2258,200,176,160,True,True,160,0.05654546530933044,2.529671455994374,0.7992319929652713
2259,200,166,142,True,True,142,0.06060877310823436,2.055315401613796,0.7173267541023007
2260,200,160,149,True,True,149,0.052316987752418206,2.0052191793958456,0.8798284938122898
2261,200,173,149,True,True,149,0.049400295772422734,2.5562145099954066,0.8511894789191284
2262,200,163,140,True,True,140,0.050647233999626104,2.5865263561065492,0.8746598228017346
2263,200,165,139,True,True,139,0.042999552957838874,2.1795431892529793,0.87893547908446
2264,200,158,141,True,True,141,0.04870979430122938,1.4343952901135286,0.6334744234074366
2265,200,172,161,True,True,161,0.049645163740446654,1.8242622612515709,0.806083398247203
2266,200,183,150,True,True,150,0.05435889989959444,2.7023790130936134,0.831943673669964
2267,200,186,154,True,True,154,0.048906364540062024,3.1575594256540387,0.9720296148186
2268,200,182,150,True,True,150,0.05756995790581421,3.1173430435848317,0.8168301895531235
2269,200,172,148,True,True,148,0.053133659315692125,2.4886702746858504,0.8259729906284716
2270,200,179,172,True,True,172,0.055547631977019125,2.502498262179536,0.815916435173513
2271,200,176,166,True,True,166,0.05604900644222576,2.2432328730811153,0.6705661426251658
2272,200,153,141,True,True,141,0.05594469789019642,2.771421784077919,0.8167425476467753
2273,200,171,152,True,True,152,0.05609561533435215,3.7599755766179714,0.780912365988896
2274,200,164,157,True,True,157,0.05138809428281194,4.259888207935508,0.8344874778420007
2275,200,165,137,True,True,137,0.04479057285158238,4.963707894956928,0.9131415077199442
2276,200,181,144,True,True,144,0.05384682711585221,4.986979002063679,0.9050717986898914
2277,200,184,154,True,True,154,0.055847785183649204,4.2944701152818485,0.9323704469086296
2278,200,166,147,True,True,147,0.060130016860488786,3.7981940294360608,0.8695677316245556
2279,200,158,121,True,True,121,0.06565178089853704,3.2096235718832493,0.8684308934784771
2280,200,170,142,True,True,142,0.05425174481337755,3.0252737500818943,0.9240047972063022
2281,200,181,166,True,True,166,0.05547954671462218,2.647410528085448,0.8281025860394243
2282,200,183,162,True,True,162,0.05312913916283943,2.207202249440001,0.8502179749585757
2283,200,189,162,True,True,162,0.050043951349573484,2.401820351416005,0.7401231020462876
2284,200,195,176,True,True,176,0.04903785971905262,2.6262867033696495,0.7262432046718313
2285,200,190,172,True,True,172,0.051581548867293825,2.1228902347926977,0.7466996101982056
2286,200,187,168,True,True,168,0.05221338784375708,1.395233150832768,0.7444281916921913
2287,200,179,165,True,True,165,0.049104327366437384,1.0839081613994335,0.7234375822176818
2288,200,185,156,True,True,156,0.04878284596712642,1.697208959756539,0.9341980310831365
2289,200,193,155,True,True,155,0.048954878374723704,2.574470111657924,0.8919044195480633
2290,200,188,162,True,True,162,0.05154648388159653,2.7153907497249383,0.8149718262476465
2291,200,186,162,True,True,162,0.05735128668275645,2.7446361810978823,0.9598297335971165
2292,200,180,138,True,True,138,0.05603084935044027,2.545196579462065,0.9793301624097562
2293,200,182,139,True,True,139,0.06318076164541042,1.9116239825670243,0.9122963423441848
2294,200,181,154,True,True,154,0.055971125100496455,2.0752317737145844,0.8869460205451569
2295,200,179,150,True,True,150,0.05522465391125623,2.460091916099647,0.8736242849000394
2296,200,182,152,True,True,152,0.053601028374262435,2.79555785403214,0.952227358293178
2297,200,164,126,True,True,126,0.04900337802943403,2.9513020869857463,0.9654699478850578
2298,200,141,108,True,True,108,0.05204671056652048,3.213851401488698,1.0051186222402184
2299,200,106,97,True,True,97,0.05130126096111682,2.829549687565787,0.944801063969883
2300,200,111,87,True,True,87,0.05108849814725422,2.2006778524487145,0.9064709790264077
2301,200,123,109,True,True,109,0.05308422727905663,1.8212154989103355,0.7996437715370794
2302,200,102,92,True,True,92,0.056683448023050476,2.0662942293003805,0.8177267519462922
2303,200,114,98,True,True,98,0.05766875447093574,1.8663374172304708,0.7678136144101514
2304,200,93,81,True,True,81,0.05286550516324218,1.6055543348883912,0.8097659694812646
2305,200,98,89,True,True,89,0.05271317070621492,1.3780806400607366,0.7229850069832332
2306,200,91,87,True,True,87,0.05049663229914989,1.6611897198320413,0.9156141902584952
2307,200,106,90,True,True,90,0.05629229294268267,0.9066076500354823,0.8057529276906986
2308,200,117,102,True,True,102,0.05505740793598114,0.4983280313116496,0.8655217347584403
2309,200,121,104,True,True,104,0.05186528551903412,0.7511897341630912,0.8324872445878951
2310,200,101,89,True,True,89,0.045800380579551,0.7814629600534626,0.8021550905656879
2311,200,86,81,True,True,81,0.04804319680381736,0.9263485733087242,0.7605114571861109
2312,200,95,83,True,True,83,0.04775870563526259,0.9839785678263383,0.9339341137726377
2313,200,79,68,True,True,68,0.048352033971197764,1.4277927658717178,1.0434139671198153
2314,200,99,81,True,True,81,0.05619144259041117,1.3968899394933338,0.8691312712123883
2315,200,109,99,True,True,99,0.05470254739941367,1.6522949275827827,0.8085369581597777
2316,200,124,98,True,True,98,0.054997590321485684,1.9836292148804888,0.9608868861911904
2317,200,141,120,True,True,120,0.05760899391733059,1.8352411230974526,0.8952175086551262
2318,200,132,103,True,True,103,0.05561147910561404,2.195596175479826,0.9070667120182443
2319,200,153,101,True,True,101,0.053101778846095876,2.7636162700564575,1.030322965739981
2320,200,162,110,True,True,110,0.05228283658352701,3.3480875362513953,0.9934180330169516
2321,200,177,126,True,True,126,0.0512650008594096,3.2788503306163554,0.9482383661662395
2322,200,182,135,True,True,135,0.057170439061714325,2.640990834522031,0.9084533433691723
2323,200,186,136,True,True,136,0.05559081823129937,2.326030365965417,0.939681665598384
2324,200,190,156,True,True,156,0.0531869875705751,2.2869678922011065,0.8992299261858913
2325,200,193,157,True,True,157,0.05283905753601343,2.2344980744895397,0.8377107946451212
2326,200,191,161,True,True,161,0.05610012240597203,2.2286298552433585,0.8176199055797856
2327,200,180,142,True,True,142,0.050718636708843086,2.2728840427395265,0.8401147907188766
2328,200,178,150,True,True,150,0.05337693105335082,2.453954563224773,0.9232471038642874
2329,200,170,142,True,True,142,0.05738174919294513,2.366165956445049,0.9125993170152069
2330,200,180,150,True,True,150,0.06060013536266921,1.6898111228134896,0.8873069280275317
2331,200,176,137,True,True,137,0.04401594815146384,2.022104150849547,0.8572219181459956
2332,200,185,137,True,True,137,0.054789883556327086,1.9001287732370726,0.9605042297489633
2333,200,186,128,True,True,128,0.05179779280971367,3.184323888589208,0.9379818034097359
2334,200,187,136,True,True,136,0.046240199582292855,3.509488417566732,0.9639921223905972
2335,200,191,136,True,True,136,0.08096131047983375,3.5188678204393327,1.0059074644532209
2336,200,183,125,True,True,125,0.06349315249201465,3.1720711045246404,1.0208696320668789
2337,200,177,127,True,True,127,0.04517718846946204,2.736196889314686,0.9109646856631921
2338,200,178,121,True,True,121,0.053320388929323,3.1536446524776403,0.953916722511202
2339,200,178,130,True,True,130,0.06083095185336344,3.278305511967975,0.9931423474587665
2340,200,183,137,True,True,137,0.05206167415848898,2.7040583028456515,0.899594892060752
2341,200,183,133,True,True,133,0.06257592560243315,2.6487522507907153,0.965678909822521
2342,200,178,114,True,True,114,0.056980187728356196,4.040557651314699,1.0031742363260454
2343,176,165,118,True,True,118,0.055717225880138936,4.08422230781446,1.0416772823576042
2344,200,182,124,True,True,124,0.06336260959155668,3.384937793341452,0.962299431980132
2345,192,175,130,True,True,130,0.05903476233580548,3.032277339823168,1.0384485590448411
2346,200,173,132,True,True,132,0.05832812916374559,2.8898168299248947,0.9776775565283568
2347,200,169,121,True,True,121,0.057202865171885345,2.632835405692603,0.9685609490962249
2348,200,158,104,True,True,104,0.06530470795172477,2.4113689581635795,0.9717608157866556
2349,200,151,103,True,True,103,0.07200007029056187,2.5678253953764743,1.0396804344852217
2350,200,137,108,True,True,108,0.057840730568200945,2.7744008315903472,1.0200201707157188
2351,191,139,98,True,True,98,0.06161567019256762,3.6766737725669065,0.8823559894536648
2352,200,141,114,True,True,114,0.064843475888935,3.2318345387328233,0.9785555599472121
2353,200,128,89,True,True,89,0.065547118665221,1.9427278418769804,1.022830648737222
2354,200,145,122,True,True,122,0.06112673708373518,2.0490629512071297,0.8833668500710316
2355,200,159,124,True,True,124,0.05507394969257842,2.9756794570366742,0.9393100120734216
2356,200,149,115,True,True,115,0.06000835998380608,3.763677483560702,0.8686914377082093
2357,200,153,124,True,True,124,0.059328757398784016,3.9266690348734046,0.9899630205663845
2358,200,147,126,True,True,126,0.0648333231548051,3.247711305370177,0.9121189117985811
2359,200,146,125,True,True,125,0.060246795858241824,3.1389520048681114,0.8837844034570023
2360,200,137,114,True,True,114,0.06382122828732953,2.9402596285562876,0.9193025394873412
2361,200,143,123,True,True,123,0.06051636656888567,2.5817893769396822,0.9025608958844556
2362,200,128,106,True,True,106,0.05835759236908064,2.561147400902631,0.7813431374577101
2363,200,122,109,True,True,109,0.06067500385259143,3.2779138523425466,0.8342120631780889
2364,200,124,107,True,True,107,0.05331706659585816,3.275042803008619,0.8979937163814562
2365,200,113,104,True,True,104,0.052487617068958464,3.6789560271514152,0.8883895202486539
2366,200,117,104,True,True,104,0.05613562853946348,3.7482226276014856,0.8437117757336169
2367,200,125,112,True,True,112,0.05455115900876513,3.2358105870819776,0.8721756660108546
2368,200,131,113,True,True,113,0.054830003871983723,1.850171108827762,0.9010465156755959
2369,200,99,92,True,True,92,0.05381162570109161,1.4953728285373857,0.6263771587323023
2370,200,115,98,True,True,98,0.057961176243428614,1.5595146884316913,0.7400467608331401
2371,200,90,87,True,True,87,0.06314551108467839,1.3118281588824792,0.7276504836109009
2372,200,124,114,True,True,114,0.05953374798748957,1.1936717435736968,0.6688134170673087
2373,200,117,112,True,True,112,0.05253435684073115,1.3685528189433538,0.6917828079655753
2374,200,127,109,True,True,109,0.05848678591726919,1.542525969762639,0.7104504570012979
2375,200,108,95,True,True,95,0.060975402533303,0.9939558388829716,0.850130594598455
2376,200,128,115,True,True,115,0.050630248496759074,0.559660378073166,0.686493251970697
2377,200,120,109,True,True,109,0.05491771710762666,1.0229226244798808,0.7130984710578424
2378,200,124,110,True,True,110,0.05681813455526085,1.6525257548344598,0.8570052285022899
2379,200,121,108,True,True,108,0.06012116395222559,1.892683430621024,0.7439464869847036
2380,200,115,110,True,True,110,0.058661608294428576,2.227318369926736,0.7452783147572092
2381,200,131,121,True,True,121,0.061441008168787975,2.1117349041771547,0.7099116516781465
2382,200,130,128,True,True,128,0.06083097132649521,2.1638873330957566,0.6764914496069919
2383,200,141,128,True,True,128,0.05398248065041716,2.201138421271402,0.8596768621437848
2384,200,126,115,True,True,115,0.05583311257204029,2.334627723868852,0.7308809611827808
2385,200,127,110,True,True,110,0.06087679824081579,3.0714168010905087,0.8329104716722019
2386,200,134,109,True,True,109,0.053038058204875435,3.0700776436945856,0.8174664207805886
2387,200,117,91,True,True,91,0.04851336259219007,3.689431624984015,0.8211494129840373
2388,200,124,109,True,True,109,0.05095788361574796,3.5323971886514953,0.7798751075185613
2389,200,122,111,True,True,111,0.04878038690269105,2.726350163514086,0.7829791025036055
2390,200,98,90,True,True,90,0.05375583722828213,2.24315649970941,0.688923655784742
2391,200,123,110,True,True,110,0.061077839401809976,1.964672714986341,0.891869297744586
2392,200,110,97,True,True,97,0.05078719410315849,1.967760412207392,0.8288193246972329
2393,200,113,98,True,True,98,0.05275210945953746,1.547684228566305,0.8391116707534122
2394,200,101,94,True,True,94,0.05964723568595528,1.6023026828134317,0.7255045781304421
2395,200,122,108,True,True,108,0.063382523616475,2.121422170265809,0.7479250843604464
2396,200,129,120,True,True,120,0.05507102374301151,2.097280669477465,0.8474080137856107
2397,200,152,137,True,True,137,0.051619814596064025,1.770981226321944,0.7760740362499323
2398,200,129,110,True,True,110,0.05496550330025929,0.9660826509729541,0.8016774732541161
2399,200,150,122,True,True,122,0.05525592084643745,1.7950328563219056,0.8774784735025067
2400,200,152,122,True,True,122,0.05177635323515255,2.8659936451625394,0.8724909782600748
2401,200,158,124,True,True,124,0.056077498612184924,3.21375586434747,0.8140502295170587
2402,200,161,139,True,True,139,0.053591637094701876,3.3936200056479584,0.8433786779120519
2403,200,172,153,True,True,153,0.05822060591517803,2.988165081190886,0.8490459383515698
2404,200,169,128,True,True,128,0.05498460574392175,2.788674692352548,0.8578774688335187
2405,200,170,130,True,True,130,0.06028586019664264,1.9016837789000347,0.8053065620476274
2406,200,166,130,True,True,130,0.06038275989908354,2.49011557204272,0.8662828262138733
2407,200,171,118,True,True,118,0.058843687993698414,3.6275047408242793,0.8913213079647464
2408,200,160,128,True,True,128,0.06235184170359975,4.199502608849857,0.9019485041795872
2409,200,152,122,True,True,122,0.054825453239610765,4.659730215347984,0.979706187883848
2410,200,170,125,True,True,125,0.055484960201936176,4.208793452648632,0.986786637824248
2411,200,173,156,True,True,156,0.055558120759818516,3.6020767319790514,0.9382935181406671
2412,200,187,166,True,True,166,0.06283574417028924,3.131195986693283,0.9117093331894587
2413,200,184,152,True,True,152,0.05939084085724596,3.4449392962369547,0.8666453261796215
2414,200,180,156,True,True,156,0.057359500672120416,3.4368560357383773,0.944113464591803
2415,200,172,155,True,True,155,0.05821277048210345,3.201994329951808,0.9044057081625803
2416,200,175,152,True,True,152,0.05541655803291023,2.7445998566693186,0.8334202281056282
2417,200,163,139,True,True,139,0.059638439768068686,3.032290819342623,0.8937140769506666
2418,200,163,134,True,True,134,0.06234250660733388,2.8933328623131067,0.8118737941643919
2419,200,168,127,True,True,127,0.05337643702082463,2.8801960022064845,0.8658877446009424
2420,200,169,156,True,True,156,0.05721403281452891,2.7514079819296327,0.7513523360243386
2421,200,171,142,True,True,142,0.05682274256584547,2.6951911359751937,0.8908842838696053
2422,200,157,142,True,True,142,0.060173613447880546,3.1549805992671,0.824298699894221
2423,200,162,136,True,True,136,0.05945657428399301,3.426466310220512,0.8300852220403883
2424,200,174,145,True,True,145,0.0505530112414938,3.9318326525204155,0.907711594384108
2425,200,176,155,True,True,155,0.06083111282352899,3.5484039450768927,0.8931853157415481
2426,200,174,148,True,True,148,0.06726902080766319,2.7419127040876967,0.8384461217692178
2427,200,164,130,True,True,130,0.05918925861943133,3.0596533522425697,0.8477074040256043
2428,200,170,136,True,True,136,0.05863451217810661,3.1032048127354175,0.8621989998356976
2429,200,184,158,True,True,158,0.061036238169836964,3.7025802824983036,0.9466490858404335
2430,200,188,153,True,True,153,0.05361600219474098,4.180099380552875,0.8234395777577528
2431,200,198,176,True,True,176,0.05478318386672743,4.299843782188615,0.8273644267942215
2432,200,194,156,True,True,156,0.06268717537880546,4.741110408005659,0.9097138852422088
2433,200,190,156,True,True,156,0.06475313569508319,4.070065278894586,0.8708211969419419
2434,200,195,174,True,True,174,0.05596646151797771,3.44726743009759,0.9561067548260642
2435,200,191,160,True,True,160,0.05743008431309538,3.336055353593242,0.8892417787282585
2436,200,186,159,True,True,159,0.0551447939964946,3.052637536512694,0.824183072555397
2437,200,180,161,True,True,161,0.05415318533478192,2.8102007765060635,0.9186870842886401
2438,200,181,171,True,True,171,0.05430347926251562,2.442120957238112,0.7705288080124684
2439,200,158,126,True,True,126,0.052435511735697896,2.2351424880174457,0.6425791176288018
2440,200,147,128,True,True,128,0.05315152093412624,2.508102646333609,0.8016123809315305
2441,200,142,123,True,True,123,0.05422171380799685,2.514985984107096,0.8792229872820002
2442,200,111,94,True,True,94,0.051859260070097696,1.6148956420609863,0.8247800082862449
2443,200,115,97,True,True,97,0.053611629405169364,0.8870360385757639,0.8173473337602557
2444,200,125,105,True,True,105,0.045511321650333475,1.4464081898901688,0.8817730129757922
2445,200,131,120,True,True,120,0.049982690506581946,2.469526270688063,0.8447681830480792
2446,200,133,111,True,True,111,0.05002563198663681,2.7377930570328965,0.88411774331078
2447,200,108,92,True,True,92,0.04929165550184956,2.394192647066486,0.8525332282319164
2448,200,113,98,True,True,98,0.04918611762647989,2.093696724277841,0.7955062377050468
2449,200,98,85,True,True,85,0.05677737872504693,1.3779160593698743,0.8553491006541629
2450,200,104,87,True,True,87,0.04722345537290423,1.344795445803559,0.8833266122244089
2451,200,121,99,True,True,99,0.054062671997404235,1.636394195195253,0.9477324856885759
2452,200,129,99,True,True,99,0.05029031841438732,2.575783000074136,0.9611917482493681
2453,200,123,103,True,True,103,0.04255302428318976,2.6726083907951237,0.8617135284305607
2454,200,130,109,True,True,109,0.043784611777809714,2.766919150294973,0.8360346976732211
2455,200,133,108,True,True,108,0.04473561116098151,2.8435565520538435,0.9175124614078205
2456,200,130,101,True,True,101,0.04473521482164215,2.8733531320511436,0.8799262279511932
2457,200,136,102,True,True,102,0.04282816623095135,2.7729521978857705,0.8468760637057604
2458,200,160,123,True,True,123,0.047250029052083135,1.9253970494842187,0.919410780617957
2459,200,138,108,True,True,108,0.04559431023265006,1.5999102036727362,0.8336708165310559
2460,200,154,124,True,True,124,0.04791427227198038,1.5121061510038067,0.7108768483581378
2461,200,162,118,True,True,118,0.05181015903015868,1.7532499620435127,0.8225010191339522
2462,200,141,96,True,True,96,0.05117168788009227,1.4311698082336743,0.7452051401729731
2463,200,166,125,True,True,125,0.05178831304077012,2.163733365400099,0.8925284528909845
2464,200,172,108,True,True,108,0.05027828295595394,2.0799880058013183,0.8848627294698289
2465,200,179,103,True,True,103,0.051582801065228355,1.832563458465048,0.8967148114102116
2466,200,179,138,True,True,138,0.046092750230574325,1.6371919515398234,0.9336431023906868
2467,200,168,118,True,True,118,0.04706170655042116,1.9304259002959976,0.8109313194402518
2468,200,175,135,True,True,135,0.0424623617687526,2.4032820045681578,0.8217565515423318
2469,200,168,129,True,True,129,0.04181095421880522,2.2377514812307067,0.8630969098844763
2470,200,166,126,True,True,126,0.04597192248975469,2.1782266651726294,0.8877423548045135
2471,200,157,120,True,True,120,0.044786901337655054,2.4432227318415825,0.7742319226890174
2472,200,171,134,True,True,134,0.04641229856644938,2.3340439744385995,0.7648029637673632
2473,200,166,139,True,True,139,0.046930645489568934,2.049348639205873,0.697450131137963
2474,200,171,137,True,True,137,0.050994888566857834,2.270547077534074,0.9333558397708908
2475,200,178,143,True,True,143,0.049419840296055,3.1330624115301,0.9600699314392029
2476,200,172,126,True,True,126,0.03816518345024486,3.724332379713003,0.9181861851198817
2477,200,172,139,True,True,139,0.023213554355613324,3.976798715559465,0.9677948939114447
2478,200,165,118,True,True,118,0.026071559209411108,3.398463332729441,1.0435694934452755
2479,200,161,124,True,True,124,0.02152277858248284,3.584927451864008,1.0699759272508156
2480,200,175,127,True,True,127,0.03454654523701,2.401000861984132,1.0298756865237
2481,200,175,134,True,True,134,0.03134721705018489,1.9305615341050786,1.0534041321064833
2482,200,173,126,True,True,126,0.0364346593495223,1.6596485842472428,0.9389674876783485
2483,200,177,141,True,True,141,0.04259305434130038,1.5309865266389415,0.8620032602427072
2484,200,177,136,True,True,136,0.03510919921702367,1.817367287957196,0.9835591445218829
2485,200,182,137,True,True,137,0.03353328903733083,1.2852341243173622,0.9823173631361802
2486,200,181,143,True,True,143,0.038418088206007894,1.0618784109200174,0.9907608082908645
2487,200,178,137,True,True,137,0.04581236475327438,1.51615396527396,0.9467582576769529
2488,200,172,138,True,True,138,0.038758421865619654,1.7588106361939466,0.9156201227880638
2489,200,176,115,True,True,115,0.04036684351359646,2.098256507185339,1.0134480389638574
2490,200,188,143,True,True,143,0.045159212721844935,2.918423840047959,1.0055834502364112
2491,200,188,146,True,True,146,0.05217825523942865,2.9753824794273602,0.9782096922858001
2492,178,159,124,True,True,124,0.05491784423601983,2.8910153027996746,1.0408450910123532
2493,200,175,121,True,True,121,0.051684107517628836,2.710591005251848,1.0273025643144214
2494,183,157,106,True,True,106,0.0563504293513718,2.3852815776038043,1.0377735158349093
2495,168,139,97,True,True,97,0.05468192386983209,2.377258302355103,0.88559502515706
2496,164,127,92,True,True,92,0.063560702713073,2.845886338326449,0.9758512871371874
2497,187,142,99,True,True,99,0.05001149886663704,3.130965217382593,0.9895812886485923
2498,188,143,110,True,True,110,0.04524213444925031,4.068554038530167,0.9773952866224742
2499,189,131,95,True,True,95,0.052523817015097396,4.434118549391938,0.9848780652094047
2500,200,133,97,True,True,97,0.05328380311157115,4.264357076039111,0.920928784407568
2501,200,153,129,True,True,129,0.048230085826228536,3.872518583050587,0.9956764332700839
2502,200,167,139,True,True,139,0.04804359295704574,3.4690159294627816,0.8887704775380686
2503,200,149,120,True,True,120,0.059313240024962036,3.113761363181917,0.908894003680856
2504,200,145,126,True,True,126,0.054178705105709754,2.900988193957091,0.7859520277882415
2505,200,142,118,True,True,118,0.05484396561195402,2.3740315045001306,0.8322415205544968
2506,200,135,127,True,True,127,0.05973218084128682,1.8998617050764819,0.845810660841594
2507,200,119,110,True,True,110,0.05603135163908223,2.064890129368089,0.7931492045659997
2508,200,115,97,True,True,97,0.05412735349934689,2.2390527241013025,0.8164068357162796
2509,200,113,96,True,True,96,0.049942162699834904,2.3707842472606586,0.7234615793656013
2510,200,123,116,True,True,116,0.052826348508077575,1.955561230515218,0.6909950526556738
2511,200,113,100,True,True,100,0.0520009861130565,1.8436909824013448,0.7635273540852242
2512,200,106,98,True,True,98,0.05258911634434443,2.221482414250025,0.6343274732365938
2513,200,125,103,True,True,103,0.05549286238935425,2.5563824577222696,0.7744857763404647
2514,200,105,96,True,True,96,0.054993431747292834,2.5516197838779067,0.6672273252063887
2515,200,120,105,True,True,105,0.05724206816142077,1.9119111010655163,0.7679125269188339
2516,200,99,92,True,True,92,0.05947821386045824,1.881985608197205,0.7410827693324895
2517,200,113,96,True,True,96,0.06178040847484256,1.9708561950218644,0.8261657940866384
2518,200,105,97,True,True,97,0.05720481809197252,1.8160541763965867,0.7155543811549507
2519,200,124,105,True,True,105,0.05252802475269082,1.9864779931381962,0.7888767018826366
2520,200,106,92,True,True,92,0.06318977611665752,2.6962937197039096,0.766938746692258
2521,200,99,87,True,True,87,0.05251455932595148,3.3695040098675917,0.8369135303705485
2522,200,103,90,True,True,90,0.05108084321853614,3.4953745608327607,0.8616083043758858
2523,200,119,106,True,True,106,0.05861842666424903,2.5610011390030363,0.7993145572444204
2524,200,80,73,True,True,73,0.05758996234854478,1.7628609852572235,0.6361383752369031
2525,200,97,84,True,True,84,0.057039518670779145,1.740235869851614,0.8579038475676352
2526,200,74,62,True,True,62,0.06586328659657144,2.1166312609354367,0.7562878176648662
2527,200,89,72,True,True,72,0.05561962659625241,1.917173601677441,0.7973111552371387
2528,200,99,85,True,True,85,0.05385524988234511,1.3213087976936224,0.7774563530025655
2529,200,108,103,True,True,103,0.05958309897824816,1.1763606947092435,0.8489485005556672
2530,200,84,78,True,True,78,0.05128549295452099,1.7679241096789668,0.6963667701542087
2531,200,108,98,True,True,98,0.05619085595049623,1.4350484582450134,0.702370275947891
2532,200,108,88,True,True,88,0.0469993821950555,0.5324875199363874,0.7232338665825664
2533,200,120,97,True,True,97,0.04979228298215337,0.6173325066290073,0.7760542843226266
2534,200,109,97,True,True,97,0.05459210028999456,1.4243529506674635,0.7821506844418816
2535,200,121,99,True,True,99,0.05207274136026134,2.138784501745033,0.756988244574123
2536,200,108,92,True,True,92,0.06176374879278629,2.2876802962754317,0.7984930110701243
2537,200,99,92,True,True,92,0.06378337021865144,1.986169860707889,0.862187812852928
2538,200,91,81,True,True,81,0.06863654192667809,2.208464313455153,0.8377645804415309
2539,200,109,95,True,True,95,0.055805398193791614,2.5970492194381047,0.7113491745223862
2540,200,98,88,True,True,88,0.05435392099575937,2.4533479776068186,0.7766095507639349
2541,200,122,107,True,True,107,0.04980663980871972,2.961058572600372,0.8484268898625964
2542,200,120,110,True,True,110,0.06022043115190628,3.679137406845499,0.8733213583590186
2543,200,114,100,True,True,100,0.053338518948901105,3.8603680358975514,0.871338750933551
2544,200,154,138,True,True,138,0.05387165225361451,3.1730263952813424,0.8883710417453051
2545,200,161,142,True,True,142,0.05029109468871893,2.7892900672838867,0.8718664725082514
2546,200,153,133,True,True,133,0.052033934070225364,2.295634104583962,0.7715696942459406
2547,200,140,126,True,True,126,0.05561900412805574,1.9198746359527044,0.8870382257307113
2548,200,146,125,True,True,125,0.05678119943459531,2.0075211122187673,0.8656918160108921
2549,200,139,110,True,True,110,0.05573670963944495,1.9388134857696457,0.799749188478206
2550,200,150,128,True,True,128,0.05615111614027694,1.6700319809617692,0.8392777563942573
2551,200,160,126,True,True,126,0.05672357176089815,2.023470923443068,0.89093143785124
2552,200,167,134,True,True,134,0.05016376612389897,2.569921210111623,0.8764411685149006
2553,200,166,137,True,True,137,0.050985635310737056,2.461362432412271,0.8330489247233126
2554,200,164,127,True,True,127,0.04909155023258572,1.8335994394587123,0.8410338182502748
2555,200,164,136,True,True,136,0.05051250160490978,1.3826368528818147,0.6285506349628864
2556,200,163,141,True,True,141,0.051922781343652684,2.036857556489705,0.8350733881361475
2557,200,171,136,True,True,136,0.04831637404377942,3.0706174175285517,0.8485367419384318
2558,200,166,142,True,True,142,0.054556749605690694,3.3456622466208668,0.94877071387095
2559,200,173,151,True,True,151,0.05095860284945768,3.1425227312316717,0.8347123942820749
2560,200,175,155,True,True,155,0.05290472898748099,2.622044370359805,0.8481237109911496
2561,200,182,159,True,True,159,0.06060544602952943,2.6756876730462738,0.883004126407377
2562,200,181,149,True,True,149,0.048427798774992294,2.9373635758040475,0.740812421562108
2563,200,187,159,True,True,159,0.05372908646530404,3.2058177669891412,0.8905734052462277
2564,200,183,149,True,True,149,0.04814703870882815,3.988814441109898,0.8967874724361237
2565,200,185,146,True,True,146,0.05158909471628562,4.400249452341539,0.8066517938695609
2566,200,178,153,True,True,153,0.05348543374549422,4.4802661622526845,0.836892436621457
2567,200,157,141,True,True,141,0.05273054394479812,4.214208761745557,0.8102897620520889
2568,200,169,152,True,True,152,0.04801486620493343,3.9830605251218087,0.8750178027792235
2569,200,168,150,True,True,150,0.05993108298544609,3.3887022104024185,0.8093678634176453
2570,200,172,157,True,True,157,0.04696872382287196,3.3379412654823537,0.7564458826997883
2571,200,172,160,True,True,160,0.059192067340096785,2.772034984475417,0.8357027915743601
2572,200,174,153,True,True,153,0.05048802723675797,2.252111123583766,0.7369649810057894
2573,200,177,158,True,True,158,0.05236227558794732,1.975480831065707,0.756156220819276
2574,200,173,163,True,True,163,0.04857267100061273,2.1954169667143035,0.78931761123694
2575,200,174,153,True,True,153,0.04707929582380275,2.194948997086682,0.7504832513655508
2576,200,151,140,True,True,140,0.04598200749158791,1.9531252581920255,0.882045872451159
2577,200,152,139,True,True,139,0.047880785143353366,1.7289987073653128,0.7346473370634079
2578,200,139,119,True,True,119,0.05245822642809103,2.6538030392328618,0.9057973668505174
2579,200,166,126,True,True,126,0.05668946704127751,3.3102911675826783,0.999110787228269
2580,200,166,135,True,True,135,0.049513526750870326,3.18673781002754,0.8336620000372568
2581,200,188,157,True,True,157,0.05753655788977248,3.0361729025771202,0.9143485399056821
2582,200,192,154,True,True,154,0.054446689968388105,2.7939148963827782,0.873577221965929
2583,200,198,186,True,True,186,0.060366116758893626,2.76562666534204,0.7239363359528397
2584,200,193,176,True,True,176,0.05838098445672818,2.8037495571445583,0.8969333017056212
2585,200,193,151,True,True,151,0.05044802817373919,3.3191350919928717,0.8827407901908276
2586,200,195,174,True,True,174,0.05504446341396864,3.8089865879414972,0.823061265962588
2587,200,195,163,True,True,163,0.05658950060012865,3.6929914698556896,0.885340171248563
2588,200,181,146,True,True,146,0.05475390941628619,3.9503100816091643,0.8148005010682252
2589,200,178,151,True,True,151,0.048317016469048055,3.868512874093224,0.847300162300321
2590,200,179,155,True,True,155,0.05353153167040332,3.0799284278545382,0.8865988174531102
2591,200,169,144,True,True,144,0.05476160355670939,2.779165219690218,0.8905681254077187
2592,200,158,134,True,True,134,0.05508474466763926,2.492029233120027,0.9782713886562688
2593,200,152,132,True,True,132,0.0580110564419545,2.1749262898950814,0.8116223428584333
2594,200,138,121,True,True,121,0.05243304759868822,2.04187419516022,0.8670866398483738
2595,200,144,119,True,True,119,0.05506886572583814,1.7178196726042043,0.8729746593075943
2596,200,141,116,True,True,116,0.05438193526164773,1.618459636473939,0.8525209038230784
2597,200,134,108,True,True,108,0.05360929009400399,1.6945322982479862,0.8790951479000989
2598,200,123,109,True,True,109,0.05274950275236846,2.189525996411889,0.808587374511035
2599,200,129,111,True,True,111,0.04977088410445172,1.5877735745827009,0.7544717261633257
2600,200,123,102,True,True,102,0.05415373866526996,1.5520131731981457,0.8964769264540647
2601,200,140,116,True,True,116,0.05502531672572253,1.8831840854285513,0.9986231660348357
2602,200,141,118,True,True,118,0.051485643624261335,2.240329097986774,0.8089212672941097
2603,200,139,121,True,True,121,0.05887175923351012,2.1103622716340356,0.9353224807284076
2604,200,142,115,True,True,115,0.057071112324589036,1.8275131548762198,0.8344365276540573
2605,200,138,130,True,True,130,0.0612680532521804,1.6575422998926204,0.8473065263680896
2606,200,148,134,True,True,134,0.06048844115291345,1.7387030975812945,0.9079594059290178
2607,200,154,129,True,True,129,0.05909556098778877,1.8507135124840348,0.8122492044928104
2608,200,159,136,True,True,136,0.061691431293980456,2.236492350923786,0.8747757079232332
2609,200,160,141,True,True,141,0.05585255384210151,3.1155908510298147,0.9214453005805613
2610,200,184,143,True,True,143,0.056877115215375945,3.4364894093376304,0.8485290491640064
2611,200,175,132,True,True,132,0.06165115606637235,3.5610747197196257,0.8842039732613143
2612,200,173,117,True,True,117,0.05337211316970405,3.1395931437761373,0.8972274104567556
2613,200,180,138,True,True,138,0.05533237105277827,2.861432621875766,0.8074665962933473
2614,200,180,130,True,True,130,0.05783998489732291,2.5417611442239787,0.832938979643951
2615,200,182,142,True,True,142,0.05655257763515205,2.330057595988618,0.8122503845383753
2616,200,168,131,True,True,131,0.050895869202543055,2.154222431662411,0.8951799795248994
2617,200,166,129,True,True,129,0.05973831728989743,1.6340867465995805,0.9018268970265868
2618,200,165,123,True,True,123,0.05664599721712778,1.7979341652996905,0.9178703333066462
2619,200,157,116,True,True,116,0.04999774739171907,2.1688059707381018,0.9995082944684038
2620,200,161,124,True,True,124,0.06230168432511884,1.9858043057473789,0.9649119765540566
2621,200,167,130,True,True,130,0.05201209010985899,1.169487264455925,0.8812428318814185
2622,200,166,140,True,True,140,0.0570240678529996,0.7920384964126284,0.9192392070033089
2623,200,171,127,True,True,127,0.05451189849619124,1.205849810798908,0.854433974862538
2624,200,165,123,True,True,123,0.051535269771660515,1.8661000123279943,0.9709043416792471
2625,200,166,137,True,True,137,0.0533131346696673,2.0800393327275604,0.9064018996098685
2626,200,167,137,True,True,137,0.05948839345844223,2.8267880498878997,0.9226822076460512
2627,200,178,132,True,True,132,0.062394669403409174,3.2942228436470122,0.8944601549887293
2628,200,168,125,True,True,125,0.06119888320474633,3.4370952223958846,0.9369276266148158
2629,200,170,131,True,True,131,0.06644367596207758,3.5972574181444865,1.0570907172571145
2630,200,183,140,True,True,140,0.06322495537986204,3.5089268920631387,0.9646270045479197
2631,200,181,126,True,True,126,0.07514615423330935,3.911479944832168,0.9927675044994828
2632,200,173,137,True,True,137,0.06814887035167583,4.118676592840067,0.9560181694711656
2633,200,161,133,True,True,133,0.06419510309244594,4.190691402722757,0.9510772209068178
2634,200,162,128,True,True,128,0.056849298461594054,3.647284567023563,0.94876435571548
2635,200,182,149,True,True,149,0.0516401384734567,2.9219726278994322,0.8974017675121341
2636,184,170,121,True,True,121,0.04926308150450498,3.187277161461732,1.114826674634769
2637,161,132,99,True,True,99,0.05639832872162917,3.1800027784907585,1.035063308004094
2638,187,145,118,True,True,118,0.04969617684192799,3.2848429126876733,1.0044681021678696
2639,191,149,115,True,True,115,0.05981145188387529,2.831044463098283,1.0207309237030828
2640,188,153,120,True,True,120,0.06096624642541697,2.8137337078733244,0.9735903450311699
2641,171,137,111,True,True,111,0.059815007278256234,3.151516058996943,1.004886063776898
2642,179,146,109,True,True,109,0.07231262211719008,3.3616035195008327,1.0110185096314028
2643,192,154,106,True,True,106,0.08583114302160054,3.1895660910688153,1.1093801468678766
2644,191,158,110,True,True,110,0.06963049306726189,3.85351345362553,0.9335723438864919
2645,136,81,62,True,True,62,0.08542447385624956,4.538744179069818,0.9942050065523209
2646,133,79,63,True,True,63,0.06499667043054191,5.565514965209276,0.9361507159171338
2647,119,60,43,True,True,43,0.0804811311419461,5.293500108100544,0.8897198141403025
2648,111,71,49,True,True,49,0.08510243467281456,4.376769517007581,0.976508031854081
2649,112,70,51,True,True,51,0.061532915634077895,3.9639937304825144,0.9061980397811791
2650,129,76,58,True,True,58,0.07244817982433893,3.3416440283304922,0.897469114724305
2651,142,65,49,True,True,49,0.06938164549463917,3.323821014395634,0.9668738866287961
2652,151,75,61,True,True,61,0.08133611608777841,3.1500604746612004,1.0115409748900788
2653,112,71,57,True,True,57,0.06955984183372026,3.496173813669659,0.9388334258281807
2654,200,121,108,True,True,108,0.06622717817944349,3.639225499727385,0.9974725094400508
2655,200,128,108,True,True,108,0.07598705649173323,3.5930445390887176,0.9678663340339843
2656,200,143,115,True,True,115,0.06344918912253762,3.6021486480724314,0.9828364073780241
2657,200,157,134,True,True,134,0.0708087535399538,3.82504760298868,0.9179187915498666
2658,200,143,129,True,True,129,0.07170374842165148,3.9303772688749614,0.9303033838174454
2659,200,145,122,True,True,122,0.07145061784696734,3.4905196416174573,0.8058578722965046
2660,200,140,122,True,True,122,0.06888159058589025,3.793461337896688,0.7823071213426588
2661,200,145,128,True,True,128,0.06993926519134577,4.235787034611339,0.7784268164095202
2662,200,135,123,True,True,123,0.06670124522491638,4.349521668943491,0.8245102119052714
2663,200,120,108,True,True,108,0.06591463525417543,4.7140579443714445,0.8723980968412275
2664,200,115,105,True,True,105,0.05952516849173128,4.535557666485013,0.9074562709448266
2665,200,122,93,True,True,93,0.056729834147887015,4.332333028624866,0.8694257952010858
2666,200,120,106,True,True,106,0.051483206563097725,3.969725608451236,0.9339903008502761
2667,200,143,126,True,True,126,0.047380326270353997,3.853901828283972,1.0056468998506065
2668,200,146,115,True,True,115,0.03862134211970224,3.5872722269324138,0.987249054547214
2669,200,150,117,True,True,117,0.036001532855812715,3.270701333497164,1.0364355139125565
2670,200,141,110,True,True,110,0.03847476340450179,2.9078566835674473,1.013086214464793
2671,200,161,123,True,True,123,0.03165672846271438,2.915369213407484,0.9643524926208191
2672,200,163,136,True,True,136,0.04074875906650162,3.55393896304625,0.9730697505447113
2673,200,172,132,True,True,132,0.046765719919741815,3.9430153175173106,1.0049744692939426
2674,200,164,133,True,True,133,0.04895032725545959,4.603260296441176,1.0614271813172438
2675,200,169,137,True,True,137,0.054747151107484314,4.520309040986041,1.0140125564906872
2676,200,183,147,True,True,147,0.05384614546251743,4.7456113821581365,0.9310262617002231
2677,138,133,92,True,True,92,0.0615233103675276,4.998290123137434,1.0090554213925491
2678,158,140,98,True,True,98,0.06914044339887486,4.79203593123403,0.9765803456927634
2679,135,109,84,True,True,84,0.06318188150444798,4.73864031684747,1.1756230015304092
2680,120,99,82,True,True,82,0.07078790077388891,4.727465953477636,1.0311679623079675
2681,96,67,55,True,True,55,0.07730373899531903,4.634029261923461,0.9205852584939964
2682,61,56,46,True,True,46,0.077500905480947,4.870649533023362,0.8785832972697286
2683,63,57,49,True,True,49,0.0878670748240588,4.452039528169878,0.8327194052157273
2684,52,47,38,True,True,38,0.08695287835843209,3.944021552472813,0.9713861040505497
2685,45,33,0,False,False,0,,,
2686,40,33,0,False,False,0,,,
2687,156,148,119,True,True,119,0.09061682403254978,3.581087132629018,0.9287475342782893
2688,143,143,112,True,True,112,0.08810062598434137,3.8364887658121263,0.9658299361351456
2689,125,121,94,True,True,94,0.0916364200507208,4.199844710315819,0.8963980550180772
2690,126,123,90,True,True,90,0.08177275077364148,4.805871666978045,0.9892586054432492
2691,133,131,97,True,True,97,0.08851422221405295,4.279092015717667,0.9492135300863505
2692,162,155,112,True,True,112,0.08259228140529636,4.0258202264335115,0.9692614534915717
2693,186,177,132,True,True,132,0.08129126573433582,3.6999821203214593,0.8980989598688203
2694,164,154,111,True,True,111,0.08033092427110725,3.4984706575619122,0.9722290057549061
2695,200,176,132,True,True,132,0.06678385790633794,3.9014306990221344,0.9725771307500444
2696,200,182,141,True,True,141,0.07213877048692016,4.465657026867145,0.912907794793724
2697,200,184,144,True,True,144,0.06548791270779407,5.796532297787907,0.9736757535759814
2698,200,191,145,True,True,145,0.07088738305683912,7.103591579620918,1.0094966625387558
2699,200,198,150,True,True,150,0.06793398737896512,7.892276813770413,0.9663141844532374
2700,200,197,144,True,True,144,0.08036151439279748,7.197475664004406,0.9689136980445252
2701,200,195,146,True,True,146,0.07351576851786973,6.7545568581062625,1.005896323462589
2702,200,168,119,True,True,119,0.06882667987397952,6.761179805453661,0.9687533059505542
2703,200,167,123,True,True,123,0.09582043628997701,6.522718786627164,1.0068891079227047
2704,200,161,114,True,True,114,0.08453821913615271,7.211960110456656,0.961884319119908
2705,200,157,111,True,True,111,0.07799556519360333,7.786209410079134,1.0792741503487668
2706,200,184,149,True,True,149,0.07741772307218929,7.411502090402869,1.0636093891678942
2707,200,188,135,True,True,135,0.0769457557100918,6.719414430750081,0.9771809248942748
2708,200,189,149,True,True,149,0.0672635977257978,6.733817248568154,1.0286947504774244
2709,200,191,153,True,True,153,0.0778180191928606,6.304358399736475,0.9476804893498655
2710,141,122,81,True,True,81,0.08695291894234247,6.759234678781411,1.028803806628501
2711,100,91,72,True,True,72,0.08466034863986924,7.306825033249221,0.9538333113458731
2712,106,101,78,True,True,78,0.08718995751960648,7.692106268660836,0.993617221108896
2713,98,87,71,True,True,71,0.09270036868936048,7.391147716131391,0.9337299943744269
2714,99,80,65,True,True,65,0.09509087119368768,8.062461499976683,1.0036287061911902
2715,85,72,38,True,True,38,0.11026153228710288,8.20887209610461,0.8775362404085335
2716,74,49,0,False,False,0,,,
2717,105,74,52,True,True,52,0.09002231151342328,8.337747215121995,0.925744408995902
2718,111,83,59,True,True,59,0.06959614075684147,7.534810650863368,0.9439548251345485
2719,157,112,86,True,True,86,0.0956768158718268,5.945054288252382,0.9737499686660125
2720,174,126,93,True,True,93,0.07482346073402274,5.594043968629375,1.040484096320226
2721,192,130,103,True,True,103,0.04042776910504525,4.917508062203761,0.937189216329358
2722,200,136,116,True,True,116,0.04941718550000708,3.8101481805961814,0.8578870673009199
2723,200,137,123,True,True,123,0.04979960458523616,3.185732017939802,0.9578901195238277
2724,200,121,98,True,True,98,0.05960072535623789,3.2994762086224587,0.8489375958930571
2725,200,140,118,True,True,118,0.07374938943200231,3.481130228226504,0.8926582640920849
2726,186,108,91,True,True,91,0.05420451965641876,6.253922580619627,1.0138268992989956
2727,200,112,97,True,True,97,0.07448760016979042,7.906010283473515,0.7987989003378976
2728,200,114,100,True,True,100,0.06814728228825274,9.323982174151498,0.9028040883774722
2729,200,107,84,True,True,84,0.07283370790239929,9.084252023512477,1.0664732134813408
2730,200,132,96,True,True,96,0.05858039940771279,8.596422406230499,1.033987967480958
2731,200,138,102,True,True,102,0.06124150940013747,7.632129923865767,0.9831065675764241
2732,200,144,111,True,True,111,0.06337999467581985,7.022527919965916,1.0388491005790084
2733,200,171,135,True,True,135,0.0602565178074875,6.6329384158614015,0.9988172191886109
2734,200,177,135,True,True,135,0.06362904062710878,6.231372878500972,0.8912592682658803
2735,192,165,106,True,True,106,0.05222730351607102,6.466033697616843,0.9823821463529999
2736,185,176,123,True,True,123,0.07336218115723468,6.098914011370573,0.98174422470064
2737,200,196,125,True,True,125,0.06676906371839311,5.99866459444462,0.9964469803340331
2738,194,193,137,True,True,137,0.07111485875004568,6.085043882272141,0.9858151283597202
2739,200,195,135,True,True,135,0.08122072541884279,6.531209315508725,1.0276024711520824
2740,181,154,125,True,True,125,0.08330821315852271,6.986713530376982,0.9272704598441314
2741,161,131,107,True,True,107,0.08627852072883099,7.203199239208002,1.0324239925293457
2742,121,111,76,True,True,76,0.09993263075247069,6.8456229641352735,0.9998524229590806
2743,50,49,36,True,True,36,0.08657569771336211,7.051176547952097,0.9881098583021828
2744,58,58,42,True,True,42,0.09017160829062083,6.893204643046016,1.0104049605228602
2745,57,54,39,True,True,39,0.08994351653189187,6.157855708363868,0.9990732725860844
2746,48,48,0,False,False,0,,,
2747,42,42,0,False,False,0,,,
2748,49,49,0,False,False,0,,,
2749,28,28,0,False,False,0,,,
2750,22,22,0,False,False,0,,,
2751,19,19,0,False,False,0,,,
2752,153,151,108,True,True,108,0.06050179174283592,4.857998157323534,1.0015077899374627
2753,169,158,115,True,True,115,0.05433595437358889,4.702508543884658,1.0121994859034646
2754,200,200,131,True,True,131,0.05554917111329718,4.4728550579944635,0.9913825470374727
2755,200,200,146,True,True,146,0.06107995572648035,4.502382495103794,0.9499801912197395
2756,200,200,147,True,True,147,0.07471907361937614,4.713035568761117,0.8789232454779307
2757,200,200,147,True,True,147,0.07767845466589746,5.284874870440556,0.9728304426757634
2758,200,200,140,True,True,140,0.07816723634758851,5.848485109640224,0.9696733179364371
2759,200,200,152,True,True,152,0.07994637935879184,6.44138209805749,0.9808530199870484
2760,200,200,145,True,True,145,0.07921604416952824,7.190579681738206,1.0233992495494337
2761,200,200,155,True,True,155,0.07172996791326881,7.748457877303538,0.9931796162156038
2762,200,200,144,True,True,144,0.06939087768390025,7.634466737569011,0.9902738710730932
2763,200,200,150,True,True,150,0.0881920447610815,6.788802399387804,0.9983990298854223
2764,200,190,160,True,True,160,0.07803565107217748,6.983229744035021,1.012200045219128
2765,200,194,138,True,True,138,0.084350278623593,7.131977285618606,0.9769945315449723
2766,200,175,135,True,True,135,0.07055702342580528,6.992184748397482,1.0559622834660878
2767,117,89,54,True,True,54,0.08668695913308451,5.877666327902034,0.9647941560267973
2768,120,90,68,True,True,68,0.07359835141665069,5.365950706032394,1.0368489552885105
2769,109,104,80,True,True,80,0.07180009198544876,5.552642993227245,1.0203128793947807
2770,131,129,99,True,True,99,0.07435442280800066,4.679022266128967,0.9742818864765694
2771,155,136,95,True,True,95,0.0486830172558311,4.229610008526036,0.9622865750113723
2772,157,129,109,True,True,109,0.05236840345441203,4.0760778379535125,0.9408509239940652
2773,182,149,127,True,True,127,0.044554619080245286,4.046772738104353,0.9478078017925596
2774,171,143,114,True,True,114,0.042569097017382033,3.9603971659413157,0.9823884514990859
2775,140,106,82,True,True,82,0.04796090868443654,5.83543423630109,0.9787429185475514
2776,123,92,66,True,True,66,0.04210791138498654,8.200063977743692,1.0329645249134878
2777,117,83,66,True,True,66,0.04461354781767866,8.28974853500452,1.0666005545189037
2778,113,71,56,True,True,56,0.04289111601209151,7.831546576812121,0.9909375711784102
2779,114,67,39,True,True,39,0.02689432406955002,7.756224929246523,0.9029800728455808
2780,59,47,0,False,False,0,,,
2781,51,44,42,True,True,42,0.025524622989277844,7.336105206155793,0.8270813681185816
2782,35,28,0,False,False,0,,,
2783,44,44,0,False,False,0,,,
2784,37,37,0,False,False,0,,,
2785,142,139,119,True,True,119,0.005494688543761824,1.148217210269929,0.8511004029059483
2786,124,118,109,True,True,109,0.009117170610139062,3.6939676179549252,0.8463818819257684
2787,105,102,91,True,True,91,0.03267840758971929,7.3341931886328995,0.8743985528602104
2788,94,87,75,True,True,75,0.0363793747843111,10.252643328635656,0.9632725341617419
2789,98,89,76,True,True,76,0.022184419002278334,11.868762646927257,0.9649251119459132
2790,110,96,73,True,True,73,0.05813241026604424,9.918064127013963,0.947251417143525
2791,168,134,100,True,True,100,0.03695563652812579,8.788955511065527,0.963853154196633
2792,144,130,91,True,True,91,0.041089337525343585,6.500369940384062,0.9667017715803747
2793,200,179,141,True,True,141,0.020686175630583427,4.468641770455743,0.9523027536490056
2794,200,197,165,True,True,165,0.005991108541902311,3.647234378090622,0.8907876384417026
2795,200,198,171,True,True,171,0.007143521673935845,3.460220600005736,0.7937198926173097
2796,200,199,165,True,True,165,0.007736808366245259,3.6295031483960116,0.9629163994264317
2797,200,195,161,True,True,161,0.012660742282375747,4.350986695026785,0.9427406147845038
2798,200,200,160,True,True,160,0.012948887788921377,7.689423581898241,1.0546500800914587
2799,200,196,148,True,True,148,0.02545957552500221,8.877590256920637,0.9957692817402133
2800,73,63,47,True,True,47,0.0233835916232152,9.095653405049482,0.9581124148031462
2801,107,78,55,True,True,55,0.01725878708417615,9.24595837854829,0.9148744155564604
2802,114,95,67,True,True,67,0.01737217601714269,8.93718543254605,0.9375163200610763
2803,93,79,64,True,True,64,0.014112089868413205,8.539735324922479,0.9260650481473026
2804,142,116,89,True,True,89,0.02128450079707982,7.997670150773239,0.9255033760747046
2805,129,95,80,True,True,80,0.02256468771988178,7.048749183500594,0.9891149893679778
2806,188,142,113,True,True,113,0.01564941849409232,5.121896024086843,0.8897966418196802
2807,200,143,124,True,True,124,0.013109775331971198,3.1445346345617473,0.8599223662752704
2808,200,150,144,True,True,144,0.01644625397166688,1.469585905147376,0.7702870417354162
2809,200,141,129,True,True,129,0.02133146256289475,4.631242429817722,0.9342776753496266
2810,200,137,110,True,True,110,0.0352156889166995,7.27626912967177,0.9287862529742429
2811,196,143,101,True,True,101,0.048896447262959,8.430587649324979,1.0088707655226463
2812,149,129,84,True,True,84,0.04408436596726018,9.190196146944595,0.983379519469958
2813,152,142,104,True,True,104,0.03497841234156002,9.175051685378355,1.0368004021744752
2814,148,121,91,True,True,91,0.03952545459774624,8.170519356076914,1.1284230949998884
2815,158,126,99,True,True,99,0.029447202271293726,6.666565869456163,1.0527879993084714
2816,200,138,103,True,True,103,0.025508561716178487,5.346621737325352,0.9007867732704836
2817,200,132,105,True,True,105,0.02633800933528715,4.954188523317384,0.9050428178298288
2818,200,121,106,True,True,106,0.024904576617894508,4.610972311897962,0.908660750347945
2819,200,136,117,True,True,117,0.022436539811659696,3.7230196529449042,0.9623710938508804
2820,200,157,131,True,True,131,0.019662425380176117,3.4568613783571744,0.9783989070876782
2821,200,152,134,True,True,134,0.016306384814359566,5.584002469429759,0.9831108373867734
2822,200,153,108,True,True,108,0.015850477433849354,7.392213101742182,0.9172260296854501
2823,200,149,117,True,True,117,0.015919378967567545,8.079054711607164,0.9942827936483972
2824,188,139,107,True,True,107,0.017352402135036173,8.183695501917416,1.0625077355783799
2825,183,159,107,True,True,107,0.01246561824427246,8.221077325218975,1.0075543393084976
2826,160,155,118,True,True,118,0.020550929963721286,7.773764621479616,1.0440882679694607
2827,160,154,123,True,True,123,0.026240097777620253,6.756683865604628,1.0347671340639135
2828,152,152,114,True,True,114,0.02648522439419572,6.558465603491054,1.048181874352404
2829,153,153,123,True,True,123,0.024983817474343244,5.697492123824657,1.0001569092376779
2830,174,174,152,True,True,152,0.03249294545801495,5.273053520013285,0.950188618651293
2831,158,157,127,True,True,127,0.04903355681271073,5.050698289317959,0.9953701217181953
2832,159,148,113,True,True,113,0.03944989001850783,6.736895212318727,1.01853760562933
2833,126,106,82,True,True,82,0.04657519452427643,7.481709278004282,0.908668745963716
2834,200,168,147,True,True,147,0.04129345754139968,7.518793684643264,0.9497827419578925
2835,200,168,142,True,True,142,0.040177938919323725,7.578289373867663,0.9423300781755858
2836,200,162,137,True,True,137,0.02904390035888033,7.616264095137289,0.9332934090095196
2837,200,173,137,True,True,137,0.02787742285587733,7.90151933428364,0.8804306153222343
2838,200,158,136,True,True,136,0.02573701182965051,8.53714778465261,0.8638157771481645
2839,200,161,150,True,True,150,0.019844354263031286,8.88850719354996,0.8804217723407534
2840,200,161,150,True,True,150,0.013991744022217928,8.85694203404625,0.9866661827733477
2841,200,168,142,True,True,142,0.010014608102159728,8.025055908506257,0.9506739680143783
2842,200,163,137,True,True,137,0.019986692903167447,8.09987819860584,0.8818497125362276
2843,200,166,136,True,True,136,0.020105939177076704,7.378410969678469,1.0594275307520904
2844,200,154,118,True,True,118,0.038300096554805985,7.178489790523564,1.0320712157427896
2845,200,173,130,True,True,130,0.04876799388222406,6.818339400668337,0.9667753837392866
2846,200,196,153,True,True,153,0.04890028117482798,6.979512652320337,0.9698997419059314
2847,200,191,142,True,True,142,0.043524034282448214,7.218739188839438,1.0096968520223748
2848,180,177,120,True,True,120,0.056316968863156375,7.569466692294752,0.931427988426434
2849,200,192,137,True,True,137,0.05524498519366286,7.854311367069741,0.9717760455355046
2850,200,189,148,True,True,148,0.04719528260598263,7.82062882782765,1.127040061944332
2851,200,188,148,True,True,148,0.02914753627294527,7.946665080999681,0.9867948831718982
2852,200,190,146,True,True,146,0.040801789646901065,7.447560235425939,0.9615111274891137
2853,200,195,155,True,True,155,0.014358347849338086,6.9683819300515175,0.96573345415207
2854,200,194,161,True,True,161,0.014283832041007192,6.317933782727653,0.8621330640854925
2855,200,200,169,True,True,169,0.013154699899475302,5.638092050018187,0.9875917239346818
2856,200,190,164,True,True,164,0.016667291641989924,5.023035706304175,0.9245389857028712
2857,200,172,124,True,True,124,0.026278703327170822,4.436884665538109,0.929040423661368
2858,200,142,121,True,True,121,0.027655177419558332,3.514964609681473,0.8580812772444318
2859,200,153,121,True,True,121,0.03473536481798599,2.2095002933653447,0.8856485784691817
2860,200,180,156,True,True,156,0.02926176113458398,1.180070253547236,0.8544105889515273
2861,200,179,151,True,True,151,0.03335627999271989,1.7002318228802187,0.8741504415429076
2862,200,178,145,True,True,145,0.036434354324033524,2.4221181866311867,0.9524582647624757
2863,200,184,150,True,True,150,0.030370288576562914,3.0487299669491725,0.8794756862481543
2864,200,186,156,True,True,156,0.039305884752074784,3.272571910058983,0.952075057651499
2865,200,177,142,True,True,142,0.026939126582895358,2.551681739774162,0.9125273382315857
2866,195,186,145,True,True,145,0.0282625955369532,2.116488807025475,0.8727295465973439
2867,182,163,130,True,True,130,0.03264532254966792,1.8459396461799105,0.9583984122352196
2868,200,174,138,True,True,138,0.040014307358900394,1.312786712194815,0.9475324676131262
2869,200,170,141,True,True,141,0.021909355804970013,1.6556574833033333,0.9079313603006376
2870,200,169,130,True,True,130,0.028107857275751227,2.1850131062374327,0.9037690426921096
2871,200,176,138,True,True,138,0.027156283104043246,1.6011904171487723,0.9781761244792055
2872,200,181,152,True,True,152,0.029622328915426786,1.1778204523124745,0.8740400217043198
2873,200,186,162,True,True,162,0.02130040791037289,0.9593555131916421,0.847245458363813
2874,200,183,150,True,True,150,0.02336289665222672,0.93112020659144,0.9411454649474336
2875,200,191,159,True,True,159,0.03445622469854983,1.4803974272416403,0.9540425685008052
2876,200,187,165,True,True,165,0.017248483806218906,0.4652105413464573,0.681077779532068
2877,200,192,177,True,True,177,0.013757389449819498,0.06132149040037576,0.8330188009458607
2878,200,190,169,True,True,169,0.021870686794305046,0.588404055314114,0.967770310043794
2879,200,187,169,True,True,169,0.027870139374095444,0.8799647099114268,0.9893740112015186
2880,200,185,150,True,True,150,0.022291122794471693,1.6178399180183216,0.9140028233841048
2881,192,169,133,True,True,133,0.02128676701257666,2.4627366159338084,1.0175598738845444
