1520530731.400018454 0.000000 0.000000 0.000000 0.000000 0.000000 0.000000 1.000000
1520530731.450020552 0.000000 0.000000 0.000000 0.000000 0.000000 0.000000 1.000000
1520530731.500021458 0.000000 0.000000 0.000000 0.000000 0.000000 0.000000 1.000000
1520530731.550009966 -0.399941 0.787604 -0.468751 0.004513 -0.003682 -0.005793 0.999966
1520530731.600011110 -0.399941 0.787604 -0.468751 0.004513 -0.003682 -0.005793 0.999966
1520530731.650012016 -0.399941 0.787604 -0.468751 0.004513 -0.003682 -0.005793 0.999966
1520530731.700013876 -0.119285 1.425489 -1.185923 0.003487 -0.005904 -0.008340 0.999942
1520530731.750016212 0.360264 0.650293 -0.774700 0.001099 -0.002395 -0.005537 0.999981
1520530731.800016880 1.322725 0.408913 -0.650579 0.001078 -0.002471 -0.005544 0.999981
1520530731.850102186 0.347739 0.579159 -0.793478 0.002776 -0.004148 -0.001863 0.999986
1520530731.900020123 0.955704 1.265814 -1.192082 0.004385 -0.011025 -0.002145 0.999927
1520530731.950036049 1.953926 1.243981 -1.136622 0.004228 -0.023478 -0.005634 0.999700
1520530732.000037193 0.956336 1.174693 -1.132875 0.004152 -0.026027 -0.006239 0.999633
1520530732.050039053 0.185398 1.640406 -1.567347 0.007931 -0.022763 -0.007368 0.999682
1520530732.100039959 0.185398 1.640406 -1.567347 0.007931 -0.022763 -0.007368 0.999682
1520530732.150042295 0.185398 1.640406 -1.567347 0.007931 -0.022763 -0.007368 0.999682
1520530732.200044155 0.185398 1.640406 -1.567347 0.007931 -0.022763 -0.007368 0.999682
1520530732.250045061 0.823907 0.975604 -1.179604 0.005015 -0.021374 -0.002528 0.999756
1520530732.300047159 0.823907 0.975604 -1.179604 0.005015 -0.021374 -0.002528 0.999756
1520530732.350048065 0.823907 0.975604 -1.179604 0.005015 -0.021374 -0.002528 0.999756
1520530732.400058508 0.823907 0.975604 -1.179604 0.005015 -0.021374 -0.002528 0.999756
1520530732.450059414 0.823907 0.975604 -1.179604 0.005015 -0.021374 -0.002528 0.999756
1520530732.500061512 0.823907 0.975604 -1.179604 0.005015 -0.021374 -0.002528 0.999756
1520530732.550063372 0.368024 0.679594 -0.340230 0.004420 -0.023752 -0.007184 0.999682
1520530732.600064278 0.368024 0.679594 -0.340230 0.004420 -0.023752 -0.007184 0.999682
1520530732.650066614 0.368024 0.679594 -0.340230 0.004420 -0.023752 -0.007184 0.999682
1520530732.700067520 0.368024 0.679594 -0.340230 0.004420 -0.023752 -0.007184 0.999682
1520530732.750069618 0.368024 0.679594 -0.340230 0.004420 -0.023752 -0.007184 0.999682
1520530732.800092936 1.353151 0.673101 -0.168522 0.004212 -0.022485 -0.006777 0.999715
1520530732.850094080 1.047505 0.744137 0.780970 0.005012 -0.013673 -0.007014 0.999869
1520530732.900096178 1.047505 0.744137 0.780970 0.005012 -0.013673 -0.007014 0.999869
1520530732.950097084 1.047505 0.744137 0.780970 0.005012 -0.013673 -0.007014 0.999869
1520530733.000099182 1.047505 0.744137 0.780970 0.005012 -0.013673 -0.007014 0.999869
1520530733.050100088 0.630153 1.519271 0.306644 0.003435 -0.013904 -0.009650 0.999851
1520530733.100101948 1.517588 1.973030 0.225630 0.003435 -0.013904 -0.009650 0.999851
1520530733.150104046 2.137020 2.646987 -0.176970 0.000620 -0.014555 -0.013043 0.999809
1520530733.200103760 2.137020 2.646987 -0.176970 0.000620 -0.014555 -0.013043 0.999809
1520530733.250105858 2.137020 2.646987 -0.176970 0.000620 -0.014555 -0.013043 0.999809
1520530733.300106764 2.137020 2.646987 -0.176970 0.000620 -0.014555 -0.013043 0.999809
1520530733.350112915 3.116634 2.745792 -0.351879 -0.000558 -0.017566 -0.015786 0.999721
1520530733.400110006 3.116634 2.745792 -0.351879 -0.000558 -0.017566 -0.015786 0.999721
1520530733.450195789 3.116634 2.745792 -0.351879 -0.000558 -0.017566 -0.015786 0.999721
1520530733.500113010 2.252512 2.265947 -0.200082 0.007265 -0.014353 -0.013207 0.999783
1520530733.550114870 2.252512 2.265947 -0.200082 0.007265 -0.014353 -0.013207 0.999783
1520530733.600102663 2.890228 1.609448 0.202816 0.012125 -0.011947 -0.010653 0.999798
1520530733.650104761 2.890228 1.609448 0.202816 0.012125 -0.011947 -0.010653 0.999798
1520530733.700105667 2.890228 1.609448 0.202816 0.012125 -0.011947 -0.010653 0.999798
1520530733.750107765 3.273093 2.427723 -0.225950 0.002189 -0.013675 -0.010078 0.999853
1520530733.800109625 3.273093 2.427723 -0.225950 0.002189 -0.013675 -0.010078 0.999853
1520530733.850110531 2.882924 3.208705 -0.713635 0.002189 -0.013675 -0.010078 0.999853
1520530733.900112629 2.885839 2.314030 -0.266926 0.007203 -0.015482 -0.011112 0.999792
1520530733.950113535 2.885839 2.314030 -0.266926 0.007203 -0.015482 -0.011112 0.999792
1520530734.000144958 2.885839 2.314030 -0.266926 0.007203 -0.015482 -0.011112 0.999792
1520530734.050145864 1.892561 2.237735 -0.353979 0.006610 -0.010508 -0.010510 0.999868
1520530734.100147724 1.892561 2.237735 -0.353979 0.006610 -0.010508 -0.010510 0.999868
1520530734.150148869 1.892561 2.237735 -0.353979 0.006610 -0.010508 -0.010510 0.999868
1520530734.200150967 1.892561 2.237735 -0.353979 0.006610 -0.010508 -0.010510 0.999868
1520530734.250152826 1.892561 2.237735 -0.353979 0.006610 -0.010508 -0.010510 0.999868
1520530734.300153971 2.659464 1.648397 -0.099933 0.007940 -0.009742 -0.009171 0.999879
1520530734.350155830 3.384805 1.036517 0.215477 0.009992 -0.008533 -0.009626 0.999867
1520530734.400153160 3.384805 1.036517 0.215477 0.009992 -0.008533 -0.009626 0.999867
1520530734.450154305 2.674971 0.386072 0.485767 0.006703 -0.006872 -0.011940 0.999883
1520530734.500156164 2.674971 0.386072 0.485767 0.006703 -0.006872 -0.011940 0.999883
1520530734.550158262 3.348856 -0.259032 0.845932 0.008074 -0.004313 -0.010037 0.999908
1520530734.600159407 3.933873 -0.958337 1.256699 0.009521 -0.000876 -0.010118 0.999903
1520530734.650161266 2.966287 -0.726437 1.156700 0.009526 0.002831 -0.008932 0.999911
1520530734.700162172 2.966287 -0.726437 1.156700 0.009526 0.002831 -0.008932 0.999911
1520530734.750163317 2.966287 -0.726437 1.156700 0.009526 0.002831 -0.008932 0.999911
1520530734.800165176 3.861627 -0.314412 0.987579 0.010474 0.000736 -0.009172 0.999903
1520530734.850171566 3.149686 0.319183 0.684764 0.013078 -0.000455 -0.008023 0.999882
1520530734.900172710 2.346772 0.875146 0.469740 0.016819 0.000183 -0.006348 0.999838
1520530734.950177670 2.264322 1.700494 -0.088832 0.019700 -0.003104 -0.009309 0.999758
1520530735.000175714 2.264322 1.700494 -0.088832 0.019700 -0.003104 -0.009309 0.999758
1520530735.050265789 2.264322 1.700494 -0.088832 0.019700 -0.003104 -0.009309 0.999758
1520530735.100178480 2.264322 1.700494 -0.088832 0.019700 -0.003104 -0.009309 0.999758
1520530735.150180817 1.514583 2.293422 -0.382648 0.015507 -0.002308 -0.009653 0.999831
1520530735.200181484 1.235825 3.186969 -0.734598 0.009835 -0.001771 -0.009921 0.999901
1520530735.250203133 0.986203 4.037305 -1.197865 0.004196 -0.002750 -0.010722 0.999930
1520530735.300204039 1.002148 4.925519 -1.657019 -0.000803 -0.004444 -0.012030 0.999917
1520530735.350206375 1.002148 4.925519 -1.657019 -0.000803 -0.004444 -0.012030 0.999917
1520530735.400208235 1.205411 4.073449 -1.174670 0.002665 -0.004004 -0.009780 0.999941
1520530735.450209141 2.156642 4.347808 -1.315692 0.005305 -0.006914 -0.010931 0.999902
1520530735.500211239 2.803227 3.642164 -1.025875 0.002956 -0.007351 -0.009976 0.999919
1520530735.550212145 3.523430 3.048662 -0.666619 -0.001585 -0.006378 -0.010011 0.999928
1520530735.600214005 2.578290 2.838033 -0.416928 -0.004022 -0.003886 -0.004558 0.999974
1520530735.650176287 2.578290 2.838033 -0.416928 -0.004022 -0.003886 -0.004558 0.999974
1520530735.700178385 1.888165 3.470561 -0.768548 -0.003768 -0.003725 -0.004248 0.999977
1520530735.750179529 2.684156 2.933052 -0.490190 -0.000148 -0.003455 -0.003391 0.999988
1520530735.800181389 3.315329 3.638112 -0.813471 0.006742 -0.004250 -0.006074 0.999950
1520530735.850183249 3.311669 2.714770 -0.429510 0.014156 -0.001101 -0.006258 0.999880
1520530735.900184393 4.271198 2.996238 -0.438358 0.019951 0.000526 -0.014527 0.999695
1520530735.950186253 4.271198 2.996238 -0.438358 0.019951 0.000526 -0.014527 0.999695
1520530736.000188589 5.248976 3.180645 -0.538082 0.015477 0.004004 -0.018057 0.999709
1520530736.050192118 6.099326 2.671009 -0.407021 0.012614 0.008253 -0.019403 0.999698
1520530736.100193024 6.857111 2.634382 -1.058496 0.011064 0.012733 -0.020586 0.999646
1520530736.150193930 6.542313 2.032771 -0.324353 0.015956 0.022854 -0.018453 0.999441
1520530736.200196266 7.027247 1.386807 -0.913904 0.019205 0.023324 -0.016006 0.999415
1520530736.250198126 7.137840 1.056564 0.023490 0.027845 0.031998 -0.012629 0.999020
1520530736.300199270 8.015980 1.193823 -0.434799 0.027831 0.034653 -0.013162 0.998925
1520530736.350200176 8.984755 0.946102 -0.445260 0.027242 0.039770 -0.008168 0.998804
1520530736.400202036 9.666504 0.335537 -0.042236 0.023069 0.047406 -0.001504 0.998608
1520530736.450247765 10.544484 -0.016779 -0.366311 0.013336 0.052004 0.002887 0.998554
1520530736.500248909 11.174933 0.219231 -1.105793 0.006454 0.058606 0.008019 0.998228
1520530736.550255060 11.389218 0.034404 -0.146668 0.005254 0.079178 0.011257 0.996783
1520530736.600251675 11.206845 0.164334 -1.121275 0.008531 0.101192 0.010078 0.994779
1520530736.650343657 12.150421 0.140624 -1.451582 0.012700 0.105948 0.005518 0.994275
1520530736.700254917 11.903444 0.417828 -2.380108 0.014156 0.121369 0.007493 0.992478
1520530736.750256777 12.836197 0.337863 -2.028572 0.014853 0.127780 0.005683 0.991675
1520530736.800257921 13.614136 0.256052 -2.651563 0.012950 0.134456 0.006692 0.990812
1520530736.850259781 14.551580 0.358617 -2.318880 0.013244 0.140461 0.002589 0.989994
1520530736.900250196 15.484141 0.295787 -2.674385 0.008806 0.144510 -0.001456 0.989463
1520530736.950252295 16.440249 0.004262 -2.644885 0.007563 0.151246 -0.004229 0.988458
1520530737.000254393 17.231806 0.049265 -2.035449 0.015625 0.164052 -0.008845 0.986288
1520530737.050255299 17.861401 0.318157 -2.764358 0.019662 0.169869 -0.011519 0.985203
1520530737.100257397 17.962883 0.019034 -1.815554 0.029180 0.181674 -0.009765 0.982877
1520530737.150258303 18.768978 0.079945 -2.404198 0.034860 0.188645 -0.005029 0.981413
1520530737.200260162 19.372101 0.494458 -3.085683 0.032006 0.192369 -0.005123 0.980787
1520530737.250261307 19.184688 1.405207 -3.453665 0.027516 0.195789 -0.004793 0.980248
1520530737.300258875 19.032537 2.200155 -4.040954 0.020183 0.197167 -0.004488 0.980152
1520530737.350260735 19.082984 2.025860 -5.024354 0.000713 0.195210 -0.004945 0.980749
1520530737.400261879 18.606017 2.871111 -5.265295 -0.012375 0.198155 -0.006043 0.980074
1520530737.450263977 18.765482 3.786792 -5.634210 -0.025681 0.197633 -0.009896 0.979890
1520530737.500264883 18.699397 4.535477 -6.293835 -0.038093 0.196461 -0.011329 0.979706
1520530737.550266981 18.735665 3.599725 -6.644625 -0.045860 0.195167 -0.008635 0.979659
1520530737.600268841 18.748243 3.553362 -5.645780 -0.039013 0.192761 -0.006246 0.980450
1520530737.650269747 18.531656 4.308544 -5.027079 -0.018794 0.195161 -0.018563 0.980415
1520530737.700183392 17.774227 4.208147 -4.381926 0.003176 0.199627 -0.021768 0.979625
1520530737.750184298 17.956956 4.047888 -3.411911 0.026542 0.181602 -0.032303 0.982483
1520530737.800186157 17.413876 3.483739 -2.789979 0.036253 0.175726 -0.037845 0.983043
1520530737.850187302 16.947249 2.850595 -2.172412 0.035260 0.163348 -0.049667 0.984686
1520530737.900189161 17.286786 2.146093 -1.549202 0.031886 0.145023 -0.059775 0.987106
1520530737.950191259 16.684554 2.267184 -0.760117 0.037740 0.137281 -0.059300 0.988035
1520530738.000192404 15.860767 2.164653 -0.202568 0.048925 0.132860 -0.060589 0.988071
1520530738.050194263 15.503633 2.173524 0.731443 0.074986 0.118631 -0.062196 0.988147
1520530738.100307703 15.828130 1.427631 1.313119 0.085378 0.091731 -0.072205 0.989486
1520530738.150314808 15.145631 1.728324 1.979286 0.106066 0.078365 -0.072486 0.988613
1520530738.200310946 14.457549 1.399894 2.626339 0.112138 0.058027 -0.072828 0.989320
1520530738.250403643 13.491581 1.187177 2.773499 0.106061 0.048836 -0.074585 0.990355
1520530738.300313711 12.721833 1.475167 3.343191 0.105323 0.041360 -0.073846 0.990830
1520530738.350315809 11.870959 1.798037 2.928740 0.089637 0.037217 -0.074438 0.992491
1520530738.400316715 11.133368 2.398656 3.237312 0.083172 0.027818 -0.070850 0.993624
1520530738.450318575 11.349647 2.714213 2.313382 0.058582 0.003887 -0.077038 0.995298
1520530738.500567198 11.001149 3.643318 2.437132 0.045955 -0.002565 -0.076376 0.996016
1520530738.550568104 10.517435 4.467935 2.143829 0.026282 -0.008362 -0.074554 0.996835
1520530738.600570202 10.643084 5.157868 1.430944 0.004841 -0.021481 -0.081725 0.996412
1520530738.650571108 9.906483 5.766113 1.135213 -0.011553 -0.023532 -0.081362 0.996340
1520530738.700572968 10.132967 6.538727 0.542108 -0.030005 -0.038897 -0.094669 0.994296
1520530738.750574112 9.769757 7.273680 -0.030537 -0.050862 -0.045901 -0.099802 0.992646
1520530738.800576210 9.887979 7.730348 -0.912284 -0.073456 -0.057693 -0.104930 0.990084
1520530738.850576878 9.527967 8.286082 -1.661652 -0.090060 -0.062811 -0.102768 0.988627
1520530738.900221586 9.453875 8.534054 -2.627581 -0.103447 -0.079274 -0.098345 0.986581
1520530738.950223684 9.480721 8.265997 -1.664552 -0.106690 -0.092165 -0.097802 0.985169
1520530739.000224590 9.679957 8.737172 -2.523795 -0.101271 -0.100927 -0.097565 0.984906
1520530739.050226450 8.805788 8.776395 -3.007830 -0.093332 -0.109708 -0.097453 0.984762
1520530739.100227594 7.917397 8.476576 -3.355492 -0.090431 -0.116954 -0.095389 0.984401
1520530739.150229692 7.536201 7.989866 -2.569488 -0.079245 -0.132038 -0.101140 0.982882
1520530739.200231552 6.861781 7.462716 -2.052506 -0.069653 -0.140938 -0.108678 0.981567
1520530739.250232697 6.048985 7.081549 -1.611966 -0.062536 -0.147912 -0.115164 0.980280
1520530739.300234556 5.441018 6.457737 -1.120811 -0.057534 -0.153680 -0.123670 0.978661
1520530739.350118637 4.544774 6.035201 -0.985862 -0.055636 -0.156097 -0.124924 0.978229
1520530739.400120735 3.603651 5.902421 -0.674967 -0.047799 -0.160241 -0.124346 0.978047
1520530739.450122595 2.771445 5.399497 -0.441512 -0.042304 -0.158148 -0.123712 0.978721
1520530739.500123739 2.246278 4.649309 -0.039745 -0.033639 -0.157735 -0.126267 0.978798
1520530739.550125599 2.192885 4.350051 0.912932 -0.025916 -0.169517 -0.120913 0.977738
1520530739.600126743 1.559228 3.776611 1.432206 -0.017184 -0.169786 -0.113228 0.978804
1520530739.650128841 0.770339 3.289443 1.806800 -0.007484 -0.167070 -0.103704 0.980447
1520530739.700129747 -0.159756 2.936146 1.706279 -0.000156 -0.166055 -0.092908 0.981730
1520530739.750310898 -0.397275 2.624572 2.626337 0.009087 -0.176456 -0.087491 0.980370
1520530739.800313234 -0.796770 3.106038 3.406462 0.016048 -0.171222 -0.087849 0.981177
1520530739.850406170 -0.154136 2.645675 4.018905 0.010248 -0.174071 -0.091783 0.980393
1520530739.900316000 0.164511 2.999215 3.139432 -0.012437 -0.172028 -0.095444 0.980379
1520530739.950318098 0.081163 2.781997 2.166873 -0.046459 -0.163030 -0.102812 0.980149
1520530740.000319004 0.279323 3.415063 1.418569 -0.082318 -0.157949 -0.105298 0.978360
1520530740.050321341 0.514984 3.761716 0.510661 -0.117732 -0.141975 -0.102622 0.977472
1520530740.100322247 1.496008 3.955316 0.500164 -0.143930 -0.131679 -0.103894 0.975270
1520530740.150481224 2.425058 3.919862 0.868415 -0.164741 -0.123782 -0.103684 0.973030
1520530740.200483322 3.329339 3.660592 1.207613 -0.182622 -0.118716 -0.107381 0.970064
1520530740.250484228 3.686755 4.048358 0.357971 -0.198969 -0.100521 -0.102395 0.969444
1520530740.300486326 4.013308 3.509396 -0.418484 -0.211002 -0.080386 -0.111441 0.967780
1520530740.350487471 3.704045 3.144775 0.459814 -0.220526 -0.061683 -0.106779 0.967555
1520530740.400489330 4.527004 3.115470 1.027159 -0.214463 -0.060219 -0.115815 0.967970
1520530740.450490236 4.725548 3.223674 2.001260 -0.190945 -0.047154 -0.124922 0.972477
1520530740.500492334 4.832866 3.201813 2.995244 -0.155148 -0.026639 -0.129214 0.979042
1520530740.550278187 5.534307 2.869747 3.625890 -0.120157 -0.020016 -0.129121 0.984119
1520530740.600280046 4.868272 2.570567 4.309182 -0.088292 -0.002677 -0.121062 0.988707
1520530740.650282145 4.895966 2.462771 5.302969 -0.058903 0.020013 -0.117775 0.991090
1520530740.700283289 5.638518 1.852212 5.578352 -0.047613 0.030736 -0.115353 0.991707
1520530740.750285149 5.769512 1.106779 6.231934 -0.038489 0.046480 -0.106717 0.992456
1520530740.800287008 6.497526 0.457410 6.451743 -0.034028 0.060753 -0.100498 0.992497
1520530740.850288153 7.228763 -0.180954 6.692126 -0.020157 0.070953 -0.091475 0.993072
1520530740.900290251 7.422556 -0.617332 7.570772 0.006007 0.100914 -0.082053 0.991488
1520530740.950431824 8.024435 -1.231277 7.060074 0.020948 0.120069 -0.075536 0.989666
1520530741.000432730 8.100999 -1.977621 7.721215 0.039297 0.151762 -0.065461 0.985464
1520530741.050434589 8.558052 -1.534595 6.949963 0.047619 0.182509 -0.061495 0.980123
1520530741.100435734 8.675005 -1.057694 6.078822 0.052316 0.218298 -0.051566 0.973114
1520530741.150437832 8.369473 -0.441094 5.353250 0.046655 0.251574 -0.035138 0.966074
1520530741.200438738 8.477583 0.318952 4.712437 0.033655 0.274407 -0.024454 0.960713
1520530741.250440836 7.810989 0.783233 4.129259 0.011092 0.305849 -0.011193 0.951950
1520530741.300441742 7.658075 1.664208 3.681486 -0.007077 0.325053 0.001080 0.945669
1520530741.350637197 7.584330 2.313467 2.924503 -0.027652 0.337924 0.005335 0.940752
1520530741.400638342 6.645674 2.346922 2.581274 -0.043291 0.355728 0.011298 0.933518
1520530741.450728178 5.931463 2.454412 1.889646 -0.051370 0.362892 0.016354 0.930270
1520530741.500641108 5.067176 2.646260 1.424671 -0.054254 0.368445 0.022180 0.927800
1520530741.550643206 4.426362 3.052604 0.773333 -0.056865 0.369821 0.029519 0.926891
1520530741.600644112 4.088279 3.548263 -0.026682 -0.063373 0.364600 0.033013 0.928419
1520530741.650646210 4.155056 3.866049 -0.972490 -0.076212 0.353038 0.035446 0.931826
1520530741.700647354 3.952654 3.915292 -1.950553 -0.099259 0.340425 0.042186 0.934066
1520530741.750649214 3.216873 4.117009 -2.597034 -0.115268 0.336117 0.047972 0.933508
1520530741.800464153 2.617734 4.500653 -3.299778 -0.122731 0.332333 0.047256 0.933948
1520530741.850465298 2.064513 4.011693 -3.974214 -0.124084 0.326841 0.038896 0.936090
1520530741.900467396 1.725721 3.511814 -4.771297 -0.110077 0.316107 0.029086 0.941867
1520530741.950468302 1.608546 3.193222 -5.711919 -0.088722 0.310452 0.022537 0.946171
1520530742.000470400 1.140777 3.113243 -6.592144 -0.063823 0.306202 0.016089 0.949688
1520530742.050471306 1.062833 3.516574 -7.503872 -0.048333 0.297647 0.012299 0.953372
1520530742.100473166 0.951656 2.907744 -8.289344 -0.039758 0.284397 0.017500 0.957722
1520530742.150475264 1.343688 2.807307 -7.374891 -0.014848 0.278261 0.020155 0.960179
1520530742.200338364 0.597087 3.190970 -6.831393 0.011192 0.275917 0.017584 0.960955
1520530742.250340223 0.223037 3.807438 -7.524253 0.042213 0.275831 0.012527 0.960197
1520530742.300341368 0.072038 4.263405 -8.401346 0.062845 0.279827 0.008222 0.957956
1520530742.350343227 -0.464866 3.628245 -8.956599 0.072076 0.278307 0.014589 0.957673
1520530742.400345087 -0.246169 3.138753 -8.112461 0.091428 0.278137 0.014463 0.956071
1520530742.450346231 -0.540107 3.747750 -8.849159 0.103978 0.277167 0.011240 0.955113
1520530742.500348330 -1.403826 3.976856 -9.298047 0.109112 0.284715 0.006374 0.952361
1520530742.550350189 -1.861269 4.808011 -9.614159 0.107187 0.285828 -0.003967 0.952259
1520530742.600604057 -2.022011 5.407215 -10.398453 0.088157 0.280053 -0.010343 0.955872
1520530742.650604963 -2.056864 6.114550 -11.104471 0.058559 0.274230 -0.015204 0.959759
1520530742.700606823 -2.526349 6.887400 -11.531422 0.026186 0.267848 -0.015660 0.962978
1520530742.750608921 -2.811876 7.135718 -12.457063 -0.025445 0.249313 -0.018898 0.967904
1520530742.800609827 -3.187656 7.986855 -12.823608 -0.052709 0.235335 -0.020731 0.970263
1520530742.850611925 -3.317785 8.240286 -13.782169 -0.089043 0.214781 -0.024588 0.972284
1520530742.900613070 -3.967090 8.957714 -14.034560 -0.110074 0.210926 -0.019424 0.971090
1520530742.950614929 -4.868378 9.361451 -14.191646 -0.129233 0.208590 -0.013938 0.969327
1520530743.000436783 -5.190052 9.950847 -14.932685 -0.140581 0.198594 -0.018654 0.969768
1520530743.050522804 -5.564143 10.291969 -15.795060 -0.138553 0.185735 -0.017163 0.972631
1520530743.100439548 -6.528700 10.137093 -16.008703 -0.134276 0.183138 -0.012534 0.973793
1520530743.150441885 -6.888040 10.536444 -16.852145 -0.117816 0.162876 -0.017389 0.979433
1520530743.200442791 -7.870517 10.667093 -16.985072 -0.099369 0.152425 -0.008472 0.983270
1520530743.250444889 -8.767435 10.247858 -16.844430 -0.078509 0.143060 -0.001048 0.986595
1520530743.300445795 -9.571927 9.656571 -16.788093 -0.059562 0.133653 0.005211 0.989223
1520530743.350447655 -9.785436 9.117280 -17.602697 -0.025379 0.104068 0.016325 0.994112
1520530743.400276899 -10.473990 8.520993 -18.015414 0.007708 0.089614 0.023180 0.995677
1520530743.450278044 -10.387782 8.842294 -18.958459 0.049008 0.067595 0.022250 0.996260
1520530743.500279903 -11.217342 8.835594 -18.400081 0.092433 0.062032 0.027207 0.993412
1520530743.550281048 -11.570779 8.385395 -17.580079 0.127579 0.048939 0.023246 0.990348
1520530743.600282907 -11.931568 7.895804 -16.786271 0.155784 0.041445 0.019061 0.986737
1520530743.650283813 -11.939446 7.119360 -16.156134 0.173704 0.031845 0.012048 0.984209
1520530743.700286150 -12.922472 6.967455 -16.259022 0.179042 0.039168 0.012844 0.982978
1520530743.750288010 -13.737714 7.370210 -16.675156 0.180098 0.045277 0.009335 0.982562
1520530743.800288916 -14.565070 7.733878 -16.247104 0.176872 0.055287 0.010905 0.982619
1520530743.851239920 -14.566893 8.402641 -16.990578 0.156541 0.058208 0.003301 0.985949
1520530743.901240826 -14.271459 8.543801 -17.935455 0.131238 0.048140 0.001513 0.990180
1520530743.951242924 -14.488053 9.108188 -18.732045 0.100471 0.046901 -0.002746 0.993830
1520530744.001244068 -15.383254 9.370207 -18.371543 0.071029 0.052776 -0.002038 0.996075
1520530744.051246881 -16.024542 9.412765 -17.605424 0.031921 0.044576 -0.006319 0.998476
1520530744.101247787 -16.868934 9.932729 -17.476425 0.011769 0.044313 -0.012850 0.998866
1520530744.151248932 -17.665942 10.234547 -16.953277 -0.001599 0.037592 -0.021322 0.999064
1520530744.201250792 -17.891272 10.075140 -15.992124 -0.011229 0.016080 -0.040392 0.998991
1520530744.251205206 -18.830328 10.296861 -15.729420 -0.012308 0.008960 -0.054058 0.998422
1520530744.301206112 -19.829557 10.280676 -15.693638 -0.018477 0.003743 -0.061184 0.997948
1520530744.351207972 -20.782775 10.417800 -15.424245 -0.018910 -0.005574 -0.069416 0.997393
1520530744.401209116 -21.379926 10.727206 -14.684191 -0.006070 -0.021435 -0.073131 0.997073
1520530744.451210022 -22.199130 10.968958 -14.164133 0.011745 -0.032289 -0.068030 0.997091
1520530744.501211882 -22.479638 10.696369 -13.243801 0.033841 -0.063106 -0.059960 0.995629
1520530744.551214218 -22.630493 10.050213 -12.495653 0.061140 -0.091491 -0.047090 0.992811
1520530744.601215124 -22.459263 9.553348 -11.644886 0.086853 -0.120546 -0.018544 0.988727
1520530744.651044369 -22.765984 8.884957 -10.967261 0.097303 -0.146746 0.023388 0.984099
1520530744.700966120 -23.625018 8.380115 -10.882435 0.087902 -0.161844 0.079119 0.979704
1520530744.750968456 -24.279485 8.061705 -10.196660 0.065520 -0.178242 0.136514 0.972266
1520530744.800969362 -24.452403 8.717580 -10.931457 0.036991 -0.196279 0.180829 0.963020
1520530744.850971222 -24.052790 9.018628 -11.797297 0.013304 -0.210583 0.224886 0.951265
1520530744.900972366 -24.136095 8.610936 -10.887986 -0.006980 -0.214087 0.266399 0.939760
1520530744.950974226 -24.120668 7.938623 -10.147880 -0.032012 -0.205622 0.303983 0.929672
1520530745.000976324 -24.467126 7.802108 -9.219801 -0.056670 -0.184857 0.332004 0.923250
1520530745.051078320 -24.743161 7.634808 -8.273325 -0.074862 -0.155091 0.351440 0.920235
1520530745.101080179 -25.000496 7.408172 -7.333956 -0.093655 -0.117915 0.363388 0.919388
1520530745.151081324 -24.919905 7.636885 -6.363804 -0.114940 -0.085787 0.366001 0.919496
1520530745.201083183 -24.550033 8.434831 -5.887909 -0.140997 -0.060093 0.360736 0.919988
1520530745.251084089 -24.220540 8.749668 -4.997790 -0.178883 -0.034258 0.350084 0.918841
1520530745.301086187 -24.255583 8.932028 -4.015183 -0.223498 -0.003224 0.328076 0.917826
1520530745.351088285 -24.022870 9.229865 -3.089365 -0.268880 0.036521 0.300822 0.914263
1520530745.401089191 -23.568709 10.051271 -3.434372 -0.299559 0.059579 0.265812 0.914363
1520530745.451043129 -23.337136 10.616906 -2.642899 -0.340448 0.082898 0.231985 0.907417
1520530745.501044035 -22.997338 11.116149 -1.845845 -0.379480 0.095984 0.196173 0.899054
1520530745.551045895 -23.299862 10.473265 -2.549536 -0.416517 0.095578 0.162093 0.889441
1520530745.601048231 -23.473236 9.860707 -3.320713 -0.457175 0.092200 0.127005 0.875420
1520530745.651049137 -22.964120 9.971423 -4.174260 -0.485784 0.072114 0.095951 0.865798
1520530745.701051235 -23.230390 9.193909 -4.743973 -0.517219 0.046881 0.071355 0.851584
1520530745.751053095 -23.021997 8.929745 -5.685668 -0.534116 0.004768 0.044638 0.844219
1520530745.801054001 -22.955976 8.030638 -6.118389 -0.546200 -0.038251 0.024094 0.836434
1520530745.850826025 -22.878146 7.310058 -6.807379 -0.550462 -0.088926 0.016376 0.829949
1520530745.900828362 -22.036398 6.895888 -7.153678 -0.559581 -0.142642 0.009466 0.816353
1520530745.950830221 -21.867245 5.914487 -7.244457 -0.569436 -0.197159 0.015204 0.797897
1520530746.000831127 -21.619425 5.081958 -7.739916 -0.578098 -0.255531 0.031142 0.774298
1520530746.050833225 -21.426677 4.151456 -8.051389 -0.585660 -0.311562 0.053863 0.746345
1520530746.100834131 -21.729666 3.313125 -8.504598 -0.595940 -0.361875 0.078926 0.712511
1520530746.150839090 -21.600429 2.639508 -9.232291 -0.601921 -0.410473 0.104914 0.676902
1520530746.200837135 -21.259149 1.806978 -9.668664 -0.608093 -0.446943 0.139556 0.641084
1520530746.250910282 -20.312106 1.921323 -9.368607 0.614656 0.470678 -0.189787 -0.603855
1520530746.300487280 -20.083708 1.007254 -9.703737 0.630646 0.474761 -0.236404 -0.566570
1520530746.350489140 -19.176931 0.686296 -9.430349 0.648297 0.471142 -0.286348 -0.525110
1520530746.400490284 -19.176931 0.686296 -9.430349 0.648297 0.471142 -0.286348 -0.525110
1520530746.450492144 -18.271180 0.795510 -9.839845 0.678698 0.453076 -0.318806 -0.482134
1520530746.500493288 -18.508248 1.674168 -10.254284 0.713825 0.429062 -0.336609 -0.439379
1520530746.550495386 -18.089564 0.780990 -10.090158 0.744450 0.399987 -0.345038 -0.408354
1520530746.600497246 -18.089564 0.780990 -10.090158 0.744450 0.399987 -0.345038 -0.408354
1520530746.650498390 -17.854999 0.902828 -11.054593 0.769542 0.358581 -0.346986 -0.398529
1520530746.700510263 -17.475911 -0.015291 -11.170133 0.793023 0.311688 -0.342447 -0.395847
1520530746.750511408 -16.543058 -0.373462 -11.131420 0.817183 0.266108 -0.327290 -0.392784
1520530746.800513268 -15.976905 -1.195195 -11.196433 0.841760 0.219700 -0.303469 -0.388688
1520530746.850514174 -15.175553 -1.791292 -11.246474 0.865129 0.176394 -0.269478 -0.384471
1520530746.900516510 -14.903401 -2.738724 -11.414716 0.887343 0.131396 -0.228125 -0.378572
1520530746.950518370 -14.124460 -3.085514 -11.937199 0.903489 0.103609 -0.182916 -0.373515
1520530747.000519276 -13.534984 -3.749564 -11.477246 0.920097 0.082972 -0.119288 -0.363741
1520530747.050521374 -12.854789 -4.284384 -11.978547 0.929638 0.077175 -0.054098 -0.356216
1520530747.100689173 -13.036444 -3.468850 -12.528008 0.935285 0.075798 0.023866 -0.344858
1520530747.150691509 -12.899813 -4.386364 -12.154510 0.934493 0.081427 0.095457 -0.333136
1520530747.200693369 -12.003802 -4.755283 -11.907399 0.926875 0.102760 0.156973 -0.325120
1520530747.250695229 -11.437502 -5.190324 -11.207368 0.917766 0.134292 0.212145 -0.307678
1520530747.300696373 -11.575670 -5.270840 -10.220237 0.905924 0.160232 0.266576 -0.287340
1520530747.350697279 -11.624944 -6.106368 -9.673003 0.891757 0.190194 0.308487 -0.270984
1520530747.400699139 -11.059972 -6.903523 -9.460044 0.877271 0.228006 0.336613 -0.255149
1520530747.450701475 -11.248917 -7.838673 -9.160386 0.861588 0.269937 0.359132 -0.236271
1520530747.501333714 -11.513640 -8.685066 -8.698283 0.845226 0.315731 0.377591 -0.208162
1520530747.551335573 -11.806244 -9.412325 -8.077415 0.835029 0.357399 0.385849 -0.161597
1520530747.601336718 -12.036903 -10.038059 -7.332261 0.830555 0.394165 0.377581 -0.110657
1520530747.651339531 -12.400632 -10.760789 -6.744586 0.829079 0.420738 0.364990 -0.048883
1520530747.701339483 -13.164608 -11.367911 -6.526082 0.827022 0.436457 0.353836 0.018429
1520530747.751341581 -13.138138 -11.293088 -5.529237 0.826699 0.439880 0.339416 0.088718
1520530747.801342487 -13.717321 -10.936285 -4.796271 0.828587 0.431537 0.315799 0.165801
1520530747.851408482 -12.882186 -10.623786 -4.343620 0.828070 0.420523 0.285907 0.236045
1520530747.901266575 -13.205305 -11.067775 -3.507876 0.828149 0.395837 0.262353 0.297746
1520530747.951268673 -13.046530 -11.754334 -2.798350 0.832715 0.359642 0.242061 0.344455
1520530748.001269579 -13.647121 -12.023322 -2.045399 0.833027 0.316574 0.231932 0.389941
1520530748.051271439 -14.405549 -12.313047 -1.461579 0.833769 0.258323 0.231571 0.429504
1520530748.101272583 -14.327703 -12.009081 -0.512082 0.827742 0.201273 0.227403 0.471826
1520530748.151274681 -15.264395 -11.947673 -0.167352 0.818331 0.139816 0.231009 0.507367
1520530748.201276541 -15.638994 -11.058312 0.094778 0.806202 0.081486 0.233333 0.537545
1520530748.251277685 -16.098305 -10.269404 0.503016 0.791620 0.032451 0.243105 0.559629
1520530748.300789595 -16.098305 -10.269404 0.503016 0.791620 0.032451 0.243105 0.559629
1520530748.350790501 -16.004669 -11.210002 0.829373 0.783358 0.002522 0.274696 0.557571
1520530748.400792360 -15.168751 -11.736192 0.985464 0.776199 -0.032273 0.305198 0.550752
1520530748.450793505 -14.660587 -12.551232 1.263815 0.772183 -0.059382 0.339407 0.533863
1520530748.500795603 -14.300317 -12.999678 0.445828 0.758058 -0.075598 0.382942 0.522483
1520530748.550797462 -13.790770 -13.839475 0.258472 0.745362 -0.085239 0.424258 0.507124
1520530748.600798607 -12.908879 -14.075875 -0.149430 0.721602 -0.100178 0.468882 0.499405
1520530748.650800467 -12.228354 -14.777470 0.061875 0.697361 -0.096453 0.512872 0.491270
1520530748.700801611 -11.410853 -15.316136 0.265669 0.665386 -0.085210 0.558685 0.487722
1520530748.750571012 -10.968040 -15.764471 1.042144 0.637891 -0.060522 0.592464 0.488280
1520530748.800571918 -10.506761 -15.675265 1.924903 0.606056 -0.034003 0.621950 0.494690
1520530748.850574017 -9.884122 -16.048080 2.612893 0.572913 0.003509 0.649841 0.499465
1520530748.900576115 -9.585102 -16.285933 3.537021 0.540124 0.045535 0.672348 0.504124
1520530748.950577021 -8.593161 -16.260079 3.661058 0.490361 0.087289 0.697241 0.515541
1520530749.000578880 -7.604255 -16.247642 3.809076 0.446813 0.129780 0.709186 0.529690
1520530749.050580978 -7.957432 -15.522696 4.400446 0.414998 0.173211 0.702069 0.552153
1520530749.100584984 -7.115820 -15.099012 4.735382 0.379296 0.212000 0.696249 0.571339
1520530749.150922537 -7.935618 -14.640113 4.392828 0.341097 0.249930 0.682171 0.596515
1520530749.200923681 -8.891511 -14.444613 4.173630 0.305464 0.282991 0.664099 0.620951
1520530749.250924587 -9.735639 -14.044033 3.817281 0.277127 0.308557 0.637207 0.649585
1520530749.300926447 -10.160556 -14.011410 2.912637 0.239229 0.323937 0.605647 0.686313
1520530749.350927830 -11.030799 -13.560972 2.713176 0.215131 0.331184 0.566227 0.723479
1520530749.400929689 -11.690318 -12.936974 2.294058 0.192094 0.317030 0.525989 0.765458
1520530749.450988531 -12.454469 -12.427212 1.898818 0.172001 0.281506 0.493384 0.804825
1520530749.500932693 -13.294092 -12.938337 2.082626 0.152017 0.229524 0.476081 0.835199
1520530749.551299334 -13.329617 -12.381722 1.252615 0.128254 0.150601 0.456896 0.867246
1520530749.601300240 -13.635524 -11.875883 0.446049 0.107700 0.059961 0.448598 0.885192
1520530749.651302576 -14.393101 -11.698819 -0.182222 0.089601 -0.027012 0.454725 0.885701
1520530749.701303482 -15.063884 -11.797837 -0.917236 0.067845 -0.098579 0.474012 0.872349
1520530749.751305342 -15.274009 -12.076935 -1.854227 0.039519 -0.154401 0.496588 0.853228
1520530749.801307440 -15.504708 -12.030784 -2.826157 0.015798 -0.188174 0.522789 0.831284
1520530749.851308346 -15.997437 -12.161359 -3.686487 -0.006355 -0.205806 0.552902 0.807405
1520530749.901310205 -15.864764 -11.824418 -4.618619 -0.028148 -0.231373 0.581195 0.779671
1520530749.950998783 -15.933382 -11.889722 -5.614122 -0.059590 -0.241156 0.614004 0.749194
1520530750.001000881 -15.761928 -12.142004 -6.566465 -0.095854 -0.237785 0.643130 0.721564
1520530750.051002026 -15.128147 -12.220663 -7.335968 -0.134007 -0.234534 0.665877 0.695445
1520530750.101003885 -14.749287 -12.706946 -8.123365 -0.179893 -0.219934 0.680496 0.675420
1520530750.151004791 -14.697774 -13.220669 -8.979773 -0.225190 -0.196692 0.687441 0.661836
1520530750.201006889 -14.655069 -13.947681 -9.665068 -0.266033 -0.169121 0.680915 0.661045
1520530750.251008749 -14.013602 -14.683185 -9.883136 -0.305835 -0.141478 0.663948 0.667549
1520530750.301010132 -13.394462 -14.676073 -10.668384 -0.341436 -0.117744 0.642127 0.676188
1520530750.350639105 -12.903887 -15.367150 -11.199185 -0.377766 -0.094610 0.607701 0.692128
1520530750.400641203 -12.851872 -15.373453 -12.197811 -0.404563 -0.079019 0.568491 0.711971
1520530750.450642347 -12.918617 -16.154703 -12.818452 -0.421404 -0.068859 0.526811 0.734947
1520530750.500644207 -13.035865 -15.183720 -13.026885 -0.429721 -0.058907 0.477038 0.764398
1520530750.550645113 -12.605183 -14.663938 -13.764680 -0.431279 -0.058706 0.423486 0.794488
1520530750.600647211 -11.805024 -14.940603 -14.296848 -0.427816 -0.063991 0.368145 0.823011
1520530750.650648117 -12.506757 -14.360930 -13.882661 -0.416507 -0.081247 0.319899 0.847104
1520530750.700654268 -13.321786 -14.338514 -13.303673 -0.402936 -0.098778 0.265492 0.870287
1520530750.750652313 -14.117360 -14.273873 -12.701276 -0.387915 -0.123087 0.217569 0.887150
1520530750.800615072 -13.991348 -14.733066 -13.580630 -0.372308 -0.164243 0.178398 0.895871
1520530750.850617170 -13.412935 -15.243830 -14.216678 -0.353735 -0.211184 0.150572 0.898666
1520530750.900618076 -12.791866 -15.504443 -14.955836 -0.334513 -0.272604 0.129830 0.892711
1520530750.950618982 -12.652276 -15.420997 -15.942524 -0.309830 -0.330322 0.116760 0.883889
1520530751.000621080 -13.025202 -15.130039 -16.823585 -0.293449 -0.389858 0.113428 0.865467
1520530751.050669193 -12.504129 -14.950264 -17.657950 -0.291965 -0.457489 0.109592 0.832736
1520530751.100624084 -12.353484 -14.869615 -18.643243 -0.301088 -0.512399 0.120221 0.795198
1520530751.150626183 -12.911355 -14.808438 -19.470912 -0.320126 -0.565256 0.128857 0.749266
1520530751.201260090 -11.962606 -14.493071 -19.450456 -0.350706 -0.617231 0.134194 0.691392
1520530751.251261950 -11.501216 -14.546609 -20.336037 0.389316 0.647012 -0.148177 -0.638634
1520530751.301262856 -10.640493 -14.827039 -20.760907 0.434671 0.669053 -0.166400 -0.579430
1520530751.351265192 -9.687420 -15.122391 -20.694426 0.479838 0.679304 -0.191229 -0.521281
1520530751.401267052 -9.005880 -15.842618 -20.823946 0.522068 0.675867 -0.218641 -0.472064
1520530751.451268196 -8.113278 -15.524391 -20.504582 0.556687 0.672162 -0.241971 -0.423967
1520530751.501270056 -7.188904 -15.895983 -20.590902 0.591055 0.658078 -0.250732 -0.393347
1520530751.551270962 -6.739502 -16.653300 -20.117077 0.629511 0.638809 -0.247123 -0.366837
1520530751.601708412 -5.779106 -16.745889 -19.854270 0.660132 0.620150 -0.243854 -0.346662
1520530751.651709318 -4.956678 -17.313349 -19.814261 0.692744 0.597411 -0.230193 -0.331989
1520530751.701711178 -4.265745 -17.986544 -19.550785 0.718794 0.578461 -0.207118 -0.325301
1520530751.751712322 -3.418311 -18.376034 -19.190017 0.737235 0.563503 -0.173714 -0.329806
1520530751.801714182 -3.066636 -18.262009 -18.260866 0.748721 0.556470 -0.118142 -0.340296
1520530751.851716280 -2.169322 -17.847527 -18.109098 0.752683 0.547067 -0.069699 -0.359621
1520530751.901717424 -1.362616 -17.753414 -17.525688 0.749652 0.544611 -0.014505 -0.375780
1520530751.951719284 -2.045098 -17.597667 -18.239804 0.738357 0.544852 0.043736 -0.395035
1520530752.001096249 -1.200640 -17.111331 -18.015374 0.716853 0.553168 0.098650 -0.412789
1520530752.051097155 -0.967287 -18.024919 -17.682353 0.686619 0.567160 0.145239 -0.431033
1520530752.101099253 -0.637444 -18.926947 -17.403877 0.652974 0.585196 0.187932 -0.442552
1520530752.151101351 -0.393373 -19.839245 -17.075027 0.614540 0.608587 0.221978 -0.450209
1520530752.201102257 -0.340808 -20.837579 -17.051270 0.579867 0.632150 0.252094 -0.447871
1520530752.251103401 0.500088 -20.853748 -16.510315 0.542792 0.662340 0.275761 -0.436623
1520530752.301105261 1.239038 -21.504483 -16.335683 0.512458 0.694104 0.289550 -0.414448
1520530752.351107121 1.483281 -22.069062 -15.547269 0.490845 0.727933 0.292736 -0.378800
1520530752.401229382 1.333679 -21.383218 -16.259475 0.472430 0.761863 0.283437 -0.340644
1520530752.451231480 1.926661 -22.057857 -15.819890 0.458856 0.792820 0.266885 -0.299434
1520530752.501233578 2.554048 -22.832784 -15.743251 0.450048 0.816154 0.252062 -0.260413
1520530752.551233530 3.233868 -23.566094 -15.733236 0.453587 0.831098 0.234083 -0.220772
1520530752.601235628 3.838032 -24.136058 -15.176345 0.467006 0.841523 0.214594 -0.166417
1520530752.651273489 4.620693 -24.723155 -14.969562 0.486255 0.842108 0.202827 -0.115198
1520530752.701238632 5.223766 -25.287051 -14.405360 0.508838 0.836995 0.192290 -0.059571
1520530752.751240492 5.812209 -25.655899 -13.685857 0.530395 0.828351 0.180320 0.000138
1520530752.801898479 6.219366 -26.202922 -12.954427 0.559563 0.809452 0.168843 0.056291
1520530752.851900578 6.399238 -26.970171 -12.338818 0.587123 0.786163 0.164462 0.100934
1520530752.901901722 6.914310 -27.526300 -11.686574 0.609695 0.763588 0.162702 0.136866
1520530752.951903582 6.469827 -27.696705 -10.807144 0.632212 0.732749 0.178213 0.177839
1520530753.001905441 5.968681 -27.595243 -9.947750 0.650445 0.699032 0.205812 0.214284
1520530753.051906586 5.805683 -28.223050 -9.186638 0.669703 0.663242 0.240422 0.231960
1520530753.101908684 6.264681 -28.094274 -8.307584 0.683079 0.629953 0.278778 0.242581
1520530753.151909590 5.776523 -28.465522 -7.517725 0.686790 0.596949 0.331328 0.249386
1520530753.201911688 5.776523 -28.465522 -7.517725 0.686790 0.596949 0.331328 0.249386
1520530753.251553535 5.104945 -27.985614 -6.953215 0.672434 0.580615 0.387348 0.246335
1520530753.301555872 5.948165 -27.471399 -6.796488 0.639934 0.583634 0.441698 0.234006
1520530753.351556778 6.788795 -26.964309 -6.606223 0.593350 0.598676 0.494142 0.212948
1520530753.401558638 7.002134 -26.122348 -6.110654 0.545175 0.618539 0.532221 0.192181
1520530753.451560736 7.910620 -25.964104 -6.497453 0.477893 0.649837 0.568272 0.162469
1520530753.501561642 8.043899 -24.973766 -6.459154 0.418828 0.682155 0.584105 0.134421
1520530753.551563501 8.158133 -23.982131 -6.519244 0.358849 0.718803 0.586550 0.102517
1520530753.601565838 8.641525 -23.273612 -7.033377 0.302606 0.751599 0.582153 0.068012
1520530753.651035547 8.892260 -22.555517 -7.682585 0.263220 0.775457 0.572297 0.043110
1520530753.701037407 8.858651 -23.302552 -7.018651 0.235959 0.793225 0.561018 0.019405
1520530753.751039505 8.614030 -23.706795 -6.137318 0.221705 0.800646 0.556591 0.004368
1520530753.801040411 8.219987 -24.407463 -5.542512 0.209522 0.802901 0.558049 -0.005563
1520530753.851041555 7.273285 -24.191021 -5.781069 0.203904 0.801769 0.561672 -0.010671
1520530753.901043653 7.251936 -25.175650 -5.954413 0.199875 0.797609 0.568857 -0.016490
1520530753.951045513 6.296551 -25.267162 -6.235244 0.204086 0.788300 0.580241 -0.015900
1520530754.001046658 5.516672 -25.546466 -5.675085 0.209421 0.781396 0.587636 -0.015726
1520530754.051765442 4.628703 -25.672500 -5.232788 0.215976 0.776844 0.591226 -0.017875
1520530754.101767302 5.098295 -25.695473 -6.115373 0.215976 0.776844 0.591226 -0.017875
1520530754.151768208 4.953409 -26.684512 -6.143810 0.207902 0.778933 0.591051 -0.026444
1520530754.201770306 4.953409 -26.684512 -6.143810 0.207902 0.778933 0.591051 -0.026444
1520530754.251797438 4.953409 -26.684512 -6.143810 0.207902 0.778933 0.591051 -0.026444
1520530754.301773310 4.479633 -27.101301 -5.368037 0.207902 0.778933 0.591051 -0.026444
1520530754.351775408 4.479633 -27.101301 -5.368037 0.207902 0.778933 0.591051 -0.026444
1520530754.401776314 4.479633 -27.101301 -5.368037 0.207902 0.778933 0.591051 -0.026444
1520530754.451720476 4.479633 -27.101301 -5.368037 0.207902 0.778933 0.591051 -0.026444
1520530754.501721382 3.640053 -27.591129 -5.133147 0.207902 0.778933 0.591051 -0.026444
1520530754.551723242 3.640053 -27.591129 -5.133147 0.207902 0.778933 0.591051 -0.026444
1520530754.601725578 3.640053 -27.591129 -5.133147 0.207902 0.778933 0.591051 -0.026444
1520530754.651726484 2.982619 -28.336522 -5.022826 0.212375 0.776777 0.591946 -0.033370
1520530754.701728344 3.015972 -27.361375 -5.241858 0.205611 0.777588 0.592008 -0.051057
1520530754.751729488 3.102963 -28.299022 -4.905332 0.196067 0.777468 0.594011 -0.065207
1520530754.801731348 2.971715 -29.245863 -4.611620 0.185639 0.776744 0.595536 -0.086848
1520530754.851698875 3.029325 -30.184777 -4.272324 0.178404 0.775572 0.595272 -0.110957
1520530754.901700974 2.366580 -30.476804 -3.582768 0.182426 0.773242 0.594541 -0.123851
1520530754.951701880 1.965991 -31.301213 -3.182920 0.182811 0.764113 0.602236 -0.141502
1520530755.001703739 1.302656 -31.624028 -2.507807 0.186773 0.753165 0.611734 -0.153751
1520530755.051705837 1.044125 -32.562907 -2.280501 0.183799 0.734981 0.628416 -0.176393
1520530755.101706743 1.099613 -33.535316 -2.053917 0.165053 0.716413 0.645423 -0.207220
1520530755.151708841 0.609054 -34.241869 -1.543883 0.149243 0.704209 0.655651 -0.227900
1520530755.201710939 0.565594 -35.148596 -1.124411 0.118052 0.684445 0.669576 -0.263184
1520530755.251591444 0.098008 -35.810745 -0.538816 0.097039 0.669244 0.677419 -0.289479
1520530755.301592350 -0.186422 -36.760760 -0.410083 0.074467 0.649072 0.688129 -0.315656
1520530755.351593256 -0.277482 -37.593596 0.135896 0.047342 0.632554 0.693330 -0.341946
1520530755.401595592 -0.547160 -38.545837 -0.007317 0.024860 0.620228 0.693484 -0.365759
1520530755.451596498 -0.243624 -39.477031 -0.209171 -0.015827 0.603443 0.696166 -0.388535
1520530755.501598597 -0.030172 -40.451061 -0.284685 -0.053287 0.593071 0.693407 -0.405727
1520530755.551599503 0.462521 -41.289414 -0.051407 -0.098860 0.591854 0.678336 -0.424023
1520530755.601601362 0.692609 -42.262308 -0.074550 -0.132876 0.587841 0.670629 -0.432486
1520530755.651602507 0.881833 -43.242507 -0.016198 -0.164488 0.589051 0.655023 -0.443743
1520530755.701246500 1.266554 -44.165317 -0.036471 -0.189600 0.586268 0.641774 -0.456583
1520530755.751247644 1.718544 -45.050523 -0.146542 -0.206338 0.582388 0.625994 -0.475795
1520530755.801249743 2.607055 -45.481572 0.010763 -0.220694 0.572870 0.611555 -0.499115
1520530755.851266623 3.573615 -45.612088 0.231504 -0.229371 0.558420 0.604299 -0.519979
1520530755.901252747 4.340742 -46.228915 0.407684 -0.234165 0.548938 0.601665 -0.530879
1520530755.951254606 5.112889 -46.701813 -0.016766 -0.239461 0.535033 0.598938 -0.545593
1520530756.001255512 5.800001 -47.427799 -0.045421 -0.252518 0.525971 0.589987 -0.558126
1520530756.051257610 6.470431 -48.125443 -0.298039 -0.266397 0.514506 0.580760 -0.571869
1520530756.101239204 7.259425 -48.510090 -0.777137 0.280249 -0.498003 -0.572378 0.588079
1520530756.151241302 8.113677 -48.536041 -1.296347 0.293190 -0.474981 -0.563424 0.609086
1520530756.201243162 9.104732 -48.669354 -1.302482 0.312260 -0.458421 -0.551398 0.623141
1520530756.251244068 9.919906 -48.425957 -1.828077 0.333761 -0.429218 -0.539773 0.642666
1520530756.301246405 10.911695 -48.429542 -1.955910 0.355927 -0.413989 -0.527185 0.651157
1520530756.351247311 11.697507 -47.817975 -1.863795 0.381886 -0.401913 -0.507266 0.659781
1520530756.401249170 12.690217 -47.705248 -1.906447 0.399880 -0.386545 -0.487908 0.672774
1520530756.451250315 13.552486 -47.321620 -2.237086 0.413940 -0.364333 -0.465538 0.692235
1520530756.501374722 14.430031 -46.879138 -2.421817 0.433029 -0.344218 -0.436745 0.709404
1520530756.551377058 15.325482 -46.890368 -2.866835 0.445134 -0.333173 -0.417420 0.718757
1520530756.601377964 15.887964 -46.145319 -3.225326 0.463194 -0.317032 -0.389846 0.730042
1520530756.651379824 16.861577 -46.172215 -3.451942 0.471872 -0.314020 -0.368347 0.736919
1520530756.701380968 17.490832 -45.457268 -3.756717 0.482972 -0.292639 -0.341723 0.751217
1520530756.751382828 18.185953 -44.758808 -3.926899 0.484994 -0.279860 -0.326490 0.761487
1520530756.801383972 18.432929 -43.879630 -4.334390 0.483511 -0.254097 -0.306587 0.779523
1520530756.851385832 18.899757 -43.273488 -4.978333 0.483261 -0.224003 -0.294272 0.793527
1520530756.901524305 19.755163 -42.802098 -4.763686 0.487863 -0.210871 -0.282112 0.798709
1520530756.951526165 20.620576 -42.312243 -4.869050 0.485410 -0.198903 -0.268730 0.807836
1520530757.001527071 21.465657 -41.778994 -4.830510 0.489043 -0.186616 -0.250151 0.814516
1520530757.051529408 22.146139 -41.255563 -5.343310 0.489206 -0.167705 -0.233913 0.823309
1520530757.101530313 22.437093 -40.652023 -6.085662 0.488220 -0.131325 -0.217944 0.834803
1520530757.151531219 22.722491 -40.014999 -6.801725 0.492475 -0.093274 -0.198956 0.842131
1520530757.201533318 23.019145 -39.317950 -7.454504 0.501096 -0.068980 -0.181270 0.843378
1520530757.251534224 23.553826 -38.543257 -7.792094 0.515683 -0.044494 -0.165896 0.839386
1520530757.301300287 23.880597 -37.931762 -8.512716 0.512355 -0.016600 -0.158614 0.843835
1520530757.351301432 23.718873 -37.161654 -9.129788 0.510764 0.012156 -0.136878 0.848667
1520530757.401303291 24.282495 -36.566927 -9.703051 0.510592 0.029189 -0.119034 0.851043
1520530757.451311350 24.952771 -35.907038 -10.042573 0.509255 0.050676 -0.098402 0.853468
1520530757.501306534 24.824050 -34.915421 -10.053809 0.513931 0.082768 -0.070605 0.850905
1520530757.551308393 24.883403 -33.962904 -10.352454 0.511631 0.109204 -0.047439 0.850916
1520530757.601309299 25.102642 -33.041666 -10.673788 0.516628 0.134769 -0.026843 0.845111
1520530757.651311398 25.188435 -32.074084 -10.911324 0.525789 0.152758 -0.012966 0.836686
1520530757.701312304 25.416194 -31.106445 -11.019956 0.534387 0.168264 -0.000482 0.828322
1520530757.751027584 25.280843 -30.272079 -11.554290 0.538657 0.174469 0.013897 0.824146
1520530757.801029444 24.804908 -29.516373 -12.004174 0.537705 0.186424 0.033144 0.821597
1520530757.851030350 24.466782 -28.671598 -12.418935 0.536691 0.204725 0.047219 0.817203
1520530757.901032448 24.131924 -27.778159 -12.718327 0.536246 0.217262 0.058833 0.813496
1520530757.951033354 24.249266 -26.809836 -12.938738 0.535268 0.232340 0.070524 0.809032
1520530758.001035452 23.625385 -26.029800 -12.986881 0.532916 0.253584 0.099173 0.801162
1520530758.051036596 23.381528 -25.112464 -13.301566 0.529381 0.265495 0.119129 0.796917
1520530758.101038456 23.101695 -24.154438 -13.363855 0.525118 0.285472 0.138689 0.789634
1520530758.151144505 22.822251 -23.194948 -13.327933 0.522000 0.308854 0.157042 0.779399
1520530758.201146364 22.622594 -22.550161 -14.065759 0.512993 0.334480 0.169428 0.772176
1520530758.251148462 22.202535 -21.666075 -14.270554 0.511518 0.352013 0.188063 0.760966
1520530758.301149607 21.489245 -21.067734 -13.905581 0.512252 0.382229 0.213087 0.738981
1520530758.351151466 20.691166 -20.649276 -14.339127 0.489951 0.413443 0.243507 0.727817
1520530758.401153564 19.984419 -19.946321 -14.418904 0.475550 0.440844 0.257844 0.716258
1520530758.451154470 19.481660 -19.105453 -14.619339 0.461058 0.467650 0.273875 0.702653
1520530758.501156330 18.845969 -18.340560 -14.723426 0.450073 0.495247 0.290533 0.683926
1520530758.551586628 17.913196 -18.002029 -14.599603 0.434029 0.530348 0.308832 0.659525
1520530758.601588726 17.067245 -17.470130 -14.637681 0.420829 0.552662 0.334386 0.636910
1520530758.651589632 16.087446 -17.666821 -14.673835 0.409401 0.573855 0.361760 0.610091
1520530758.701591730 15.110531 -17.470503 -14.758073 0.399501 0.586906 0.382429 0.591344
1520530758.751592875 14.177387 -17.266310 -14.462187 0.396548 0.606077 0.387943 0.570019
1520530758.801594734 13.224122 -16.966012 -14.428928 0.394427 0.616945 0.394373 0.555226
1520530758.851596832 12.228055 -16.881171 -14.403390 0.396643 0.625740 0.391007 0.546111
1520530758.901597738 11.361184 -16.628413 -13.973682 0.402718 0.633526 0.380232 0.540265
1520530758.951488256 10.413640 -16.643975 -13.654436 0.398468 0.643148 0.374342 0.536145
1520530759.001489162 9.476928 -16.617132 -13.305366 0.390259 0.653080 0.375385 0.529406
1520530759.051491499 8.628539 -16.504634 -12.788084 0.384376 0.656588 0.384500 0.522787
1520530759.101492405 7.803128 -16.095182 -12.399440 0.379651 0.657202 0.392415 0.519579
1520530759.151494265 6.903457 -15.871471 -12.024545 0.376483 0.658700 0.403798 0.511197
1520530759.201495409 5.953379 -15.678314 -11.779511 0.373046 0.657728 0.413154 0.507479
1520530759.251497269 5.058950 -15.665533 -11.332483 0.368803 0.666756 0.414472 0.497628
1520530759.301498175 4.161269 -16.061376 -11.138894 0.358893 0.670615 0.426166 0.489749
1520530759.351664543 3.377640 -16.390560 -10.612052 0.350110 0.676512 0.437401 0.477949
1520530759.401666403 2.486141 -16.793459 -10.404920 0.334188 0.680366 0.447311 0.474693
1520530759.451667547 1.645016 -17.029991 -9.918545 0.328071 0.685966 0.452671 0.465735
1520530759.501669407 0.765941 -17.349146 -9.564472 0.322710 0.692534 0.458805 0.453599
1520530759.551670313 -0.042531 -17.903442 -9.366663 0.310052 0.704336 0.466301 0.436282
1520530759.601672649 -0.790390 -18.517687 -9.114848 0.294188 0.717808 0.475877 0.414422
1520530759.651673555 -1.755046 -18.568373 -8.856259 0.285138 0.727561 0.483234 0.394760
1520530759.701675415 -2.604748 -18.965095 -8.508956 0.282946 0.730001 0.495828 0.375759
1520530759.751602173 -3.231281 -19.718906 -8.310903 0.278495 0.733190 0.507777 0.356421
1520530759.801604509 -4.013723 -20.329607 -8.432676 0.270788 0.730334 0.522934 0.346158
1520530759.851606369 -4.823508 -20.862136 -8.186381 0.274783 0.729614 0.525697 0.340295
1520530759.901607275 -5.723240 -21.146680 -8.517314 0.273699 0.725678 0.531293 0.340893
1520530759.951609373 -6.561616 -21.676234 -8.388093 0.273940 0.725671 0.531331 0.340655
1520530760.001610279 -7.196004 -22.425123 -8.196471 0.266982 0.733086 0.527807 0.335745
1520530760.051612139 -7.966706 -23.061666 -8.225283 0.263328 0.730936 0.534162 0.333261
1520530760.101613522 -8.459027 -23.891287 -7.961940 0.257514 0.730644 0.546241 0.318539
1520530760.151616335 -9.256514 -24.330104 -7.547871 0.259619 0.724324 0.555942 0.314453
1520530760.201535225 -10.001542 -24.738046 -7.020124 0.258625 0.720012 0.564026 0.310758
1520530760.251537323 -10.857023 -25.224489 -6.842567 0.248459 0.717720 0.576309 0.301686
1520530760.301538229 -11.569181 -25.925641 -6.807686 0.230440 0.722090 0.583695 0.291174
1520530760.351539373 -12.193147 -26.702867 -6.726526 0.211105 0.730410 0.588627 0.274689
1520530760.401541233 -12.637438 -27.597223 -6.778789 0.192378 0.734249 0.599380 0.254191
1520530760.451543093 -13.263761 -28.371141 -6.685136 0.178466 0.737619 0.605408 0.239894
1520530760.501544237 -13.838873 -29.179905 -6.808210 0.161500 0.734442 0.619617 0.224916
1520530760.551546097 -14.619838 -29.795896 -6.705018 0.151259 0.736587 0.623940 0.212742
1520530760.601489544 -15.291755 -30.511120 -6.897325 0.132870 0.738828 0.628606 0.203308
1520530760.651491642 -15.280666 -31.503011 -7.023934 0.105583 0.745019 0.633495 0.180230
1520530760.701492548 -15.467253 -32.331756 -6.496329 0.082400 0.758793 0.628496 0.149786
1520530760.751494408 -15.340991 -33.322791 -6.540006 0.057744 0.765111 0.629815 0.120844
1520530760.801495552 -15.637481 -34.257335 -6.736782 0.047018 0.762317 0.637463 0.101501
1520530760.851497650 -15.830791 -35.230418 -6.862244 0.038731 0.761529 0.641849 0.081265
1520530760.901498556 -15.973124 -36.212702 -6.984142 0.028929 0.757782 0.648937 0.061728
1520530760.951500654 -16.428315 -36.970558 -6.516749 0.026508 0.760458 0.647402 0.043260
1520530761.001376867 -16.366560 -37.895457 -6.141583 0.021396 0.766095 0.641720 0.028896
1520530761.051378012 -16.476805 -38.810933 -5.754608 0.013273 0.768417 0.639556 0.018089
1520530761.101379871 -16.955926 -39.639018 -5.463544 0.009700 0.771580 0.635885 0.014835
1520530761.151381016 -16.820813 -40.611861 -5.275605 -0.000293 0.772182 0.635400 0.001185
1520530761.201383114 -17.166623 -41.473813 -4.904856 -0.003843 0.770093 0.637826 -0.010946
1520530761.251384020 -17.285364 -42.432726 -4.647203 -0.009204 0.764235 0.644356 -0.025812
1520530761.301386118 -17.257134 -43.417528 -4.475829 -0.022470 0.758800 0.649403 -0.044646
1520530761.351387024 -17.260005 -44.413946 -4.560338 -0.035275 0.750366 0.657368 -0.059788
1520530761.401249647 -17.143392 -45.361991 -4.264342 -0.055747 0.744955 0.659540 -0.083322
1520530761.451251507 -17.181805 -46.342840 -4.073399 -0.070399 0.740104 0.661410 -0.099130
1520530761.501252651 -16.976633 -47.320905 -4.109364 -0.094905 0.730732 0.664803 -0.122722
1520530761.551254511 -17.007689 -48.234619 -3.704196 -0.116711 0.725517 0.662671 -0.144467
1520530761.601256609 -16.369733 -48.724269 -3.109844 -0.133802 0.721957 0.658092 -0.166703
1520530761.651258707 -16.413345 -49.303091 -2.295556 -0.152508 0.720633 0.651178 -0.182748
1520530761.701259613 -15.515685 -49.688165 -2.081256 -0.181166 0.716346 0.641078 -0.207475
1520530761.751261711 -15.233645 -50.554094 -1.668193 -0.200315 0.716397 0.629548 -0.224318
1520530761.801129580 -15.242583 -51.425165 -1.177116 -0.214010 0.719884 0.614157 -0.242442
1520530761.851130486 -14.575765 -51.948556 -0.646629 -0.231129 0.718688 0.598901 -0.267178
1520530761.901133776 -13.755876 -52.510269 -0.757353 -0.236536 0.709310 0.595932 -0.292908
1520530761.951133490 -13.397183 -53.377488 -1.102710 -0.244436 0.698623 0.596324 -0.310766
1520530762.001135349 -12.936712 -53.954413 -0.428082 -0.258095 0.698307 0.583080 -0.325225
1520530762.051136494 -12.122868 -54.521856 -0.302914 -0.264388 0.700417 0.573313 -0.332907
1520530762.101138592 -11.666553 -55.406807 -0.395854 -0.266401 0.696690 0.572298 -0.340777
1520530762.151140451 -11.161907 -56.233484 -0.146980 -0.276755 0.693003 0.568728 -0.345980
1520530762.201313972 -10.744855 -56.907074 0.463220 -0.289327 0.691354 0.561452 -0.350844
1520530762.251318932 -10.221074 -57.709360 0.749560 -0.294039 0.688112 0.558448 -0.358021
1520530762.301316977 -9.749195 -58.276859 1.424301 -0.300354 0.684709 0.553251 -0.367253
1520530762.351318836 -9.269829 -58.864925 2.075750 -0.309343 0.676756 0.548712 -0.381082
1520530762.401319742 -8.711431 -59.694453 2.084496 -0.319592 0.666917 0.544705 -0.395449
1520530762.451321840 -7.908936 -59.920652 2.636615 -0.338576 0.658380 0.528268 -0.415734
1520530762.501322746 -7.107321 -60.512052 2.549097 -0.346117 0.647734 0.522863 -0.432733
1520530762.551324844 -6.194124 -60.908595 2.643043 -0.354520 0.639189 0.513933 -0.449027
1520530762.601326942 -5.622087 -61.596958 3.089058 -0.369898 0.627540 0.505621 -0.462295
1520530762.651531219 -4.651070 -61.681577 3.312588 -0.387739 0.610907 0.494524 -0.481557
1520530762.701533079 -3.800667 -61.955373 3.761865 -0.404908 0.598751 0.483098 -0.494129
1520530762.751534224 -2.870356 -62.316403 3.826504 -0.426987 0.577676 0.467299 -0.515367
1520530762.801536083 -1.921861 -62.589158 3.987636 -0.443736 0.561015 0.450824 -0.533965
1520530762.851536989 -0.935079 -62.734179 3.915319 0.453215 -0.540454 -0.434588 0.560036
1520530762.901539087 -0.122451 -63.165060 4.307718 0.463510 -0.527423 -0.416032 0.577841
1520530762.951539993 0.822294 -63.379495 4.555657 0.473117 -0.513870 -0.398635 0.594297
1520530763.001542091 1.782403 -63.655364 4.601355 0.480319 -0.502829 -0.387255 0.605384
1520530763.051559210 2.773967 -63.535913 4.551035 0.493736 -0.484262 -0.374672 0.617524
1520530763.101560116 3.747724 -63.546253 4.323681 0.502790 -0.475615 -0.365648 0.622330
1520530763.151561975 4.613879 -63.068144 4.469244 0.512416 -0.479961 -0.353882 0.617928
1520530763.201564312 5.498310 -62.601483 4.466228 0.516982 -0.483489 -0.348968 0.614157
1520530763.251565218 6.436011 -62.320487 4.670575 0.522608 -0.485530 -0.353909 0.604888
1520530763.301567078 7.355826 -62.105962 4.999087 0.525900 -0.484664 -0.363880 0.596759
1520530763.351568222 8.295048 -62.039886 5.335978 0.528938 -0.481120 -0.367619 0.594646
1520530763.401570082 9.248233 -61.985934 5.633514 0.528312 -0.484768 -0.371040 0.590098
1520530763.451561451 10.211442 -61.841182 5.859953 0.528127 -0.480114 -0.373703 0.592384
1520530763.501562357 11.183463 -61.617007 5.789799 0.522993 -0.471755 -0.379295 0.600050
1520530763.551564693 12.128657 -61.664971 6.112764 0.519184 -0.469239 -0.383835 0.602439
1520530763.601565599 13.056161 -61.292491 6.144311 0.520261 -0.461939 -0.380277 0.609368
1520530763.651566505 13.996248 -60.955749 6.197613 0.519189 -0.460258 -0.379357 0.612122
1520530763.701569557 14.886433 -60.519586 6.065959 0.517535 -0.450008 -0.372948 0.624948
1520530763.751570463 15.852128 -60.366714 6.275870 0.523772 -0.442457 -0.362888 0.631037
1520530763.801571369 16.747124 -60.395465 6.721019 0.535006 -0.434764 -0.351711 0.633284
1520530763.851452589 17.680972 -60.049290 6.810965 0.542341 -0.417740 -0.345269 0.641988
1520530763.901453495 18.528894 -59.519278 6.800195 0.549787 -0.402084 -0.334457 0.651307
1520530763.951455355 19.435346 -59.150323 7.005661 0.559184 -0.388906 -0.318290 0.659361
1520530764.001456499 20.255162 -58.580925 7.066395 0.560379 -0.383144 -0.304598 0.668129
1520530764.051458359 21.101782 -58.069996 7.215345 0.565393 -0.381033 -0.292800 0.670382
1520530764.101459265 21.481644 -57.230572 6.826666 0.553665 -0.362447 -0.275409 0.697307
1520530764.151461363 22.240229 -56.582135 6.890527 0.550746 -0.362099 -0.269063 0.702259
1520530764.201463461 22.565925 -55.735997 6.468658 0.544624 -0.352833 -0.253871 0.717247
1520530764.251481533 22.923817 -54.861225 6.142030 0.539423 -0.354962 -0.244643 0.723308
1520530764.301483393 23.706546 -54.246436 6.238829 0.553138 -0.349628 -0.235144 0.718684
1520530764.351484299 24.367062 -53.496301 6.206967 0.560578 -0.346261 -0.224552 0.717936
1520530764.401486397 24.976996 -52.705958 6.149178 0.562065 -0.343619 -0.215861 0.720703
1520530764.451487303 25.593325 -51.919378 6.111360 0.553894 -0.347438 -0.212866 0.726069
1520530764.501489162 25.886389 -51.044029 5.726811 0.548257 -0.336711 -0.203056 0.738111
1520530764.551490307 26.041837 -50.165494 5.275133 0.550137 -0.315535 -0.191731 0.749017
1520530764.601492405 26.513035 -49.285788 5.211184 0.559761 -0.294988 -0.181249 0.752860
1520530764.651494265 27.139265 -48.566385 5.511674 0.567827 -0.275435 -0.168461 0.757185
1520530764.701715469 27.735042 -47.894105 5.072254 0.554131 -0.273989 -0.158751 0.769849
1520530764.751717567 27.967240 -46.946989 4.850773 0.551390 -0.250410 -0.136917 0.783912
1520530764.801719427 28.687287 -46.258405 4.764842 0.549723 -0.238851 -0.129337 0.789953
1520530764.851720572 29.382941 -45.609565 5.073180 0.555981 -0.223758 -0.116571 0.791978
1520530764.901721478 29.425783 -44.632897 4.862742 0.554148 -0.199378 -0.085999 0.803600
1520530764.951724291 30.014319 -43.831404 4.968736 0.565496 -0.170962 -0.066478 0.804094
1520530765.001725435 30.145480 -42.920597 5.360180 0.579127 -0.141334 -0.041446 0.801822
1520530765.051727533 30.739217 -42.139599 5.553874 0.584444 -0.122150 -0.022435 0.801874
1520530765.101763487 31.294375 -41.328717 5.368752 0.584172 -0.106984 -0.003792 0.804539
1520530765.151765347 31.856573 -40.511904 5.498173 0.589882 -0.089910 0.016379 0.802301
1520530765.201766253 32.498362 -39.748913 5.421024 0.590648 -0.082678 0.031921 0.802048
1520530765.251767397 32.957897 -38.910966 5.126623 0.590508 -0.072610 0.047667 0.802344
1520530765.301771402 33.524300 -38.118830 4.899228 0.591762 -0.063248 0.057377 0.801577
1520530765.351771116 33.276668 -37.422937 4.225128 0.573441 -0.042860 0.078227 0.814376
1520530765.401772499 33.412837 -36.468533 3.959474 0.568774 -0.035129 0.083216 0.817519
1520530765.451774359 33.727087 -35.546884 3.731856 0.565524 -0.031235 0.083421 0.819907
1520530765.501667738 34.188433 -34.663345 3.812587 0.566360 -0.028185 0.085066 0.819271
1520530765.551565647 34.259024 -33.666670 3.771889 0.564549 -0.020269 0.095311 0.819628
1520530765.601566553 34.747530 -32.815426 3.580198 0.557813 -0.008390 0.101830 0.823654
1520530765.651568651 34.725238 -31.875365 3.239922 0.543487 0.013590 0.116631 0.831164
1520530765.701569557 34.349279 -31.042451 2.833833 0.530307 0.034290 0.138473 0.835718
1520530765.751571655 34.097617 -30.076057 2.886268 0.527566 0.054464 0.159743 0.832580
1520530765.801573753 34.244700 -29.087957 2.841268 0.526089 0.074346 0.176662 0.828549
1520530765.851574659 33.722467 -28.263065 3.057663 0.525317 0.100952 0.200030 0.820877
1520530765.901345730 33.599783 -27.271389 3.096741 0.522380 0.119191 0.216751 0.816046
1520530765.951346636 33.311334 -26.329103 2.926757 0.520942 0.140140 0.230581 0.809822
1520530766.001348734 33.324579 -25.345910 2.744669 0.516347 0.167159 0.243891 0.803717
1520530766.051349640 33.422264 -24.414718 2.393473 0.509009 0.198302 0.259032 0.796548
1520530766.101351500 33.318999 -23.422800 2.467200 0.506104 0.227512 0.282767 0.782393
1520530766.151352644 32.521609 -23.091973 1.962500 0.494198 0.255478 0.314585 0.769114
1520530766.201354504 31.763047 -22.656756 1.477556 0.472984 0.283338 0.344922 0.759628
1520530766.251356602 30.765401 -22.618848 1.534693 0.464096 0.310240 0.367483 0.743856
1520530766.301371574 29.958150 -22.061711 1.339900 0.458460 0.318371 0.383517 0.735778
1520530766.351373672 29.456559 -21.474662 0.704463 0.451991 0.332160 0.394949 0.727591
1520530766.401375532 28.749519 -20.767992 0.677809 0.451690 0.346201 0.402352 0.717101
1520530766.451376438 28.176680 -20.167780 0.119595 0.448136 0.351965 0.409701 0.712348
1520530766.501378536 27.547379 -19.577489 -0.385910 0.440354 0.363364 0.415841 0.707906
1520530766.551379442 26.946169 -18.780525 -0.444189 0.434877 0.373316 0.418917 0.704291
1520530766.601381540 26.005587 -18.447835 -0.512179 0.426588 0.385616 0.431256 0.695227
1520530766.651382685 25.235109 -17.826582 -0.655037 0.418495 0.388879 0.442043 0.691544
1520530766.701833963 24.536028 -17.210766 -1.018433 0.405021 0.403039 0.451883 0.685069
1520530766.751836061 23.864517 -16.503509 -1.239473 0.395205 0.418243 0.459712 0.676425
1520530766.801837206 22.896986 -16.252682 -1.270604 0.385171 0.444255 0.467216 0.660295
1520530766.851839066 21.984624 -16.076429 -1.640105 0.373477 0.466417 0.479307 0.642833
1520530766.901840925 20.985591 -16.075631 -1.684077 0.360281 0.488681 0.490603 0.625058
1520530766.951842070 20.021232 -15.904623 -1.885986 0.349505 0.503942 0.494610 0.615833
1520530767.001842976 19.182761 -16.017376 -2.419140 0.328287 0.520902 0.499481 0.609432
1520530767.051845074 18.235335 -15.857491 -2.696307 0.310553 0.537206 0.498965 0.604979
1520530767.101938009 17.331524 -15.433764 -2.756146 0.290386 0.557182 0.499980 0.596024
1520530767.151878595 16.353721 -15.227482 -2.792886 0.277956 0.579999 0.500205 0.579773
1520530767.201879501 15.413464 -14.954632 -2.996525 0.267710 0.592387 0.510188 0.563132
1520530767.251881599 14.572799 -15.434043 -3.248416 0.256661 0.601344 0.525343 0.544542
1520530767.301882505 13.580004 -15.475349 -3.360891 0.250220 0.610282 0.534107 0.528844
1520530767.351884365 12.595114 -15.558449 -3.512832 0.238322 0.617477 0.538857 0.521112
1520530767.401886463 11.656791 -15.903960 -3.525984 0.229493 0.629075 0.538688 0.511286
1520530767.451887369 10.682709 -15.900872 -3.752157 0.226562 0.635911 0.536835 0.506059
1520530767.501889706 9.816511 -16.397637 -3.698057 0.230954 0.638406 0.536911 0.500823
1520530767.551857233 9.000412 -16.945618 -3.514486 0.233382 0.643407 0.532817 0.497660
1520530767.601859331 8.077578 -17.280961 -3.324952 0.233405 0.647484 0.526985 0.498571
1520530767.651860237 7.299981 -17.807099 -2.980683 0.233405 0.647484 0.526985 0.498571
1520530767.701862335 6.324736 -17.882646 -2.772862 0.236034 0.642146 0.526723 0.504480
1520530767.751863480 5.329916 -17.976022 -2.732680 0.231070 0.641707 0.526533 0.507526
1520530767.801865339 4.531197 -18.393960 -3.165550 0.217397 0.640976 0.531722 0.509078
1520530767.851867199 3.720187 -18.731641 -2.687811 0.215703 0.643633 0.534764 0.503226
1520530767.901869297 2.873513 -19.218000 -2.471946 0.208529 0.651472 0.541022 0.489280
1520530767.951935530 2.151356 -19.908414 -2.514595 0.194233 0.653965 0.553399 0.477863
1520530768.001936674 1.436182 -20.516957 -2.858397 0.177166 0.659905 0.560856 0.467523
1520530768.051939726 0.506779 -20.870068 -2.751046 0.172679 0.665401 0.560529 0.461769
1520530768.101940632 -0.325860 -21.365828 -2.504199 0.173250 0.675845 0.553891 0.454337
1520530768.151941776 -1.220905 -21.723803 -2.770185 0.170635 0.684601 0.547958 0.449385
1520530768.201943636 -1.836563 -22.448143 -3.080501 0.159699 0.690370 0.552622 0.438742
1520530768.251944542 -2.777459 -22.776920 -2.999133 0.157736 0.692299 0.559916 0.427008
1520530768.301946640 -3.188410 -23.582264 -2.571886 0.149235 0.695024 0.576039 0.403546
1520530768.351886034 -4.070323 -24.019714 -2.396194 0.150732 0.694494 0.583176 0.393528
1520530768.401886702 -4.841007 -24.597235 -2.126909 0.152847 0.696447 0.588448 0.381221
1520530768.451888800 -5.390778 -25.243207 -1.597312 0.153633 0.698273 0.593977 0.368786
1520530768.501889944 -6.310313 -25.600145 -1.432843 0.151398 0.705000 0.590641 0.362211
1520530768.551891804 -7.011273 -26.126384 -1.914224 0.149955 0.702787 0.593269 0.362816
1520530768.601892948 -7.526459 -26.941711 -2.178468 0.148404 0.702543 0.593227 0.363993
1520530768.651894808 -8.174188 -27.691802 -2.045006 0.148404 0.702543 0.593227 0.363993
1520530768.701977015 -9.027427 -28.166061 -1.828073 0.148404 0.702543 0.593227 0.363993
1520530768.751810551 -9.846208 -28.576099 -1.426243 0.159135 0.701581 0.592361 0.362724
1520530768.801811695 -10.793395 -28.659896 -1.116703 0.165925 0.699860 0.595389 0.358018
1520530768.851813793 -11.632918 -28.981113 -0.678502 0.161688 0.703934 0.594046 0.354179
1520530768.901814699 -12.502223 -29.474260 -0.645113 0.147193 0.709643 0.595436 0.346696
1520530768.951816797 -13.045489 -30.304134 -0.772279 0.135389 0.711586 0.604269 0.331925
1520530769.001818657 -13.268081 -31.276589 -0.703107 0.120876 0.712740 0.619662 0.305631
1520530769.051819563 -13.649147 -32.199907 -0.750761 0.104181 0.721630 0.624746 0.279444
1520530769.101821899 -14.258465 -32.992834 -0.750308 0.086624 0.730729 0.627407 0.254737
1520530769.151822805 -15.040673 -33.613428 -0.695418 0.073371 0.737449 0.629932 0.232317
1520530769.201870441 -15.424575 -34.526954 -0.560918 0.055797 0.742877 0.633969 0.207615
1520530769.251871347 -15.899850 -35.374528 -0.324843 0.030762 0.748745 0.635424 0.186202
1520530769.301873207 -15.738842 -36.334842 -0.552598 0.005745 0.746743 0.645748 0.159218
1520530769.351875305 -15.792463 -37.300721 -0.805981 -0.016050 0.746883 0.651379 0.132719
1520530769.401876211 -15.902473 -38.088247 -0.199598 -0.035589 0.758132 0.643400 0.100027
1520530769.451878548 -15.569589 -38.969496 -0.535142 -0.063877 0.759172 0.644220 0.067514
1520530769.501879454 -15.379467 -39.951256 -0.535345 -0.083727 0.762167 0.640997 0.034845
1520530769.551881313 -15.578407 -40.893138 -0.264638 -0.097394 0.763579 0.638268 0.008729
1520530769.601849794 -15.423185 -41.872835 -0.391523 -0.108645 0.760773 0.639709 -0.013931
1520530769.651851654 -15.329138 -42.856014 -0.234953 -0.113442 0.765275 0.633159 -0.024399
1520530769.701853752 -15.228141 -43.657544 0.354410 -0.119362 0.772709 0.622364 -0.036550
1520530769.751854658 -15.635502 -44.261847 1.039154 -0.118004 0.781741 0.610995 -0.040502
1520530769.801856756 -16.190022 -44.849877 1.627990 -0.115227 0.784845 0.607401 -0.042482
1520530769.851858854 -15.851164 -45.470602 2.335010 -0.112114 0.781712 0.610613 -0.059228
1520530769.901859760 -15.799079 -46.305075 2.883591 -0.114064 0.776114 0.616698 -0.065724
1520530769.951861858 -15.378921 -47.208472 2.969267 -0.130929 0.767518 0.622345 -0.080374
1520530770.001660824 -15.195485 -48.055927 3.467436 -0.143037 0.765758 0.620065 -0.093138
1520530770.051661730 -14.863582 -48.999236 3.470304 -0.157052 0.759425 0.621045 -0.113633
1520530770.101663589 -14.989764 -49.919095 3.841704 -0.170183 0.756128 0.618203 -0.130893
1520530770.151665688 -14.881250 -50.890606 4.052395 -0.183506 0.747587 0.619586 -0.153465
1520530770.201667786 -14.675366 -51.712635 4.583319 -0.202884 0.739225 0.617392 -0.176666
1520530770.251668692 -14.670563 -52.534111 5.153542 -0.215895 0.735715 0.614077 -0.187141
1520530770.301736832 -14.610929 -53.490879 5.438214 -0.230993 0.734564 0.606186 -0.198991
1520530770.351671696 -14.424848 -54.419465 5.759310 -0.252857 0.731695 0.597089 -0.210167
1520530770.401531935 -14.195777 -55.043519 6.506360 -0.274128 0.729083 0.583527 -0.229757
1520530770.451534033 -13.736792 -55.819449 6.939102 -0.285900 0.724036 0.573374 -0.255492
1520530770.501535177 -13.915078 -56.375878 7.750645 -0.297304 0.723681 0.557943 -0.276760
1520530770.551537037 -13.231893 -56.932359 8.223494 -0.305951 0.717717 0.546370 -0.304560
1520530770.601538897 -12.723857 -57.696533 8.620906 -0.315172 0.713544 0.533460 -0.327019
1520530770.651540041 -12.506599 -58.667190 8.723979 -0.323442 0.709064 0.523993 -0.343577
1520530770.701541901 -11.853174 -58.985228 9.410920 -0.337823 0.706404 0.505448 -0.362480
1520530770.751542807 -10.942358 -59.392551 9.478015 -0.341576 0.705910 0.495432 -0.373583
1520530770.801611662 -10.310322 -59.765868 10.157106 -0.349669 0.706925 0.485625 -0.377037
1520530770.851612568 -9.600221 -60.444564 10.344536 -0.355347 0.704045 0.482681 -0.380877
1520530770.901614666 -9.155787 -61.015904 11.034499 -0.355382 0.704047 0.482670 -0.380857
1520530770.951616526 -8.572261 -61.487903 11.695343 -0.350074 0.703565 0.483837 -0.385157
1520530771.001617432 -8.029555 -61.813394 12.469634 -0.355857 0.697435 0.481842 -0.393419
1520530771.051619768 -7.438654 -62.608651 12.605290 -0.364560 0.683634 0.487189 -0.402973
1520530771.101620674 -6.903108 -63.150163 13.253330 -0.378719 0.676907 0.477975 -0.412201
1520530771.151622534 -6.358498 -63.465314 14.030556 -0.389343 0.668286 0.465654 -0.430085
1520530771.201895714 -5.686897 -63.933878 14.604489 -0.395090 0.658603 0.455310 -0.450378
1520530771.251897812 -4.925473 -64.056292 15.241080 -0.406553 0.644777 0.443691 -0.471292
1520530771.301899910 -3.971765 -63.779591 15.358885 -0.423530 0.624737 0.427111 -0.497898
1520530771.351901770 -3.046453 -63.780946 15.738090 -0.434614 0.616826 0.412809 -0.510123
1520530771.401902676 -2.182606 -63.961620 16.208330 -0.449811 0.605126 0.400355 -0.520777
1520530771.451904774 -1.264369 -63.958230 16.604346 -0.468814 0.584952 0.387363 -0.536651
1520530771.501905680 -0.512640 -64.502669 16.976490 -0.480638 0.569008 0.372241 -0.553763
1520530771.551911831 0.419517 -64.690221 17.286177 0.487706 -0.554744 -0.353299 0.574091
1520530771.601908922 1.269919 -64.667160 17.811805 0.494996 -0.536435 -0.336099 0.595192
1520530771.651878357 2.215127 -64.847518 18.083932 0.502259 -0.520121 -0.321309 0.611531
1520530771.701880217 3.202125 -64.721950 17.983591 0.501402 -0.511256 -0.310129 0.625326
1520530771.751882315 4.113823 -64.392634 17.737913 0.500999 -0.495524 -0.299699 0.643146
1520530771.801883221 4.871080 -63.904027 17.304525 0.503521 -0.480193 -0.291211 0.656565
1520530771.851885080 5.741150 -63.470090 17.070697 0.494757 -0.478002 -0.291339 0.664719
1520530771.901942015 6.727772 -63.307676 17.056561 0.495688 -0.483961 -0.293079 0.658924
1520530771.951888323 7.683169 -63.028958 17.154194 0.495461 -0.487931 -0.296764 0.654502
1520530772.001889229 8.544800 -63.145151 17.648250 0.500110 -0.491084 -0.295385 0.649210
1520530772.051867008 9.486050 -62.896480 17.876747 0.494140 -0.494488 -0.297650 0.650163
1520530772.101867914 10.454744 -62.648571 17.889894 0.483477 -0.492984 -0.301000 0.657735
1520530772.151869774 11.450828 -62.565129 17.919115 0.478313 -0.484453 -0.306535 0.665250
1520530772.201871872 12.424314 -62.340598 17.875388 0.477930 -0.475485 -0.306380 0.672033
1520530772.251872778 13.402070 -62.146506 17.954895 0.487698 -0.465313 -0.297632 0.676054
1520530772.301874876 14.280738 -61.769447 17.662031 0.484822 -0.449560 -0.292482 0.690867
1520530772.351876020 15.236408 -61.571288 17.879812 0.491622 -0.436179 -0.285438 0.697554
1520530772.401877880 16.141676 -61.154975 17.795126 0.493753 -0.417780 -0.280169 0.709347
1520530772.451787472 17.015738 -60.698172 17.629755 0.501465 -0.402499 -0.274077 0.715129
1520530772.501789331 17.942559 -60.326902 17.685983 0.509176 -0.396040 -0.267071 0.715937
1520530772.551790476 18.696943 -59.683011 17.558279 0.519007 -0.381600 -0.255544 0.720910
1520530772.601792336 19.565936 -59.192223 17.621358 0.525044 -0.369595 -0.243969 0.726779
1520530772.651794195 20.422882 -58.703087 17.783802 0.527921 -0.363114 -0.233092 0.731516
1520530772.701795340 21.100010 -57.979285 17.651099 0.517972 -0.354843 -0.218927 0.746902
1520530772.751797438 21.862129 -57.334007 17.598282 0.518997 -0.350306 -0.208585 0.751279
1520530772.801798582 22.309385 -56.536239 17.193895 0.519317 -0.343203 -0.197498 0.757308
1520530772.851710320 22.961748 -55.821586 16.941519 0.525070 -0.330017 -0.185666 0.762180
1520530772.901712418 22.153252 -56.247561 16.535465 0.532543 -0.330808 -0.182771 0.757337
1520530772.951713324 22.822740 -55.510867 16.630687 0.545307 -0.326518 -0.177358 0.751379
1520530773.001715183 23.599160 -54.967192 16.949420 0.555808 -0.327439 -0.176140 0.743529
1520530773.051716328 24.038332 -54.107506 16.688520 0.554450 -0.328082 -0.171165 0.745419
1520530773.101718426 24.746861 -53.423242 16.515985 0.546553 -0.331605 -0.172140 0.749457
1520530773.151720285 25.445235 -52.717585 16.635659 0.539513 -0.338913 -0.178291 0.749850
1520530773.201721430 25.775664 -51.900139 16.163855 0.518259 -0.330044 -0.176151 0.769057
1520530773.251870394 26.380104 -51.123864 15.984830 0.509199 -0.318107 -0.175051 0.780308
1520530773.301871538 26.810874 -50.338961 15.539449 0.499413 -0.299829 -0.170101 0.794830
1520530773.351878405 27.182901 -49.546876 15.055510 0.495667 -0.275461 -0.152794 0.809376
1520530773.401874542 27.698696 -48.800982 14.634086 0.493067 -0.256298 -0.134559 0.820421
1520530773.451876402 28.243088 -47.977524 14.474232 0.505843 -0.235714 -0.116079 0.821637
1520530773.501919270 28.657723 -47.095008 14.252323 0.516546 -0.208906 -0.099697 0.824378
1520530773.551879406 29.181081 -46.245316 14.188138 0.523702 -0.189060 -0.086516 0.826140
1520530773.601880312 29.619243 -45.346432 14.183501 0.529681 -0.156937 -0.070921 0.830529
1520530773.651882410 30.252075 -44.613725 13.933173 0.529718 -0.133160 -0.060968 0.835434
1520530773.701948404 30.641144 -43.692726 13.913519 0.532507 -0.104276 -0.041972 0.838929
1520530773.751950502 30.947146 -42.764822 14.126491 0.538992 -0.084288 -0.019292 0.837861
1520530773.801952362 31.176424 -41.808698 14.308861 0.546349 -0.059475 0.005372 0.835426
1520530773.851953506 31.571309 -40.892344 14.242823 0.550831 -0.037306 0.024747 0.833416
1520530773.901955366 31.559574 -39.973843 13.847579 0.544362 -0.011019 0.046852 0.837468
1520530773.951956511 31.609154 -39.089274 13.383813 0.540962 0.004862 0.065930 0.838445
1520530774.001958609 31.707466 -38.437711 12.631615 0.535603 0.014849 0.080414 0.840501
1520530774.051959276 31.789899 -37.589065 12.109116 0.532795 0.017935 0.088248 0.841439
1520530774.101984501 31.741930 -36.841592 11.446559 0.529109 0.024194 0.089433 0.843481
1520530774.151986599 31.608991 -35.852369 11.385200 0.540367 0.029079 0.084967 0.836623
1520530774.201987743 31.927646 -35.112930 10.792167 0.538891 0.027034 0.077419 0.838374
1520530774.251989603 31.857665 -34.175823 11.134122 0.547829 0.026320 0.078561 0.832477
1520530774.301991463 31.830247 -33.206532 10.889737 0.547985 0.029407 0.077788 0.832344
1520530774.351992607 32.027303 -32.261292 11.149911 0.549961 0.046678 0.078522 0.830180
1520530774.401993513 31.985384 -31.565444 10.432946 0.541073 0.067606 0.084652 0.833968
1520530774.451995373 31.898412 -30.601400 10.181838 0.545272 0.088198 0.097343 0.827903
1520530774.501792192 31.919316 -29.601757 10.165187 0.555699 0.109045 0.117401 0.815797
1520530774.551794291 31.820630 -28.737987 10.659314 0.566060 0.130494 0.142893 0.801329
1520530774.601795197 31.519904 -27.887579 10.227608 0.565203 0.158498 0.164741 0.792644
1520530774.651797056 31.742271 -26.940862 9.994624 0.564710 0.180250 0.177374 0.785590
1520530774.701798201 31.688728 -25.943117 10.035084 0.560117 0.209964 0.194233 0.777469
1520530774.751800060 31.137122 -25.141222 9.805530 0.539716 0.242651 0.224297 0.774286
1520530774.801800966 30.403682 -24.503197 9.571034 0.521786 0.270256 0.260632 0.766011
1520530774.851803303 30.405020 -23.505390 9.504852 0.520947 0.289269 0.285603 0.750579
1520530774.901630163 29.715435 -22.812439 9.715309 0.522043 0.307530 0.311518 0.732020
1520530774.951632023 29.291885 -22.087466 9.172152 0.514055 0.318613 0.332028 0.723872
1520530775.001632929 28.915925 -21.210251 8.873577 0.512371 0.328114 0.344955 0.714719
1520530775.051635027 28.002808 -20.963309 9.197981 0.513297 0.347126 0.354584 0.700214
1520530775.101664066 27.212408 -20.365777 9.062985 0.514867 0.356292 0.359629 0.691834
1520530775.151637793 26.218138 -20.273791 9.008528 0.512221 0.365325 0.367988 0.684655
1520530775.201638937 25.548538 -19.537433 9.105547 0.513726 0.367713 0.368186 0.682137
1520530775.251641035 24.583804 -19.300073 9.219338 0.511352 0.374704 0.376792 0.675384
1520530775.301808119 23.856769 -18.619645 9.127481 0.505911 0.375729 0.385455 0.674023
1520530775.351809025 23.310141 -17.783144 9.165735 0.500492 0.385418 0.392845 0.668306
1520530775.401811361 22.535008 -17.221573 9.455230 0.488934 0.405555 0.405499 0.657297
1520530775.451812267 22.080240 -16.363370 9.217165 0.478949 0.416318 0.417371 0.650453
1520530775.501814127 21.129765 -16.674164 9.219322 0.463066 0.439575 0.442146 0.629961
1520530775.551815271 20.361415 -16.064131 9.025677 0.450471 0.452910 0.460062 0.616678
1520530775.601817131 19.550032 -15.858741 8.478436 0.431689 0.471661 0.474023 0.605378
1520530775.651818037 18.709950 -15.429430 8.146841 0.416651 0.492868 0.480622 0.593705
1520530775.702431917 17.774701 -15.498406 7.799636 0.401444 0.514441 0.487254 0.580325
1520530775.752434015 16.981537 -14.927524 8.011730 0.394086 0.545221 0.482973 0.560506
1520530775.802434921 16.022141 -14.651791 8.071144 0.381111 0.577459 0.489092 0.531116
1520530775.852437019 15.173925 -15.126052 8.306954 0.359909 0.601053 0.513356 0.495648
1520530775.902437925 14.181390 -15.216860 8.388367 0.343442 0.609534 0.538297 0.469843
1520530775.952439785 13.184470 -15.180522 8.318868 0.325612 0.619622 0.559936 0.443303
1520530776.002441168 12.374645 -15.438485 8.845782 0.313378 0.633221 0.573391 0.414787
1520530776.052443027 11.452619 -15.797496 8.700942 0.302807 0.635323 0.589745 0.396073
1520530776.102444887 10.546341 -16.155402 8.925806 0.292361 0.640963 0.595230 0.386514
1520530776.152283430 9.620150 -16.364772 9.239390 0.286067 0.647777 0.593181 0.382998
1520530776.202284575 8.636769 -16.546142 9.247522 0.283334 0.651272 0.588132 0.386868
1520530776.252286673 7.688225 -16.862758 9.251835 0.286878 0.648333 0.584121 0.395181
1520530776.302287340 7.033652 -17.517837 9.629201 0.285631 0.649965 0.580520 0.398695
1520530776.352289677 6.309553 -18.082544 10.025166 0.285631 0.649965 0.580520 0.398695
1520530776.402290583 5.811909 -18.886519 10.350703 0.284306 0.650716 0.585846 0.390542
1520530776.452292442 4.961186 -19.247021 10.733205 0.281443 0.652852 0.587725 0.386203
1520530776.502293587 4.046977 -19.548568 11.003929 0.272364 0.658958 0.589669 0.379319
1520530776.552302361 3.198814 -19.990713 11.295696 0.265382 0.668890 0.589035 0.367690
1520530776.602303505 2.332142 -20.451852 11.105356 0.259290 0.672772 0.592231 0.359734
1520530776.652305603 1.512587 -20.924565 11.429197 0.251248 0.681112 0.592242 0.349585
1520530776.702321529 0.727030 -21.340638 11.887217 0.240291 0.691308 0.590116 0.340757
1520530776.752308607 -0.088609 -21.918501 11.858785 0.219348 0.698995 0.596031 0.328695
1520530776.802310467 -0.992246 -21.991052 12.280893 0.212376 0.706403 0.593320 0.322278
1520530776.852311611 -1.440175 -22.725187 12.791193 0.193691 0.721073 0.593920 0.299662
1520530776.902312517 -2.058120 -23.426803 13.145985 0.178827 0.729385 0.596092 0.284066
1520530776.952342272 -2.744848 -23.867210 13.724300 0.173093 0.733132 0.599083 0.271397
1520530777.002344370 -2.903168 -24.791210 14.072377 0.169218 0.730092 0.612601 0.251101
1520530777.052345276 -3.454166 -25.624121 14.020789 0.167308 0.722528 0.626340 0.240123
1520530777.102347374 -4.018141 -26.449837 14.031957 0.171351 0.717859 0.633171 0.233264
1520530777.152348280 -4.274657 -27.339237 14.410333 0.172571 0.720406 0.634890 0.219427
1520530777.202350140 -4.625256 -28.218977 14.089182 0.164519 0.717283 0.641552 0.216448
1520530777.252351284 -5.074798 -29.104021 13.968317 0.164519 0.717283 0.641552 0.216448
1520530777.302353144 -5.690309 -29.888077 14.048327 0.176815 0.720416 0.633261 0.220722
1520530777.352223396 -6.135689 -30.761331 14.245977 0.191167 0.720749 0.628329 0.221762
1520530777.402224302 -6.439826 -31.697834 14.071445 0.198170 0.718931 0.628238 0.221774
1520530777.452226162 -6.808804 -32.558302 14.422800 0.211019 0.716831 0.624480 0.227265
1520530777.502227306 -7.680594 -33.030263 14.291513 0.217839 0.703582 0.631244 0.243001
1520530777.552229166 -8.371906 -33.638982 14.680805 0.218245 0.697783 0.634053 0.251884
1520530777.602230310 -8.846810 -34.388412 15.142130 0.215076 0.696424 0.636220 0.252901
1520530777.652232170 -9.397893 -35.020517 15.686878 0.215076 0.696424 0.636220 0.252901
1520530777.702234268 -9.992573 -35.824317 15.703079 0.211136 0.697929 0.640822 0.240135
1520530777.752132177 -10.642634 -36.564260 15.876004 0.203105 0.701902 0.644743 0.224475
1520530777.802134275 -11.489655 -37.083094 15.991623 0.188505 0.706467 0.649075 0.209933
1520530777.852136374 -12.090162 -37.668581 16.536230 0.180681 0.709343 0.655120 0.187094
1520530777.902137280 -12.487427 -38.481242 16.109895 0.167017 0.706273 0.666038 0.172273
1520530777.952138424 -13.188820 -39.192406 16.062002 0.147531 0.711541 0.668627 0.157741
1520530778.002140284 -13.681577 -40.059830 15.992960 0.126933 0.712206 0.676613 0.137275
1520530778.052142143 -14.339792 -40.609974 16.506862 0.116937 0.721243 0.673240 0.113505
1520530778.102143288 -15.134950 -41.216068 16.487557 0.103310 0.722911 0.677141 0.090591
1520530778.152195692 -15.098912 -42.214033 16.540164 0.091566 0.720723 0.684767 0.057159
1520530778.202196598 -15.209497 -43.207064 16.499418 0.079786 0.717111 0.691905 0.025566
1520530778.252198696 -15.720074 -44.061941 16.591591 0.069626 0.708929 0.701821 0.004384
1520530778.302200556 -15.777861 -44.961769 17.023992 0.056953 0.709279 0.702224 -0.023673
1520530778.352201462 -15.574111 -45.932241 16.894883 0.050131 0.708936 0.702335 -0.040262
1520530778.402202606 -15.727646 -46.870071 16.583592 0.040319 0.704027 0.707352 -0.048714
1520530778.452204704 -15.496072 -47.804385 16.854575 0.028347 0.707657 0.703347 -0.061003
1520530778.502205610 -15.848425 -48.698452 17.131147 0.023986 0.710649 0.700472 -0.061165
1520530778.552207708 -16.186585 -49.627135 17.283445 0.022521 0.709438 0.701405 -0.064973
1520530778.602252483 -16.797305 -50.332161 17.643945 0.019363 0.708806 0.701324 -0.073242
1520530778.652253389 -16.533546 -51.291277 17.541335 -0.003396 0.703088 0.704629 -0.095673
1520530778.702255249 -16.863640 -52.101131 18.026282 -0.020009 0.701992 0.702667 -0.114310
1520530778.752256393 -17.486919 -52.686786 18.544483 -0.036612 0.701350 0.699173 -0.133884
1520530778.802258253 -17.591076 -53.681325 18.537847 -0.058471 0.695248 0.697589 -0.163034
1520530778.852259398 -17.286131 -54.633545 18.554725 -0.084089 0.685771 0.695887 -0.195931
1520530778.902261257 -16.951416 -55.456636 18.095936 -0.102396 0.669829 0.701145 -0.221903
1520530778.952263355 -16.551208 -56.370505 18.164325 -0.122624 0.662908 0.696320 -0.246282
1520530779.002046585 -16.100111 -57.140942 18.614812 -0.148810 0.655399 0.688981 -0.271316
1520530779.052048683 -15.957965 -58.021735 19.066474 -0.179169 0.648445 0.678888 -0.294157
1520530779.102049589 -15.084788 -58.409273 19.362069 -0.208229 0.635054 0.664255 -0.334832
1520530779.152051449 -14.725055 -59.217593 19.828127 -0.223515 0.628076 0.648891 -0.366746
1520530779.202052593 -14.150334 -59.922726 20.243439 -0.237027 0.619577 0.632022 -0.400614
1520530779.252054691 -13.409363 -60.593899 20.221347 -0.251494 0.608952 0.617136 -0.430199
1520530779.302056551 -12.793400 -60.978985 20.908587 -0.263840 0.605867 0.599700 -0.451302
1520530779.352058649 -12.111263 -60.611872 21.540977 -0.274134 0.603476 0.575443 -0.479095
1520530779.401859760 -11.409192 -61.095440 22.063717 -0.289232 0.601682 0.561449 -0.488977
1520530779.451860905 -10.615787 -61.418882 22.579366 -0.294313 0.604839 0.551008 -0.493902
1520530779.501862764 -9.635263 -61.567915 22.451452 -0.296476 0.606555 0.545378 -0.496746
1520530779.551863670 -8.960763 -61.836460 23.139153 -0.308239 0.608848 0.541371 -0.491132
1520530779.601868629 -8.270686 -61.765358 23.859388 -0.322367 0.606753 0.538020 -0.488329
1520530779.651867628 -7.363710 -61.713247 24.277334 -0.325317 0.601295 0.535266 -0.496089
1520530779.701868534 -6.722810 -62.293535 24.779842 -0.328352 0.598238 0.535568 -0.497456
1520530779.751869678 -5.894283 -62.523764 25.290269 -0.342013 0.587705 0.528481 -0.508270
1520530779.802151203 -4.998023 -62.905557 25.515994 -0.359038 0.571605 0.520258 -0.523154
1520530779.852153540 -4.166773 -63.429396 25.702047 -0.370359 0.560792 0.509528 -0.537334
1520530779.902155399 -3.369421 -63.926333 26.044516 0.381711 -0.551219 -0.491497 0.555774
1520530779.952156305 -2.578876 -64.508746 26.233813 0.389335 -0.532455 -0.481330 0.577262
1520530780.002157450 -2.106442 -64.880521 27.032931 0.403537 -0.516147 -0.469379 0.591975
1520530780.052159309 -1.123512 -64.717984 26.946730 0.412027 -0.494658 -0.458370 0.612735
1520530780.102160215 -0.221122 -64.319710 27.111257 0.434555 -0.469990 -0.435428 0.632988
1520530780.152162313 0.711883 -63.960981 27.082687 0.452744 -0.434450 -0.415128 0.658744
1520530780.202292919 1.675058 -64.088860 27.319203 0.463678 -0.408052 -0.402181 0.675830
1520530780.252293825 2.651629 -63.983515 27.131553 0.466563 -0.384732 -0.383924 0.697784
1520530780.302295685 3.584202 -63.630585 27.207359 0.475637 -0.368405 -0.358891 0.713613
1520530780.352296829 4.548532 -63.371233 27.154386 0.480419 -0.355667 -0.341783 0.725178
1520530780.402298689 5.498264 -63.229176 26.875409 0.481004 -0.340981 -0.332980 0.735861
1520530780.452299833 6.079246 -62.566046 26.403479 0.483429 -0.322739 -0.319880 0.748206
1520530780.502301693 6.657221 -62.201066 25.673592 0.488243 -0.307057 -0.310149 0.755740
1520530780.552302599 7.542291 -61.749578 25.560414 0.497109 -0.309758 -0.299849 0.753009
1520530780.602304935 8.430208 -61.389065 25.274699 0.494056 -0.309465 -0.301452 0.754497
1520530780.652139664 9.190901 -60.747838 25.173830 0.499839 -0.310603 -0.299068 0.751162
1520530780.702140808 9.737650 -60.003369 24.790643 0.500511 -0.305070 -0.296082 0.754159
1520530780.752142668 10.274411 -59.171022 24.928791 0.501892 -0.307726 -0.296337 0.752060
1520530780.802143574 11.161299 -58.731841 25.072146 0.498936 -0.303729 -0.302885 0.753042
1520530780.852145672 12.101857 -58.413584 25.190730 0.506005 -0.289854 -0.307194 0.752048
1520530780.902147770 12.879996 -57.796635 25.072937 0.511503 -0.273831 -0.302742 0.756128
1520530780.952149630 13.707772 -57.235614 25.079388 0.523394 -0.257809 -0.290163 0.758551
1520530781.002150774 14.460123 -56.663797 24.752290 0.523207 -0.244037 -0.281954 0.766291
1520530781.052164793 15.002419 -55.948051 24.312264 0.518799 -0.217908 -0.272076 0.780601
1520530781.102166653 15.646083 -55.308889 23.891352 0.514125 -0.197229 -0.267322 0.790768
1520530781.152168512 16.498688 -54.788910 23.839510 0.526843 -0.186336 -0.263401 0.786343
1520530781.202169657 17.224777 -54.139274 23.614192 0.537338 -0.172632 -0.255291 0.785043
1520530781.252170563 17.811239 -53.417743 23.246150 0.545971 -0.145077 -0.242496 0.788710
1520530781.302172422 18.208873 -52.545611 22.961066 0.546443 -0.124494 -0.222207 0.797825
1520530781.352173567 19.011500 -51.949147 22.965626 0.545569 -0.109844 -0.200851 0.806193
1520530781.402175665 19.447741 -51.217690 22.441542 0.532484 -0.101257 -0.182934 0.820209
1520530781.452058792 19.551111 -50.297457 22.064068 0.524687 -0.096702 -0.164546 0.829624
1520530781.502059698 19.689001 -49.416505 21.611398 0.527679 -0.075650 -0.148193 0.832989
1520530781.552061796 19.811271 -48.496787 21.238346 0.529546 -0.066791 -0.139521 0.834059
1520530781.602062702 19.790534 -47.569154 20.865428 0.529411 -0.054234 -0.128415 0.836835
1520530781.652064562 20.451848 -46.823417 20.946299 0.532651 -0.054751 -0.123535 0.835478
1520530781.702065706 20.324960 -45.931004 20.513286 0.536296 -0.044179 -0.113178 0.835240
1520530781.752067566 19.782251 -45.344571 19.911986 0.537069 -0.028539 -0.099434 0.837171
1520530781.802069664 19.863233 -44.383066 19.649404 0.535144 -0.025606 -0.095014 0.839010
1520530781.852036953 20.040637 -43.423092 19.432661 0.533246 -0.032220 -0.099727 0.839444
1520530781.902038813 20.425183 -42.503104 19.356857 0.528634 -0.031367 -0.102914 0.842004
1520530781.952039719 20.778188 -41.577090 19.223120 0.526536 -0.022432 -0.104838 0.843366
1520530782.002042055 21.010908 -40.637129 18.973490 0.529497 -0.009385 -0.102191 0.842082
1520530782.052042961 20.685273 -39.843487 18.459589 0.527668 0.017263 -0.085749 0.844935
1520530782.102044821 20.780093 -38.888595 18.178182 0.535932 0.036829 -0.070936 0.840469
1520530782.152045965 20.796697 -37.898266 18.040438 0.542031 0.058566 -0.055281 0.836491
1520530782.202047825 20.490292 -36.970000 17.829634 0.547187 0.090648 -0.033760 0.831402
1520530782.252168894 20.600430 -35.976108 17.822638 0.550771 0.113320 -0.021394 0.826651
1520530782.302169800 20.129056 -35.128418 17.579273 0.553999 0.144214 -0.002144 0.819929
1520530782.352171659 20.247112 -34.137027 17.635907 0.559588 0.167288 0.006622 0.811685
1520530782.402172804 19.537270 -33.433745 17.674894 0.566222 0.198464 0.026250 0.799572
1520530782.452174664 19.830594 -32.527576 17.370234 0.571138 0.221383 0.043872 0.789219
1520530782.502176523 20.064868 -31.603449 17.068398 0.571553 0.238809 0.063696 0.782457
1520530782.552178860 19.666270 -30.741807 17.382551 0.575985 0.260370 0.089150 0.769741
1520530782.602179766 19.510830 -29.768140 17.549317 0.578477 0.272666 0.102085 0.761969
1520530782.652289391 19.290245 -28.857519 17.199874 0.577302 0.280923 0.115343 0.757959
1520530782.702290297 18.542672 -28.215756 17.370972 0.586155 0.292928 0.131003 0.743945
1520530782.752292395 18.153395 -27.385040 16.973010 0.587745 0.296712 0.138836 0.739758
1520530782.802293301 17.896059 -26.445413 17.198577 0.600065 0.299020 0.137966 0.729023
1520530782.852294207 17.217162 -25.756011 16.945944 0.593810 0.309875 0.144903 0.728266
1520530782.902296305 16.607634 -24.963249 16.944088 0.590867 0.318922 0.149892 0.725739
1520530782.952298403 16.359684 -24.396945 17.730104 0.593695 0.314861 0.150991 0.724976
1520530783.002299309 15.554337 -23.904346 17.400311 0.573486 0.320753 0.166839 0.735117
1520530783.052301407 14.949744 -23.145127 17.159366 0.561670 0.329384 0.175588 0.738377
1520530783.102149963 14.364703 -22.336406 17.220158 0.553276 0.342452 0.186184 0.736171
1520530783.152151823 14.227599 -21.611923 17.895678 0.552894 0.352355 0.201591 0.727678
1520530783.202152729 13.847442 -20.742569 18.211438 0.552867 0.362079 0.218460 0.717992
1520530783.252155066 13.283888 -19.948025 17.985373 0.551721 0.374904 0.239102 0.705607
1520530783.302155972 12.776890 -19.091724 17.886872 0.549420 0.382654 0.258376 0.696387
1520530783.352157831 12.227026 -18.481451 17.316594 0.530326 0.398616 0.281960 0.693079
1520530783.402159929 11.606307 -17.700024 17.252728 0.520206 0.410787 0.300979 0.685603
1520530783.452160835 10.827055 -17.074329 17.217061 0.505556 0.432190 0.321203 0.674132
1520530783.501915693 10.010390 -16.615641 16.866826 0.487379 0.446217 0.345034 0.666561
1520530783.551916599 9.559783 -15.746432 17.070369 0.481272 0.464002 0.356449 0.652706
1520530783.601918697 8.753299 -15.160589 17.150183 0.481582 0.481660 0.370027 0.631792
1520530783.651919603 7.978362 -14.532812 17.223458 0.483157 0.496548 0.381445 0.611963
1520530783.701921701 6.997146 -14.354441 17.296936 0.475949 0.507904 0.403281 0.594029
1520530783.751923800 6.011592 -14.407173 17.457878 0.463754 0.527047 0.424598 0.571725
1520530783.801924706 5.120001 -14.033192 17.202530 0.453501 0.533628 0.440264 0.561912
1520530783.851926804 4.305728 -13.472340 17.052846 0.452626 0.539344 0.448525 0.550512
1520530783.901875496 3.440565 -12.978300 16.966721 0.446950 0.546003 0.456678 0.541813
1520530783.951877356 2.539448 -12.565148 17.098229 0.443650 0.551982 0.461384 0.534429
1520530784.001878738 1.588176 -12.268847 17.183592 0.434358 0.554661 0.472015 0.529988
1520530784.051880598 0.672644 -12.204011 17.580578 0.427979 0.557453 0.485211 0.520241
1520530784.101882458 -0.300925 -12.180170 17.807723 0.416544 0.561515 0.500532 0.510548
1520530784.151883602 -1.245230 -11.851190 17.815428 0.399748 0.571627 0.512882 0.500397
1520530784.201885462 -2.141573 -11.426454 17.942582 0.384633 0.586865 0.521895 0.485049
1520530784.251886368 -3.139527 -11.404730 17.882443 0.362452 0.605524 0.535533 0.463868
1520530784.302434444 -4.123159 -11.226704 17.910276 0.346084 0.622362 0.544318 0.443406
1520530784.352436304 -5.098395 -11.093131 17.734000 0.331801 0.633226 0.555866 0.424200
1520530784.402437210 -6.068654 -10.906515 17.888179 0.314585 0.645235 0.565662 0.405875
1520530784.452439308 -6.599776 -11.587192 18.392748 0.288482 0.663212 0.578723 0.376839
1520530784.502440214 -7.592090 -11.577411 18.269389 0.267097 0.674848 0.587303 0.358210
1520530784.552441120 -8.591785 -11.601949 18.266658 0.239016 0.690438 0.596374 0.332423
1520530784.602443457 -9.589830 -11.599731 18.329116 0.216756 0.702683 0.606591 0.302161
1520530784.652445316 -10.487963 -12.037889 18.366201 0.197853 0.707612 0.621827 0.271053
1520530784.702521801 -11.405304 -12.435873 18.356585 0.185523 0.708535 0.635326 0.244786
1520530784.752617836 -12.213307 -13.015682 18.251928 0.174771 0.708387 0.646705 0.222297
1520530784.802524805 -12.680321 -13.881581 18.072714 0.163428 0.708778 0.656342 0.200352
1520530784.852526665 -13.509069 -14.440268 18.105034 0.152996 0.711369 0.659678 0.188074
1520530784.902527809 -13.984306 -15.196843 18.554194 0.144708 0.716212 0.659499 0.176522
1520530784.952529669 -14.798292 -15.718045 18.810662 0.148933 0.720774 0.654404 0.173376
1520530785.002531767 -15.097516 -16.626498 19.102514 0.155161 0.724550 0.648192 0.175497
1520530785.052532911 -15.383111 -17.536230 19.403885 0.153253 0.726819 0.646086 0.175558
1520530785.102534771 -15.752839 -18.300477 19.932304 0.150597 0.728094 0.644752 0.177466
1520530785.152404785 -16.361959 -19.029309 20.244997 0.152777 0.722802 0.649875 0.178546
1520530785.202407122 -17.020972 -19.679204 20.623598 0.150964 0.717090 0.656377 0.179336
1520530785.252407789 -17.261052 -20.621440 20.857164 0.147096 0.709852 0.665776 0.176681
1520530785.302409887 -17.725967 -21.506624 20.839750 0.138718 0.705076 0.673960 0.171472
1520530785.352411032 -18.326581 -22.305480 20.806715 0.127841 0.708469 0.673824 0.166403
1520530785.402412891 -18.510085 -23.288498 20.808111 0.117263 0.705599 0.681009 0.156863
1520530785.452414751 -18.840497 -24.149848 20.422231 0.099205 0.700692 0.689222 0.155443
1520530785.502415895 -19.211181 -25.078607 20.422998 0.083634 0.696598 0.695971 0.152909
1520530785.552469492 -19.615859 -25.977574 20.255384 0.068688 0.705668 0.689245 0.149183
1520530785.602470398 -19.674365 -26.850620 20.739500 0.051287 0.715054 0.684346 0.133188
1520530785.652472496 -20.247723 -27.666355 20.815902 0.040426 0.718546 0.683340 0.122902
1520530785.702474594 -20.332956 -28.662529 20.835218 0.029318 0.715169 0.689446 0.111073
1520530785.752476454 -20.818671 -29.426287 21.260369 0.022451 0.712741 0.693191 0.104799
1520530785.802477360 -20.888353 -30.417100 21.144461 0.017061 0.707605 0.699759 0.096647
1520530785.852478504 -21.466948 -31.202857 21.363123 0.021251 0.706591 0.701152 0.093078
1520530785.902480364 -21.177313 -32.046535 20.911107 0.013965 0.702349 0.706575 0.085226
1520530785.952437878 -21.078294 -33.040796 20.870601 0.013965 0.702349 0.706575 0.085226
1520530786.002438784 -20.988019 -34.035774 20.913834 0.014840 0.701987 0.706981 0.084693
1520530786.052440882 -20.656350 -34.946613 21.159532 0.014038 0.707735 0.701543 0.082161
1520530786.102442741 -20.972539 -35.840017 21.478678 0.019228 0.717062 0.691313 0.086820
1520530786.152446747 -20.867639 -36.819907 21.648418 0.021116 0.720765 0.688398 0.078494
1520530786.202444792 -21.127222 -37.774931 21.791759 0.029964 0.716811 0.692415 0.076463
1520530786.252446890 -21.552236 -38.579610 22.206312 0.043899 0.710086 0.698214 0.079675
1520530786.302448034 -22.047961 -39.398200 21.916197 0.044320 0.704797 0.703496 0.079939
1520530786.352428675 -21.841556 -40.376023 21.951691 0.032793 0.704493 0.705655 0.068298
1520530786.402352810 -21.589348 -41.332663 22.097400 0.017992 0.707135 0.704863 0.052963
1520530786.452354670 -21.860576 -42.275451 21.903528 0.010943 0.703060 0.709937 0.039713
1520530786.502355576 -21.932722 -43.219264 22.226036 -0.001259 0.702494 0.711492 0.016729
1520530786.552357674 -21.893914 -44.178555 21.946295 -0.023745 0.701275 0.712468 -0.006251
1520530786.602359533 -21.442831 -45.057040 22.103738 -0.049650 0.701108 0.710406 -0.036139
1520530786.652360439 -21.386169 -46.055205 22.125053 -0.063724 0.700379 0.708688 -0.056303
1520530786.702362776 -21.109073 -46.985131 21.883277 -0.077550 0.697301 0.708882 -0.072412
1520530786.752382517 -21.060869 -47.981855 21.818330 -0.101919 0.696566 0.704791 -0.087620
1520530786.802384377 -21.191916 -48.972039 21.866930 -0.123348 0.695141 0.700476 -0.104393
1520530786.852385521 -21.303374 -49.943542 22.076119 -0.145775 0.690621 0.696202 -0.130748
1520530786.902387619 -21.011616 -50.881866 21.890580 -0.166217 0.685467 0.691068 -0.157899
1520530786.952388525 -20.804912 -51.664022 22.478377 -0.182513 0.684585 0.680481 -0.187023
1520530787.002390623 -20.426300 -52.537822 22.783545 -0.196988 0.680161 0.670677 -0.220836
1520530787.052392483 -19.905053 -53.387767 22.860316 -0.215297 0.674067 0.659700 -0.253135
1520530787.102393389 -19.367510 -54.230216 22.896752 -0.233204 0.667239 0.652003 -0.274408
1520530787.152462959 -18.988694 -55.091175 23.236233 -0.252246 0.665491 0.640285 -0.289015
1520530787.202464819 -18.263953 -55.755472 23.053310 -0.266203 0.662133 0.632285 -0.301549
1520530787.252465963 -17.583720 -56.454593 23.273566 -0.281510 0.659454 0.624371 -0.309892
1520530787.302467823 -16.744166 -56.921200 22.995310 -0.292114 0.643321 0.627356 -0.327462
1520530787.352468729 -16.155396 -57.708323 23.179125 -0.288050 0.632243 0.630799 -0.345526
1520530787.402471066 -15.635109 -58.558833 23.102095 -0.286908 0.616181 0.635644 -0.366008
1520530787.452471972 -15.106263 -59.345089 23.421663 -0.297798 0.602906 0.636031 -0.378530
1520530787.502474785 -14.422975 -60.037532 23.653266 -0.312081 0.594185 0.632861 -0.386053
1520530787.552475929 -13.688407 -60.701115 23.511607 -0.331140 0.582988 0.623013 -0.402897
1520530787.602204800 -12.986836 -61.177580 22.981722 -0.350102 0.567430 0.615759 -0.419871
1520530787.652206659 -12.156766 -61.411471 22.475481 -0.368874 0.555178 0.605940 -0.434220
1520530787.702207565 -11.390356 -62.004467 22.722403 -0.389769 0.547129 0.592165 -0.445051
1520530787.752209663 -10.629264 -62.648157 22.802417 -0.409733 0.536641 0.582001 -0.453221
1520530787.802210569 -9.834390 -63.181429 22.512941 -0.415949 0.527451 0.574998 -0.467074
1520530787.852212667 -8.925148 -63.552665 22.701257 -0.436022 0.515132 0.559079 -0.481615
1520530787.902213812 -8.130285 -64.139013 22.857429 -0.451928 0.505937 0.542379 -0.495594
1520530787.952274799 -7.300709 -64.529073 23.256999 -0.465457 0.498804 0.520840 -0.513099
1520530788.002070189 -6.474241 -64.951359 23.629324 0.478776 -0.485803 -0.498806 0.534754
1520530788.052072048 -5.544077 -65.179286 23.917151 0.492518 -0.466670 -0.482024 0.554344
1520530788.102072954 -4.669693 -64.984789 24.361699 0.510920 -0.448268 -0.461640 0.570004
1520530788.152075052 -3.703971 -64.818636 24.561132 0.523718 -0.434495 -0.442763 0.583862
1520530788.202076912 -2.801549 -64.965831 24.966063 0.532236 -0.432033 -0.426954 0.589731
1520530788.252077818 -1.932279 -64.610232 24.622671 0.524569 -0.421345 -0.419099 0.609632
1520530788.302080154 -0.991601 -64.780005 24.916444 0.529914 -0.417434 -0.410913 0.613262
1520530788.352081060 -0.003592 -64.739304 25.065376 0.535737 -0.404522 -0.401915 0.622746
1520530788.402166605 0.995011 -64.709761 25.021560 0.538635 -0.388195 -0.394348 0.635347
1520530788.452167749 1.831803 -64.172247 25.125757 0.540260 -0.371848 -0.383758 0.650060
1520530788.502169609 2.831630 -64.189211 25.133412 0.536826 -0.364151 -0.378456 0.660290
1520530788.552171707 3.817321 -64.094272 24.994130 0.533583 -0.354203 -0.373737 0.670932
1520530788.602172852 4.785314 -63.990667 25.222725 0.539048 -0.343755 -0.362522 0.678113
1520530788.652174711 5.779921 -64.054254 25.140787 0.544471 -0.332148 -0.353192 0.684459
1520530788.702175617 6.768783 -63.994315 25.277015 0.553662 -0.318301 -0.341030 0.689813
1520530788.752177715 7.720819 -63.741429 25.449284 0.564863 -0.304544 -0.328630 0.692953
1520530788.802199125 8.353748 -62.967248 25.455953 0.572444 -0.279005 -0.311195 0.705423
1520530788.852200985 9.348347 -62.935717 25.357067 0.575580 -0.266851 -0.305365 0.710106
1520530788.902203321 10.188662 -62.405266 25.245301 0.580606 -0.255791 -0.296534 0.713818
1520530788.952205181 11.107784 -62.012696 25.278525 0.592075 -0.244529 -0.285564 0.712816
1520530789.002206087 11.894548 -61.445238 25.521411 0.608652 -0.227391 -0.272002 0.709824
1520530789.052208185 11.981177 -60.471230 25.312119 0.618009 -0.199530 -0.252143 0.717409
1520530789.102209091 12.824040 -59.956435 25.468862 0.631589 -0.181415 -0.240152 0.714500
1520530789.152210951 13.270618 -59.102684 25.201136 0.638412 -0.163089 -0.223842 0.718141
1520530789.202288151 13.407122 -58.140151 24.966837 0.640553 -0.142040 -0.202955 0.726860
1520530789.252290249 13.742054 -57.218102 24.772810 0.637446 -0.126357 -0.184125 0.737424
1520530789.302291155 14.210260 -56.357383 24.972679 0.642147 -0.116104 -0.168193 0.738836
1520530789.352293253 14.942284 -55.701201 24.789471 0.642499 -0.105097 -0.157183 0.742592
1520530789.402294159 15.229533 -54.758927 24.961538 0.645926 -0.091572 -0.140148 0.744817
1520530789.452296019 15.476971 -53.833183 24.675579 0.648099 -0.074699 -0.128114 0.746977
1520530789.502297163 16.036942 -53.007112 24.739121 0.656114 -0.061779 -0.118231 0.742778
1520530789.552340031 16.721338 -52.283633 24.829570 0.661771 -0.057220 -0.111790 0.739113
1520530789.602354050 17.328442 -51.496641 24.719714 0.661771 -0.057220 -0.111790 0.739113
1520530789.652355909 17.660063 -50.553802 24.752627 0.659842 -0.057423 -0.110047 0.741081
1520530789.702356815 17.691117 -49.569725 24.577623 0.660698 -0.049130 -0.095447 0.742936
1520530789.752358913 18.017666 -48.634039 24.443987 0.666836 -0.040631 -0.087922 0.738883
1520530789.802361012 18.239245 -47.690358 24.198285 0.669730 -0.020005 -0.078704 0.738151
1520530789.852361917 18.948898 -47.014466 24.397185 0.676900 -0.005966 -0.074270 0.732294
1520530789.902364016 19.183138 -46.042706 24.368648 0.678704 0.006638 -0.064607 0.731534
1520530789.952364922 19.447513 -45.097679 24.176212 0.675558 0.012822 -0.055738 0.735086
1520530790.002366781 19.499378 -44.106883 24.301240 0.678760 0.029178 -0.035204 0.732936
1520530790.052260160 19.615406 -43.113723 24.314339 0.680224 0.041049 -0.014369 0.731713
1520530790.102262020 19.231752 -42.230372 24.045081 0.676387 0.065335 0.011744 0.733549
1520530790.152263165 19.237042 -41.232616 24.111820 0.678786 0.081468 0.022735 0.729448
1520530790.202265263 18.764436 -40.363133 23.968142 0.670294 0.095340 0.037130 0.735009
1520530790.252267122 18.992378 -39.420442 24.211812 0.678888 0.103414 0.039463 0.725850
1520530790.302268267 18.672322 -38.473044 24.213046 0.678860 0.115083 0.056512 0.722988
1520530790.352270126 18.415834 -37.513024 24.100904 0.674107 0.117183 0.070545 0.725859
1520530790.402271986 18.371118 -36.540800 24.330647 0.675013 0.117443 0.083524 0.723594
1520530790.452260733 17.908315 -37.281253 23.843263 0.677921 0.114074 0.088968 0.720760
1520530790.502262592 17.943949 -36.379055 24.273110 0.681563 0.125816 0.098265 0.714133
1520530790.552263498 17.851009 -35.414742 24.521026 0.682400 0.142543 0.106869 0.708936
1520530790.602265596 17.388475 -34.528932 24.558478 0.677479 0.148730 0.118224 0.710580
1520530790.652266502 16.752038 -33.759757 24.500871 0.677175 0.161691 0.137931 0.704460
1520530790.702268600 15.970659 -33.148081 24.377185 0.670194 0.168131 0.155780 0.705907
1520530790.752270699 15.270653 -32.469289 24.155298 0.653672 0.186976 0.177451 0.711523
1520530790.802271605 14.709989 -31.653595 24.012821 0.644804 0.197540 0.193319 0.712624
1520530790.852422714 14.156634 -30.831380 24.146089 0.640816 0.212486 0.206967 0.708075
1520530790.902427673 13.307232 -30.318387 24.022178 0.634190 0.231646 0.222592 0.703275
1520530790.952425718 12.591927 -29.664411 24.268460 0.632474 0.256928 0.237815 0.690948
1520530791.002427816 11.670598 -29.285232 24.182581 0.625082 0.282379 0.263959 0.678130
1520530791.052428722 10.882638 -28.720302 24.427476 0.621547 0.300504 0.283601 0.665543
1520530791.102429867 9.913493 -28.480407 24.484126 0.610018 0.329231 0.311538 0.649946
1520530791.152455807 9.000573 -28.130745 24.694633 0.602139 0.354525 0.339434 0.629702
1520530791.202432871 8.013802 -28.284069 24.641956 0.593480 0.381122 0.371126 0.603981
1520530791.252573013 7.401374 -27.841161 25.296756 0.588412 0.404434 0.388799 0.582271
1520530791.302574158 6.737569 -27.123504 25.507309 0.579771 0.422982 0.405972 0.565808
1520530791.352576017 6.016649 -26.449081 25.347853 0.569673 0.430974 0.418617 0.560798
1520530791.402578115 5.111172 -26.059031 25.515102 0.563756 0.437667 0.430809 0.552296
1520530791.452579260 4.210664 -25.642701 25.389580 0.552472 0.449380 0.447654 0.540775
1520530791.502581120 3.489969 -24.956319 25.486937 0.545373 0.459063 0.461368 0.528176
1520530791.552582264 2.726547 -24.743363 26.096721 0.542824 0.469633 0.475976 0.508166
1520530791.602584124 1.934713 -24.508519 26.660500 0.538050 0.476224 0.491924 0.491654
1520530791.652470827 1.303017 -23.921045 26.154700 0.513107 0.488745 0.505217 0.492550
1520530791.702472687 0.453411 -23.439916 25.938633 0.497707 0.500431 0.514773 0.486688
1520530791.752473593 -0.536061 -23.296018 25.954091 0.485036 0.499607 0.529458 0.484569
1520530791.802475929 -1.475115 -23.165560 25.636039 0.466913 0.507795 0.543695 0.478050
1520530791.852477789 -2.308225 -23.014275 26.168055 0.456817 0.512982 0.553670 0.470763
1520530791.902478695 -3.297851 -22.915216 26.063992 0.439337 0.517359 0.567774 0.465785
1520530791.952480793 -4.272570 -23.032022 26.254463 0.426932 0.527833 0.577740 0.453143
1520530792.002482891 -5.241794 -23.259465 26.160260 0.417097 0.535087 0.587726 0.440784
1520530792.052518606 -5.977463 -23.609514 26.740137 0.408012 0.548239 0.593959 0.424468
1520530792.102171183 -6.876102 -24.001781 26.936540 0.393249 0.557956 0.603506 0.412093
1520530792.152172089 -7.585331 -24.524515 27.409555 0.377410 0.566813 0.616230 0.395657
1520530792.202174187 -8.490200 -24.943498 27.484824 0.354900 0.579233 0.629297 0.377518
1520530792.252176285 -9.380431 -25.396144 27.433831 0.339590 0.595577 0.636065 0.354102
1520530792.302177191 -10.330180 -25.706053 27.477789 0.329745 0.610568 0.641987 0.326080
1520530792.352179289 -11.296208 -25.826864 27.706250 0.314069 0.620945 0.650218 0.304965
1520530792.402180195 -11.937766 -26.589527 27.624098 0.294171 0.627079 0.661673 0.287096
1520530792.452182055 -12.884258 -26.910911 27.594671 0.278577 0.630024 0.670328 0.275909
1520530792.502040386 -13.771236 -27.202590 27.952712 0.268936 0.639999 0.671127 0.260121
1520530792.552041531 -14.400559 -27.742527 27.393767 0.254314 0.641830 0.680119 0.246610
1520530792.602042437 -15.303872 -28.149550 27.529261 0.245343 0.650855 0.679832 0.232428
1520530792.652044296 -16.095182 -28.645407 27.886967 0.239155 0.660521 0.677033 0.219416
1520530792.702045441 -15.923472 -29.469403 28.426917 0.225365 0.673419 0.676083 0.196542
1520530792.752052546 -16.475302 -30.287219 28.590198 0.210723 0.679064 0.678996 0.182846
1520530792.802048683 -17.434226 -30.502343 28.775090 0.202629 0.688168 0.675529 0.170373
1520530792.852050543 -18.341093 -30.764796 29.104803 0.199867 0.691376 0.676614 0.155710
1520530792.902248144 -18.610983 -31.529522 29.689913 0.192560 0.694214 0.681071 0.130880
1520530792.952250004 -18.400022 -32.351743 30.218541 0.177220 0.696153 0.687343 0.107349
1520530793.002252102 -19.280637 -32.796619 30.381647 0.159320 0.695264 0.694273 0.095966
1520530793.052253008 -20.041937 -33.266738 30.828201 0.138608 0.699856 0.695820 0.082608
1520530793.102254868 -20.755324 -33.961250 30.921648 0.123077 0.699443 0.700510 0.070125
1520530793.152256012 -21.147166 -34.861371 31.112020 0.104534 0.700974 0.703630 0.051112
1520530793.202258110 -21.513878 -35.703405 30.716419 0.081267 0.689344 0.719029 0.034606
1520530793.252259254 -22.000770 -36.438568 30.244751 0.063904 0.680652 0.729404 0.024478
1520530793.302666903 -22.478423 -37.307938 30.118083 0.041835 0.677082 0.734636 0.010964
1520530793.352667809 -22.816776 -38.248650 30.142115 0.023094 0.679285 0.733456 -0.008966
1520530793.402669668 -23.218196 -39.158591 30.246375 0.003747 0.679991 0.732469 -0.032980
1520530793.452671766 -23.398336 -40.088999 29.927174 -0.013391 0.676181 0.734754 -0.052317
1520530793.502672672 -23.225082 -40.980864 29.509369 -0.027605 0.666632 0.741591 -0.069881
1520530793.552674770 -23.017216 -41.954171 29.606653 -0.043823 0.665217 0.739935 -0.089784
1520530793.602675915 -22.949735 -42.947818 29.696723 -0.052948 0.668961 0.733913 -0.105165
1520530793.652677774 -22.780315 -43.931427 29.758443 -0.060306 0.670843 0.729298 -0.120243
1520530793.702589035 -22.883740 -44.918412 29.881583 -0.064468 0.670220 0.727047 -0.134357
1520530793.752591848 -22.421678 -45.791952 29.728519 -0.075323 0.667236 0.726531 -0.145860
1520530793.802592754 -22.352525 -46.781986 29.851194 -0.085425 0.666812 0.724186 -0.153686
1520530793.852595091 -22.001231 -47.718134 29.836374 -0.091053 0.665634 0.723303 -0.159606
1520530793.902595997 -21.855113 -48.706963 29.865833 -0.093578 0.667002 0.721761 -0.159416
1520530793.952597857 -21.603677 -49.674258 29.832362 -0.089903 0.665220 0.723213 -0.162366
1520530794.002599955 -21.305878 -50.554885 30.200888 -0.089903 0.665220 0.723213 -0.162366
1520530794.052604914 -20.856616 -51.416499 30.437076 -0.100617 0.664393 0.721987 -0.164905
1520530794.102647543 -20.659614 -52.379180 30.622645 -0.109213 0.664369 0.718984 -0.172475
1520530794.152649641 -20.364357 -53.334204 30.650088 -0.116094 0.663916 0.716969 -0.178026
1520530794.202650785 -20.346828 -54.331629 30.580546 -0.120947 0.661881 0.716674 -0.183477
1520530794.252652645 -19.997095 -55.264226 30.669705 -0.136438 0.660578 0.712494 -0.193322
1520530794.302653551 -19.616121 -56.112519 31.037478 -0.148405 0.656298 0.711042 -0.204128
1520530794.352655649 -19.256645 -57.027779 30.855610 -0.151408 0.648358 0.715451 -0.211747
1520530794.402656555 -18.823262 -57.928987 30.857923 -0.163741 0.644252 0.713374 -0.221869
1520530794.452658415 -18.818984 -58.924487 30.952589 -0.170462 0.648233 0.706534 -0.227036
1520530794.502659798 -18.135917 -59.603914 30.684637 -0.187251 0.642714 0.702562 -0.241377
1520530794.552675962 -17.557667 -60.291512 31.123769 -0.200658 0.637694 0.699820 -0.251664
1520530794.602677822 -17.117089 -61.139750 31.417678 -0.209465 0.636864 0.696291 -0.256333
1520530794.652678967 -16.943501 -62.073961 31.106041 -0.212724 0.634101 0.695834 -0.261686
1520530794.702680826 -16.266821 -62.723958 30.760197 -0.215928 0.629428 0.693760 -0.275484
1520530794.752681971 -15.576525 -63.440250 30.658134 -0.222226 0.627694 0.688242 -0.287991
1520530794.802684069 -14.884700 -64.144632 30.499315 -0.218548 0.626500 0.687706 -0.294611
1520530794.852684975 -14.000822 -64.584319 30.339827 -0.219297 0.622482 0.686780 -0.304564
1520530794.902687073 -13.179914 -65.153597 30.294744 -0.233446 0.617976 0.684028 -0.309377
1520530794.952672243 -12.711035 -65.905397 29.831119 -0.244472 0.613722 0.685425 -0.306221
1520530795.002674341 -11.880550 -66.460179 29.881241 -0.255012 0.616633 0.678073 -0.308138
1520530795.052676201 -11.054720 -66.965105 29.630134 -0.254701 0.612123 0.677776 -0.317887
1520530795.102677345 -10.435918 -67.723628 29.425860 -0.252556 0.605763 0.680697 -0.325450
1520530795.152679205 -9.684368 -68.335284 29.672942 -0.255055 0.599289 0.679354 -0.338050
1520530795.202680111 -9.015770 -69.034405 29.419554 -0.259181 0.587371 0.681513 -0.351227
1520530795.252682447 -8.289264 -69.706474 29.276333 -0.269114 0.580929 0.676851 -0.363278
1520530795.302684307 -7.621335 -70.438313 29.411547 -0.283165 0.576122 0.667789 -0.376775
1520530795.352701902 -6.685251 -70.765869 29.283274 -0.302084 0.568509 0.657996 -0.390620
1520530795.402704000 -5.918184 -71.127656 28.753446 -0.315429 0.550735 0.654758 -0.410472
1520530795.452705860 -5.034813 -71.553328 28.557336 -0.326598 0.535400 0.651288 -0.427205
1520530795.502706766 -4.151964 -71.963719 28.328954 -0.348279 0.524144 0.639490 -0.441620
1520530795.552708864 -3.369399 -72.533525 28.078129 -0.362019 0.517406 0.626262 -0.457197
1520530795.602709770 -2.464356 -72.757542 27.716585 -0.376279 0.501654 0.612112 -0.481743
1520530795.652710915 -1.579568 -73.206536 27.591872 -0.390994 0.482259 0.601568 -0.502659
1520530795.702713013 -0.654097 -73.564605 27.468223 -0.403612 0.469454 0.591014 -0.517120
1520530795.752690554 0.330379 -73.637081 27.308362 -0.416051 0.459819 0.580148 -0.528106
1520530795.802692652 1.095793 -74.280206 27.285310 -0.424812 0.453760 0.571534 -0.535710
1520530795.852694511 2.037975 -74.614964 27.300484 -0.437109 0.444631 0.559350 -0.546230
1520530795.902695417 2.996899 -74.857415 27.153231 0.444581 -0.435480 -0.547709 0.559213
1520530795.952699423 3.927200 -75.143002 26.923061 0.449612 -0.425724 -0.538483 0.571528
1520530796.002698660 4.793868 -74.934437 26.469865 0.462633 -0.409842 -0.528219 0.582224
1520530796.052700520 5.747731 -75.226387 26.539952 0.471304 -0.406541 -0.520435 0.584589
1520530796.102701664 6.729548 -75.036857 26.550547 0.481857 -0.400976 -0.504122 0.594048
1520530796.152534485 7.713733 -75.198939 26.622027 0.485430 -0.395280 -0.495311 0.602311
1520530796.202536583 8.707768 -75.216306 26.514354 0.490586 -0.377822 -0.488215 0.614997
1520530796.252537489 9.687116 -75.105368 26.683381 0.500284 -0.361494 -0.476412 0.626155
1520530796.302539349 10.685175 -75.079900 26.740216 0.513381 -0.344710 -0.460101 0.637120
1520530796.352540493 11.663980 -75.216963 26.588055 0.527517 -0.327874 -0.443640 0.646071
1520530796.402542353 12.637946 -75.348030 26.773021 0.540501 -0.315167 -0.427904 0.652248
1520530796.452543497 13.635008 -75.282256 26.812286 0.550665 -0.297297 -0.412174 0.662189
1520530796.502545595 14.461907 -75.027049 27.313392 0.563349 -0.278260 -0.391823 0.672075
1520530796.552486181 15.454496 -75.080334 27.204177 0.570299 -0.257129 -0.377540 0.682720
1520530796.602488041 16.417812 -74.813093 27.228760 0.577482 -0.245452 -0.361067 0.689854
1520530796.652490139 17.323663 -74.996088 27.610790 0.592147 -0.232877 -0.343324 0.690839
1520530796.702491283 17.898706 -74.178030 27.600534 0.607675 -0.204657 -0.314923 0.699764
1520530796.752493143 18.754879 -73.671771 27.703831 0.623839 -0.179681 -0.289271 0.703464
1520530796.802494287 19.453914 -72.971586 27.849054 0.636681 -0.151482 -0.261124 0.709581
1520530796.852496147 20.417882 -72.718317 27.930423 0.643681 -0.136313 -0.242187 0.713049
1520530796.902498245 21.216657 -72.116689 27.928798 0.647861 -0.123911 -0.220590 0.718514
1520530796.952499390 22.194405 -71.946888 28.051992 0.651945 -0.111727 -0.202857 0.722035
1520530797.002631664 23.171906 -71.779073 28.179783 0.654258 -0.105445 -0.186913 0.725184
1520530797.052633762 23.884586 -71.135246 27.901261 0.646840 -0.099337 -0.172950 0.736083
1520530797.102634668 24.528407 -70.464058 28.268685 0.649914 -0.082175 -0.160074 0.738400
1520530797.152636766 24.408584 -69.553825 28.665068 0.661348 -0.062955 -0.133364 0.735438
1520530797.202637672 24.978866 -68.738976 28.561152 0.663230 -0.055973 -0.121531 0.736358
1520530797.252638817 24.649463 -67.850987 28.882042 0.665601 -0.043673 -0.090378 0.739527
1520530797.302641869 25.108971 -67.281519 29.563626 0.662398 -0.032929 -0.076755 0.744482
1520530797.352642536 25.644091 -66.468972 29.794740 0.657640 -0.015684 -0.058753 0.750874
1520530797.402760029 26.129748 -65.634069 30.053729 0.654343 0.005465 -0.044666 0.754858
1520530797.452760935 26.538431 -64.731092 30.186428 0.647205 0.030316 -0.035744 0.760874
1520530797.502762079 26.640833 -63.741453 30.085781 0.638412 0.049645 -0.027468 0.767601
1520530797.552763939 26.779651 -62.751193 30.075143 0.632056 0.063591 -0.015736 0.772149
1520530797.602865934 26.923335 -61.792731 30.321528 0.633335 0.074329 -0.003597 0.770292
1520530797.652767181 26.783593 -60.909240 30.768649 0.634511 0.094608 0.014163 0.766971
1520530797.702767849 26.467026 -59.960724 30.758507 0.627726 0.118278 0.035471 0.768578
1520530797.752770185 26.102116 -59.052669 30.552894 0.611854 0.141347 0.061663 0.775792
1520530797.802643299 26.036615 -58.055733 30.510139 0.602089 0.158241 0.081292 0.778357
1520530797.852644205 25.914726 -57.101767 30.236110 0.589744 0.180150 0.101964 0.780610
1520530797.902646303 25.930555 -56.116152 30.067845 0.579778 0.204430 0.119555 0.779598
1520530797.952647209 26.018780 -55.127060 29.949888 0.573447 0.220834 0.131157 0.777938
1520530798.002649546 25.541570 -54.368944 29.505445 0.559415 0.238409 0.144845 0.780536
1520530798.052650452 25.174678 -53.486966 29.209632 0.561071 0.258941 0.151306 0.771528
1520530798.102652311 24.623286 -52.775824 28.773461 0.554718 0.258142 0.157971 0.775046
1520530798.152653456 24.105807 -52.010688 28.390340 0.548739 0.265118 0.163126 0.775879
1520530798.202504873 24.308356 -51.032245 28.430620 0.548467 0.281441 0.167616 0.769337
1520530798.252506733 23.755552 -50.256205 28.127025 0.538813 0.294612 0.180039 0.768421
1520530798.302507877 23.526609 -49.295486 27.970169 0.534751 0.307075 0.181776 0.765966
1520530798.352509737 23.050164 -48.448829 27.733161 0.533919 0.315733 0.179688 0.763515
1520530798.402510643 22.223836 -48.163005 27.247892 0.528345 0.332221 0.177105 0.760996
1520530798.452512980 21.737483 -47.307625 27.069604 0.525151 0.341746 0.171854 0.760192
1520530798.502513647 21.014120 -46.690206 26.760512 0.523832 0.353318 0.170665 0.756069
1520530798.552515745 20.338017 -45.975043 26.583236 0.524142 0.367271 0.170817 0.749139
1520530798.602414608 19.404612 -45.660228 26.411052 0.516340 0.386298 0.180140 0.742776
1520530798.652416945 18.489795 -45.315445 26.200733 0.508572 0.404204 0.185764 0.737201
1520530798.702417850 17.835493 -44.560766 26.152273 0.508060 0.403642 0.186503 0.737675
1520530798.752419710 17.306807 -43.715045 26.079839 0.516404 0.408269 0.184405 0.729820
1520530798.802420855 16.915086 -42.797151 26.016386 0.521761 0.412470 0.189348 0.722344
1520530798.852422714 16.409857 -41.934567 26.042709 0.530246 0.425049 0.196249 0.706866
1520530798.902424574 16.090032 -40.994326 26.159575 0.533156 0.439433 0.209902 0.691798
1520530798.952425718 15.167774 -40.608690 26.186501 0.523776 0.455445 0.225109 0.683780
1520530799.002338409 14.239334 -40.246314 26.268251 0.505420 0.473077 0.244763 0.678852
1520530799.052339315 13.966599 -39.296086 26.418858 0.500140 0.482949 0.246701 0.675099
1520530799.102340460 13.067949 -38.884084 26.569466 0.497343 0.494449 0.256856 0.664978
1520530799.152342319 12.069805 -38.859677 26.625258 0.488701 0.500879 0.278097 0.657992
1520530799.202422380 11.101725 -38.942536 26.388708 0.476676 0.512053 0.293039 0.651697
1520530799.252345324 10.111338 -38.836855 26.477961 0.473397 0.520322 0.297969 0.645271
1520530799.302346230 9.118459 -38.775732 26.580205 0.469740 0.524688 0.305599 0.640825
1520530799.352348328 8.381048 -38.182978 26.904037 0.467885 0.541538 0.304294 0.628670
1520530799.402350426 7.388071 -38.176957 27.022193 0.462157 0.558606 0.306937 0.616571
1520530799.452410460 6.428573 -38.394114 27.201658 0.463078 0.572841 0.307016 0.602622
1520530799.502412558 5.458234 -38.386288 27.443277 0.470230 0.587214 0.304661 0.584162
1520530799.552413464 4.520520 -38.599955 27.717210 0.469610 0.595318 0.312394 0.572253
1520530799.602415562 3.618844 -38.903800 28.024877 0.462732 0.605747 0.325324 0.559566
1520530799.652416706 2.746594 -38.920582 28.513649 0.456373 0.622312 0.329870 0.543725
1520530799.702418566 1.887224 -39.306874 28.848704 0.447829 0.626185 0.347586 0.535281
1520530799.752419472 0.989147 -39.252832 29.285209 0.445474 0.633875 0.348953 0.527245
1520530799.802421570 0.212873 -38.866883 29.783649 0.442499 0.642848 0.353154 0.515968
1520530799.852662325 -0.621088 -39.065274 30.298577 0.435483 0.649227 0.367489 0.503796
1520530799.902663231 -1.534881 -38.774138 30.581811 0.426324 0.657423 0.376765 0.494056
1520530799.952665329 -2.306745 -39.326820 30.896085 0.405145 0.671174 0.403217 0.472016
1520530800.002666235 -3.252969 -39.004702 30.866092 0.397271 0.678542 0.415411 0.457373
1520530800.052668333 -4.243973 -38.871268 30.876415 0.395798 0.682965 0.427737 0.440391
1520530800.102669477 -4.974099 -38.549526 31.479240 0.393852 0.697745 0.426796 0.419378
1520530800.152671337 -5.960673 -38.471537 31.335754 0.378329 0.709798 0.431326 0.408671
1520530800.202673197 -6.899990 -38.133203 31.279056 0.369439 0.714200 0.436886 0.403191
1520530800.252766371 -7.799545 -37.865427 31.624160 0.360091 0.720338 0.444130 0.392678
1520530800.302767277 -8.767843 -37.840144 31.375648 0.346627 0.721096 0.457878 0.387580
1520530800.352769136 -9.576657 -37.990064 31.944282 0.340718 0.728665 0.462168 0.373309
1520530800.402770281 -10.321797 -38.315356 32.526478 0.337729 0.742338 0.458270 0.353358
1520530800.452771187 -11.203901 -38.561848 32.927894 0.327862 0.756176 0.458303 0.332661
1520530800.502774000 -11.918238 -38.888281 33.546896 0.312257 0.770174 0.458927 0.314188
1520530800.552775145 -12.624939 -39.365396 34.069327 0.294156 0.778381 0.465317 0.301786
1520530800.602776051 -13.323391 -39.053234 34.713315 0.290666 0.781485 0.465235 0.297239
1520530800.652460575 -13.749176 -39.370768 35.560592 0.288065 0.787506 0.468520 0.278104
1520530800.702461481 -14.205168 -39.454026 36.446673 0.287389 0.794074 0.466626 0.262898
1520530800.752463341 -14.520299 -39.733648 37.353593 0.282856 0.804286 0.464120 0.240227
1520530800.802521467 -14.895907 -40.396630 38.001184 0.267669 0.815889 0.465109 0.215297
1520530800.852466583 -15.232443 -41.069517 38.659945 0.248025 0.824236 0.472149 0.190247
1520530800.902468443 -15.579151 -41.112638 39.596927 0.231976 0.830892 0.474955 0.173847
1520530800.952469587 -16.043433 -41.088988 40.482298 0.215048 0.839241 0.472190 0.162686
1520530801.002471447 -16.184789 -41.958499 40.955551 0.194791 0.845109 0.477801 0.139834
1520530801.052102804 -16.337593 -42.687001 41.623335 0.170536 0.855656 0.476159 0.109739
1520530801.102104664 -16.353121 -43.399516 42.324820 0.150684 0.862664 0.476330 0.078828
1520530801.152105808 -16.495628 -44.129470 42.993295 0.134169 0.867437 0.477396 0.040562
1520530801.202107668 -17.073784 -44.838904 43.396332 0.124942 0.868803 0.478919 0.014428
1520530801.252108812 -17.673055 -44.982427 44.183908 0.105611 0.874922 0.472606 0.000946
1520530801.302110910 -17.870000 -45.915049 44.486279 0.086371 0.874402 0.476917 -0.022589
1520530801.352112770 -17.908696 -46.549319 45.258422 0.069900 0.876739 0.473340 -0.048906
1520530801.402113914 -18.465839 -47.375572 45.341484 0.054213 0.877036 0.472774 -0.065977
1520530801.452115774 -18.295571 -48.133750 45.970907 0.044509 0.876819 0.470449 -0.088799
1520530801.502018929 -18.656903 -48.859389 46.556474 0.034015 0.878090 0.466504 -0.100871
1520530801.552020788 -18.540480 -49.701237 47.083482 0.021931 0.879850 0.458695 -0.122399
1520530801.602021933 -18.798760 -50.634530 47.332989 0.008016 0.878444 0.456833 -0.139915
1520530801.652023792 -19.108367 -51.325379 47.986343 -0.000524 0.883862 0.443835 -0.147644
1520530801.702024698 -18.659874 -51.795553 48.746468 -0.012443 0.890830 0.423568 -0.163884
1520530801.752027988 -18.601690 -52.672239 49.224000 -0.021736 0.891094 0.416841 -0.178110
1520530801.802028894 -17.853908 -52.769443 49.880791 -0.032221 0.888934 0.407136 -0.207361
1520530801.852030754 -17.997775 -53.193718 50.774823 -0.039361 0.886458 0.403653 -0.222952
1520530801.902304649 -17.919745 -53.936446 51.439855 -0.049861 0.882812 0.400701 -0.239993
1520530801.952305555 -17.786109 -54.846217 51.832865 -0.063868 0.877348 0.401225 -0.255343
1520530802.002306700 -17.127514 -55.577513 52.010232 -0.077777 0.869907 0.402572 -0.274133
1520530802.052308559 -16.812033 -56.387646 52.504354 -0.088462 0.866605 0.400860 -0.283693
1520530802.102309465 -16.150635 -57.086926 52.775576 -0.099245 0.861020 0.399596 -0.298527
1520530802.152311563 -15.272031 -57.429732 53.108050 -0.106439 0.851238 0.396120 -0.327342
1520530802.202313662 -14.951793 -58.142974 53.731535 -0.114654 0.848091 0.385069 -0.345425
1520530802.252314806 -14.412805 -58.903054 54.094537 -0.122208 0.844990 0.371212 -0.365047
1520530802.302571535 -13.981938 -59.593935 54.675085 -0.131929 0.842772 0.355268 -0.382250
1520530802.352573633 -13.409063 -60.323363 55.048915 -0.144504 0.834246 0.349033 -0.401657
1520530802.402609587 -12.886400 -60.883076 55.691990 -0.156430 0.828318 0.345124 -0.412684
1520530802.452576637 -12.237794 -61.506171 56.129098 -0.163709 0.819498 0.344121 -0.428022
1520530802.502577543 -11.729372 -62.129952 56.722734 -0.167202 0.816634 0.336671 -0.437956
1520530802.552579641 -11.010355 -62.664717 57.166627 -0.165878 0.812159 0.328406 -0.452805
1520530802.602581501 -10.052445 -62.946266 57.110596 -0.167573 0.804017 0.326903 -0.467558
1520530802.652582407 -9.449547 -63.338315 57.805442 -0.175501 0.796685 0.327939 -0.476390
1520530802.702605247 -8.582121 -63.619649 58.215836 -0.186456 0.779774 0.331308 -0.497415
1520530802.752606392 -7.896760 -64.126184 58.739002 -0.192116 0.772641 0.336957 -0.502570
1520530802.802608252 -7.353353 -64.490676 59.495213 -0.198778 0.773490 0.337000 -0.498629
1520530802.852609158 -6.528825 -64.995488 59.750789 -0.202012 0.774617 0.337434 -0.495276
1520530802.902611256 -5.571882 -65.236441 59.912657 -0.203902 0.771718 0.330595 -0.503570
1520530802.952613115 -4.915304 -65.987462 59.982459 -0.201656 0.769959 0.328338 -0.508618
1520530803.002614021 -4.310954 -66.660407 60.408963 -0.202904 0.769662 0.320110 -0.513790
1520530803.052616358 -3.342531 -66.869125 60.545321 -0.204758 0.764634 0.312974 -0.524839
1520530803.102764130 -2.429834 -66.842192 60.953071 -0.204346 0.759074 0.308112 -0.535832
1520530803.152766228 -1.448288 -66.916818 60.777011 -0.206479 0.749175 0.305106 -0.550467
1520530803.202767134 -0.650420 -67.358436 61.187355 -0.212736 0.739993 0.305047 -0.560446
1520530803.252769232 0.146143 -67.062859 61.714727 -0.212639 0.730703 0.299762 -0.575327
1520530803.302770376 0.871125 -67.729645 61.887344 -0.209475 0.721843 0.302568 -0.586102
1520530803.352772236 1.616258 -67.923752 62.525387 -0.210044 0.720463 0.294547 -0.591657
1520530803.402774334 2.600347 -67.773688 62.430259 -0.213160 0.711724 0.282624 -0.606741
1520530803.452775240 3.466424 -67.841394 61.934954 -0.218286 0.700724 0.281008 -0.618362
1520530803.502920389 4.388175 -67.690649 61.577672 -0.226436 0.689318 0.277797 -0.629600
1520530803.552922249 5.369523 -67.761769 61.399070 -0.227369 0.685027 0.276134 -0.634659
1520530803.602923155 6.323768 -67.850199 61.113418 -0.222214 0.679201 0.276451 -0.642559
1520530803.652925253 7.199646 -67.915936 61.591451 -0.220815 0.676736 0.272134 -0.647466
1520530803.702926159 8.082668 -68.374285 61.692379 -0.218219 0.669173 0.275108 -0.654907
1520530803.752928019 8.975806 -68.291767 62.134528 0.221978 -0.659210 -0.272322 0.664837
1520530803.802930355 9.930540 -68.118176 61.892971 0.234662 -0.641057 -0.267116 0.680168
1520530803.852931261 10.885461 -68.229403 62.168204 0.237954 -0.637376 -0.265835 0.682979
1520530803.902932405 11.788327 -67.946599 61.844390 0.242389 -0.630123 -0.257876 0.691153
1520530803.952781439 12.729725 -68.243499 62.004450 0.242173 -0.629985 -0.255438 0.692259
1520530804.002792358 13.616487 -68.586937 61.695089 0.237041 -0.618445 -0.255572 0.704287
1520530804.052784204 14.548958 -68.693711 62.040193 0.237782 -0.608118 -0.249522 0.715116
1520530804.102786303 15.411611 -68.417149 61.616704 0.245081 -0.587043 -0.244310 0.731866
1520530804.152787209 16.395453 -68.451991 61.792320 0.251105 -0.570672 -0.237442 0.744917
1520530804.202789545 17.371201 -68.500818 61.578938 0.252879 -0.553128 -0.231353 0.759327
1520530804.252790451 18.301268 -68.387736 61.229385 0.259608 -0.536305 -0.216730 0.773310
1520530804.302792311 19.182840 -68.435130 60.759721 0.262994 -0.518625 -0.202717 0.787888
1520530804.352735758 20.064171 -68.437307 61.232215 0.272556 -0.505698 -0.181770 0.798086
1520530804.402737856 21.018109 -68.379741 60.937786 0.286436 -0.479663 -0.161292 0.813549
1520530804.452739000 21.964600 -68.461506 60.625585 0.290114 -0.452890 -0.151331 0.829351
1520530804.502740860 22.958735 -68.364419 60.673226 0.300726 -0.434017 -0.142536 0.837184
1520530804.552742004 23.944939 -68.331961 60.510903 0.306597 -0.409819 -0.142956 0.847119
1520530804.602743864 24.665153 -67.739898 60.149305 0.314958 -0.382587 -0.139091 0.857370
1520530804.652745724 25.636458 -67.505182 60.110901 0.314767 -0.366496 -0.140927 0.864142
1520530804.702746868 26.564936 -67.510355 59.739549 0.304014 -0.351078 -0.141169 0.874295
1520530804.752780437 27.534087 -67.290088 59.628967 0.302107 -0.337558 -0.132486 0.881609
1520530804.802782297 28.289862 -67.098039 59.002931 0.301792 -0.324310 -0.118274 0.888682
1520530804.852783442 29.108325 -66.570620 59.230850 0.313227 -0.311493 -0.097131 0.891867
1520530804.902784348 29.967715 -66.197010 58.881757 0.323831 -0.291505 -0.081793 0.896364
1520530804.952786207 30.827383 -65.861685 58.496363 0.333207 -0.276666 -0.074438 0.898270
1520530805.002788544 31.746585 -65.467920 58.492548 0.344043 -0.264489 -0.074638 0.897836
1520530805.052790403 32.480422 -65.426818 57.814466 0.340993 -0.243545 -0.078848 0.904540
1520530805.102791309 33.157312 -64.740841 57.547529 0.343497 -0.218477 -0.072103 0.910538
1520530805.152562618 33.703551 -64.088957 57.021535 0.342023 -0.179750 -0.063386 0.920159
1520530805.202564478 34.052564 -63.659308 56.188714 0.331637 -0.143908 -0.060110 0.930427
1520530805.252565622 34.762638 -63.127680 55.727013 0.331928 -0.112516 -0.056508 0.934864
1520530805.302567482 35.526986 -62.660079 55.283029 0.339399 -0.089855 -0.050290 0.934990
1520530805.352569342 35.690941 -61.772208 54.853142 0.350335 -0.063306 -0.032546 0.933916
1520530805.402570486 36.389118 -61.370636 54.260445 0.353509 -0.042595 -0.021352 0.934217
1520530805.452572584 36.984907 -60.816487 53.679107 0.353060 -0.011464 -0.003924 0.935522
1520530805.502573729 37.502323 -60.051030 53.296543 0.351781 0.022110 0.022270 0.935556
1520530805.552534580 37.971334 -59.343342 52.768143 0.350775 0.054649 0.043388 0.933857
1520530805.602536917 38.066636 -58.739790 51.976535 0.348971 0.088687 0.057339 0.931164
1520530805.652537584 37.742475 -58.216264 51.188601 0.344807 0.126839 0.067906 0.927582
1520530805.702538729 37.587397 -57.297326 50.825966 0.352724 0.149027 0.072380 0.920944
1520530805.752540827 37.352400 -56.864366 49.955723 0.350555 0.164602 0.080786 0.918418
1520530805.802542686 37.079807 -56.071913 49.410094 0.349789 0.178762 0.090183 0.915182
1520530805.852543831 37.038066 -55.107502 49.149002 0.350243 0.189132 0.097204 0.912201
1520530805.902545691 37.160065 -54.180884 48.793341 0.347573 0.200154 0.103524 0.910173
1520530805.952546597 36.532648 -53.539164 48.352271 0.344414 0.226818 0.114229 0.903817
1520530806.002724409 35.878146 -52.822086 48.112632 0.342197 0.252946 0.124766 0.896300
1520530806.052725315 35.160546 -52.181505 47.839309 0.341882 0.273688 0.137137 0.888484
1520530806.102727175 34.484943 -51.929288 47.146526 0.337010 0.289493 0.149167 0.883384
1520530806.152729511 34.488501 -51.116514 46.563958 0.342287 0.297785 0.152897 0.877944
1520530806.202730417 34.141362 -50.272680 46.154765 0.345342 0.316078 0.161865 0.868696
1520530806.252732277 33.750523 -49.535311 45.603829 0.346388 0.340447 0.170037 0.857437
1520530806.302733421 33.555304 -48.827576 44.924857 0.340525 0.365157 0.172191 0.849149
1520530806.352735281 33.056782 -48.433648 44.152655 0.334533 0.384413 0.174977 0.842436
1520530806.402897596 32.219200 -48.005900 43.812821 0.333409 0.408585 0.178594 0.830663
1520530806.452899694 31.394027 -47.483418 43.598106 0.340013 0.427716 0.178805 0.818217
1520530806.502901554 30.619022 -47.312376 42.989738 0.335764 0.439055 0.189324 0.811573
1520530806.552903414 29.849415 -46.722882 42.744377 0.338541 0.469217 0.197457 0.791351
1520530806.602904558 28.973089 -46.294841 42.523394 0.330724 0.497146 0.212960 0.773379
1520530806.652906656 28.152891 -45.732013 42.420928 0.325759 0.532246 0.228364 0.747292
1520530806.702908516 27.342891 -45.154862 42.317021 0.331607 0.556051 0.232551 0.725785
1520530806.752908707 26.704519 -44.389416 42.235944 0.334146 0.580650 0.232481 0.705085
1520530806.803025723 26.063601 -43.730109 41.842829 0.329503 0.594633 0.234002 0.695041
1520530806.853026867 25.158969 -43.428440 41.541771 0.323076 0.602609 0.241358 0.688644
1520530806.903029919 24.201422 -43.143451 41.585198 0.316035 0.610096 0.254245 0.680635
1520530806.953030825 23.242667 -42.960706 41.367499 0.307906 0.608488 0.268393 0.680368
1520530807.003031969 22.272551 -43.192899 41.297062 0.289843 0.621601 0.291225 0.666926
1520530807.053033829 21.293623 -43.101205 41.114600 0.282541 0.630208 0.304298 0.656057
1520530807.103034973 20.299734 -43.030637 41.029722 0.275827 0.643674 0.311643 0.642247
1520530807.153036833 19.318494 -42.850262 40.961659 0.277950 0.648009 0.308994 0.638241
1520530807.202843189 18.384391 -42.494153 40.986939 0.278157 0.652425 0.302442 0.636788
1520530807.252840996 17.413833 -42.254978 40.958450 0.273314 0.656574 0.300710 0.635440
1520530807.302842140 16.440300 -42.036324 40.891938 0.267515 0.659286 0.305071 0.633016
1520530807.352844238 15.536263 -41.632121 40.752880 0.262620 0.661409 0.312699 0.629117
1520530807.402846098 14.701504 -41.087764 40.670103 0.257293 0.667737 0.319263 0.621288
1520530807.452847242 13.708947 -40.966030 40.673571 0.246458 0.677829 0.329266 0.609418
1520530807.502849102 12.845328 -41.454536 40.798164 0.231759 0.692807 0.337964 0.593369
1520530807.552850008 11.976623 -41.944674 40.869693 0.214395 0.708622 0.350017 0.573914
1520530807.602721691 10.986058 -42.032258 40.975096 0.215391 0.715295 0.358482 0.559867
1520530807.652722836 10.051713 -42.384579 41.028675 0.209831 0.720085 0.376529 0.543760
1520530807.702724695 9.161723 -42.768024 41.275426 0.203935 0.728262 0.390437 0.524980
1520530807.752725840 8.323528 -43.263368 41.503602 0.185374 0.753235 0.393749 0.493189
1520530807.802727699 7.470970 -43.725678 41.747352 0.167073 0.767166 0.398412 0.474142
1520530807.852729797 6.595354 -44.014718 42.134332 0.156435 0.783973 0.393856 0.453643
1520530807.902730942 5.895197 -44.563963 42.590522 0.151407 0.795043 0.391922 0.437470
1520530807.952732801 5.210991 -45.125354 43.056035 0.145692 0.803056 0.399367 0.417589
1520530808.002812624 4.413448 -45.412225 43.586724 0.145171 0.809498 0.400991 0.403540
1520530808.052814484 3.631401 -45.681125 44.148947 0.145096 0.820504 0.405164 0.376248
1520530808.102815628 3.032765 -46.243634 44.719227 0.144581 0.829903 0.413108 0.345975
1520530808.152818441 2.509875 -46.825238 45.342382 0.140827 0.840958 0.416115 0.315919
1520530808.202819347 2.348609 -47.599902 45.953846 0.124652 0.852963 0.422431 0.280122
1520530808.252820492 1.637240 -48.186983 46.340227 0.118980 0.855534 0.427733 0.266365
1520530808.302822590 1.550682 -49.003980 46.910336 0.111037 0.865207 0.426810 0.238581
1520530808.352824450 0.926041 -49.409816 47.577510 0.104402 0.870917 0.426340 0.220994
1520530808.402826548 0.217626 -49.217843 48.256697 0.096340 0.877577 0.423301 0.203453
1520530808.452991009 -0.693498 -49.430297 48.609849 0.080734 0.881384 0.427232 0.184707
1520530808.502992153 -1.094095 -49.651167 49.499084 0.076738 0.884517 0.430653 0.162109
1520530808.552994251 -1.684350 -50.419183 49.747579 0.064164 0.881094 0.445996 0.143681
1520530808.602995396 -2.302920 -51.187179 49.913575 0.058073 0.878166 0.456183 0.131716
1520530808.652999163 -3.033840 -51.832109 50.136780 0.046908 0.876003 0.464070 0.122712
1520530808.702999115 -3.141144 -52.817525 50.268844 0.023449 0.873843 0.475643 0.098038
1520530808.753000259 -3.782443 -53.432632 50.727517 0.001532 0.874045 0.479922 0.075614
1520530808.803002119 -4.435979 -54.180341 50.845079 -0.018249 0.876251 0.478942 0.049646
1520530808.852989435 -5.024350 -54.843817 51.307269 -0.030163 0.880691 0.472287 0.020458
1520530808.902898550 -5.258357 -55.732983 51.700492 -0.046075 0.883048 0.466949 -0.007870
1520530808.952900410 -5.492388 -56.549330 52.228513 -0.061795 0.884165 0.461959 -0.032052
1520530809.002902269 -5.535946 -56.944471 53.146101 -0.069113 0.889388 0.448866 -0.052258
1520530809.052903414 -5.905392 -57.712147 53.669727 -0.074971 0.888426 0.447030 -0.072405
1520530809.102905512 -5.899672 -58.314504 54.467932 -0.078425 0.886782 0.444590 -0.099037
1520530809.152906418 -6.008606 -59.198620 54.922326 -0.067948 0.883262 0.449657 -0.114190
1520530809.202908516 -6.057191 -60.153428 55.215550 -0.069147 0.875423 0.459996 -0.131364
1520530809.252622604 -6.067533 -60.986036 55.769316 -0.081066 0.866841 0.466946 -0.154842
1520530809.302624702 -6.149137 -61.876728 56.216539 -0.092261 0.863285 0.466127 -0.170155
1520530809.352626562 -5.886609 -62.462835 56.983062 -0.103497 0.862558 0.456201 -0.192777
1520530809.402627707 -5.540033 -62.920770 57.801708 -0.108699 0.863669 0.445641 -0.208958
1520530809.452629566 -5.414350 -63.662871 58.460107 -0.115454 0.857681 0.447464 -0.225453
1520530809.502630711 -4.906691 -63.937483 59.276729 -0.126328 0.849038 0.445709 -0.254007
1520530809.552632570 -4.490175 -64.618234 59.879300 -0.140394 0.833217 0.449975 -0.289070
1520530809.602633476 -4.272860 -65.256446 60.617852 -0.152291 0.822234 0.448939 -0.314949
1520530809.652633905 -3.640183 -65.883802 61.071884 -0.166372 0.814014 0.440138 -0.340560
1520530809.702635765 -3.644129 -66.714380 61.628773 -0.174248 0.811220 0.429959 -0.355942
1520530809.752636671 -2.818014 -67.238722 61.835169 -0.192822 0.796098 0.424192 -0.386146
1520530809.802639008 -2.175907 -67.946145 62.130550 -0.190987 0.783136 0.427173 -0.409567
1520530809.852640867 -1.492340 -68.428682 62.678177 -0.197539 0.764751 0.424616 -0.442533
1520530809.902641773 -0.900216 -69.111993 63.105347 -0.208097 0.741148 0.422576 -0.478356
1520530809.952643871 -0.369821 -69.864751 63.495265 -0.217595 0.717822 0.417359 -0.513026
1520530810.002644777 0.118198 -70.611813 63.946636 -0.229713 0.697060 0.407229 -0.543602
1520530810.053197622 0.820702 -71.310625 64.081358 -0.245417 0.676227 0.396997 -0.569983
1520530810.103198528 1.469419 -72.068997 64.144911 -0.259404 0.655910 0.390784 -0.591421
1520530810.153200626 2.400722 -72.402279 64.291869 -0.277506 0.640517 0.378189 -0.608031
1520530810.203201532 3.012739 -73.189187 64.370680 -0.281390 0.633408 0.370845 -0.618133
1520530810.253206730 3.561541 -73.865292 64.862310 0.286242 -0.625382 -0.367744 0.625881
1520530810.303205729 4.217288 -74.250408 65.511679 0.290279 -0.616499 -0.364274 0.634800
1520530810.353206635 5.076361 -74.004561 65.960625 0.295280 -0.602072 -0.349931 0.654116
1520530810.403207779 6.017903 -74.181695 65.674053 0.303178 -0.577984 -0.343229 0.675435
1520530810.453339338 6.928308 -74.351428 66.051349 0.321487 -0.562917 -0.332891 0.684802
1520530810.503276348 7.888322 -74.482691 66.298622 0.338732 -0.553349 -0.321259 0.689825
1520530810.553277254 8.745099 -74.983887 66.177230 0.353608 -0.541813 -0.314277 0.694716
1520530810.603279114 9.731655 -74.980154 66.340608 0.369822 -0.528627 -0.302582 0.701590
1520530810.653280258 10.712060 -75.159968 66.421071 0.382066 -0.512539 -0.296011 0.709723
1520530810.703282356 11.699054 -75.152120 66.581634 0.390312 -0.495250 -0.290330 0.719786
1520530810.753283501 12.681503 -75.319535 66.663898 0.384194 -0.477682 -0.289648 0.735064
1520530810.803285360 13.646033 -75.129462 66.847077 0.384168 -0.462009 -0.282889 0.747621
1520530810.853286266 14.643841 -75.194922 66.837447 0.382094 -0.450647 -0.277474 0.757581
1520530810.903261900 15.588608 -74.962014 67.068032 0.383307 -0.438159 -0.274208 0.765443
1520530810.953263760 16.540446 -75.268612 67.066824 0.388477 -0.422515 -0.268738 0.773529
1520530811.003264904 17.539837 -75.258008 67.100068 0.395622 -0.406421 -0.259207 0.781740
1520530811.053266764 18.409820 -74.767822 67.046706 0.408547 -0.387602 -0.240731 0.790508
1520530811.103267670 19.330540 -74.593130 66.697769 0.413937 -0.368956 -0.231524 0.799327
1520530811.153269768 19.956961 -73.828061 66.548549 0.420413 -0.347049 -0.216400 0.809926
1520530811.203270674 20.756503 -73.618324 65.985750 0.422339 -0.326328 -0.205231 0.820378
1520530811.253272772 21.590762 -73.268789 65.559327 0.423879 -0.314998 -0.192002 0.827187
1520530811.303123474 22.450095 -72.910049 65.194838 0.424479 -0.306805 -0.179465 0.832755
1520530811.353125572 23.212821 -72.263395 65.185411 0.423672 -0.299972 -0.169797 0.837668
1520530811.403127432 23.538272 -71.345756 64.957330 0.419883 -0.291672 -0.162162 0.843996
1520530811.453129530 24.464907 -71.077817 64.693597 0.417730 -0.285314 -0.165942 0.846499
1520530811.503130436 25.353640 -70.644628 64.543593 0.419683 -0.273067 -0.167621 0.849237
1520530811.553132296 26.158823 -70.078944 64.365599 0.419683 -0.273067 -0.167621 0.849237
1520530811.603134632 26.985968 -69.740734 63.916773 0.415717 -0.270043 -0.173024 0.851069
1520530811.653135538 27.711936 -69.164670 63.541112 0.416398 -0.260974 -0.175277 0.853102
1520530811.703139067 27.778411 -68.347520 62.968534 0.417520 -0.247882 -0.166308 0.858238
1520530811.753141165 28.283923 -67.549457 62.640580 0.421514 -0.234863 -0.157448 0.861612
1520530811.803142309 29.081150 -66.946980 62.678679 0.429726 -0.223933 -0.148869 0.861990
1520530811.853144169 29.740931 -66.231414 62.908143 0.441910 -0.208641 -0.137943 0.861485
1520530811.903148174 30.164591 -65.512059 62.357652 0.445248 -0.187315 -0.127480 0.866265
1520530811.953147173 30.643892 -64.644216 62.226809 0.448970 -0.173219 -0.117349 0.868706
1520530812.003149033 31.220224 -64.104771 61.612936 0.445256 -0.165152 -0.114118 0.872610
1520530812.053188086 32.173034 -63.819824 61.717619 0.446440 -0.154762 -0.112727 0.874089
1520530812.103106260 32.734064 -62.992229 61.735852 0.450924 -0.140281 -0.101865 0.875564
1520530812.153108358 33.482020 -62.641535 61.172314 0.452161 -0.122630 -0.092360 0.878625
1520530812.203110218 33.916919 -61.798689 60.855338 0.459996 -0.094115 -0.078007 0.879466
1520530812.253111124 34.607752 -61.453470 60.220064 0.460789 -0.081435 -0.066852 0.881234
1520530812.303113222 34.640999 -60.545897 59.801486 0.463133 -0.065609 -0.047971 0.882554
1520530812.353114128 35.097890 -59.667214 59.663043 0.463691 -0.058695 -0.032206 0.883464
1520530812.403116226 35.391835 -58.861552 59.148743 0.460104 -0.048103 -0.018119 0.886376
1520530812.453117371 35.278847 -57.883036 58.976289 0.464081 -0.040066 -0.002802 0.884881
1520530812.503178358 35.386482 -57.181831 58.271500 0.464926 -0.024166 0.008556 0.884978
1520530812.553179264 35.452093 -56.524845 57.520458 0.460572 -0.004325 0.018364 0.887422
1520530812.603181124 35.068556 -55.810083 56.935638 0.464251 0.020403 0.035054 0.884775
1520530812.653183222 35.509491 -55.213285 56.265259 0.463932 0.028598 0.042158 0.884405
1520530812.703184128 35.427250 -54.475232 55.595547 0.458031 0.041095 0.050224 0.886564
1520530812.753186226 35.240189 -53.618825 55.114324 0.452050 0.058785 0.058270 0.888144
1520530812.803188324 34.793956 -53.196814 54.325158 0.442834 0.084663 0.066911 0.890086
1520530812.853189230 35.102749 -52.263276 54.143076 0.436038 0.106686 0.074225 0.890494
1520530812.903190374 35.373227 -51.438058 53.647237 0.429915 0.127393 0.082600 0.890012
1520530812.953081369 35.312637 -50.833264 52.853163 0.420095 0.153103 0.094042 0.889514
1520530813.003083467 35.376239 -49.914924 52.462516 0.419116 0.171166 0.105210 0.885424
1520530813.053084612 35.651090 -49.031602 52.082781 0.418981 0.182931 0.113826 0.882063
1520530813.103086472 35.172832 -48.261785 51.660109 0.416329 0.201226 0.130086 0.877072
1520530813.153088331 34.990602 -47.452163 51.102162 0.408380 0.222515 0.141301 0.873926
1520530813.203089476 34.533066 -46.565921 51.029805 0.406418 0.253769 0.157248 0.863538
1520530813.253091335 34.088766 -45.694389 50.822367 0.403175 0.284634 0.173883 0.852172
1520530813.303093433 34.254252 -44.760600 50.505112 0.400736 0.309000 0.183476 0.842773
1520530813.352868795 34.135858 -43.835365 50.144664 0.399992 0.329826 0.192919 0.833068
1520530813.402869701 33.497896 -43.289090 49.601904 0.390495 0.356392 0.207472 0.823076
1520530813.452871799 33.268652 -42.374280 49.269382 0.388732 0.370567 0.215174 0.815640
1520530813.502872705 32.885346 -41.555881 48.841247 0.386027 0.385046 0.227580 0.806802
1520530813.552874565 32.461464 -40.730646 48.468003 0.383035 0.401736 0.241505 0.795969
1520530813.602876663 31.890722 -40.037578 48.027651 0.383254 0.411230 0.252930 0.787421
1520530813.652886629 31.299372 -39.403434 47.529488 0.379244 0.425307 0.262131 0.778829
1520530813.702878475 31.000170 -38.690227 46.895599 0.374391 0.438990 0.267003 0.771899
1520530813.752878428 30.375500 -38.068778 46.422748 0.375738 0.455559 0.271846 0.759860
1520530813.802880287 29.586740 -37.570578 46.062674 0.374351 0.464537 0.279765 0.752196
1520530813.852881432 28.667651 -37.222007 45.878894 0.366157 0.483609 0.290470 0.740054
1520530813.902883530 28.214868 -36.393288 45.549938 0.359852 0.497526 0.295728 0.731792
1520530813.952884436 27.323280 -35.941316 45.578099 0.349685 0.519851 0.310710 0.714797
1520530814.002886534 26.728839 -35.198619 45.269813 0.339165 0.540099 0.319995 0.700616
1520530814.052887440 26.180459 -34.429071 44.942588 0.337528 0.556090 0.325427 0.686248
1520530814.102889299 25.377842 -33.990936 44.537813 0.335266 0.568201 0.332317 0.674025
1520530814.153383255 24.557679 -33.592342 44.127379 0.330673 0.583895 0.336990 0.660424
1520530814.203385115 23.904615 -32.906519 43.806203 0.323458 0.598815 0.338873 0.649584
1520530814.253387213 23.089309 -32.382898 43.559024 0.308170 0.616030 0.345954 0.637067
1520530814.303388357 22.306191 -31.761190 43.544682 0.295722 0.635375 0.354978 0.618738
1520530814.353390217 21.414036 -31.319029 43.452200 0.286472 0.650533 0.369188 0.598699
1520530814.403392076 20.561877 -30.811976 43.322884 0.278676 0.670031 0.378094 0.574842
1520530814.453393221 19.682161 -30.374304 43.137029 0.268620 0.682800 0.383675 0.560733
1520530814.503394127 18.726021 -30.633661 43.000906 0.255144 0.696643 0.393770 0.542710
1520530814.553365707 17.735567 -30.756401 43.063646 0.246877 0.707772 0.401292 0.526379
1520530814.603367567 16.786481 -31.044282 42.935740 0.235999 0.714042 0.416774 0.510635
1520530814.653369427 15.879034 -31.338246 42.635531 0.227802 0.716464 0.432281 0.497914
1520530814.703370571 14.909389 -31.580270 42.670355 0.217238 0.726408 0.438806 0.482274
1520530814.753371477 13.935885 -31.743427 42.510133 0.213335 0.733408 0.442219 0.470154
1520530814.803373337 12.964815 -31.810120 42.280841 0.204617 0.744185 0.442041 0.457078
1520530814.853375673 12.019740 -31.908953 42.592393 0.206250 0.758668 0.432679 0.441217
1520530814.903376579 11.056279 -31.814196 42.842921 0.210624 0.767334 0.425802 0.430730
1520530814.953189135 10.063271 -31.905789 42.768450 0.208238 0.770047 0.425534 0.427300
1520530815.003187180 9.146348 -32.262659 42.947047 0.197487 0.772602 0.435233 0.417921
1520530815.053189278 8.154681 -32.358419 43.033225 0.185002 0.776765 0.442475 0.408199
1520530815.103190422 7.372413 -32.726897 43.535500 0.174728 0.784417 0.448532 0.391126
1520530815.153192282 6.512763 -33.117295 43.865030 0.167316 0.787322 0.456450 0.379187
1520530815.203193426 5.663896 -33.560423 44.153239 0.164288 0.791044 0.460886 0.367209
1520530815.253195286 4.750938 -33.945083 44.289414 0.162510 0.791157 0.466137 0.361077
1520530815.303196192 3.970943 -34.486299 44.603568 0.153393 0.792978 0.475354 0.348847
1520530815.353198528 2.995636 -34.478633 44.824292 0.142792 0.801555 0.470313 0.340479
1520530815.403064728 2.186738 -35.052720 44.951213 0.131327 0.801772 0.478725 0.332772
1520530815.453065634 1.395033 -35.475402 45.392283 0.117090 0.814051 0.474598 0.313635
1520530815.503067732 1.355155 -36.436155 45.666805 0.087565 0.822259 0.488165 0.279138
1520530815.553068638 1.292397 -37.391761 45.954692 0.069827 0.828873 0.494199 0.252706
1520530815.603070498 0.642605 -38.029556 46.368199 0.067137 0.826560 0.503428 0.242592
1520530815.653071642 0.400594 -38.984879 46.537871 0.046783 0.825652 0.520108 0.213538
1520530815.703073740 -0.031366 -39.850849 46.789874 0.039812 0.823100 0.531079 0.197171
1520530815.753074884 -0.480268 -40.535814 47.363730 0.037855 0.827888 0.530862 0.177074
1520530815.803066254 -0.814594 -41.434495 47.647629 0.031924 0.829956 0.534908 0.155008
1520530815.853068113 -0.875636 -42.368424 47.999836 0.022497 0.833852 0.536352 0.128496
1520530815.903069258 -1.196654 -43.074502 48.631027 0.011364 0.843457 0.526498 0.106072
1520530815.953071117 -1.242277 -44.035808 48.902704 0.001021 0.844691 0.528428 0.085203
1520530816.003072262 -1.368834 -44.869540 49.440174 0.004632 0.844268 0.530747 0.074146
1520530816.053074360 -1.572847 -45.467904 50.214989 -0.002134 0.846060 0.529703 0.059935
1520530816.103075266 -1.879446 -46.272654 50.723296 -0.013344 0.842274 0.537032 0.044648
1520530816.153077364 -1.926676 -47.058398 51.340042 -0.032760 0.841349 0.539419 0.009212
1520530816.203195333 -1.669582 -47.868007 51.867712 -0.053604 0.842450 0.535198 -0.031113
1520530816.253196478 -1.581498 -48.576099 52.568317 -0.066372 0.845567 0.525826 -0.064176
1520530816.303198338 -1.833899 -49.439769 53.004627 -0.077765 0.847624 0.517289 -0.088869
1520530816.353200197 -2.172721 -50.099264 53.675647 -0.085302 0.851923 0.505805 -0.105413
1520530816.403201342 -2.426598 -51.035002 53.920472 -0.092065 0.847900 0.509101 -0.115785
1520530816.453202248 -1.894281 -51.842856 54.173476 -0.121313 0.835592 0.513435 -0.153149
1520530816.503205299 -2.153849 -52.716130 54.585806 -0.135359 0.831908 0.510000 -0.171776
1520530816.553205252 -2.759441 -53.475468 54.823849 -0.153087 0.826517 0.507544 -0.189293
1520530816.603260040 -3.177849 -54.285643 55.234399 -0.170802 0.821435 0.500328 -0.213873
1520530816.653261900 -3.463177 -55.219693 55.449200 -0.185202 0.814370 0.498292 -0.232823
1520530816.703268051 -3.402314 -56.179762 55.722261 -0.197998 0.804553 0.496972 -0.257897
1520530816.753264904 -3.264620 -56.953078 56.341150 -0.203234 0.797302 0.491087 -0.286076
1520530816.803265810 -3.002536 -57.796362 56.810387 -0.210429 0.791884 0.481611 -0.310951
1520530816.853267908 -3.092736 -58.283791 57.678878 -0.213600 0.789859 0.471908 -0.328330
1520530816.903270006 -2.809546 -58.994993 58.322303 -0.221739 0.788077 0.458128 -0.346245
1520530816.953270912 -2.477497 -59.491180 59.124513 -0.230794 0.787379 0.441125 -0.363563
1520530817.002976656 -1.584044 -59.801074 59.449641 -0.246559 0.778705 0.425815 -0.389242
1520530817.052977800 -1.261006 -60.541434 60.039144 -0.248392 0.778000 0.414287 -0.401725
1520530817.102979660 -0.743413 -61.054315 60.724016 -0.248358 0.776080 0.401118 -0.418478
1520530817.152980566 -0.583249 -61.580089 61.559426 -0.253374 0.769289 0.397755 -0.431031
1520530817.202982664 0.243471 -61.964857 61.969899 -0.269051 0.743583 0.399874 -0.463461
1520530817.252983570 0.695146 -62.569258 62.626168 -0.281340 0.723786 0.401308 -0.485729
1520530817.302985668 1.581461 -62.897317 62.953006 -0.291914 0.701444 0.394157 -0.517110
1520530817.352986813 2.345846 -63.435432 63.308179 -0.293977 0.687048 0.385257 -0.541406
1520530817.402988672 3.109017 -63.905168 63.751933 -0.301368 0.675176 0.364374 -0.566168
1520530817.452914715 4.092679 -63.968221 63.920554 -0.311812 0.653430 0.348413 -0.595324
1520530817.502915621 4.858354 -64.452142 64.344302 -0.325717 0.637068 0.336572 -0.612187
1520530817.552917957 5.648126 -64.959374 64.689231 0.342857 -0.616493 -0.325854 0.629448
1520530817.602919817 6.319827 -65.557367 65.126520 0.361074 -0.596190 -0.309554 0.646807
1520530817.652920723 7.188238 -66.002642 65.344680 0.374697 -0.574376 -0.290101 0.667485
1520530817.702921867 7.731359 -66.590300 65.944411 0.389371 -0.552217 -0.276914 0.683202
1520530817.752923727 8.581847 -66.761122 66.441894 0.395984 -0.527421 -0.264203 0.703719
1520530817.802925587 9.259685 -66.027618 66.491972 0.406992 -0.498303 -0.237979 0.727611
1520530817.853491545 10.200715 -66.337373 66.628036 0.402494 -0.478293 -0.230691 0.745664
1520530817.903492689 11.185212 -66.509385 66.593717 0.397142 -0.463011 -0.222569 0.760501
1520530817.953494549 12.140966 -66.741599 66.774301 0.398652 -0.448194 -0.216436 0.770294
1520530818.003496647 13.061242 -66.353137 66.821102 0.408710 -0.429555 -0.203996 0.778990
1520530818.053497791 14.048209 -66.514052 66.822319 0.409739 -0.416095 -0.197910 0.787280
1520530818.103499651 14.967424 -66.121327 66.793837 0.416135 -0.395264 -0.184208 0.797913
1520530818.153500795 15.932452 -66.126705 67.055932 0.419249 -0.382644 -0.170673 0.805410
1520530818.203501701 16.911714 -65.928963 67.011849 0.418656 -0.374811 -0.154406 0.812652
1520530818.253752947 17.887960 -65.821484 67.199978 0.418543 -0.362739 -0.141901 0.820430
1520530818.303755760 18.876950 -65.673589 67.205070 0.416321 -0.344919 -0.134816 0.830381
1520530818.353755951 19.776033 -65.373133 66.886674 0.415109 -0.319373 -0.128642 0.842102
1520530818.403757811 20.690285 -65.298819 66.488403 0.410659 -0.298993 -0.124948 0.852262
1520530818.453758955 21.548845 -64.870367 66.206794 0.409104 -0.283211 -0.117211 0.859469
1520530818.503834009 22.474304 -64.503934 66.110601 0.413394 -0.271572 -0.106876 0.862515
1520530818.553761959 23.393996 -64.112290 66.082645 0.415966 -0.259448 -0.101375 0.865669
1520530818.603764057 24.204213 -63.693945 65.672115 0.415969 -0.240220 -0.091729 0.872267
1520530818.653602362 25.108653 -63.267802 65.652338 0.420157 -0.220293 -0.081792 0.876498
1520530818.703604221 25.924767 -62.810688 65.298779 0.423652 -0.193470 -0.067890 0.882315
1520530818.753605366 26.680035 -62.212768 65.030336 0.432178 -0.165797 -0.057577 0.884544
1520530818.803607464 27.344853 -61.590142 64.617594 0.434940 -0.141740 -0.052016 0.887711
1520530818.853608370 27.825798 -60.763716 64.324830 0.443907 -0.123212 -0.046099 0.886363
1520530818.903610468 28.316439 -59.923571 64.093686 0.445432 -0.111893 -0.036654 0.887540
1520530818.953611374 28.426203 -58.983571 63.770650 0.441796 -0.103142 -0.020852 0.890923
1520530819.003613234 28.828402 -58.092694 63.559523 0.437213 -0.096636 -0.008303 0.894112
1520530819.053454638 28.991159 -57.366352 62.891738 0.426351 -0.089128 0.004298 0.900146
1520530819.103455782 29.484370 -56.748424 62.279440 0.425164 -0.083299 0.011265 0.901205
1520530819.153457642 29.424189 -56.011052 61.606640 0.419532 -0.063343 0.024107 0.905207
1520530819.203458548 29.969361 -55.245436 61.265142 0.427945 -0.058153 0.027048 0.901526
1520530819.253460884 30.207886 -54.384353 60.816097 0.434824 -0.060570 0.033351 0.897857
1520530819.303462744 30.748136 -53.614075 60.477271 0.437642 -0.059112 0.029938 0.896705
1520530819.353463650 30.796723 -52.732162 60.008370 0.435986 -0.041309 0.029844 0.898509
1520530819.403465748 31.082373 -51.793361 59.815869 0.431866 -0.026801 0.032068 0.900969
1520530819.453362465 30.723780 -51.261701 59.048569 0.412173 -0.001895 0.051783 0.909631
1520530819.503363609 30.540616 -50.349330 58.682467 0.406313 0.013997 0.067558 0.911125
1520530819.553365707 30.955293 -49.946177 57.866679 0.395230 0.027042 0.075323 0.915089
1520530819.603366613 31.009670 -49.282692 57.120468 0.391038 0.047133 0.087216 0.915020
1520530819.653368711 31.021434 -48.636772 56.357153 0.383386 0.065021 0.100813 0.915764
1520530819.703369617 31.002852 -47.897090 55.684454 0.382763 0.081037 0.109915 0.913698
1520530819.753374577 31.101755 -47.093822 55.097104 0.382601 0.099339 0.118796 0.910843
1520530819.803372622 31.045477 -46.477780 54.311404 0.378922 0.123660 0.128980 0.908015
1520530819.853374481 30.835518 -45.965425 53.478692 0.372402 0.154819 0.137332 0.904703
1520530819.903324842 30.386453 -45.495763 52.718588 0.365773 0.189160 0.144984 0.899671
1520530819.953331709 30.038898 -44.894473 51.999105 0.358082 0.211175 0.154564 0.896266
1520530820.003327847 29.594081 -44.589486 51.157012 0.348923 0.227742 0.170043 0.893013
1520530820.053329945 29.813373 -43.713206 50.728008 0.347983 0.236534 0.182417 0.888642
1520530820.103371859 29.020728 -43.211256 50.381942 0.345828 0.256491 0.194948 0.881255
1520530820.153332949 28.839132 -42.320886 49.964492 0.348888 0.268634 0.201245 0.874993
1520530820.203335047 28.655231 -41.641181 49.254435 0.349374 0.275517 0.204477 0.871905
1520530820.253335953 28.379258 -41.140931 48.433710 0.345843 0.294209 0.206155 0.866795
1520530820.303466558 28.336446 -40.492354 47.673767 0.353509 0.302445 0.213527 0.859049
1520530820.353467703 27.642772 -40.004680 47.143681 0.353420 0.320438 0.230380 0.848138
1520530820.403469563 27.175479 -39.192297 46.794867 0.348569 0.330766 0.237993 0.844069
1520530820.453470469 26.446738 -38.659120 46.365148 0.332392 0.350830 0.246342 0.840089
1520530820.503472805 26.154485 -38.049729 45.628106 0.314014 0.365435 0.254735 0.838429
1520530820.553473711 25.254018 -37.706798 45.360606 0.301621 0.395041 0.269696 0.824761
1520530820.603475571 24.886633 -36.940344 44.833749 0.304760 0.414714 0.276941 0.811442
1520530820.653477669 24.285791 -36.314408 44.336565 0.308701 0.437726 0.284872 0.794951
1520530820.703377008 23.787554 -35.476232 44.114705 0.317918 0.461552 0.288747 0.776223
1520530820.753378868 23.334951 -34.656709 43.763235 0.319576 0.478459 0.298289 0.761559
1520530820.803379774 22.683065 -33.958088 43.468321 0.313460 0.500976 0.310610 0.744505
1520530820.853381872 21.943061 -33.377500 43.128745 0.299678 0.522234 0.327584 0.728117
1520530820.903382778 21.026501 -33.012728 42.964854 0.277875 0.552553 0.348930 0.704072
1520530820.953384876 20.401453 -32.232266 42.978714 0.268802 0.579820 0.356233 0.681654
1520530821.003386974 19.569205 -31.726116 42.752493 0.262979 0.598602 0.364505 0.663064
1520530821.053388834 18.628368 -31.546426 42.465200 0.251962 0.618150 0.373445 0.644161
1520530821.103219032 17.757373 -31.466596 41.980438 0.241866 0.627454 0.384109 0.632663
1520530821.153219938 16.832880 -31.292717 42.319671 0.240041 0.644380 0.390970 0.611799
1520530821.203221083 15.938142 -30.892072 42.122372 0.233716 0.655445 0.396125 0.599044
1520530821.253222942 14.952471 -30.930905 41.958222 0.236900 0.664862 0.396846 0.586813
1520530821.303223848 14.098645 -30.410376 41.963731 0.240763 0.680570 0.392394 0.569986
1520530821.353226185 13.136983 -30.305744 42.217224 0.248234 0.692246 0.392372 0.552467
1520530821.403228045 12.237694 -29.887313 42.089964 0.255226 0.698168 0.397707 0.537820
1520530821.453228951 11.340447 -30.148394 42.446031 0.251474 0.706369 0.405212 0.523075
1520530821.503483295 10.493176 -30.530989 42.814477 0.236036 0.713146 0.417935 0.510920
1520530821.553485394 9.667131 -31.093662 42.782080 0.205520 0.720602 0.434604 0.499613
1520530821.603487253 8.733226 -31.414578 42.939667 0.187578 0.728256 0.446249 0.485096
1520530821.653488159 7.737025 -31.359067 43.006771 0.180858 0.735048 0.452431 0.471488
1520530821.703495264 6.904518 -31.870247 43.220377 0.168233 0.748661 0.462451 0.444233
1520530821.753491402 5.922673 -31.941800 43.396051 0.167626 0.760466 0.464745 0.421431
1520530821.803493261 4.934638 -31.791879 43.432256 0.166599 0.766757 0.469025 0.405394
1520530821.853494406 4.016059 -32.127440 43.641088 0.159575 0.775052 0.475728 0.384075
1520530821.903496265 3.077982 -32.432082 43.806026 0.148135 0.785334 0.481118 0.360322
1520530821.953847647 2.550057 -33.097238 44.334101 0.128730 0.802977 0.486910 0.318710
1520530822.003849745 1.567821 -33.271008 44.404923 0.113309 0.811633 0.492591 0.292859
1520530822.053850651 0.659299 -33.684595 44.464360 0.091435 0.819693 0.500057 0.263983
1520530822.103852749 -0.013889 -34.387704 44.693394 0.072653 0.821832 0.513549 0.235756
1520530822.153853893 -0.886650 -34.711051 45.059093 0.061846 0.826303 0.517746 0.212927
1520530822.203855753 -1.512253 -35.436831 45.345210 0.053233 0.828312 0.524869 0.188622
1520530822.253857613 -2.353387 -35.943908 45.533271 0.045755 0.828527 0.531222 0.171034
1520530822.303858757 -2.379356 -36.547617 46.330053 0.033784 0.833422 0.532738 0.143026
1520530822.353642941 -2.648143 -37.493877 46.509904 0.026973 0.826967 0.546802 0.128084
1520530822.403643847 -3.443425 -38.082542 46.654818 0.023919 0.826173 0.550081 0.119486
1520530822.453645706 -3.879518 -38.938106 46.933804 0.015787 0.827462 0.551429 0.104799
1520530822.503646851 -4.394453 -39.516862 47.566168 0.009231 0.833196 0.546637 0.082989
1520530822.553648710 -4.859882 -40.169492 48.164038 0.006999 0.834294 0.546773 0.070310
1520530822.603650570 -5.125863 -41.012291 48.631953 -0.003713 0.830538 0.554261 0.054652
1520530822.653652906 -5.723001 -41.676076 49.082304 -0.017393 0.828144 0.558557 0.043458
1520530822.703653812 -5.726884 -42.648219 49.316660 -0.026758 0.820818 0.570125 0.022341
1520530822.753499985 -6.104675 -43.533719 49.587146 -0.036236 0.820411 0.570583 0.006894
1520530822.803502083 -6.338372 -44.428562 49.967465 -0.047130 0.826309 0.561167 -0.009188
1520530822.853504181 -6.596040 -45.257688 50.463608 -0.049567 0.831141 0.553430 -0.021508
1520530822.903505087 -6.627537 -46.092904 51.012627 -0.057528 0.832782 0.549192 -0.039395
1520530822.953507185 -6.411681 -46.856848 51.620734 -0.070273 0.830282 0.549820 -0.058239
1520530823.003508091 -6.546695 -47.810047 51.891258 -0.082723 0.824058 0.555488 -0.074287
1520530823.053509951 -6.743828 -48.644594 52.405720 -0.095500 0.822946 0.552044 -0.094265
1520530823.103511095 -6.988104 -49.400250 53.013431 -0.109620 0.820247 0.549880 -0.113184
1520530823.153322220 -6.392709 -50.185638 53.182755 -0.135859 0.812510 0.548014 -0.145084
1520530823.203323126 -6.040755 -51.078676 53.463131 -0.146155 0.808624 0.546940 -0.160073
1520530823.253325462 -5.492699 -51.817993 53.854341 -0.156121 0.803327 0.544427 -0.184097
1520530823.303327322 -5.261827 -52.563063 54.480095 -0.161840 0.803903 0.536923 -0.198147
1520530823.353328228 -4.658453 -53.304649 54.773338 -0.165442 0.793950 0.542550 -0.218890
1520530823.403330326 -3.987613 -54.019837 54.969498 -0.167103 0.787734 0.546095 -0.230937
1520530823.453331232 -3.263287 -54.647147 55.255566 -0.174163 0.784463 0.543204 -0.243339
1520530823.503333330 -2.654913 -55.320929 55.674969 -0.180876 0.778537 0.540980 -0.261735
1520530823.553307772 -1.708937 -55.544542 55.909761 -0.184977 0.776198 0.533005 -0.281435
1520530823.603309631 -1.103534 -56.194349 56.369366 -0.179857 0.779883 0.526196 -0.287319
1520530823.653310776 -0.690732 -56.915980 56.925103 -0.174522 0.781823 0.524499 -0.288436
1520530823.703312635 -0.227838 -57.587236 57.504021 -0.172234 0.779805 0.527223 -0.290303
1520530823.753313541 -0.003922 -58.182881 58.275427 -0.176049 0.776010 0.528190 -0.296361
1520530823.803315878 0.684275 -58.785955 58.678772 -0.180637 0.767102 0.530264 -0.312642
1520530823.853317738 1.428622 -59.337084 59.055873 -0.191020 0.763788 0.523605 -0.325540
1520530823.903318644 2.322959 -59.772211 59.159916 -0.199454 0.757631 0.518760 -0.342201
1520530823.953421116 2.731943 -60.672583 59.308453 -0.201629 0.755071 0.516308 -0.350200
1520530824.003422022 3.528921 -61.114459 59.720243 -0.213200 0.749426 0.504786 -0.371616
1520530824.053424120 4.473710 -61.372561 59.922127 -0.221776 0.740882 0.499161 -0.390830
1520530824.103426218 5.291878 -61.947199 59.941938 -0.234864 0.722113 0.500850 -0.415381
1520530824.153427124 6.206328 -62.237619 60.223784 -0.253658 0.708020 0.489678 -0.441113
1520530824.203429222 7.204031 -62.267806 60.284420 -0.274433 0.690196 0.472213 -0.474690
1520530824.253430128 8.116196 -62.346596 60.686599 -0.298409 0.671218 0.458531 -0.500168
1520530824.303431988 9.103281 -62.192412 60.730074 -0.305114 0.657835 0.447706 -0.523181
1520530824.353433132 10.067222 -62.273279 60.476540 -0.307381 0.643287 0.437549 -0.547950
1520530824.403523207 10.889324 -62.806305 60.676616 -0.303691 0.637699 0.429711 -0.562547
1520530824.453525066 11.531655 -63.373946 61.191587 -0.304144 0.630452 0.423357 -0.575148
1520530824.503526926 12.353596 -63.519823 61.742161 -0.314387 0.621766 0.409795 -0.588757
1520530824.553528070 12.836505 -64.360795 61.986221 -0.319410 0.615150 0.407956 -0.594255
1520530824.603528976 13.817575 -64.529129 61.890488 0.327529 -0.601288 -0.399573 0.609523
1520530824.653531075 14.613390 -64.999403 62.271960 0.339338 -0.595789 -0.387312 0.616340
1520530824.703532219 15.414974 -65.303083 62.786976 0.351164 -0.593238 -0.368425 0.623711
1520530824.753535986 16.355446 -65.564719 62.570042 0.352055 -0.581713 -0.361253 0.638094
1520530824.803378344 17.115061 -65.912680 63.119503 0.352796 -0.576999 -0.354374 0.645776
1520530824.853379250 18.057446 -66.086830 63.405130 0.359351 -0.556717 -0.352345 0.660898
1520530824.903381109 18.881295 -66.476339 63.816901 0.361916 -0.537762 -0.354061 0.674144
1520530824.953473091 19.879428 -66.446667 63.870294 0.369315 -0.511595 -0.345794 0.694481
1520530825.003384113 20.860479 -66.447468 64.064040 0.379109 -0.489792 -0.334113 0.710457
1520530825.053385258 21.841528 -66.439900 64.257652 0.388459 -0.473001 -0.320101 0.723122
1520530825.103387117 22.795220 -66.143052 64.306151 0.397429 -0.452896 -0.301337 0.739007
1520530825.153388023 23.794664 -66.117134 64.327143 0.400346 -0.438533 -0.291440 0.749983
1520530825.203182220 24.678819 -65.767420 64.017351 0.401449 -0.404201 -0.280807 0.772403
1520530825.253183365 25.633513 -65.726103 63.722646 0.399704 -0.374116 -0.275016 0.790341
1520530825.303185225 26.321024 -65.010337 63.600135 0.411136 -0.337216 -0.253409 0.808107
1520530825.353186131 27.298545 -64.799762 63.589628 0.416241 -0.311002 -0.243802 0.818891
1520530825.403188229 28.289571 -64.666310 63.581997 0.421441 -0.289450 -0.231911 0.827541
1520530825.453190327 29.071237 -64.127239 63.268309 0.425985 -0.263859 -0.213096 0.838752
1520530825.503191233 29.736248 -63.470126 62.913398 0.426192 -0.235166 -0.193472 0.851837
1520530825.553193331 30.713002 -63.330873 62.750424 0.426924 -0.218635 -0.182142 0.858347
1520530825.603213072 31.475756 -62.828374 62.343359 0.428107 -0.194781 -0.163635 0.867184
1520530825.653215170 32.301249 -62.544954 61.855267 0.429407 -0.172311 -0.152694 0.873271
1520530825.703216314 32.974410 -61.861024 61.574031 0.440272 -0.143906 -0.135809 0.875790
1520530825.753218174 33.871041 -61.425931 61.491889 0.449082 -0.123014 -0.121238 0.876638
1520530825.803220034 34.096281 -60.537066 61.092908 0.456570 -0.085039 -0.091135 0.880912
1520530825.853221178 34.752416 -59.855600 60.768729 0.461762 -0.074042 -0.077760 0.880481
1520530825.903223038 34.885291 -58.881995 60.583157 0.466488 -0.042663 -0.054923 0.881789
1520530825.953225136 35.451110 -58.086055 60.367914 0.466920 -0.019352 -0.042464 0.883068
1520530826.003935575 36.130696 -57.441413 60.017772 0.463698 0.006207 -0.032365 0.885380
1520530826.053935528 36.858524 -56.807616 59.755918 0.463737 0.034208 -0.023092 0.885011
1520530826.103938341 37.473216 -56.256792 59.191342 0.461300 0.060382 -0.010345 0.885127
1520530826.153939486 38.014436 -55.667686 58.591312 0.462801 0.080423 0.004846 0.882793
1520530826.203940392 37.902727 -54.768345 58.168577 0.464399 0.117769 0.028140 0.877310
1520530826.253942251 38.257299 -53.900594 57.820312 0.459991 0.141236 0.042328 0.875596
1520530826.303944588 38.490125 -53.021940 57.403467 0.455542 0.167785 0.058620 0.872292
1520530826.353945494 38.837526 -52.138457 57.089192 0.448871 0.196793 0.072599 0.868629
1520530826.404023409 38.976943 -51.367063 56.468294 0.444886 0.229235 0.083479 0.861719
1520530826.454024315 39.317630 -50.461972 56.213847 0.446366 0.254712 0.092468 0.852836
1520530826.504025221 39.331763 -49.539365 55.828365 0.448455 0.271749 0.109285 0.844451
1520530826.554083109 39.144294 -48.743187 55.253077 0.441127 0.284903 0.128415 0.841277
1520530826.604029179 38.947046 -47.775756 55.094424 0.440843 0.298511 0.147951 0.833462
1520530826.654030085 38.322509 -47.103847 54.696313 0.432788 0.317321 0.168251 0.826858
1520530826.704032421 38.111117 -46.220757 54.277428 0.429407 0.331553 0.177897 0.820996
1520530826.754033327 37.434758 -45.518019 54.056752 0.426314 0.348154 0.186147 0.813876
1520530826.804035187 36.607792 -44.957248 54.097527 0.424687 0.368033 0.202506 0.801987
1520530826.853658915 36.248191 -44.074851 53.794108 0.429358 0.382896 0.209574 0.790647
1520530826.903661013 35.678437 -43.390904 53.338478 0.434377 0.394619 0.217259 0.779994
1520530826.953662157 35.156534 -42.707957 52.827401 0.434850 0.402740 0.222493 0.774082
1520530827.003664017 34.910602 -41.829812 52.417060 0.434265 0.411731 0.220878 0.770133
1520530827.053666115 34.194389 -41.222916 52.072508 0.427115 0.425448 0.224181 0.765709
1520530827.103667021 33.325227 -40.842273 51.756806 0.415608 0.437765 0.236886 0.761260
1520530827.153668880 32.619059 -40.136652 51.815347 0.407767 0.447051 0.247960 0.756563
1520530827.203670025 31.997157 -39.693682 51.169580 0.397383 0.451959 0.261746 0.754526
1520530827.253637314 31.346409 -39.297308 50.521957 0.386595 0.459080 0.276958 0.750389
1520530827.303638220 30.572387 -38.859226 50.064820 0.378000 0.469586 0.291329 0.742787
1520530827.353640318 29.818674 -38.276787 49.760385 0.371063 0.478440 0.302004 0.736343
1520530827.403642178 29.024405 -37.738270 49.479073 0.361778 0.489947 0.314454 0.728139
1520530827.453643084 28.106370 -37.356726 49.586948 0.352052 0.506801 0.327608 0.715461
1520530827.503645182 27.502695 -36.570992 49.452049 0.342643 0.529186 0.330884 0.702192
1520530827.553647280 26.577464 -36.296550 49.190078 0.335534 0.550011 0.333980 0.688013
1520530827.603648186 25.708907 -35.816984 49.065078 0.334166 0.565864 0.340212 0.672598
1520530827.653593302 25.068997 -35.080755 48.844889 0.333865 0.571045 0.349510 0.663539
1520530827.703595161 24.465625 -34.441975 48.367498 0.326727 0.572604 0.363296 0.658324
1520530827.753596306 23.486005 -34.243082 48.395526 0.321923 0.582638 0.376630 0.644243
1520530827.803598166 22.549160 -34.094660 48.078836 0.318841 0.583622 0.388615 0.637734
1520530827.853599310 21.571985 -34.055411 47.870058 0.308064 0.591041 0.400160 0.628999
1520530827.903600216 20.650145 -34.146875 48.246684 0.300231 0.607453 0.408154 0.611778
1520530827.953602076 19.704874 -34.454294 48.137346 0.284852 0.622714 0.415286 0.598852
1520530828.003604412 18.796727 -34.093130 47.925615 0.281568 0.629599 0.417944 0.591310
1520530828.053573132 17.816972 -34.156994 48.115353 0.272760 0.641982 0.427798 0.574848
1520530828.103574038 16.844960 -33.943110 48.212551 0.261478 0.653234 0.430523 0.565301
1520530828.153593302 15.945702 -34.271445 48.501568 0.245609 0.672091 0.437564 0.544524
1520530828.203578234 15.016820 -33.967194 48.712775 0.236045 0.687537 0.440490 0.526824
1520530828.253579140 14.209246 -34.497661 48.970514 0.220999 0.704805 0.448072 0.503628
1520530828.303580999 13.215123 -34.600570 49.004129 0.207563 0.715428 0.452896 0.489862
1520530828.353582144 12.359182 -35.098937 48.866304 0.193676 0.725647 0.457807 0.475751
1520530828.403584003 11.938524 -36.004586 48.919661 0.175717 0.737125 0.465403 0.457351
1520530828.453458071 10.953592 -36.058613 48.755372 0.168618 0.738364 0.474324 0.448780
1520530828.503459930 10.305175 -36.766823 48.476098 0.147565 0.744348 0.488958 0.430222
1520530828.553461075 9.608682 -37.357513 48.883507 0.131748 0.761134 0.495160 0.397661
1520530828.603462934 8.959248 -38.103616 48.736648 0.099334 0.775917 0.502133 0.368711
1520530828.653465033 7.989973 -38.315712 48.861230 0.078253 0.788433 0.499120 0.350897
1520530828.703466177 7.340093 -39.052692 49.047014 0.057431 0.800366 0.497393 0.329723
1520530828.753468037 6.346489 -39.165249 49.056126 0.050271 0.805855 0.496177 0.319184
1520530828.803468943 5.379079 -39.412005 48.999297 0.048879 0.810380 0.498857 0.303376
1520530828.853471041 4.501291 -39.814856 49.258523 0.041121 0.817446 0.500822 0.281546
1520530828.903293610 3.656383 -40.329593 49.404049 0.032499 0.822585 0.501805 0.265500
1520530828.953294516 2.907367 -40.745113 49.920108 0.024611 0.830849 0.495832 0.251465
1520530829.003296375 2.180036 -41.429890 49.965601 0.013032 0.834638 0.497129 0.236794
1520530829.053297520 1.661277 -42.189750 50.357394 0.000699 0.840847 0.498235 0.211512
1520530829.103299379 1.066938 -42.897484 50.739328 -0.003793 0.847670 0.495959 0.188324
1520530829.153301239 1.026358 -43.321565 51.644043 -0.004506 0.857329 0.489118 0.160405
1520530829.203302383 1.340780 -44.021223 52.285617 -0.011192 0.861029 0.489723 0.136657
1520530829.253304482 0.966095 -44.684115 52.933834 -0.023083 0.862691 0.492823 0.111160
1520530829.303629160 1.246052 -45.206187 53.739480 -0.039292 0.865551 0.494207 0.070974
1520530829.353631020 1.215947 -45.939322 54.418896 -0.059399 0.867350 0.492985 0.033776
1520530829.403632164 1.341800 -46.594731 55.163611 -0.074901 0.870462 0.486498 -0.002545
1520530829.453637123 0.825779 -47.149978 55.815856 -0.084000 0.874864 0.476199 -0.028147
1520530829.503634930 0.547411 -47.869991 56.451539 -0.096804 0.875949 0.469374 -0.055052
1520530829.553637266 -0.100386 -48.573682 56.743389 -0.118891 0.871828 0.469150 -0.075355
1520530829.603639126 -0.330376 -49.378174 57.291017 -0.145999 0.861917 0.472922 -0.110125
1520530829.653640032 -0.593801 -50.093628 57.938113 -0.166607 0.855184 0.468901 -0.145032
1520530829.704049826 -0.759110 -50.916067 58.482417 -0.182793 0.847868 0.464401 -0.178993
1520530829.754051685 -0.398914 -51.487986 59.219416 -0.207304 0.837723 0.453274 -0.223133
1520530829.804053545 -0.397755 -52.333613 59.753189 -0.225036 0.831019 0.445577 -0.245413
1520530829.854054689 -0.107757 -53.096535 60.330988 -0.240436 0.822935 0.438440 -0.269702
1520530829.904056787 0.310627 -53.812468 60.889911 -0.252837 0.816816 0.426057 -0.295568
1520530829.954057932 0.950604 -54.561425 61.061643 -0.255754 0.803751 0.427543 -0.325240
1520530830.004059792 1.291967 -55.434466 61.409882 -0.256386 0.791983 0.432482 -0.346394
1520530830.054060698 1.781557 -56.156511 61.898709 -0.259567 0.786152 0.424822 -0.366219
1520530830.103815556 2.290406 -56.764942 62.507713 -0.264653 0.778403 0.422024 -0.382024
1520530830.153816462 2.769957 -57.535907 62.926811 -0.276798 0.770975 0.414333 -0.396622
1520530830.203818321 3.304997 -58.239670 63.394197 -0.279209 0.768047 0.405614 -0.409419
1520530830.253820419 4.023935 -58.679428 63.932473 -0.278191 0.767319 0.394140 -0.422474
1520530830.303821325 4.832900 -59.002858 64.423360 -0.284390 0.759830 0.385499 -0.439512
1520530830.353823423 5.521287 -59.154103 65.132760 -0.296184 0.752963 0.374097 -0.453181
1520530830.403824568 6.245682 -59.663005 65.597808 -0.301244 0.740651 0.374254 -0.469704
1520530830.453826427 7.223734 -59.532723 65.760420 -0.316878 0.725773 0.362200 -0.491583
1520530830.503615856 8.112493 -59.950178 65.949731 -0.329234 0.713774 0.354655 -0.506311
1520530830.553617954 9.047085 -59.976675 66.304463 -0.339554 0.706456 0.342131 -0.518237
1520530830.603620052 10.038279 -59.959793 66.435796 -0.347090 0.689725 0.329388 -0.543426
1520530830.653620720 11.024673 -60.020757 66.283114 -0.350120 0.667065 0.325852 -0.571193
1520530830.703623056 11.941658 -60.410858 66.366535 -0.353060 0.655209 0.322376 -0.584913
1520530830.753624916 12.771355 -60.613820 66.886545 -0.362791 0.642026 0.314492 -0.597729
1520530830.803626776 13.481574 -60.820098 67.559625 -0.383727 0.621901 0.304365 -0.611027
1520530830.853627920 14.405886 -60.750632 67.934888 0.397900 -0.599358 -0.297397 0.627694
1520530830.903462410 15.176755 -60.895200 68.555260 0.408532 -0.587327 -0.289206 0.636010
1520530830.953464508 16.109021 -60.803591 68.905243 0.414572 -0.579407 -0.277664 0.644454
1520530831.003466606 17.043769 -60.600999 69.197136 0.419170 -0.571818 -0.264293 0.653811
1520530831.053467512 17.855399 -60.555369 69.779525 0.426670 -0.564361 -0.248995 0.661401
1520530831.103468418 18.678050 -60.067322 69.487885 0.428050 -0.549994 -0.233748 0.677969
1520530831.153470516 19.591218 -59.678392 69.609784 0.431439 -0.549438 -0.222381 0.680092
1520530831.203472376 20.451861 -59.307449 69.958631 0.439264 -0.545944 -0.207751 0.682519
1520530831.253473520 21.300122 -58.871533 70.259347 0.446365 -0.539531 -0.193956 0.687056
1520530831.303475618 22.085932 -58.267816 70.125074 0.447752 -0.531491 -0.183997 0.695112
1520530831.353523970 22.853052 -57.632809 70.216136 0.449254 -0.516727 -0.169906 0.708728
1520530831.403624058 23.659028 -57.048348 70.309987 0.449254 -0.516727 -0.169906 0.708728
1520530831.453527212 24.324662 -56.370458 69.997901 0.451823 -0.502309 -0.159617 0.719767
1520530831.503529072 25.119923 -55.875288 70.347709 0.456476 -0.484929 -0.149846 0.730767
1520530831.553530216 25.904703 -55.259013 70.281945 0.458302 -0.473037 -0.140007 0.739320
1520530831.603532076 26.508790 -54.566781 69.887110 0.461966 -0.447632 -0.125951 0.755215
1520530831.653533220 27.072496 -53.753551 69.742571 0.469530 -0.419372 -0.111234 0.768958
1520530831.703535080 27.729107 -53.037163 69.506666 0.472185 -0.391529 -0.097993 0.783673
1520530831.753732681 28.680710 -52.746524 69.606566 0.470033 -0.384895 -0.091879 0.788976
1520530831.803734541 29.619880 -52.403084 69.609530 0.464243 -0.376311 -0.085358 0.797234
1520530831.853736877 30.089721 -51.524214 69.526849 0.467848 -0.352181 -0.062099 0.808227
1520530831.903737783 30.571292 -50.684964 69.779333 0.468959 -0.334965 -0.037859 0.816360
1520530831.953739643 31.359305 -50.070162 69.811815 0.469729 -0.312899 -0.021266 0.825225
1520530832.003740788 32.188059 -49.564162 70.050836 0.476024 -0.293222 -0.007798 0.829072
1520530832.053742647 33.043382 -49.048636 69.999304 0.475397 -0.281908 0.000891 0.833382
1520530832.103743792 33.632391 -48.271552 69.777473 0.470144 -0.275228 0.014222 0.838458
1520530832.153733492 34.455914 -47.705419 69.741350 0.467920 -0.260119 0.026361 0.844212
1520530832.203735352 34.992657 -47.081646 69.173183 0.462237 -0.242371 0.038680 0.852113
1520530832.253736258 35.468555 -46.379515 68.643530 0.453729 -0.232977 0.048624 0.858771
1520530832.303738356 36.234720 -45.801278 68.363113 0.446095 -0.212612 0.047673 0.868057
1520530832.353740454 37.121823 -45.375548 68.184782 0.445984 -0.199449 0.048999 0.871159
1520530832.403741360 37.343927 -44.425976 67.963460 0.453446 -0.185272 0.060294 0.869728
1520530832.453743458 37.566991 -43.868929 67.163497 0.437660 -0.162837 0.071278 0.881395
1520530832.503744364 37.433278 -42.883234 67.266098 0.437781 -0.155274 0.085596 0.881426
1520530832.553491592 38.215318 -42.489565 66.782944 0.421054 -0.148365 0.083294 0.890934
1520530832.603493690 38.771187 -41.815137 66.296984 0.401690 -0.130061 0.084493 0.902546
1520530832.653494596 39.380210 -41.059029 66.057422 0.393394 -0.109339 0.090287 0.908369
1520530832.703496456 39.690922 -40.264643 65.535492 0.381785 -0.084225 0.097843 0.915190
1520530832.753497601 40.302150 -39.843597 64.865328 0.374475 -0.063869 0.100667 0.919541
1520530832.803498507 40.823228 -39.368474 64.156290 0.366050 -0.041599 0.104408 0.923784
1520530832.853500605 41.094670 -38.588125 63.592929 0.361047 -0.021683 0.112032 0.925540
1520530832.903501749 41.603778 -37.850418 63.149536 0.353575 -0.009243 0.117746 0.927920
1520530832.953346729 41.762388 -37.038542 62.587664 0.348911 0.019550 0.129032 0.928025
1520530833.003408432 42.030771 -36.337474 61.927002 0.344748 0.044603 0.137060 0.927563
1520530833.053349495 42.580130 -35.638637 61.468929 0.343680 0.070468 0.143797 0.925333
1520530833.103351593 42.983262 -34.881543 60.954833 0.334521 0.095311 0.146764 0.925998
1520530833.153352499 42.447703 -34.199877 60.456328 0.328118 0.130005 0.167720 0.920493
1520530833.203354359 42.516069 -33.367222 59.906771 0.319569 0.148439 0.184554 0.917486
1520530833.253355503 42.779139 -32.714669 59.196159 0.310711 0.164074 0.197527 0.915162
1520530833.303357601 42.744646 -32.002119 58.495386 0.305977 0.187660 0.210157 0.909393
1520530833.353605747 42.477825 -31.375825 57.762882 0.299019 0.206976 0.221766 0.904748
1520530833.403606653 42.427226 -30.788309 56.955253 0.293237 0.227645 0.228909 0.899884
1520530833.453608513 42.377315 -30.133770 56.200874 0.291299 0.245766 0.239584 0.892941
1520530833.503609657 42.079248 -29.620695 55.395945 0.286075 0.270157 0.256359 0.882868
1520530833.553611517 41.432776 -28.879400 55.215516 0.292714 0.294054 0.270285 0.868790
1520530833.603613615 41.195065 -27.987908 54.829853 0.291366 0.307727 0.277884 0.862085
1520530833.653614759 41.253580 -27.245221 54.162776 0.278768 0.324688 0.285349 0.857579
1520530833.703615665 41.237757 -26.533293 53.460702 0.260340 0.345015 0.293027 0.852832
1520530833.753617525 40.787084 -25.859569 52.875048 0.247714 0.369767 0.299907 0.843781
1520530833.804356098 39.888698 -25.963098 52.448217 0.233281 0.404932 0.305256 0.829716
1520530833.854357243 39.545588 -25.343641 51.742137 0.226839 0.422573 0.305842 0.822458
1520530833.904359341 38.854915 -24.842903 51.220378 0.224274 0.443639 0.308081 0.811154
1520530833.954361200 38.415754 -24.640637 50.345035 0.205941 0.459906 0.314180 0.804590
1520530834.004362345 37.932800 -24.178424 49.601318 0.192713 0.481142 0.318510 0.793672
1520530834.054364204 37.416338 -23.664008 48.916743 0.182175 0.507626 0.320231 0.778832
1520530834.104366064 36.447316 -23.855982 48.761368 0.166766 0.553902 0.323248 0.748927
1520530834.154367208 35.553709 -23.970894 48.327476 0.147344 0.586095 0.324402 0.727699
1520530834.204151869 34.680324 -24.129715 47.867070 0.131923 0.606863 0.328654 0.711547
1520530834.254152775 33.807233 -24.071231 47.383033 0.117149 0.619622 0.339021 0.698147
1520530834.304154634 32.836124 -24.148540 47.157265 0.103264 0.635096 0.347219 0.682224
1520530834.354155779 31.959974 -24.402038 46.747265 0.091246 0.645507 0.361766 0.666424
1520530834.404156685 30.981933 -24.238883 46.617585 0.088415 0.660495 0.365643 0.649796
1520530834.454159021 30.068227 -24.385854 46.238716 0.086952 0.665191 0.372330 0.641351
1520530834.504159927 29.084677 -24.380769 46.058152 0.081847 0.671772 0.374427 0.633899
1520530834.554161787 28.250568 -24.595496 45.550064 0.076391 0.677347 0.374528 0.628566
1520530834.603904724 27.534213 -24.969402 44.960971 0.071153 0.684173 0.370582 0.624110
1520530834.653884411 26.644701 -25.023904 44.507321 0.071210 0.684509 0.368424 0.625013
1520530834.703886509 25.660255 -25.123902 44.651774 0.071210 0.684509 0.368424 0.625013
1520530834.753887653 24.746508 -25.384824 44.340349 0.067344 0.677927 0.373487 0.629593
1520530834.803889513 23.752170 -25.489828 44.324072 0.062078 0.680453 0.379252 0.623938
1520530834.853890419 22.893556 -25.787866 43.906992 0.052357 0.681280 0.384471 0.620724
1520530834.903892517 22.120207 -26.147469 43.384865 0.041697 0.684042 0.385453 0.617878
1520530834.953893423 21.289832 -26.638802 43.647677 0.030682 0.693472 0.394519 0.602088
1520530835.003848314 20.616773 -26.911129 42.960050 0.019403 0.697613 0.396428 0.596493
1520530835.053850174 19.653801 -27.151389 42.837739 0.012054 0.706096 0.397043 0.586209
1520530835.103851318 18.674047 -27.295940 42.699223 0.007400 0.718282 0.394356 0.573149
1520530835.153853178 17.759053 -27.683337 42.586487 0.005298 0.729728 0.390278 0.561384
1520530835.203854322 16.875946 -28.052539 42.296984 0.001899 0.741438 0.378634 0.553987
1520530835.253856421 15.991845 -28.517993 42.255533 -0.011551 0.755313 0.368326 0.541945
1520530835.303858280 15.071018 -28.848418 42.462648 -0.020675 0.768255 0.367576 0.523683
1520530835.353859425 14.195954 -29.331314 42.429859 -0.025534 0.775658 0.375872 0.506382
1520530835.403751612 13.446159 -29.914847 42.117936 -0.026093 0.776778 0.387738 0.495574
1520530835.453752756 12.472102 -30.098774 41.986083 -0.024628 0.781190 0.388487 0.488072
1520530835.503754616 11.788847 -30.771994 42.268814 -0.028672 0.787355 0.386539 0.479414
1520530835.553756475 11.316370 -31.601025 42.567935 -0.035456 0.794987 0.385934 0.466684
1520530835.603757620 10.361986 -31.886228 42.656314 -0.035411 0.801392 0.382575 0.458425
1520530835.653759480 9.519993 -32.425238 42.633608 -0.037518 0.808537 0.385688 0.442838
1520530835.703760386 8.551723 -32.572521 42.835503 -0.030255 0.816337 0.382321 0.431868
1520530835.753762722 7.588474 -32.779825 42.664694 -0.022439 0.817165 0.385767 0.427693
1520530835.803792238 6.607301 -32.972858 42.670893 -0.026996 0.820919 0.384049 0.421745
1520530835.853783607 5.729209 -33.017349 43.147312 -0.036873 0.827219 0.381108 0.411225
1520530835.903788567 4.745162 -33.194955 43.157676 -0.047089 0.830687 0.386155 0.398279
1520530835.953786373 3.887830 -33.691929 43.291837 -0.062429 0.833653 0.397458 0.378354
1520530836.003787518 3.396102 -34.561968 43.326999 -0.077930 0.834860 0.409965 0.358977
1520530836.053789616 2.903984 -35.398462 43.568035 -0.088934 0.842981 0.411237 0.335197
1520530836.103791475 1.955175 -35.708219 43.629759 -0.095705 0.850676 0.409107 0.315947
1520530836.153792620 1.052389 -36.040681 43.902609 -0.100500 0.861045 0.402249 0.294442
1520530836.203794479 0.236206 -36.599703 43.756527 -0.114184 0.866022 0.400163 0.277196
1520530836.253842831 -0.617137 -37.121034 43.761191 -0.131547 0.872888 0.394257 0.255585
1520530836.303844690 -0.787559 -38.032521 44.135552 -0.154846 0.883530 0.385325 0.216617
1520530836.353845835 -1.606494 -38.575182 44.322270 -0.171977 0.889954 0.376458 0.191535
1520530836.403847694 -1.410884 -39.454046 44.757397 -0.194754 0.897134 0.365083 0.154712
1520530836.453848600 -1.951100 -40.223945 45.097136 -0.196929 0.902196 0.359085 0.135345
1520530836.503850937 -2.400753 -40.963297 45.598304 -0.200620 0.906213 0.355542 0.110089
1520530836.553852797 -2.736335 -41.773532 46.078829 -0.207182 0.906520 0.357671 0.085844
1520530836.603853703 -2.670512 -42.427139 46.832795 -0.219627 0.908998 0.349826 0.055752
1520530836.653644085 -2.564996 -43.314061 47.282501 -0.230177 0.907032 0.350990 0.033427
1520530836.703644991 -2.465330 -43.841928 48.125960 -0.239823 0.910978 0.335477 0.007625
1520530836.753647089 -2.838917 -44.509622 48.769868 -0.243223 0.914281 0.323853 -0.007271
1520530836.803647995 -2.673808 -45.267709 49.400775 -0.247326 0.916738 0.312456 -0.028138
1520530836.853650093 -3.178951 -45.795312 50.083757 -0.247714 0.920174 0.300138 -0.042842
1520530836.903651237 -2.742299 -45.832534 50.982617 -0.253692 0.919870 0.290710 -0.070481
1520530836.953653097 -2.982409 -46.328719 51.816971 -0.263648 0.914977 0.291063 -0.092683
1520530837.003654957 -2.873720 -46.392203 52.809018 -0.272257 0.910721 0.282965 -0.128035
1520530837.053571463 -2.861021 -46.193533 53.789002 -0.274997 0.909052 0.268313 -0.161274
1520530837.103573322 -2.788898 -46.340228 54.775551 -0.278579 0.907183 0.250502 -0.191474
1520530837.153575182 -2.591212 -46.572207 55.727972 -0.285363 0.904485 0.234433 -0.213343
1520530837.203576326 -1.976126 -46.605548 56.515726 -0.287906 0.899344 0.225584 -0.239586
1520530837.253578424 -1.938301 -46.494220 57.508790 -0.296628 0.894119 0.212997 -0.259220
1520530837.303579330 -1.530024 -45.842916 58.148408 -0.299198 0.888921 0.194025 -0.287496
1520530837.353581429 -0.898678 -45.583738 58.879319 -0.300904 0.880591 0.178743 -0.319480
1520530837.403583288 -0.644247 -45.599031 59.846289 -0.309504 0.871711 0.160967 -0.344117
1520530837.453924179 -0.626857 -45.834032 60.818128 -0.320210 0.860072 0.149277 -0.368047
1520530837.503925085 -0.121355 -46.169317 61.613145 -0.329454 0.843991 0.142773 -0.398440
1520530837.553927183 0.605827 -45.813168 62.199971 -0.330478 0.829878 0.122223 -0.432607
1520530837.603929281 1.058377 -45.498343 63.034287 -0.323649 0.821700 0.102718 -0.457721
1520530837.653930187 1.932306 -45.479406 63.519972 -0.310755 0.813895 0.096693 -0.481308
1520530837.703931332 2.783959 -45.318974 64.018919 -0.309537 0.802066 0.086608 -0.503366
1520530837.753933191 3.442463 -45.206225 64.763003 -0.308677 0.794848 0.076763 -0.516761
1520530837.803935051 3.676949 -45.132206 65.732300 -0.313386 0.789132 0.065206 -0.524221
1520530837.854232311 4.093920 -44.941411 66.620970 -0.316220 0.782012 0.050937 -0.534666
1520530837.904138327 4.925642 -44.527019 66.990453 -0.312503 0.771673 0.033912 -0.552913
1520530837.954139471 5.432677 -44.253013 67.807666 -0.310517 0.764665 0.026730 -0.564050
1520530838.004141331 5.813574 -43.454105 68.273136 -0.307890 0.757456 0.016414 -0.575495
1520530838.054142237 6.481159 -43.223218 68.980964 -0.302197 0.747730 0.024080 -0.590760
1520530838.104144573 7.064990 -42.953636 69.746775 -0.300190 0.737024 0.025461 -0.605007
1520530838.154145479 7.745636 -42.858953 70.473244 -0.295803 0.726375 0.028868 -0.619715
1520530838.204147339 8.522513 -42.736636 71.090902 -0.295220 0.716695 0.020371 -0.631489
1520530838.254149437 9.314359 -42.588756 71.683449 -0.293315 0.708653 0.019528 -0.641402
1520530838.304105282 10.165441 -42.383058 72.166508 -0.294258 0.702410 0.016124 -0.647899
1520530838.354107141 10.939742 -42.067269 72.714903 -0.295045 0.693430 0.017648 -0.657109
1520530838.404108286 11.682984 -41.535654 73.121075 -0.300488 0.674630 0.010726 -0.674141
1520530838.454110384 12.417353 -40.945539 73.456436 0.305011 -0.654439 0.003425 0.691857
1520530838.504111290 13.127846 -40.534588 74.027679 0.310084 -0.632894 0.016214 0.709247
1520530838.554113388 14.081856 -40.299095 74.213176 0.304941 -0.618654 0.021848 0.723741
1520530838.604115248 14.841498 -39.659186 74.329194 0.307935 -0.595214 0.038352 0.741232
1520530838.654116154 15.696553 -39.217478 74.600811 0.306949 -0.582036 0.049081 0.751404
1520530838.703937292 16.630380 -38.864082 74.656279 0.295772 -0.569433 0.055457 0.764977
1520530838.753938437 17.413940 -38.242768 74.658027 0.296116 -0.556937 0.066718 0.773101
1520530838.803940535 18.256026 -37.709588 74.576720 0.292816 -0.544127 0.072469 0.782900
1520530838.853942394 19.130510 -37.224533 74.577269 0.291603 -0.539981 0.078555 0.785632
1520530838.903944492 20.025400 -36.779570 74.542922 0.289859 -0.540710 0.085649 0.785034
1520530838.953945398 20.791589 -36.141378 74.618183 0.292595 -0.529158 0.098599 0.790353
1520530839.003947258 21.662909 -35.699545 74.831689 0.297455 -0.528123 0.107799 0.788027
1520530839.053948402 22.409031 -35.128449 75.173964 0.301405 -0.526998 0.111276 0.786795
1520530839.103765249 23.189795 -34.564569 75.443122 0.301525 -0.526432 0.107726 0.787621
1520530839.153767347 23.920499 -33.917513 75.660815 0.289209 -0.527008 0.098197 0.793081
1520530839.203769445 24.700381 -33.301545 75.549604 0.273584 -0.517699 0.092315 0.805368
1520530839.253770351 25.546819 -32.846734 75.272676 0.251616 -0.513255 0.087150 0.815882
1520530839.303771496 26.271940 -32.611383 74.625521 0.236067 -0.489751 0.088074 0.834661
1520530839.353773355 26.962505 -32.465922 73.917029 0.222553 -0.456790 0.086144 0.856967
1520530839.403775215 27.703513 -31.824970 73.716810 0.227460 -0.439064 0.093518 0.864141
1520530839.453829527 28.234767 -31.627926 72.892829 0.208492 -0.410445 0.095483 0.882581
1520530839.503782034 28.796813 -31.163397 72.208493 0.211393 -0.378337 0.109004 0.894590
1520530839.553783178 29.407708 -30.473333 71.820394 0.216693 -0.354595 0.121947 0.901352
1520530839.603785038 29.900430 -29.965146 71.114016 0.211182 -0.327463 0.127902 0.912037
1520530839.653786182 30.209683 -29.675224 70.208308 0.200642 -0.280693 0.131937 0.929272
1520530839.703788042 30.559047 -28.953992 69.610170 0.197409 -0.253713 0.140131 0.936495
1520530839.753790140 30.652267 -28.753421 68.634936 0.184546 -0.223139 0.153003 0.944850
1520530839.803791285 30.908296 -28.304056 67.779061 0.171008 -0.190770 0.165238 0.952397
1520530839.853793144 31.101581 -28.171531 66.806910 0.152168 -0.162635 0.171411 0.959694
1520530839.903963566 31.822192 -27.927118 66.158079 0.145009 -0.157714 0.175905 0.960810
1520530839.953965425 31.762033 -27.629870 65.205176 0.138028 -0.133134 0.181978 0.964421
1520530840.003966570 31.752751 -27.600133 64.205661 0.119167 -0.106752 0.186508 0.969339
1520530840.053968430 31.392610 -27.517256 63.276452 0.107624 -0.075816 0.195802 0.971767
1520530840.103969574 31.487289 -27.071561 62.386288 0.106990 -0.050580 0.199745 0.972675
1520530840.153971434 31.624930 -26.185409 61.943807 0.106422 -0.039769 0.209792 0.971123
1520530840.203973532 31.800443 -25.859293 61.014914 0.091288 -0.032865 0.219985 0.970666
1520530840.253974676 31.616927 -25.312468 60.198027 0.080448 -0.014213 0.226439 0.970593
1520530840.304034233 32.166995 -24.751187 59.579651 0.072445 0.010423 0.219885 0.972776
1520530840.354035378 32.731793 -24.301858 58.887476 0.059674 0.035268 0.215343 0.974075
1520530840.404038191 33.224790 -23.958599 58.088021 0.044923 0.060387 0.215362 0.973630
1520530840.454039097 33.647361 -23.914820 57.182750 0.025050 0.082691 0.216167 0.972526
1520530840.504041195 33.923894 -23.859790 56.223322 0.003622 0.110728 0.211890 0.970994
1520530840.554042101 34.385501 -23.708530 55.349229 -0.009836 0.133522 0.211000 0.968274
1520530840.604043245 34.686996 -23.191128 54.548357 -0.017241 0.161629 0.213965 0.963223
1520530840.654045343 34.875855 -23.547316 53.633228 -0.031711 0.198636 0.212456 0.956243
1520530840.704046249 34.769713 -23.901319 52.704025 -0.055768 0.249883 0.202137 0.945298
1520530840.753756762 34.373977 -23.860538 51.786567 -0.064360 0.290079 0.205619 0.932434
1520530840.803757906 33.915086 -23.864127 50.898082 -0.069546 0.333831 0.206869 0.917020
1520530840.853759766 33.715628 -23.885386 49.918406 -0.080988 0.374054 0.197594 0.902486
1520530840.903762102 33.363415 -23.967726 48.986115 -0.092668 0.406965 0.192639 0.888078
1520530840.953763008 33.379503 -23.906768 47.988104 -0.106320 0.427684 0.192335 0.876806
1520530841.003764868 32.605865 -24.204471 47.428769 -0.127121 0.462331 0.197511 0.855032
1520530841.053776026 32.396458 -24.342316 46.460705 -0.143997 0.475234 0.199750 0.844699
1520530841.103767872 32.018692 -24.599008 45.571097 -0.161364 0.500180 0.196151 0.827832
1520530841.153441429 31.616110 -24.824773 44.683991 -0.173444 0.528751 0.185055 0.809996
1520530841.203443289 31.166774 -24.906606 43.794384 -0.179993 0.548936 0.173638 0.797572
1520530841.253444433 30.585944 -24.804234 42.986822 -0.182158 0.566442 0.162547 0.787109
1520530841.303446293 30.068248 -25.243160 42.252428 -0.195260 0.587982 0.155264 0.769444
1520530841.353448391 29.439845 -25.617453 41.570508 -0.204186 0.610721 0.152268 0.749761
1520530841.403449535 28.849769 -25.866768 40.802620 -0.211870 0.632706 0.147221 0.730151
1520530841.453451395 28.463928 -26.312296 39.994764 -0.217268 0.653457 0.138951 0.711674
1520530841.503452539 27.625746 -26.857567 40.006210 -0.225698 0.682025 0.123875 0.684513
1520530841.553540707 27.129850 -27.489734 39.410851 -0.231471 0.696436 0.115258 0.669413
1520530841.603541613 26.549733 -28.171666 38.965394 -0.235187 0.709816 0.110196 0.654756
1520530841.653543711 25.948661 -28.557820 38.265681 -0.233073 0.722675 0.104251 0.642301
1520530841.703545809 25.261608 -29.042251 37.724124 -0.234509 0.738784 0.098651 0.624077
1520530841.753546476 24.663382 -29.498601 37.065436 -0.237412 0.754402 0.090417 0.605259
1520530841.803548813 23.981760 -30.051620 36.586309 -0.242653 0.773218 0.076574 0.580852
1520530841.853549719 23.279993 -30.677889 36.246737 -0.248133 0.793916 0.060684 0.551765
1520530841.903551579 22.438546 -31.066089 35.870880 -0.250233 0.809430 0.040518 0.529684
1520530841.953866005 21.627155 -31.644015 35.783435 -0.256719 0.821962 0.027331 0.507669
1520530842.003868103 20.754843 -32.018103 35.468586 -0.259978 0.831653 0.023999 0.490090
1520530842.053869963 20.012198 -32.624576 35.752609 -0.263227 0.840677 0.021728 0.472760
1520530842.103871107 19.250408 -33.081230 36.212112 -0.263028 0.847694 0.028816 0.459784
1520530842.153872967 18.542656 -33.744106 36.456410 -0.262710 0.851351 0.034942 0.452730
1520530842.203874111 17.855925 -34.194910 37.026653 -0.265266 0.858256 0.029906 0.438333
1520530842.253875971 17.162608 -34.714859 37.525617 -0.270329 0.863408 0.021931 0.425404
1520530842.303878069 16.660705 -35.400213 38.053237 -0.275686 0.866861 0.016187 0.415075
1520530842.353804350 15.868500 -35.838013 38.478376 -0.276305 0.870401 0.010184 0.407374
1520530842.403806210 15.080767 -36.439042 38.343322 -0.276305 0.870401 0.010184 0.407374
1520530842.453807116 14.243434 -36.889682 38.652833 -0.276590 0.873597 0.007388 0.400339
1520530842.503809452 13.804504 -37.449298 39.355807 -0.280379 0.879955 0.006360 0.383440
1520530842.553810358 13.364272 -37.996924 40.067355 -0.283037 0.888113 0.003496 0.362124
1520530842.603812218 12.415676 -38.290124 40.186519 -0.277394 0.894850 -0.006797 0.349644
1520530842.653813362 11.621818 -38.696193 40.639175 -0.274139 0.900642 -0.019631 0.336609
1520530842.703815222 11.386041 -39.092974 41.526291 -0.278494 0.906315 -0.026393 0.316762
1520530842.753816366 10.652776 -39.372413 42.146159 -0.281097 0.910181 -0.025012 0.303197
1520530842.803919554 9.811926 -39.399235 42.686762 -0.282870 0.913706 -0.029397 0.290278
1520530842.853920698 9.058754 -39.702720 43.270396 -0.281448 0.917835 -0.030817 0.278237
1520530842.903922558 8.401258 -40.238597 43.800051 -0.276304 0.922777 -0.037468 0.265960
1520530842.953924417 7.462944 -40.481878 44.045780 -0.273777 0.927259 -0.050955 0.250281
1520530843.003925562 6.941157 -40.789077 44.841623 -0.269431 0.932732 -0.064414 0.230801
1520530843.053927422 6.320940 -41.299067 45.437645 -0.263655 0.937680 -0.069414 0.215464
1520530843.103928328 5.898830 -41.775061 46.209171 -0.260553 0.941923 -0.066388 0.201213
1520530843.153930664 5.287212 -41.772114 47.000319 -0.254676 0.946252 -0.073065 0.185498
1520530843.203974724 4.585819 -42.117057 47.624068 -0.251173 0.948832 -0.073337 0.176781
1520530843.253976583 3.960910 -42.188440 48.401495 -0.246659 0.951831 -0.071723 0.167432
1520530843.303977728 3.137169 -41.970491 48.924896 -0.243182 0.954146 -0.076355 0.156966
1520530843.353979826 2.715681 -41.827063 49.820316 -0.241187 0.957789 -0.079499 0.134719
1520530843.403981686 2.577838 -41.701876 50.802826 -0.241193 0.960663 -0.085937 0.107557
1520530843.453982830 2.539602 -41.940870 51.773094 -0.239812 0.962871 -0.085010 0.090241
1520530843.503984690 2.204332 -41.976938 52.714526 -0.236169 0.964981 -0.085841 0.075276
1520530843.553985834 1.625039 -42.025803 53.528180 -0.232513 0.967046 -0.083913 0.060977
1520530843.603940487 0.944931 -41.868317 54.244176 -0.228821 0.969196 -0.081649 0.040411
1520530843.653942585 0.062650 -41.725066 54.692572 -0.231660 0.969036 -0.083266 0.019219
1520530843.703944445 -0.186343 -41.227482 55.523483 -0.230642 0.968180 -0.096232 -0.013108
1520530843.753945351 -0.521195 -41.211234 56.465614 -0.230297 0.966623 -0.103891 -0.042534
1520530843.803946495 -0.903674 -41.578554 57.313426 -0.226603 0.965958 -0.106034 -0.065823
1520530843.853949547 -1.264213 -41.380179 58.224830 -0.222441 0.963707 -0.111785 -0.096404
1520530843.903950691 -1.728247 -41.266094 59.103271 -0.220413 0.959737 -0.119874 -0.126301
1520530843.953951597 -1.551652 -40.848740 59.994691 -0.219627 0.952260 -0.132812 -0.165304
1520530844.003965378 -1.911106 -40.737789 60.921234 -0.219256 0.944173 -0.143507 -0.199676
1520530844.053963423 -1.760845 -41.042595 61.861721 -0.217932 0.934331 -0.150533 -0.238478
1520530844.103965282 -2.359955 -40.742408 62.603984 -0.220427 0.921850 -0.170112 -0.269567
1520530844.153966427 -2.126028 -40.753001 63.576180 -0.217016 0.913178 -0.175992 -0.296711
1520530844.203968287 -1.929870 -40.491543 64.521252 -0.213561 0.902602 -0.183206 -0.325786
1520530844.253969431 -1.741426 -40.139111 65.437920 -0.203071 0.896112 -0.186824 -0.347622
1520530844.304044485 -1.741906 -39.742036 66.355707 -0.195118 0.890790 -0.189968 -0.363778
1520530844.353972435 -1.486260 -39.026850 67.006209 -0.187405 0.880341 -0.201744 -0.386237
1520530844.403861761 -0.896734 -38.692535 67.741527 -0.179946 0.871738 -0.205197 -0.406922
1520530844.453862906 -0.731128 -37.933692 68.371394 -0.176607 0.860568 -0.220516 -0.423798
1520530844.503865004 -0.432202 -37.850992 69.322080 -0.173118 0.852417 -0.225092 -0.439032
1520530844.553866148 -0.100138 -37.238608 70.039520 -0.171099 0.843183 -0.235711 -0.451893
1520530844.603868008 0.141618 -36.566769 70.739652 -0.167628 0.836182 -0.240646 -0.463455
1520530844.653869867 0.711773 -36.239792 71.493316 -0.159660 0.829768 -0.229981 -0.482806
1520530844.703871012 0.748200 -35.444152 72.097989 -0.154032 0.818245 -0.233239 -0.502344
1520530844.753873110 1.232185 -35.339367 72.966769 -0.145011 0.809542 -0.227702 -0.521311
1520530844.804014921 2.060346 -34.822238 73.182933 -0.138191 0.791941 -0.234788 -0.546451
1520530844.854016781 2.918540 -34.311606 73.235449 -0.133216 0.769492 -0.246291 -0.574001
1520530844.904017925 3.596516 -33.577341 73.200740 -0.125459 0.747274 -0.259739 -0.598646
1520530844.954020023 4.144048 -32.898244 73.689652 -0.117882 0.733795 -0.265229 -0.614249
1520530845.004021883 4.932173 -32.290095 73.784590 -0.106345 0.710129 -0.269679 -0.641624
1520530845.054023027 5.797250 -31.789321 73.755127 -0.094824 0.683293 -0.273549 -0.670291
1520530845.104024887 6.451378 -31.188468 74.214574 0.088324 -0.655584 0.283698 0.694207
1520530845.154025793 7.187504 -30.512208 74.186450 0.078636 -0.624033 0.296777 0.718556
1520530845.204027891 7.912501 -29.827869 74.108595 0.067789 -0.587385 0.307497 0.745539
1520530845.254548788 8.335547 -29.027309 74.533019 0.059617 -0.559930 0.313119 0.764775
1520530845.304550648 9.090527 -28.480394 74.894804 0.044204 -0.536359 0.306568 0.785100
1520530845.354551792 9.775423 -27.770036 75.057009 0.030869 -0.517191 0.305145 0.799029
1520530845.404552698 10.352748 -27.047626 74.676459 0.015593 -0.488495 0.310408 0.815338
1520530845.454554796 11.077508 -26.358625 74.676038 0.006354 -0.471081 0.314639 0.824042
1520530845.504555941 11.851885 -25.915072 74.224816 -0.003349 -0.449039 0.321114 0.833810
1520530845.554557800 12.695450 -25.501300 73.882485 -0.007771 -0.431290 0.327261 0.840731
1520530845.604559898 13.437544 -24.873094 73.648702 -0.014212 -0.411609 0.325975 0.850950
1520530845.654413939 14.167326 -24.412256 73.143680 -0.022690 -0.395127 0.326017 0.858530
1520530845.704415083 14.870429 -23.787495 72.804093 -0.023491 -0.380328 0.326959 0.864810
1520530845.754415989 15.400731 -23.238445 72.158086 -0.027280 -0.367254 0.330828 0.868869
1520530845.804417849 16.182141 -22.826378 71.689473 -0.035751 -0.352600 0.326481 0.876245
1520530845.854418993 17.070199 -22.495859 71.369926 -0.051023 -0.339626 0.323148 0.881831
1520530845.904448748 17.948203 -22.138890 71.051049 -0.059773 -0.319756 0.318428 0.890386
1520530845.954421759 18.899427 -21.917148 70.836567 -0.066786 -0.303371 0.312803 0.897586
1520530846.004424095 19.782588 -21.819151 70.377847 -0.075866 -0.287022 0.310019 0.903189
1520530846.054296017 20.406284 -21.508748 69.660454 -0.075725 -0.266744 0.313548 0.908186
1520530846.104297876 21.194312 -21.059865 69.239128 -0.081272 -0.252289 0.309693 0.913146
1520530846.154299021 21.696029 -20.767779 68.424901 -0.090733 -0.228528 0.304291 0.920299
1520530846.204300880 22.265657 -20.438482 67.671848 -0.099331 -0.202405 0.296037 0.928185
1520530846.254302740 22.744601 -20.297617 66.805378 -0.107624 -0.171632 0.291851 0.934763
1520530846.304303885 23.273275 -20.177389 65.965111 -0.108624 -0.146291 0.291122 0.939174
1520530846.354305983 23.721803 -20.065454 65.078379 -0.105946 -0.121456 0.290639 0.943161
1520530846.404307127 24.198240 -19.719815 64.269960 -0.105775 -0.101600 0.293154 0.944749
1520530846.454087734 24.669293 -19.322200 63.482553 -0.109802 -0.086070 0.299389 0.943876
1520530846.504088879 25.068492 -18.972436 62.635023 -0.117959 -0.067624 0.305032 0.942586
1520530846.554090738 25.194445 -19.157794 61.660458 -0.131744 -0.049143 0.310733 0.940039
1520530846.604092836 25.001520 -19.987170 61.136134 -0.161975 -0.018806 0.312840 0.935704
1520530846.654093981 25.131503 -20.218665 60.172021 -0.165283 -0.005422 0.309544 0.936395
1520530846.704095840 25.353384 -19.858949 59.265725 -0.156070 0.010141 0.297808 0.941727
1520530846.754096985 25.471042 -19.979838 58.280056 -0.157717 0.014844 0.291233 0.943445
1520530846.804098845 25.634130 -19.994448 57.293553 -0.158280 0.016014 0.288911 0.944045
1520530846.853992462 25.665299 -20.426223 56.392110 -0.172545 0.012986 0.292146 0.940590
1520530846.903994799 25.533154 -20.946386 55.548327 -0.180049 0.021999 0.292346 0.938953
1520530846.953995705 25.470534 -21.592863 54.787969 -0.199111 0.035939 0.293802 0.934207
1520530847.003997803 25.549737 -22.032101 53.893096 -0.206901 0.044844 0.297155 0.931064
1520530847.053999662 25.642127 -22.086024 52.898834 -0.199413 0.058253 0.294616 0.932761
1520530847.104000568 25.494365 -22.499995 52.000617 -0.196038 0.085912 0.287403 0.933589
1520530847.154001713 25.606691 -22.816242 51.058614 -0.202334 0.099831 0.282706 0.932294
1520530847.204005718 25.412243 -23.564695 50.424572 -0.222828 0.128591 0.270024 0.927847
1520530847.254088640 25.168800 -24.228561 49.717453 -0.241936 0.153534 0.261989 0.921551
1520530847.304090738 24.855148 -24.851991 49.001242 -0.258233 0.180247 0.259007 0.913095
1520530847.354091644 24.365056 -25.607210 48.565980 -0.264712 0.219687 0.260632 0.902073
1520530847.404093504 23.903125 -26.012990 47.777334 -0.262921 0.256506 0.264592 0.891666
1520530847.454094648 23.276452 -26.681546 47.376942 -0.264946 0.299166 0.262374 0.878330
1520530847.504096508 22.604206 -27.274289 46.933387 -0.268213 0.337347 0.261171 0.863741
1520530847.554097414 22.564036 -27.554966 45.974426 -0.269780 0.352605 0.263580 0.856396
1520530847.604099751 22.440235 -27.968583 45.072431 -0.272885 0.368686 0.268714 0.846993
1520530847.654100657 21.740849 -28.603483 44.744162 -0.280504 0.399264 0.268261 0.830627
1520530847.704269648 21.186306 -28.465538 43.923520 -0.277133 0.419577 0.268948 0.821474
1520530847.754270792 20.385719 -28.763163 43.403443 -0.278791 0.440183 0.269475 0.809875
1520530847.804272652 20.088580 -29.595795 42.936075 -0.299560 0.461367 0.263211 0.792543
1520530847.854274750 19.767052 -29.952654 42.058994 -0.303760 0.475454 0.257054 0.784600
1520530847.904275894 19.565613 -30.343923 41.161035 -0.306974 0.488570 0.249708 0.777633
1520530847.954277754 19.353809 -30.757341 40.275470 -0.314006 0.497043 0.245255 0.770843
1520530848.004278898 18.738896 -31.148320 39.590621 -0.324063 0.512362 0.244033 0.756912
1520530848.054280758 18.460595 -31.861787 38.947571 -0.335111 0.530961 0.245770 0.738498
1520530848.104164600 18.040332 -32.539976 38.344712 -0.347366 0.550219 0.243676 0.719179
1520530848.154166698 17.403789 -33.268421 38.091372 -0.355430 0.579039 0.230932 0.696458
1520530848.204168558 17.050135 -33.906977 37.407870 -0.360407 0.598201 0.214453 0.682841
1520530848.254169703 16.691817 -34.399977 36.615053 -0.362771 0.616174 0.197598 0.670583
1520530848.304171562 16.183913 -34.945271 35.948204 -0.367747 0.636464 0.183634 0.652652
1520530848.354172468 15.281756 -35.210112 35.607656 -0.372600 0.655813 0.175576 0.632654
1520530848.404174805 14.813291 -36.078983 35.767668 -0.389368 0.673757 0.176406 0.602764
1520530848.454176664 14.409823 -36.780309 35.179998 -0.393883 0.689925 0.165544 0.584342
1520530848.503816366 13.994646 -37.608293 35.556921 -0.407149 0.715826 0.149757 0.547170
1520530848.553818226 13.322583 -38.274643 35.233952 -0.411376 0.735044 0.132879 0.522325
1520530848.603819370 12.607554 -38.941487 35.443842 -0.415021 0.757223 0.117899 0.490378
1520530848.653821230 11.899152 -39.598758 35.186623 -0.415693 0.769904 0.105850 0.472487
1520530848.703822136 11.297814 -40.379936 35.018835 -0.419027 0.778325 0.100454 0.456657
1520530848.753824234 10.578057 -41.040793 34.806191 -0.417830 0.789293 0.093586 0.440086
1520530848.803826332 9.821513 -41.686017 34.699761 -0.419094 0.798634 0.092717 0.421839
1520530848.853827477 8.993047 -41.677470 35.259737 -0.413546 0.815333 0.085126 0.396189
1520530848.903765678 8.317077 -42.405509 35.373854 -0.420348 0.821669 0.083287 0.375808
1520530848.953767776 7.680767 -43.176909 35.381018 -0.432387 0.826315 0.074299 0.353163
1520530849.003768682 7.020030 -43.858370 35.695721 -0.443785 0.831881 0.061747 0.327440
1520530849.053775787 6.137263 -44.323817 35.759615 -0.439248 0.839428 0.053474 0.315536
1520530849.103771687 5.272177 -44.282650 36.259546 -0.430595 0.852395 0.044108 0.293371
1520530849.153861761 5.008344 -45.066083 36.822240 -0.440227 0.857634 0.053621 0.260364
1520530849.203774452 4.663886 -45.510157 37.649372 -0.450906 0.864685 0.048329 0.216027
1520530849.253775597 4.124211 -46.241440 38.066475 -0.458791 0.868377 0.043677 0.183098
1520530849.304012299 3.560677 -46.960687 38.472816 -0.463339 0.871208 0.034006 0.158613
1520530849.354014635 3.032078 -47.675382 38.930850 -0.469032 0.872189 0.018038 0.137730
1520530849.404015541 2.720867 -48.356064 39.594039 -0.475563 0.871579 -0.000539 0.119121
1520530849.454017401 2.634729 -48.575682 40.565815 -0.479706 0.871627 -0.021339 0.098457
1520530849.504018545 2.447266 -49.098989 41.397083 -0.480199 0.873239 -0.028051 0.077949
1520530849.554020405 2.751658 -48.954899 42.338669 -0.483522 0.873341 -0.045712 0.037309
1520530849.604021311 2.420711 -49.465177 43.132452 -0.473526 0.878937 -0.055147 0.014209
1520530849.654023409 2.480180 -49.617184 44.119040 -0.467283 0.880350 -0.080710 -0.010807
1520530849.704024315 2.151998 -49.932138 45.009602 -0.464906 0.878060 -0.108674 -0.032598
1520530849.754075289 1.720692 -50.030691 45.906409 -0.465328 0.873203 -0.137449 -0.045750
1520530849.804077148 1.453278 -50.149313 46.862661 -0.465430 0.869621 -0.151408 -0.064888
1520530849.854078293 1.373497 -50.315666 47.845495 -0.461299 0.870278 -0.152964 -0.080137
1520530849.904080153 1.392468 -50.267637 48.844161 -0.454602 0.872533 -0.151008 -0.096019
1520530849.954081059 1.326055 -50.338417 49.839439 -0.450336 0.873135 -0.152109 -0.108143
1520530850.004083395 1.118718 -49.988745 50.753081 -0.448163 0.870657 -0.165404 -0.117256
1520530850.054084301 1.009221 -49.815297 51.731818 -0.448330 0.867467 -0.173551 -0.127986
1520530850.104087114 1.224875 -49.655718 52.695160 -0.447250 0.864634 -0.178849 -0.142789
1520530850.154247284 1.348700 -49.223892 53.588577 -0.443066 0.862635 -0.190038 -0.153098
1520530850.204248190 0.885500 -49.024903 54.452203 -0.439047 0.864175 -0.193935 -0.151087
1520530850.254250050 0.858501 -49.081058 55.450260 -0.433981 0.865851 -0.191874 -0.158576
1520530850.304252148 0.637936 -48.824573 56.391306 -0.425264 0.868394 -0.189373 -0.170819
1520530850.354254246 0.440234 -48.587143 57.342379 -0.422300 0.864889 -0.196909 -0.186696
1520530850.404256105 0.045087 -48.387534 58.239048 -0.422292 0.859413 -0.207591 -0.199961
1520530850.454256296 -0.388641 -47.674131 58.789444 -0.417478 0.854051 -0.223792 -0.215001
1520530850.504258156 -0.359102 -47.534560 59.779215 -0.417386 0.847980 -0.231324 -0.230668
1520530850.554295063 -0.443393 -47.238014 60.730507 -0.412903 0.843383 -0.239258 -0.246926
1520530850.604297161 -0.500978 -46.476575 61.376180 -0.405991 0.836897 -0.248627 -0.270109
1520530850.654298067 -0.340906 -46.301555 62.347646 -0.397249 0.831835 -0.253493 -0.293230
1520530850.704300165 -0.234973 -45.890953 63.253286 -0.386994 0.823451 -0.272174 -0.313185
1520530850.754339933 0.122972 -45.325673 63.996477 -0.374498 0.811474 -0.290462 -0.341896
1520530850.804302931 -0.090412 -44.432137 64.391523 -0.359244 0.798221 -0.318721 -0.363598
1520530850.854304075 -0.176444 -44.052272 65.312556 -0.353649 0.789471 -0.331093 -0.376890
1520530850.904305935 0.405501 -43.345664 65.715103 -0.339035 0.782113 -0.337640 -0.399191
1520530850.954236984 0.595999 -42.552931 66.294140 -0.322444 0.777633 -0.343780 -0.416091
1520530851.004238844 0.843715 -41.820432 66.928240 -0.311373 0.773979 -0.347648 -0.427953
1520530851.054241180 1.321215 -41.170958 67.519998 -0.304202 0.769073 -0.349811 -0.440022
1520530851.104242086 1.416304 -40.812212 68.448577 -0.297293 0.769821 -0.348055 -0.444804
1520530851.154244184 1.969487 -40.096454 68.874815 -0.288618 0.756944 -0.360348 -0.462476
1520530851.204245090 2.398041 -39.289205 69.280636 -0.282650 0.742081 -0.372655 -0.480159
1520530851.254246950 3.112685 -38.767150 69.746193 -0.276677 0.733123 -0.377585 -0.493366
1520530851.304248095 2.956692 -38.132978 70.503486 -0.271931 0.730723 -0.381372 -0.496642
1520530851.354320049 2.634544 -37.186524 70.524547 -0.260801 0.723247 -0.388685 -0.507761
1520530851.404321909 2.558679 -36.409983 71.150030 -0.247846 0.716863 -0.386076 -0.525000
1520530851.454323053 3.226606 -35.699178 71.370548 -0.231879 0.702034 -0.385858 -0.551810
1520530851.504324913 4.102834 -35.219303 71.414658 -0.218927 0.680290 -0.388856 -0.581435
1520530851.554325819 4.293523 -34.547394 72.130323 -0.212160 0.664254 -0.401277 -0.593911
1520530851.604327917 4.907378 -33.785856 71.922380 -0.197070 0.639784 -0.416819 -0.614900
1520530851.654328823 5.235558 -33.100832 72.572796 -0.184380 0.633899 -0.421753 -0.621530
1520530851.704330921 5.880263 -32.489995 73.032398 0.170311 -0.627199 0.419292 0.633885
1520530851.754292250 6.311398 -31.751585 73.550928 0.156904 -0.611654 0.415049 0.654977
1520530851.804294348 6.683059 -30.915965 73.955413 0.141727 -0.585378 0.418266 0.679926
1520530851.854296446 7.084351 -30.108029 74.386925 0.127530 -0.555683 0.429298 0.700468
1520530851.904297352 7.624333 -29.338140 74.727059 0.115767 -0.523930 0.442226 0.718701
1520530851.954298258 8.160058 -28.495810 74.786046 0.098972 -0.493631 0.451880 0.736436
1520530852.004300356 8.567998 -27.584829 74.846850 0.078956 -0.473182 0.455954 0.749647
1520530852.054301262 9.095254 -26.736767 74.899691 0.052858 -0.461955 0.450461 0.762160
1520530852.104303360 9.264496 -26.114809 74.135148 0.022829 -0.433900 0.453684 0.778062
1520530852.154304266 9.894594 -25.347617 74.255115 0.003496 -0.419805 0.453366 0.786264
1520530852.204151154 10.584867 -24.859470 73.721040 -0.013248 -0.388886 0.458270 0.799112
1520530852.254152298 11.091512 -24.530871 72.923961 -0.032111 -0.354289 0.462650 0.812037
1520530852.304154158 11.711575 -23.837476 72.556913 -0.042342 -0.329813 0.464730 0.820644
1520530852.354155064 12.329246 -23.228349 72.059472 -0.056227 -0.305083 0.463934 0.829776
1520530852.404157162 12.933533 -22.594244 71.577033 -0.068675 -0.286535 0.466881 0.833789
1520530852.454158068 13.197961 -22.613139 70.612813 -0.091434 -0.256676 0.467200 0.841119
1520530852.504160166 13.719613 -21.876252 70.182839 -0.108943 -0.240621 0.463738 0.845683
1520530852.554161310 14.380403 -21.309432 69.690832 -0.133749 -0.214527 0.456247 0.853187
1520530852.604380369 15.018994 -20.718748 69.197584 -0.146942 -0.187924 0.449251 0.860968
1520530852.654382229 15.130434 -20.643090 68.206697 -0.159924 -0.140289 0.442103 0.871372
1520530852.704383135 15.584116 -19.961090 67.633069 -0.165342 -0.115631 0.440281 0.874897
1520530852.754385233 16.126870 -19.537540 66.907794 -0.177064 -0.093840 0.439996 0.875355
1520530852.804386139 16.655112 -19.002763 66.248268 -0.190947 -0.074264 0.434355 0.877132
1520530852.854387999 17.149253 -19.018059 65.379021 -0.219469 -0.047845 0.425512 0.876632
1520530852.904389143 17.407614 -18.744681 64.452461 -0.239621 -0.015272 0.419205 0.875566
1520530852.954391241 17.963494 -18.539772 63.646850 -0.251921 0.014149 0.414294 0.874469
1520530853.004533291 18.111839 -18.461592 62.661009 -0.263690 0.058326 0.397767 0.876839
1520530853.054534435 18.088658 -18.455050 61.661299 -0.269089 0.099656 0.381081 0.878884
1520530853.104536533 18.176736 -18.404877 60.666450 -0.276171 0.128742 0.369690 0.877772
1520530853.154537201 18.556693 -18.506132 59.747005 -0.287820 0.148169 0.360202 0.874906
1520530853.204539537 18.730635 -18.555444 58.763484 -0.298680 0.165970 0.350301 0.872086
1520530853.254540443 18.971849 -18.937647 57.871443 -0.309612 0.184405 0.345517 0.866460
1520530853.304543257 19.163803 -19.228315 56.934072 -0.316549 0.197802 0.346657 0.860523
1520530853.354544401 18.946910 -19.686273 56.071963 -0.320551 0.218390 0.346536 0.854088
1520530853.404342175 18.700435 -20.069954 55.181997 -0.329218 0.244992 0.337040 0.847348
1520530853.454343081 18.683208 -20.672230 54.383896 -0.339137 0.265988 0.325682 0.841527
1520530853.504344940 18.638260 -21.460641 53.770391 -0.348390 0.282835 0.319142 0.834732
1520530853.554346085 18.590822 -22.123511 53.023161 -0.353033 0.286918 0.323065 0.829864
1520530853.604347944 18.590337 -22.831333 52.316770 -0.373120 0.292450 0.319320 0.820542
1520530853.654348850 18.600858 -23.545416 51.616788 -0.392901 0.295582 0.315810 0.811495
1520530853.704349995 18.560766 -24.108258 50.791197 -0.410675 0.311033 0.299503 0.803058
1520530853.754353046 18.502644 -24.655010 49.955921 -0.417750 0.331402 0.279478 0.798467
1520530853.804126263 18.418469 -25.414584 49.310971 -0.421173 0.345799 0.269202 0.794083
1520530853.854123116 18.233345 -26.283581 49.769855 -0.435471 0.366519 0.260391 0.779888
1520530853.904125214 17.959612 -27.243052 49.702885 -0.445636 0.379754 0.256104 0.769159
1520530853.954126120 17.681308 -27.914609 49.016184 -0.448486 0.392680 0.246814 0.764032
1520530854.004222393 17.407249 -28.830039 49.310939 -0.477146 0.413325 0.237903 0.738171
1520530854.054129362 17.120413 -29.670840 49.770045 -0.491417 0.437325 0.228049 0.717810
1520530854.104131222 16.826184 -30.626196 49.743115 -0.503226 0.460885 0.220945 0.696801
1520530854.154132366 16.421905 -31.298018 49.122460 -0.501163 0.482896 0.203671 0.688597
1520530854.204134226 15.886491 -32.099956 48.857455 -0.497534 0.498918 0.190669 0.683510
1520530854.254028320 15.266601 -32.841931 48.602095 -0.491355 0.512335 0.170370 0.683416
1520530854.304029465 14.628177 -33.457342 48.139834 -0.485686 0.525581 0.147249 0.682782
1520530854.354031563 14.142158 -34.042217 48.789223 -0.487304 0.538510 0.145175 0.671913
1520530854.404032469 13.401396 -34.688175 48.973642 -0.485168 0.552503 0.143292 0.662435
1520530854.454034567 12.658888 -35.358011 48.975045 -0.484182 0.562344 0.148856 0.653589
1520530854.504035473 11.900760 -35.923363 48.650054 -0.480930 0.573847 0.144676 0.646897
1520530854.554037333 11.165909 -36.601078 48.676429 -0.482534 0.587972 0.132557 0.635515
1520530854.604039431 10.448712 -37.230000 48.976573 -0.482588 0.605748 0.110656 0.622844
1520530854.654198170 9.567385 -37.701166 48.941005 -0.473033 0.617999 0.092895 0.621037
1520530854.704200029 8.977111 -38.424134 49.300025 -0.469521 0.626877 0.085465 0.615850
1520530854.754200935 8.347553 -39.139645 49.602844 -0.473329 0.639763 0.074191 0.600965
1520530854.804203033 7.477807 -39.507811 49.274216 -0.472415 0.648299 0.059651 0.594116
1520530854.854205132 6.551038 -39.883406 49.269065 -0.473458 0.660566 0.044456 0.580959
1520530854.904206276 6.032179 -40.733122 49.362703 -0.478639 0.667394 0.039267 0.569165
1520530854.954208136 5.179326 -41.021657 49.797892 -0.476619 0.684835 0.022111 0.550769
1520530855.004209995 4.212063 -41.169733 50.003988 -0.471074 0.700905 0.011017 0.535444
1520530855.054454327 3.638708 -41.893316 50.388296 -0.475719 0.712475 0.012221 0.515676
1520530855.104456425 2.983632 -41.989835 51.137669 -0.471170 0.730206 0.009359 0.494681
1520530855.154457331 2.161744 -42.528462 51.323088 -0.467442 0.743368 -0.002198 0.478433
1520530855.204459667 1.184591 -42.739912 51.301593 -0.463416 0.759852 -0.013748 0.455721
1520530855.254460573 0.402852 -43.346128 51.447830 -0.463219 0.774997 -0.022865 0.429284
1520530855.304462433 -0.354337 -43.947159 51.703619 -0.461061 0.789565 -0.039827 0.403019
1520530855.354463577 -1.087919 -44.198743 52.334936 -0.459136 0.801208 -0.057449 0.379420
1520530855.404465437 -1.731033 -44.704296 52.910106 -0.455704 0.808789 -0.073517 0.364404
1520530855.454261780 -1.878297 -44.916738 53.876120 -0.451576 0.818600 -0.085855 0.344388
1520530855.504263878 -2.790018 -44.744780 54.249207 -0.441628 0.826981 -0.099058 0.333548
1520530855.554264784 -3.705063 -44.969017 54.584486 -0.437789 0.831652 -0.103301 0.325613
1520530855.604308844 -4.299700 -44.631702 55.314298 -0.431202 0.840275 -0.110722 0.309424
1520530855.654267788 -5.209067 -44.863741 55.659565 -0.429816 0.844529 -0.115410 0.297842
1520530855.704269648 -5.626622 -44.989709 56.559442 -0.429040 0.850763 -0.119743 0.278905
1520530855.754270792 -6.430655 -45.095878 57.144472 -0.421863 0.855574 -0.133994 0.268459
1520530855.804272652 -6.780847 -45.072155 58.080849 -0.411755 0.864212 -0.145672 0.249752
1520530855.853945971 -7.613352 -45.260285 58.601948 -0.400607 0.870322 -0.157742 0.239104
1520530855.903946877 -8.399051 -45.689105 59.047807 -0.393989 0.876897 -0.162040 0.222639
1520530855.953948736 -8.990311 -46.224918 59.650564 -0.387035 0.883719 -0.168655 0.201993
1520530856.003949881 -9.295094 -45.976208 60.569939 -0.380977 0.891323 -0.184767 0.162053
1520530856.053951740 -9.751997 -46.209577 61.428297 -0.375597 0.894069 -0.191622 0.151159
1520530856.103952885 -10.317674 -46.504425 62.198410 -0.375317 0.896056 -0.196963 0.132007
1520530856.153954983 -11.065796 -46.831188 62.775938 -0.372123 0.898054 -0.204212 0.115413
1520530856.203956842 -11.648261 -46.613149 63.559005 -0.368766 0.901379 -0.208598 0.089528
1520530856.253995895 -12.179241 -46.217723 64.308470 -0.360602 0.905529 -0.217364 0.052306
1520530856.303997993 -12.320893 -45.835312 65.221540 -0.350710 0.907122 -0.232139 0.015609
1520530856.353999853 -12.742535 -45.998836 66.113436 -0.338202 0.908307 -0.245230 -0.021435
1520530856.404000759 -13.376892 -46.196608 66.860750 -0.323618 0.908029 -0.261215 -0.050209
1520530856.454001904 -13.741812 -45.411356 67.360962 -0.306684 0.904123 -0.285187 -0.084701
1520530856.504004002 -13.970974 -45.415352 68.334342 -0.292247 0.903753 -0.293532 -0.107984
1520530856.554005861 -14.011781 -44.818580 69.135715 -0.277493 0.900118 -0.304054 -0.142608
1520530856.604007006 -14.413541 -44.655873 70.036889 -0.267012 0.900016 -0.302114 -0.165538
1520530856.654008865 -14.788649 -44.244938 70.867808 -0.257684 0.898735 -0.304675 -0.181791
1520530856.704353094 -15.331573 -43.753923 71.549084 -0.254135 0.895032 -0.310884 -0.194127
1520530856.754354954 -15.135756 -42.796037 71.759110 -0.242704 0.887352 -0.325830 -0.218029
1520530856.804357052 -15.766521 -42.247236 72.307702 -0.239301 0.880915 -0.337316 -0.230089
1520530856.854358196 -16.187480 -41.468723 72.773224 -0.232036 0.873084 -0.354726 -0.240942
1520530856.904359102 -16.638019 -40.976291 73.517888 -0.223388 0.868786 -0.364148 -0.250412
1520530856.954360962 -16.800333 -40.311913 74.247447 -0.216563 0.863599 -0.371486 -0.263240
1520530857.004363060 -16.675323 -39.887570 75.144278 -0.208837 0.858998 -0.371692 -0.283469
1520530857.054363966 -16.579161 -39.214230 75.877330 -0.200644 0.853044 -0.374458 -0.303050
1520530857.104498863 -16.421728 -38.583818 76.637459 -0.193566 0.845386 -0.376431 -0.325813
1520530857.154500723 -16.001122 -37.949058 77.285664 -0.183770 0.837371 -0.379005 -0.348415
1520530857.204501867 -15.353116 -37.368064 77.778142 -0.172519 0.828455 -0.379400 -0.374106
1520530857.254502773 -15.019247 -36.639020 78.375659 -0.163853 0.825281 -0.375694 -0.388482
1520530857.304504633 -14.896613 -35.772274 78.859097 -0.159546 0.820493 -0.374020 -0.401802
1520530857.354506731 -14.717701 -35.007437 79.477980 -0.153152 0.815608 -0.371220 -0.416563
1520530857.404507637 -14.530660 -34.245150 80.097603 -0.144567 0.807682 -0.377966 -0.428825
1520530857.454509735 -13.987683 -33.456999 80.387422 -0.129049 0.795357 -0.390312 -0.445432
1520530857.504649401 -13.615755 -32.551195 80.590371 -0.119385 0.775874 -0.407276 -0.466790
1520530857.554651260 -13.534303 -31.613735 80.928800 -0.111580 0.765130 -0.416270 -0.478378
1520530857.604652166 -13.052990 -30.770752 81.169043 -0.098983 0.755210 -0.419954 -0.493455
1520530857.654654264 -12.554746 -29.933629 81.394829 -0.087512 0.750160 -0.419447 -0.503652
1520530857.704655170 -11.935064 -29.177131 81.603887 -0.073813 0.746945 -0.414987 -0.514209
1520530857.754657030 -11.324125 -28.398846 81.458887 -0.058946 0.739811 -0.413463 -0.527497
1520530857.804659367 -10.847214 -27.521351 81.408306 -0.054931 0.731338 -0.414744 -0.538624
1520530857.854660273 -10.140418 -26.849804 81.630712 -0.051232 0.724517 -0.414082 -0.548623
1520530857.904692173 -9.285924 -26.380379 81.408273 -0.045478 0.714850 -0.413832 -0.561840
1520530857.954694033 -8.427920 -25.867441 81.381377 -0.039505 0.703956 -0.414951 -0.575065
1520530858.004695177 -7.945585 -25.015089 81.179263 -0.040513 0.699593 -0.421145 -0.575816
1520530858.054696083 -7.496435 -24.122089 81.150700 -0.037539 0.695601 -0.420598 -0.581229
1520530858.104697943 -7.007568 -23.250862 81.195113 -0.029476 0.690494 -0.417893 -0.589674
1520530858.154700041 -6.325592 -22.522694 81.263525 -0.013628 0.684745 -0.411706 -0.601196
1520530858.204702139 -5.508996 -21.945485 81.263544 0.002918 0.677242 -0.406040 -0.613568
1520530858.254703045 -4.513861 -21.859173 81.216050 0.018983 0.665904 -0.400794 -0.628949
1520530858.304576159 -3.691121 -21.307396 81.352585 0.028141 0.652330 -0.402649 -0.641520
1520530858.354578018 -3.114994 -20.539337 81.632159 -0.035272 -0.637205 0.402117 0.656527
1520530858.404578924 -2.166607 -20.225937 81.583760 -0.045358 -0.618547 0.400117 0.674722
1520530858.454581022 -1.641447 -19.375155 81.564324 -0.053760 -0.600355 0.394337 0.693674
1520530858.504583120 -0.769910 -18.904390 81.701452 -0.064778 -0.581257 0.388933 0.711811
1520530858.554583788 0.205980 -18.698043 81.630330 -0.082515 -0.556038 0.387133 0.730849
1520530858.604586124 0.983985 -18.150121 81.937720 -0.093137 -0.538970 0.392258 0.739575
1520530858.654592037 1.794810 -18.477569 81.452601 -0.110901 -0.512253 0.392854 0.755621
1520530858.704606771 2.639656 -17.953650 81.344233 -0.116462 -0.498942 0.399363 0.760265
1520530858.754607916 3.400901 -17.661056 80.765531 -0.129658 -0.476285 0.403245 0.770542
1520530858.804609776 4.259446 -17.183522 80.578820 -0.142873 -0.470222 0.403668 0.771706
1520530858.854706764 5.203281 -17.105496 80.257748 -0.158049 -0.459910 0.403766 0.774904
1520530858.904613018 5.913180 -16.584583 79.783729 -0.163077 -0.451908 0.414870 0.772702
1520530858.954613924 6.629140 -15.928321 79.545566 -0.171764 -0.443550 0.422570 0.771489
1520530859.004615784 7.599442 -15.928888 79.303670 -0.184109 -0.429640 0.426594 0.774294
1520530859.054617882 8.119925 -15.220328 78.827182 -0.177937 -0.409123 0.437083 0.780971
1520530859.104618788 8.838797 -15.471456 78.178986 -0.183698 -0.392310 0.440312 0.786431
1520530859.154594898 9.462517 -14.875286 77.673461 -0.185805 -0.385684 0.441830 0.788360
1520530859.204596043 10.306658 -14.554804 77.243674 -0.202779 -0.374610 0.434321 0.793671
1520530859.254597902 10.925694 -13.909296 76.796332 -0.221318 -0.359950 0.423718 0.801198
1520530859.304598808 11.629684 -13.699845 76.117710 -0.241752 -0.332484 0.408109 0.815143
1520530859.354601145 12.459615 -13.223955 75.826603 -0.253873 -0.313435 0.399490 0.823234
1520530859.404603004 13.157207 -12.666830 75.376075 -0.261038 -0.296090 0.398424 0.827918
1520530859.454603910 13.737972 -12.169685 74.731436 -0.266633 -0.271184 0.399239 0.834251
1520530859.504606009 14.594929 -12.418803 74.280254 -0.284464 -0.251064 0.392225 0.837977
1520530859.554533243 15.548506 -12.334569 73.991124 -0.302168 -0.234571 0.385642 0.839613
1520530859.604535103 16.260147 -12.107328 73.326347 -0.312267 -0.204769 0.373280 0.849247
1520530859.654536009 16.763279 -11.918893 72.482931 -0.321384 -0.167309 0.361922 0.858914
1520530859.704538107 17.102088 -12.188956 71.581669 -0.339218 -0.123909 0.351832 0.863592
1520530859.754539013 17.728001 -12.156797 70.802439 -0.357552 -0.088493 0.342518 0.864296
1520530859.804542065 18.068686 -12.436833 69.904935 -0.374730 -0.049471 0.330433 0.864838
1520530859.854543209 18.594692 -12.473035 69.055225 -0.384185 -0.024850 0.327651 0.862803
1520530859.904544115 18.652286 -13.097315 68.276151 -0.396138 0.010520 0.319617 0.860703
1520530859.954867840 18.803936 -13.297575 67.308216 -0.399992 0.039478 0.316654 0.859173
1520530860.004869699 18.820739 -13.713601 66.399018 -0.400104 0.063522 0.312710 0.859124
1520530860.054871559 18.821053 -14.196110 65.523127 -0.404194 0.079318 0.310814 0.856581
1520530860.104873896 18.811257 -14.461563 64.559053 -0.408159 0.095767 0.302897 0.855855
1520530860.154873610 18.975551 -14.540658 63.575818 -0.403584 0.118491 0.296441 0.857439
1520530860.204875708 19.149078 -14.655241 62.597677 -0.398683 0.134287 0.299734 0.856258
1520530860.254876852 19.357560 -14.663114 61.619683 -0.400500 0.146049 0.300127 0.853342
1520530860.304878712 19.790959 -14.933111 60.759876 -0.412338 0.158521 0.297959 0.846209
1520530860.355013609 19.643055 -15.430466 59.905029 -0.430711 0.186619 0.285780 0.835459
1520530860.405015707 19.650834 -15.862627 59.003267 -0.440710 0.214125 0.276545 0.826709
1520530860.455060720 19.975874 -16.358486 58.197989 -0.446009 0.233635 0.271315 0.820292
1520530860.505018711 20.017067 -17.114851 57.545138 -0.444820 0.258107 0.267389 0.814874
1520530860.555019617 20.309926 -17.460467 56.653631 -0.447545 0.279581 0.255976 0.809947
1520530860.605021715 20.324293 -18.135846 55.916300 -0.457746 0.300232 0.246559 0.799711
1520530860.655023813 20.332322 -18.480457 54.977589 -0.463441 0.323407 0.230393 0.792180
1520530860.705024958 20.261524 -19.201248 54.288062 -0.470644 0.349613 0.215271 0.780976
1520530860.754849911 20.056748 -19.935950 53.641316 -0.467877 0.382620 0.199129 0.771389
1520530860.804851055 19.580938 -20.497651 52.964488 -0.465192 0.416143 0.186896 0.758611
1520530860.854852915 19.464628 -21.163498 52.227521 -0.470175 0.442223 0.171098 0.744379
1520530860.904853821 19.310207 -21.618462 51.350503 -0.473189 0.463718 0.161141 0.731500
1520530860.954855919 18.482320 -22.149716 51.170579 -0.477640 0.486589 0.159202 0.713965
1520530861.004858017 18.228599 -22.829477 50.482428 -0.481038 0.502481 0.154072 0.701696
1520530861.054858923 17.774203 -23.599601 50.034732 -0.483412 0.519723 0.145916 0.689137
1520530861.104861021 17.360411 -24.468908 49.764396 -0.483370 0.532109 0.141841 0.680511
1520530861.154861927 16.812532 -25.300343 49.671960 -0.484045 0.545002 0.136396 0.670872
1520530861.204705954 16.441932 -26.200577 49.443410 -0.483935 0.551873 0.139932 0.664577
1520530861.254708052 15.903551 -26.981335 49.126294 -0.480787 0.556935 0.137764 0.663090
1520530861.304708958 15.332726 -27.800123 49.187494 -0.487902 0.572335 0.135380 0.645024
1520530861.354710102 14.622388 -28.455519 48.930831 -0.490265 0.581085 0.138306 0.634706
1520530861.404711962 14.177899 -29.105267 49.547481 -0.505154 0.596300 0.143214 0.607236
1520530861.454714060 13.445019 -29.779916 49.459529 -0.508974 0.608813 0.136624 0.592980
1520530861.504715204 12.697840 -30.444349 49.475431 -0.512438 0.623563 0.125045 0.577010
1520530861.554717064 11.927198 -31.063242 49.323502 -0.509347 0.637511 0.105154 0.568408
1520530861.604568243 11.147823 -31.677499 49.199957 -0.504534 0.649380 0.088451 0.562074
1520530861.654569149 10.320347 -32.201576 48.998401 -0.501017 0.659302 0.074889 0.555603
1520530861.704571247 9.593725 -32.585943 49.567859 -0.500012 0.677520 0.068360 0.535053
1520530861.754572153 8.981607 -33.130889 50.140875 -0.501676 0.692524 0.066700 0.514084
1520530861.804574013 8.076955 -33.403274 50.468610 -0.497370 0.710704 0.051497 0.494843
1520530861.854575157 7.222828 -33.721391 50.880034 -0.491123 0.728115 0.036308 0.476790
1520530861.904577017 6.766734 -33.790381 51.767287 -0.481249 0.750090 0.028561 0.452711
1520530861.954577923 6.146873 -33.995335 52.524761 -0.475380 0.772809 0.012872 0.420255
1520530862.004641056 5.703865 -33.995233 53.421279 -0.468980 0.793853 -0.003306 0.387097
1520530862.054642200 5.064670 -33.985564 54.190263 -0.462722 0.811060 -0.015484 0.357533
1520530862.104644299 4.231329 -33.970694 54.742822 -0.453505 0.824803 -0.024655 0.336786
1520530862.154645443 3.400963 -34.454477 55.019311 -0.448870 0.832989 -0.031027 0.321999
1520530862.204647303 2.733308 -34.993971 55.532324 -0.445201 0.839827 -0.038476 0.308231
1520530862.254649162 2.086905 -35.282043 56.238850 -0.440344 0.846606 -0.049101 0.294864
1520530862.304650307 1.159854 -35.038496 56.523914 -0.435089 0.852006 -0.055484 0.285842
1520530862.354652166 0.475737 -34.807774 57.215833 -0.434204 0.857156 -0.062027 0.270006
1520530862.404806852 -0.250611 -35.373429 57.606285 -0.435832 0.858116 -0.070185 0.262225
1520530862.454808712 -1.166172 -35.550491 57.967391 -0.430047 0.860406 -0.078715 0.261849
1520530862.504809856 -1.985617 -35.385780 58.516372 -0.426989 0.862840 -0.085779 0.256573
1520530862.554811716 -2.796724 -34.961929 58.919430 -0.421973 0.867778 -0.089414 0.246789
1520530862.604813576 -3.751264 -34.975903 59.217186 -0.418084 0.873167 -0.087206 0.234903
1520530862.654814720 -4.616587 -34.975237 59.718399 -0.419230 0.877712 -0.077148 0.218897
1520530862.704816818 -5.289239 -34.460188 60.249684 -0.414108 0.886143 -0.063373 0.198113
1520530862.754817724 -6.009297 -33.991732 60.761609 -0.410903 0.893414 -0.051105 0.174238
1520530862.804625988 -6.478651 -33.926858 61.642232 -0.414299 0.898187 -0.028325 0.144269
1520530862.854626894 -7.006021 -34.025935 62.486072 -0.419776 0.900502 -0.011122 0.112963
1520530862.904628754 -7.598023 -34.154894 63.281624 -0.420149 0.902846 0.019621 0.089217
1520530862.954629898 -8.387645 -33.969862 63.866654 -0.417405 0.905720 0.039583 0.062268
1520530863.004631996 -9.023516 -34.300742 64.563924 -0.418475 0.905295 0.067132 0.028520
1520530863.054633856 -9.481587 -34.192343 65.446206 -0.417668 0.904803 0.081937 -0.013072
1520530863.104635000 -9.742106 -33.826192 66.339550 -0.411593 0.905460 0.086282 -0.057351
1520530863.154636860 -9.401037 -34.156446 67.219666 -0.416049 0.898743 0.098179 -0.097593
1520530863.204078913 -9.442022 -33.782133 68.146062 -0.420021 0.893266 0.084516 -0.136073
1520530863.254079819 -9.484123 -33.159780 68.927666 -0.424403 0.886077 0.065995 -0.174343
1520530863.304081678 -10.250913 -33.788914 69.055031 -0.433383 0.879521 0.055833 -0.188427
1520530863.354084015 -11.031701 -34.099965 69.596897 -0.442443 0.872485 0.034978 -0.204428
1520530863.404084921 -10.981091 -33.400222 70.309497 -0.443544 0.865512 -0.000667 -0.232718
1520530863.454085827 -10.950909 -33.002701 71.226593 -0.448728 0.856339 -0.038212 -0.252719
1520530863.504087925 -10.887888 -32.338778 71.971734 -0.457155 0.842908 -0.088876 -0.269473
1520530863.554088831 -11.392599 -32.956161 72.575144 -0.464614 0.832285 -0.128792 -0.273584
1520530863.604090691 -11.821160 -33.835109 72.784395 -0.477824 0.818317 -0.169609 -0.270692
1520530863.653908968 -12.157865 -33.378266 73.607757 -0.482732 0.797278 -0.220373 -0.287669
1520530863.704004049 -12.263305 -34.187969 74.185045 -0.504967 0.771618 -0.256098 -0.289875
1520530863.753911972 -12.619770 -34.939382 74.740305 -0.518042 0.746186 -0.300963 -0.290276
1520530863.803914070 -12.767282 -35.464358 75.578541 -0.523334 0.723605 -0.340795 -0.293898
1520530863.853915930 -13.212119 -36.259120 75.991424 -0.531662 0.700428 -0.379931 -0.287032
1520530863.903916836 -13.511518 -36.549867 76.900174 -0.522611 0.689160 -0.409579 -0.290139
1520530863.953919172 -13.313747 -36.736684 77.862456 -0.510401 0.681182 -0.437004 -0.290704
1520530864.003920078 -13.211281 -36.872955 78.847814 -0.502203 0.673006 -0.454624 -0.296938
1520530864.054671049 -13.913161 -36.163377 78.909957 -0.479759 0.659944 -0.489471 -0.307770
1520530864.104673147 -14.064132 -35.791466 79.825866 -0.459927 0.654138 -0.505745 -0.323717
1520530864.154674053 -14.589157 -35.477044 80.616744 -0.437851 0.647682 -0.520642 -0.343113
1520530864.204676151 -14.943011 -34.736552 81.188110 -0.411174 0.647014 -0.525723 -0.368679
1520530864.254677057 -15.548341 -34.186820 81.763757 -0.391333 0.644801 -0.524079 -0.395513
1520530864.304678917 -16.129214 -33.584483 82.311276 -0.368818 0.643057 -0.520648 -0.423529
1520530864.354680061 -15.812297 -32.836382 82.894293 -0.341362 0.651509 -0.503163 -0.453690
1520530864.404682159 -15.896340 -31.959721 83.368005 -0.319400 0.652995 -0.484341 -0.486821
1520530864.455241919 -16.371147 -31.176936 83.770256 -0.305142 0.650130 -0.459907 -0.522212
1520530864.505243778 -16.539494 -30.388675 84.362120 -0.283865 0.649612 -0.439086 -0.551931
1520530864.555244684 -15.957066 -29.582578 84.466939 -0.249961 0.650370 -0.412853 -0.586592
1520530864.605246782 -16.146148 -28.797552 85.056839 -0.217593 0.662463 -0.391384 -0.600512
1520530864.655248642 -16.346974 -27.817928 85.059232 -0.191700 0.672219 -0.372611 -0.610355
1520530864.705250740 -16.438149 -26.839760 84.872487 -0.171812 0.686897 -0.348492 -0.614171
1520530864.755251884 -16.369056 -25.867180 84.650416 -0.150828 0.701669 -0.335233 -0.610353
1520530864.805252790 -16.163257 -24.921817 84.903272 -0.136438 0.723061 -0.317506 -0.598128
1520530864.854247570 -16.557029 -25.833586 84.786559 -0.127515 0.750384 -0.291950 -0.579162
1520530864.904249668 -17.473062 -26.181990 84.587820 -0.112338 0.774285 -0.273293 -0.559620
1520530864.954250574 -17.190084 -25.379973 84.061804 -0.111112 0.787696 -0.270215 -0.542376
1520530865.004252434 -18.181716 -25.509020 84.058270 -0.109194 0.814883 -0.263224 -0.504732
1520530865.054254770 -18.959622 -26.088557 83.815376 -0.114937 0.842476 -0.255673 -0.460061
1520530865.104255676 -19.712596 -26.712705 83.606881 -0.122373 0.867501 -0.254407 -0.409567
1520530865.154261589 -20.089455 -27.352266 82.936852 -0.129795 0.890659 -0.247398 -0.358712
1520530865.204258680 -20.475915 -28.112493 82.414642 -0.145855 0.907309 -0.254417 -0.301312
1520530865.253919125 -20.287216 -27.679720 81.533110 -0.155631 0.912495 -0.277268 -0.257400
1520530865.303959131 -20.140923 -28.526654 81.021934 -0.177317 0.917900 -0.292474 -0.201192
1520530865.353922844 -19.719991 -29.397536 80.768201 -0.197097 0.916254 -0.311699 -0.156445
1520530865.403923988 -19.294583 -30.135830 80.244798 -0.214970 0.910400 -0.336634 -0.107875
1520530865.453926086 -19.344554 -30.775254 79.477570 -0.234731 0.898076 -0.368531 -0.050449
1520530865.503927231 -18.350878 -30.691096 79.403241 -0.243255 0.886343 -0.393503 -0.019460
1520530865.553929090 -17.882433 -31.252439 78.721000 -0.260087 0.864219 -0.429588 0.030552
1520530865.603929996 -17.882433 -31.252439 78.721000 -0.260087 0.864219 -0.429588 0.030552
1520530865.653932095 -17.322193 -31.858920 78.156808 -0.282574 0.842995 -0.450309 0.082052
1520530865.704600573 -17.322193 -31.858920 78.156808 -0.282574 0.842995 -0.450309 0.082052
1520530865.754602909 -16.413012 -32.157949 77.867028 -0.308855 0.824251 -0.456686 0.129059
1520530865.804604769 -15.512197 -31.725689 77.825989 -0.313342 0.813387 -0.463631 0.158945
1520530865.854605675 -14.628348 -31.258487 77.849073 -0.324946 0.802522 -0.460835 0.194935
1520530865.904607773 -13.873267 -30.612947 77.734486 -0.337827 0.789367 -0.457008 0.232199
1520530865.954608679 -13.155132 -29.918920 77.785552 -0.352453 0.777407 -0.447591 0.266604
1520530866.004610538 -13.773362 -29.401363 78.377098 -0.380190 0.762988 -0.427057 0.301541
1520530866.054612875 -14.737825 -29.463910 78.633807 -0.408573 0.747965 -0.396342 0.341363
1520530866.105678082 -15.430363 -28.917743 79.105074 -0.431983 0.740787 -0.370282 0.357094
1520530866.155680418 -15.553007 -28.460330 78.224317 -0.449743 0.734537 -0.339502 0.378054
1520530866.205681324 -15.706943 -28.226830 77.264223 -0.470934 0.732969 -0.299260 0.389129
1520530866.255683422 -16.317205 -28.592081 77.967197 -0.493440 0.742005 -0.228903 0.391854
1520530866.305685282 -16.913408 -27.898428 77.562983 -0.499003 0.759634 -0.168517 0.381514
1520530866.355687380 -17.670587 -28.176239 78.154169 -0.508503 0.780789 -0.082792 0.353466
1520530866.405688524 -18.237519 -27.748527 78.858194 -0.509326 0.801480 -0.012718 0.313138
1520530866.455689192 -18.911361 -27.603196 79.582635 -0.516134 0.812467 0.046194 0.267151
1520530866.504818439 -19.893865 -27.472358 79.715178 -0.536567 0.811358 0.082946 0.216598
1520530866.554819345 -20.556504 -28.112397 79.326257 -0.556376 0.804016 0.121885 0.170730
1520530866.604821444 -21.489920 -28.426614 79.153043 -0.583163 0.791335 0.141820 0.116608
1520530866.654822588 -22.376933 -28.881714 79.231101 -0.615913 0.769361 0.160136 0.055600
1520530866.704824448 -22.085409 -29.396398 80.037398 -0.656496 0.735584 0.165353 -0.024241
1520530866.754826307 -22.781791 -30.068162 80.289954 -0.689530 0.703599 0.160512 -0.061095
1520530866.804827452 -23.380668 -30.801679 80.611355 0.716328 -0.679179 -0.137102 0.082427
1520530866.854828358 -23.401072 -30.589261 79.634389 0.745622 -0.645222 -0.096722 0.135576
1520530866.903951168 -23.085799 -30.431854 80.570245 0.782114 -0.597515 -0.042211 0.171731
1520530866.953953266 -22.574120 -31.290959 80.581385 0.813255 -0.555243 -0.010662 0.173803
1520530867.003954172 -22.089177 -32.164141 80.532568 0.839304 -0.517179 0.033476 0.164240
1520530867.053956270 -21.312408 -32.769443 80.706462 0.859559 -0.482919 0.079516 0.147052
1520530867.103957415 -20.694899 -33.507724 80.977799 0.875066 -0.451341 0.135532 0.110374
1520530867.153959274 -19.898624 -34.008380 81.317342 0.883163 -0.422484 0.191174 0.070597
1520530867.203960419 -19.217328 -34.727820 81.452404 0.885672 -0.387273 0.255435 0.018890
1520530867.253962278 -20.175988 -34.812437 81.724088 0.871787 -0.360209 0.331203 -0.023265
1520530867.304045439 -19.495831 -34.428970 82.348860 0.870578 -0.322575 0.370047 -0.033248
1520530867.354047298 -19.955885 -34.420803 83.236713 0.855633 -0.300353 0.417483 -0.058209
1520530867.404049158 -20.367621 -35.331072 83.280110 0.836599 -0.283853 0.460375 -0.087086
1520530867.454050303 -20.894821 -35.266861 84.127421 0.817869 -0.266868 0.501723 -0.090255
1520530867.504052401 -20.929012 -35.501204 85.098974 0.805767 -0.255902 0.527324 -0.084757
1520530867.554054260 -20.954641 -36.145005 85.863738 0.793360 -0.252584 0.549124 -0.072412
1520530867.604055405 -21.355697 -36.423022 86.736584 0.780492 -0.261748 0.565737 -0.047553
1520530867.654056311 -22.251016 -36.366040 87.178350 0.762737 -0.285293 0.580183 -0.015108
1520530867.705262184 -22.964666 -36.320143 87.877347 0.746925 -0.319236 0.582300 0.033450
1520530867.755264282 -22.196852 -36.617819 87.310029 0.733178 -0.362117 0.566640 0.101200
1520530867.805265188 -22.725005 -37.466130 87.347755 0.723339 -0.406401 0.537341 0.151276
1520530867.855267048 -23.528271 -37.368189 87.935268 0.703907 -0.455893 0.500226 0.215522
1520530867.905269384 -22.713863 -37.642932 87.424135 0.685449 -0.509085 0.447975 0.265161
1520530867.955270290 -23.637665 -37.969197 87.624491 0.669444 -0.558665 0.399222 0.283480
1520530868.005272150 -23.129027 -38.755501 87.273757 0.659514 -0.607863 0.337040 0.286266
1520530868.055273294 -23.555221 -39.659086 87.230245 -0.639754 0.660408 -0.287624 -0.268046
1520530868.105275154 -23.512050 -38.949094 86.527359 -0.624262 0.693409 -0.250666 -0.258160
1520530868.154267788 -23.573314 -38.257807 85.807381 -0.609693 0.724404 -0.211119 -0.242778
1520530868.204268694 -24.121387 -37.454031 85.575949 -0.598255 0.752549 -0.178342 -0.209657
1520530868.254269838 -24.503496 -36.611782 85.195674 -0.583952 0.777296 -0.158083 -0.172688
1520530868.304271698 -24.874897 -35.691657 85.071452 -0.566441 0.801704 -0.144804 -0.124282
1520530868.354272604 -25.113802 -34.779889 84.737380 -0.546456 0.821817 -0.146062 -0.068322
1520530868.404274702 -24.960193 -33.847347 84.410625 -0.529383 0.833910 -0.156011 -0.002886
1520530868.454276800 -24.418594 -33.018243 84.271855 -0.510847 0.840017 -0.172755 0.059687
1520530868.504277706 -23.763878 -32.262373 84.269098 -0.497978 0.836442 -0.194215 0.121095
1520530868.554019928 -23.531859 -31.345251 83.944975 -0.474167 0.827737 -0.237305 0.183587
1520530868.603940964 -22.757746 -30.827933 84.309845 -0.463267 0.817616 -0.252178 0.230854
1520530868.653942823 -23.671665 -31.196851 84.479111 -0.480287 0.788595 -0.258907 0.283567
1520530868.703943729 -23.671665 -31.196851 84.479111 -0.480287 0.788595 -0.258907 0.283567
1520530868.753946066 -23.294836 -30.544009 85.136224 -0.463614 0.780853 -0.258893 0.329096
1520530868.803946733 -23.007077 -31.240698 84.479094 -0.465150 0.748791 -0.276576 0.382692
1520530868.853948832 -23.007077 -31.240698 84.479094 -0.465150 0.748791 -0.276576 0.382692
1520530868.903949976 -23.007077 -31.240698 84.479094 -0.465150 0.748791 -0.276576 0.382692
1520530868.954710007 -23.007077 -31.240698 84.479094 -0.465150 0.748791 -0.276576 0.382692
1520530869.004712343 -22.414357 -30.915297 83.742346 -0.470532 0.720266 -0.272608 0.430700
1520530869.054713249 -21.440810 -30.769427 83.566487 -0.484641 0.696303 -0.242801 0.470461
1520530869.104715109 -22.283826 -30.593480 84.074784 -0.510103 0.682494 -0.196656 0.485102
1520530869.154716253 -23.139020 -30.944111 84.456493 -0.537449 0.664001 -0.139399 0.500819
1520530869.204718113 -23.751930 -31.063179 85.237623 -0.572078 0.661964 -0.081989 0.477292
1520530869.254719019 -24.215234 -31.356883 86.073738 -0.608997 0.659178 -0.024175 0.440480
1520530869.304721355 -24.528467 -31.984368 86.786583 -0.639766 0.653696 0.035360 0.402655
1520530869.355246544 -24.894444 -32.807756 87.220280 0.664048 -0.649614 -0.097439 -0.357138
1520530869.405247211 -25.031221 -33.643464 87.752149 0.695488 -0.639800 -0.142832 -0.294196
1520530869.455249310 -25.267677 -34.090120 88.615043 0.723536 -0.629082 -0.177243 -0.222116
1520530869.505250454 -25.082997 -34.228926 89.587990 0.750146 -0.612208 -0.204592 -0.143609
1520530869.555252314 -24.830272 -34.234879 90.555510 0.776157 -0.589197 -0.214643 -0.065989
1520530869.605253220 -25.367178 -35.050151 90.338571 0.798609 -0.560398 -0.218514 -0.020723
1520530869.655255318 -25.678569 -34.890428 89.401808 0.828287 -0.518877 -0.205541 0.049601
1520530869.705257416 -25.764803 -35.875019 89.249677 0.852790 -0.476937 -0.196224 0.082315
1520530869.754108667 -26.641757 -35.632542 88.834760 0.882641 -0.423663 -0.170280 0.111622
1520530869.804110765 -26.178687 -36.460992 88.519742 0.902863 -0.386429 -0.150415 0.113517
1520530869.854111910 -25.501369 -37.107227 88.168144 0.923174 -0.345808 -0.129303 0.106994
1520530869.904113770 -25.705565 -36.894676 87.212568 0.938981 -0.316626 -0.081625 0.106774
1520530869.954115629 -25.056348 -37.535946 86.803557 0.948431 -0.291631 -0.066976 0.104616
1520530870.004116774 -25.499931 -37.231573 85.960592 0.956934 -0.261570 -0.031451 0.121936
1520530870.054117680 -25.233294 -36.894743 86.863615 0.965427 -0.226163 -0.002681 0.129588
1520530870.104119539 -25.305222 -37.161870 85.902641 0.972731 -0.198386 0.033346 0.115434
1520530870.153995752 -24.894058 -37.032566 85.000298 0.978865 -0.183799 0.065307 0.061445
1520530870.203977823 -23.896461 -36.963322 84.997584 0.980816 -0.173564 0.088373 -0.008124
1520530870.253979683 -23.029418 -36.590370 84.667216 0.975371 -0.169340 0.113326 -0.084453
1520530870.303980827 -22.435807 -35.836398 84.385877 0.963186 -0.171186 0.136717 -0.155808
1520530870.353982925 -21.728334 -35.130170 84.358979 0.947944 -0.171763 0.150210 -0.222118
1520530870.403983593 -21.728334 -35.130170 84.358979 0.947944 -0.171763 0.150210 -0.222118
1520530870.453985929 -21.728334 -35.130170 84.358979 0.947944 -0.171763 0.150210 -0.222118
1520530870.503986835 -21.728334 -35.130170 84.358979 0.947944 -0.171763 0.150210 -0.222118
1520530870.553988695 -21.728334 -35.130170 84.358979 0.947944 -0.171763 0.150210 -0.222118
1520530870.604328871 -21.728334 -35.130170 84.358979 0.947944 -0.171763 0.150210 -0.222118
1520530870.654329777 -22.039753 -35.555880 85.208561 0.949125 -0.169826 0.141220 -0.224449
1520530870.704331636 -22.021013 -35.825724 86.171282 0.958076 -0.170024 0.133989 -0.187696
1520530870.754332781 -21.716017 -36.253179 87.022317 0.972138 -0.171285 0.110510 -0.115744
1520530870.804334641 -22.022658 -36.422422 87.958975 0.980997 -0.175474 0.079816 -0.021964
1520530870.854335546 -22.070275 -36.334945 88.954002 0.979726 -0.180647 0.038786 0.077450
1520530870.904337645 -22.514156 -36.380657 89.848922 0.966578 -0.193948 -0.007487 0.167494
1520530870.954338551 -23.008019 -35.695047 90.383748 0.948283 -0.204844 -0.056251 0.235868
1520530871.005245209 -22.707722 -36.205545 91.189485 0.932749 -0.215257 -0.111723 0.266763
1520530871.055247307 -22.767004 -35.358631 91.717901 0.923238 -0.221895 -0.152974 0.273850
1520530871.105249405 -22.506132 -35.770746 92.590888 0.923194 -0.226069 -0.181257 0.252491
1520530871.155250311 -22.324799 -35.653138 91.614525 0.927133 -0.234080 -0.189866 0.222669
1520530871.205252171 -22.490665 -36.303917 90.873596 0.933450 -0.236962 -0.185804 0.194930
1520530871.255253315 -22.900940 -36.876857 90.164079 0.945656 -0.228758 -0.154265 0.172066
1520530871.305255175 -23.365112 -37.293265 89.382319 0.961815 -0.203201 -0.094183 0.157324
1520530871.355257273 -22.918432 -37.306069 88.487717 0.972210 -0.178968 -0.015721 0.150100
1520530871.404156685 -22.026750 -37.482292 88.070766 0.975918 -0.158727 0.052566 0.140097
1520530871.454157829 -21.961007 -37.951237 87.189989 0.971784 -0.145741 0.137101 0.124894
1520530871.504159927 -21.701721 -37.827572 86.232138 0.959141 -0.141694 0.215764 0.115832
1520530871.554161787 -21.701721 -37.827572 86.232138 0.959141 -0.141694 0.215764 0.115832
1520530871.604162931 -21.826059 -37.997576 87.209706 0.941242 -0.132892 0.290590 0.109367
1520530871.654163837 -21.864833 -38.037095 86.211240 0.923033 -0.115381 0.350485 0.108896
1520530871.704165936 -22.248705 -38.076762 87.133774 0.905677 -0.102816 0.397062 0.107333
1520530871.754167795 -21.689140 -37.563296 86.483205 0.895976 -0.091550 0.421145 0.107162
1520530871.804374695 -20.985846 -37.384328 85.795202 0.901820 -0.079722 0.410719 0.108052
1520530871.854376793 -21.269696 -37.448189 84.838462 0.918229 -0.072074 0.373227 0.111191
1520530871.904377699 -22.142639 -37.576381 84.367784 0.937731 -0.078445 0.316917 0.118617
1520530871.954379559 -22.762100 -37.854329 83.633609 0.957632 -0.086911 0.241377 0.130862
1520530872.004380703 -22.738101 -38.078023 82.659245 0.969872 -0.108725 0.149305 0.158858
1520530872.054382801 -23.509635 -37.696156 83.168081 0.969838 -0.129918 0.079528 0.190293
1520530872.104383469 -24.403081 -37.249500 83.215540 0.960338 -0.160490 0.026150 0.226515
1520530872.154385805 -25.355266 -36.947170 83.171510 0.947848 -0.186570 -0.017933 0.257786
1520530872.204461336 -25.272215 -36.753449 84.149045 0.934561 -0.199671 -0.055549 0.289207
1520530872.254462242 -25.806226 -36.471711 84.946200 0.918618 -0.207219 -0.081341 0.326474
1520530872.304464340 -26.226330 -36.122573 85.783825 0.901648 -0.210848 -0.106046 0.362391
1520530872.354465485 -26.206509 -36.553414 84.881614 0.886486 -0.214658 -0.136226 0.386661
1520530872.404467344 -25.738265 -36.256147 85.713708 0.873204 -0.240014 -0.147804 0.397570
1520530872.454468250 -26.333610 -36.410908 84.925284 0.859308 -0.280413 -0.129464 0.407674
1520530872.504470348 -25.734355 -37.074215 84.477046 0.845704 -0.326434 -0.092780 0.411846
1520530872.554471254 -26.249834 -37.883476 84.195304 0.828231 -0.377073 -0.045958 0.411992
1520530872.604473114 -26.263284 -37.688553 83.214578 0.808497 -0.414340 0.012092 0.417743
1520530872.654146194 -26.093579 -38.340521 82.475568 0.783443 -0.448560 0.073058 0.423879
1520530872.704148054 -26.075688 -39.128956 81.860709 0.760422 -0.473277 0.129012 0.425587
1520530872.754149199 -26.244951 -39.730411 81.079939 0.729153 -0.494081 0.181702 0.437269
1520530872.804151058 -25.839229 -40.603920 81.348960 0.695121 -0.513229 0.226070 0.449772
1520530872.854152203 -25.405097 -41.406567 81.757966 0.663001 -0.521731 0.266672 0.465953
1520530872.904153109 -25.164328 -42.017856 82.511860 0.645125 -0.508074 0.297414 0.487052
1520530872.954156160 -25.534433 -41.202797 82.066100 0.632886 -0.477428 0.321648 0.517745
1520530873.004157305 -25.814477 -42.162784 82.066142 0.632421 -0.424259 0.334747 0.554971
1520530873.054336071 -26.463760 -41.411331 81.948879 0.626832 -0.370077 0.337047 0.597096
1520530873.104337931 -26.466172 -40.450012 81.673453 0.616797 -0.307972 0.329100 0.645297
1520530873.154339075 -26.539361 -40.441362 80.676172 0.618920 -0.252907 0.304657 0.678350
1520530873.204341173 -26.668717 -40.058860 81.591027 0.625887 -0.201139 0.267895 0.704302
1520530873.254342318 -26.668717 -40.058860 81.591027 0.625887 -0.201139 0.267895 0.704302
1520530873.304344177 -26.755319 -39.071323 81.722448 0.632941 -0.148471 0.222464 0.726534
1520530873.354346037 -26.447188 -38.120813 81.682647 0.632407 -0.102200 0.164645 0.750006
1520530873.404404163 -26.209232 -37.391854 82.324516 0.631407 -0.059798 0.105160 0.765957
1520530873.454876423 -26.637440 -38.103195 82.881859 0.625238 -0.036279 0.042286 0.778443
1520530873.504877329 -27.055498 -38.051637 83.788815 0.618366 -0.013976 -0.024156 0.785394
1520530873.554879427 -26.994282 -39.049636 83.772962 0.597190 -0.015384 -0.093137 0.796525
1520530873.604880571 -27.563624 -39.164263 84.587031 0.575363 -0.029556 -0.152988 0.802919
1520530873.654882431 -27.651567 -40.035694 85.069602 0.534879 -0.060444 -0.206301 0.817123
1520530873.704883575 -27.967674 -39.240083 85.586399 0.497118 -0.097016 -0.238441 0.828618
1520530873.754885435 -27.421608 -38.624537 85.018144 0.445692 -0.145320 -0.258331 0.844693
1520530873.804887295 -26.812377 -38.237754 84.325874 0.387451 -0.202459 -0.261110 0.860647
1520530873.854907274 -27.159517 -37.302803 84.399094 0.336589 -0.234677 -0.241430 0.879401
1520530873.904909372 -27.332928 -36.319627 84.341705 0.281247 -0.259606 -0.215092 0.898466
1520530873.954910278 -27.304318 -35.351538 84.092737 0.227116 -0.275080 -0.186668 0.915371
1520530874.004912138 -27.462014 -35.106729 83.136076 0.165010 -0.278601 -0.154810 0.933374
1520530874.054913282 -26.855759 -34.355552 82.874948 0.112857 -0.270558 -0.128005 0.947458
1520530874.104915380 -25.882063 -34.575872 82.933032 0.063298 -0.257334 -0.106264 0.958374
1520530874.154917240 -25.270661 -34.305114 83.676590 0.029831 -0.234915 -0.096085 0.966795
1520530874.204918385 -25.042746 -34.479222 84.634578 -0.003825 -0.211349 -0.088457 0.973392
1520530874.254431486 -25.520721 -34.645425 85.497084 -0.036010 -0.173787 -0.089037 0.980089
1520530874.304432392 -24.839812 -34.488454 86.212432 -0.051371 -0.150809 -0.099007 0.982250
1520530874.354434490 -23.957790 -34.090813 85.959611 -0.059870 -0.130610 -0.104177 0.984126
1520530874.404436588 -23.014792 -33.986736 86.275716 -0.058054 -0.121524 -0.108711 0.984908
1520530874.454437494 -22.456344 -34.399994 86.994989 -0.051472 -0.110112 -0.109844 0.986489
1520530874.504439354 -21.782261 -34.797984 87.617256 -0.035424 -0.092941 -0.114671 0.988412
1520530874.554441452 -21.182445 -35.064876 88.371570 -0.022741 -0.072355 -0.122688 0.989543
1520530874.604442358 -20.453759 -35.446659 88.940128 -0.003225 -0.049391 -0.132251 0.989980
1520530874.654208899 -19.847050 -35.787976 89.658046 0.015882 -0.034050 -0.134822 0.990157
1520530874.704210758 -18.975196 -36.239183 89.848530 0.027608 -0.030507 -0.147192 0.988252
1520530874.754211903 -18.008694 -36.076787 89.649785 0.041030 -0.023863 -0.149858 0.987568
1520530874.804213762 -17.057619 -36.369293 89.749270 0.050621 -0.025244 -0.155992 0.986137
1520530874.854215860 -17.057619 -36.369293 89.749270 0.050621 -0.025244 -0.155992 0.986137
1520530874.904217005 -16.214709 -36.888231 89.891419 0.063937 -0.019980 -0.162702 0.984399
1520530874.954218864 -15.309143 -37.306845 89.822767 0.069016 -0.019157 -0.169279 0.982962
1520530875.004220009 -14.763452 -37.797659 90.501974 0.073454 -0.015168 -0.177621 0.981237
1520530875.054221869 -15.738348 -37.806988 90.724440 0.071866 -0.019109 -0.180672 0.980728
1520530875.104334593 -14.900435 -37.429377 90.330344 0.066457 -0.023331 -0.183273 0.980536
1520530875.154336929 -14.329347 -36.935702 89.674491 0.059312 -0.026137 -0.190477 0.979550
1520530875.204337835 -13.979317 -37.755134 90.128374 0.059312 -0.026137 -0.190477 0.979550
1520530875.254339695 -13.573597 -37.467836 89.260704 0.057967 -0.021686 -0.188233 0.980172
1520530875.304340839 -13.629662 -37.953575 90.133009 0.058644 -0.012596 -0.186331 0.980654
1520530875.354342699 -13.318167 -38.817111 90.529588 0.062736 -0.003798 -0.183127 0.981078
1520530875.404344559 -13.001352 -39.644640 90.993079 0.076691 0.003736 -0.180150 0.980638
1520530875.454345942 -12.664843 -40.465695 91.454198 0.094881 0.005773 -0.181258 0.978831
