1520530731.400018454 0.000000 0.000000 0.000000 0.000000 0.000000 0.000000 1.000000
1520530731.450020552 -0.000367 0.008044 0.001918 0.001145 0.000141 0.002839 0.999995
1520530731.500021458 -0.002675 0.007195 0.002179 -0.002975 0.003628 0.006163 0.999970
1520530731.550009966 -0.008284 0.011998 0.003014 -0.006732 0.006727 0.010097 0.999904
1520530731.600011110 -0.010255 0.008758 0.000616 -0.010017 0.007978 0.012084 0.999845
1520530731.650012016 -0.009301 0.012061 0.001263 -0.009026 0.007147 0.013170 0.999847
1520530731.700013876 -0.005310 0.015510 0.002849 -0.005669 0.004737 0.012843 0.999890
1520530731.750016212 -0.002439 0.018282 0.002926 -0.002845 0.001863 0.011719 0.999926
1520530731.800016880 0.001814 0.014201 0.002358 -0.003536 0.000694 0.010039 0.999943
1520530731.850102186 -0.002373 0.009436 0.000143 -0.005403 0.002934 0.009011 0.999941
1520530731.900020123 -0.002828 0.007565 0.001800 -0.006281 0.008672 0.007520 0.999914
1520530731.950036049 0.001221 0.006810 0.005189 -0.005533 0.017866 0.006829 0.999802
1520530732.000037193 -0.001094 0.012685 0.008192 -0.003974 0.020371 0.010341 0.999731
1520530732.050039053 -0.002150 0.002019 0.002112 -0.011186 0.017151 0.012546 0.999712
1520530732.100039959 0.001584 -0.005627 0.001519 -0.016638 0.015079 0.014175 0.999647
1520530732.150042295 -0.000325 -0.002441 0.001977 -0.016028 0.015398 0.014642 0.999646
1520530732.200044155 -0.000325 -0.002441 0.001977 -0.016028 0.015398 0.014642 0.999646
1520530732.250045061 -0.003698 -0.007966 0.001821 -0.015720 0.015914 0.011242 0.999687
1520530732.300047159 -0.002729 -0.012212 -0.000068 -0.015802 0.013669 0.009266 0.999739
1520530732.350048065 -0.004937 -0.017102 0.000853 -0.018038 0.013554 0.009436 0.999701
1520530732.400058508 -0.011717 -0.020203 -0.002747 -0.022497 0.015303 0.011402 0.999565
1520530732.450059414 -0.013557 -0.017241 -0.002562 -0.025184 0.015451 0.013867 0.999467
1520530732.500061512 -0.016796 -0.020656 -0.006646 -0.028619 0.016600 0.015686 0.999329
1520530732.550063372 -0.015572 -0.021083 -0.009237 -0.028505 0.015994 0.019571 0.999274
1520530732.600064278 -0.019101 -0.018457 -0.009087 -0.027300 0.014287 0.024756 0.999219
1520530732.650066614 -0.019101 -0.018457 -0.009087 -0.027300 0.014287 0.024756 0.999219
1520530732.700067520 -0.022340 -0.019917 -0.010907 -0.027555 0.015099 0.024661 0.999202
1520530732.750069618 -0.021049 -0.021494 -0.012089 -0.027496 0.014598 0.024019 0.999227
1520530732.800092936 -0.015253 -0.019350 -0.007032 -0.025391 0.012050 0.020961 0.999385
1520530732.850094080 -0.020776 -0.023078 -0.006491 -0.026057 0.012659 0.019844 0.999383
1520530732.900096178 -0.017914 -0.029625 -0.006547 -0.027713 0.011330 0.019018 0.999371
1520530732.950097084 -0.017978 -0.031986 -0.005587 -0.029388 0.011139 0.019619 0.999313
1520530733.000099182 -0.014440 -0.034787 -0.004833 -0.030044 0.010042 0.019279 0.999312
1520530733.050100088 -0.012543 -0.034675 -0.007676 -0.029264 0.008460 0.018508 0.999365
1520530733.100101948 -0.010694 -0.033006 -0.009636 -0.028098 0.007407 0.017961 0.999416
1520530733.150104046 -0.009143 -0.033382 -0.012374 -0.027323 0.006771 0.017863 0.999444
1520530733.200103760 -0.007782 -0.028563 -0.012693 -0.024148 0.006331 0.017310 0.999538
1520530733.250105858 -0.004326 -0.025027 -0.014174 -0.021083 0.006240 0.016178 0.999627
1520530733.300106764 -0.010081 -0.016303 -0.015238 -0.018178 0.007983 0.016604 0.999665
1520530733.350112915 -0.017376 -0.010047 -0.015402 -0.016775 0.009626 0.017553 0.999659
1520530733.400110006 -0.020887 -0.006397 -0.014506 -0.016859 0.010087 0.018301 0.999639
1520530733.450195789 -0.021550 -0.007991 -0.012063 -0.021140 0.008804 0.018055 0.999575
1520530733.500113010 -0.020606 -0.009988 -0.015963 -0.030009 0.006133 0.016640 0.999392
1520530733.550114870 -0.016392 -0.009311 -0.022184 -0.040672 0.003207 0.013800 0.999072
1520530733.600102663 -0.017768 -0.008505 -0.020327 -0.045199 0.001190 0.010810 0.998919
1520530733.650104761 -0.014968 -0.009865 -0.021163 -0.045283 0.000919 0.010216 0.998922
1520530733.700105667 -0.011712 -0.013232 -0.020789 -0.037785 0.001389 0.010939 0.999225
1520530733.750107765 -0.020582 -0.021702 -0.022104 -0.029759 0.004768 0.012141 0.999472
1520530733.800109625 -0.019535 -0.022018 -0.020329 -0.023903 0.004189 0.014240 0.999604
1520530733.850110531 -0.016199 -0.028299 -0.018510 -0.025687 0.003198 0.013898 0.999568
1520530733.900112629 -0.016746 -0.027028 -0.020368 -0.030287 0.003641 0.012230 0.999460
1520530733.950113535 -0.020569 -0.029582 -0.018252 -0.032523 0.005128 0.011653 0.999390
1520530734.000144958 -0.017020 -0.028598 -0.019044 -0.032720 0.004759 0.012076 0.999380
1520530734.050145864 -0.008646 -0.037350 -0.025643 -0.035373 0.000666 0.012409 0.999297
1520530734.100147724 -0.002839 -0.033694 -0.022418 -0.034732 -0.003227 0.012596 0.999312
1520530734.150148869 0.001658 -0.033436 -0.022356 -0.034732 -0.004757 0.012656 0.999305
1520530734.200150967 0.001303 -0.034573 -0.022847 -0.034343 -0.004607 0.012058 0.999327
1520530734.250152826 0.000791 -0.041199 -0.022792 -0.035739 -0.005012 0.011650 0.999281
1520530734.300153971 -0.000520 -0.045609 -0.020144 -0.037626 -0.005313 0.010933 0.999218
1520530734.350155830 -0.000726 -0.049618 -0.017772 -0.039787 -0.006054 0.011604 0.999122
1520530734.400153160 0.003089 -0.049804 -0.018982 -0.039782 -0.006945 0.011557 0.999117
1520530734.450154305 0.007613 -0.050948 -0.022524 -0.038240 -0.008548 0.011137 0.999170
1520530734.500156164 0.007613 -0.050948 -0.022524 -0.038240 -0.008548 0.011137 0.999170
1520530734.550158262 0.009127 -0.057878 -0.020537 -0.040353 -0.009896 0.010699 0.999079
1520530734.600159407 0.005966 -0.057256 -0.020892 -0.041699 -0.012092 0.011425 0.998992
1520530734.650161266 0.011528 -0.053690 -0.020132 -0.041284 -0.014961 0.012291 0.998960
1520530734.700162172 0.017186 -0.052161 -0.020666 -0.040803 -0.016122 0.011686 0.998969
1520530734.750163317 0.013308 -0.054248 -0.021379 -0.040960 -0.015284 0.011414 0.998979
1520530734.800165176 0.009716 -0.060270 -0.022124 -0.042515 -0.014102 0.009943 0.998947
1520530734.850171566 0.004647 -0.069088 -0.020670 -0.045939 -0.013231 0.009558 0.998811
1520530734.900172710 0.000151 -0.074495 -0.020528 -0.050563 -0.012575 0.010017 0.998591
1520530734.950177670 -0.000871 -0.079235 -0.020837 -0.054513 -0.011804 0.010668 0.998386
1520530735.000175714 -0.001966 -0.077210 -0.020070 -0.055222 -0.011660 0.012035 0.998333
1520530735.050265789 -0.004998 -0.069840 -0.018277 -0.053592 -0.011071 0.013400 0.998412
1520530735.100178480 -0.004983 -0.063553 -0.018603 -0.050348 -0.011017 0.014402 0.998567
1520530735.150180817 -0.002715 -0.059413 -0.019952 -0.046661 -0.011557 0.014482 0.998739
1520530735.200181484 0.005342 -0.050524 -0.017488 -0.039590 -0.013273 0.012340 0.999052
1520530735.250203133 0.008591 -0.044620 -0.016139 -0.032317 -0.014579 0.011059 0.999310
1520530735.300204039 0.007946 -0.039166 -0.015151 -0.027023 -0.014661 0.009684 0.999480
1520530735.350206375 0.002227 -0.037411 -0.013881 -0.026642 -0.013420 0.010201 0.999503
1520530735.400208235 -0.002966 -0.036677 -0.013409 -0.029700 -0.011717 0.011844 0.999420
1520530735.450209141 -0.007062 -0.040318 -0.014955 -0.032013 -0.009989 0.012672 0.999357
1520530735.500211239 -0.004202 -0.035860 -0.016112 -0.029727 -0.009889 0.013074 0.999424
1520530735.550212145 -0.004409 -0.033863 -0.017323 -0.025788 -0.009551 0.012906 0.999538
1520530735.600214005 -0.002536 -0.023967 -0.015167 -0.019600 -0.010162 0.011246 0.999693
1520530735.650176287 -0.000009 -0.028224 -0.015198 -0.018894 -0.010412 0.009365 0.999723
1520530735.700178385 -0.002132 -0.038655 -0.015261 -0.021375 -0.010480 0.007592 0.999688
1520530735.750179529 -0.006372 -0.041493 -0.012652 -0.024987 -0.010984 0.006420 0.999607
1520530735.800181389 -0.010670 -0.045827 -0.014392 -0.032943 -0.011043 0.007422 0.999369
1520530735.850183249 -0.017114 -0.044596 -0.012436 -0.039445 -0.012117 0.013031 0.999063
1520530735.900184393 -0.015929 -0.038334 -0.010465 -0.041856 -0.015815 0.018804 0.998821
1520530735.950186253 -0.020196 -0.033340 -0.010182 -0.040452 -0.018715 0.021164 0.998782
1520530736.000188589 -0.030279 -0.032712 -0.012461 -0.036727 -0.022254 0.022861 0.998816
1520530736.050192118 -0.042089 -0.030883 -0.014757 -0.033627 -0.027239 0.024637 0.998759
1520530736.100193024 -0.056152 -0.029873 -0.015079 -0.034297 -0.031851 0.026014 0.998565
1520530736.150193930 -0.073772 -0.037378 -0.016624 -0.040833 -0.035884 0.028612 0.998111
1520530736.200196266 -0.092098 -0.037169 -0.013946 -0.048484 -0.037426 0.028034 0.997729
1520530736.250198126 -0.109468 -0.035141 -0.011230 -0.054706 -0.040347 0.026563 0.997333
1520530736.300199270 -0.130199 -0.037878 -0.006625 -0.057651 -0.042881 0.025141 0.997099
1520530736.350200176 -0.150434 -0.036146 -0.003219 -0.055373 -0.047252 0.022979 0.997082
1520530736.400202036 -0.163801 -0.038771 -0.009890 -0.051433 -0.052245 0.018772 0.997132
1520530736.450247765 -0.185674 -0.043268 -0.010586 -0.043002 -0.056815 0.017101 0.997312
1520530736.500248909 -0.210058 -0.046404 -0.014604 -0.036455 -0.062068 0.015673 0.997283
1520530736.550255060 -0.232733 -0.050034 -0.021412 -0.037009 -0.067975 0.015404 0.996881
1520530736.600251675 -0.268535 -0.047928 -0.023704 -0.040570 -0.072578 0.018725 0.996361
1520530736.650343657 -0.304318 -0.052182 -0.024457 -0.045442 -0.077169 0.022609 0.995725
1520530736.700254917 -0.332721 -0.051713 -0.027470 -0.046814 -0.081461 0.025308 0.995255
1520530736.750256777 -0.360974 -0.052726 -0.031690 -0.046060 -0.086496 0.028195 0.994787
1520530736.800257921 -0.385772 -0.051137 -0.036430 -0.044145 -0.091241 0.030938 0.994369
1520530736.850259781 -0.410972 -0.058078 -0.042295 -0.043542 -0.096552 0.034590 0.993773
1520530736.900250196 -0.433489 -0.061813 -0.050491 -0.042356 -0.101330 0.036765 0.993271
1520530736.950252295 -0.452657 -0.069111 -0.061893 -0.043317 -0.107531 0.039435 0.992474
1520530737.000254393 -0.473342 -0.073674 -0.071021 -0.048151 -0.114858 0.044426 0.991219
1520530737.050255299 -0.493545 -0.075516 -0.074487 -0.055299 -0.120137 0.044050 0.990237
1520530737.100257397 -0.511115 -0.074060 -0.075459 -0.063051 -0.126393 0.041008 0.989125
1520530737.150258303 -0.535365 -0.089248 -0.077488 -0.068051 -0.131938 0.038744 0.988160
1520530737.200260162 -0.543690 -0.099307 -0.074884 -0.067645 -0.135840 0.038295 0.987677
1520530737.250261307 -0.554367 -0.118637 -0.072391 -0.066023 -0.137101 0.042671 0.987433
1520530737.300258875 -0.566000 -0.144398 -0.068723 -0.062757 -0.137410 0.049043 0.987307
1520530737.350260735 -0.570822 -0.172058 -0.063308 -0.055415 -0.138671 0.054735 0.987271
1520530737.400261879 -0.568321 -0.197897 -0.059065 -0.046765 -0.139193 0.061983 0.987216
1520530737.450263977 -0.560834 -0.217082 -0.053362 -0.037644 -0.139433 0.068351 0.987152
1520530737.500264883 -0.551306 -0.224045 -0.049065 -0.027370 -0.139881 0.071054 0.987236
1520530737.550266981 -0.543432 -0.217994 -0.049978 -0.022839 -0.140331 0.070428 0.987333
1520530737.600268841 -0.531466 -0.207882 -0.054606 -0.026702 -0.141260 0.067369 0.987317
1520530737.650269747 -0.518968 -0.191257 -0.063507 -0.041118 -0.140608 0.067909 0.986877
1520530737.700183392 -0.496598 -0.181960 -0.076073 -0.063209 -0.141078 0.069125 0.985557
1520530737.750184298 -0.465556 -0.155016 -0.081234 -0.079109 -0.138379 0.071690 0.984608
1520530737.800186157 -0.428641 -0.125763 -0.090995 -0.087266 -0.134040 0.075202 0.984257
1520530737.850187302 -0.388737 -0.107277 -0.100926 -0.090718 -0.126636 0.077607 0.984739
1520530737.900189161 -0.349633 -0.092469 -0.110836 -0.090501 -0.118006 0.077388 0.985848
1520530737.950191259 -0.303955 -0.069175 -0.120820 -0.091304 -0.110988 0.073557 0.986881
1520530738.000192404 -0.261753 -0.045726 -0.136632 -0.103592 -0.108239 0.070662 0.986185
1520530738.050194263 -0.211145 -0.017997 -0.149787 -0.120700 -0.101559 0.063027 0.985467
1520530738.100307703 -0.156268 0.010421 -0.156961 -0.134598 -0.089095 0.055467 0.985327
1520530738.150314808 -0.098152 0.007237 -0.169439 -0.147843 -0.073584 0.048479 0.985077
1520530738.200310946 -0.039375 0.016565 -0.176179 -0.150041 -0.061666 0.043334 0.985803
1520530738.250403643 0.013886 0.010665 -0.178893 -0.148882 -0.051926 0.041473 0.986619
1520530738.300313711 0.065072 -0.005989 -0.178879 -0.145377 -0.044742 0.040218 0.987546
1520530738.350315809 0.108433 -0.022029 -0.168694 -0.137982 -0.036564 0.039019 0.988990
1520530738.400316715 0.152515 -0.053741 -0.158912 -0.129457 -0.025382 0.038447 0.990514
1520530738.450318575 0.196834 -0.076219 -0.140534 -0.114300 -0.015300 0.035882 0.992680
1520530738.500567198 0.241652 -0.107528 -0.127567 -0.099037 -0.009389 0.034048 0.994457
1520530738.550568104 0.282152 -0.147684 -0.114015 -0.084693 -0.002560 0.030067 0.995950
1520530738.600570202 0.326620 -0.169894 -0.095166 -0.067791 0.004941 0.027833 0.997299
1520530738.650571108 0.372844 -0.203130 -0.080545 -0.054295 0.011087 0.028226 0.998064
1520530738.700572968 0.416240 -0.242978 -0.063647 -0.040784 0.017336 0.026419 0.998668
1520530738.750574112 0.458624 -0.270686 -0.054000 -0.023071 0.023221 0.025407 0.999141
1520530738.800576210 0.508855 -0.301697 -0.041880 -0.006504 0.027703 0.022210 0.999348
1520530738.850576878 0.546563 -0.326149 -0.031974 0.005028 0.032235 0.018065 0.999304
1520530738.900221586 0.593783 -0.337153 -0.020948 0.010760 0.035792 0.010320 0.999248
1520530738.950223684 0.631974 -0.335744 -0.012744 0.011716 0.035944 0.006245 0.999266
1520530739.000224590 0.671970 -0.328711 -0.008598 0.008833 0.039090 0.003578 0.999190
1520530739.050226450 0.706676 -0.313388 -0.005169 0.003790 0.045694 0.003456 0.998942
1520530739.100227594 0.741738 -0.294308 -0.004442 -0.002497 0.053464 0.004455 0.998557
1520530739.150229692 0.775031 -0.273798 -0.009610 -0.010202 0.058664 0.008045 0.998193
1520530739.200231552 0.810227 -0.256164 -0.019838 -0.018169 0.059645 0.013284 0.997966
1520530739.250232697 0.843303 -0.225774 -0.028902 -0.020761 0.061339 0.018911 0.997722
1520530739.300234556 0.871079 -0.202523 -0.046840 -0.024664 0.062333 0.023358 0.997477
1520530739.350118637 0.895802 -0.179653 -0.070311 -0.028413 0.065171 0.026320 0.997122
1520530739.400120735 0.932357 -0.153835 -0.099935 -0.034576 0.067758 0.026381 0.996753
1520530739.450122595 0.944574 -0.142045 -0.134805 -0.046047 0.066530 0.028456 0.996315
1520530739.500123739 0.963860 -0.121196 -0.173300 -0.058660 0.062654 0.026846 0.995948
1520530739.550125599 0.986218 -0.107936 -0.216630 -0.073982 0.058672 0.020952 0.995312
1520530739.600126743 1.010414 -0.089603 -0.257550 -0.087198 0.055437 0.013250 0.994559
1520530739.650128841 1.029244 -0.077472 -0.295602 -0.101791 0.052225 0.005963 0.993416
1520530739.700129747 1.046163 -0.069104 -0.326481 -0.116145 0.051372 -0.001016 0.991902
1520530739.750310898 1.056687 -0.074702 -0.353615 -0.129921 0.053249 -0.006792 0.990070
1520530739.800313234 1.061921 -0.090679 -0.373917 -0.138229 0.054640 -0.009763 0.988844
1520530739.850406170 1.063889 -0.108220 -0.387217 -0.136901 0.057413 -0.011087 0.988857
1520530739.900316000 1.058290 -0.138801 -0.392824 -0.124569 0.060327 -0.011255 0.990311
1520530739.950318098 1.051930 -0.178017 -0.397028 -0.103739 0.060690 -0.012802 0.992669
1520530740.000319004 1.042058 -0.218149 -0.400553 -0.077791 0.057957 -0.017762 0.995125
1520530740.050321341 1.011639 -0.252428 -0.399417 -0.050231 0.055148 -0.024517 0.996912
1520530740.100322247 0.978037 -0.289408 -0.401667 -0.030151 0.049882 -0.028553 0.997891
1520530740.150481224 0.938915 -0.321206 -0.404051 -0.016702 0.046201 -0.031294 0.998302
1520530740.200483322 0.895363 -0.344438 -0.413272 -0.006387 0.042210 -0.032992 0.998543
1520530740.250484228 0.850759 -0.361486 -0.427040 0.004606 0.037422 -0.033772 0.998718
1520530740.300486326 0.812037 -0.370869 -0.440844 0.016192 0.031062 -0.032546 0.998856
1520530740.350487471 0.767086 -0.379868 -0.454713 0.020890 0.027148 -0.025846 0.999079
1520530740.400489330 0.729996 -0.370875 -0.472436 0.016599 0.021329 -0.017523 0.999481
1520530740.450490236 0.686141 -0.348324 -0.494709 -0.000428 0.011241 -0.008285 0.999902
1520530740.500492334 0.633691 -0.311575 -0.518014 -0.025935 -0.002690 -0.005498 0.999645
1520530740.550278187 0.594585 -0.270527 -0.541920 -0.053841 -0.016342 -0.006265 0.998396
1520530740.600280046 0.544845 -0.232066 -0.564962 -0.078028 -0.029171 -0.006794 0.996501
1520530740.650282145 0.508984 -0.199453 -0.589584 -0.095044 -0.042821 -0.010304 0.994498
1520530740.700283289 0.460957 -0.175244 -0.612740 -0.104793 -0.055028 -0.013690 0.992876
1520530740.750285149 0.414588 -0.173844 -0.632147 -0.111688 -0.067276 -0.014630 0.991355
1520530740.800287008 0.373590 -0.154356 -0.649876 -0.114491 -0.080306 -0.021176 0.989947
1520530740.850288153 0.335642 -0.116202 -0.661388 -0.119400 -0.094326 -0.031579 0.987851
1520530740.900290251 0.270416 -0.085491 -0.681035 -0.132988 -0.108603 -0.036877 0.984459
1520530740.950431824 0.227281 -0.067144 -0.692119 -0.148013 -0.129427 -0.042473 0.979560
1520530741.000432730 0.176543 -0.051458 -0.701785 -0.160519 -0.153076 -0.043345 0.974127
1520530741.050434589 0.126186 -0.057892 -0.708467 -0.170140 -0.181135 -0.039264 0.967833
1520530741.100435734 0.072678 -0.082447 -0.720847 -0.176855 -0.209653 -0.036689 0.960948
1520530741.150437832 0.000144 -0.080619 -0.716259 -0.166951 -0.229222 -0.034937 0.958313
1520530741.200438738 -0.061020 -0.091291 -0.705043 -0.151055 -0.246168 -0.028326 0.956965
1520530741.250440836 -0.117490 -0.130568 -0.702117 -0.134346 -0.263084 -0.018623 0.955192
1520530741.300441742 -0.168410 -0.168719 -0.692512 -0.114199 -0.278378 -0.007636 0.953628
1520530741.350637197 -0.210619 -0.212425 -0.675049 -0.099092 -0.289892 0.000917 0.951915
1520530741.400638342 -0.257146 -0.253146 -0.665701 -0.091391 -0.292760 0.005616 0.951792
1520530741.450728178 -0.307867 -0.273356 -0.639970 -0.085180 -0.289349 0.007099 0.953400
1520530741.500641108 -0.344753 -0.293936 -0.620349 -0.084264 -0.284732 0.006679 0.954873
1520530741.550643206 -0.378103 -0.320940 -0.602818 -0.083763 -0.278994 0.006419 0.956611
1520530741.600644112 -0.411264 -0.339095 -0.578687 -0.075876 -0.271620 0.010822 0.959348
1520530741.650646210 -0.443925 -0.377003 -0.566303 -0.067010 -0.263674 0.015745 0.962153
1520530741.700647354 -0.481869 -0.395992 -0.542584 -0.048233 -0.254010 0.023913 0.965702
1520530741.750649214 -0.507909 -0.400830 -0.521394 -0.028633 -0.244092 0.030541 0.968848
1520530741.800464153 -0.537345 -0.405115 -0.501810 -0.018054 -0.234110 0.041142 0.971171
1520530741.850465298 -0.567154 -0.399273 -0.479520 -0.018775 -0.223205 0.050737 0.973269
1520530741.900467396 -0.587633 -0.374698 -0.460879 -0.030680 -0.210749 0.052736 0.975634
1520530741.950468302 -0.605567 -0.355201 -0.447053 -0.050337 -0.200230 0.048385 0.977258
1520530742.000470400 -0.627160 -0.320723 -0.428131 -0.064844 -0.190167 0.042491 0.978686
1520530742.050471306 -0.648328 -0.288107 -0.414063 -0.075473 -0.181885 0.033874 0.979834
1520530742.100473166 -0.660350 -0.251438 -0.402642 -0.084499 -0.175430 0.023875 0.980568
1520530742.150475264 -0.676614 -0.196481 -0.380598 -0.090713 -0.165897 0.012190 0.981886
1520530742.200338364 -0.689514 -0.135380 -0.360276 -0.099761 -0.159414 0.003414 0.982152
1520530742.250340223 -0.702584 -0.098366 -0.345825 -0.117189 -0.157351 -0.002687 0.980561
1520530742.300341368 -0.710210 -0.070554 -0.325583 -0.133289 -0.159091 -0.008180 0.978191
1520530742.350343227 -0.716377 -0.042171 -0.303144 -0.143342 -0.160594 -0.014972 0.976442
1520530742.400345087 -0.733206 -0.012580 -0.274312 -0.146600 -0.160383 -0.020052 0.975902
1520530742.450346231 -0.743553 0.003787 -0.240417 -0.150012 -0.164233 -0.019951 0.974744
1520530742.500348330 -0.750243 0.002418 -0.209557 -0.154871 -0.165503 -0.016789 0.973829
1520530742.550350189 -0.758130 -0.005647 -0.172121 -0.153119 -0.163851 -0.006321 0.974509
1520530742.600604057 -0.764148 -0.030365 -0.136338 -0.141706 -0.162739 0.005637 0.976424
1520530742.650604963 -0.772625 -0.061602 -0.095048 -0.118500 -0.158180 0.019542 0.980079
1520530742.700606823 -0.771506 -0.103122 -0.050285 -0.091652 -0.147911 0.033555 0.984173
1520530742.750608921 -0.760968 -0.143881 -0.006529 -0.062632 -0.134074 0.045258 0.987954
1520530742.800609827 -0.743972 -0.183645 0.038950 -0.035294 -0.119783 0.055196 0.990636
1520530742.850611925 -0.722980 -0.224551 0.080191 -0.010600 -0.109481 0.065764 0.991754
1520530742.900613070 -0.699861 -0.262628 0.114576 0.012514 -0.101370 0.073861 0.992024
1520530742.950614929 -0.675334 -0.281554 0.153202 0.034686 -0.094513 0.078315 0.991832
1520530743.000436783 -0.649956 -0.300836 0.178985 0.044751 -0.090679 0.079245 0.991713
1520530743.050522804 -0.622294 -0.300324 0.210436 0.049840 -0.087077 0.074054 0.992194
1520530743.100439548 -0.589640 -0.300276 0.234315 0.045529 -0.083138 0.068170 0.993161
1520530743.150441885 -0.559729 -0.284872 0.256607 0.036160 -0.078773 0.064262 0.994162
1520530743.200442791 -0.526783 -0.260724 0.279403 0.022010 -0.071543 0.056788 0.995576
1520530743.250444889 -0.493378 -0.224252 0.299310 0.005854 -0.061950 0.047503 0.996931
1520530743.300445795 -0.450971 -0.189500 0.314997 -0.014595 -0.052993 0.039108 0.997722
1520530743.350447655 -0.413422 -0.146766 0.325166 -0.036598 -0.041850 0.030938 0.997974
1520530743.400276899 -0.376511 -0.104948 0.331706 -0.059834 -0.033066 0.022393 0.997409
1520530743.450278044 -0.334945 -0.064828 0.334450 -0.084383 -0.028465 0.014389 0.995923
1520530743.500279903 -0.292838 -0.029105 0.332879 -0.108129 -0.025655 0.007605 0.993777
1520530743.550281048 -0.247546 0.001512 0.329836 -0.129052 -0.025544 0.005140 0.991295
1520530743.600282907 -0.205579 0.033132 0.329198 -0.144645 -0.028207 0.004552 0.989071
1520530743.650283813 -0.166374 0.055569 0.333301 -0.155367 -0.031792 0.003173 0.987340
1520530743.700286150 -0.123320 0.068408 0.339130 -0.160934 -0.037732 0.004710 0.986232
1520530743.750288010 -0.092778 0.065747 0.347494 -0.162567 -0.044783 0.007873 0.985649
1520530743.800288916 -0.063755 0.047605 0.359096 -0.157926 -0.052890 0.012271 0.985957
1520530743.851239920 -0.039790 0.030377 0.370873 -0.144117 -0.059365 0.019398 0.987588
1520530743.901240826 -0.003560 0.007096 0.387727 -0.128629 -0.067046 0.024170 0.989128
1520530743.951242924 0.028005 -0.028631 0.400711 -0.112616 -0.071132 0.026149 0.990744
1520530744.001244068 0.062164 -0.068442 0.410929 -0.092044 -0.072102 0.030324 0.992678
1520530744.051246881 0.102681 -0.104018 0.419808 -0.068512 -0.069207 0.033872 0.994670
1520530744.101247787 0.143809 -0.138234 0.426638 -0.050615 -0.065312 0.041506 0.995716
1520530744.151248932 0.186782 -0.161074 0.429070 -0.044211 -0.060884 0.051494 0.995835
1520530744.201250792 0.231191 -0.177697 0.426270 -0.047005 -0.055485 0.064793 0.995246
1520530744.251205206 0.274916 -0.191359 0.419091 -0.051592 -0.047904 0.077364 0.994514
1520530744.301206112 0.317985 -0.191494 0.408305 -0.052341 -0.038092 0.088677 0.993955
1520530744.351207972 0.363110 -0.187086 0.393476 -0.055414 -0.027984 0.096421 0.993403
1520530744.401209116 0.401453 -0.174515 0.374065 -0.063741 -0.018554 0.100087 0.992761
1520530744.451210022 0.441367 -0.159192 0.343735 -0.079436 -0.009027 0.095694 0.992195
1520530744.501211882 0.478653 -0.148934 0.316296 -0.103353 0.000794 0.083021 0.991174
1520530744.551214218 0.515367 -0.126231 0.284131 -0.131080 0.009851 0.061615 0.989406
1520530744.601215124 0.550730 -0.101339 0.254890 -0.157715 0.016546 0.026833 0.986981
1520530744.651044369 0.597600 -0.095135 0.229579 -0.175438 0.019678 -0.024173 0.983997
1520530744.700966120 0.640941 -0.103827 0.205936 -0.177543 0.017960 -0.084341 0.980328
1520530744.750968456 0.679205 -0.110366 0.188941 -0.160842 0.011102 -0.146259 0.976020
1520530744.800969362 0.713491 -0.126851 0.176725 -0.141153 0.000945 -0.203894 0.968763
1520530744.850971222 0.743911 -0.146113 0.163114 -0.126680 -0.010839 -0.253551 0.958930
1520530744.900972366 0.761944 -0.156130 0.151632 -0.115915 -0.024699 -0.298654 0.946974
1520530744.950974226 0.780862 -0.167659 0.133756 -0.110149 -0.048482 -0.338778 0.933138
1520530745.000976324 0.793911 -0.179564 0.114604 -0.110755 -0.080166 -0.367957 0.919736
1520530745.051078320 0.800835 -0.192199 0.087915 -0.120230 -0.115212 -0.386036 0.907330
1520530745.101080179 0.808878 -0.187981 0.062508 -0.128609 -0.147946 -0.397034 0.896625
1520530745.151081324 0.808188 -0.178171 0.042094 -0.134585 -0.180486 -0.397954 0.889350
1520530745.201083183 0.791387 -0.183257 0.015284 -0.138146 -0.215675 -0.390058 0.884452
1520530745.251084089 0.771417 -0.175773 -0.009114 -0.132277 -0.253165 -0.375774 0.881592
1520530745.301086187 0.751859 -0.180868 -0.036340 -0.128709 -0.297996 -0.350386 0.878557
1520530745.351088285 0.741691 -0.179858 -0.066714 -0.130287 -0.344427 -0.319050 0.873271
1520530745.401089191 0.719351 -0.192235 -0.097875 -0.136268 -0.384262 -0.283492 0.867990
1520530745.451043129 0.698784 -0.201425 -0.122441 -0.136815 -0.416851 -0.244296 0.864775
1520530745.501044035 0.686433 -0.204845 -0.135918 -0.130458 -0.440961 -0.200800 0.864993
1520530745.551045895 0.664101 -0.221305 -0.157053 -0.124619 -0.458003 -0.154473 0.866511
1520530745.601048231 0.647519 -0.233561 -0.166569 -0.115559 -0.467770 -0.108698 0.869495
1520530745.651049137 0.631258 -0.250916 -0.166999 -0.108073 -0.467816 -0.062980 0.874930
1520530745.701051235 0.606397 -0.262963 -0.173258 -0.101361 -0.455322 -0.018046 0.884354
1520530745.751053095 0.580659 -0.280363 -0.172348 -0.103746 -0.433098 0.025387 0.894996
1520530745.801054001 0.574777 -0.293261 -0.166077 -0.111262 -0.404042 0.063393 0.905733
1520530745.850826025 0.570818 -0.294911 -0.156327 -0.117261 -0.367437 0.095488 0.917672
1520530745.900828362 0.559360 -0.310171 -0.144999 -0.122369 -0.322961 0.126161 0.929949
1520530745.950830221 0.555544 -0.315080 -0.124984 -0.121808 -0.270943 0.146418 0.943565
1520530746.000831127 0.561542 -0.317976 -0.104866 -0.118276 -0.211561 0.159198 0.957031
1520530746.050833225 0.560162 -0.309007 -0.089530 -0.109495 -0.146958 0.168068 0.968590
1520530746.100834131 0.573628 -0.315337 -0.073747 -0.102342 -0.080474 0.171844 0.976483
1520530746.150839090 0.588286 -0.319791 -0.061153 -0.094491 -0.014917 0.169022 0.980959
1520530746.200837135 0.602662 -0.314132 -0.052130 -0.087190 0.043331 0.153472 0.983345
1520530746.250910282 0.614268 -0.312738 -0.049626 -0.085842 0.095260 0.123312 0.984048
1520530746.300487280 0.632221 -0.312133 -0.049063 -0.085773 0.136993 0.079168 0.983671
1520530746.350489140 0.644880 -0.302880 -0.045455 -0.082752 0.170559 0.027186 0.981490
1520530746.400490284 0.653068 -0.309899 -0.045552 -0.079774 0.192321 -0.028891 0.977658
1520530746.450492144 0.657464 -0.324812 -0.040160 -0.069915 0.205256 -0.089336 0.972112
1520530746.500493288 0.658098 -0.335891 -0.038506 -0.055631 0.206714 -0.147755 0.965579
1520530746.550495386 0.649170 -0.346653 -0.033772 -0.047339 0.196373 -0.198922 0.958972
1520530746.600497246 0.641471 -0.347245 -0.024849 -0.046129 0.179262 -0.249350 0.950559
1520530746.650498390 0.627503 -0.345387 -0.019202 -0.055091 0.158158 -0.293160 0.941280
1520530746.700510263 0.611139 -0.335158 -0.014667 -0.071087 0.133228 -0.330461 0.931661
1520530746.750511408 0.584885 -0.325049 -0.007445 -0.088341 0.103128 -0.361367 0.922483
1520530746.800513268 0.555818 -0.303495 0.003086 -0.101336 0.068501 -0.385059 0.914750
1520530746.850514174 0.506493 -0.281349 0.013521 -0.115270 0.026000 -0.403448 0.907340
1520530746.900516510 0.466821 -0.263080 0.016224 -0.131625 -0.024685 -0.416649 0.899149
1520530746.950518370 0.425419 -0.248478 0.022154 -0.145692 -0.079332 -0.418313 0.893025
1520530747.000519276 0.371353 -0.230756 0.018520 -0.158399 -0.133920 -0.404140 0.890868
1520530747.050521374 0.318869 -0.204965 0.010692 -0.169924 -0.186070 -0.374970 0.892133
1520530747.100689173 0.250309 -0.186827 0.006907 -0.184668 -0.231849 -0.336537 0.893805
1520530747.150691509 0.188735 -0.169285 -0.004858 -0.200474 -0.274350 -0.292351 0.893909
1520530747.200693369 0.129536 -0.163033 -0.021258 -0.219888 -0.312768 -0.238573 0.892697
1520530747.250695229 0.083848 -0.164775 -0.026590 -0.239981 -0.344046 -0.184647 0.888790
1520530747.300696373 0.030016 -0.176402 -0.045590 -0.259497 -0.363884 -0.129854 0.885092
1520530747.350697279 -0.025215 -0.192914 -0.063243 -0.277557 -0.371846 -0.075408 0.882613
1520530747.400699139 -0.073200 -0.200151 -0.074989 -0.292241 -0.366989 -0.024508 0.882788
1520530747.450701475 -0.112900 -0.206364 -0.083430 -0.309111 -0.351595 0.029482 0.883154
1520530747.501333714 -0.162177 -0.218127 -0.089782 -0.321275 -0.324317 0.086860 0.885470
1520530747.551335573 -0.204325 -0.242741 -0.088477 -0.328171 -0.284039 0.140454 0.889887
1520530747.601336718 -0.227263 -0.249737 -0.076392 -0.323673 -0.233117 0.183471 0.898460
1520530747.651339531 -0.239329 -0.239603 -0.062203 -0.305392 -0.176419 0.218244 0.909935
1520530747.701339483 -0.247229 -0.254884 -0.041848 -0.282651 -0.116169 0.248086 0.919275
1520530747.751341581 -0.246599 -0.250829 -0.029118 -0.248819 -0.053559 0.266514 0.929619
1520530747.801342487 -0.222036 -0.255497 -0.013394 -0.215984 0.011467 0.273456 0.937252
1520530747.851408482 -0.208854 -0.270165 -0.000205 -0.184227 0.078044 0.272183 0.941215
1520530747.901266575 -0.191756 -0.276744 0.008313 -0.153863 0.139382 0.260192 0.942974
1520530747.951268673 -0.163104 -0.284373 0.011315 -0.126438 0.191267 0.236351 0.944229
1520530748.001269579 -0.134183 -0.289425 0.009284 -0.100613 0.235674 0.201018 0.945477
1520530748.051271439 -0.102828 -0.315038 0.005002 -0.078033 0.274760 0.150482 0.946453
1520530748.101272583 -0.075888 -0.332662 0.003439 -0.049450 0.308262 0.095795 0.945173
1520530748.151274681 -0.046628 -0.352095 0.001701 -0.022419 0.337210 0.036983 0.940435
1520530748.201276541 -0.030232 -0.371190 -0.017292 0.000100 0.356546 -0.016066 0.934140
1520530748.251277685 -0.021707 -0.398919 -0.032170 0.011997 0.365507 -0.063554 0.928559
1520530748.300789595 -0.019210 -0.414976 -0.050649 0.015707 0.367174 -0.109922 0.923501
1520530748.350790501 -0.024342 -0.423861 -0.066434 0.007096 0.361533 -0.155940 0.919199
1520530748.400792360 -0.034640 -0.432802 -0.080254 -0.008921 0.350492 -0.197182 0.915530
1520530748.450793505 -0.047775 -0.436510 -0.099798 -0.030260 0.333213 -0.236522 0.912201
1520530748.500795603 -0.069116 -0.434600 -0.123923 -0.053612 0.310154 -0.270415 0.909838
1520530748.550797462 -0.088694 -0.419322 -0.148187 -0.074388 0.283520 -0.300045 0.907775
1520530748.600798607 -0.117627 -0.413852 -0.169884 -0.095857 0.250993 -0.326295 0.906281
1520530748.650800467 -0.142560 -0.399994 -0.193406 -0.114844 0.211227 -0.341766 0.908510
1520530748.700801611 -0.176144 -0.387852 -0.215990 -0.133646 0.166835 -0.350542 0.911825
1520530748.750571012 -0.208450 -0.371963 -0.240310 -0.149638 0.120103 -0.348538 0.917445
1520530748.800571918 -0.246950 -0.338478 -0.260710 -0.160675 0.073015 -0.338707 0.924191
1520530748.850574017 -0.293473 -0.319430 -0.280946 -0.176395 0.025878 -0.319291 0.930735
1520530748.900576115 -0.334890 -0.297400 -0.303252 -0.192257 -0.019987 -0.290751 0.937071
1520530748.950577021 -0.379211 -0.277704 -0.322276 -0.209524 -0.061913 -0.253132 0.942439
1520530749.000578880 -0.447763 -0.274500 -0.334463 -0.228902 -0.095335 -0.205879 0.946641
1520530749.050580978 -0.502072 -0.278961 -0.342555 -0.246106 -0.122568 -0.157377 0.948494
1520530749.100584984 -0.562404 -0.267298 -0.349851 -0.255947 -0.139923 -0.103905 0.950850
1520530749.150922537 -0.601000 -0.269615 -0.350202 -0.266675 -0.153718 -0.051607 0.950048
1520530749.200923681 -0.631603 -0.270510 -0.349473 -0.275950 -0.160159 0.000150 0.947734
1520530749.250924587 -0.663768 -0.259599 -0.341299 -0.280967 -0.157933 0.054370 0.945071
1520530749.300926447 -0.693434 -0.271557 -0.334735 -0.288720 -0.147144 0.111932 0.939394
1520530749.350927830 -0.711992 -0.290226 -0.319418 -0.291561 -0.124438 0.169691 0.933120
1520530749.400929689 -0.725112 -0.298976 -0.302920 -0.282977 -0.088210 0.219831 0.929418
1520530749.450988531 -0.698055 -0.336327 -0.281353 -0.275376 -0.039622 0.249321 0.927597
1520530749.500932693 -0.669531 -0.343028 -0.258203 -0.250909 0.022930 0.262335 0.931504
1520530749.551299334 -0.638003 -0.357663 -0.221734 -0.221322 0.097725 0.260217 0.934748
1520530749.601300240 -0.589964 -0.353413 -0.198616 -0.184409 0.172047 0.242407 0.936820
1520530749.651302576 -0.542992 -0.347692 -0.174940 -0.148385 0.242548 0.205216 0.936503
1520530749.701303482 -0.490288 -0.358669 -0.167842 -0.120253 0.295909 0.161915 0.933681
1520530749.751305342 -0.441903 -0.367489 -0.155451 -0.098845 0.330363 0.111421 0.932027
1520530749.801307440 -0.399188 -0.375361 -0.140955 -0.083851 0.347770 0.062591 0.931723
1520530749.851308346 -0.358275 -0.388400 -0.121963 -0.074612 0.354713 0.016074 0.931855
1520530749.901310205 -0.310913 -0.390825 -0.117520 -0.068165 0.354029 -0.038359 0.931958
1520530749.950998783 -0.267694 -0.405536 -0.106345 -0.065399 0.346052 -0.093007 0.931301
1520530750.001000881 -0.219976 -0.405723 -0.099822 -0.060772 0.323287 -0.147109 0.932819
1520530750.051002026 -0.182321 -0.405242 -0.086738 -0.055139 0.294001 -0.193469 0.934394
1520530750.101003885 -0.150536 -0.422686 -0.077131 -0.056452 0.255749 -0.230913 0.937062
1520530750.151004791 -0.118562 -0.423013 -0.060162 -0.055872 0.211800 -0.253898 0.942101
1520530750.201006889 -0.101422 -0.421758 -0.046383 -0.056366 0.162674 -0.264988 0.948758
1520530750.251008749 -0.085286 -0.411225 -0.034388 -0.054557 0.108914 -0.262317 0.957262
1520530750.301010132 -0.074108 -0.412085 -0.023346 -0.055184 0.054282 -0.250942 0.964902
1520530750.350639105 -0.066111 -0.407975 -0.018934 -0.054318 0.003311 -0.228512 0.972019
1520530750.400641203 -0.065389 -0.402792 -0.014493 -0.056616 -0.040858 -0.197134 0.977887
1520530750.450642347 -0.055942 -0.411912 -0.014461 -0.068090 -0.077512 -0.159275 0.981829
1520530750.500644207 -0.048182 -0.400654 -0.009799 -0.079007 -0.107162 -0.112536 0.984688
1520530750.550645113 -0.057746 -0.382471 -0.006688 -0.092317 -0.125410 -0.058304 0.986078
1520530750.600647211 -0.050349 -0.369023 -0.007224 -0.107200 -0.134647 -0.000915 0.985077
1520530750.650648117 -0.032928 -0.371341 -0.000981 -0.126475 -0.140318 0.057371 0.980318
1520530750.700654268 -0.019365 -0.364963 0.006191 -0.143772 -0.139585 0.114215 0.973037
1520530750.750652313 0.005524 -0.359728 0.015939 -0.158739 -0.132317 0.166982 0.964060
1520530750.800615072 0.037174 -0.353884 0.025903 -0.173252 -0.114582 0.211892 0.954964
1520530750.850617170 0.066018 -0.349114 0.042175 -0.192034 -0.086234 0.249767 0.945147
1520530750.900618076 0.105911 -0.333307 0.057331 -0.211811 -0.045856 0.277337 0.936012
1520530750.950618982 0.152030 -0.303828 0.074313 -0.225414 0.000373 0.298723 0.927336
1520530751.000621080 0.202525 -0.285765 0.089853 -0.236715 0.058521 0.309338 0.919158
1520530751.050669193 0.255299 -0.268932 0.106394 -0.240720 0.121109 0.307540 0.912582
1520530751.100624084 0.312880 -0.264621 0.120920 -0.240160 0.184432 0.291042 0.907525
1520530751.150626183 0.374326 -0.261820 0.121101 -0.230102 0.244773 0.262435 0.904581
1520530751.201260090 0.438263 -0.250339 0.124945 -0.208648 0.301986 0.221362 0.903476
1520530751.251261950 0.506561 -0.252112 0.128377 -0.187561 0.352610 0.171362 0.900623
1520530751.301262856 0.567265 -0.254633 0.130644 -0.173366 0.395469 0.109766 0.895265
1520530751.351265192 0.626706 -0.266984 0.118194 -0.172348 0.427788 0.041744 0.886313
1520530751.401267052 0.682386 -0.277458 0.109080 -0.174459 0.451490 -0.022997 0.874752
1520530751.451268196 0.729261 -0.294205 0.102430 -0.176221 0.462343 -0.080813 0.865248
1520530751.501270056 0.771588 -0.304784 0.103421 -0.172618 0.461320 -0.132156 0.860187
1520530751.551270962 0.808519 -0.321778 0.106993 -0.170204 0.449884 -0.176732 0.858721
1520530751.601708412 0.846432 -0.326841 0.114626 -0.163800 0.431533 -0.218817 0.859691
1520530751.651709318 0.876574 -0.349344 0.122582 -0.160668 0.406594 -0.254280 0.862675
1520530751.701711178 0.902292 -0.362634 0.133515 -0.156485 0.374883 -0.278394 0.870329
1520530751.751712322 0.916567 -0.368024 0.153475 -0.153666 0.333584 -0.290300 0.883648
1520530751.801714182 0.925623 -0.366927 0.170664 -0.150010 0.284409 -0.286692 0.902450
1520530751.851716280 0.933864 -0.365453 0.181894 -0.148388 0.233585 -0.274041 0.921043
1520530751.901717424 0.933423 -0.371173 0.195551 -0.145053 0.184243 -0.250936 0.939173
1520530751.951719284 0.933967 -0.376169 0.205757 -0.138706 0.137292 -0.218669 0.956084
1520530752.001096249 0.942802 -0.374691 0.205812 -0.134126 0.090194 -0.177574 0.970743
1520530752.051097155 0.944389 -0.373962 0.213159 -0.136041 0.055598 -0.130562 0.980487
1520530752.101099253 0.947370 -0.375464 0.221330 -0.140982 0.032610 -0.078763 0.986335
1520530752.151101351 0.954744 -0.366184 0.229346 -0.143803 0.017156 -0.025436 0.989131
1520530752.201102257 0.968976 -0.360271 0.239208 -0.146192 0.007972 0.025885 0.988885
1520530752.251103401 0.984350 -0.356043 0.252190 -0.146172 0.008818 0.075619 0.986325
1520530752.301105261 1.006698 -0.347062 0.269649 -0.144409 0.021238 0.120425 0.981933
1520530752.351107121 1.034405 -0.339707 0.281277 -0.145672 0.045170 0.159886 0.975282
1520530752.401229382 1.065660 -0.322884 0.295660 -0.150502 0.078551 0.193230 0.966354
1520530752.451231480 1.102511 -0.309160 0.311634 -0.159466 0.119747 0.219057 0.955115
1520530752.501233578 1.137855 -0.296053 0.327265 -0.171562 0.164234 0.236729 0.942100
1520530752.551233530 1.183629 -0.278043 0.333266 -0.180032 0.209185 0.238406 0.931124
1520530752.601235628 1.237503 -0.270399 0.336262 -0.184370 0.258670 0.228969 0.920147
1520530752.651273489 1.297190 -0.272947 0.331754 -0.183858 0.307907 0.209397 0.909694
1520530752.701238632 1.348219 -0.272966 0.326789 -0.178648 0.358361 0.181352 0.898206
1520530752.751240492 1.401076 -0.279069 0.319074 -0.174148 0.407192 0.148542 0.884196
1520530752.801898479 1.450692 -0.285350 0.309658 -0.171714 0.452995 0.109190 0.867979
1520530752.851900578 1.495791 -0.307283 0.295305 -0.171693 0.489062 0.071101 0.852223
1520530752.901901722 1.538941 -0.319532 0.279071 -0.168027 0.513159 0.030648 0.841128
1520530752.951903582 1.571404 -0.337625 0.272400 -0.162121 0.527931 -0.013137 0.833566
1520530753.001905441 1.598280 -0.361554 0.274328 -0.154431 0.532721 -0.059368 0.829961
1520530753.051906586 1.619181 -0.386755 0.280152 -0.145898 0.526519 -0.110687 0.830205
1520530753.101908684 1.635217 -0.402457 0.275134 -0.134897 0.506088 -0.163267 0.836075
1520530753.151909590 1.640836 -0.425489 0.274378 -0.123696 0.473654 -0.210065 0.846300
1520530753.201911688 1.638446 -0.441687 0.282580 -0.113076 0.432342 -0.247511 0.859670
1520530753.251553535 1.633269 -0.450811 0.292099 -0.100372 0.383558 -0.272448 0.876688
1520530753.301555872 1.615213 -0.455901 0.303113 -0.091832 0.325722 -0.276480 0.899462
1520530753.351556778 1.586471 -0.453380 0.315238 -0.087914 0.264665 -0.263324 0.923517
1520530753.401558638 1.552926 -0.446215 0.317399 -0.086181 0.204278 -0.239465 0.945251
1520530753.451560736 1.512578 -0.440703 0.321646 -0.093582 0.147890 -0.202415 0.963535
1520530753.501561642 1.476313 -0.431212 0.315486 -0.110403 0.094008 -0.158795 0.976605
1520530753.551563501 1.440034 -0.413738 0.310044 -0.134905 0.049480 -0.113027 0.983147
1520530753.601565838 1.401602 -0.398589 0.300940 -0.163108 0.014518 -0.073048 0.983793
1520530753.651035547 1.367424 -0.385490 0.292406 -0.187671 -0.011356 -0.039809 0.981359
1520530753.701037407 1.339725 -0.374769 0.288500 -0.204284 -0.027103 -0.018792 0.978356
1520530753.751039505 1.311005 -0.363280 0.286688 -0.212167 -0.036541 -0.005254 0.976536
1520530753.801040411 1.280262 -0.353781 0.286809 -0.214062 -0.043152 0.003334 0.975861
1520530753.851041555 1.250782 -0.348340 0.284837 -0.211419 -0.049430 0.007492 0.976116
1520530753.901043653 1.227147 -0.342761 0.288851 -0.203209 -0.053332 0.008512 0.977645
1520530753.951045513 1.202405 -0.347281 0.296320 -0.195306 -0.054273 0.006103 0.979220
1520530754.001046658 1.188574 -0.343343 0.303581 -0.186023 -0.054480 0.000215 0.981034
1520530754.051765442 1.176496 -0.352630 0.314551 -0.185653 -0.055155 -0.005644 0.981050
1520530754.101767302 1.157147 -0.350348 0.321300 -0.186269 -0.055422 -0.010212 0.980881
1520530754.151768208 1.145739 -0.351501 0.329285 -0.188416 -0.055890 -0.010831 0.980438
1520530754.201770306 1.143424 -0.348867 0.332399 -0.188235 -0.055957 -0.010134 0.980476
1520530754.251797438 1.127660 -0.345741 0.339021 -0.186617 -0.052853 -0.007378 0.980982
1520530754.301773310 1.113256 -0.343212 0.345223 -0.184442 -0.050435 -0.005189 0.981535
1520530754.351775408 1.101514 -0.331962 0.347705 -0.180839 -0.048698 -0.004739 0.982295
1520530754.401776314 1.094792 -0.332102 0.348994 -0.180911 -0.046930 -0.004943 0.982367
1520530754.451720476 1.085572 -0.335199 0.353682 -0.182339 -0.044362 -0.005958 0.982216
1520530754.501721382 1.081283 -0.337453 0.359502 -0.185372 -0.043209 -0.006987 0.981693
1520530754.551723242 1.069735 -0.333135 0.362818 -0.190261 -0.041447 -0.011918 0.980786
1520530754.601725578 1.061095 -0.325936 0.367102 -0.192366 -0.041587 -0.021181 0.980213
1520530754.651726484 1.044003 -0.315173 0.372909 -0.191496 -0.042468 -0.030340 0.980105
1520530754.701728344 1.024973 -0.308796 0.379694 -0.190387 -0.048605 -0.034732 0.979890
1520530754.751729488 0.999384 -0.305149 0.386281 -0.192391 -0.059105 -0.034566 0.978927
1520530754.801731348 0.972441 -0.310658 0.390961 -0.198659 -0.068683 -0.037831 0.976927
1520530754.851698875 0.945166 -0.304884 0.397535 -0.201714 -0.077741 -0.045112 0.975311
1520530754.901700974 0.912419 -0.293253 0.406903 -0.199503 -0.087747 -0.051836 0.974583
1520530754.951701880 0.882995 -0.282530 0.419778 -0.192055 -0.099652 -0.060073 0.974462
1520530755.001703739 0.850342 -0.281221 0.432337 -0.179337 -0.112974 -0.067476 0.974947
1520530755.051705837 0.803344 -0.284390 0.443093 -0.166094 -0.129681 -0.071837 0.974903
1520530755.101706743 0.751952 -0.278875 0.446974 -0.152501 -0.154572 -0.070268 0.973608
1520530755.151708841 0.703342 -0.269937 0.450434 -0.143950 -0.182442 -0.064164 0.970503
1520530755.201710939 0.653740 -0.265512 0.452604 -0.137244 -0.215511 -0.057493 0.965098
1520530755.251591444 0.600658 -0.256671 0.453242 -0.129605 -0.249245 -0.052621 0.958285
1520530755.301592350 0.553311 -0.252861 0.452765 -0.122912 -0.283380 -0.047717 0.949901
1520530755.351593256 0.505163 -0.244536 0.448107 -0.118676 -0.317397 -0.042469 0.939878
1520530755.401595592 0.458132 -0.233200 0.442830 -0.119008 -0.350984 -0.034295 0.928155
1520530755.451596498 0.408363 -0.225692 0.433665 -0.125989 -0.383348 -0.021348 0.914722
1520530755.501598597 0.357612 -0.214565 0.427353 -0.136989 -0.412667 -0.009935 0.900467
1520530755.551599503 0.308578 -0.196393 0.418626 -0.150931 -0.440100 -0.000234 0.885173
1520530755.601601362 0.256996 -0.190710 0.411246 -0.171415 -0.465710 0.007288 0.868146
1520530755.651602507 0.202982 -0.178270 0.400814 -0.188583 -0.487838 0.008815 0.852275
1520530755.701246500 0.153456 -0.166158 0.396727 -0.199796 -0.509893 0.004883 0.836700
1520530755.751247644 0.100153 -0.153179 0.387671 -0.202366 -0.529974 0.000024 0.823514
1520530755.801249743 0.048548 -0.151078 0.401157 -0.195557 -0.551431 -0.002574 0.810971
1520530755.851266623 0.001122 -0.159582 0.400349 -0.190141 -0.568697 -0.000459 0.800268
1520530755.901252747 -0.058020 -0.157837 0.392798 -0.183102 -0.579120 0.003598 0.794406
1520530755.951254606 -0.105860 -0.158129 0.389064 -0.181607 -0.591953 0.004951 0.785230
1520530756.001255512 -0.147928 -0.157762 0.387869 -0.183930 -0.608846 0.003431 0.771664
1520530756.051257610 -0.194058 -0.145360 0.379711 -0.183872 -0.625571 0.000899 0.758190
1520530756.101239204 -0.240090 -0.131690 0.378972 -0.181247 -0.644435 0.000933 0.742867
1520530756.151241302 -0.290017 -0.122714 0.364442 -0.176850 -0.661815 0.003889 0.728499
1520530756.201243162 -0.335297 -0.110053 0.352824 -0.173621 -0.681427 0.010468 0.710918
1520530756.251244068 -0.382070 -0.106643 0.324538 0.175557 0.699788 -0.018974 -0.692182
1520530756.301246405 -0.426043 -0.103678 0.304022 0.180552 0.717834 -0.023360 -0.671989
1520530756.351247311 -0.471270 -0.102817 0.294813 0.183799 0.735976 -0.022975 -0.651175
1520530756.401249170 -0.511181 -0.106676 0.271909 0.183598 0.756274 -0.022528 -0.627562
1520530756.451250315 -0.550320 -0.113861 0.251079 0.179367 0.778582 -0.020590 -0.601011
1520530756.501374722 -0.593686 -0.107284 0.227492 0.172324 0.799131 -0.017990 -0.575647
1520530756.551377058 -0.628961 -0.106648 0.195765 0.168360 0.816704 -0.013991 -0.551773
1520530756.601377964 -0.665663 -0.097852 0.166123 0.161853 0.833593 -0.011381 -0.528012
1520530756.651379824 -0.694238 -0.104701 0.134825 0.156289 0.847886 -0.005507 -0.506589
1520530756.701380968 -0.734079 -0.102549 0.104509 0.145810 0.860499 -0.004684 -0.488118
1520530756.751382828 -0.774538 -0.100672 0.072773 0.137982 0.870589 -0.009216 -0.472177
1520530756.801383972 -0.808539 -0.113148 0.037789 0.135464 0.877659 -0.014536 -0.459513
1520530756.851385832 -0.854642 -0.113561 0.007416 0.128005 0.885201 -0.020132 -0.446799
1520530756.901524305 -0.886856 -0.128644 -0.035031 0.121591 0.894257 -0.026063 -0.429931
1520530756.951526165 -0.910319 -0.143431 -0.071996 0.112695 0.903210 -0.029434 -0.413091
1520530757.001527071 -0.942754 -0.157665 -0.103045 0.099839 0.913157 -0.029978 -0.394054
1520530757.051529408 -0.972719 -0.154414 -0.138720 0.089816 0.923467 -0.033027 -0.371553
1520530757.101530313 -0.999046 -0.165091 -0.176133 0.088262 0.934550 -0.032951 -0.343134
1520530757.151531219 -1.004658 -0.153925 -0.213904 0.088323 0.943713 -0.033681 -0.316970
1520530757.201533318 -1.028719 -0.165030 -0.249300 0.085682 0.953723 -0.029213 -0.286736
1520530757.251534224 -1.047297 -0.168336 -0.297980 0.085660 0.962033 -0.029638 -0.257441
1520530757.301300287 -1.063421 -0.164548 -0.346852 0.088570 0.968464 -0.033231 -0.230494
1520530757.351301432 -1.070288 -0.177852 -0.393768 0.086627 0.974489 -0.034022 -0.204231
1520530757.401303291 -1.083292 -0.191379 -0.413482 0.073660 0.980502 -0.032850 -0.179196
1520530757.451311350 -1.089158 -0.198454 -0.459891 0.062763 0.986327 -0.040959 -0.146775
1520530757.501306534 -1.093540 -0.210527 -0.507796 0.053038 0.991485 -0.046769 -0.109344
1520530757.551308393 -1.082964 -0.220164 -0.549776 0.044830 0.994851 -0.049311 -0.076358
1520530757.601309299 -1.082589 -0.234283 -0.596691 0.036430 0.997184 -0.047727 -0.044927
1520530757.651311398 -1.075323 -0.237244 -0.643452 0.032031 0.998219 -0.046735 -0.018656
1520530757.701312304 -1.066808 -0.242290 -0.690499 0.025221 0.998657 -0.044972 0.005049
1520530757.751027584 -1.052571 -0.243166 -0.741030 0.016777 0.998567 -0.045031 0.023564
1520530757.801029444 -1.042623 -0.251686 -0.789515 0.008017 0.998203 -0.044076 0.039810
1520530757.851030350 -1.032222 -0.258155 -0.840195 0.005191 0.997559 -0.042556 0.055117
1520530757.901032448 -1.009642 -0.258389 -0.889636 0.004867 0.996692 -0.041344 0.069795
1520530757.951033354 -0.988058 -0.268020 -0.933490 0.000940 0.994934 -0.041933 0.091364
1520530758.001035452 -0.963976 -0.278334 -0.984266 -0.007636 0.991991 -0.045747 0.117483
1520530758.051036596 -0.935673 -0.292858 -1.029289 -0.017520 0.988013 -0.052134 0.144238
1520530758.101038456 -0.907300 -0.310485 -1.075302 -0.022970 0.982872 -0.059056 0.173053
1520530758.151144505 -0.872537 -0.317830 -1.121683 -0.025620 0.976791 -0.064364 0.202683
1520530758.201146364 -0.838176 -0.318110 -1.163397 -0.026621 0.970167 -0.066226 0.231694
1520530758.251148462 -0.795973 -0.325018 -1.207804 -0.032303 0.962459 -0.065488 0.261419
1520530758.301149607 -0.748768 -0.333005 -1.246404 -0.038789 0.952843 -0.062858 0.294338
1520530758.351151466 -0.698077 -0.333341 -1.275600 -0.039940 0.941905 -0.063408 0.327414
1520530758.401153564 -0.650839 -0.345141 -1.301192 -0.035368 0.929412 -0.066092 0.361351
1520530758.451154470 -0.598162 -0.362855 -1.321774 -0.034315 0.915390 -0.068385 0.395229
1520530758.501156330 -0.546067 -0.377434 -1.335389 -0.036862 0.899289 -0.069208 0.430269
1520530758.551586628 -0.491881 -0.393617 -1.346062 -0.039449 0.880090 -0.068329 0.468206
1520530758.601588726 -0.437073 -0.400311 -1.352693 -0.046516 0.860099 -0.070503 0.503085
1520530758.651589632 -0.388324 -0.416133 -1.372723 -0.058625 0.840499 -0.074750 0.533420
1520530758.701591730 -0.337365 -0.416966 -1.383619 -0.066338 0.823529 -0.079587 0.557732
1520530758.751592875 -0.283042 -0.420354 -1.389214 -0.073354 0.808833 -0.079920 0.577945
1520530758.801594734 -0.226291 -0.417482 -1.398437 -0.080758 0.797573 -0.075097 0.593056
1520530758.851596832 -0.173401 -0.419220 -1.411129 -0.088788 0.791693 -0.064725 0.600957
1520530758.901597738 -0.115785 -0.422248 -1.422011 -0.094882 0.790631 -0.053075 0.602563
1520530758.951488256 -0.064208 -0.427813 -1.435473 -0.092207 0.788116 -0.042002 0.607131
1520530759.001489162 -0.007835 -0.456598 -1.429114 -0.089488 0.783032 -0.036007 0.614456
1520530759.051491499 0.047028 -0.472757 -1.434557 -0.087194 0.775628 -0.041835 0.623737
1520530759.101492405 0.106577 -0.491330 -1.442313 -0.085840 0.768127 -0.051876 0.632393
1520530759.151494265 0.161886 -0.505215 -1.450798 -0.087357 0.760725 -0.061412 0.640231
1520530759.201495409 0.218422 -0.511880 -1.457944 -0.087530 0.752581 -0.065867 0.649324
1520530759.251497269 0.279116 -0.517435 -1.460082 -0.085143 0.744537 -0.064895 0.658942
1520530759.301498175 0.338473 -0.514876 -1.471054 -0.083113 0.734543 -0.066999 0.670112
1520530759.351664543 0.386142 -0.527397 -1.465984 -0.080513 0.726901 -0.067485 0.678659
1520530759.401666403 0.451772 -0.514049 -1.477815 -0.071567 0.716514 -0.072496 0.690094
1520530759.451667547 0.503993 -0.516962 -1.469886 -0.069503 0.709243 -0.073708 0.697646
1520530759.501669407 0.556421 -0.525920 -1.461513 -0.072798 0.700087 -0.070910 0.706789
1520530759.551670313 0.602088 -0.534444 -1.451233 -0.075822 0.687021 -0.065269 0.719718
1520530759.601672649 0.647422 -0.548377 -1.436284 -0.079111 0.669441 -0.060459 0.736162
1520530759.651673555 0.698422 -0.557807 -1.422324 -0.085147 0.650109 -0.061617 0.752537
1520530759.701675415 0.752631 -0.562206 -1.406404 -0.092549 0.633088 -0.068243 0.765491
1520530759.751602173 0.812846 -0.557342 -1.395495 -0.094406 0.618409 -0.076810 0.776375
1520530759.801604509 0.882419 -0.548193 -1.385082 -0.094561 0.606147 -0.086379 0.784973
1520530759.851606369 0.944533 -0.536524 -1.374675 -0.095435 0.597031 -0.094657 0.790877
1520530759.901607275 0.992178 -0.539835 -1.355073 -0.099218 0.593728 -0.097086 0.792601
1520530759.951609373 1.050083 -0.537509 -1.344102 -0.100559 0.591412 -0.095099 0.794403
1520530760.001610279 1.105790 -0.543183 -1.333992 -0.101820 0.588178 -0.090576 0.797167
1520530760.051612139 1.161250 -0.553698 -1.313959 -0.104568 0.582432 -0.089575 0.801133
1520530760.101613522 1.214177 -0.563421 -1.296448 -0.106229 0.573270 -0.095247 0.806849
1520530760.151616335 1.267843 -0.571717 -1.274834 -0.104520 0.564032 -0.106872 0.812110
1520530760.201535225 1.315901 -0.582738 -1.253686 -0.101323 0.553387 -0.116664 0.818466
1520530760.251537323 1.361146 -0.586376 -1.225102 -0.098941 0.537444 -0.119732 0.828872
1520530760.301538229 1.408160 -0.584353 -1.197120 -0.093942 0.519026 -0.114438 0.841838
1520530760.351539373 1.454842 -0.572316 -1.166449 -0.090762 0.500336 -0.111478 0.853815
1520530760.401541233 1.499699 -0.565976 -1.135501 -0.091941 0.480760 -0.110902 0.864938
1520530760.451543093 1.552075 -0.550009 -1.102784 -0.086947 0.459649 -0.111971 0.876713
1520530760.501544237 1.594007 -0.544269 -1.065247 -0.084295 0.440059 -0.111841 0.886980
1520530760.551546097 1.634166 -0.537096 -1.030006 -0.084201 0.424792 -0.112159 0.894362
1520530760.601489544 1.662168 -0.534370 -0.986163 -0.085170 0.405488 -0.104382 0.904118
1520530760.651491642 1.689914 -0.540633 -0.946330 -0.092448 0.379245 -0.092447 0.916013
1520530760.701492548 1.721123 -0.531033 -0.905821 -0.100014 0.351745 -0.086028 0.926753
1520530760.751494408 1.750302 -0.522769 -0.867065 -0.108267 0.323344 -0.082283 0.936459
1520530760.801495552 1.778545 -0.514866 -0.821383 -0.113515 0.299502 -0.081513 0.943805
1520530760.851497650 1.804056 -0.507036 -0.779129 -0.116813 0.278154 -0.083067 0.949781
1520530760.901498556 1.831530 -0.496374 -0.735384 -0.118567 0.258791 -0.087540 0.954623
1520530760.951500654 1.862120 -0.477429 -0.695842 -0.120377 0.242832 -0.093397 0.958029
1520530761.001376867 1.891128 -0.466140 -0.656889 -0.125935 0.230262 -0.096711 0.960087
1520530761.051378012 1.912841 -0.456675 -0.609660 -0.130544 0.221420 -0.094113 0.961808
1520530761.101379871 1.935984 -0.457151 -0.563734 -0.137917 0.210204 -0.091161 0.963578
1520530761.151381016 1.939123 -0.458451 -0.519541 -0.143911 0.196429 -0.088267 0.965875
1520530761.201383114 1.954647 -0.453485 -0.472858 -0.143585 0.180397 -0.091954 0.968702
1520530761.251384020 1.965930 -0.451551 -0.423895 -0.142138 0.162688 -0.095669 0.971688
1520530761.301386118 1.979046 -0.437790 -0.377786 -0.137297 0.140424 -0.095480 0.975866
1520530761.351387024 1.991049 -0.429355 -0.333660 -0.133326 0.116147 -0.091809 0.979952
1520530761.401249647 1.994852 -0.408237 -0.285648 -0.127525 0.091566 -0.089720 0.983516
1520530761.451251507 1.996390 -0.386758 -0.233858 -0.122899 0.064770 -0.084888 0.986658
1520530761.501252651 1.998454 -0.366202 -0.187914 -0.121848 0.034132 -0.079447 0.988775
1520530761.551254511 1.994019 -0.359733 -0.147272 -0.120765 0.001163 -0.073837 0.989931
1520530761.601256609 1.995354 -0.347004 -0.096307 -0.115114 -0.028894 -0.072868 0.990255
1520530761.651258707 1.982472 -0.348716 -0.053264 -0.115810 -0.056553 -0.070018 0.989185
1520530761.701259613 1.966052 -0.328570 -0.013932 -0.116994 -0.087416 -0.060982 0.987397
1520530761.751261711 1.942789 -0.327776 0.023586 -0.128157 -0.118133 -0.056350 0.983079
1520530761.801129580 1.926055 -0.310947 0.067085 -0.135603 -0.147297 -0.058746 0.977990
1520530761.851130486 1.897685 -0.300124 0.100074 -0.142633 -0.172975 -0.059340 0.972735
1520530761.901133776 1.870888 -0.278421 0.150251 -0.140706 -0.198182 -0.060850 0.968103
1520530761.951133490 1.851404 -0.266456 0.195726 -0.142170 -0.221660 -0.064309 0.962558
1520530762.001135349 1.832870 -0.241121 0.240516 -0.142945 -0.242099 -0.065800 0.957405
1520530762.051136494 1.807377 -0.224968 0.278209 -0.146691 -0.257826 -0.067263 0.952619
1520530762.101138592 1.774592 -0.210855 0.318504 -0.149950 -0.269026 -0.068521 0.948918
1520530762.151140451 1.735822 -0.198636 0.358620 -0.155386 -0.278836 -0.065978 0.945385
1520530762.201313972 1.696495 -0.190848 0.393569 -0.159889 -0.291464 -0.060595 0.941176
1520530762.251318932 1.656869 -0.186553 0.424849 -0.160519 -0.305774 -0.057525 0.936710
1520530762.301316977 1.620642 -0.181390 0.459467 -0.155562 -0.320437 -0.057593 0.932633
1520530762.351318836 1.583206 -0.186206 0.487305 -0.155116 -0.339183 -0.053651 0.926291
1520530762.401319742 1.543650 -0.174799 0.514873 -0.154584 -0.359838 -0.047983 0.918868
1520530762.451321840 1.503931 -0.153263 0.548113 -0.151786 -0.381721 -0.044899 0.910623
1520530762.501322746 1.459936 -0.137060 0.573174 -0.151547 -0.403087 -0.042790 0.901512
1520530762.551324844 1.413172 -0.119356 0.600357 -0.148014 -0.424205 -0.041509 0.892423
1520530762.601326942 1.369666 -0.109392 0.625110 -0.145344 -0.446680 -0.035217 0.882107
1520530762.651531219 1.314204 -0.102789 0.638971 -0.142711 -0.465433 -0.024850 0.873148
1520530762.701533079 1.261690 -0.091747 0.662591 -0.140905 -0.486461 -0.019832 0.862037
1520530762.751534224 1.209736 -0.087312 0.669921 -0.147015 -0.513696 -0.012974 0.845183
1520530762.801536083 1.156992 -0.086678 0.672755 -0.151622 -0.544386 -0.008136 0.824978
1520530762.851536989 1.102582 -0.072613 0.698109 -0.146559 -0.578298 -0.007214 0.802521
1520530762.901539087 1.043509 -0.062248 0.700401 -0.139404 -0.603981 -0.007153 0.784680
1520530762.951539993 0.996289 -0.049218 0.705283 -0.132972 -0.627980 -0.007565 0.766748
1520530763.001542091 0.945403 -0.036834 0.704697 -0.130460 -0.646342 -0.005054 0.751796
1520530763.051559210 0.891157 -0.018912 0.709711 -0.130698 -0.661286 -0.002265 0.738657
1520530763.101560116 0.841695 0.000742 0.709627 -0.134132 -0.671495 -0.004592 0.728753
1520530763.151561975 0.789216 0.018899 0.718967 -0.134328 -0.675544 -0.014878 0.724827
1520530763.201564312 0.737193 0.029173 0.729784 -0.137379 -0.674681 -0.020699 0.724917
1520530763.251565218 0.684360 0.032433 0.736665 -0.145462 -0.672262 -0.019898 0.725609
1520530763.301567078 0.631918 0.027963 0.744276 -0.153015 -0.670423 -0.015648 0.725861
1520530763.351568222 0.579396 0.016324 0.760060 -0.158436 -0.668159 -0.014650 0.726806
1520530763.401570082 0.528933 0.008051 0.774197 -0.159960 -0.666561 -0.016709 0.727894
1520530763.451561451 0.478359 0.013682 0.774964 -0.159347 -0.666046 -0.012858 0.728578
1520530763.501562357 0.423888 0.011686 0.787883 -0.157515 -0.669304 -0.004707 0.726085
1520530763.551564693 0.367932 0.018851 0.786796 -0.150386 -0.671020 0.004336 0.726015
1520530763.601565599 0.311912 0.028490 0.791318 -0.143892 -0.677137 0.010268 0.721579
1520530763.651566505 0.259918 0.035642 0.791503 -0.140917 -0.686493 0.014625 0.713202
1520530763.701569557 0.199770 0.047667 0.792104 -0.135563 -0.697227 0.017210 0.703705
1520530763.751570463 0.145208 0.048508 0.782520 0.132609 0.706945 -0.018130 -0.694489
1520530763.801571369 0.092262 0.048083 0.778610 0.132262 0.718194 -0.020128 -0.682861
1520530763.851452589 0.041978 0.043743 0.765446 0.136233 0.730705 -0.026062 -0.668454
1520530763.901453495 -0.007989 0.041462 0.756535 0.136848 0.742819 -0.029107 -0.654710
1520530763.951455355 -0.055448 0.036757 0.743606 0.135930 0.754284 -0.026722 -0.641767
1520530764.001456499 -0.107108 0.038091 0.725865 0.132272 0.765185 -0.023474 -0.629639
1520530764.051458359 -0.152745 0.036745 0.703621 0.127143 0.774089 -0.023045 -0.619749
1520530764.101459265 -0.208991 0.045767 0.691960 0.119017 0.781888 -0.024746 -0.611452
1520530764.151461363 -0.264963 0.057615 0.676924 0.113232 0.789332 -0.027129 -0.602825
1520530764.201463461 -0.319455 0.068185 0.654117 0.109400 0.793537 -0.024225 -0.598116
1520530764.251481533 -0.374463 0.078653 0.642989 0.109016 0.797333 -0.018424 -0.593326
1520530764.301483393 -0.428561 0.080187 0.626167 0.113635 0.800542 -0.014149 -0.588234
1520530764.351484299 -0.484200 0.080579 0.618083 0.114503 0.804819 -0.006758 -0.582331
1520530764.401486397 -0.535792 0.078071 0.600700 0.111748 0.807921 -0.002759 -0.578592
1520530764.451487303 -0.590485 0.074796 0.585755 0.105259 0.809023 -0.001602 -0.578273
1520530764.501489162 -0.643377 0.070185 0.570510 0.102265 0.810806 -0.003012 -0.576304
1520530764.551490307 -0.693379 0.071160 0.552295 0.104245 0.815081 -0.007436 -0.569842
1520530764.601492405 -0.739805 0.066591 0.522024 0.109113 0.820944 -0.013482 -0.560324
1520530764.651494265 -0.781643 0.065450 0.490929 0.108532 0.829567 -0.019020 -0.547429
1520530764.701715469 -0.825913 0.068097 0.459798 0.100371 0.840837 -0.025598 -0.531285
1520530764.751717567 -0.870009 0.067633 0.425144 0.090596 0.852167 -0.033541 -0.514275
1520530764.801719427 -0.912311 0.064221 0.387334 0.083667 0.862759 -0.040512 -0.496997
1520530764.851720572 -0.951589 0.065684 0.350100 0.080464 0.873233 -0.043333 -0.478655
1520530764.901721478 -0.990427 0.054769 0.314688 0.081514 0.885503 -0.038594 -0.455797
1520530764.951724291 -1.019525 0.041265 0.268112 0.086774 0.898947 -0.034082 -0.428022
1520530765.001725435 -1.045827 0.024694 0.220346 0.087835 0.911739 -0.032217 -0.399974
1520530765.051727533 -1.071689 0.005826 0.172068 0.086961 0.923401 -0.029188 -0.372715
1520530765.101763487 -1.095490 -0.002936 0.125243 0.082337 0.933463 -0.027971 -0.347972
1520530765.151765347 -1.124852 -0.014144 0.094250 0.075145 0.942572 -0.024354 -0.324528
1520530765.201766253 -1.136542 -0.008104 0.064437 0.068148 0.949309 -0.023149 -0.305993
1520530765.251767397 -1.170207 -0.003943 0.038403 0.062970 0.956958 -0.020233 -0.282590
1520530765.301771402 -1.180213 -0.019300 0.029881 0.059698 0.961917 -0.009150 -0.266585
1520530765.351771116 -1.204222 -0.020383 0.015117 0.052164 0.966014 -0.002700 -0.253155
1520530765.401772499 -1.225438 -0.033779 -0.018810 0.051182 0.968631 -0.001105 -0.243173
1520530765.451774359 -1.238935 -0.047969 -0.030627 0.052242 0.971228 0.002597 -0.232335
1520530765.501667738 -1.253808 -0.065624 -0.066538 0.051469 0.973400 0.004084 -0.223219
1520530765.551565647 -1.268378 -0.079136 -0.099497 0.045740 0.976110 0.004352 -0.212363
1520530765.601566553 -1.271150 -0.094064 -0.145869 0.045583 0.979970 0.001403 -0.193851
1520530765.651568651 -1.266604 -0.109157 -0.177899 0.046982 0.983811 -0.000714 -0.172939
1520530765.701569557 -1.269189 -0.113297 -0.232829 0.044660 0.987885 -0.007205 -0.148447
1520530765.751571655 -1.264227 -0.114307 -0.291692 0.038466 0.991552 -0.013129 -0.123178
1520530765.801573753 -1.257666 -0.108681 -0.346848 0.035011 0.994718 -0.017351 -0.094917
1520530765.851574659 -1.251011 -0.111893 -0.401085 0.031065 0.997119 -0.020707 -0.066025
1520530765.901345730 -1.246592 -0.118321 -0.451030 0.024574 0.998662 -0.022789 -0.039384
1520530765.951346636 -1.246355 -0.150860 -0.484435 0.021209 0.999556 -0.016592 -0.012726
1520530766.001348734 -1.226499 -0.160272 -0.530989 0.025054 0.999317 -0.015108 0.022567
1520530766.051349640 -1.209161 -0.169454 -0.580394 0.026191 0.997447 -0.012311 0.065282
1520530766.101351500 -1.170934 -0.195071 -0.616767 0.019683 0.994434 -0.006492 0.103303
1520530766.151352644 -1.148919 -0.203769 -0.660176 0.007505 0.990430 -0.009115 0.137512
1520530766.201354504 -1.116986 -0.196711 -0.706901 0.001315 0.985736 -0.018920 0.167226
1520530766.251356602 -1.092069 -0.194101 -0.759114 -0.004296 0.980265 -0.027947 0.195657
1520530766.301371574 -1.065359 -0.199446 -0.791010 -0.012662 0.975287 -0.029532 0.218591
1520530766.351373672 -1.037115 -0.196198 -0.835448 -0.020595 0.970160 -0.029474 0.239787
1520530766.401375532 -1.007646 -0.197952 -0.879227 -0.025280 0.965579 -0.027842 0.257377
1520530766.451376438 -0.977154 -0.208503 -0.918517 -0.028187 0.961515 -0.025446 0.272114
1520530766.501378536 -0.940222 -0.218005 -0.954434 -0.028179 0.957168 -0.023576 0.287193
1520530766.551379442 -0.904626 -0.227690 -0.988139 -0.030755 0.952003 -0.025920 0.303436
1520530766.601381540 -0.874931 -0.246100 -1.023758 -0.035763 0.946669 -0.029000 0.318902
1520530766.651382685 -0.832983 -0.264803 -1.045780 -0.039044 0.940620 -0.032168 0.335671
1520530766.701833963 -0.786369 -0.271817 -1.068348 -0.036518 0.932807 -0.035556 0.356755
1520530766.751836061 -0.741061 -0.271304 -1.095054 -0.034948 0.924351 -0.037860 0.378048
1520530766.801837206 -0.688018 -0.274721 -1.118786 -0.037174 0.914358 -0.036940 0.401500
1520530766.851839066 -0.639312 -0.271590 -1.140172 -0.042400 0.902036 -0.034303 0.428201
1520530766.901840925 -0.589787 -0.278590 -1.155219 -0.047277 0.890243 -0.032529 0.451856
1520530766.951842070 -0.537048 -0.283262 -1.174915 -0.045749 0.880115 -0.032993 0.471398
1520530767.001842976 -0.488365 -0.290838 -1.195081 -0.041293 0.871626 -0.031415 0.487419
1520530767.051845074 -0.434789 -0.306357 -1.204866 -0.033038 0.861272 -0.022383 0.506576
1520530767.101938009 -0.384138 -0.332176 -1.206978 -0.027296 0.846790 -0.010598 0.531121
1520530767.151878595 -0.327438 -0.346406 -1.211987 -0.026353 0.831167 -0.004934 0.555376
1520530767.201879501 -0.272540 -0.354912 -1.217089 -0.031516 0.817817 -0.006463 0.574578
1520530767.251881599 -0.222773 -0.358508 -1.221606 -0.037496 0.805058 -0.013035 0.591867
1520530767.301882505 -0.170809 -0.357672 -1.226620 -0.039030 0.792673 -0.018028 0.608130
1520530767.351884365 -0.116474 -0.366084 -1.234221 -0.038077 0.779693 -0.017688 0.624753
1520530767.401886463 -0.066141 -0.367098 -1.241818 -0.037651 0.768826 -0.017159 0.638117
1520530767.451887369 -0.013044 -0.367230 -1.247792 -0.039810 0.762505 -0.012800 0.645630
1520530767.501889706 0.041052 -0.368633 -1.255013 -0.044868 0.762393 -0.011159 0.645461
1520530767.551857233 0.092270 -0.381692 -1.269409 -0.049035 0.763000 -0.007113 0.644497
1520530767.601859331 0.136833 -0.387852 -1.277434 -0.049870 0.762806 -0.002332 0.644697
1520530767.651860237 0.186390 -0.401944 -1.286512 -0.049465 0.763445 -0.001967 0.643973
1520530767.701862335 0.234707 -0.409523 -1.300831 -0.047337 0.764401 -0.007955 0.642951
1520530767.751863480 0.284086 -0.420661 -1.309942 -0.043360 0.763224 -0.011486 0.644576
1520530767.801865339 0.314729 -0.427439 -1.312816 -0.039407 0.761469 -0.010859 0.646911
1520530767.851867199 0.368769 -0.430461 -1.311529 -0.036628 0.758112 -0.013081 0.650964
1520530767.901869297 0.422932 -0.420974 -1.316323 -0.033690 0.750538 -0.017843 0.659727
1520530767.951935530 0.480637 -0.418860 -1.316595 -0.028600 0.740819 -0.022273 0.670726
1520530768.001936674 0.548913 -0.403492 -1.322098 -0.020870 0.728520 -0.027068 0.684171
1520530768.051939726 0.616613 -0.378830 -1.336264 -0.017125 0.719675 -0.031141 0.693401
1520530768.101940632 0.680174 -0.381713 -1.347275 -0.021964 0.712704 -0.027848 0.700567
1520530768.151941776 0.730458 -0.372649 -1.346389 -0.023622 0.702011 -0.018492 0.711534
1520530768.201943636 0.786673 -0.380299 -1.341326 -0.027810 0.690527 -0.014884 0.722618
1520530768.251944542 0.842712 -0.383570 -1.337114 -0.032018 0.678971 -0.021997 0.733136
1520530768.301946640 0.898626 -0.386496 -1.325778 -0.033229 0.667052 -0.032143 0.743575
1520530768.351886034 0.952104 -0.401599 -1.323266 -0.037782 0.656421 -0.043761 0.752176
1520530768.401886702 1.010878 -0.386566 -1.309813 -0.040340 0.648352 -0.056704 0.758153
1520530768.451888800 1.072559 -0.380750 -1.307470 -0.041368 0.638719 -0.063992 0.765658
1520530768.501889944 1.127946 -0.373532 -1.292983 -0.041368 0.631920 -0.064950 0.771199
1520530768.551891804 1.187514 -0.376260 -1.286460 -0.045763 0.629128 -0.065624 0.773174
1520530768.601892948 1.249168 -0.371341 -1.275497 -0.047049 0.630796 -0.065643 0.771734
1520530768.651894808 1.300143 -0.374465 -1.258292 -0.048967 0.630331 -0.062712 0.772238
1520530768.701977015 1.345361 -0.379963 -1.245553 -0.051376 0.627395 -0.063616 0.774396
1520530768.751810551 1.399958 -0.406297 -1.234713 -0.058248 0.626535 -0.074333 0.773651
1520530768.801811695 1.450196 -0.412695 -1.224607 -0.059836 0.623039 -0.083644 0.775401
1520530768.851813793 1.493559 -0.435431 -1.205871 -0.061255 0.614816 -0.080030 0.782204
1520530768.901814699 1.542817 -0.446752 -1.193590 -0.059113 0.600705 -0.076241 0.793628
1520530768.951816797 1.588507 -0.442916 -1.178002 -0.055892 0.583910 -0.078914 0.806038
1520530769.001818657 1.630285 -0.436446 -1.150794 -0.057483 0.566153 -0.086671 0.817713
1520530769.051819563 1.676765 -0.426529 -1.123751 -0.061089 0.543379 -0.089134 0.832504
1520530769.101821899 1.711758 -0.418700 -1.092989 -0.064352 0.516526 -0.087419 0.849363
1520530769.151822805 1.749189 -0.419225 -1.061831 -0.067238 0.490739 -0.088352 0.864204
1520530769.201870441 1.781366 -0.419237 -1.022285 -0.068854 0.467464 -0.088229 0.876899
1520530769.251871347 1.807637 -0.424140 -0.982661 -0.068893 0.441566 -0.081489 0.890860
1520530769.301873207 1.832048 -0.435717 -0.944891 -0.071837 0.414698 -0.077226 0.903826
1520530769.351875305 1.851205 -0.436233 -0.901546 -0.078462 0.389220 -0.076688 0.914588
1520530769.401876211 1.876339 -0.430640 -0.862232 -0.087786 0.361527 -0.075989 0.925104
1520530769.451878548 1.896709 -0.422566 -0.824013 -0.096046 0.332350 -0.077041 0.935085
1520530769.501879454 1.921371 -0.403811 -0.784677 -0.099741 0.304640 -0.082741 0.943610
1520530769.551881313 1.935018 -0.397031 -0.734629 -0.103390 0.280058 -0.086554 0.950467
1520530769.601849794 1.958400 -0.386709 -0.688882 -0.107459 0.258575 -0.088941 0.955867
1520530769.651851654 1.976928 -0.375138 -0.646677 -0.113043 0.244579 -0.091199 0.958689
1520530769.701853752 1.993416 -0.374461 -0.599190 -0.122427 0.236904 -0.091018 0.959481
1520530769.751854658 2.010009 -0.370358 -0.557348 -0.129955 0.231474 -0.094495 0.959480
1520530769.801856756 2.039701 -0.375274 -0.515393 -0.131899 0.225360 -0.102400 0.959859
1520530769.851858854 2.050120 -0.381769 -0.465478 -0.126480 0.220924 -0.110769 0.960690
1520530769.901859760 2.063118 -0.388511 -0.415832 -0.117135 0.210050 -0.112794 0.964072
1520530769.951861858 2.076026 -0.385476 -0.369870 -0.109626 0.193873 -0.108394 0.968838
1520530770.001660824 2.085458 -0.378690 -0.326332 -0.107180 0.175935 -0.105260 0.972872
1520530770.051661730 2.098467 -0.366445 -0.280989 -0.108006 0.155579 -0.105045 0.976266
1520530770.101663589 2.106298 -0.349409 -0.230873 -0.107096 0.131275 -0.107382 0.979677
1520530770.151665688 2.111888 -0.337612 -0.181664 -0.102385 0.102945 -0.106875 0.983615
1520530770.201667786 2.125318 -0.320648 -0.136953 -0.095530 0.073459 -0.106082 0.987028
1520530770.251668692 2.123249 -0.310235 -0.087467 -0.093400 0.051613 -0.103655 0.988872
1520530770.301736832 2.112020 -0.309434 -0.044250 -0.100045 0.032377 -0.099251 0.989491
1520530770.351671696 2.105507 -0.311428 -0.003841 -0.110133 0.005188 -0.088153 0.989986
1520530770.401531935 2.086548 -0.306203 0.038209 -0.115853 -0.022102 -0.082733 0.989568
1520530770.451534033 2.062709 -0.303870 0.076550 -0.119700 -0.047950 -0.086083 0.987908
1520530770.501535177 2.045182 -0.291389 0.117350 -0.118906 -0.076254 -0.091475 0.985738
1520530770.551537037 2.010358 -0.275557 0.156683 -0.117827 -0.101802 -0.096383 0.983089
1520530770.601538897 1.985049 -0.260772 0.197152 -0.117192 -0.126312 -0.101366 0.979814
1520530770.651540041 1.966162 -0.237348 0.246611 -0.116842 -0.150796 -0.105274 0.975974
1520530770.701541901 1.943199 -0.227708 0.285961 -0.122810 -0.169811 -0.107305 0.971889
1520530770.751542807 1.914685 -0.216624 0.322469 -0.130009 -0.183110 -0.109707 0.968263
1520530770.801611662 1.886701 -0.204603 0.368448 -0.135181 -0.192133 -0.110245 0.965742
1520530770.851612568 1.853786 -0.207082 0.402665 -0.142593 -0.199048 -0.109086 0.963404
1520530770.901614666 1.820872 -0.208586 0.438636 -0.143094 -0.205144 -0.109759 0.961974
1520530770.951616526 1.795848 -0.212190 0.480472 -0.137560 -0.210849 -0.112852 0.961189
1520530771.001617432 1.762568 -0.212218 0.526256 -0.132498 -0.220436 -0.109676 0.960116
1520530771.051619768 1.729456 -0.213535 0.561466 -0.134907 -0.238174 -0.098812 0.956718
1520530771.101620674 1.697218 -0.212675 0.595044 -0.138687 -0.259790 -0.090976 0.951314
1520530771.151622534 1.661872 -0.199160 0.632103 -0.133307 -0.282488 -0.088393 0.945842
1520530771.201895714 1.624491 -0.179659 0.665591 -0.122238 -0.306560 -0.086189 0.940027
1520530771.251897812 1.580905 -0.170424 0.694939 -0.116744 -0.330627 -0.081891 0.932926
1520530771.301899910 1.533356 -0.153038 0.725547 -0.115062 -0.351788 -0.078031 0.925698
1520530771.351901770 1.486189 -0.143153 0.749788 -0.119596 -0.368851 -0.076624 0.918572
1520530771.401902676 1.443534 -0.137509 0.784998 -0.126099 -0.389096 -0.073907 0.909528
1520530771.451904774 1.402166 -0.134539 0.807627 -0.134502 -0.417075 -0.064738 0.896530
1520530771.501905680 1.369287 -0.150661 0.833295 -0.143278 -0.451049 -0.059735 0.878896
1520530771.551911831 1.320717 -0.143351 0.852888 -0.140059 -0.481205 -0.060466 0.863232
1520530771.601908922 1.276000 -0.142945 0.875143 -0.135596 -0.510818 -0.060251 0.846787
1520530771.651878357 1.222263 -0.136701 0.877199 -0.132519 -0.533154 -0.057114 0.833621
1520530771.701880217 1.175199 -0.113208 0.896244 -0.126401 -0.552284 -0.057884 0.821982
1520530771.751882315 1.129271 -0.095288 0.906569 -0.125380 -0.566571 -0.060039 0.812202
1520530771.801883221 1.083767 -0.075758 0.918663 -0.126975 -0.577193 -0.060571 0.804398
1520530771.851885080 1.037381 -0.065428 0.935093 -0.130409 -0.583494 -0.061815 0.799191
1520530771.901942015 0.990915 -0.057090 0.957088 -0.133125 -0.585661 -0.062816 0.797078
1520530771.951888323 0.941392 -0.048070 0.971861 -0.138318 -0.587179 -0.062201 0.795123
1520530772.001889229 0.895814 -0.046220 0.986210 -0.140813 -0.590668 -0.062714 0.792054
1520530772.051867008 0.847570 -0.043658 1.001678 -0.137592 -0.593434 -0.063234 0.790510
1520530772.101867914 0.800793 -0.043977 1.025538 -0.133322 -0.597951 -0.063124 0.787842
1520530772.151869774 0.751698 -0.037941 1.036787 -0.131449 -0.605388 -0.055947 0.783005
1520530772.201871872 0.701426 -0.029584 1.041975 -0.132675 -0.613985 -0.050772 0.776429
1520530772.251872778 0.648569 -0.009437 1.047289 -0.131733 -0.624393 -0.047336 0.768465
1520530772.301874876 0.595019 0.007719 1.044590 -0.131331 -0.636291 -0.043864 0.758922
1520530772.351876020 0.536511 0.024084 1.048626 -0.128365 -0.648948 -0.038816 0.748920
1520530772.401877880 0.479012 0.032565 1.049341 -0.127632 -0.659110 -0.031619 0.740462
1520530772.451787472 0.422900 0.039826 1.047211 -0.129913 -0.667323 -0.027668 0.732828
1520530772.501789331 0.361529 0.049714 1.040636 -0.135105 -0.676174 -0.027627 0.723721
1520530772.551790476 0.309908 0.053663 1.028409 -0.142278 -0.688033 -0.027303 0.711071
1520530772.601792336 0.261951 0.054223 1.004555 -0.145086 -0.699268 -0.026413 0.699483
1520530772.651794195 0.211158 0.049367 0.991509 0.142415 0.710472 0.027446 -0.688618
1520530772.701795340 0.161313 0.051229 0.972988 0.134808 0.718273 0.028933 -0.681962
1520530772.751797438 0.103701 0.063842 0.967547 0.126070 0.725769 0.029732 -0.675634
1520530772.801798582 0.050767 0.080720 0.953537 0.121920 0.731367 0.030669 -0.670297
1520530772.851710320 -0.007738 0.103029 0.948119 0.119896 0.737906 0.031107 -0.663440
1520530772.901712418 -0.059226 0.126697 0.934069 0.121862 0.742634 0.030643 -0.657803
1520530772.951713324 -0.115101 0.143102 0.917252 0.124298 0.745532 0.031350 -0.654025
1520530773.001715183 -0.171292 0.147756 0.910961 0.128298 0.746432 0.033999 -0.652092
1520530773.051716328 -0.224209 0.149694 0.898618 0.131725 0.747622 0.040423 -0.649674
1520530773.101718426 -0.279572 0.144916 0.891164 0.131438 0.748781 0.042991 -0.648230
1520530773.151720285 -0.336456 0.140589 0.883568 0.125390 0.748033 0.039469 -0.650513
1520530773.201721430 -0.392429 0.142306 0.870661 0.115589 0.746375 0.032991 -0.654581
1520530773.251870394 -0.446837 0.138475 0.859748 0.109550 0.749698 0.022987 -0.652245
1520530773.301871538 -0.502774 0.143488 0.845489 0.102179 0.755884 0.012375 -0.646564
1520530773.351878405 -0.554933 0.151111 0.827251 0.091830 0.765251 0.006784 -0.637113
1520530773.401874542 -0.606070 0.164796 0.797745 0.081256 0.776111 0.004453 -0.625324
1520530773.451876402 -0.651490 0.174771 0.762234 0.080998 0.790351 0.001588 -0.607275
1520530773.501919270 -0.696382 0.178011 0.731767 0.084185 0.805019 0.000978 -0.587245
1520530773.551879406 -0.747680 0.182155 0.704661 0.081716 0.817162 -0.001650 -0.570584
1520530773.601880312 -0.787767 0.179800 0.665091 0.084309 0.829640 -0.009114 -0.551821
1520530773.651882410 -0.825904 0.175835 0.626678 0.085617 0.845871 -0.018000 -0.526164
1520530773.701948404 -0.860528 0.172839 0.585475 0.082271 0.863025 -0.023089 -0.497881
1520530773.751950502 -0.896259 0.154883 0.553252 0.076468 0.879612 -0.018088 -0.469156
1520530773.801952362 -0.910658 0.150568 0.500010 0.075893 0.893772 -0.014398 -0.441820
1520530773.851953506 -0.936115 0.148692 0.455971 0.072305 0.907350 -0.014280 -0.413864
1520530773.901955366 -0.966864 0.155865 0.412986 0.066021 0.918672 -0.018100 -0.389045
1520530773.951956511 -0.998162 0.147661 0.399500 0.058431 0.928783 -0.014952 -0.365684
1520530774.001958609 -1.025604 0.156093 0.353121 0.051519 0.935976 -0.015608 -0.347925
1520530774.051959276 -1.063335 0.151958 0.320226 0.047527 0.941381 -0.011544 -0.333782
1520530774.101984501 -1.092749 0.152154 0.294274 0.048996 0.942995 -0.008870 -0.329060
1520530774.151986599 -1.117962 0.135954 0.275882 0.055946 0.943803 0.000361 -0.325738
1520530774.201987743 -1.154827 0.136357 0.238321 0.058686 0.944729 0.005506 -0.322510
1520530774.251989603 -1.181007 0.126154 0.209388 0.058378 0.944465 0.011830 -0.323169
1520530774.301991463 -1.206699 0.129074 0.162282 0.061839 0.946058 0.009017 -0.317914
1520530774.351992607 -1.213870 0.130937 0.122376 0.071149 0.949908 0.005120 -0.304279
1520530774.401993513 -1.231047 0.137638 0.079939 0.074913 0.955845 0.001238 -0.284160
1520530774.451995373 -1.250204 0.149193 0.027855 0.075327 0.962500 -0.000464 -0.260614
1520530774.501792192 -1.267386 0.134941 -0.001313 0.069648 0.970191 0.008647 -0.231955
1520530774.551794291 -1.289275 0.120994 -0.022904 0.061826 0.978014 0.020548 -0.198101
1520530774.601795197 -1.290677 0.112344 -0.059722 0.057733 0.983294 0.025906 -0.170672
1520530774.651797056 -1.284123 0.096481 -0.094324 0.058952 0.987546 0.032381 -0.142226
1520530774.701798201 -1.268113 0.083538 -0.135778 0.065336 0.991405 0.033499 -0.108282
1520530774.751800060 -1.254344 0.069620 -0.189606 0.067366 0.994951 0.026854 -0.069381
1520530774.801800966 -1.236039 0.058689 -0.236973 0.062143 0.997404 0.021190 -0.029581
1520530774.851803303 -1.219568 0.047798 -0.286751 0.050132 0.998515 0.020334 0.006395
1520530774.901630163 -1.203805 0.036655 -0.333593 0.036782 0.998392 0.022650 0.036704
1520530774.951632023 -1.176142 0.031669 -0.378255 0.026723 0.997553 0.024082 0.059952
1520530775.001632929 -1.151392 0.039029 -0.427515 0.020207 0.996433 0.022488 0.078790
1520530775.051635027 -1.128076 0.042841 -0.481883 0.019122 0.995028 0.023352 0.094916
1520530775.101664066 -1.110007 0.055327 -0.540549 0.016957 0.993787 0.025174 0.107080
1520530775.151637793 -1.091654 0.050693 -0.592593 0.015808 0.992966 0.029748 0.113510
1520530775.201638937 -1.074601 0.035471 -0.647402 0.014853 0.991937 0.034289 0.121098
1520530775.251641035 -1.055296 0.016794 -0.690927 0.012231 0.990993 0.034406 0.128839
1520530775.301808119 -1.033265 0.012833 -0.734062 0.009365 0.990130 0.028507 0.136902
1520530775.351809025 -1.010430 -0.003165 -0.770260 0.009198 0.987611 0.024743 0.154685
1520530775.401811361 -0.986422 -0.005975 -0.812679 0.011644 0.983339 0.019028 0.180408
1520530775.451812267 -0.955319 -0.003222 -0.853534 0.009699 0.978480 0.012992 0.205704
1520530775.501814127 -0.921285 -0.004494 -0.896983 0.003703 0.972614 0.005917 0.232320
1520530775.551815271 -0.883497 -0.005557 -0.937686 -0.001083 0.965230 0.000204 0.261398
1520530775.601817131 -0.840600 -0.004001 -0.973419 -0.000424 0.956836 -0.003342 0.290609
1520530775.651818037 -0.793985 -0.009195 -1.003031 0.004638 0.947899 0.000189 0.318537
1520530775.702431917 -0.747658 -0.013555 -1.029911 0.010303 0.938893 0.013535 0.343787
1520530775.752434015 -0.704186 -0.019258 -1.056088 0.011105 0.926823 0.031055 0.374046
1520530775.802434921 -0.658985 -0.034987 -1.072817 0.009113 0.910176 0.042326 0.411953
1520530775.852437019 -0.618790 -0.054199 -1.092791 0.002321 0.891335 0.039314 0.451632
1520530775.902437925 -0.572810 -0.070037 -1.107599 -0.004563 0.872477 0.029474 0.487745
1520530775.952439785 -0.527846 -0.086324 -1.120389 -0.010303 0.853950 0.020218 0.519859
1520530776.002441168 -0.485798 -0.100391 -1.135011 -0.017202 0.836644 0.012868 0.547326
1520530776.052443027 -0.435737 -0.106236 -1.147022 -0.021280 0.823320 0.006659 0.567139
1520530776.102444887 -0.389797 -0.106388 -1.163147 -0.018769 0.813101 0.003886 0.581807
1520530776.152283430 -0.338730 -0.117205 -1.185684 -0.016196 0.807216 0.010094 0.589947
1520530776.202284575 -0.292560 -0.113989 -1.204829 -0.012939 0.806507 0.019574 0.590759
1520530776.252286673 -0.243203 -0.120886 -1.227867 -0.010768 0.808185 0.028458 0.588143
1520530776.302287340 -0.196679 -0.133388 -1.246555 -0.009172 0.809186 0.037982 0.586252
1520530776.352289677 -0.156709 -0.150534 -1.257294 -0.008821 0.809926 0.043415 0.584857
1520530776.402290583 -0.114733 -0.153108 -1.279222 -0.009980 0.807827 0.040550 0.587939
1520530776.452292442 -0.071138 -0.164256 -1.284492 -0.009012 0.805541 0.039922 0.591125
1520530776.502293587 -0.024248 -0.171933 -1.291938 -0.005848 0.798142 0.039537 0.601142
1520530776.552302361 0.026071 -0.164378 -1.309808 -0.004047 0.789814 0.035612 0.612298
1520530776.602303505 0.077758 -0.160372 -1.319694 -0.002916 0.781365 0.033421 0.623172
1520530776.652305603 0.128535 -0.159729 -1.326383 0.000317 0.771739 0.032672 0.635100
1520530776.702321529 0.181331 -0.162940 -1.334198 0.005684 0.761229 0.032306 0.647653
1520530776.752308607 0.229644 -0.172799 -1.337462 0.008259 0.751058 0.034092 0.659303
1520530776.802310467 0.279445 -0.170295 -1.330713 0.008437 0.741401 0.036991 0.669989
1520530776.852311611 0.325182 -0.179644 -1.327324 0.008529 0.726253 0.042543 0.686057
1520530776.902312517 0.373071 -0.178156 -1.330580 0.010581 0.711661 0.042255 0.701172
1520530776.952342272 0.424951 -0.192592 -1.325749 0.010731 0.700662 0.035239 0.712542
1520530777.002344370 0.479265 -0.199781 -1.316879 0.011886 0.693461 0.021318 0.720080
1520530777.052345276 0.526302 -0.214614 -1.313431 0.009164 0.689149 0.007782 0.724520
1520530777.102347374 0.583426 -0.210423 -1.312575 0.007360 0.687413 -0.007061 0.726196
1520530777.152348280 0.639572 -0.215290 -1.307186 0.003960 0.686267 -0.015572 0.727172
1520530777.202350140 0.683092 -0.216314 -1.301613 0.001806 0.686505 -0.016426 0.726938
1520530777.252351284 0.720159 -0.223992 -1.293478 -0.002474 0.689007 -0.013582 0.724623
1520530777.302353144 0.774770 -0.225231 -1.292160 -0.009713 0.695151 -0.010349 0.718724
1520530777.352223396 0.825716 -0.241486 -1.297912 -0.023166 0.700954 -0.005079 0.712812
1520530777.402224302 0.877687 -0.256457 -1.291610 -0.033035 0.707864 -0.002810 0.705570
1520530777.452226162 0.925890 -0.271432 -1.300363 -0.038274 0.715323 -0.007446 0.697706
1520530777.502227306 0.977738 -0.289049 -1.311800 -0.038332 0.723163 -0.015912 0.689430
1520530777.552229166 1.027388 -0.299982 -1.308187 -0.031390 0.728719 -0.019902 0.683804
1520530777.602230310 1.079763 -0.313853 -1.309417 -0.026123 0.729751 -0.021076 0.682889
1520530777.652232170 1.132835 -0.311547 -1.311690 -0.023831 0.726218 -0.022554 0.686681
1520530777.702234268 1.195354 -0.297945 -1.308332 -0.024605 0.718385 -0.026833 0.694692
1520530777.752132177 1.242013 -0.302734 -1.288090 -0.028181 0.708516 -0.029462 0.704516
1520530777.802134275 1.299193 -0.287255 -1.280656 -0.027471 0.690677 -0.033985 0.721842
1520530777.852136374 1.352660 -0.287095 -1.260469 -0.029538 0.674950 -0.039578 0.736209
1520530777.902137280 1.404170 -0.289451 -1.242584 -0.033690 0.661890 -0.046378 0.747406
1520530777.952138424 1.449558 -0.298165 -1.220307 -0.034664 0.643311 -0.043232 0.763597
1520530778.002140284 1.497370 -0.297657 -1.196885 -0.036371 0.621768 -0.042240 0.781216
1520530778.052142143 1.536588 -0.302879 -1.175882 -0.045644 0.599824 -0.044321 0.797599
1520530778.102143288 1.576956 -0.292644 -1.139346 -0.053418 0.578693 -0.049998 0.812257
1520530778.152195692 1.609466 -0.291564 -1.111088 -0.062163 0.554385 -0.057865 0.827916
1520530778.202196598 1.648819 -0.280670 -1.074846 -0.065392 0.531278 -0.072074 0.841589
1520530778.252198696 1.686619 -0.271327 -1.034542 -0.067887 0.510299 -0.084161 0.853173
1520530778.302200556 1.720988 -0.271165 -0.997985 -0.072020 0.491762 -0.090160 0.863049
1520530778.352201462 1.756256 -0.265756 -0.959034 -0.075555 0.478757 -0.093723 0.869654
1520530778.402202606 1.788163 -0.264495 -0.922699 -0.078421 0.471471 -0.094524 0.873287
1520530778.452204704 1.807998 -0.269608 -0.876688 -0.082433 0.466824 -0.091403 0.875743
1520530778.502205610 1.835989 -0.274664 -0.832980 -0.085386 0.459115 -0.086887 0.879985
1520530778.552207708 1.860229 -0.280403 -0.785428 -0.086992 0.453004 -0.087630 0.882916
1520530778.602252483 1.889705 -0.279987 -0.746991 -0.087400 0.440946 -0.091055 0.888615
1520530778.652253389 1.912963 -0.280237 -0.701933 -0.086663 0.419509 -0.088696 0.899241
1520530778.702255249 1.936693 -0.275520 -0.653636 -0.086128 0.394626 -0.089013 0.910456
1520530778.752256393 1.958692 -0.267293 -0.606767 -0.087576 0.367118 -0.092173 0.921444
1520530778.802258253 1.979882 -0.250501 -0.550560 -0.088621 0.336556 -0.097673 0.932382
1520530778.852259398 2.003471 -0.231684 -0.496853 -0.089485 0.305560 -0.100779 0.942586
1520530778.902261257 2.016765 -0.216674 -0.445926 -0.088587 0.279158 -0.105975 0.950259
1520530778.952263355 2.032933 -0.206525 -0.394768 -0.087665 0.254956 -0.109427 0.956733
1520530779.002046585 2.030686 -0.213885 -0.339820 -0.091396 0.227233 -0.104668 0.963876
1520530779.052048683 2.024310 -0.212707 -0.282991 -0.096544 0.189559 -0.099045 0.972079
1520530779.102049589 2.019751 -0.207295 -0.229264 -0.099519 0.147269 -0.101634 0.978815
1520530779.152051449 1.998812 -0.207220 -0.176897 -0.104106 0.109275 -0.112219 0.982155
1520530779.202052593 1.995929 -0.194578 -0.126780 -0.106014 0.072984 -0.125053 0.983766
1520530779.252054691 1.986337 -0.180615 -0.071625 -0.107440 0.041268 -0.136020 0.983998
1520530779.302056551 1.980815 -0.174224 -0.026683 -0.111378 0.013476 -0.144456 0.983131
1520530779.352058649 1.972000 -0.164703 0.022151 -0.114823 -0.009704 -0.148557 0.982167
1520530779.401859760 1.955379 -0.147806 0.071468 -0.118479 -0.026577 -0.149515 0.981275
1520530779.451860905 1.948235 -0.134903 0.119655 -0.123817 -0.036294 -0.155184 0.979423
1520530779.501862764 1.940272 -0.139987 0.170745 -0.130436 -0.037962 -0.157715 0.978096
1520530779.551863670 1.914250 -0.134594 0.203493 -0.136099 -0.036787 -0.150487 0.978508
1520530779.601868629 1.904039 -0.129560 0.255742 -0.135496 -0.041876 -0.140662 0.979848
1520530779.651867628 1.882185 -0.133735 0.303733 -0.133666 -0.045736 -0.136854 0.980465
1520530779.701868534 1.851930 -0.122889 0.346488 -0.128323 -0.054196 -0.133894 0.981157
1520530779.751869678 1.823960 -0.116346 0.389061 -0.129120 -0.073519 -0.128148 0.980562
1520530779.802151203 1.800404 -0.116235 0.430866 -0.135626 -0.100235 -0.122769 0.978001
1520530779.852153540 1.771327 -0.096797 0.471300 -0.137187 -0.128232 -0.121265 0.974695
1520530779.902155399 1.745514 -0.082427 0.519785 -0.136198 -0.159053 -0.125726 0.969714
1520530779.952156305 1.713316 -0.065487 0.561609 -0.130937 -0.188910 -0.127320 0.964862
1520530780.002157450 1.675382 -0.052523 0.600217 -0.124593 -0.218057 -0.122213 0.960204
1520530780.052159309 1.638680 -0.048058 0.632043 -0.123015 -0.244831 -0.117097 0.954575
1520530780.102160215 1.597015 -0.035333 0.661100 -0.125701 -0.274389 -0.112407 0.946718
1520530780.152162313 1.553477 -0.042453 0.682076 -0.133309 -0.309508 -0.104446 0.935695
1520530780.202292919 1.506748 -0.043353 0.708008 -0.131940 -0.346879 -0.100113 0.923171
1520530780.252293825 1.453099 -0.035903 0.730902 -0.126309 -0.379013 -0.103230 0.910900
1520530780.302295685 1.415153 -0.022985 0.759186 -0.119550 -0.407683 -0.110496 0.898495
1520530780.352296829 1.373391 -0.010940 0.778381 -0.116456 -0.431498 -0.113100 0.887387
1520530780.402298689 1.331946 0.004828 0.799257 -0.114617 -0.452075 -0.111763 0.877497
1520530780.452299833 1.292821 0.022344 0.819988 -0.115278 -0.469256 -0.109705 0.868605
1520530780.502301693 1.254169 0.045356 0.834316 -0.117421 -0.480254 -0.113962 0.861732
1520530780.552302599 1.212822 0.064614 0.856898 -0.118872 -0.486826 -0.121447 0.856808
1520530780.602304935 1.175254 0.079381 0.882777 -0.123098 -0.488656 -0.124699 0.854700
1520530780.652139664 1.132385 0.085929 0.908951 -0.129020 -0.487443 -0.127594 0.854092
1520530780.702140808 1.086986 0.095992 0.933807 -0.129939 -0.483234 -0.130612 0.855886
1520530780.752142668 1.046584 0.090564 0.960303 -0.131041 -0.481036 -0.130155 0.857025
1520530780.802143574 1.004957 0.092610 0.987497 -0.129464 -0.482541 -0.124183 0.857305
1520530780.852145672 0.959307 0.098119 1.008597 -0.132295 -0.492442 -0.112098 0.852897
1520530780.902147770 0.913160 0.107851 1.032394 -0.133561 -0.506059 -0.103640 0.845769
1520530780.952149630 0.863820 0.121406 1.049066 -0.132502 -0.520164 -0.099502 0.837837
1520530781.002150774 0.816857 0.139073 1.067809 -0.127744 -0.537406 -0.094042 0.828271
1520530781.052164793 0.759562 0.159156 1.073795 -0.122340 -0.554081 -0.083389 0.819191
1520530781.102166653 0.708331 0.173598 1.084476 -0.120666 -0.568672 -0.073781 0.810314
1520530781.152168512 0.652878 0.186304 1.096016 -0.122860 -0.580162 -0.070189 0.802116
1520530781.202169657 0.599668 0.194094 1.102049 -0.132843 -0.592310 -0.070314 0.791567
1520530781.252170563 0.546157 0.194924 1.108288 -0.144663 -0.611250 -0.069029 0.775036
1520530781.302172422 0.489939 0.194409 1.101730 -0.145538 -0.629935 -0.068073 0.759847
1520530781.352173567 0.436815 0.201343 1.098035 -0.132637 -0.647138 -0.068892 0.747578
1520530781.402175665 0.382025 0.207167 1.093689 -0.117571 -0.660994 -0.070493 0.737764
1520530781.452058792 0.328257 0.213012 1.074329 -0.109915 -0.671109 -0.072884 0.729534
1520530781.502059698 0.276253 0.224191 1.057283 -0.106132 -0.680819 -0.072788 0.721058
1520530781.552061796 0.224518 0.240043 1.054098 -0.105538 -0.691168 -0.071214 0.711391
1520530781.602062702 0.172439 0.254682 1.058486 -0.105750 -0.699579 -0.070294 0.703182
1520530781.652064562 0.118899 0.266281 1.053493 0.104474 0.704093 0.072027 -0.698678
1520530781.702065706 0.063506 0.284187 1.060935 0.101429 0.707414 0.075014 -0.695450
1520530781.752067566 0.007517 0.288615 1.050517 0.104735 0.708143 0.079476 -0.693720
1520530781.802069664 -0.044718 0.288199 1.043687 0.107789 0.709817 0.082212 -0.691218
1520530781.852036953 -0.106884 0.289715 1.041660 0.105232 0.709744 0.079166 -0.692042
1520530781.902038813 -0.157987 0.289988 1.032552 0.100453 0.708057 0.073205 -0.695130
1520530781.952039719 -0.211618 0.289081 1.027329 0.100171 0.712002 0.063531 -0.692086
1520530782.002042055 -0.263642 0.289391 1.020766 0.104078 0.720405 0.056719 -0.683350
1520530782.052042961 -0.313761 0.305039 1.008667 0.104569 0.730150 0.053347 -0.673127
1520530782.102044821 -0.360984 0.322886 0.974800 0.104887 0.741465 0.050979 -0.660779
1520530782.152045965 -0.412315 0.336886 0.956860 0.104649 0.756295 0.050551 -0.643826
1520530782.202047825 -0.458628 0.348754 0.927440 0.102998 0.771138 0.046011 -0.626594
1520530782.252168894 -0.513084 0.362049 0.909272 0.098404 0.786321 0.039083 -0.608678
1520530782.302169800 -0.561648 0.365105 0.881674 0.100766 0.799384 0.035054 -0.591272
1520530782.352171659 -0.604116 0.360289 0.850895 0.109759 0.814393 0.032636 -0.568904
1520530782.402172804 -0.646027 0.357638 0.815112 0.115518 0.831143 0.030787 -0.543055
1520530782.452174664 -0.683187 0.355736 0.773875 0.115685 0.848193 0.031886 -0.515915
1520530782.502176523 -0.706242 0.376512 0.706013 0.112269 0.861619 0.031174 -0.494000
1520530782.552178860 -0.735955 0.384631 0.657529 0.105382 0.873685 0.030159 -0.473982
1520530782.602179766 -0.785673 0.382432 0.629826 0.098551 0.885975 0.030999 -0.452079
1520530782.652289391 -0.819550 0.405122 0.585026 0.092663 0.894810 0.030840 -0.435634
1520530782.702290297 -0.854458 0.421537 0.546134 0.088324 0.901811 0.037426 -0.421350
1520530782.752292395 -0.892692 0.433776 0.517584 0.084505 0.908239 0.046784 -0.407152
1520530782.802293301 -0.937451 0.446873 0.490333 0.082073 0.911932 0.053171 -0.398518
1520530782.852294207 -0.941599 0.415761 0.481142 0.087350 0.911370 0.066576 -0.396664
1520530782.902296305 -0.974370 0.417638 0.445912 0.090132 0.913142 0.066856 -0.391891
1520530782.952298403 -0.999764 0.398107 0.437460 0.087874 0.913874 0.068696 -0.390376
1520530783.002299309 -1.044723 0.389203 0.409448 0.083634 0.916175 0.063486 -0.386780
1520530783.052301407 -1.078592 0.384557 0.371493 0.084591 0.920386 0.056049 -0.377613
1520530783.102149963 -1.107839 0.382673 0.331147 0.087930 0.927192 0.050155 -0.360648
1520530783.152151823 -1.121392 0.388282 0.293076 0.088621 0.933711 0.045002 -0.343954
1520530783.202152729 -1.139939 0.387108 0.254624 0.084369 0.941542 0.043265 -0.323278
1520530783.252155066 -1.157815 0.394479 0.196343 0.075925 0.950745 0.037690 -0.298158
1520530783.302155972 -1.164478 0.394115 0.150987 0.067818 0.959004 0.032831 -0.273192
1520530783.352157831 -1.181055 0.400545 0.094729 0.060464 0.967559 0.022707 -0.244251
1520530783.402159929 -1.183834 0.394217 0.039901 0.057657 0.974089 0.017798 -0.217969
1520530783.452160835 -1.190644 0.384232 -0.004829 0.058425 0.980450 0.014700 -0.187320
1520530783.501915693 -1.193131 0.377271 -0.056310 0.058624 0.985898 0.009851 -0.156431
1520530783.551916599 -1.192672 0.374049 -0.109511 0.057552 0.990342 0.007517 -0.125915
1520530783.601918697 -1.179522 0.369353 -0.161287 0.054646 0.993571 0.012729 -0.098332
1520530783.651919603 -1.150401 0.386269 -0.220202 0.051718 0.995850 0.014849 -0.073400
1520530783.701921701 -1.137887 0.382714 -0.273066 0.043947 0.997655 0.013651 -0.050658
1520530783.751923800 -1.126535 0.389604 -0.327322 0.037691 0.998871 0.006839 -0.028097
1520530783.801924706 -1.105952 0.393061 -0.380437 0.034070 0.999381 0.002847 -0.008277
1520530783.851926804 -1.089889 0.404832 -0.438970 0.028954 0.999539 0.000032 0.009129
1520530783.901875496 -1.075799 0.393859 -0.492431 0.027236 0.999282 0.002156 0.026254
1520530783.951877356 -1.062346 0.381926 -0.544718 0.025905 0.998727 0.003910 0.043107
1520530784.001878738 -1.044092 0.369118 -0.594653 0.023598 0.998056 0.001490 0.057657
1520530784.051880598 -1.025705 0.357828 -0.651390 0.019006 0.997330 -0.009191 0.069905
1520530784.101882458 -0.996643 0.336357 -0.687403 0.017910 0.996063 -0.016298 0.085277
1520530784.151883602 -0.979826 0.320523 -0.731916 0.020195 0.993248 -0.022261 0.112047
1520530784.201885462 -0.955339 0.308551 -0.776801 0.021690 0.989274 -0.024127 0.142422
1520530784.251886368 -0.925042 0.297543 -0.814042 0.021726 0.984073 -0.022600 0.174979
1520530784.302434444 -0.883379 0.305739 -0.853278 0.019617 0.978004 -0.022417 0.206446
1520530784.352436304 -0.837402 0.304257 -0.886250 0.015545 0.971406 -0.022047 0.235887
1520530784.402437210 -0.800738 0.297191 -0.921939 0.016203 0.963541 -0.024824 0.265914
1520530784.452439308 -0.762122 0.277016 -0.948447 0.021778 0.954949 -0.025035 0.294908
1520530784.502440214 -0.720800 0.255138 -0.971950 0.025436 0.943819 -0.019222 0.328920
1520530784.552441120 -0.676287 0.231523 -0.990925 0.026181 0.928338 -0.011959 0.370622
1520530784.602443457 -0.628082 0.210460 -1.010365 0.022869 0.911477 -0.013452 0.410494
1520530784.652445316 -0.571851 0.208724 -1.027543 0.012649 0.896892 -0.023719 0.441431
1520530784.702521801 -0.527178 0.195673 -1.040379 0.003136 0.881787 -0.030702 0.470637
1520530784.752617836 -0.480091 0.182541 -1.054843 -0.004468 0.867289 -0.033324 0.496669
1520530784.802524805 -0.432001 0.176755 -1.073824 -0.011068 0.854311 -0.035810 0.518409
1520530784.852526665 -0.386219 0.174394 -1.093067 -0.012676 0.843138 -0.037569 0.536233
1520530784.902527809 -0.335338 0.175587 -1.109082 -0.013663 0.835972 -0.036323 0.547398
1520530784.952529669 -0.287542 0.175902 -1.135605 -0.020511 0.833553 -0.035873 0.550891
1520530785.002531767 -0.239267 0.173907 -1.165347 -0.025651 0.835215 -0.032620 0.548356
1520530785.052532911 -0.197821 0.154410 -1.192471 -0.026327 0.833701 -0.023888 0.551070
1520530785.102534771 -0.155119 0.137071 -1.207426 -0.024860 0.833918 -0.022440 0.550871
1520530785.152404785 -0.109681 0.116937 -1.227610 -0.023177 0.834373 -0.028009 0.549999
1520530785.202407122 -0.064116 0.098073 -1.238346 -0.017530 0.832775 -0.033861 0.552297
1520530785.252407789 -0.014755 0.074617 -1.259780 -0.013301 0.828667 -0.038293 0.558273
1520530785.302409887 0.037368 0.066935 -1.275544 -0.009490 0.822249 -0.039433 0.567682
1520530785.352411032 0.072839 0.043859 -1.270741 -0.009296 0.817870 -0.032186 0.574427
1520530785.402412891 0.121109 0.032010 -1.285956 -0.006966 0.811354 -0.030190 0.583734
1520530785.452414751 0.175623 0.023201 -1.296578 0.002940 0.803850 -0.029657 0.594085
1520530785.502415895 0.230219 0.006515 -1.311987 0.012994 0.795777 -0.029200 0.604745
1520530785.552469492 0.284480 0.003411 -1.322181 0.015378 0.788904 -0.025824 0.613781
1520530785.602470398 0.339649 -0.002741 -1.332166 0.015917 0.776716 -0.018471 0.629379
1520530785.652472496 0.382512 -0.016665 -1.327627 0.014592 0.766675 -0.014816 0.641699
1520530785.702474594 0.432791 -0.036908 -1.331859 0.016169 0.756760 -0.021096 0.653153
1520530785.752476454 0.481644 -0.054268 -1.332632 0.020355 0.748740 -0.026268 0.662030
1520530785.802477360 0.534694 -0.063055 -1.340139 0.019053 0.743542 -0.030713 0.667711
1520530785.852478504 0.583217 -0.063604 -1.347160 0.015813 0.740141 -0.034120 0.671399
1520530785.902480364 0.633727 -0.062187 -1.358807 0.012788 0.738038 -0.038880 0.673517
1520530785.952437878 0.685165 -0.063300 -1.367311 0.011846 0.738393 -0.041997 0.672958
1520530786.002438784 0.734987 -0.065237 -1.368390 0.012082 0.741441 -0.041990 0.669594
1520530786.052440882 0.788668 -0.069135 -1.375035 0.010878 0.745611 -0.037773 0.665221
1520530786.102442741 0.845483 -0.076647 -1.384788 0.004030 0.748890 -0.029839 0.662010
1520530786.152446747 0.893101 -0.098077 -1.387373 -0.005549 0.749758 -0.022936 0.661291
1520530786.202444792 0.947633 -0.107030 -1.392718 -0.008802 0.751350 -0.032632 0.659038
1520530786.252446890 0.998231 -0.127736 -1.397624 -0.010544 0.755580 -0.045236 0.653408
1520530786.302448034 1.054943 -0.133411 -1.400133 -0.007847 0.754479 -0.050867 0.654303
1520530786.352428675 1.105796 -0.144013 -1.397055 -0.008103 0.750795 -0.049076 0.658660
1520530786.402352810 1.162412 -0.149815 -1.392834 -0.009989 0.742420 -0.051123 0.667907
1520530786.452354670 1.216264 -0.146693 -1.381119 -0.012294 0.731657 -0.060210 0.678898
1520530786.502355576 1.267425 -0.160493 -1.370976 -0.016812 0.716340 -0.066230 0.694398
1520530786.552357674 1.323388 -0.152124 -1.355317 -0.017373 0.696603 -0.071052 0.713719
1520530786.602359533 1.375151 -0.161687 -1.343866 -0.020710 0.675682 -0.073615 0.733216
1520530786.652360439 1.424556 -0.168158 -1.322963 -0.025291 0.660316 -0.076560 0.746647
1520530786.702362776 1.474056 -0.165161 -1.303572 -0.027503 0.646358 -0.074332 0.758907
1520530786.752382517 1.515465 -0.167035 -1.280254 -0.030004 0.627500 -0.066964 0.775151
1520530786.802384377 1.556800 -0.167805 -1.257572 -0.033024 0.605040 -0.064210 0.792914
1520530786.852385521 1.588710 -0.182269 -1.224416 -0.038594 0.579700 -0.063771 0.811413
1520530786.902387619 1.623527 -0.184834 -1.193569 -0.041422 0.552411 -0.068972 0.829680
1520530786.952388525 1.660245 -0.176478 -1.159013 -0.045174 0.524538 -0.078446 0.846561
1520530787.002390623 1.692849 -0.170676 -1.123086 -0.050667 0.497245 -0.089755 0.861466
1520530787.052392483 1.725924 -0.161342 -1.088532 -0.054587 0.469723 -0.098805 0.875567
1520530787.102393389 1.755513 -0.158436 -1.050791 -0.056480 0.446167 -0.098964 0.887666
1520530787.152462959 1.785596 -0.156167 -1.016614 -0.061950 0.429151 -0.095793 0.896000
1520530787.202464819 1.817647 -0.149385 -0.977312 -0.069980 0.419954 -0.093520 0.899997
1520530787.252465963 1.849890 -0.148091 -0.937616 -0.074030 0.407255 -0.087448 0.906099
1520530787.302467823 1.874708 -0.157328 -0.892271 -0.071833 0.391678 -0.087426 0.913118
1520530787.352468729 1.903236 -0.170559 -0.844106 -0.064154 0.376826 -0.098552 0.918789
1520530787.402471066 1.927538 -0.174692 -0.798776 -0.052847 0.360630 -0.110733 0.924603
1520530787.452471972 1.940412 -0.190980 -0.751460 -0.045762 0.340565 -0.109535 0.932697
1520530787.502474785 1.958132 -0.187282 -0.703796 -0.043199 0.321428 -0.108655 0.939687
1520530787.552475929 1.977531 -0.181537 -0.657453 -0.049014 0.301396 -0.105848 0.946337
1520530787.602204800 1.991936 -0.164231 -0.611315 -0.057786 0.280679 -0.103439 0.952460
1520530787.652206659 2.001904 -0.156580 -0.561763 -0.066368 0.259222 -0.097759 0.958563
1520530787.702207565 2.013568 -0.144312 -0.511539 -0.069250 0.238129 -0.092302 0.964354
1520530787.752209663 2.028204 -0.130486 -0.462844 -0.070040 0.215249 -0.088951 0.969974
1520530787.802210569 2.028465 -0.125691 -0.411177 -0.075487 0.193660 -0.087864 0.974206
1520530787.852212667 2.027278 -0.125927 -0.362481 -0.084384 0.165989 -0.083697 0.978939
1520530787.902213812 2.021047 -0.128178 -0.314769 -0.094034 0.135514 -0.085433 0.982596
1520530787.952274799 2.016677 -0.127399 -0.268735 -0.101331 0.103812 -0.092900 0.985051
1520530788.002070189 1.993817 -0.119122 -0.221725 -0.103731 0.074600 -0.098414 0.986909
1520530788.052072048 1.976856 -0.120316 -0.173504 -0.105467 0.042292 -0.097615 0.988716
1520530788.102072954 1.958951 -0.112500 -0.127224 -0.104549 0.012151 -0.094383 0.989956
1520530788.152075052 1.949251 -0.097275 -0.071698 -0.104928 -0.014410 -0.094493 0.989876
1520530788.202076912 1.938114 -0.088977 -0.020171 -0.110509 -0.033794 -0.100602 0.988193
1520530788.252077818 1.922738 -0.075725 0.039368 -0.110469 -0.047577 -0.106184 0.987045
1520530788.302080154 1.906336 -0.066413 0.097695 -0.109806 -0.061648 -0.107614 0.986185
1520530788.352081060 1.877188 -0.059622 0.153406 -0.108278 -0.082984 -0.103628 0.985216
1520530788.402166605 1.850148 -0.061522 0.204367 -0.105601 -0.104627 -0.101956 0.983619
1520530788.452167749 1.822289 -0.061473 0.260052 -0.097952 -0.124483 -0.101252 0.982170
1520530788.502169609 1.794042 -0.064873 0.305954 -0.091743 -0.140414 -0.102157 0.980526
1520530788.552171707 1.752979 -0.056626 0.341720 -0.086764 -0.154250 -0.098239 0.979300
1520530788.602172852 1.706941 -0.039747 0.378411 -0.081211 -0.172152 -0.095494 0.977062
1520530788.652174711 1.677147 -0.029344 0.421847 -0.079652 -0.193918 -0.093415 0.973306
1520530788.702175617 1.640271 -0.010501 0.458772 -0.078294 -0.215072 -0.090174 0.969269
1520530788.752177715 1.600407 0.004527 0.505070 -0.075691 -0.233092 -0.089279 0.965385
1520530788.802199125 1.567832 0.008180 0.548968 -0.073552 -0.255130 -0.084051 0.960435
1520530788.852200985 1.531449 0.010242 0.581138 -0.073090 -0.273272 -0.081437 0.955693
1520530788.902203321 1.481787 0.035267 0.614924 -0.070566 -0.286619 -0.080109 0.952078
1520530788.952205181 1.439899 0.041447 0.652777 -0.077510 -0.306662 -0.078477 0.945406
1520530789.002206087 1.399059 0.048488 0.685752 -0.086126 -0.329995 -0.076283 0.936945
1520530789.052208185 1.351417 0.054795 0.718048 -0.092761 -0.351217 -0.069812 0.929069
1520530789.102209091 1.294587 0.067837 0.742634 -0.097679 -0.366920 -0.064406 0.922865
1520530789.152210951 1.245113 0.081615 0.768173 -0.102803 -0.381810 -0.064062 0.916269
1520530789.202288151 1.201006 0.101342 0.794088 -0.102703 -0.395533 -0.064651 0.910399
1520530789.252290249 1.148964 0.113979 0.818939 -0.099470 -0.408107 -0.065567 0.905127
1520530789.302291155 1.099143 0.132231 0.841979 -0.091019 -0.420390 -0.066518 0.900313
1520530789.352293253 1.049250 0.151683 0.869701 -0.079978 -0.431616 -0.066020 0.896076
1520530789.402294159 1.000282 0.165804 0.892196 -0.073979 -0.442899 -0.064932 0.891152
1520530789.452296019 0.948065 0.175506 0.916420 -0.076008 -0.455571 -0.062518 0.884742
1520530789.502297163 0.896849 0.181139 0.937294 -0.084065 -0.464923 -0.063977 0.879026
1520530789.552340031 0.845144 0.186571 0.951742 -0.087754 -0.468992 -0.067887 0.876206
1520530789.602354050 0.797688 0.192742 0.975467 -0.085579 -0.474024 -0.066166 0.873842
1520530789.652355909 0.749073 0.202528 0.992789 -0.084367 -0.479624 -0.064968 0.870989
1520530789.702356815 0.701287 0.220220 1.023549 -0.085059 -0.488331 -0.070203 0.865661
1520530789.752358913 0.645994 0.233182 1.024302 -0.092141 -0.495797 -0.069050 0.860771
1520530789.802361012 0.595236 0.257230 1.039827 -0.093331 -0.505570 -0.064551 0.855290
1520530789.852361917 0.540377 0.271862 1.060041 -0.093071 -0.516057 -0.059942 0.849370
1520530789.902364016 0.482653 0.286518 1.074049 -0.091536 -0.527011 -0.056050 0.843053
1520530789.952364922 0.427311 0.300609 1.090248 -0.087088 -0.537199 -0.054799 0.837156
1520530790.002366781 0.368062 0.318670 1.094927 -0.082493 -0.549350 -0.053304 0.829800
1520530790.052260160 0.312485 0.317289 1.097555 -0.083277 -0.563073 -0.057416 0.820193
1520530790.102262020 0.256123 0.323334 1.090791 -0.082597 -0.575670 -0.058008 0.811429
1520530790.152263165 0.203887 0.330320 1.089439 -0.086057 -0.590682 -0.053831 0.800494
1520530790.202265263 0.154554 0.335833 1.099978 -0.092157 -0.602903 -0.051367 0.790808
1520530790.252267122 0.100883 0.344819 1.101264 -0.097454 -0.608947 -0.051114 0.785541
1520530790.302268267 0.048404 0.357436 1.102187 -0.096602 -0.613909 -0.054931 0.781515
1520530790.352270126 -0.009371 0.363925 1.112061 -0.092053 -0.621894 -0.058657 0.775457
1520530790.402271986 -0.064763 0.376891 1.111613 -0.084107 -0.629653 -0.060352 0.769948
1520530790.452260733 -0.119255 0.389130 1.115476 -0.077022 -0.636901 -0.061409 0.764626
1520530790.502262592 -0.174788 0.394699 1.114790 -0.074933 -0.646136 -0.059662 0.757188
1520530790.552263498 -0.226950 0.399909 1.117332 -0.078932 -0.657748 -0.055923 0.747001
1520530790.602265596 -0.278834 0.401973 1.122056 -0.083440 -0.667857 -0.056964 0.737401
1520530790.652266502 -0.333968 0.408692 1.118786 -0.081155 -0.673135 -0.062671 0.732377
1520530790.702268600 -0.386386 0.409380 1.120822 -0.076636 -0.679086 -0.062743 0.727346
1520530790.752270699 -0.438197 0.411936 1.123880 -0.072624 -0.686860 -0.058788 0.720759
1520530790.802271605 -0.486950 0.419319 1.118062 -0.070435 -0.696670 -0.057557 0.711602
1520530790.852422714 -0.535503 0.425940 1.105487 0.072764 0.709058 0.054281 -0.699282
1520530790.902427673 -0.587238 0.437118 1.098462 0.074999 0.723294 0.049225 -0.684689
1520530790.952425718 -0.638291 0.449562 1.083880 0.077580 0.737798 0.044220 -0.669089
1520530791.002427816 -0.687765 0.459912 1.070889 0.076092 0.753629 0.042707 -0.651483
1520530791.052428722 -0.736233 0.470071 1.053281 0.070994 0.769076 0.040062 -0.633938
1520530791.102429867 -0.782245 0.479664 1.025899 0.069198 0.785738 0.036431 -0.613596
1520530791.152455807 -0.813303 0.488845 0.980455 0.070551 0.802787 0.038636 -0.590815
1520530791.202432871 -0.839131 0.500185 0.936148 0.071927 0.820704 0.043905 -0.565106
1520530791.252573013 -0.873950 0.498084 0.901761 0.071540 0.839521 0.046518 -0.536584
1520530791.302574158 -0.904582 0.504893 0.873234 0.070471 0.855584 0.044800 -0.510884
1520530791.352576017 -0.936483 0.514537 0.836459 0.070978 0.867047 0.042782 -0.491285
1520530791.402578115 -0.970594 0.520747 0.802441 0.070214 0.877048 0.041947 -0.473390
1520530791.452579260 -1.001061 0.529861 0.762881 0.067598 0.887115 0.039847 -0.454829
1520530791.502581120 -1.029285 0.546246 0.721231 0.062055 0.897686 0.036858 -0.434684
1520530791.552582264 -1.045133 0.541453 0.711149 0.054707 0.908229 0.043003 -0.412648
1520530791.602584124 -1.073877 0.537827 0.675159 0.046755 0.918774 0.045012 -0.389412
1520530791.652470827 -1.093787 0.528614 0.641171 0.044741 0.927478 0.042115 -0.368795
1520530791.702472687 -1.114024 0.526134 0.600040 0.048241 0.934596 0.038415 -0.350325
1520530791.752473593 -1.120567 0.518597 0.566829 0.048733 0.939862 0.037351 -0.335991
1520530791.802475929 -1.142161 0.498713 0.535709 0.046740 0.946162 0.035449 -0.318334
1520530791.852477789 -1.156861 0.476410 0.494042 0.045448 0.952014 0.029080 -0.301262
1520530791.902478695 -1.169833 0.464536 0.457738 0.045620 0.957916 0.022869 -0.282477
1520530791.952480793 -1.177230 0.442911 0.420072 0.046635 0.963814 0.024325 -0.261334
1520530792.002482891 -1.189343 0.445531 0.377389 0.046829 0.968680 0.025532 -0.242518
1520530792.052518606 -1.191160 0.439814 0.334411 0.046398 0.972565 0.025397 -0.226537
1520530792.102171183 -1.191562 0.431156 0.301498 0.045358 0.976392 0.021871 -0.210054
1520530792.152172089 -1.196077 0.426110 0.259429 0.045285 0.980824 0.014880 -0.188976
1520530792.202174187 -1.206218 0.424463 0.211073 0.045601 0.985779 0.010072 -0.161427
1520530792.252176285 -1.199504 0.421988 0.169631 0.046372 0.989771 0.016438 -0.133914
1520530792.302177191 -1.202950 0.419718 0.125695 0.042560 0.993608 0.023672 -0.101839
1520530792.352179289 -1.194569 0.413323 0.081780 0.039375 0.996313 0.023935 -0.072374
1520530792.402180195 -1.188787 0.413795 0.035067 0.037906 0.997918 0.017383 -0.049196
1520530792.452182055 -1.174356 0.416648 -0.010192 0.038611 0.998720 0.012625 -0.030145
1520530792.502040386 -1.158450 0.421102 -0.060444 0.037378 0.999182 0.009895 -0.011884
1520530792.552041531 -1.143518 0.423774 -0.110488 0.034547 0.999331 0.010400 0.006064
1520530792.602042437 -1.132260 0.428908 -0.166454 0.030710 0.999141 0.012358 0.024917
1520530792.652044296 -1.117637 0.423400 -0.204220 0.028574 0.998575 0.018700 0.041000
1520530792.702045441 -1.102994 0.421499 -0.244881 0.030548 0.997558 0.021788 0.058913
1520530792.752052546 -1.084710 0.420854 -0.294268 0.031486 0.996185 0.024201 0.077705
1520530792.802048683 -1.067606 0.415510 -0.343455 0.028108 0.994486 0.027887 0.097112
1520530792.852050543 -1.057821 0.399488 -0.388295 0.018419 0.992710 0.027948 0.115787
1520530792.902248144 -1.024941 0.395399 -0.425411 0.010230 0.991144 0.021532 0.130637
1520530792.952250004 -1.005787 0.378636 -0.465225 0.008485 0.988393 0.017688 0.150649
1520530793.002252102 -0.984352 0.368277 -0.503429 0.010628 0.984169 0.016055 0.176181
1520530793.052253008 -0.951690 0.362373 -0.540874 0.013713 0.979068 0.017383 0.202326
1520530793.102254868 -0.918780 0.358441 -0.581093 0.014799 0.974159 0.015895 0.224816
1520530793.152256012 -0.881463 0.363907 -0.620274 0.016132 0.969229 0.011468 0.245363
1520530793.202258110 -0.847620 0.362495 -0.656359 0.017556 0.963814 0.007147 0.265901
1520530793.252259254 -0.809680 0.363278 -0.689321 0.020839 0.958145 0.002240 0.285516
1520530793.302666903 -0.768182 0.357271 -0.717586 0.025619 0.950389 0.003397 0.309988
1520530793.352667809 -0.727983 0.351932 -0.742420 0.024589 0.940717 0.010084 0.338149
1520530793.402669668 -0.690310 0.346170 -0.771867 0.019249 0.929032 0.011537 0.369319
1520530793.452671766 -0.650182 0.330367 -0.796372 0.017599 0.918159 0.009631 0.395703
1520530793.502672672 -0.609518 0.314289 -0.812516 0.016847 0.910469 0.006494 0.413182
1520530793.552674770 -0.569099 0.308251 -0.825648 0.015965 0.903441 0.003713 0.428399
1520530793.602675915 -0.521836 0.307012 -0.847815 0.011413 0.896176 0.001570 0.443548
1520530793.652677774 -0.481453 0.304528 -0.875237 0.004769 0.888693 -0.000507 0.458477
1520530793.702589035 -0.440465 0.304212 -0.897875 -0.000851 0.882179 -0.003499 0.470900
1520530793.752591848 -0.393906 0.297891 -0.907845 -0.002080 0.876935 -0.003876 0.480590
1520530793.802592754 -0.351291 0.294300 -0.934302 -0.002704 0.871350 -0.002965 0.490646
1520530793.852595091 -0.306873 0.288092 -0.960832 -0.002597 0.867368 0.000079 0.497661
1520530793.902595997 -0.261848 0.277461 -0.991062 -0.004726 0.865014 0.004556 0.501705
1520530793.952597857 -0.223080 0.263873 -1.015638 -0.008391 0.862987 0.005977 0.505121
1520530794.002599955 -0.181682 0.248502 -1.038148 -0.006879 0.860785 0.003656 0.508910
1520530794.052604914 -0.145167 0.240392 -1.065924 -0.002858 0.856118 0.000130 0.516773
1520530794.102647543 -0.107558 0.237636 -1.090143 -0.003858 0.851211 -0.001969 0.524805
1520530794.152649641 -0.063981 0.231611 -1.111299 -0.005885 0.845757 -0.002794 0.533529
1520530794.202650785 -0.013715 0.236698 -1.128705 -0.007125 0.840114 -0.005701 0.542332
1520530794.252652645 0.041142 0.238427 -1.146046 -0.004600 0.832132 -0.009394 0.554478
1520530794.302653551 0.090788 0.245970 -1.160928 -0.001022 0.823617 -0.012583 0.567006
1520530794.352655649 0.144721 0.243950 -1.176340 0.002590 0.815056 -0.016936 0.579129
1520530794.402656555 0.192303 0.241488 -1.191425 0.003478 0.805488 -0.016001 0.592386
1520530794.452658415 0.239343 0.234649 -1.199649 -0.001935 0.796382 -0.013281 0.604645
1520530794.502659798 0.284846 0.225567 -1.208999 -0.004703 0.785193 -0.013934 0.619076
1520530794.552675962 0.339175 0.225753 -1.212453 -0.001174 0.774867 -0.017047 0.631893
1520530794.602677822 0.383377 0.215212 -1.209556 -0.000988 0.767644 -0.015302 0.640692
1520530794.652678967 0.435560 0.217656 -1.210977 -0.003481 0.761413 -0.016795 0.648040
1520530794.702680826 0.489881 0.213254 -1.215707 -0.010240 0.754781 -0.019095 0.655619
1520530794.752681971 0.549782 0.214116 -1.222929 -0.016715 0.748532 -0.024352 0.662441
1520530794.802684069 0.609118 0.217444 -1.229900 -0.022345 0.744526 -0.027874 0.666637
1520530794.852684975 0.668062 0.217111 -1.233865 -0.023040 0.741560 -0.029648 0.669835
1520530794.902687073 0.730516 0.216602 -1.239435 -0.018681 0.736751 -0.027796 0.675334
1520530794.952672243 0.785890 0.203088 -1.242886 -0.017614 0.731577 -0.019328 0.681257
1520530795.002674341 0.839922 0.189985 -1.241267 -0.023182 0.728736 -0.014409 0.684250
1520530795.052676201 0.891262 0.177181 -1.239324 -0.029120 0.726865 -0.015485 0.685988
1520530795.102677345 0.938719 0.158873 -1.235257 -0.030054 0.723548 -0.020272 0.689321
1520530795.152679205 0.993825 0.155626 -1.227805 -0.028408 0.717904 -0.031390 0.694854
1520530795.202680111 1.050560 0.149831 -1.220597 -0.025550 0.707448 -0.040068 0.705166
1520530795.252682447 1.098361 0.144444 -1.206567 -0.025811 0.697223 -0.043351 0.715076
1520530795.302684307 1.158016 0.153799 -1.185604 -0.025547 0.686447 -0.046276 0.725256
1520530795.352701902 1.214942 0.156518 -1.169000 -0.025426 0.673655 -0.048421 0.737019
1520530795.402704000 1.264203 0.154804 -1.144550 -0.023737 0.661594 -0.055159 0.747454
1520530795.452705860 1.308432 0.148030 -1.122593 -0.020943 0.647410 -0.060040 0.759485
1520530795.502706766 1.350388 0.140078 -1.101421 -0.023018 0.628519 -0.059053 0.775208
1520530795.552708864 1.388667 0.133683 -1.071959 -0.031051 0.606650 -0.058793 0.792183
1520530795.602709770 1.421295 0.130323 -1.031071 -0.035620 0.582537 -0.061832 0.809666
1520530795.652710915 1.456088 0.125434 -0.998815 -0.036612 0.559896 -0.067083 0.825031
1520530795.702713013 1.491771 0.120921 -0.967137 -0.036321 0.542178 -0.069458 0.836600
1520530795.752690554 1.525839 0.123452 -0.939351 -0.037801 0.526553 -0.071829 0.846259
1520530795.802692652 1.562962 0.122568 -0.904908 -0.040036 0.511012 -0.074853 0.855372
1520530795.852694511 1.602240 0.127977 -0.875673 -0.040222 0.495392 -0.079538 0.864085
1520530795.902695417 1.636452 0.128541 -0.835291 -0.043053 0.480401 -0.085205 0.871838
1520530795.952699423 1.668306 0.126119 -0.792856 -0.048018 0.464908 -0.088827 0.879582
1520530796.002698660 1.702089 0.129312 -0.753677 -0.050072 0.447879 -0.088409 0.888302
1520530796.052700520 1.723566 0.116896 -0.704276 -0.057487 0.434551 -0.083192 0.894952
1520530796.102701664 1.750503 0.111962 -0.662842 -0.066895 0.421694 -0.083970 0.900360
1520530796.152534485 1.769608 0.107053 -0.620136 -0.069641 0.408474 -0.087280 0.905915
1520530796.202536583 1.790151 0.102838 -0.577045 -0.063982 0.390967 -0.089536 0.913802
1520530796.252537489 1.803165 0.094282 -0.529381 -0.062073 0.368875 -0.089798 0.923046
1520530796.302539349 1.819693 0.089482 -0.475058 -0.064010 0.343447 -0.089228 0.932730
1520530796.352540493 1.837092 0.098025 -0.427507 -0.066790 0.315792 -0.089313 0.942251
1520530796.402542353 1.856477 0.106031 -0.372228 -0.069306 0.290308 -0.089902 0.950177
1520530796.452543497 1.873940 0.123087 -0.323487 -0.066209 0.263205 -0.092092 0.958049
1520530796.502545595 1.879408 0.125176 -0.265548 -0.061435 0.236472 -0.091770 0.965342
1520530796.552486181 1.868104 0.109329 -0.215105 -0.062043 0.209910 -0.092438 0.971362
1520530796.602488041 1.869037 0.114133 -0.166158 -0.063513 0.183391 -0.095405 0.976336
1520530796.652490139 1.863961 0.111287 -0.117923 -0.071710 0.155190 -0.098413 0.980351
1520530796.702491283 1.854653 0.125605 -0.062852 -0.077853 0.117784 -0.096018 0.985315
1520530796.752493143 1.832162 0.123633 -0.015234 -0.087018 0.082767 -0.091666 0.988522
1520530796.802494287 1.814583 0.129256 0.032988 -0.089644 0.050628 -0.088413 0.990749
1520530796.852496147 1.785182 0.137988 0.078264 -0.091154 0.023429 -0.090311 0.991457
1520530796.902498245 1.764578 0.150792 0.126811 -0.090747 -0.002659 -0.095736 0.991258
1520530796.952499390 1.746118 0.148022 0.177766 -0.092194 -0.028953 -0.102225 0.990057
1520530797.002631664 1.730666 0.149263 0.222556 -0.090623 -0.051015 -0.110388 0.988433
1520530797.052633762 1.706983 0.151079 0.268430 -0.085909 -0.070056 -0.115450 0.987108
1520530797.102634668 1.681531 0.153804 0.308071 -0.083440 -0.090142 -0.112139 0.986072
1520530797.152636766 1.654850 0.151344 0.351253 -0.090866 -0.107488 -0.110034 0.983912
1520530797.202637672 1.633374 0.148586 0.395772 -0.097835 -0.119028 -0.116830 0.981128
1520530797.252638817 1.607961 0.141154 0.432670 -0.094961 -0.130522 -0.124959 0.978944
1520530797.302641869 1.571547 0.133429 0.468462 -0.084779 -0.147753 -0.124806 0.977448
1520530797.352642536 1.536997 0.128221 0.508143 -0.075351 -0.171163 -0.123060 0.974619
1520530797.402760029 1.501006 0.119962 0.546335 -0.070276 -0.197589 -0.115763 0.970886
1520530797.452760935 1.454460 0.117598 0.578599 -0.064785 -0.220922 -0.100787 0.967904
1520530797.502762079 1.417406 0.109489 0.617232 -0.061249 -0.242941 -0.088997 0.964006
1520530797.552763939 1.382453 0.109770 0.658400 -0.055946 -0.259924 -0.086284 0.960138
1520530797.602865934 1.342787 0.106611 0.688115 -0.054959 -0.274318 -0.086517 0.956161
1520530797.652767181 1.306419 0.105399 0.715921 -0.053923 -0.293811 -0.082965 0.950728
1520530797.702767849 1.262927 0.095913 0.737035 -0.053520 -0.315937 -0.077171 0.944121
1520530797.752770185 1.219656 0.089862 0.757824 -0.047645 -0.339521 -0.073702 0.936495
1520530797.802643299 1.178159 0.083496 0.780815 -0.041471 -0.366404 -0.072168 0.926726
1520530797.852644205 1.135946 0.081602 0.797813 -0.039157 -0.396147 -0.067652 0.914854
1520530797.902646303 1.094468 0.088861 0.809676 -0.035717 -0.424824 -0.061039 0.902509
1520530797.952647209 1.048162 0.091183 0.823735 -0.029232 -0.441766 -0.056733 0.894857
1520530798.002649546 1.001511 0.096321 0.835454 -0.026660 -0.454444 -0.054423 0.888712
1520530798.052650452 0.957761 0.100349 0.849432 -0.031188 -0.465024 -0.054698 0.883056
1520530798.102652311 0.912402 0.104479 0.865226 -0.033287 -0.469784 -0.056081 0.880369
1520530798.152653456 0.871778 0.104206 0.882852 -0.035947 -0.478902 -0.055355 0.875384
1520530798.202504873 0.825339 0.098785 0.895345 -0.037305 -0.493712 -0.051943 0.867271
1520530798.252506733 0.776552 0.091662 0.904286 -0.035323 -0.508709 -0.049262 0.858802
1520530798.302507877 0.726112 0.088688 0.919932 -0.032169 -0.520954 -0.043147 0.851887
1520530798.352509737 0.685962 0.076951 0.936705 -0.039098 -0.530714 -0.039892 0.845708
1520530798.402510643 0.645625 0.084154 0.954125 -0.045908 -0.537542 -0.034531 0.841278
1520530798.452512980 0.602065 0.077551 0.962332 -0.054363 -0.543689 -0.028250 0.837048
1520530798.502513647 0.559330 0.076963 0.974509 -0.060181 -0.551727 -0.025014 0.831475
1520530798.552515745 0.511009 0.075700 0.982392 -0.065846 -0.560980 -0.022172 0.824908
1520530798.602414608 0.462325 0.074565 0.992142 -0.070543 -0.570430 -0.017959 0.818114
1520530798.652416945 0.414735 0.073439 1.002973 -0.078277 -0.578151 -0.013455 0.812055
1520530798.702417850 0.360444 0.092645 1.013723 -0.082083 -0.582807 -0.011635 0.808371
1520530798.752419710 0.314861 0.098295 1.030642 -0.086449 -0.586835 -0.016703 0.804905
1520530798.802420855 0.267591 0.103525 1.039117 -0.086371 -0.593309 -0.024074 0.799966
1520530798.852422714 0.223192 0.106064 1.041166 -0.087701 -0.605135 -0.032516 0.790609
1520530798.902424574 0.177178 0.101717 1.035715 -0.087910 -0.620385 -0.036913 0.778481
1520530798.952425718 0.133133 0.098077 1.034184 -0.084003 -0.634110 -0.032468 0.767981
1520530799.002338409 0.085538 0.097381 1.019627 -0.079689 -0.646677 -0.019684 0.758334
1520530799.052339315 0.038912 0.096360 1.012347 -0.077662 -0.656860 -0.011697 0.749911
1520530799.102340460 -0.002686 0.104915 1.013902 -0.076089 -0.666087 -0.011903 0.741887
1520530799.152342319 -0.046509 0.116743 1.018728 -0.073287 -0.674556 -0.012914 0.734463
1520530799.202422380 -0.092953 0.129221 1.016441 -0.069292 -0.682578 -0.010987 0.727437
1520530799.252345324 -0.139574 0.139890 1.013360 -0.067369 -0.692731 -0.006076 0.718017
1520530799.302346230 -0.186301 0.150341 1.014975 -0.064009 -0.704549 -0.001643 0.706761
1520530799.352348328 -0.232143 0.158627 1.007951 0.065498 0.715536 -0.004064 -0.695487
1520530799.402350426 -0.281538 0.165932 1.000487 0.071937 0.724537 -0.006739 -0.685439
1520530799.452410460 -0.330875 0.174953 1.002222 0.076978 0.729884 -0.002134 -0.679219
1520530799.502412558 -0.374113 0.189053 1.002146 0.077338 0.734475 0.005915 -0.674189
1520530799.552413464 -0.416737 0.199136 1.004024 0.075220 0.744112 0.007218 -0.663768
1520530799.602415562 -0.459346 0.202183 0.998976 0.074433 0.753849 0.004729 -0.652801
1520530799.652416706 -0.499546 0.209420 0.988288 0.075457 0.762900 -0.000426 -0.642098
1520530799.702418566 -0.541633 0.215601 0.975357 0.078821 0.770513 -0.004117 -0.632519
1520530799.752419472 -0.579055 0.218761 0.963809 0.080994 0.777536 -0.005784 -0.623573
1520530799.802421570 -0.622340 0.232420 0.954938 0.074460 0.788484 -0.010558 -0.610440
1520530799.852662325 -0.659860 0.240540 0.939444 0.068214 0.798801 -0.016766 -0.597480
1520530799.902663231 -0.701152 0.227764 0.924536 0.063872 0.811950 -0.025114 -0.579678
1520530799.952665329 -0.740461 0.223295 0.902928 0.058531 0.826413 -0.033282 -0.559024
1520530800.002666235 -0.774863 0.223987 0.883512 0.053681 0.840319 -0.034113 -0.538349
1520530800.052668333 -0.803731 0.220794 0.858649 0.051134 0.852980 -0.026889 -0.518736
1520530800.102669477 -0.835904 0.219581 0.834385 0.054948 0.865487 -0.018873 -0.497551
1520530800.152671337 -0.864451 0.216749 0.815246 0.063528 0.876098 -0.013309 -0.477745
1520530800.202673197 -0.874079 0.220462 0.779196 0.065001 0.882570 -0.015590 -0.465406
1520530800.252766371 -0.904982 0.211450 0.760808 0.063438 0.893047 -0.022019 -0.444924
1520530800.302767277 -0.936411 0.214287 0.728065 0.059355 0.901347 -0.034663 -0.427609
1520530800.352769136 -0.948419 0.216158 0.702216 0.056068 0.906601 -0.037743 -0.416540
1520530800.402770281 -0.983593 0.225212 0.668478 0.054457 0.914582 -0.034824 -0.399202
1520530800.452771187 -1.010387 0.226033 0.629132 0.058492 0.923591 -0.031213 -0.377604
1520530800.502774000 -1.020806 0.237983 0.586024 0.065627 0.929988 -0.036250 -0.359863
1520530800.552775145 -1.026851 0.233992 0.558942 0.071904 0.935094 -0.041187 -0.344577
1520530800.602776051 -1.056101 0.223391 0.531266 0.068642 0.939784 -0.043833 -0.331925
1520530800.652460575 -1.062502 0.220983 0.502883 0.066547 0.943018 -0.045649 -0.322808
1520530800.702461481 -1.076220 0.220753 0.464143 0.065387 0.947785 -0.043616 -0.309071
1520530800.752463341 -1.085271 0.219621 0.423474 0.065773 0.953159 -0.040551 -0.292433
1520530800.802521467 -1.098511 0.211753 0.382629 0.070225 0.959353 -0.041532 -0.270157
1520530800.852466583 -1.103499 0.211506 0.338421 0.074583 0.964328 -0.048379 -0.249337
1520530800.902468443 -1.108720 0.209127 0.296871 0.080700 0.968985 -0.056567 -0.226616
1520530800.952469587 -1.107569 0.205557 0.254604 0.085080 0.972494 -0.063433 -0.207349
1520530801.002471447 -1.113874 0.204561 0.209511 0.089464 0.976871 -0.068109 -0.181879
1520530801.052102804 -1.113319 0.199937 0.169191 0.094530 0.981314 -0.072452 -0.151119
1520530801.102104664 -1.105433 0.188558 0.123348 0.096109 0.985180 -0.076283 -0.119850
1520530801.152105808 -1.097275 0.170791 0.084657 0.090525 0.989032 -0.075342 -0.089135
1520530801.202107668 -1.092575 0.172677 0.038065 0.084269 0.991410 -0.078854 -0.061542
1520530801.252108812 -1.076528 0.166362 -0.007113 0.087108 0.992486 -0.077941 -0.036167
1520530801.302110910 -1.063877 0.156804 -0.044035 0.093099 0.992888 -0.073892 -0.006719
1520530801.352112770 -1.049985 0.157898 -0.092318 0.096837 0.992461 -0.072594 0.019320
1520530801.402113914 -1.034617 0.169728 -0.138409 0.096562 0.991586 -0.075723 0.041213
1520530801.452115774 -1.015172 0.174120 -0.188111 0.094914 0.990565 -0.078977 0.059451
1520530801.502018929 -0.992200 0.175874 -0.236209 0.094774 0.989310 -0.079429 0.077302
1520530801.552020788 -0.967616 0.175380 -0.278426 0.093891 0.988089 -0.075369 0.095830
1520530801.602021933 -0.945981 0.174805 -0.325213 0.090832 0.986684 -0.072090 0.114054
1520530801.652023792 -0.920670 0.175232 -0.366887 0.090119 0.985148 -0.065309 0.130754
1520530801.702024698 -0.900849 0.178319 -0.406983 0.087556 0.984311 -0.054077 0.143322
1520530801.752027988 -0.884169 0.172636 -0.442259 0.085156 0.982605 -0.046182 0.158438
1520530801.802028894 -0.861184 0.170774 -0.478447 0.081953 0.979253 -0.049020 0.178732
1520530801.852030754 -0.831545 0.165551 -0.513146 0.079341 0.975447 -0.054253 0.198154
1520530801.902304649 -0.805654 0.170015 -0.551605 0.078834 0.971052 -0.057157 0.218121
1520530801.952305555 -0.774409 0.168123 -0.587227 0.082764 0.966775 -0.055265 0.235460
1520530802.002306700 -0.742186 0.167266 -0.624024 0.086089 0.962491 -0.054324 0.251492
1520530802.052308559 -0.714521 0.171905 -0.662130 0.090142 0.957774 -0.054485 0.267536
1520530802.102309465 -0.685765 0.169848 -0.701065 0.094531 0.952898 -0.052955 0.283275
1520530802.152311563 -0.649754 0.172221 -0.736554 0.094096 0.947305 -0.052951 0.301587
1520530802.202313662 -0.613881 0.165091 -0.767591 0.089384 0.940392 -0.048194 0.324578
1520530802.252314806 -0.570772 0.168061 -0.797940 0.081811 0.933106 -0.044428 0.347341
1520530802.302571535 -0.527484 0.160471 -0.814493 0.071726 0.927516 -0.037274 0.364939
1520530802.352573633 -0.487608 0.157474 -0.836758 0.070460 0.920272 -0.031112 0.383622
1520530802.402609587 -0.448319 0.162730 -0.863733 0.075113 0.911980 -0.028104 0.402319
1520530802.452576637 -0.404206 0.159117 -0.889768 0.076300 0.905024 -0.027594 0.417551
1520530802.502577543 -0.356594 0.159977 -0.909416 0.072161 0.899845 -0.029286 0.429201
1520530802.552579641 -0.313530 0.158440 -0.930458 0.065720 0.896711 -0.032104 0.436531
1520530802.602581501 -0.265527 0.149574 -0.951272 0.064221 0.892190 -0.032599 0.445881
1520530802.652582407 -0.218336 0.138575 -0.973658 0.068376 0.884367 -0.035826 0.460366
1520530802.702605247 -0.168293 0.138697 -0.979291 0.078011 0.876733 -0.038747 0.473024
1520530802.752606392 -0.122526 0.114044 -1.014433 0.084551 0.868874 -0.038364 0.486248
1520530802.802608252 -0.078348 0.096514 -1.032628 0.087688 0.867295 -0.035733 0.488706
1520530802.852609158 -0.039533 0.089349 -1.060451 0.087760 0.865161 -0.031188 0.492770
1520530802.902611256 -0.005419 0.062889 -1.090024 0.078740 0.863031 -0.025585 0.498320
1520530802.952613115 0.033689 0.071753 -1.125457 0.071017 0.859518 -0.026695 0.505444
1520530803.002614021 0.074892 0.064307 -1.159466 0.060550 0.854769 -0.028114 0.514698
1520530803.052616358 0.120429 0.069542 -1.185032 0.056836 0.848947 -0.030011 0.524555
1520530803.102764130 0.167020 0.075778 -1.205393 0.056924 0.841116 -0.030042 0.537012
1520530803.152766228 0.214217 0.074760 -1.218288 0.057601 0.834171 -0.028843 0.547730
1520530803.202767134 0.263037 0.080964 -1.228142 0.062263 0.826633 -0.033177 0.558302
1520530803.252769232 0.310823 0.066581 -1.250039 0.063869 0.817981 -0.041848 0.570155
1520530803.302770376 0.357341 0.047566 -1.266056 0.061613 0.810100 -0.049957 0.580901
1520530803.352772236 0.406936 0.035415 -1.279927 0.055715 0.802786 -0.055612 0.591048
1520530803.402774334 0.462602 0.020488 -1.287592 0.049002 0.796967 -0.054335 0.599575
1520530803.452775240 0.518284 0.010409 -1.292479 0.046046 0.791819 -0.049413 0.607010
1520530803.502920389 0.574612 0.007763 -1.299386 0.046741 0.787756 -0.045918 0.612492
1520530803.552922249 0.624629 -0.012530 -1.307738 0.043547 0.785331 -0.044301 0.615952
1520530803.602923155 0.688634 -0.010163 -1.311381 0.046281 0.783198 -0.051370 0.617916
1520530803.652925253 0.746175 -0.017161 -1.315750 0.048345 0.780353 -0.058270 0.620738
1520530803.702926159 0.804198 -0.030124 -1.314375 0.050484 0.775625 -0.063770 0.625932
1520530803.752928019 0.859532 -0.044959 -1.311689 0.053117 0.765211 -0.066659 0.638112
1520530803.802930355 0.914716 -0.058224 -1.297937 0.056569 0.754221 -0.066536 0.650787
1520530803.852931261 0.962852 -0.075540 -1.302078 0.055680 0.745864 -0.065115 0.660565
1520530803.902932405 1.012971 -0.089615 -1.300630 0.053100 0.743593 -0.065276 0.663317
1520530803.952781439 1.064673 -0.092065 -1.291991 0.052356 0.739186 -0.068173 0.667994
1520530804.002792358 1.113087 -0.102706 -1.283089 0.049951 0.731632 -0.074282 0.675797
1520530804.052784204 1.164784 -0.114235 -1.272940 0.047745 0.720370 -0.080801 0.687211
1520530804.102786303 1.214619 -0.119337 -1.253076 0.048910 0.707199 -0.083432 0.700369
1520530804.152787209 1.262008 -0.117930 -1.234208 0.049386 0.693459 -0.084554 0.713811
1520530804.202789545 1.314324 -0.112064 -1.213278 0.047242 0.678759 -0.087439 0.727605
1520530804.252790451 1.363355 -0.104144 -1.185677 0.040738 0.665732 -0.091329 0.739460
1520530804.302792311 1.412787 -0.094908 -1.159323 0.030309 0.650542 -0.095328 0.752854
1520530804.352735758 1.461398 -0.089350 -1.132264 0.018326 0.630687 -0.098234 0.769576
1520530804.402737856 1.506683 -0.088139 -1.102927 0.005542 0.608264 -0.099203 0.787492
1520530804.452739000 1.544555 -0.087719 -1.065948 -0.005067 0.586270 -0.098560 0.804082
1520530804.502740860 1.575394 -0.090162 -1.022940 -0.008988 0.565425 -0.094052 0.819370
1520530804.552742004 1.603831 -0.088293 -0.978343 -0.005313 0.545570 -0.087001 0.833520
1520530804.602743864 1.637045 -0.088232 -0.934419 0.001361 0.528243 -0.082525 0.845072
1520530804.652745724 1.665775 -0.098138 -0.882085 0.007330 0.513433 -0.081077 0.854259
1520530804.702746868 1.697793 -0.099294 -0.839041 0.013160 0.499049 -0.084796 0.862315
1520530804.752780437 1.733257 -0.097302 -0.789705 0.015625 0.485243 -0.091464 0.869442
1520530804.802782297 1.764625 -0.098633 -0.743467 0.009612 0.471190 -0.098486 0.876463
1520530804.852783442 1.795885 -0.090727 -0.702426 0.000612 0.451250 -0.107138 0.885943
1520530804.902784348 1.822326 -0.087073 -0.656850 -0.010185 0.430047 -0.109859 0.896040
1520530804.952786207 1.843446 -0.092343 -0.604183 -0.020125 0.412521 -0.104320 0.904731
1520530805.002788544 1.862542 -0.091050 -0.554922 -0.025911 0.398996 -0.094992 0.911651
1520530805.052790403 1.874910 -0.084079 -0.506605 -0.026574 0.383475 -0.087542 0.919009
1520530805.102791309 1.889194 -0.082715 -0.456603 -0.024531 0.362278 -0.085018 0.927860
1520530805.152562618 1.891613 -0.079009 -0.397472 -0.018841 0.339005 -0.083442 0.936887
1520530805.202564478 1.899706 -0.074538 -0.340183 -0.010961 0.311616 -0.079172 0.946841
1520530805.252565622 1.913510 -0.072845 -0.287931 -0.007271 0.284345 -0.074740 0.955777
1520530805.302567482 1.922336 -0.075873 -0.236260 -0.010490 0.260671 -0.072631 0.962635
1520530805.352569342 1.916384 -0.087019 -0.197383 -0.021710 0.240692 -0.071013 0.967757
1520530805.402570486 1.920775 -0.092574 -0.157129 -0.028801 0.215086 -0.073649 0.973388
1520530805.452572584 1.915758 -0.093964 -0.106791 -0.032027 0.181246 -0.079869 0.979666
1520530805.502573729 1.911766 -0.102579 -0.064965 -0.037754 0.139610 -0.089651 0.985417
1520530805.552534580 1.884862 -0.091996 -0.018329 -0.039579 0.103713 -0.095116 0.989257
1520530805.602536917 1.872661 -0.082011 0.030129 -0.041890 0.070432 -0.096173 0.991986
1520530805.652537584 1.854234 -0.077055 0.075001 -0.047448 0.045777 -0.090783 0.993686
1520530805.702538729 1.840964 -0.071225 0.123401 -0.051952 0.024854 -0.086667 0.994571
1520530805.752540827 1.813351 -0.051181 0.173121 -0.052104 0.008753 -0.085447 0.994941
1520530805.802542686 1.796259 -0.039310 0.220900 -0.049257 -0.004878 -0.088344 0.994859
1520530805.852543831 1.782190 -0.036204 0.259124 -0.046445 -0.017313 -0.091642 0.994558
1520530805.902545691 1.756213 -0.027320 0.301220 -0.040891 -0.030038 -0.091771 0.994487
1520530805.952546597 1.731421 -0.012191 0.342448 -0.034270 -0.046360 -0.091117 0.994170
1520530806.002724409 1.710746 -0.006245 0.388902 -0.030881 -0.066341 -0.089974 0.993252
1520530806.052725315 1.689190 -0.002663 0.428916 -0.031932 -0.082541 -0.090076 0.991995
1520530806.102727175 1.670785 -0.007167 0.469743 -0.036998 -0.092261 -0.096243 0.990382
1520530806.152729511 1.657565 -0.009856 0.511969 -0.043548 -0.106872 -0.101848 0.988083
1520530806.202730417 1.622320 0.000286 0.548081 -0.046345 -0.123781 -0.103738 0.985783
1520530806.252732277 1.591936 0.008849 0.585458 -0.048497 -0.146545 -0.104291 0.982495
1520530806.302733421 1.562219 0.027259 0.624181 -0.051142 -0.170632 -0.100403 0.978871
1520530806.352735281 1.528421 0.041892 0.663863 -0.056490 -0.190422 -0.094961 0.975464
1520530806.402897596 1.494562 0.056623 0.701481 -0.062841 -0.204228 -0.092325 0.972532
1520530806.452899694 1.457157 0.069715 0.737060 -0.071769 -0.216295 -0.090403 0.969481
1520530806.502901554 1.419727 0.080608 0.768452 -0.081220 -0.230829 -0.089120 0.965494
1520530806.552903414 1.380837 0.088397 0.794772 -0.089224 -0.256346 -0.086491 0.958564
1520530806.602904558 1.330806 0.089538 0.815299 -0.097358 -0.287668 -0.082334 0.949205
1520530806.652906656 1.274141 0.110387 0.833864 -0.100582 -0.318398 -0.078632 0.939321
1520530806.702908516 1.222913 0.120596 0.850240 -0.108319 -0.343519 -0.078727 0.929550
1520530806.752908707 1.173304 0.130977 0.869835 -0.114124 -0.362486 -0.077522 0.921721
1520530806.803025723 1.128061 0.138001 0.890764 -0.117132 -0.379971 -0.073004 0.914643
1520530806.853026867 1.079778 0.148395 0.912903 -0.112036 -0.391570 -0.070247 0.910596
1520530806.903029919 1.030250 0.161711 0.935652 -0.100566 -0.401344 -0.067781 0.907863
1520530806.953030825 0.982597 0.173705 0.966646 -0.088092 -0.410348 -0.066508 0.905224
1520530807.003031969 0.937320 0.184691 0.995457 -0.079847 -0.419592 -0.068441 0.901600
1520530807.053033829 0.885357 0.189249 1.018128 -0.077628 -0.431828 -0.071235 0.895781
1520530807.103034973 0.833607 0.195328 1.041063 -0.080751 -0.444639 -0.072343 0.889124
1520530807.153036833 0.780193 0.193659 1.053174 -0.090126 -0.449422 -0.073964 0.885679
1520530807.202843189 0.729801 0.191595 1.073602 -0.098102 -0.450953 -0.072484 0.884174
1520530807.252840996 0.687605 0.197292 1.101575 -0.100203 -0.455843 -0.069640 0.881656
1520530807.302842140 0.636550 0.205535 1.120122 -0.095667 -0.462603 -0.066572 0.878871
1520530807.352844238 0.583882 0.210566 1.134896 -0.088174 -0.472923 -0.063118 0.874406
1520530807.402846098 0.533178 0.221709 1.163628 -0.079395 -0.486966 -0.059829 0.867745
1520530807.452847242 0.475726 0.235552 1.171784 -0.075222 -0.499205 -0.055545 0.861424
1520530807.502849102 0.419567 0.245924 1.181258 -0.078250 -0.512818 -0.049651 0.853481
1520530807.552850008 0.366181 0.255384 1.188374 -0.081501 -0.527840 -0.046723 0.844132
1520530807.602721691 0.309579 0.268367 1.192538 -0.075764 -0.540022 -0.050359 0.836720
1520530807.652722836 0.247512 0.279902 1.186657 -0.069674 -0.552334 -0.053371 0.828990
1520530807.702724695 0.187875 0.278310 1.191055 -0.070834 -0.568930 -0.056025 0.817412
1520530807.752725840 0.133976 0.283789 1.187759 -0.078876 -0.587194 -0.052964 0.803851
1520530807.802727699 0.077891 0.284507 1.177930 -0.089983 -0.602647 -0.048926 0.791408
1520530807.852729797 0.023528 0.291348 1.166746 -0.095814 -0.615995 -0.043721 0.780678
1520530807.902730942 -0.031058 0.302291 1.156163 -0.096076 -0.627371 -0.040508 0.771709
1520530807.952732801 -0.086907 0.313351 1.147752 -0.092355 -0.637141 -0.040411 0.764126
1520530808.002812624 -0.144579 0.327739 1.137180 -0.085932 -0.646925 -0.039521 0.756665
1520530808.052814484 -0.200539 0.338579 1.123265 -0.078182 -0.656852 -0.042398 0.748756
1520530808.102815628 -0.257851 0.349417 1.104892 -0.068382 -0.668772 -0.048470 0.738728
1520530808.152818441 -0.311196 0.350318 1.078218 -0.064049 -0.683502 -0.052111 0.725264
1520530808.202819347 -0.366152 0.355513 1.063239 -0.062783 -0.697783 -0.051483 0.711693
1520530808.252820492 -0.413879 0.353661 1.037443 0.064768 0.706051 0.052759 -0.703217
1520530808.302822590 -0.460875 0.359788 1.018892 0.064056 0.712772 0.054985 -0.696297
1520530808.352824450 -0.508620 0.358344 0.994170 0.065695 0.723132 0.055196 -0.685360
1520530808.402826548 -0.553557 0.366351 0.963106 0.066759 0.736954 0.050374 -0.670749
1520530808.452991009 -0.594182 0.373667 0.930827 0.069268 0.754274 0.044939 -0.651348
1520530808.502992153 -0.638385 0.379109 0.890645 0.069591 0.769799 0.042037 -0.633087
1520530808.552994251 -0.681722 0.386173 0.859668 0.066948 0.782740 0.042588 -0.617270
1520530808.602995396 -0.722841 0.394265 0.825102 0.065067 0.792297 0.043052 -0.605126
1520530808.652999163 -0.760888 0.404228 0.786611 0.065104 0.800180 0.039926 -0.594877
1520530808.702999115 -0.791640 0.404998 0.750921 0.066331 0.810584 0.035491 -0.580770
1520530808.753000259 -0.795523 0.419076 0.686987 0.073328 0.822090 0.026874 -0.563976
1520530808.803002119 -0.834539 0.411143 0.647258 0.077519 0.840128 0.028023 -0.536088
1520530808.852989435 -0.838332 0.412852 0.649866 0.078418 0.859329 0.040943 -0.503714
1520530808.902898550 -0.857637 0.402752 0.603401 0.083956 0.871633 0.051707 -0.480140
1520530808.952900410 -0.877634 0.407043 0.567207 0.089012 0.880906 0.057080 -0.461329
1520530809.002902269 -0.903352 0.406430 0.527306 0.090607 0.889589 0.060339 -0.443600
1520530809.052903414 -0.918276 0.415499 0.476908 0.086983 0.897717 0.057772 -0.428020
1520530809.102905512 -0.948163 0.419940 0.434970 0.076646 0.907488 0.054173 -0.409458
1520530809.152906418 -0.970113 0.430302 0.384254 0.063008 0.914833 0.048577 -0.395919
1520530809.202908516 -0.981616 0.433271 0.333860 0.054625 0.921226 0.044047 -0.382646
1520530809.252622604 -0.997516 0.442713 0.282129 0.052278 0.929860 0.037160 -0.362281
1520530809.302624702 -1.011231 0.433916 0.229270 0.057685 0.937917 0.037175 -0.340003
1520530809.352626562 -1.020677 0.427594 0.179665 0.061080 0.943838 0.043452 -0.321794
1520530809.402627707 -1.026290 0.417519 0.135892 0.061243 0.947444 0.050836 -0.309864
1520530809.452629566 -1.035674 0.408690 0.091748 0.060717 0.952203 0.051390 -0.294928
1520530809.502630711 -1.041541 0.397995 0.040106 0.060168 0.958681 0.043666 -0.274597
1520530809.552632570 -1.037173 0.403362 -0.014584 0.058140 0.965961 0.030029 -0.250276
1520530809.602633476 -1.050002 0.402446 -0.071256 0.055611 0.973306 0.021888 -0.221592
1520530809.652633905 -1.049106 0.410653 -0.129113 0.055240 0.978814 0.019609 -0.196181
1520530809.702635765 -1.038197 0.420028 -0.183947 0.055022 0.983045 0.022206 -0.173502
1520530809.752636671 -1.023340 0.420880 -0.239232 0.055738 0.986692 0.021494 -0.151231
1520530809.802639008 -1.011458 0.428350 -0.292423 0.051484 0.990251 0.013165 -0.128757
1520530809.852640867 -0.997579 0.422328 -0.345211 0.043449 0.994111 0.000591 -0.099271
1520530809.902641773 -0.981756 0.416629 -0.396298 0.038406 0.997152 -0.015528 -0.063027
1520530809.952643871 -0.956825 0.409371 -0.441590 0.032262 0.998877 -0.025067 -0.023983
1520530810.002644777 -0.926190 0.405627 -0.484640 0.025184 0.999161 -0.029929 0.012141
1520530810.053197622 -0.896442 0.398287 -0.526533 0.020712 0.998305 -0.029458 0.045727
1520530810.103198528 -0.854131 0.391118 -0.560124 0.019809 0.996684 -0.026189 0.074455
1520530810.153200626 -0.818352 0.386058 -0.597961 0.021565 0.994493 -0.020667 0.100458
1520530810.203201532 -0.771853 0.388729 -0.632735 0.022691 0.992551 -0.016190 0.118598
1520530810.253206730 -0.725980 0.386480 -0.671577 0.022625 0.990701 -0.015752 0.133235
1520530810.303205729 -0.696006 0.384519 -0.712264 0.021933 0.988297 -0.019957 0.149631
1520530810.353206635 -0.659010 0.378981 -0.747446 0.019440 0.985146 -0.027710 0.168349
1520530810.403207779 -0.616300 0.384607 -0.781004 0.016543 0.981357 -0.034305 0.188382
1520530810.453339338 -0.575324 0.381214 -0.814391 0.018117 0.976564 -0.032232 0.212027
1520530810.503276348 -0.538991 0.371803 -0.841679 0.019135 0.972482 -0.020379 0.231296
1520530810.553277254 -0.501690 0.372349 -0.870045 0.019329 0.968400 -0.006381 0.248569
1520530810.603279114 -0.462467 0.370071 -0.896666 0.021629 0.962942 0.003884 0.268811
1520530810.653280258 -0.418016 0.379451 -0.925463 0.027728 0.956464 0.005595 0.290476
1520530810.703282356 -0.371632 0.368836 -0.952478 0.031681 0.950393 0.001019 0.309433
1520530810.753283501 -0.325467 0.367317 -0.984064 0.033422 0.943679 -0.012440 0.328935
1520530810.803285360 -0.278452 0.358306 -1.008162 0.033793 0.937215 -0.025041 0.346207
1520530810.853286266 -0.234541 0.347334 -1.031411 0.033492 0.931670 -0.034161 0.360142
1520530810.903261900 -0.188162 0.340097 -1.057546 0.035350 0.925313 -0.038946 0.375540
1520530810.953263760 -0.138522 0.328871 -1.069466 0.035859 0.917456 -0.037093 0.394479
1520530811.003264904 -0.089909 0.320191 -1.087858 0.031749 0.908434 -0.035726 0.415288
1520530811.053266764 -0.047549 0.301318 -1.105176 0.026362 0.898395 -0.032894 0.437160
1520530811.103267670 -0.001468 0.291484 -1.116195 0.024777 0.887494 -0.032258 0.459021
1520530811.153269768 0.044099 0.269311 -1.134923 0.022214 0.875285 -0.027842 0.482293
1520530811.203270674 0.100860 0.291972 -1.139784 0.020712 0.864995 -0.034868 0.500139
1520530811.253272772 0.144435 0.279695 -1.158576 0.012797 0.856020 -0.037165 0.515446
1520530811.303123474 0.203433 0.282777 -1.170526 0.007932 0.849154 -0.043932 0.526255
1520530811.353125572 0.259654 0.277105 -1.188549 0.003803 0.842977 -0.051224 0.535491
1520530811.403127432 0.318774 0.267971 -1.206062 0.004892 0.837747 -0.055768 0.543182
1520530811.453129530 0.381705 0.258600 -1.214047 0.009802 0.832415 -0.056028 0.551225
1520530811.503130436 0.441102 0.241945 -1.217295 0.013355 0.827058 -0.052933 0.559459
1520530811.553132296 0.488051 0.221077 -1.232659 0.011480 0.824060 -0.053235 0.563879
1520530811.603134632 0.541830 0.208608 -1.242193 0.014954 0.823122 -0.053217 0.565168
1520530811.653135538 0.590809 0.194178 -1.248514 0.019096 0.820995 -0.050938 0.568337
1520530811.703139067 0.641239 0.190344 -1.264890 0.018989 0.815583 -0.051596 0.576023
1520530811.753141165 0.696511 0.181876 -1.269786 0.016326 0.808421 -0.051950 0.586080
1520530811.803142309 0.743750 0.173729 -1.269972 0.011920 0.798889 -0.052031 0.599105
1520530811.853144169 0.795808 0.173268 -1.276843 0.009719 0.785575 -0.051085 0.616577
1520530811.903148174 0.850154 0.170639 -1.274800 0.009175 0.771855 -0.052174 0.633588
1520530811.953147173 0.905304 0.168064 -1.278634 0.010071 0.759951 -0.053247 0.647718
1520530812.003149033 0.961128 0.160232 -1.276501 0.013184 0.750689 -0.056315 0.658119
1520530812.053188086 1.009294 0.145997 -1.261464 0.015499 0.740305 -0.057612 0.669618
1520530812.103106260 1.066369 0.139219 -1.250907 0.014214 0.725757 -0.058989 0.685270
1520530812.153108358 1.111400 0.132947 -1.240775 0.012190 0.707487 -0.057881 0.704247
1520530812.203110218 1.154473 0.116585 -1.218634 0.006764 0.689713 -0.052815 0.722122
1520530812.253111124 1.200398 0.113897 -1.194932 0.001630 0.673860 -0.052050 0.737022
1520530812.303113222 1.244450 0.112532 -1.173845 -0.003629 0.662457 -0.057644 0.746870
1520530812.353114128 1.285178 0.110117 -1.146204 -0.006887 0.654131 -0.068308 0.753259
1520530812.403116226 1.335490 0.108491 -1.120748 -0.007456 0.643637 -0.077628 0.761347
1520530812.453117371 1.386367 0.113752 -1.101827 -0.009879 0.634667 -0.084651 0.768072
1520530812.503178358 1.435903 0.118409 -1.070387 -0.013979 0.626745 -0.089584 0.773931
1520530812.553179264 1.475422 0.122206 -1.036337 -0.019200 0.615404 -0.089348 0.782896
1520530812.603181124 1.518984 0.113713 -1.000040 -0.027356 0.603160 -0.085567 0.792546
1520530812.653183222 1.564176 0.121206 -0.972585 -0.033434 0.593308 -0.086565 0.799609
1520530812.703184128 1.607728 0.113633 -0.946928 -0.037395 0.584845 -0.086106 0.805694
1520530812.753186226 1.644061 0.101930 -0.915027 -0.036151 0.575361 -0.083977 0.812774
1520530812.803188324 1.681220 0.097598 -0.878101 -0.030260 0.559375 -0.084046 0.824088
1520530812.853189230 1.717911 0.099934 -0.838208 -0.022005 0.539386 -0.087950 0.837164
1520530812.903190374 1.753137 0.091353 -0.793666 -0.018186 0.517708 -0.087991 0.850826
1520530812.953081369 1.792302 0.091611 -0.749206 -0.016793 0.498108 -0.090466 0.862220
1520530813.003083467 1.831096 0.096022 -0.701884 -0.016506 0.480293 -0.094886 0.871805
1520530813.053084612 1.865852 0.102376 -0.657150 -0.014718 0.464901 -0.101971 0.879348
1520530813.103086472 1.892872 0.098921 -0.608921 -0.013253 0.451122 -0.107358 0.885882
1520530813.153088331 1.908800 0.089498 -0.552450 -0.011221 0.432327 -0.107868 0.895172
1520530813.203089476 1.924154 0.084892 -0.502898 -0.009523 0.407640 -0.108171 0.906663
1520530813.253091335 1.938659 0.084058 -0.453087 -0.009346 0.378288 -0.108357 0.919277
1520530813.303093433 1.943789 0.082003 -0.399060 -0.011854 0.349513 -0.107132 0.930711
1520530813.352868795 1.951462 0.082912 -0.346601 -0.015673 0.325085 -0.106622 0.939524
1520530813.402869701 1.963362 0.084863 -0.296101 -0.017179 0.303061 -0.108351 0.946636
1520530813.452871799 1.969781 0.085797 -0.241939 -0.016990 0.282859 -0.112183 0.952427
1520530813.502872705 1.977734 0.092160 -0.186316 -0.014476 0.261597 -0.118293 0.957791
1520530813.552874565 1.975239 0.088495 -0.136091 -0.016671 0.242081 -0.122274 0.962376
1520530813.602876663 1.981954 0.091664 -0.078753 -0.019030 0.224434 -0.128044 0.965853
1520530813.652886629 1.982189 0.092657 -0.025076 -0.024786 0.206666 -0.129532 0.969482
1520530813.702878475 1.973667 0.087031 0.030519 -0.032136 0.189258 -0.128270 0.972983
1520530813.752878428 1.966713 0.093599 0.086068 -0.036667 0.172262 -0.127507 0.976075
1520530813.802880287 1.957761 0.092412 0.135534 -0.042301 0.159078 -0.128196 0.977993
1520530813.852881432 1.946942 0.077669 0.184937 -0.048548 0.144055 -0.128775 0.979953
1520530813.902883530 1.923475 0.076197 0.234202 -0.048401 0.123337 -0.125014 0.983268
1520530813.952884436 1.909252 0.074420 0.282165 -0.048331 0.097121 -0.123556 0.986390
1520530814.002886534 1.894805 0.085433 0.331722 -0.049320 0.070162 -0.121884 0.988832
1520530814.052887440 1.864974 0.101877 0.386121 -0.054555 0.048490 -0.122707 0.989755
1520530814.102889299 1.842383 0.114914 0.442248 -0.062000 0.026571 -0.123374 0.990065
1520530814.153383255 1.812682 0.127056 0.493258 -0.067582 0.006442 -0.120392 0.990402
1520530814.203385115 1.786300 0.136162 0.540877 -0.072659 -0.014707 -0.114218 0.990686
1520530814.253387213 1.752387 0.144520 0.590364 -0.072057 -0.040279 -0.108569 0.990655
1520530814.303388357 1.718741 0.145018 0.635473 -0.070061 -0.072923 -0.106305 0.989178
1520530814.353390217 1.679450 0.146539 0.683693 -0.068305 -0.107641 -0.107889 0.985955
1520530814.403392076 1.638185 0.149735 0.722557 -0.070016 -0.138426 -0.109051 0.981857
1520530814.453393221 1.593100 0.157030 0.759620 -0.073664 -0.163468 -0.107159 0.977941
1520530814.503394127 1.546457 0.171441 0.798719 -0.076009 -0.185750 -0.101824 0.974347
1520530814.553365707 1.494191 0.195890 0.833658 -0.074040 -0.203204 -0.099418 0.971258
1520530814.603367567 1.448794 0.220288 0.877138 -0.068361 -0.219962 -0.102126 0.967736
1520530814.653369427 1.403693 0.239707 0.916088 -0.063756 -0.236151 -0.105553 0.963860
1520530814.703370571 1.357208 0.256628 0.952353 -0.062523 -0.251470 -0.106279 0.959978
1520530814.753371477 1.311845 0.274668 0.986782 -0.064711 -0.267585 -0.107319 0.955350
1520530814.803373337 1.266139 0.289523 1.017056 -0.074098 -0.284901 -0.106501 0.949736
1520530814.853375673 1.219521 0.299876 1.044351 -0.086150 -0.299651 -0.108922 0.943888
1520530814.903376579 1.173560 0.306611 1.072208 -0.095757 -0.306789 -0.113208 0.940157
1520530814.953189135 1.134069 0.313427 1.101193 -0.099858 -0.315570 -0.113576 0.936773
1520530815.003187180 1.085341 0.320420 1.130279 -0.098023 -0.326790 -0.109499 0.933600
1520530815.053189278 1.035502 0.324568 1.158747 -0.094016 -0.340470 -0.103763 0.929771
1520530815.103190422 0.985025 0.335109 1.186631 -0.089038 -0.354725 -0.097563 0.925594
1520530815.153192282 0.933177 0.346010 1.217768 -0.083791 -0.367227 -0.096133 0.921348
1520530815.203193426 0.878024 0.360436 1.237924 -0.081068 -0.377259 -0.096530 0.917489
1520530815.253195286 0.826401 0.372555 1.266816 -0.077739 -0.388033 -0.096482 0.913279
1520530815.303196192 0.768133 0.386614 1.290307 -0.073421 -0.395842 -0.095039 0.910432
1520530815.353198528 0.710615 0.391977 1.306363 -0.077686 -0.409329 -0.088369 0.904768
1520530815.403064728 0.658747 0.400354 1.326596 -0.082548 -0.424197 -0.084556 0.897827
1520530815.453065634 0.605703 0.405828 1.333143 -0.090547 -0.441579 -0.077881 0.889238
1520530815.503067732 0.548149 0.407116 1.340989 -0.097356 -0.459276 -0.069624 0.880193
1520530815.553068638 0.493402 0.418037 1.345994 -0.096189 -0.471201 -0.068030 0.874122
1520530815.603070498 0.440082 0.427860 1.355146 -0.088474 -0.482604 -0.067559 0.868736
1520530815.653071642 0.386286 0.440087 1.376412 -0.076237 -0.495671 -0.068330 0.862455
1520530815.703073740 0.328063 0.452406 1.385344 -0.067083 -0.507866 -0.068358 0.856095
1520530815.753074884 0.267773 0.466561 1.386503 -0.061051 -0.519466 -0.069576 0.849463
1520530815.803066254 0.208239 0.484122 1.389682 -0.058565 -0.529964 -0.074891 0.842674
1520530815.853068113 0.151507 0.500245 1.399740 -0.059968 -0.543255 -0.080378 0.833557
1520530815.903069258 0.092751 0.507743 1.397033 -0.068240 -0.556374 -0.081519 0.824103
1520530815.953071117 0.034054 0.513374 1.393874 -0.074566 -0.565554 -0.087036 0.816709
1520530816.003072262 -0.021988 0.522751 1.384940 -0.075665 -0.568033 -0.092183 0.814319
1520530816.053074360 -0.075093 0.524044 1.376890 -0.076578 -0.573539 -0.090624 0.810540
1520530816.103075266 -0.127058 0.528706 1.366447 -0.074315 -0.586310 -0.084236 0.802261
1520530816.153077364 -0.181909 0.536394 1.351018 -0.070657 -0.604094 -0.078474 0.789886
1520530816.203195333 -0.235915 0.552787 1.335628 -0.065611 -0.623137 -0.077232 0.775520
1520530816.253196478 -0.289983 0.563363 1.308718 -0.066361 -0.639882 -0.078614 0.761555
1520530816.303198338 -0.344022 0.582347 1.283162 -0.066917 -0.656213 -0.080724 0.747255
1520530816.353200197 -0.400336 0.629019 1.244792 -0.067383 -0.669063 -0.075244 0.736310
1520530816.403201342 -0.453867 0.633857 1.219991 -0.071129 -0.682086 -0.072215 0.724213
1520530816.453202248 -0.513046 0.651021 1.194411 -0.075670 -0.700767 -0.062045 0.706647
1520530816.503205299 -0.561302 0.653895 1.156850 0.081397 0.720367 0.056443 -0.686484
1520530816.553205252 -0.607195 0.654971 1.114043 0.083846 0.740618 0.053839 -0.664497
1520530816.603260040 -0.648118 0.656190 1.066928 0.086067 0.761021 0.049757 -0.641064
1520530816.653261900 -0.680400 0.653756 1.029947 0.087984 0.778556 0.048894 -0.619450
1520530816.703268051 -0.713722 0.658662 0.986904 0.086113 0.794754 0.049927 -0.598714
1520530816.753264904 -0.747054 0.672680 0.954823 0.078211 0.812281 0.050510 -0.575788
1520530816.803265810 -0.777626 0.681363 0.923812 0.068880 0.826122 0.053181 -0.556731
1520530816.853267908 -0.816345 0.673303 0.885611 0.065383 0.840559 0.054759 -0.534965
1520530816.903270006 -0.853097 0.690107 0.845114 0.062841 0.852048 0.052882 -0.516981
1520530816.953270912 -0.879667 0.692328 0.794222 0.065195 0.862686 0.056389 -0.498339
1520530817.002976656 -0.929933 0.673787 0.777759 0.066768 0.876838 0.067907 -0.471260
1520530817.052977800 -0.957147 0.672947 0.729077 0.063870 0.886500 0.078669 -0.451497
1520530817.102979660 -0.973313 0.662307 0.684961 0.058539 0.893155 0.087654 -0.437222
1520530817.152980566 -0.992122 0.655857 0.638940 0.058215 0.901630 0.084803 -0.420099
1520530817.202982664 -1.010591 0.647004 0.595274 0.060886 0.912415 0.075032 -0.397695
1520530817.252983570 -1.018728 0.640873 0.537141 0.064673 0.923428 0.060060 -0.373486
1520530817.302985668 -1.027259 0.643725 0.478734 0.063592 0.934538 0.049743 -0.346583
1520530817.352986813 -1.031045 0.649821 0.415307 0.057945 0.944618 0.045857 -0.319743
1520530817.402988672 -1.027548 0.663471 0.352876 0.051159 0.953335 0.045939 -0.293981
1520530817.452914715 -1.021269 0.669067 0.290474 0.050419 0.960017 0.046244 -0.271454
1520530817.502915621 -1.015632 0.678679 0.226254 0.055504 0.966769 0.043803 -0.245678
1520530817.552917957 -0.998750 0.690830 0.163542 0.064681 0.973543 0.042938 -0.214911
1520530817.602919817 -0.966465 0.682736 0.099774 0.069965 0.979354 0.050307 -0.182866
1520530817.652920723 -0.935163 0.684564 0.041322 0.070939 0.985267 0.053048 -0.146296
1520530817.702921867 -0.906832 0.665191 -0.011211 0.073564 0.989701 0.056621 -0.108966
1520530817.752923727 -0.874854 0.664346 -0.064575 0.074986 0.993154 0.049995 -0.074317
1520530817.802925587 -0.845408 0.655375 -0.116705 0.073521 0.995397 0.042030 -0.044866
1520530817.853491545 -0.811414 0.658702 -0.170444 0.069571 0.996950 0.029971 -0.018754
1520530817.903492689 -0.781689 0.663483 -0.219114 0.065184 0.997646 0.020859 0.004225
1520530817.953494549 -0.749060 0.665290 -0.274112 0.064040 0.997511 0.014142 0.025879
1520530818.003496647 -0.720465 0.664769 -0.324236 0.065382 0.996684 0.009769 0.047436
1520530818.053497791 -0.693201 0.660670 -0.378519 0.063305 0.995562 0.006063 0.069363
1520530818.103499651 -0.660174 0.657168 -0.421423 0.061962 0.993840 0.004366 0.091777
1520530818.153500795 -0.620290 0.644868 -0.461381 0.055974 0.992106 0.005991 0.112055
1520530818.203501701 -0.582243 0.639756 -0.507093 0.045500 0.990523 0.004907 0.129496
1520530818.253752947 -0.547014 0.622062 -0.544446 0.039606 0.988008 0.004617 0.149164
1520530818.303755760 -0.510708 0.600929 -0.577630 0.037552 0.984459 0.002517 0.171531
1520530818.353755951 -0.465074 0.592252 -0.614334 0.040960 0.980059 -0.002147 0.194427
1520530818.403757811 -0.418742 0.585975 -0.642253 0.044341 0.976001 -0.004902 0.213147
1520530818.453758955 -0.366659 0.595264 -0.682717 0.044485 0.972013 -0.009863 0.230468
1520530818.503834009 -0.319141 0.590023 -0.728597 0.043774 0.967549 -0.012687 0.248537
1520530818.553761959 -0.269725 0.587585 -0.760899 0.045968 0.963174 -0.013368 0.264583
1520530818.603764057 -0.222301 0.582525 -0.793086 0.048350 0.956850 -0.015208 0.286127
1520530818.653602362 -0.174456 0.576752 -0.827345 0.045627 0.948504 -0.017883 0.312951
1520530818.703604221 -0.119476 0.570858 -0.846629 0.044357 0.938793 -0.017536 0.341164
1520530818.753605366 -0.064465 0.558638 -0.859729 0.046734 0.928667 -0.013717 0.367704
1520530818.803607464 -0.009821 0.541642 -0.876289 0.048954 0.919638 -0.009371 0.389591
1520530818.853608370 0.049914 0.545775 -0.887637 0.050744 0.913700 -0.008877 0.403111
1520530818.903610468 0.101417 0.543377 -0.912107 0.047593 0.908474 -0.011302 0.415069
1520530818.953611374 0.165616 0.577854 -0.934775 0.047185 0.904149 -0.023717 0.423940
1520530819.003613234 0.219603 0.582142 -0.956281 0.043943 0.900251 -0.032613 0.431918
1520530819.053454638 0.280230 0.595260 -0.982549 0.041698 0.895944 -0.041366 0.440267
1520530819.103455782 0.335870 0.593910 -1.000334 0.037009 0.893284 -0.044535 0.445747
1520530819.153457642 0.398346 0.591497 -1.009741 0.036739 0.888809 -0.041056 0.454953
1520530819.203458548 0.454795 0.589781 -1.025995 0.034436 0.884827 -0.035427 0.463293
1520530819.253460884 0.500544 0.564085 -1.044093 0.025298 0.884170 -0.029075 0.465573
1520530819.303462744 0.547680 0.549436 -1.057592 0.025893 0.884014 -0.023714 0.466139
1520530819.353463650 0.594023 0.530247 -1.071471 0.033876 0.880053 -0.021438 0.473180
1520530819.403465748 0.642798 0.513510 -1.078476 0.041025 0.873258 -0.025735 0.484845
1520530819.453362465 0.699879 0.508189 -1.093104 0.045349 0.864486 -0.036116 0.499302
1520530819.503363609 0.759887 0.509484 -1.104218 0.044165 0.855974 -0.047352 0.512948
1520530819.553365707 0.825965 0.512616 -1.107678 0.040836 0.847032 -0.054145 0.527198
1520530819.603366613 0.886035 0.513730 -1.111436 0.038561 0.835376 -0.057360 0.545316
1520530819.653368711 0.947941 0.512464 -1.111089 0.035433 0.825006 -0.060636 0.560742
1520530819.703369617 1.012638 0.517355 -1.108412 0.033571 0.815088 -0.063410 0.574877
1520530819.753374577 1.063236 0.506010 -1.105086 0.029728 0.802309 -0.062158 0.592919
1520530819.803372622 1.109464 0.491990 -1.092630 0.026073 0.787353 -0.059308 0.613089
1520530819.853374481 1.152686 0.479140 -1.074409 0.025050 0.769515 -0.054652 0.635793
1520530819.903324842 1.200722 0.472743 -1.048770 0.025495 0.753165 -0.051773 0.655295
1520530819.953331709 1.252887 0.465997 -1.026897 0.023096 0.738745 -0.053218 0.671484
1520530820.003327847 1.303265 0.459350 -1.005209 0.019640 0.727169 -0.060118 0.683539
1520530820.053329945 1.357091 0.452512 -0.984189 0.017858 0.715986 -0.067578 0.694606
1520530820.103371859 1.409587 0.448189 -0.963956 0.017052 0.706214 -0.071605 0.704162
1520530820.153332949 1.460862 0.446669 -0.941207 0.013923 0.700371 -0.073882 0.709809
1520530820.203335047 1.510211 0.435929 -0.918731 0.010431 0.691122 -0.070293 0.719236
1520530820.253335953 1.559532 0.432101 -0.892679 0.005360 0.678127 -0.063664 0.732162
1520530820.303466558 1.603736 0.421839 -0.859461 -0.006241 0.666692 -0.061779 0.742743
1520530820.353467703 1.646178 0.412815 -0.824815 -0.015914 0.657809 -0.065617 0.750153
1520530820.403469563 1.678902 0.397458 -0.787454 -0.016712 0.649652 -0.067862 0.757012
1520530820.453470469 1.715384 0.387803 -0.767935 -0.007998 0.634742 -0.070964 0.769417
1520530820.503472805 1.756364 0.374430 -0.732076 0.000915 0.616675 -0.072625 0.783860
1520530820.553473711 1.793684 0.366620 -0.684949 0.002999 0.599095 -0.076023 0.797055
1520530820.603475571 1.837637 0.369053 -0.646753 -0.002736 0.579132 -0.078214 0.811468
1520530820.653477669 1.880008 0.378979 -0.612054 -0.012286 0.556470 -0.078043 0.827103
1520530820.703377008 1.919427 0.384464 -0.570876 -0.023592 0.534831 -0.077861 0.841033
1520530820.753378868 1.950699 0.380967 -0.525680 -0.031018 0.513855 -0.079373 0.853634
1520530820.803379774 1.978216 0.376362 -0.472216 -0.033824 0.488139 -0.084991 0.867959
1520530820.853381872 2.005327 0.371217 -0.426472 -0.032406 0.454966 -0.092639 0.885084
1520530820.903382778 2.013760 0.360346 -0.374358 -0.030864 0.418487 -0.093294 0.902891
1520530820.953384876 2.027467 0.359948 -0.321760 -0.032051 0.385332 -0.092823 0.917538
1520530821.003386974 2.038944 0.359893 -0.268971 -0.037360 0.363010 -0.094801 0.926197
1520530821.053388834 2.045611 0.359029 -0.213492 -0.041793 0.345017 -0.096494 0.932687
1520530821.103219032 2.054857 0.364755 -0.162889 -0.042862 0.326424 -0.097862 0.939166
1520530821.153219938 2.065142 0.363149 -0.114272 -0.043318 0.306549 -0.101336 0.945454
1520530821.203221083 2.068514 0.367915 -0.061727 -0.044473 0.290246 -0.103369 0.950313
1520530821.253222942 2.081700 0.379112 -0.010808 -0.049373 0.274594 -0.104796 0.954557
1520530821.303223848 2.084222 0.386602 0.035347 -0.059329 0.257590 -0.105126 0.958684
1520530821.353226185 2.088271 0.380796 0.080195 -0.073758 0.238939 -0.113235 0.961585
1520530821.403228045 2.088572 0.383916 0.128027 -0.081765 0.224944 -0.123456 0.963054
1520530821.453228951 2.088412 0.385403 0.174288 -0.081463 0.214523 -0.127297 0.964956
1520530821.503483295 2.093931 0.378169 0.224762 -0.074047 0.199893 -0.124871 0.969003
1520530821.553485394 2.080856 0.372210 0.272421 -0.064347 0.183762 -0.117423 0.973808
1520530821.603487253 2.081871 0.371835 0.319744 -0.055539 0.163283 -0.114954 0.978284
1520530821.653488159 2.077573 0.382935 0.371897 -0.051229 0.144040 -0.117796 0.981199
1520530821.703495264 2.076955 0.388403 0.425692 -0.051825 0.124518 -0.121724 0.983358
1520530821.753491402 2.067674 0.395739 0.473547 -0.056101 0.105522 -0.128676 0.984459
1520530821.803493261 2.057829 0.400505 0.524930 -0.061964 0.084267 -0.134655 0.985357
1520530821.853494406 2.042084 0.416778 0.577256 -0.064080 0.062416 -0.138775 0.986276
1520530821.903496265 2.032192 0.426540 0.621805 -0.068748 0.032457 -0.140199 0.987200
1520530821.953847647 2.006020 0.433000 0.661455 -0.075447 0.000361 -0.137059 0.987685
1520530822.003849745 1.973923 0.441936 0.703644 -0.078750 -0.036980 -0.132852 0.987310
1520530822.053850651 1.933744 0.455147 0.738781 -0.080967 -0.071079 -0.128553 0.985833
1520530822.103852749 1.892674 0.462901 0.774747 -0.084736 -0.100925 -0.126197 0.983213
1520530822.153853893 1.851234 0.476099 0.807017 -0.086506 -0.126019 -0.127519 0.979987
1520530822.203855753 1.810107 0.487333 0.841430 -0.085053 -0.149391 -0.130495 0.976432
1520530822.253857613 1.770370 0.499663 0.882575 -0.079947 -0.169449 -0.132471 0.973318
1520530822.303858757 1.732842 0.510341 0.921937 -0.074453 -0.186642 -0.132656 0.970579
1520530822.353642941 1.693967 0.518375 0.950000 -0.073018 -0.200111 -0.131217 0.968197
1520530822.403643847 1.657557 0.528034 0.984324 -0.073169 -0.213682 -0.131240 0.965278
1520530822.453645706 1.612820 0.534349 1.016957 -0.077362 -0.228126 -0.130187 0.961782
1520530822.503646851 1.569865 0.536807 1.045783 -0.081041 -0.240880 -0.134994 0.957698
1520530822.553648710 1.531000 0.535067 1.074098 -0.081547 -0.253142 -0.138278 0.954017
1520530822.603650570 1.487078 0.541651 1.101541 -0.077864 -0.265111 -0.136577 0.951315
1520530822.653652906 1.447254 0.540193 1.128279 -0.076261 -0.283930 -0.130773 0.946819
1520530822.703653812 1.405186 0.553244 1.159989 -0.072845 -0.304076 -0.126582 0.941386
1520530822.753499985 1.358348 0.566046 1.182561 -0.075749 -0.322549 -0.124797 0.935227
1520530822.803502083 1.310248 0.583129 1.209083 -0.079618 -0.337111 -0.125741 0.929627
1520530822.853504181 1.262497 0.602342 1.234660 -0.080607 -0.349752 -0.129646 0.924320
1520530822.903505087 1.217645 0.617906 1.261537 -0.078607 -0.361026 -0.131316 0.919911
1520530822.953507185 1.168231 0.635198 1.289166 -0.075369 -0.374719 -0.126972 0.915305
1520530823.003508091 1.115922 0.651552 1.309594 -0.076135 -0.395581 -0.119411 0.907447
1520530823.053509951 1.063429 0.661352 1.329856 -0.078892 -0.418430 -0.119216 0.896928
1520530823.103511095 1.009836 0.668209 1.338415 -0.084466 -0.441302 -0.117751 0.885581
1520530823.153322220 0.958884 0.677103 1.349123 -0.090850 -0.462646 -0.113639 0.874523
1520530823.203323126 0.906961 0.687499 1.355631 -0.096849 -0.475887 -0.112796 0.866850
1520530823.253325462 0.856468 0.695992 1.363336 -0.100465 -0.485805 -0.114084 0.860747
1520530823.303327322 0.799367 0.709748 1.358058 -0.098255 -0.495481 -0.114449 0.855421
1520530823.353328228 0.750002 0.726685 1.376460 -0.092250 -0.508875 -0.112820 0.848415
1520530823.403330326 0.698300 0.740452 1.386045 -0.089267 -0.520064 -0.109782 0.842326
1520530823.453331232 0.648816 0.761408 1.403807 -0.087118 -0.528114 -0.108454 0.837701
1520530823.503333330 0.598522 0.777759 1.420038 -0.086531 -0.535682 -0.110152 0.832721
1520530823.553307772 0.548084 0.785706 1.436488 -0.085777 -0.542773 -0.115339 0.827488
1520530823.603309631 0.497240 0.789566 1.446285 -0.084302 -0.546832 -0.124027 0.823702
1520530823.653310776 0.446183 0.793783 1.454322 -0.080186 -0.547832 -0.128807 0.822715
1520530823.703312635 0.394059 0.799310 1.453423 -0.075680 -0.549446 -0.126183 0.822471
1520530823.753313541 0.340486 0.804938 1.450191 -0.070516 -0.554957 -0.120387 0.820096
1520530823.803315878 0.288613 0.812559 1.452598 -0.066751 -0.565609 -0.115097 0.813869
1520530823.853317738 0.238734 0.829434 1.454700 -0.065074 -0.577284 -0.112933 0.806074
1520530823.903318644 0.185477 0.846361 1.451202 -0.067841 -0.588937 -0.111768 0.797533
1520530823.953421116 0.134079 0.858660 1.448479 -0.070973 -0.601256 -0.112231 0.787946
1520530824.003422022 0.079753 0.877909 1.447715 -0.067530 -0.613942 -0.111088 0.778572
1520530824.053424120 0.026628 0.890942 1.435975 -0.066026 -0.625626 -0.108768 0.769676
1520530824.103426218 -0.027722 0.904670 1.427886 -0.065691 -0.640917 -0.104247 0.757656
1520530824.153427124 -0.080797 0.913354 1.412250 -0.068703 -0.659119 -0.101931 0.741925
1520530824.203429222 -0.130377 0.914759 1.392466 -0.074829 -0.679983 -0.101510 0.722301
1520530824.253430128 -0.180439 0.915569 1.379495 -0.080829 -0.699854 -0.099855 0.702638
1520530824.303431988 -0.225114 0.927806 1.351160 0.086696 0.715182 0.097644 -0.686632
1520530824.353433132 -0.273251 0.932127 1.316268 0.085033 0.726005 0.101493 -0.674823
1520530824.403523207 -0.317956 0.943974 1.286801 0.078781 0.737185 0.104921 -0.662830
1520530824.453525066 -0.368278 0.956616 1.253337 0.073414 0.748977 0.103893 -0.650269
1520530824.503526926 -0.419414 0.969061 1.228580 0.069131 0.760451 0.101747 -0.637639
1520530824.553528070 -0.468264 0.989673 1.214246 0.063618 0.771565 0.101401 -0.624787
1520530824.603528976 -0.497215 0.999239 1.189947 0.066411 0.780720 0.103882 -0.612596
1520530824.653531075 -0.524218 1.007878 1.165501 0.071515 0.790582 0.109946 -0.598145
1520530824.703532219 -0.543149 0.990340 1.137002 0.076190 0.798512 0.126487 -0.583587
1520530824.753535986 -0.585357 0.987043 1.109638 0.073375 0.806487 0.136594 -0.570558
1520530824.803378344 -0.611559 0.987685 1.095916 0.069257 0.815756 0.138688 -0.557235
1520530824.853379250 -0.654059 0.985973 1.063443 0.069307 0.829987 0.127708 -0.538525
1520530824.903381109 -0.685349 0.992239 1.014838 0.072697 0.844827 0.112718 -0.517955
1520530824.953473091 -0.716005 0.999946 0.960192 0.072815 0.858953 0.101854 -0.496512
1520530825.003384113 -0.744233 1.016228 0.904367 0.073623 0.870867 0.094325 -0.476733
1520530825.053385258 -0.778994 1.033471 0.847439 0.072587 0.882463 0.090170 -0.455917
1520530825.103387117 -0.806180 1.038331 0.794891 0.069898 0.892732 0.088762 -0.436194
1520530825.153388023 -0.831133 1.039499 0.741379 0.067176 0.901709 0.083443 -0.418862
1520530825.203182220 -0.851463 1.043838 0.684505 0.066318 0.912071 0.074906 -0.397641
1520530825.253183365 -0.860931 1.038957 0.626334 0.068400 0.922616 0.067768 -0.373508
1520530825.303185225 -0.865565 1.038127 0.567221 0.070752 0.933204 0.059822 -0.347197
1520530825.353186131 -0.866787 1.035869 0.508656 0.074353 0.942773 0.052284 -0.320807
1520530825.403188229 -0.866928 1.044764 0.444560 0.075652 0.950754 0.044714 -0.297227
1520530825.453190327 -0.868299 1.032496 0.389207 0.069550 0.957393 0.043919 -0.276824
1520530825.503191233 -0.857131 1.033778 0.329048 0.063390 0.963560 0.039322 -0.256880
1520530825.553193331 -0.855325 1.024208 0.272466 0.057467 0.969877 0.036227 -0.233930
1520530825.603213072 -0.851239 1.038840 0.210892 0.053306 0.975985 0.028696 -0.209258
1520530825.653215170 -0.841747 1.038904 0.152934 0.051407 0.980868 0.026762 -0.185848
1520530825.703216314 -0.824316 1.044634 0.093379 0.052705 0.985083 0.025357 -0.161834
1520530825.753218174 -0.810529 1.039398 0.041467 0.054466 0.989008 0.027840 -0.134617
1520530825.803220034 -0.796303 1.026532 -0.010395 0.050989 0.992262 0.035148 -0.107613
1520530825.853221178 -0.771467 1.014404 -0.063418 0.047048 0.994364 0.038461 -0.086881
1520530825.903223038 -0.747097 1.003771 -0.113349 0.047192 0.996034 0.037259 -0.065581
1520530825.953225136 -0.714276 0.999889 -0.164118 0.049609 0.997516 0.029978 -0.040022
1520530826.003935575 -0.681922 0.994351 -0.212393 0.053961 0.998260 0.021990 -0.009049
1520530826.053935528 -0.640807 0.987080 -0.261859 0.059569 0.997830 0.017619 0.021813
1520530826.103938341 -0.599756 0.992346 -0.309590 0.061741 0.996641 0.016280 0.051279
1520530826.153939486 -0.551100 0.985711 -0.355157 0.056618 0.995133 0.017827 0.078654
1520530826.203940392 -0.503592 0.983063 -0.400008 0.053327 0.992861 0.015903 0.105500
1520530826.253942251 -0.458968 0.975535 -0.445282 0.054677 0.989443 0.010002 0.133840
1520530826.303944588 -0.417538 0.961686 -0.483935 0.054056 0.984790 0.002669 0.165107
1520530826.353945494 -0.367101 0.941936 -0.524331 0.055576 0.978029 -0.001878 0.200913
1520530826.404023409 -0.316842 0.921772 -0.554128 0.059600 0.969478 -0.002803 0.237808
1520530826.454024315 -0.265448 0.916017 -0.580495 0.062927 0.961253 -0.003499 0.268366
1520530826.504025221 -0.208659 0.914103 -0.614766 0.059907 0.954421 -0.008368 0.292271
1520530826.554083109 -0.158112 0.901113 -0.630481 0.052738 0.948354 -0.012744 0.312540
1520530826.604029179 -0.108102 0.896780 -0.664080 0.045243 0.940890 -0.023772 0.334833
1520530826.654030085 -0.049549 0.895226 -0.677684 0.042076 0.934712 -0.032162 0.351437
1520530826.704032421 0.004291 0.890119 -0.691661 0.040723 0.928983 -0.036756 0.366033
1520530826.754033327 0.061994 0.903025 -0.702631 0.044396 0.923244 -0.038254 0.379718
1520530826.804035187 0.119712 0.892245 -0.724090 0.044449 0.915994 -0.036443 0.397053
1520530826.853658915 0.172516 0.880688 -0.742427 0.040114 0.908913 -0.031999 0.413818
1520530826.903661013 0.224227 0.872332 -0.757013 0.032414 0.903576 -0.027135 0.426337
1520530826.953662157 0.262882 0.842503 -0.757557 0.025212 0.900671 -0.021253 0.433249
1520530827.003664017 0.313178 0.835001 -0.774170 0.026891 0.896118 -0.019275 0.442581
1520530827.053666115 0.364530 0.830443 -0.788341 0.030858 0.890458 -0.022771 0.453447
1520530827.103667021 0.410931 0.814193 -0.795186 0.034154 0.884986 -0.025395 0.463668
1520530827.153668880 0.463631 0.804541 -0.811815 0.035892 0.877893 -0.032004 0.476436
1520530827.203670025 0.513977 0.794150 -0.816076 0.035173 0.870682 -0.038079 0.489108
1520530827.253637314 0.572345 0.794320 -0.827723 0.034336 0.860719 -0.045550 0.505874
1520530827.303638220 0.636505 0.802424 -0.842683 0.033437 0.850442 -0.055466 0.522066
1520530827.353640318 0.690688 0.802282 -0.854749 0.033914 0.840172 -0.064244 0.537432
1520530827.403642178 0.743156 0.786570 -0.858414 0.032146 0.829914 -0.069449 0.552617
1520530827.453643084 0.799514 0.771321 -0.859737 0.030975 0.817695 -0.073545 0.570093
1520530827.503645182 0.847823 0.748602 -0.851160 0.030802 0.803124 -0.070853 0.590781
1520530827.553647280 0.899992 0.737055 -0.835791 0.031129 0.789770 -0.067542 0.608878
1520530827.603648186 0.954249 0.731035 -0.829800 0.027821 0.778299 -0.068895 0.623483
1520530827.653593302 1.007150 0.722957 -0.815461 0.024169 0.768181 -0.076397 0.635198
1520530827.703595161 1.063961 0.717373 -0.805602 0.023531 0.756546 -0.087687 0.647607
1520530827.753596306 1.118738 0.711661 -0.787312 0.023885 0.745247 -0.097339 0.659212
1520530827.803598166 1.168794 0.702638 -0.768044 0.021646 0.735576 -0.104959 0.668912
1520530827.853599310 1.227407 0.694604 -0.751540 0.020767 0.725423 -0.109726 0.679184
1520530827.903600216 1.282629 0.682935 -0.728558 0.023263 0.714607 -0.111939 0.690119
1520530827.953602076 1.331656 0.665096 -0.701790 0.023252 0.704215 -0.109897 0.701044
1520530828.003604412 1.379162 0.648973 -0.674952 0.020341 0.695802 -0.110564 0.709381
1520530828.053573132 1.424671 0.631889 -0.647316 0.021545 0.687887 -0.114557 0.716396
1520530828.103574038 1.469627 0.614908 -0.620154 0.025868 0.676600 -0.114390 0.726952
1520530828.153593302 1.515841 0.606733 -0.590241 0.029546 0.662289 -0.115418 0.739715
1520530828.203578234 1.559875 0.596620 -0.555757 0.030592 0.645586 -0.115959 0.754212
1520530828.253579140 1.607795 0.589588 -0.513586 0.030413 0.628970 -0.116323 0.768076
1520530828.303580999 1.653385 0.583702 -0.480938 0.030026 0.613417 -0.116038 0.780611
1520530828.353582144 1.699700 0.580187 -0.443582 0.031804 0.598655 -0.116077 0.791913
1520530828.403584003 1.748988 0.581837 -0.413240 0.034640 0.585458 -0.122397 0.800661
1520530828.453458071 1.791948 0.574846 -0.375081 0.037369 0.571907 -0.127844 0.809433
1520530828.503459930 1.831556 0.562997 -0.333784 0.035627 0.552464 -0.133071 0.822074
1520530828.553461075 1.860703 0.561452 -0.284710 0.032968 0.530194 -0.137400 0.836019
1520530828.603462934 1.889563 0.554967 -0.241621 0.030087 0.503408 -0.134923 0.852919
1520530828.653465033 1.910671 0.552442 -0.190911 0.029122 0.479356 -0.127339 0.867845
1520530828.703466177 1.931699 0.546543 -0.140459 0.026924 0.459549 -0.119928 0.879606
1520530828.753468037 1.953171 0.539949 -0.090270 0.023293 0.442729 -0.121325 0.888104
1520530828.803468943 1.969933 0.539047 -0.038413 0.021425 0.426518 -0.128170 0.895095
1520530828.853471041 1.995105 0.537800 0.005009 0.020307 0.407235 -0.134444 0.903146
1520530828.903293610 2.017503 0.541522 0.053176 0.018817 0.388766 -0.136014 0.911047
1520530828.953294516 2.043178 0.546170 0.098592 0.016525 0.370225 -0.134875 0.918950
1520530829.003296375 2.054679 0.545972 0.153014 0.012059 0.353021 -0.132067 0.926169
1520530829.053297520 2.067351 0.552835 0.207369 0.006670 0.335899 -0.132853 0.932458
1520530829.103299379 2.073214 0.557133 0.258423 -0.003429 0.320218 -0.136353 0.937474
1520530829.153301239 2.084308 0.556452 0.309672 -0.009085 0.304651 -0.140834 0.941951
1520530829.203302383 2.089619 0.561117 0.359697 -0.008582 0.287805 -0.144251 0.946724
1520530829.253304482 2.079172 0.553163 0.407278 -0.009243 0.267385 -0.147149 0.952243
1520530829.303629160 2.076791 0.552373 0.461136 -0.006907 0.240279 -0.148143 0.959308
1520530829.353631020 2.066177 0.563479 0.512640 -0.006606 0.212846 -0.146853 0.965964
1520530829.403632164 2.044288 0.570591 0.565666 -0.012567 0.189569 -0.143995 0.971170
1520530829.453637123 2.033795 0.578274 0.618183 -0.019787 0.165359 -0.144664 0.975365
1520530829.503634930 2.018883 0.592847 0.673506 -0.021569 0.140291 -0.145270 0.979158
1520530829.553637266 1.990816 0.615458 0.720730 -0.015677 0.114624 -0.141300 0.983184
1520530829.603639126 1.963879 0.619591 0.773630 -0.011870 0.079653 -0.135401 0.987512
1520530829.653640032 1.930841 0.630311 0.827414 -0.009600 0.041667 -0.131570 0.990384
1520530829.704049826 1.901602 0.627874 0.873280 -0.014569 -0.000244 -0.131024 0.991272
1520530829.754051685 1.864367 0.630866 0.917804 -0.017911 -0.036183 -0.128137 0.990934
1520530829.804053545 1.826845 0.637485 0.957645 -0.022556 -0.065130 -0.123364 0.989965
1520530829.854054689 1.787372 0.655009 1.000621 -0.024526 -0.089563 -0.119977 0.988424
1520530829.904056787 1.748923 0.668800 1.038396 -0.027169 -0.112784 -0.120811 0.985873
1520530829.954057932 1.716494 0.688734 1.078823 -0.024929 -0.137213 -0.125227 0.982278
1520530830.004059792 1.680386 0.705193 1.118497 -0.022872 -0.157467 -0.131320 0.978487
1520530830.054060698 1.645192 0.720458 1.155278 -0.020045 -0.174537 -0.136274 0.974969
1520530830.103815556 1.606309 0.730959 1.192083 -0.019980 -0.192894 -0.135011 0.971682
1520530830.153816462 1.570339 0.736451 1.230839 -0.025575 -0.215095 -0.132255 0.967258
1520530830.203818321 1.531851 0.740345 1.265576 -0.033317 -0.232851 -0.136899 0.962252
1520530830.253820419 1.491918 0.747688 1.299105 -0.034542 -0.243370 -0.145948 0.958268
1520530830.303821325 1.452908 0.750053 1.331891 -0.034297 -0.253468 -0.148325 0.955289
1520530830.353823423 1.413632 0.758553 1.364039 -0.031324 -0.267112 -0.146459 0.951956
1520530830.403824568 1.374787 0.774474 1.400408 -0.026516 -0.284607 -0.144245 0.947359
1520530830.453826427 1.332472 0.790619 1.429961 -0.026069 -0.301706 -0.141727 0.942448
1520530830.503615856 1.281171 0.806358 1.450050 -0.031357 -0.315637 -0.138933 0.938130
1520530830.553617954 1.241582 0.822462 1.489500 -0.034740 -0.331952 -0.139549 0.932270
1520530830.603620052 1.195623 0.840685 1.514940 -0.037317 -0.348645 -0.141174 0.925810
1520530830.653620720 1.143302 0.852528 1.541169 -0.036547 -0.365279 -0.142225 0.919243
1520530830.703623056 1.091548 0.858334 1.563170 -0.038267 -0.388069 -0.138646 0.910338
1520530830.753624916 1.039882 0.868072 1.574628 -0.042297 -0.407721 -0.134913 0.902094
1520530830.803626776 0.991534 0.868501 1.583860 -0.052592 -0.430276 -0.126103 0.892297
1520530830.853627920 0.937475 0.873273 1.596878 -0.060293 -0.451913 -0.116089 0.882419
1520530830.903462410 0.882288 0.882032 1.605124 -0.064449 -0.466828 -0.112335 0.874814
1520530830.953464508 0.830240 0.894676 1.608842 -0.065766 -0.478817 -0.112988 0.868126
1520530831.003466606 0.775072 0.905990 1.614323 -0.065732 -0.491503 -0.115582 0.860665
1520530831.053467512 0.723617 0.909017 1.615798 -0.067925 -0.504084 -0.120350 0.852526
1520530831.103468418 0.663912 0.934488 1.622921 -0.064696 -0.514662 -0.122044 0.846193
1520530831.153470516 0.609929 0.953440 1.630428 -0.062617 -0.524225 -0.124989 0.840027
1520530831.203472376 0.552340 0.968099 1.641596 -0.061502 -0.533237 -0.129545 0.833723
1520530831.253473520 0.496051 0.981434 1.652941 -0.063132 -0.541898 -0.132125 0.827589
1520530831.303475618 0.436971 0.989403 1.658187 -0.066942 -0.548217 -0.134548 0.822723
1520530831.353523970 0.377647 0.993431 1.666535 -0.067782 -0.552873 -0.136010 0.819292
1520530831.403624058 0.323714 0.998420 1.676913 -0.068160 -0.557430 -0.133855 0.816522
1520530831.453527212 0.271033 1.002383 1.681127 -0.070496 -0.565710 -0.131243 0.811035
1520530831.503529072 0.218036 1.014071 1.685141 -0.070530 -0.577899 -0.128911 0.802770
1520530831.553530216 0.163728 1.030205 1.685070 -0.068194 -0.590715 -0.125969 0.794064
1520530831.603532076 0.106842 1.052963 1.685068 -0.066603 -0.603303 -0.121718 0.785350
1520530831.653533220 0.047804 1.075982 1.678409 -0.067294 -0.615875 -0.115256 0.776457
1520530831.703535080 -0.009407 1.094564 1.671981 -0.066931 -0.628775 -0.111071 0.766698
1520530831.753732681 -0.063881 1.108594 1.665407 -0.063502 -0.640482 -0.107984 0.757687
1520530831.803734541 -0.117613 1.117864 1.654835 -0.059066 -0.653551 -0.107299 0.746906
1520530831.853736877 -0.172614 1.125862 1.639465 -0.054735 -0.670145 -0.109095 0.732125
1520530831.903737783 -0.220253 1.144467 1.609069 -0.050004 -0.688249 -0.112261 0.714990
1520530831.953739643 -0.269182 1.154518 1.579718 0.054396 0.708633 0.114016 -0.694177
1520530832.003740788 -0.313696 1.164367 1.553954 0.062078 0.724651 0.116068 -0.676428
1520530832.053742647 -0.355992 1.170417 1.534163 0.065296 0.736768 0.121030 -0.662013
1520530832.103743792 -0.401558 1.183993 1.505513 0.062550 0.748118 0.122040 -0.649240
1520530832.153733492 -0.435918 1.190025 1.471795 0.058374 0.758072 0.122192 -0.637956
1520530832.203735352 -0.463530 1.203844 1.467611 0.054249 0.770196 0.123656 -0.623350
1520530832.253736258 -0.504615 1.228474 1.439966 0.051105 0.780630 0.121385 -0.610959
1520530832.303738356 -0.556251 1.222525 1.407517 0.054440 0.791709 0.121478 -0.596219
1520530832.353740454 -0.598940 1.240041 1.376505 0.057603 0.802613 0.119711 -0.581518
1520530832.403741360 -0.637892 1.248791 1.344987 0.062299 0.811978 0.124164 -0.566917
1520530832.453743458 -0.670421 1.255887 1.337760 0.059095 0.820068 0.131713 -0.553758
1520530832.503744364 -0.701471 1.250154 1.305520 0.057311 0.824688 0.132945 -0.546745
1520530832.553491592 -0.718361 1.233262 1.295189 0.058293 0.833949 0.132054 -0.532628
1520530832.603493690 -0.742255 1.221526 1.273961 0.055299 0.845079 0.127725 -0.516207
1520530832.653494596 -0.759994 1.217271 1.240729 0.055644 0.856612 0.120437 -0.498612
1520530832.703496456 -0.784528 1.234403 1.190494 0.057602 0.868102 0.110306 -0.480534
1520530832.753497601 -0.800596 1.245432 1.139341 0.062071 0.877620 0.103875 -0.463832
1520530832.803498507 -0.820794 1.256215 1.084540 0.063287 0.886567 0.098101 -0.447626
1520530832.853500605 -0.841758 1.264059 1.028921 0.063617 0.894972 0.091065 -0.432071
1520530832.903501749 -0.863425 1.270101 0.974780 0.062673 0.904217 0.085412 -0.413725
1520530832.953346729 -0.877276 1.276276 0.920218 0.066128 0.914767 0.083660 -0.389653
1520530833.003408432 -0.893769 1.272997 0.870935 0.070597 0.926645 0.085442 -0.359227
1520530833.053349495 -0.894427 1.282831 0.813660 0.076253 0.937479 0.083656 -0.329120
1520530833.103351593 -0.891719 1.285929 0.751134 0.080798 0.946151 0.080015 -0.303098
1520530833.153352499 -0.885443 1.295612 0.693154 0.079508 0.954053 0.073410 -0.279415
1520530833.203354359 -0.875299 1.294603 0.637676 0.074125 0.961175 0.066649 -0.257306
1520530833.253355503 -0.867776 1.302540 0.578652 0.068591 0.968259 0.057264 -0.233431
1520530833.303357601 -0.856250 1.307791 0.521015 0.065965 0.973846 0.050910 -0.211378
1520530833.353605747 -0.848453 1.314723 0.461185 0.066313 0.978750 0.047212 -0.188207
1520530833.403606653 -0.834571 1.319741 0.403346 0.066792 0.982525 0.045451 -0.167682
1520530833.453608513 -0.827203 1.315449 0.349487 0.063605 0.986421 0.048824 -0.143329
1520530833.503609657 -0.806547 1.313972 0.294792 0.058822 0.989476 0.054147 -0.120601
1520530833.553611517 -0.786184 1.305187 0.246264 0.053982 0.991630 0.057773 -0.102067
1520530833.603613615 -0.762022 1.297092 0.193165 0.050820 0.993499 0.055676 -0.085310
1520530833.653614759 -0.737107 1.290091 0.144217 0.051614 0.995572 0.045934 -0.063740
1520530833.703615665 -0.709119 1.282287 0.093075 0.054203 0.997374 0.032174 -0.035652
1520530833.753617525 -0.681197 1.281561 0.045898 0.056774 0.998160 0.020678 -0.005017
1520530833.804356098 -0.642210 1.281187 -0.000396 0.060887 0.997779 0.016987 0.021014
1520530833.854357243 -0.607813 1.276997 -0.045505 0.062968 0.996907 0.018697 0.043153
1520530833.904359341 -0.568883 1.278922 -0.092284 0.063469 0.995776 0.017284 0.064055
1520530833.954361200 -0.526595 1.290854 -0.143018 0.067083 0.993915 0.009903 0.086804
1520530834.004362345 -0.487755 1.282915 -0.188391 0.071184 0.990775 0.003558 0.115265
1520530834.054364204 -0.442338 1.271757 -0.229961 0.072321 0.986546 0.001714 0.146610
1520530834.104366064 -0.399344 1.263104 -0.263580 0.074992 0.980531 0.004685 0.181422
1520530834.154367208 -0.352271 1.255822 -0.294920 0.082886 0.972756 0.007563 0.216376
1520530834.204151869 -0.299192 1.245847 -0.326801 0.088929 0.966104 0.007779 0.242226
1520530834.254152775 -0.251209 1.241139 -0.362999 0.089526 0.960724 -0.001044 0.262667
1520530834.304154634 -0.205656 1.230993 -0.399429 0.090002 0.954852 -0.013419 0.282803
1520530834.354155779 -0.154514 1.228009 -0.422750 0.089470 0.949349 -0.024611 0.300209
1520530834.404156685 -0.099598 1.222077 -0.454453 0.086875 0.943958 -0.031485 0.316868
1520530834.454159021 -0.050835 1.211943 -0.481146 0.083608 0.939894 -0.034760 0.329243
1520530834.504159927 -0.006666 1.206269 -0.509851 0.083719 0.936272 -0.036164 0.339230
1520530834.554161787 0.047473 1.199254 -0.539335 0.085288 0.931897 -0.036250 0.350684
1520530834.603904724 0.100435 1.202722 -0.571693 0.087458 0.927950 -0.033844 0.360714
1520530834.653884411 0.129502 1.168649 -0.596405 0.083276 0.927538 -0.026793 0.363347
1520530834.703886509 0.169705 1.152829 -0.626219 0.084185 0.928108 -0.028144 0.361574
1520530834.753887653 0.209395 1.132160 -0.656584 0.086689 0.927564 -0.032812 0.361985
1520530834.803889513 0.258985 1.134335 -0.694545 0.090176 0.925691 -0.044511 0.364670
1520530834.853890419 0.306610 1.126032 -0.722866 0.094829 0.923077 -0.051727 0.369135
1520530834.903892517 0.361616 1.128576 -0.755313 0.101088 0.919122 -0.057275 0.376452
1520530834.953893423 0.416632 1.127375 -0.786127 0.106173 0.913801 -0.059866 0.387442
1520530835.003848314 0.464545 1.099835 -0.794018 0.105901 0.909297 -0.058334 0.398197
1520530835.053850174 0.523812 1.111307 -0.813350 0.111269 0.900929 -0.064775 0.414428
1520530835.103851318 0.582625 1.109473 -0.839444 0.112240 0.892384 -0.067802 0.431806
1520530835.153853178 0.637549 1.094096 -0.860611 0.107294 0.887505 -0.064073 0.443528
1520530835.203854322 0.696369 1.093569 -0.877224 0.108647 0.881047 -0.057958 0.456720
1520530835.253856421 0.750221 1.084837 -0.891277 0.114086 0.871067 -0.050764 0.475026
1520530835.303858280 0.802427 1.072508 -0.902060 0.114450 0.861289 -0.051412 0.492381
1520530835.353859425 0.852829 1.057862 -0.914723 0.108111 0.855339 -0.061492 0.502917
1520530835.403751612 0.909916 1.050698 -0.926469 0.102483 0.848917 -0.075476 0.512972
1520530835.453752756 0.963649 1.042149 -0.941410 0.100004 0.842824 -0.081936 0.522431
1520530835.503754616 1.015957 1.028873 -0.955768 0.098410 0.837108 -0.080156 0.532109
1520530835.553756475 1.071427 1.027907 -0.970020 0.097309 0.832559 -0.080422 0.539359
1520530835.603757620 1.126556 1.029755 -0.976446 0.096046 0.826039 -0.084487 0.548905
1520530835.653759480 1.180146 1.018527 -0.980233 0.089946 0.817018 -0.089303 0.562509
1520530835.703760386 1.227189 1.004586 -0.977591 0.078154 0.811176 -0.092923 0.572058
1520530835.753762722 1.276068 0.983970 -0.978314 0.067785 0.807061 -0.093828 0.579011
1520530835.803792238 1.326172 0.968629 -0.972036 0.069022 0.801442 -0.093857 0.586616
1520530835.853783607 1.377386 0.955446 -0.957574 0.076076 0.792435 -0.098060 0.597196
1520530835.903788567 1.422311 0.941996 -0.951878 0.081551 0.779864 -0.106602 0.611390
1520530835.953786373 1.455921 0.901679 -0.929807 0.083153 0.768540 -0.110969 0.624594
1520530836.003787518 1.516126 0.892173 -0.916291 0.087352 0.754084 -0.121404 0.639522
1520530836.053789616 1.574759 0.884390 -0.900557 0.086854 0.739392 -0.129737 0.654924
1520530836.103791475 1.627363 0.872639 -0.873948 0.085764 0.723844 -0.135539 0.671061
1520530836.153792620 1.677286 0.861307 -0.848808 0.085950 0.708099 -0.138137 0.687114
1520530836.203794479 1.725870 0.849527 -0.820256 0.085337 0.688749 -0.138051 0.706601
1520530836.253842831 1.770558 0.838395 -0.785570 0.082271 0.664946 -0.136045 0.729774
1520530836.303844690 1.807906 0.832362 -0.737713 0.077960 0.640501 -0.133620 0.752215
1520530836.353845835 1.848386 0.828101 -0.692056 0.073811 0.616178 -0.130488 0.773208
1520530836.403847694 1.875344 0.814746 -0.647879 0.066577 0.597193 -0.126345 0.789282
1520530836.453848600 1.907868 0.805882 -0.600990 0.060327 0.581008 -0.128858 0.801365
1520530836.503850937 1.946515 0.803882 -0.558973 0.057539 0.562799 -0.136982 0.813132
1520530836.553852797 1.978714 0.797285 -0.511699 0.055504 0.544790 -0.144507 0.824161
1520530836.603853703 2.009405 0.791533 -0.469053 0.053735 0.528027 -0.148754 0.834370
1520530836.653644085 2.042927 0.786768 -0.422793 0.050735 0.513599 -0.149877 0.843315
1520530836.703644991 2.072274 0.778211 -0.369697 0.044691 0.499618 -0.148642 0.852227
1520530836.753647089 2.093211 0.773787 -0.316446 0.034937 0.486222 -0.146909 0.860689
1520530836.803647995 2.120404 0.768373 -0.266990 0.022501 0.470286 -0.145207 0.870195
1520530836.853650093 2.126459 0.748003 -0.217700 0.008441 0.459480 -0.145291 0.876183
1520530836.903651237 2.147285 0.735688 -0.172558 0.005305 0.445559 -0.146893 0.883103
1520530836.953653097 2.161376 0.723557 -0.122022 0.009129 0.425166 -0.145400 0.893314
1520530837.003654957 2.174815 0.719153 -0.067917 0.013552 0.398377 -0.146107 0.905409
1520530837.053571463 2.195708 0.723925 -0.015398 0.014781 0.370089 -0.151997 0.916358
1520530837.103573322 2.206572 0.731602 0.044974 0.010286 0.347078 -0.154744 0.924925
1520530837.153575182 2.218915 0.734609 0.101049 0.003701 0.325839 -0.154949 0.932634
1520530837.203576326 2.225941 0.724124 0.156733 -0.003103 0.306588 -0.154588 0.939200
1520530837.253578424 2.239238 0.727921 0.210428 -0.003660 0.284415 -0.152968 0.946412
1520530837.303579330 2.246441 0.733594 0.266191 -0.003839 0.261295 -0.154180 0.952858
1520530837.353581429 2.244848 0.738522 0.319776 -0.007778 0.237775 -0.156245 0.958640
1520530837.403583288 2.247707 0.749131 0.382024 -0.010581 0.207883 -0.156446 0.965504
1520530837.453924179 2.231114 0.755123 0.444508 -0.015779 0.176947 -0.153998 0.971970
1520530837.503925085 2.212935 0.755044 0.499092 -0.023867 0.148303 -0.149740 0.977248
1520530837.553927183 2.200082 0.765708 0.551679 -0.026504 0.123667 -0.154390 0.979881
1520530837.603929281 2.189914 0.777149 0.607475 -0.026039 0.099015 -0.164797 0.981000
1520530837.653930187 2.187965 0.790335 0.659593 -0.022480 0.076535 -0.176616 0.981042
1520530837.703931332 2.174894 0.802411 0.710760 -0.022794 0.056696 -0.181051 0.981573
1520530837.753933191 2.154011 0.814724 0.766309 -0.025884 0.041863 -0.182677 0.981940
1520530837.803935051 2.135571 0.821726 0.817574 -0.032793 0.027171 -0.183552 0.982087
1520530837.854232311 2.116339 0.828527 0.869081 -0.041715 0.011197 -0.186195 0.981563
1520530837.904138327 2.091063 0.829735 0.917297 -0.053939 -0.004089 -0.191299 0.980040
1520530837.954139471 2.059445 0.832546 0.961481 -0.059180 -0.014527 -0.196413 0.978626
1520530838.004141331 2.032792 0.830197 1.006843 -0.056437 -0.025048 -0.197853 0.978285
1520530838.054142237 1.994237 0.830156 1.047485 -0.050630 -0.042638 -0.191706 0.979218
1520530838.104144573 1.963306 0.835332 1.094697 -0.041835 -0.067468 -0.185967 0.979344
1520530838.154145479 1.928858 0.843320 1.142900 -0.035464 -0.090309 -0.182786 0.978354
1520530838.204147339 1.900527 0.855590 1.192135 -0.033094 -0.110904 -0.181599 0.976538
1520530838.254149437 1.865789 0.875209 1.238474 -0.033110 -0.124401 -0.180440 0.975125
1520530838.304105282 1.830292 0.893697 1.285895 -0.032728 -0.134133 -0.178757 0.974158
1520530838.354107141 1.794837 0.902137 1.331363 -0.033827 -0.145354 -0.173612 0.973441
1520530838.404108286 1.756428 0.916379 1.375224 -0.034864 -0.162895 -0.168115 0.971590
1520530838.454110384 1.717122 0.929815 1.416523 -0.038222 -0.185866 -0.164755 0.967909
1520530838.504111290 1.673645 0.936353 1.455218 -0.045643 -0.212624 -0.163250 0.962319
1520530838.554113388 1.627959 0.950162 1.488368 -0.051327 -0.237244 -0.163029 0.956296
1520530838.604115248 1.578759 0.965796 1.521896 -0.054460 -0.256157 -0.163632 0.951127
1520530838.654116154 1.530327 0.980633 1.552397 -0.055741 -0.273068 -0.166778 0.945786
1520530838.703937292 1.484255 0.997517 1.586101 -0.052222 -0.290041 -0.172323 0.939922
1520530838.753938437 1.438221 1.018526 1.620191 -0.047957 -0.304818 -0.175136 0.934940
1520530838.803940535 1.395205 1.034413 1.660433 -0.045536 -0.318677 -0.175519 0.930357
1520530838.853942394 1.350374 1.051295 1.696931 -0.045043 -0.329373 -0.176781 0.926409
1520530838.903944492 1.306757 1.068702 1.731588 -0.046715 -0.336674 -0.181744 0.922734
1520530838.953945398 1.262280 1.076882 1.757171 -0.055237 -0.347023 -0.187555 0.917250
1520530839.003947258 1.212229 1.086234 1.777542 -0.065261 -0.351374 -0.193501 0.913693
1520530839.053948402 1.164886 1.085969 1.801152 -0.071931 -0.351629 -0.196594 0.912433
1520530839.103765249 1.119278 1.091058 1.828905 -0.068403 -0.350651 -0.195236 0.913371
1520530839.153767347 1.074724 1.089846 1.857170 -0.059561 -0.357683 -0.188694 0.912639
1520530839.203769445 1.025049 1.092757 1.880587 -0.050274 -0.370816 -0.181880 0.909334
1520530839.253770351 0.977510 1.104977 1.905931 -0.042900 -0.386744 -0.178332 0.903762
1520530839.303771496 0.927325 1.124057 1.926885 -0.041761 -0.401011 -0.176957 0.897849
1520530839.353773355 0.872143 1.155968 1.940977 -0.041295 -0.413735 -0.174103 0.892640
1520530839.403775215 0.815634 1.178944 1.964832 -0.042636 -0.430093 -0.169838 0.885639
1520530839.453829527 0.755632 1.205933 1.975759 -0.041890 -0.443720 -0.165944 0.879671
1520530839.503782034 0.698030 1.221259 1.984659 -0.047146 -0.458434 -0.167960 0.871439
1520530839.553783178 0.642744 1.240441 1.999972 -0.053808 -0.473670 -0.172697 0.861926
1520530839.603785038 0.586686 1.249942 2.000857 -0.066110 -0.493129 -0.170951 0.850429
1520530839.653786182 0.529257 1.261437 1.993444 -0.074320 -0.512939 -0.164629 0.839207
1520530839.703788042 0.474816 1.272213 1.991006 -0.076395 -0.531317 -0.160964 0.828225
1520530839.753790140 0.424161 1.285995 1.996277 -0.072910 -0.547025 -0.161606 0.818126
1520530839.803791285 0.369710 1.305744 1.991122 -0.067517 -0.559850 -0.162695 0.809654
1520530839.853793144 0.316906 1.328110 1.995473 -0.062435 -0.572929 -0.162384 0.800928
1520530839.903963566 0.262495 1.348957 1.995621 -0.058556 -0.581537 -0.162972 0.794875
1520530839.953965425 0.204946 1.367053 1.993683 -0.055530 -0.588387 -0.161911 0.790255
1520530840.003966570 0.146872 1.380758 1.993210 -0.050472 -0.598264 -0.160776 0.783380
1520530840.053968430 0.093833 1.393938 1.984713 -0.049072 -0.609004 -0.159928 0.775325
1520530840.103969574 0.040466 1.403510 1.970001 -0.052381 -0.620062 -0.159817 0.766315
1520530840.153971434 -0.016827 1.407431 1.956864 -0.049485 -0.630089 -0.163798 0.757436
1520530840.203973532 -0.071715 1.415315 1.935922 -0.042703 -0.637109 -0.167409 0.751161
1520530840.253974676 -0.125282 1.422608 1.910798 -0.041957 -0.649662 -0.163138 0.741326
1520530840.304034233 -0.177468 1.431687 1.882974 -0.048503 -0.668735 -0.151595 0.726265
1520530840.354035378 -0.231193 1.461713 1.841309 -0.050741 -0.688883 -0.137343 0.709932
1520530840.404038191 -0.279241 1.476186 1.793498 0.050962 0.706703 0.129135 -0.693757
1520530840.454039097 -0.327652 1.493258 1.747003 0.049547 0.725373 0.119458 -0.676099
1520530840.504041195 -0.354935 1.490690 1.724011 0.051077 0.744957 0.115666 -0.655021
1520530840.554042101 -0.394576 1.492542 1.676625 0.051611 0.762734 0.108640 -0.635430
1520530840.604043245 -0.435291 1.502748 1.626318 0.049610 0.782310 0.103495 -0.612224
1520530840.654045343 -0.469600 1.516789 1.570919 0.052397 0.804276 0.098445 -0.583698
1520530840.704046249 -0.478645 1.504057 1.514145 0.061000 0.824788 0.098840 -0.553385
1520530840.753756762 -0.494340 1.498565 1.452070 0.065194 0.843609 0.100067 -0.523508
1520530840.803757906 -0.510719 1.495915 1.387782 0.067747 0.860519 0.100963 -0.494697
1520530840.853759766 -0.522725 1.492979 1.322315 0.076490 0.875952 0.097277 -0.466255
1520530840.903762102 -0.525971 1.499268 1.257019 0.082733 0.889134 0.089892 -0.441039
1520530840.953763008 -0.526600 1.498640 1.192306 0.083754 0.901202 0.081493 -0.417348
1520530841.003764868 -0.521555 1.492582 1.115568 0.082947 0.910635 0.070378 -0.398636
1520530841.053776026 -0.527589 1.497475 1.049144 0.082567 0.920663 0.056059 -0.377386
1520530841.103767872 -0.532851 1.502581 0.983770 0.084935 0.931770 0.040439 -0.350650
1520530841.153441429 -0.530229 1.497716 0.919338 0.091302 0.942205 0.031045 -0.320860
1520530841.203443289 -0.520203 1.495597 0.856323 0.098331 0.950727 0.026951 -0.292785
1520530841.253444433 -0.518640 1.479286 0.796095 0.106114 0.957128 0.025991 -0.268272
1520530841.303446293 -0.505876 1.465200 0.739984 0.111506 0.962753 0.021502 -0.245378
1520530841.353448391 -0.484865 1.466107 0.682399 0.112055 0.969338 0.011744 -0.218378
1520530841.403449535 -0.461168 1.470911 0.619115 0.112321 0.975370 0.000264 -0.189834
1520530841.453451395 -0.435645 1.466471 0.563091 0.115564 0.979938 -0.005984 -0.162266
1520530841.503452539 -0.412048 1.459275 0.506913 0.120533 0.983201 -0.007987 -0.136832
1520530841.553540707 -0.382804 1.463560 0.447830 0.123376 0.985721 -0.011317 -0.114041
1520530841.603541613 -0.360714 1.461807 0.391965 0.123282 0.987795 -0.013517 -0.094236
1520530841.653543711 -0.338457 1.458255 0.339532 0.122536 0.989597 -0.017560 -0.073303
1520530841.703545809 -0.304061 1.449892 0.289859 0.122745 0.990990 -0.023216 -0.048305
1520530841.753546476 -0.270089 1.446233 0.238525 0.122059 0.991901 -0.028271 -0.020836
1520530841.803548813 -0.232341 1.427248 0.196044 0.125071 0.991671 -0.027181 0.014394
1520530841.853549719 -0.189765 1.412041 0.153173 0.130115 0.989823 -0.023602 0.052578
1520530841.903551579 -0.149048 1.388537 0.110580 0.139120 0.986182 -0.018724 0.087979
1520530841.953866005 -0.107021 1.374965 0.074794 0.145838 0.982369 -0.018488 0.115501
1520530842.003868103 -0.064856 1.383722 0.038594 0.149150 0.979144 -0.027352 0.135212
1520530842.053869963 -0.021282 1.379512 0.001659 0.149156 0.976358 -0.037206 0.151966
1520530842.103871107 0.011814 1.370204 -0.034502 0.146345 0.974438 -0.044889 0.164434
1520530842.153872967 0.052131 1.363334 -0.070489 0.143563 0.973109 -0.053022 0.172157
1520530842.203874111 0.090400 1.352195 -0.108141 0.143648 0.970757 -0.057835 0.183443
1520530842.253875971 0.129433 1.339382 -0.143179 0.146990 0.967562 -0.056623 0.197515
1520530842.303878069 0.166761 1.328745 -0.181039 0.149721 0.964998 -0.052716 0.208767
1520530842.353804350 0.201847 1.315035 -0.213411 0.150424 0.964033 -0.047210 0.213971
1520530842.403806210 0.228415 1.311837 -0.242634 0.151040 0.963264 -0.045569 0.217334
1520530842.453807116 0.258435 1.300844 -0.277826 0.150756 0.961021 -0.049401 0.226432
1520530842.503809452 0.295681 1.291566 -0.305443 0.150397 0.957820 -0.054540 0.238720
1520530842.553810358 0.346733 1.288311 -0.330820 0.150326 0.954346 -0.055691 0.252040
1520530842.603812218 0.388637 1.290646 -0.361802 0.147478 0.950286 -0.053798 0.268911
1520530842.653813362 0.434070 1.293098 -0.393924 0.145836 0.945270 -0.050390 0.287503
1520530842.703815222 0.489569 1.287504 -0.417466 0.148764 0.940138 -0.048990 0.302671
1520530842.753816366 0.538206 1.285787 -0.446061 0.152056 0.935413 -0.053999 0.314589
1520530842.803919554 0.585848 1.276387 -0.474902 0.155581 0.930761 -0.061135 0.325179
1520530842.853920698 0.633417 1.270876 -0.507428 0.154642 0.925556 -0.067985 0.338836
1520530842.903922558 0.680389 1.254138 -0.527737 0.149548 0.920435 -0.067549 0.354785
1520530842.953924417 0.728314 1.232024 -0.537837 0.144221 0.912990 -0.062242 0.376531
1520530843.003925562 0.783276 1.207906 -0.545944 0.135333 0.908143 -0.056251 0.392169
1520530843.053927422 0.847417 1.214018 -0.564210 0.130654 0.901583 -0.058739 0.408200
1520530843.103928328 0.898742 1.199582 -0.579826 0.126754 0.895548 -0.061613 0.422056
1520530843.153930664 0.953110 1.189696 -0.593582 0.123826 0.890319 -0.066927 0.433036
1520530843.203974724 1.012236 1.184359 -0.607112 0.122264 0.884851 -0.072618 0.443641
1520530843.253976583 1.067883 1.187981 -0.610673 0.120210 0.881441 -0.081870 0.449342
1520530843.303977728 1.118606 1.172582 -0.621257 0.117780 0.876601 -0.086536 0.458487
1520530843.353979826 1.176100 1.153266 -0.621715 0.117966 0.870041 -0.087428 0.470605
1520530843.403981686 1.228981 1.134267 -0.631410 0.117516 0.861210 -0.084557 0.487194
1520530843.453982830 1.278986 1.125565 -0.636925 0.114418 0.854717 -0.085849 0.498997
1520530843.503984690 1.323029 1.099823 -0.632670 0.109502 0.850125 -0.087281 0.507621
1520530843.553985834 1.371647 1.085796 -0.627772 0.109949 0.842271 -0.096092 0.518899
1520530843.603940487 1.417382 1.072201 -0.616447 0.114154 0.831077 -0.107911 0.533512
1520530843.653942585 1.465854 1.044857 -0.596312 0.119825 0.817462 -0.112728 0.551987
1520530843.703944445 1.514179 1.035783 -0.577225 0.122953 0.802348 -0.116488 0.572320
1520530843.753945351 1.564420 1.022017 -0.558954 0.120393 0.788614 -0.119500 0.591027
1520530843.803946495 1.615233 1.010008 -0.545316 0.117437 0.772374 -0.124396 0.611697
1520530843.853949547 1.659939 0.991907 -0.518008 0.115952 0.756007 -0.127825 0.631403
1520530843.903950691 1.710310 0.981707 -0.493091 0.115315 0.736926 -0.131835 0.652887
1520530843.953951597 1.757337 0.972937 -0.467631 0.113336 0.715434 -0.132322 0.676609
1520530844.003965378 1.798974 0.955599 -0.435318 0.106446 0.690149 -0.128242 0.704214
1520530844.053963423 1.833982 0.943735 -0.387976 0.097686 0.664819 -0.124317 0.730081
1520530844.103965282 1.866821 0.940659 -0.345878 0.089607 0.640061 -0.120255 0.753546
1520530844.153966427 1.901796 0.941011 -0.302661 0.083494 0.618617 -0.119833 0.771998
1520530844.203968287 1.936490 0.938110 -0.257202 0.080004 0.600665 -0.124154 0.785739
1520530844.253969431 1.969714 0.934894 -0.210248 0.080400 0.584002 -0.132655 0.796794
1520530844.304044485 2.007985 0.931244 -0.168782 0.081456 0.566726 -0.141013 0.807652
1520530844.353972435 2.042309 0.922558 -0.119590 0.079512 0.552438 -0.146686 0.816684
1520530844.403861761 2.077174 0.919153 -0.080733 0.073926 0.538844 -0.149672 0.825700
1520530844.453862906 2.108198 0.914714 -0.042547 0.065577 0.521929 -0.147995 0.837489
1520530844.503865004 2.141435 0.911185 -0.004494 0.055704 0.505180 -0.145913 0.848763
1520530844.553866148 2.164978 0.900696 0.029925 0.043896 0.492675 -0.145357 0.856864
1520530844.603868008 2.181154 0.883974 0.072720 0.038880 0.482769 -0.146435 0.862542
1520530844.653869867 2.198155 0.871683 0.117714 0.042272 0.469042 -0.146954 0.869838
1520530844.703871012 2.211957 0.859993 0.168976 0.049059 0.448877 -0.147317 0.880000
1520530844.753873110 2.233316 0.854029 0.212565 0.051452 0.424161 -0.150511 0.891508
1520530844.804014921 2.262814 0.858417 0.261809 0.049818 0.399478 -0.153468 0.902432
1520530844.854016781 2.279199 0.867413 0.311546 0.043574 0.380465 -0.153908 0.910857
1520530844.904017925 2.295457 0.870281 0.364584 0.038265 0.360880 -0.155674 0.918731
1520530844.954020023 2.295635 0.868729 0.420611 0.035113 0.342946 -0.158907 0.925151
1520530845.004021883 2.298889 0.868679 0.476461 0.034303 0.320380 -0.163613 0.932422
1520530845.054023027 2.308447 0.876488 0.531182 0.031540 0.289287 -0.166333 0.942153
1520530845.104024887 2.298152 0.877378 0.581520 0.016391 0.256790 -0.166025 0.951959
1520530845.154025793 2.298521 0.879284 0.626269 -0.000622 0.218133 -0.167171 0.961494
1520530845.204027891 2.287744 0.878452 0.679020 -0.014890 0.177820 -0.169191 0.969295
1520530845.254548788 2.264012 0.881517 0.729481 -0.022780 0.141642 -0.170970 0.974776
1520530845.304550648 2.236837 0.891260 0.782228 -0.022054 0.108819 -0.169878 0.979190
1520530845.354551792 2.201898 0.900664 0.837009 -0.019075 0.081105 -0.169933 0.981927
1520530845.404552698 2.172641 0.910488 0.881628 -0.018738 0.054773 -0.170703 0.983621
1520530845.454554796 2.149934 0.924653 0.930225 -0.018812 0.032041 -0.174813 0.983900
1520530845.504555941 2.124562 0.936029 0.975497 -0.022792 0.013693 -0.179092 0.983473
1520530845.554557800 2.102358 0.944302 1.019576 -0.028683 -0.006397 -0.180062 0.983216
1520530845.604559898 2.078626 0.953734 1.061439 -0.033773 -0.028636 -0.177886 0.983054
1520530845.654413939 2.050168 0.959628 1.104054 -0.038293 -0.046565 -0.176976 0.982367
1520530845.704415083 2.019692 0.967019 1.145801 -0.040478 -0.058512 -0.177324 0.981577
1520530845.754415989 1.989543 0.975040 1.183722 -0.041436 -0.067856 -0.178112 0.980793
1520530845.804417849 1.958100 0.985908 1.219401 -0.040429 -0.082466 -0.176012 0.980094
1520530845.854418993 1.926051 0.996146 1.254963 -0.040574 -0.104514 -0.171926 0.978709
1520530845.904448748 1.890836 1.011542 1.289312 -0.043118 -0.127744 -0.168768 0.976391
1520530845.954421759 1.851461 1.032899 1.325127 -0.049219 -0.150062 -0.163105 0.973887
1520530846.004424095 1.815823 1.052678 1.363573 -0.057586 -0.170290 -0.162093 0.970263
1520530846.054296017 1.772161 1.082694 1.397991 -0.061781 -0.186113 -0.162294 0.967060
1520530846.104297876 1.731483 1.102163 1.431141 -0.063410 -0.203623 -0.159326 0.963915
1520530846.154299021 1.688723 1.117269 1.462655 -0.062364 -0.223219 -0.151139 0.960958
1520530846.204300880 1.645787 1.128723 1.492629 -0.064248 -0.245689 -0.142910 0.956601
1520530846.254302740 1.609944 1.138480 1.524588 -0.071434 -0.269449 -0.142241 0.949769
1520530846.304303885 1.565005 1.147143 1.549373 -0.085362 -0.292449 -0.142136 0.941798
1520530846.354305983 1.517572 1.156108 1.566738 -0.098853 -0.311713 -0.142077 0.934279
1520530846.404307127 1.473836 1.169390 1.589559 -0.103928 -0.328693 -0.144919 0.927447
1520530846.454087734 1.427026 1.184283 1.609682 -0.101602 -0.342769 -0.149210 0.921913
1520530846.504088879 1.381910 1.204039 1.637741 -0.094551 -0.357739 -0.153584 0.916240
1520530846.554090738 1.332059 1.224379 1.658401 -0.092047 -0.372645 -0.154887 0.910315
1520530846.604092836 1.287873 1.243039 1.680631 -0.093458 -0.385278 -0.156434 0.904630
1520530846.654093981 1.243246 1.263336 1.699999 -0.097275 -0.395510 -0.154005 0.900218
1520530846.704095840 1.200295 1.273604 1.724488 -0.105338 -0.404463 -0.146843 0.896521
1520530846.754096985 1.151527 1.290773 1.746752 -0.108543 -0.407409 -0.140270 0.895858
1520530846.804098845 1.099965 1.302621 1.761994 -0.108978 -0.404792 -0.137220 0.897462
1520530846.853992462 1.052375 1.306056 1.782327 -0.105546 -0.399857 -0.137233 0.900079
1520530846.903994799 1.014108 1.315433 1.805680 -0.098783 -0.399654 -0.137336 0.900920
1520530846.953995705 0.973755 1.323725 1.830399 -0.093873 -0.405409 -0.139012 0.898614
1520530847.003997803 0.931218 1.334891 1.849021 -0.095047 -0.412508 -0.141764 0.894822
1520530847.053999662 0.892060 1.354638 1.869384 -0.099280 -0.422955 -0.141417 0.889524
1520530847.104000568 0.840640 1.373055 1.882588 -0.106336 -0.431588 -0.141021 0.884612
1520530847.154001713 0.792865 1.391975 1.901347 -0.112180 -0.443016 -0.138246 0.878658
1520530847.204005718 0.746369 1.413393 1.921450 -0.113850 -0.457550 -0.131872 0.871950
1520530847.254088640 0.692026 1.429135 1.932306 -0.112971 -0.470784 -0.125162 0.865987
1520530847.304090738 0.639738 1.447102 1.938280 -0.111596 -0.487588 -0.123151 0.857110
1520530847.354091644 0.588447 1.458715 1.930919 -0.114834 -0.506574 -0.130360 0.844513
1520530847.404093504 0.538900 1.475361 1.932160 -0.115341 -0.528844 -0.141061 0.828929
1520530847.454094648 0.489670 1.487373 1.924398 -0.118755 -0.550871 -0.148558 0.812631
1520530847.504096508 0.437625 1.505966 1.909768 -0.118796 -0.568990 -0.153202 0.799167
1520530847.554097414 0.386797 1.521032 1.893038 -0.116313 -0.584614 -0.157737 0.787285
1520530847.604099751 0.338345 1.538579 1.879871 -0.110231 -0.599637 -0.161028 0.776115
1520530847.654100657 0.293814 1.564822 1.868905 -0.102729 -0.614056 -0.162629 0.765463
1520530847.704269648 0.243214 1.582628 1.852479 -0.097220 -0.628663 -0.164003 0.753946
1520530847.754270792 0.195423 1.597742 1.844738 -0.094138 -0.643834 -0.163407 0.741562
1520530847.804272652 0.147306 1.608116 1.824093 -0.096180 -0.659811 -0.159847 0.727906
1520530847.854274750 0.101390 1.629634 1.797233 -0.099048 -0.674628 -0.153983 0.715092
1520530847.904275894 0.055269 1.649193 1.763136 -0.099737 -0.685278 -0.153337 0.704936
1520530847.954277754 0.015126 1.643462 1.746016 0.101893 0.697093 0.156137 -0.692315
1520530848.004278898 -0.019872 1.652449 1.704830 0.100090 0.708737 0.151093 -0.681795
1520530848.054280758 -0.058378 1.654302 1.670234 0.096950 0.727903 0.143396 -0.663472
1520530848.104164600 -0.092032 1.669761 1.642546 0.093510 0.748554 0.138163 -0.641742
1520530848.154166698 -0.148134 1.712939 1.603265 0.093892 0.768261 0.129598 -0.619809
1520530848.204168558 -0.175647 1.734636 1.550316 0.106611 0.782625 0.126673 -0.600072
1520530848.254169703 -0.196044 1.745903 1.511612 0.113031 0.795845 0.126485 -0.581254
1520530848.304171562 -0.228707 1.755675 1.470615 0.116074 0.811631 0.121654 -0.559448
1520530848.354172468 -0.257682 1.769570 1.418965 0.116495 0.827330 0.110557 -0.538267
1520530848.404174805 -0.275532 1.774405 1.370299 0.116822 0.839998 0.103484 -0.519660
1520530848.454176664 -0.276509 1.775222 1.307736 0.121926 0.851279 0.100131 -0.500432
1520530848.503816366 -0.298883 1.772554 1.255400 0.130161 0.867396 0.097550 -0.470284
1520530848.553818226 -0.313011 1.766976 1.201793 0.136546 0.882786 0.097557 -0.438779
1520530848.603819370 -0.318047 1.763657 1.138718 0.140926 0.894871 0.097205 -0.412186
1520530848.653821230 -0.326088 1.758887 1.080428 0.143965 0.905288 0.095312 -0.388127
1520530848.703822136 -0.340647 1.763524 1.024137 0.142825 0.915319 0.090096 -0.365615
1520530848.753824234 -0.347584 1.759878 0.967473 0.139356 0.924176 0.085078 -0.345312
1520530848.803826332 -0.354583 1.762128 0.902584 0.134895 0.931680 0.075455 -0.328759
1520530848.853827477 -0.353752 1.777787 0.832312 0.126690 0.938581 0.061349 -0.315041
1520530848.903765678 -0.355583 1.772460 0.774746 0.127916 0.945584 0.049754 -0.295012
1520530848.953767776 -0.350577 1.752134 0.716795 0.139933 0.952474 0.040857 -0.267474
1520530849.003768682 -0.342391 1.742003 0.653274 0.149128 0.958082 0.034690 -0.242150
1520530849.053775787 -0.320461 1.733195 0.592135 0.147064 0.962359 0.029925 -0.226589
1520530849.103771687 -0.308474 1.716229 0.534646 0.142121 0.966734 0.023184 -0.211399
1520530849.153861761 -0.296199 1.695480 0.485129 0.142965 0.971466 0.011108 -0.188919
1520530849.203774452 -0.272581 1.677615 0.432937 0.144932 0.976250 -0.005297 -0.160941
1520530849.253775597 -0.249726 1.670577 0.378641 0.147523 0.979998 -0.022497 -0.131658
1520530849.304012299 -0.217451 1.664671 0.322723 0.151439 0.982183 -0.033755 -0.106039
1520530849.354014635 -0.192245 1.657720 0.268446 0.155085 0.984070 -0.036124 -0.079061
1520530849.404015541 -0.159049 1.663114 0.214205 0.160980 0.984873 -0.034307 -0.054168
1520530849.454017401 -0.128357 1.653965 0.162858 0.166689 0.985012 -0.029775 -0.032850
1520530849.504018545 -0.103079 1.660329 0.110645 0.169987 0.984751 -0.035190 -0.011421
1520530849.554020405 -0.081828 1.660186 0.053814 0.169306 0.984495 -0.042971 0.016095
1520530849.604021311 -0.050894 1.650083 0.011580 0.162216 0.984757 -0.045043 0.043702
1520530849.654023409 -0.018727 1.641554 -0.029009 0.153535 0.984550 -0.039837 0.074168
1520530849.704024315 0.020381 1.634530 -0.068664 0.150053 0.982702 -0.028713 0.104672
1520530849.754075289 0.060082 1.628911 -0.105651 0.151735 0.979455 -0.020083 0.131308
1520530849.804077148 0.104899 1.616807 -0.134827 0.152140 0.977116 -0.020180 0.147278
1520530849.854078293 0.143777 1.609036 -0.171211 0.150617 0.975374 -0.025059 0.159158
1520530849.904080153 0.186437 1.605264 -0.210268 0.147417 0.973892 -0.033311 0.169389
1520530849.954081059 0.233293 1.615125 -0.251434 0.146446 0.972128 -0.039572 0.178759
1520530850.004083395 0.279242 1.617705 -0.289200 0.146658 0.970116 -0.041877 0.188714
1520530850.054084301 0.321571 1.610739 -0.319525 0.147207 0.967706 -0.041456 0.200390
1520530850.104087114 0.365834 1.602153 -0.356778 0.148431 0.964769 -0.040450 0.213431
1520530850.154247284 0.409725 1.598429 -0.398941 0.146043 0.963293 -0.040211 0.221635
1520530850.204248190 0.447994 1.592616 -0.431577 0.142058 0.963293 -0.041902 0.223896
1520530850.254250050 0.492115 1.583065 -0.462851 0.139552 0.961873 -0.047277 0.230415
1520530850.304252148 0.538664 1.570049 -0.492719 0.137016 0.959106 -0.056012 0.241258
1520530850.354254246 0.592162 1.569386 -0.520143 0.137929 0.954839 -0.063230 0.255459
1520530850.404256105 0.642542 1.562794 -0.549461 0.141968 0.949141 -0.064333 0.273564
1520530850.454256296 0.696978 1.563077 -0.577950 0.145548 0.943504 -0.063940 0.290735
1520530850.504258156 0.750307 1.559666 -0.607016 0.148118 0.937381 -0.065652 0.308329
1520530850.554295063 0.797246 1.553765 -0.633016 0.150931 0.930824 -0.072174 0.324927
1520530850.604297161 0.843165 1.532578 -0.656679 0.151856 0.923772 -0.080088 0.342301
1520530850.654298067 0.896957 1.532646 -0.685180 0.150388 0.914413 -0.091960 0.364385
1520530850.704300165 0.944934 1.513907 -0.697833 0.140631 0.906090 -0.093883 0.387827
1520530850.754339933 0.981522 1.482066 -0.698846 0.129840 0.895925 -0.087531 0.415691
1520530850.804302931 1.031310 1.472643 -0.704239 0.121021 0.884347 -0.085139 0.442759
1520530850.854304075 1.077945 1.458625 -0.701371 0.115880 0.874312 -0.084471 0.463697
1520530850.904305935 1.128146 1.439614 -0.704223 0.111554 0.865570 -0.089295 0.479969
1520530850.954236984 1.187686 1.425995 -0.704209 0.108216 0.859091 -0.101216 0.489905
1520530851.004238844 1.238274 1.422012 -0.706297 0.107324 0.852310 -0.114045 0.499042
1520530851.054241180 1.290038 1.412604 -0.702466 0.106671 0.845991 -0.121916 0.507993
1520530851.104242086 1.347843 1.398270 -0.699152 0.105079 0.838828 -0.126569 0.518948
1520530851.154244184 1.410984 1.402619 -0.695745 0.104181 0.828835 -0.130789 0.533923
1520530851.204245090 1.465067 1.392681 -0.692725 0.098925 0.820156 -0.127755 0.548850
1520530851.254246950 1.510753 1.371013 -0.682341 0.090456 0.814425 -0.123639 0.559681
1520530851.304248095 1.555545 1.345920 -0.662713 0.087107 0.810217 -0.125785 0.565809
1520530851.354320049 1.600768 1.324699 -0.639096 0.090108 0.801581 -0.133751 0.575725
1520530851.404321909 1.644104 1.306439 -0.617431 0.095177 0.787210 -0.145566 0.591652
1520530851.454323053 1.691243 1.291547 -0.590957 0.098895 0.769664 -0.152862 0.611940
1520530851.504324913 1.737551 1.278208 -0.567513 0.096436 0.751164 -0.152688 0.634932
1520530851.554325819 1.787981 1.270884 -0.539356 0.088181 0.735688 -0.151683 0.654202
1520530851.604327917 1.837040 1.266609 -0.514897 0.079336 0.720814 -0.153782 0.671181
1520530851.654328823 1.882461 1.260431 -0.475741 0.076487 0.709871 -0.159932 0.681656
1520530851.704330921 1.926643 1.248930 -0.436222 0.080620 0.694635 -0.166051 0.695277
1520530851.754292250 1.968078 1.239699 -0.395472 0.084714 0.671579 -0.169469 0.716300
1520530851.804294348 2.004121 1.226631 -0.346300 0.080459 0.644622 -0.171420 0.740678
1520530851.854296446 2.043104 1.232387 -0.308182 0.068882 0.614988 -0.175460 0.765675
1520530851.904297352 2.063695 1.232287 -0.256659 0.051364 0.590089 -0.176180 0.786205
1520530851.954298258 2.085105 1.228285 -0.205549 0.037286 0.567557 -0.180425 0.802456
1520530852.004300356 2.104170 1.216968 -0.146754 0.035074 0.545206 -0.187519 0.816307
1520530852.054301262 2.115130 1.207285 -0.089192 0.040252 0.520507 -0.196473 0.829970
1520530852.104303360 2.126228 1.196307 -0.033998 0.045480 0.495474 -0.205583 0.842717
1520530852.154304266 2.153167 1.199838 0.017485 0.045948 0.472167 -0.216895 0.853173
1520530852.204151154 2.170562 1.204180 0.069922 0.039377 0.452129 -0.223050 0.862715
1520530852.254152298 2.186571 1.207889 0.127251 0.031085 0.429710 -0.226071 0.873656
1520530852.304154158 2.197026 1.210020 0.188674 0.024004 0.407924 -0.226014 0.884273
1520530852.354155064 2.204457 1.213278 0.241430 0.015232 0.386407 -0.227186 0.893781
1520530852.404157162 2.213094 1.210582 0.297924 0.008372 0.365478 -0.233403 0.901043
1520530852.454158068 2.211710 1.215575 0.354510 0.007914 0.343841 -0.239508 0.907936
1520530852.504160166 2.204157 1.214310 0.414195 0.008896 0.317936 -0.243662 0.916224
1520530852.554161310 2.190062 1.216137 0.471927 0.008805 0.289603 -0.242972 0.925752
1520530852.604380369 2.180162 1.224472 0.520796 0.003571 0.258077 -0.236851 0.936635
1520530852.654382229 2.161715 1.240012 0.576641 -0.006180 0.230919 -0.229845 0.945415
1520530852.704383135 2.143309 1.262277 0.637391 -0.013350 0.208834 -0.228035 0.950900
1520530852.754385233 2.134978 1.282844 0.692263 -0.015027 0.182709 -0.229977 0.955773
1520530852.804386139 2.116743 1.298544 0.745733 -0.012908 0.156138 -0.229793 0.960547
1520530852.854387999 2.086293 1.308208 0.797741 -0.010368 0.124325 -0.228711 0.965467
1520530852.904389143 2.061126 1.307529 0.845078 -0.014615 0.088298 -0.229924 0.969085
1520530852.954391241 2.034524 1.312211 0.892740 -0.023445 0.051910 -0.230255 0.971462
1520530853.004533291 1.998712 1.330075 0.940990 -0.035904 0.013247 -0.222866 0.974098
1520530853.054534435 1.953686 1.353959 0.980929 -0.048068 -0.019452 -0.216274 0.974955
1520530853.104536533 1.915472 1.367704 1.019439 -0.058115 -0.047443 -0.211780 0.974434
1520530853.154537201 1.876143 1.376398 1.060376 -0.062806 -0.075487 -0.205578 0.973701
1520530853.204539537 1.841319 1.392697 1.099906 -0.062722 -0.101669 -0.200872 0.972306
1520530853.254540443 1.811297 1.412072 1.140599 -0.060849 -0.125974 -0.200280 0.969699
1520530853.304543257 1.783191 1.431578 1.182770 -0.058474 -0.145815 -0.206541 0.965743
1520530853.354544401 1.753576 1.442320 1.224687 -0.058626 -0.164216 -0.211574 0.961682
1520530853.404342175 1.716946 1.464084 1.256463 -0.058419 -0.185746 -0.209839 0.958151
1520530853.454343081 1.679891 1.474708 1.294594 -0.064580 -0.206079 -0.205745 0.954479
1520530853.504344940 1.641889 1.489144 1.326794 -0.069362 -0.218857 -0.206715 0.951083
1520530853.554346085 1.594975 1.495994 1.351821 -0.073056 -0.225069 -0.208501 0.948965
1520530853.604347944 1.563112 1.505268 1.382966 -0.070711 -0.237003 -0.205906 0.946801
1520530853.654348850 1.523174 1.514928 1.411425 -0.066903 -0.255547 -0.195898 0.944375
1520530853.704349995 1.478227 1.519416 1.432924 -0.069548 -0.275482 -0.183428 0.941077
1520530853.754353046 1.439163 1.536634 1.457566 -0.074669 -0.293688 -0.175741 0.936636
1520530853.804126263 1.403227 1.552427 1.487204 -0.081494 -0.309629 -0.173495 0.931337
1520530853.854123116 1.359535 1.586806 1.498729 -0.083568 -0.320784 -0.171997 0.927648
1520530853.904125214 1.317887 1.590912 1.520606 -0.086670 -0.331258 -0.173019 0.923483
1520530853.954126120 1.276212 1.612660 1.547309 -0.082302 -0.343798 -0.169061 0.920026
1520530854.004222393 1.234936 1.630699 1.569669 -0.080966 -0.363825 -0.161039 0.913861
1520530854.054129362 1.197165 1.642608 1.585234 -0.080930 -0.385438 -0.159486 0.905236
1520530854.104131222 1.158894 1.656664 1.601199 -0.081278 -0.407052 -0.162984 0.895063
1520530854.154132366 1.121281 1.673657 1.618455 -0.087744 -0.428293 -0.164824 0.884138
1520530854.204134226 1.080306 1.688978 1.627812 -0.101824 -0.446133 -0.165687 0.873582
1520530854.254028320 1.047921 1.702931 1.652118 -0.116293 -0.462513 -0.165690 0.863194
1520530854.304029465 1.007065 1.724427 1.662186 -0.126948 -0.473277 -0.163577 0.856234
1520530854.354031563 0.969691 1.744863 1.678445 -0.129879 -0.485032 -0.162764 0.849343
1520530854.404032469 0.927114 1.762484 1.691577 -0.124454 -0.495441 -0.164919 0.843712
1520530854.454034567 0.882998 1.782606 1.709831 -0.112279 -0.503151 -0.168598 0.840123
1520530854.504035473 0.835589 1.796966 1.722664 -0.107718 -0.513195 -0.169777 0.834388
1520530854.554037333 0.792329 1.814471 1.745117 -0.112680 -0.528405 -0.168486 0.824442
1520530854.604039431 0.744482 1.827381 1.753599 -0.125092 -0.538441 -0.169641 0.815877
1520530854.654198170 0.700511 1.847655 1.771383 -0.135988 -0.545886 -0.174334 0.808160
1520530854.704200029 0.660037 1.865091 1.784889 -0.144084 -0.554175 -0.177445 0.800402
1520530854.754200935 0.614197 1.875234 1.781629 -0.154288 -0.564231 -0.176837 0.791560
1520530854.804203033 0.574784 1.889949 1.787388 -0.159970 -0.580093 -0.172584 0.779818
1520530854.854205132 0.537206 1.908157 1.789505 -0.162776 -0.594981 -0.166063 0.769366
1520530854.904206276 0.492194 1.917368 1.791081 -0.166740 -0.609224 -0.161838 0.758190
1520530854.954208136 0.451733 1.936115 1.795242 -0.168826 -0.625539 -0.158660 0.745001
1520530855.004209995 0.408244 1.951931 1.791680 -0.166800 -0.641211 -0.157968 0.732169
1520530855.054454327 0.367576 1.973891 1.783536 -0.164893 -0.654813 -0.156238 0.720847
1520530855.104456425 0.324157 1.997326 1.770648 -0.161441 -0.669614 -0.152189 0.708796
1520530855.154457331 0.277094 2.008998 1.761102 -0.160323 -0.689474 -0.145997 0.691091
1520530855.204459667 0.246030 2.015746 1.739981 0.160295 0.712332 0.139772 -0.668844
1520530855.254460573 0.227185 2.007636 1.729120 0.161187 0.735691 0.137749 -0.643275
1520530855.304462433 0.207705 2.009301 1.711872 0.164632 0.754453 0.136064 -0.620631
1520530855.354463577 0.186239 2.009137 1.710320 0.173933 0.771459 0.138414 -0.596189
1520530855.404465437 0.168879 2.010047 1.680466 0.179862 0.781783 0.143190 -0.579622
1520530855.454261780 0.153961 2.028251 1.659761 0.181080 0.790651 0.147425 -0.565993
1520530855.504263878 0.131886 2.035349 1.631658 0.183447 0.797987 0.150258 -0.554063
1520530855.554264784 0.103983 2.053240 1.604909 0.181675 0.805867 0.146088 -0.544271
1520530855.604308844 0.077357 2.068989 1.588305 0.178256 0.815115 0.141563 -0.532703
1520530855.654267788 0.060741 2.076895 1.560271 0.176170 0.821488 0.137837 -0.524521
1520530855.704269648 0.047023 2.084127 1.525122 0.177914 0.826195 0.136321 -0.516881
1520530855.754270792 0.025224 2.099425 1.487845 0.180293 0.832226 0.138758 -0.505608
1520530855.804272652 0.005282 2.106570 1.455388 0.181558 0.837566 0.146993 -0.493875
1520530855.853945971 -0.018156 2.113258 1.423210 0.180949 0.845984 0.151291 -0.478205
1520530855.903946877 -0.035157 2.126993 1.383692 0.178596 0.858819 0.148908 -0.456465
1520530855.953948736 -0.046777 2.140385 1.334619 0.177869 0.871285 0.143048 -0.434467
1520530856.003949881 -0.055300 2.157113 1.283010 0.182618 0.881741 0.136434 -0.413000
1520530856.053951740 -0.066974 2.173909 1.235545 0.188464 0.890624 0.130780 -0.392642
1520530856.103952885 -0.074794 2.185408 1.180938 0.195110 0.897553 0.124543 -0.375259
1520530856.153954983 -0.076622 2.201779 1.128796 0.198778 0.904758 0.114979 -0.358720
1520530856.203956842 -0.087765 2.230185 1.073038 0.198849 0.913359 0.099899 -0.340961
1520530856.253995895 -0.090390 2.228629 1.023120 0.201372 0.922330 0.089996 -0.317264
1520530856.303997993 -0.089254 2.229961 0.977912 0.204737 0.932953 0.082286 -0.284449
1520530856.353999853 -0.088306 2.214565 0.927704 0.205612 0.943470 0.080265 -0.247278
1520530856.404000759 -0.069274 2.212363 0.877984 0.204836 0.952599 0.076958 -0.211364
1520530856.454001904 -0.056970 2.209104 0.831464 0.204104 0.959611 0.075348 -0.178355
1520530856.504004002 -0.041652 2.201127 0.786632 0.201870 0.965304 0.072729 -0.148823
1520530856.554005861 -0.014960 2.199251 0.733697 0.198970 0.970078 0.062845 -0.124137
1520530856.604007006 -0.001921 2.196516 0.681182 0.196423 0.973835 0.052999 -0.101261
1520530856.654008865 0.014158 2.188242 0.629405 0.195668 0.976150 0.046536 -0.081729
1520530856.704353094 0.036243 2.179461 0.574605 0.195857 0.977492 0.042970 -0.065594
1520530856.754354954 0.052291 2.172560 0.521366 0.195154 0.978764 0.040646 -0.047785
1520530856.804357052 0.072773 2.160498 0.472737 0.195175 0.979491 0.041280 -0.028269
1520530856.854358196 0.088357 2.141696 0.429173 0.192600 0.980163 0.046003 -0.008303
1520530856.904359102 0.112905 2.135022 0.382875 0.189116 0.980858 0.045634 0.008384
1520530856.954360962 0.136016 2.111708 0.342546 0.188451 0.980650 0.047095 0.024391
1520530857.004363060 0.162853 2.101596 0.298465 0.190759 0.979669 0.044420 0.043427
1520530857.054363966 0.189910 2.090754 0.251244 0.193405 0.978160 0.039648 0.065005
1520530857.104498863 0.219379 2.083402 0.205399 0.195004 0.976283 0.036099 0.086848
1520530857.154500723 0.252696 2.076136 0.159422 0.195270 0.974632 0.035530 0.103439
1520530857.204501867 0.285962 2.071130 0.110372 0.195745 0.972789 0.032846 0.119529
1520530857.254502773 0.314401 2.063395 0.056074 0.197407 0.970747 0.024677 0.134433
1520530857.304504633 0.342107 2.049432 0.008014 0.201740 0.968333 0.015380 0.146271
1520530857.354506731 0.369151 2.030433 -0.032814 0.205730 0.965144 0.008940 0.161533
1520530857.404507637 0.402678 2.023657 -0.085945 0.202932 0.961706 0.004329 0.184176
1520530857.454509735 0.427097 2.006597 -0.129194 0.195205 0.957537 0.007688 0.212036
1520530857.504649401 0.457353 1.986296 -0.164994 0.187284 0.952261 0.010819 0.240845
1520530857.554651260 0.497673 1.969577 -0.204121 0.182435 0.947570 0.010351 0.262146
1520530857.604652166 0.542265 1.954038 -0.237086 0.179130 0.944261 0.005971 0.276132
1520530857.654654264 0.578258 1.931699 -0.275284 0.175147 0.941415 -0.001845 0.288197
1520530857.704655170 0.626474 1.921905 -0.319070 0.175372 0.937679 -0.015899 0.299583
1520530857.754657030 0.665831 1.912019 -0.357107 0.176727 0.933757 -0.028370 0.309935
1520530857.804659367 0.705329 1.896828 -0.390417 0.178508 0.930293 -0.034987 0.318537
1520530857.854660273 0.745475 1.874316 -0.428254 0.180521 0.926648 -0.037283 0.327635
1520530857.904692173 0.775529 1.850917 -0.462597 0.181724 0.921375 -0.034593 0.341831
1520530857.954694033 0.813055 1.820747 -0.491562 0.178767 0.918539 -0.027780 0.351507
1520530858.004695177 0.844685 1.804995 -0.522553 0.176389 0.917774 -0.025731 0.354847
1520530858.054696083 0.876853 1.778339 -0.549643 0.178410 0.915623 -0.025899 0.359351
1520530858.104697943 0.913265 1.747449 -0.576106 0.181245 0.911482 -0.033592 0.367725
1520530858.154700041 0.952009 1.725892 -0.603415 0.183838 0.905368 -0.045987 0.379998
1520530858.204702139 1.002128 1.710698 -0.636155 0.184403 0.898574 -0.058637 0.393856
1520530858.254703045 1.053904 1.685274 -0.663380 0.181437 0.892202 -0.064687 0.408499
1520530858.304576159 1.118139 1.688162 -0.687391 0.180381 0.884426 -0.072533 0.424255
1520530858.354578018 1.156168 1.649874 -0.701607 0.175583 0.875481 -0.071596 0.444496
1520530858.404578924 1.204813 1.632897 -0.718921 0.174244 0.865738 -0.076070 0.462979
1520530858.454581022 1.250257 1.613555 -0.725358 0.177338 0.852747 -0.078976 0.484908
1520530858.504583120 1.307830 1.596443 -0.729729 0.177915 0.836189 -0.084311 0.511885
1520530858.554583788 1.356603 1.574865 -0.730450 0.170487 0.819572 -0.091349 0.539344
1520530858.604586124 1.399791 1.545596 -0.717021 0.159441 0.806798 -0.093372 0.561193
1520530858.654592037 1.444245 1.523413 -0.709218 0.148500 0.795602 -0.093603 0.579830
1520530858.704606771 1.491981 1.503512 -0.703491 0.138271 0.786491 -0.096878 0.594077
1520530858.754607916 1.545406 1.488360 -0.700385 0.132412 0.778157 -0.104466 0.605000
1520530858.804609776 1.599960 1.474442 -0.693022 0.129366 0.769489 -0.115891 0.614590
1520530858.854706764 1.651463 1.453184 -0.691549 0.124656 0.761199 -0.126462 0.623734
1520530858.904613018 1.702824 1.431915 -0.683638 0.115422 0.757295 -0.136034 0.628234
1520530858.954613924 1.757324 1.416868 -0.679060 0.105501 0.750430 -0.146455 0.635827
1520530859.004615784 1.803954 1.399591 -0.672466 0.092745 0.739198 -0.150731 0.649819
1520530859.054617882 1.850329 1.384503 -0.657589 0.076883 0.730956 -0.148752 0.661562
1520530859.104618788 1.890517 1.360251 -0.643212 0.064296 0.725554 -0.146099 0.669397
1520530859.154594898 1.934818 1.339335 -0.630907 0.061167 0.717661 -0.148573 0.677604
1520530859.204596043 1.975021 1.314643 -0.609225 0.062150 0.705597 -0.155701 0.688496
1520530859.254597902 2.011685 1.295297 -0.584408 0.064992 0.686587 -0.163588 0.705417
1520530859.304598808 2.051614 1.274760 -0.553418 0.067236 0.665074 -0.167741 0.724582
1520530859.354601145 2.093913 1.263128 -0.527489 0.063784 0.644713 -0.172775 0.741907
1520530859.404603004 2.134907 1.251484 -0.496140 0.056892 0.628245 -0.177952 0.755251
1520530859.454603910 2.175272 1.237578 -0.453124 0.049148 0.611241 -0.181867 0.768696
1520530859.504606009 2.209074 1.222828 -0.421738 0.041415 0.591964 -0.184268 0.783523
1520530859.554533243 2.236001 1.205655 -0.378531 0.034045 0.570284 -0.185238 0.799565
1520530859.604535103 2.258956 1.194410 -0.337730 0.025155 0.542805 -0.184419 0.818975
1520530859.654536009 2.281651 1.186410 -0.292097 0.014967 0.511621 -0.185036 0.838917
1520530859.704538107 2.300389 1.178305 -0.242661 0.006253 0.478591 -0.190828 0.857027
1520530859.754539013 2.311731 1.177976 -0.191166 0.001394 0.446378 -0.197248 0.872833
1520530859.804542065 2.324365 1.169870 -0.145558 -0.005093 0.415902 -0.205410 0.885893
1520530859.854543209 2.336477 1.180569 -0.087847 -0.008936 0.389577 -0.213659 0.895823
1520530859.904544115 2.345544 1.181866 -0.041780 -0.016792 0.363983 -0.220986 0.904654
1520530859.954867840 2.360252 1.190381 0.014920 -0.021829 0.342400 -0.228162 0.911169
1520530860.004869699 2.369719 1.187569 0.064433 -0.027880 0.325107 -0.233381 0.916003
1520530860.054871559 2.386134 1.192848 0.113875 -0.028302 0.309395 -0.239295 0.919897
1520530860.104873896 2.393131 1.186723 0.161549 -0.032338 0.291525 -0.239658 0.925490
1520530860.154873610 2.386562 1.183246 0.208038 -0.044743 0.277639 -0.237994 0.929663
1520530860.204875708 2.386940 1.176616 0.253538 -0.056689 0.267881 -0.245238 0.929992
1520530860.254876852 2.381072 1.175434 0.301043 -0.059830 0.254890 -0.252046 0.931624
1520530860.304878712 2.375283 1.174920 0.353178 -0.055013 0.233006 -0.254248 0.937038
1520530860.355013609 2.360245 1.185355 0.406831 -0.051735 0.205165 -0.253355 0.943950
1520530860.405015707 2.351377 1.195557 0.454464 -0.054713 0.178010 -0.253946 0.949121
1520530860.455060720 2.350024 1.208432 0.510525 -0.062181 0.153035 -0.257712 0.951997
1520530860.505018711 2.334592 1.228227 0.558841 -0.073238 0.131478 -0.259674 0.953897
1520530860.555019617 2.320539 1.247982 0.614125 -0.079770 0.108405 -0.261693 0.955721
1520530860.605021715 2.305825 1.265803 0.667737 -0.082772 0.084240 -0.261152 0.958046
1520530860.655023813 2.291988 1.280924 0.713834 -0.088091 0.056129 -0.257453 0.960629
1520530860.705024958 2.264703 1.295094 0.759492 -0.099393 0.025115 -0.253742 0.961824
1520530860.754849911 2.239016 1.316854 0.804978 -0.111608 -0.004569 -0.256075 0.960181
1520530860.804851055 2.206282 1.332752 0.845890 -0.125305 -0.036051 -0.257500 0.957441
1520530860.854852915 2.179271 1.343780 0.884403 -0.136111 -0.067867 -0.255739 0.954707
1520530860.904853821 2.147036 1.357117 0.925007 -0.138982 -0.094361 -0.257340 0.951607
1520530860.954855919 2.115251 1.376068 0.965373 -0.135982 -0.118067 -0.260205 0.948611
1520530861.004858017 2.077648 1.397215 0.999625 -0.135063 -0.139593 -0.260646 0.945693
1520530861.054858923 2.050123 1.426845 1.041214 -0.135695 -0.158089 -0.262817 0.942084
1520530861.104861021 2.024153 1.447710 1.081704 -0.142244 -0.174102 -0.263945 0.937970
1520530861.154861927 1.988797 1.474811 1.114078 -0.146918 -0.187883 -0.264526 0.934420
1520530861.204705954 1.958533 1.494241 1.154870 -0.150496 -0.200745 -0.266926 0.930485
1520530861.254708052 1.922625 1.511493 1.190744 -0.158238 -0.212744 -0.266391 0.926680
1520530861.304708958 1.885172 1.526693 1.224636 -0.165258 -0.229676 -0.266738 0.921298
1520530861.354710102 1.848175 1.537874 1.255995 -0.164349 -0.242894 -0.268373 0.917588
1520530861.404711962 1.807149 1.547452 1.290021 -0.158338 -0.254835 -0.268327 0.915417
1520530861.454714060 1.763642 1.563934 1.319402 -0.156234 -0.270532 -0.265443 0.912109
1520530861.504715204 1.719778 1.586596 1.334001 -0.162215 -0.287805 -0.260579 0.907168
1520530861.554717064 1.677544 1.618725 1.359495 -0.168452 -0.303926 -0.257409 0.901662
1520530861.604568243 1.633070 1.646495 1.382034 -0.176313 -0.316595 -0.255614 0.896294
1520530861.654569149 1.590628 1.678420 1.412583 -0.178434 -0.329978 -0.254019 0.891488
1520530861.704571247 1.544118 1.711405 1.432772 -0.176979 -0.344234 -0.253455 0.886534
1520530861.754572153 1.494035 1.737353 1.450399 -0.175572 -0.359170 -0.254332 0.880617
1520530861.804574013 1.444813 1.766796 1.473118 -0.176822 -0.377010 -0.254568 0.872807
1520530861.854575157 1.399860 1.791949 1.494706 -0.185840 -0.399562 -0.255274 0.860610
1520530861.904577017 1.349954 1.815557 1.508382 -0.196212 -0.423513 -0.257620 0.846032
1520530861.954577923 1.300367 1.846945 1.527271 -0.201911 -0.449993 -0.257888 0.830802
1520530862.004641056 1.249762 1.863907 1.527535 -0.208735 -0.472481 -0.257156 0.816739
1520530862.054642200 1.206937 1.896729 1.539799 -0.206840 -0.494128 -0.256756 0.804445
1520530862.104644299 1.159521 1.929766 1.542188 -0.205284 -0.513095 -0.256205 0.793064
1520530862.154645443 1.114215 1.963257 1.547080 -0.205012 -0.529990 -0.256752 0.781767
1520530862.204647303 1.073258 1.992512 1.554635 -0.208666 -0.544195 -0.258979 0.770221
1520530862.254649162 1.023867 2.025178 1.546751 -0.212289 -0.554838 -0.259367 0.761457
1520530862.304650307 0.976746 2.054200 1.558835 -0.214166 -0.567350 -0.256342 0.752686
1520530862.354652166 0.929555 2.053691 1.575344 -0.223024 -0.579620 -0.252594 0.741955
1520530862.404806852 0.876466 2.085239 1.583579 -0.231819 -0.590208 -0.249450 0.731908
1520530862.454808712 0.830434 2.109440 1.584324 -0.234234 -0.595981 -0.253607 0.725000
1520530862.504809856 0.775972 2.126246 1.586127 -0.235487 -0.600172 -0.256077 0.720253
1520530862.554811716 0.722790 2.115396 1.581081 -0.238224 -0.607382 -0.256541 0.713108
1520530862.604813576 0.675911 2.136436 1.577127 -0.231198 -0.619327 -0.250189 0.707381
1520530862.654814720 0.623092 2.142817 1.573713 -0.221755 -0.631885 -0.243043 0.701766
1520530862.704816818 0.564366 2.150716 1.578980 -0.206925 -0.646641 -0.230896 0.696940
1520530862.754817724 0.502612 2.156137 1.571900 -0.191126 -0.662307 -0.213285 0.692336
1520530862.804625988 0.441938 2.163243 1.568231 -0.175943 -0.679405 -0.195290 0.685065
1520530862.854626894 0.377015 2.149310 1.570621 0.163446 0.698918 0.177746 -0.673205
1520530862.904628754 0.319723 2.134073 1.548647 0.142718 0.712449 0.160474 -0.668054
1520530862.954629898 0.257471 2.095687 1.531381 0.124178 0.729350 0.139560 -0.658142
1520530863.004631996 0.207368 2.056331 1.507191 0.104030 0.747305 0.119601 -0.645297
1520530863.054633856 0.163946 2.026068 1.470864 0.087503 0.765856 0.097943 -0.629456
1520530863.104635000 0.129151 1.997501 1.436149 0.077405 0.783550 0.081871 -0.611027
1520530863.154636860 0.101530 1.972874 1.400131 0.072895 0.798148 0.070892 -0.593818
1520530863.204078913 0.082622 1.955507 1.358087 0.075567 0.813207 0.058677 -0.574057
1520530863.254079819 0.081891 1.939978 1.303873 0.080170 0.827873 0.049242 -0.552968
1520530863.304081678 0.081258 1.939407 1.254185 0.085869 0.842478 0.041620 -0.530213
1520530863.354084015 0.095131 1.955646 1.198317 0.094116 0.853794 0.035502 -0.510801
1520530863.404084921 0.112286 1.974957 1.143093 0.106945 0.863171 0.036455 -0.492107
1520530863.454085827 0.136130 1.993956 1.091631 0.122990 0.870903 0.046220 -0.473566
1520530863.504087925 0.166142 2.016045 1.029659 0.142296 0.875334 0.061275 -0.458026
1520530863.554088831 0.208565 2.045551 0.961127 0.159447 0.878538 0.077436 -0.443566
1520530863.604090691 0.246327 2.075683 0.910982 0.179053 0.883380 0.094386 -0.422694
1520530863.653908968 0.302539 2.093843 0.849275 0.207365 0.885396 0.111300 -0.400857
1520530863.704004049 0.353216 2.109336 0.811640 0.237306 0.888550 0.132897 -0.369463
1520530863.753911972 0.416013 2.109800 0.761306 0.263580 0.888585 0.157705 -0.340693
1520530863.803914070 0.487021 2.114182 0.714605 0.282231 0.889578 0.176189 -0.312976
1520530863.853915930 0.531585 2.128947 0.674825 0.293570 0.893265 0.189009 -0.283144
1520530863.903916836 0.584518 2.132654 0.625499 0.296385 0.898130 0.199357 -0.256467
1520530863.953919172 0.634724 2.138503 0.577970 0.296091 0.903126 0.209525 -0.229768
1520530864.003920078 0.694816 2.136241 0.523204 0.299656 0.906413 0.217023 -0.203770
1520530864.054671049 0.744865 2.124887 0.476249 0.302753 0.910564 0.221218 -0.173998
1520530864.104673147 0.781103 2.098408 0.427549 0.304837 0.915792 0.219097 -0.142816
1520530864.154674053 0.827023 2.070906 0.373613 0.307056 0.921761 0.207287 -0.114478
1520530864.204676151 0.852469 2.040131 0.324306 0.310733 0.927229 0.188630 -0.090054
1520530864.254677057 0.880487 1.998027 0.274747 0.316062 0.931947 0.163797 -0.068917
1520530864.304678917 0.904137 1.956375 0.221388 0.321638 0.935759 0.135203 -0.051222
1520530864.354680061 0.917129 1.904425 0.174084 0.324217 0.939032 0.107619 -0.038996
1520530864.404682159 0.931153 1.853918 0.129396 0.333776 0.939011 0.077784 -0.028304
1520530864.455241919 0.932293 1.799374 0.085634 0.347168 0.936551 0.045890 -0.015515
1520530864.505243778 0.920558 1.745532 0.048052 0.355609 0.934563 0.010536 -0.004769
1520530864.555244684 0.908996 1.691093 0.012733 0.359224 0.932765 -0.030130 -0.000070
1520530864.605246782 0.892840 1.642928 -0.018289 0.359075 0.930713 -0.069413 -0.004427
1520530864.655248642 0.872224 1.599158 -0.047911 0.358719 0.927332 -0.105642 -0.014677
1520530864.705250740 0.850153 1.560749 -0.074144 0.355888 0.924007 -0.136732 -0.029317
1520530864.755251884 0.822117 1.532190 -0.099506 0.349471 0.921451 -0.162065 -0.050329
1520530864.805252790 0.793188 1.514666 -0.118150 0.342788 0.918643 -0.182371 -0.073023
1520530864.854247570 0.762253 1.504873 -0.133746 0.336084 0.916175 -0.195420 -0.097381
1520530864.904249668 0.727044 1.493370 -0.144156 0.333674 0.912966 -0.200762 -0.121861
1520530864.954250574 0.697298 1.487673 -0.153366 0.335432 0.908681 -0.200528 -0.146875
1520530865.004252434 0.658277 1.497137 -0.160316 0.338113 0.904399 -0.191609 -0.176145
1520530865.054254770 0.616135 1.517409 -0.160035 0.340311 0.899436 -0.179048 -0.207715
1520530865.104255676 0.580619 1.551037 -0.158041 0.340421 0.892855 -0.164592 -0.244609
1520530865.154261589 0.544882 1.591875 -0.150807 0.339092 0.885754 -0.148620 -0.279944
1520530865.204258680 0.519771 1.638346 -0.140353 0.334535 0.879146 -0.127390 -0.314581
1520530865.253919125 0.496511 1.692627 -0.123100 0.329438 0.872433 -0.099497 -0.347033
1520530865.303959131 0.481721 1.756751 -0.101892 0.327994 0.864937 -0.068207 -0.373701
1520530865.353922844 0.475185 1.814305 -0.076658 0.331203 0.856531 -0.033547 -0.394377
1520530865.403923988 0.469726 1.873003 -0.037470 0.336993 0.847919 0.003520 -0.409214
1520530865.453926086 0.473031 1.938551 0.003376 0.347220 0.837294 0.039439 -0.420501
1520530865.503927231 0.474907 1.998375 0.052609 0.359444 0.824672 0.076987 -0.429870
1520530865.553929090 0.481369 2.064641 0.109948 0.371104 0.810899 0.110201 -0.438840
1520530865.603929996 0.484246 2.137098 0.157933 0.381508 0.795590 0.136864 -0.450284
1520530865.653932095 0.484246 2.137098 0.157933 0.381508 0.795590 0.136864 -0.450284
1520530865.704600573 0.484246 2.137098 0.157933 0.381508 0.795590 0.136864 -0.450284
1520530865.754602909 0.480238 2.187058 0.233427 0.388184 0.781311 0.161502 -0.461284
1520530865.804604769 0.472194 2.225286 0.312393 0.389792 0.765811 0.187245 -0.475956
1520530865.854605675 0.462423 2.261874 0.395838 0.384634 0.749178 0.212956 -0.495418
1520530865.904607773 0.452810 2.284487 0.473832 0.378316 0.727538 0.237779 -0.520603
1520530865.954608679 0.439709 2.301894 0.559623 0.370352 0.707526 0.257137 -0.544175
1520530866.004610538 0.424905 2.306191 0.640764 0.360621 0.688508 0.273874 -0.566482
1520530866.054612875 0.403253 2.301967 0.719005 0.347601 0.672220 0.287295 -0.587159
1520530866.105678082 0.375201 2.286872 0.792750 0.332656 0.657618 0.296552 -0.607400
1520530866.155680418 0.346013 2.259281 0.846106 0.311056 0.644512 0.303146 -0.629246
1520530866.205681324 0.307140 2.220294 0.892720 -0.279053 -0.638246 -0.302539 0.650570
1520530866.255683422 0.267952 2.177801 0.923498 -0.234079 -0.639733 -0.292224 0.671233
1520530866.305685282 0.227716 2.124107 0.946370 -0.176257 -0.650709 -0.277862 0.684327
1520530866.355687380 0.189853 2.068652 0.956671 -0.113683 -0.668337 -0.255695 0.689218
1520530866.405688524 0.151435 1.998673 0.947448 0.059961 0.687053 0.229199 -0.686899
1520530866.455689192 0.123647 1.932597 0.931129 0.015606 0.707956 0.197787 -0.677816
1520530866.504818439 0.103452 1.873767 0.901663 -0.015167 0.732858 0.157073 -0.661829
1520530866.554819345 0.093883 1.792474 0.851849 -0.032198 0.759138 0.114914 -0.639896
1520530866.604821444 0.096248 1.730813 0.794064 -0.045705 0.784913 0.065254 -0.614463
1520530866.654822588 0.113673 1.691852 0.728782 -0.055170 0.807808 0.008369 -0.586799
1520530866.704824448 0.136877 1.654085 0.665310 -0.056818 0.827942 -0.044853 -0.556122
1520530866.754826307 0.163528 1.624749 0.599357 -0.048971 0.846307 -0.088872 -0.522942
1520530866.804827452 0.200669 1.607337 0.546049 -0.028799 0.864347 -0.125752 -0.486067
1520530866.854828358 0.244783 1.590190 0.484278 0.000725 0.880672 -0.149331 -0.449573
1520530866.903951168 0.303016 1.593765 0.419804 0.038281 0.895573 -0.167221 -0.410513
1520530866.953953266 0.363361 1.586878 0.360826 0.084286 0.910310 -0.167738 -0.368912
1520530867.003954172 0.430477 1.580637 0.305522 0.129893 0.924452 -0.153608 -0.323916
1520530867.053956270 0.504243 1.593808 0.250946 0.166141 0.937157 -0.128481 -0.278616
1520530867.103957415 0.586027 1.591251 0.202500 0.197719 0.948235 -0.086855 -0.232839
1520530867.153959274 0.680021 1.605789 0.146720 0.227021 0.955035 -0.041691 -0.186096
1520530867.203960419 0.680021 1.605789 0.146720 0.227021 0.955035 -0.041691 -0.186096
1520530867.253962278 0.758157 1.607558 0.102047 0.253148 0.957360 0.007173 -0.139022
1520530867.304045439 0.819435 1.613178 0.069534 0.271362 0.957061 0.047368 -0.090292
1520530867.354047298 0.911979 1.637449 0.068879 0.289829 0.952664 0.076045 -0.051456
1520530867.404049158 0.981968 1.639450 0.042493 0.304262 0.947509 0.097685 -0.010475
1520530867.454050303 1.013253 1.626152 0.020612 0.314707 0.942252 0.110910 0.028636
1520530867.504052401 1.032647 1.580975 0.015616 0.325492 0.936368 0.117520 0.058816
1520530867.554054260 1.060939 1.540810 0.007466 0.336435 0.931586 0.110033 0.082777
1520530867.604055405 1.102196 1.499708 -0.005210 0.344053 0.929530 0.087882 0.099392
1520530867.654056311 1.089842 1.427133 -0.000839 0.347290 0.929166 0.060185 0.111436
1520530867.705262184 1.087675 1.373104 -0.004626 0.352999 0.928648 0.005973 0.113878
1520530867.755264282 1.064620 1.303272 0.007224 0.358561 0.925961 -0.061549 0.101199
1520530867.805265188 1.036284 1.242279 0.018224 0.363230 0.918363 -0.138032 0.074974
1520530867.855267048 0.983786 1.192935 0.028887 0.364669 0.906166 -0.209728 0.043507
1520530867.905269384 0.930455 1.171035 0.039276 0.359293 0.893109 -0.270668 0.002132
1520530867.955270290 0.874984 1.151557 0.056424 0.350204 0.881684 -0.312628 -0.047472
1520530868.005272150 0.816370 1.141679 0.078421 0.340708 0.871764 -0.336958 -0.102006
1520530868.055273294 0.760718 1.148536 0.100483 0.330483 0.863702 -0.346351 -0.157609
1520530868.105275154 0.705731 1.170811 0.123481 0.320577 0.854843 -0.349683 -0.210227
1520530868.154267788 0.666133 1.196475 0.145865 0.309944 0.842475 -0.352695 -0.264153
1520530868.204268694 0.614622 1.241751 0.171916 0.297293 0.830141 -0.351671 -0.314341
1520530868.254269838 0.567378 1.282828 0.195129 0.284372 0.820361 -0.338808 -0.362421
1520530868.304271698 0.529876 1.337498 0.220859 0.270537 0.812800 -0.316085 -0.407745
1520530868.354272604 0.493543 1.404138 0.249771 0.258136 0.808746 -0.278892 -0.448904
1520530868.404274702 0.466687 1.475644 0.283026 0.254018 0.805786 -0.228951 -0.483493
1520530868.454276800 0.446942 1.552059 0.317882 0.260679 0.800788 -0.172941 -0.510761
1520530868.504277706 0.429812 1.635248 0.370537 0.274486 0.793719 -0.118473 -0.529747
1520530868.554019928 0.425043 1.707537 0.417939 0.291988 0.781410 -0.063689 -0.547800
1520530868.603940964 0.418954 1.772282 0.480404 0.304895 0.768105 -0.008530 -0.563010
1520530868.653942823 0.416254 1.847930 0.528984 0.313202 0.750993 0.038759 -0.580010
1520530868.703943729 0.416254 1.847930 0.528984 0.313202 0.750993 0.038759 -0.580010
1520530868.753946066 0.416254 1.847930 0.528984 0.313202 0.750993 0.038759 -0.580010
1520530868.803946733 0.416254 1.847930 0.528984 0.313202 0.750993 0.038759 -0.580010
1520530868.853948832 0.416254 1.847930 0.528984 0.313202 0.750993 0.038759 -0.580010
1520530868.903949976 0.416254 1.847930 0.528984 0.313202 0.750993 0.038759 -0.580010
1520530868.954710007 0.416254 1.847930 0.528984 0.313202 0.750993 0.038759 -0.580010
1520530869.004712343 0.398506 1.872509 0.581341 0.315565 0.727671 0.062924 -0.605768
1520530869.054713249 0.371845 1.890851 0.624990 0.307122 0.703955 0.074405 -0.636072
1520530869.104715109 0.346307 1.888459 0.674262 0.293892 0.682097 0.073469 -0.665562
1520530869.154716253 0.319235 1.869810 0.725742 -0.274106 -0.665439 -0.059695 0.691732
1520530869.204718113 0.304434 1.812852 0.771781 -0.249760 -0.651247 -0.041330 0.715395
1520530869.254719019 0.286376 1.748433 0.811253 -0.219623 -0.643836 -0.012036 0.732868
1520530869.304721355 0.270797 1.682561 0.850346 -0.182572 -0.641313 0.020815 0.744951
1520530869.355246544 0.258769 1.607403 0.874801 -0.138449 -0.641004 0.054693 0.752964
1520530869.405247211 0.248846 1.533757 0.902242 -0.090990 -0.645394 0.095488 0.752376
1520530869.455249310 0.252615 1.462778 0.892602 -0.046674 -0.647712 0.146124 0.746283
1520530869.505250454 0.259349 1.394195 0.884468 -0.008852 -0.654014 0.198111 0.730027
1520530869.555252314 0.279388 1.313467 0.855154 0.015725 -0.661295 0.246837 0.708176
1520530869.605253220 0.302803 1.252445 0.812522 0.036469 -0.667980 0.297021 0.681359
1520530869.655255318 0.332594 1.193416 0.760148 -0.047241 0.674875 -0.348460 -0.648758
1520530869.705257416 0.368761 1.155115 0.713209 -0.049913 0.685440 -0.394347 -0.610058
1520530869.754108667 0.405503 1.092901 0.665312 -0.037033 0.696760 -0.427451 -0.574839
1520530869.804110765 0.433155 1.074302 0.599690 -0.022909 0.710123 -0.451555 -0.539721
1520530869.854111910 0.472692 1.056058 0.542600 -0.000759 0.728214 -0.465365 -0.503130
1520530869.904113770 0.515383 1.041068 0.483598 0.020367 0.743479 -0.472748 -0.472581
1520530869.954115629 0.550638 1.023094 0.455242 0.036636 0.756464 -0.479821 -0.442935
1520530870.004116774 0.583581 1.003571 0.419520 0.047686 0.760527 -0.497558 -0.414440
1520530870.054117680 0.616380 0.989918 0.392632 0.059654 0.763402 -0.514464 -0.385986
1520530870.104119539 0.647534 0.977133 0.366592 0.079670 0.777070 -0.508665 -0.362043
1520530870.153995752 0.674510 0.985047 0.327734 0.100811 0.803647 -0.476338 -0.342184
1520530870.203977823 0.701434 0.991848 0.296081 0.122043 0.838464 -0.420158 -0.324886
1520530870.253979683 0.726598 1.010320 0.264208 0.139859 0.869362 -0.359221 -0.309208
1520530870.303980827 0.746008 1.033259 0.233602 0.152867 0.894786 -0.298964 -0.294297
1520530870.353982925 0.763990 1.046493 0.218609 0.163729 0.914931 -0.236224 -0.283360
1520530870.403983593 0.763990 1.046493 0.218609 0.163729 0.914931 -0.236224 -0.283360
1520530870.453985929 0.766584 1.069100 0.207045 0.173125 0.928052 -0.174381 -0.279889
1520530870.503986835 0.766584 1.069100 0.207045 0.173125 0.928052 -0.174381 -0.279889
1520530870.553988695 0.766584 1.069100 0.207045 0.173125 0.928052 -0.174381 -0.279889
1520530870.604328871 0.766584 1.069100 0.207045 0.173125 0.928052 -0.174381 -0.279889
1520530870.654329777 0.765511 1.063717 0.207296 0.175378 0.926359 -0.168569 -0.287550
1520530870.704331636 0.761181 1.056212 0.210133 0.168655 0.918821 -0.197661 -0.297074
1520530870.754332781 0.765395 1.026924 0.224003 0.155657 0.901577 -0.256001 -0.312079
1520530870.804334641 0.754951 0.996524 0.241037 0.133647 0.871334 -0.334433 -0.333270
1520530870.854335546 0.741443 0.981071 0.249458 0.104941 0.826303 -0.418220 -0.362356
1520530870.904337645 0.741569 0.951486 0.299499 0.081786 0.779420 -0.478070 -0.396565
1520530870.954338551 0.733514 0.946005 0.335147 0.068524 0.730914 -0.522011 -0.434251
1520530871.005245209 0.728510 0.934505 0.374276 0.073628 0.692067 -0.543694 -0.469061
1520530871.055247307 0.723243 0.936561 0.394174 0.091468 0.669314 -0.546392 -0.495085
1520530871.105249405 0.718630 0.939207 0.391414 0.116052 0.659979 -0.538291 -0.511079
1520530871.155250311 0.715766 0.944664 0.387802 0.139135 0.663696 -0.520740 -0.518631
1520530871.205252171 0.721831 0.947977 0.391282 0.158043 0.678553 -0.500734 -0.513667
1520530871.255253315 0.727771 0.952065 0.380875 0.165508 0.702999 -0.490715 -0.487441
1520530871.305255175 0.739585 0.948191 0.377254 0.162278 0.739035 -0.491705 -0.430951
1520530871.355257273 0.753048 0.941451 0.356723 0.147434 0.775646 -0.493835 -0.364366
1520530871.404156685 0.771239 0.951497 0.367444 0.125269 0.811994 -0.486065 -0.297851
1520530871.454157829 0.783432 0.962175 0.373377 0.094590 0.844737 -0.472849 -0.232134
1520530871.504159927 0.786836 0.978994 0.370668 0.057227 0.870377 -0.458424 -0.170343
1520530871.554161787 0.791139 0.992284 0.372667 0.023845 0.887914 -0.446719 -0.107159
1520530871.604162931 0.802124 1.008291 0.381392 -0.005399 0.899246 -0.434990 -0.045939
1520530871.654163837 0.813476 1.027718 0.379693 -0.026763 0.904347 -0.425822 0.010771
1520530871.704165936 0.820772 1.040515 0.384977 -0.038691 0.905733 -0.418710 0.053229
1520530871.754167795 0.817616 1.051673 0.391093 -0.040065 0.906693 -0.412225 0.079840
1520530871.804374695 0.802558 1.055427 0.396537 -0.028415 0.909240 -0.407512 0.080063
1520530871.854376793 0.781255 1.055918 0.397526 -0.004142 0.911483 -0.408524 0.047846
1520530871.904377699 0.746114 1.054612 0.395647 0.027677 0.908224 -0.417521 -0.006252
1520530871.954379559 0.699612 1.044429 0.406814 0.059655 0.897675 -0.430911 -0.070260
1520530872.004380703 0.657871 1.039230 0.420009 0.089004 0.877337 -0.450496 -0.139325
1520530872.054382801 0.626321 1.032896 0.433718 0.109895 0.849050 -0.473251 -0.207538
1520530872.104383469 0.594765 1.024364 0.455938 0.115855 0.818097 -0.495789 -0.267372
1520530872.154385805 0.574959 1.023475 0.477710 0.113803 0.788644 -0.516959 -0.312800
1520530872.204461336 0.554476 1.019464 0.492376 0.107934 0.761198 -0.540567 -0.341636
1520530872.254462242 0.540938 1.014754 0.514472 0.100271 0.733851 -0.565977 -0.362047
1520530872.304464340 0.527201 1.014913 0.535244 0.093180 0.707034 -0.590570 -0.377688
1520530872.354465485 0.511710 1.021702 0.549987 0.084104 0.685298 -0.609431 -0.389726
1520530872.404467344 0.497622 1.027334 0.562493 0.066649 0.675246 -0.608064 -0.412140
1520530872.454468250 0.487975 1.040335 0.564453 0.031050 0.677415 -0.589125 -0.439404
1520530872.504470348 0.481116 1.054621 0.564173 -0.017312 0.688278 -0.556655 -0.464876
1520530872.554471254 0.477421 1.069938 0.566451 -0.070386 0.706044 -0.516372 -0.479487
1520530872.604473114 0.473009 1.083906 0.575753 -0.122754 0.726212 -0.472464 -0.484072
1520530872.654146194 0.474053 1.094904 0.569980 -0.178884 0.738411 -0.429684 -0.487977
1520530872.704148054 0.484994 1.106647 0.582815 -0.230965 0.750034 -0.388089 -0.483210
1520530872.754149199 0.500829 1.115632 0.563919 -0.280489 0.751707 -0.356462 -0.478745
1520530872.804151058 0.519340 1.130505 0.552189 -0.328130 0.753255 -0.327126 -0.466825
1520530872.854152203 0.535978 1.139737 0.535998 -0.366207 0.758096 -0.302824 -0.446633
1520530872.904153109 0.555534 1.155152 0.515124 -0.387648 0.773190 -0.283835 -0.413938
1520530872.954156160 0.577463 1.178367 0.477916 -0.384639 0.795803 -0.277005 -0.376853
1520530873.004157305 0.602870 1.192229 0.451108 -0.366806 0.825043 -0.276520 -0.329081
1520530873.054336071 0.636116 1.208035 0.422575 -0.337035 0.852899 -0.285017 -0.278813
1520530873.104337931 0.673255 1.216706 0.406745 -0.299081 0.876589 -0.296922 -0.232336
1520530873.154339075 0.711418 1.221026 0.394944 -0.252989 0.896406 -0.309670 -0.191198
1520530873.204341173 0.739114 1.226804 0.388380 -0.200742 0.911987 -0.322255 -0.155351
1520530873.254342318 0.765700 1.221726 0.381707 -0.141292 0.923542 -0.334041 -0.124593
1520530873.304344177 0.790758 1.217007 0.378211 -0.074159 0.930722 -0.345245 -0.095202
1520530873.354346037 0.807277 1.206923 0.382597 -0.001973 0.932458 -0.354708 -0.068552
1520530873.404404163 0.815557 1.196710 0.387384 0.071121 0.926803 -0.365773 -0.046786
1520530873.454876423 0.813026 1.188893 0.393109 0.138712 0.914953 -0.377004 -0.038574
1520530873.504877329 0.795641 1.183480 0.401351 0.206386 0.897650 -0.387626 -0.037075
1520530873.554879427 0.777668 1.178143 0.408613 0.264382 0.877200 -0.397185 -0.053547
1520530873.604880571 0.739611 1.182209 0.410037 0.313892 0.853241 -0.408463 -0.081306
1520530873.654882431 0.691988 1.191714 0.405561 0.349647 0.828422 -0.420807 -0.119940
1520530873.704883575 0.644857 1.204051 0.401356 0.366891 0.806005 -0.431114 -0.172878
1520530873.754885435 0.604187 1.213255 0.413828 0.367943 0.786594 -0.438046 -0.232386
1520530873.804887295 0.557607 1.244839 0.415898 0.348127 0.769405 -0.448948 -0.292009
1520530873.854907274 0.509013 1.263208 0.434694 0.315850 0.754468 -0.456570 -0.350087
1520530873.904909372 0.477277 1.278987 0.465859 0.272379 0.742338 -0.462621 -0.400905
1520530873.954910278 0.453186 1.279463 0.482259 0.221202 0.729145 -0.470429 -0.445099
1520530874.004912138 0.429361 1.288398 0.514154 0.165195 0.719026 -0.479586 -0.475089
1520530874.054913282 0.420043 1.284662 0.524420 0.110092 0.707792 -0.492694 -0.494128
1520530874.104915380 0.420736 1.274798 0.534727 0.058941 0.696816 -0.507188 -0.503720
1520530874.154917240 0.432576 1.272046 0.539757 0.012422 0.691319 -0.521692 -0.499761
1520530874.204918385 0.446122 1.272734 0.530070 -0.027033 0.684059 -0.537651 -0.492204
1520530874.254431486 0.469804 1.267651 0.519877 -0.058683 0.682260 -0.552276 -0.475468
1520530874.304432392 0.492528 1.268656 0.504147 -0.076069 0.682743 -0.566786 -0.454785
1520530874.354434490 0.514124 1.273678 0.477409 -0.086299 0.683483 -0.575348 -0.440884
1520530874.404436588 0.532918 1.273964 0.454982 -0.090227 0.687384 -0.576615 -0.432293
1520530874.454437494 0.558651 1.279172 0.434407 -0.090717 0.697254 -0.572187 -0.422150
1520530874.504439354 0.586502 1.282772 0.411194 -0.092475 0.711503 -0.563762 -0.409125
1520530874.554441452 0.608378 1.288605 0.390952 -0.093691 0.727212 -0.558119 -0.388444
1520530874.604442358 0.639938 1.290593 0.367607 -0.093068 0.744912 -0.548517 -0.368204
1520530874.654208899 0.661972 1.294640 0.352645 -0.094374 0.759022 -0.537560 -0.354976
1520530874.704210758 0.683279 1.293723 0.334100 -0.086122 0.769518 -0.531165 -0.343932
1520530874.754211903 0.713267 1.295282 0.321294 -0.079325 0.779125 -0.522448 -0.337224
1520530874.804213762 0.748688 1.296696 0.302732 -0.072938 0.785238 -0.515423 -0.335292
1520530874.854215860 0.766224 1.296768 0.289599 -0.065411 0.792634 -0.510630 -0.326665
1520530874.904217005 0.791966 1.306042 0.283162 -0.059607 0.803708 -0.500126 -0.316820
1520530874.954218864 0.819054 1.307256 0.284655 -0.055997 0.811808 -0.490935 -0.311152
1520530875.004220009 0.844373 1.308101 0.269302 -0.047426 0.812601 -0.493620 -0.306218
1520530875.054221869 0.861246 1.307372 0.256323 -0.040424 0.810217 -0.496492 -0.308886
1520530875.104334593 0.884411 1.304900 0.254559 -0.033767 0.807748 -0.499213 -0.311752
1520530875.154336929 0.917626 1.295759 0.253914 -0.022499 0.804707 -0.504752 -0.311715
1520530875.204337835 0.931598 1.297731 0.243993 -0.018987 0.803586 -0.505910 -0.312960
1520530875.254339695 0.944895 1.299660 0.241038 -0.018821 0.803772 -0.505488 -0.313174
1520530875.304340839 0.963750 1.299507 0.229957 -0.020117 0.804780 -0.506726 -0.308469
1520530875.354342699 0.990212 1.292504 0.224716 -0.020175 0.808941 -0.503439 -0.302915
1520530875.404344559 1.007397 1.293476 0.210552 -0.018332 0.817115 -0.493598 -0.297235
1520530875.454345942 1.028606 1.291810 0.209843 -0.013651 0.828889 -0.477144 -0.291702
